[2024-12-03T15:07:52.233+0000] {processor.py:154} INFO - Started process (PID=92) to work on /home/airflow/.local/lib/python3.7/site-packages/airflow/example_dags/example_external_task_marker_dag.py
[2024-12-03T15:07:52.236+0000] {processor.py:756} INFO - Processing file /home/airflow/.local/lib/python3.7/site-packages/airflow/example_dags/example_external_task_marker_dag.py for tasks to queue
[2024-12-03T15:07:52.238+0000] {logging_mixin.py:120} INFO - [2024-12-03T15:07:52.237+0000] {dagbag.py:537} INFO - Filling up the DagBag from /home/airflow/.local/lib/python3.7/site-packages/airflow/example_dags/example_external_task_marker_dag.py
[2024-12-03T15:07:52.267+0000] {processor.py:766} INFO - DAG(s) dict_keys(['example_external_task_marker_parent', 'example_external_task_marker_child']) retrieved from /home/airflow/.local/lib/python3.7/site-packages/airflow/example_dags/example_external_task_marker_dag.py
[2024-12-03T15:07:52.519+0000] {logging_mixin.py:120} INFO - [2024-12-03T15:07:52.519+0000] {manager.py:507} INFO - Created Permission View: can read on DAG:example_external_task_marker_parent
[2024-12-03T15:07:52.550+0000] {logging_mixin.py:120} INFO - [2024-12-03T15:07:52.549+0000] {manager.py:507} INFO - Created Permission View: can delete on DAG:example_external_task_marker_parent
[2024-12-03T15:07:52.579+0000] {logging_mixin.py:120} INFO - [2024-12-03T15:07:52.578+0000] {manager.py:507} INFO - Created Permission View: can edit on DAG:example_external_task_marker_parent
[2024-12-03T15:07:53.457+0000] {logging_mixin.py:120} INFO - [2024-12-03T15:07:53.456+0000] {manager.py:507} INFO - Created Permission View: can read on DAG:example_external_task_marker_child
[2024-12-03T15:07:53.489+0000] {logging_mixin.py:120} INFO - [2024-12-03T15:07:53.488+0000] {manager.py:507} INFO - Created Permission View: can delete on DAG:example_external_task_marker_child
[2024-12-03T15:07:53.521+0000] {logging_mixin.py:120} INFO - [2024-12-03T15:07:53.521+0000] {manager.py:507} INFO - Created Permission View: can edit on DAG:example_external_task_marker_child
[2024-12-03T15:07:53.523+0000] {logging_mixin.py:120} INFO - [2024-12-03T15:07:53.522+0000] {dag.py:2585} INFO - Sync 2 DAGs
[2024-12-03T15:07:53.589+0000] {logging_mixin.py:120} INFO - [2024-12-03T15:07:53.589+0000] {dag.py:2606} INFO - Creating ORM DAG for example_external_task_marker_child
[2024-12-03T15:07:53.594+0000] {logging_mixin.py:120} INFO - [2024-12-03T15:07:53.593+0000] {dag.py:2606} INFO - Creating ORM DAG for example_external_task_marker_parent
[2024-12-03T15:07:53.648+0000] {logging_mixin.py:120} INFO - [2024-12-03T15:07:53.647+0000] {dag.py:3340} INFO - Setting next_dagrun for example_external_task_marker_child to None, run_after=None
[2024-12-03T15:07:53.651+0000] {logging_mixin.py:120} INFO - [2024-12-03T15:07:53.650+0000] {dag.py:3340} INFO - Setting next_dagrun for example_external_task_marker_parent to None, run_after=None
[2024-12-03T15:07:53.719+0000] {processor.py:176} INFO - Processing /home/airflow/.local/lib/python3.7/site-packages/airflow/example_dags/example_external_task_marker_dag.py took 1.492 seconds
[2024-12-03T15:08:24.459+0000] {processor.py:154} INFO - Started process (PID=148) to work on /home/airflow/.local/lib/python3.7/site-packages/airflow/example_dags/example_external_task_marker_dag.py
[2024-12-03T15:08:24.462+0000] {processor.py:756} INFO - Processing file /home/airflow/.local/lib/python3.7/site-packages/airflow/example_dags/example_external_task_marker_dag.py for tasks to queue
[2024-12-03T15:08:24.465+0000] {logging_mixin.py:120} INFO - [2024-12-03T15:08:24.465+0000] {dagbag.py:537} INFO - Filling up the DagBag from /home/airflow/.local/lib/python3.7/site-packages/airflow/example_dags/example_external_task_marker_dag.py
[2024-12-03T15:08:24.509+0000] {processor.py:766} INFO - DAG(s) dict_keys(['example_external_task_marker_child', 'example_external_task_marker_parent']) retrieved from /home/airflow/.local/lib/python3.7/site-packages/airflow/example_dags/example_external_task_marker_dag.py
[2024-12-03T15:08:24.928+0000] {logging_mixin.py:120} INFO - [2024-12-03T15:08:24.928+0000] {dag.py:2585} INFO - Sync 2 DAGs
[2024-12-03T15:08:24.981+0000] {logging_mixin.py:120} INFO - [2024-12-03T15:08:24.981+0000] {dag.py:3340} INFO - Setting next_dagrun for example_external_task_marker_child to None, run_after=None
[2024-12-03T15:08:24.989+0000] {logging_mixin.py:120} INFO - [2024-12-03T15:08:24.989+0000] {dag.py:3340} INFO - Setting next_dagrun for example_external_task_marker_parent to None, run_after=None
[2024-12-03T15:08:25.030+0000] {processor.py:176} INFO - Processing /home/airflow/.local/lib/python3.7/site-packages/airflow/example_dags/example_external_task_marker_dag.py took 0.576 seconds
[2024-12-03T15:08:55.427+0000] {processor.py:154} INFO - Started process (PID=206) to work on /home/airflow/.local/lib/python3.7/site-packages/airflow/example_dags/example_external_task_marker_dag.py
[2024-12-03T15:08:55.429+0000] {processor.py:756} INFO - Processing file /home/airflow/.local/lib/python3.7/site-packages/airflow/example_dags/example_external_task_marker_dag.py for tasks to queue
[2024-12-03T15:08:55.432+0000] {logging_mixin.py:120} INFO - [2024-12-03T15:08:55.431+0000] {dagbag.py:537} INFO - Filling up the DagBag from /home/airflow/.local/lib/python3.7/site-packages/airflow/example_dags/example_external_task_marker_dag.py
[2024-12-03T15:08:55.460+0000] {processor.py:766} INFO - DAG(s) dict_keys(['example_external_task_marker_child', 'example_external_task_marker_parent']) retrieved from /home/airflow/.local/lib/python3.7/site-packages/airflow/example_dags/example_external_task_marker_dag.py
[2024-12-03T15:08:56.284+0000] {logging_mixin.py:120} INFO - [2024-12-03T15:08:56.283+0000] {dag.py:2585} INFO - Sync 2 DAGs
[2024-12-03T15:08:56.378+0000] {logging_mixin.py:120} INFO - [2024-12-03T15:08:56.378+0000] {dag.py:3340} INFO - Setting next_dagrun for example_external_task_marker_child to None, run_after=None
[2024-12-03T15:08:56.389+0000] {logging_mixin.py:120} INFO - [2024-12-03T15:08:56.388+0000] {dag.py:3340} INFO - Setting next_dagrun for example_external_task_marker_parent to None, run_after=None
[2024-12-03T15:08:56.426+0000] {processor.py:176} INFO - Processing /home/airflow/.local/lib/python3.7/site-packages/airflow/example_dags/example_external_task_marker_dag.py took 1.004 seconds
[2024-12-03T15:09:27.118+0000] {processor.py:154} INFO - Started process (PID=270) to work on /home/airflow/.local/lib/python3.7/site-packages/airflow/example_dags/example_external_task_marker_dag.py
[2024-12-03T15:09:27.123+0000] {processor.py:756} INFO - Processing file /home/airflow/.local/lib/python3.7/site-packages/airflow/example_dags/example_external_task_marker_dag.py for tasks to queue
[2024-12-03T15:09:27.126+0000] {logging_mixin.py:120} INFO - [2024-12-03T15:09:27.126+0000] {dagbag.py:537} INFO - Filling up the DagBag from /home/airflow/.local/lib/python3.7/site-packages/airflow/example_dags/example_external_task_marker_dag.py
[2024-12-03T15:09:27.175+0000] {processor.py:766} INFO - DAG(s) dict_keys(['example_external_task_marker_child', 'example_external_task_marker_parent']) retrieved from /home/airflow/.local/lib/python3.7/site-packages/airflow/example_dags/example_external_task_marker_dag.py
[2024-12-03T15:09:28.328+0000] {logging_mixin.py:120} INFO - [2024-12-03T15:09:28.328+0000] {dag.py:2585} INFO - Sync 2 DAGs
[2024-12-03T15:09:28.428+0000] {logging_mixin.py:120} INFO - [2024-12-03T15:09:28.427+0000] {dag.py:3340} INFO - Setting next_dagrun for example_external_task_marker_child to None, run_after=None
[2024-12-03T15:09:28.450+0000] {logging_mixin.py:120} INFO - [2024-12-03T15:09:28.449+0000] {dag.py:3340} INFO - Setting next_dagrun for example_external_task_marker_parent to None, run_after=None
[2024-12-03T15:09:28.529+0000] {processor.py:176} INFO - Processing /home/airflow/.local/lib/python3.7/site-packages/airflow/example_dags/example_external_task_marker_dag.py took 1.426 seconds
[2024-12-03T15:09:59.512+0000] {processor.py:154} INFO - Started process (PID=325) to work on /home/airflow/.local/lib/python3.7/site-packages/airflow/example_dags/example_external_task_marker_dag.py
[2024-12-03T15:09:59.514+0000] {processor.py:756} INFO - Processing file /home/airflow/.local/lib/python3.7/site-packages/airflow/example_dags/example_external_task_marker_dag.py for tasks to queue
[2024-12-03T15:09:59.516+0000] {logging_mixin.py:120} INFO - [2024-12-03T15:09:59.516+0000] {dagbag.py:537} INFO - Filling up the DagBag from /home/airflow/.local/lib/python3.7/site-packages/airflow/example_dags/example_external_task_marker_dag.py
[2024-12-03T15:09:59.537+0000] {processor.py:766} INFO - DAG(s) dict_keys(['example_external_task_marker_parent', 'example_external_task_marker_child']) retrieved from /home/airflow/.local/lib/python3.7/site-packages/airflow/example_dags/example_external_task_marker_dag.py
[2024-12-03T15:09:59.857+0000] {logging_mixin.py:120} INFO - [2024-12-03T15:09:59.857+0000] {dag.py:2585} INFO - Sync 2 DAGs
[2024-12-03T15:09:59.905+0000] {logging_mixin.py:120} INFO - [2024-12-03T15:09:59.905+0000] {dag.py:3340} INFO - Setting next_dagrun for example_external_task_marker_child to None, run_after=None
[2024-12-03T15:09:59.914+0000] {logging_mixin.py:120} INFO - [2024-12-03T15:09:59.914+0000] {dag.py:3340} INFO - Setting next_dagrun for example_external_task_marker_parent to None, run_after=None
[2024-12-03T15:09:59.953+0000] {processor.py:176} INFO - Processing /home/airflow/.local/lib/python3.7/site-packages/airflow/example_dags/example_external_task_marker_dag.py took 0.445 seconds
[2024-12-03T15:10:30.913+0000] {processor.py:154} INFO - Started process (PID=390) to work on /home/airflow/.local/lib/python3.7/site-packages/airflow/example_dags/example_external_task_marker_dag.py
[2024-12-03T15:10:30.917+0000] {processor.py:756} INFO - Processing file /home/airflow/.local/lib/python3.7/site-packages/airflow/example_dags/example_external_task_marker_dag.py for tasks to queue
[2024-12-03T15:10:30.919+0000] {logging_mixin.py:120} INFO - [2024-12-03T15:10:30.918+0000] {dagbag.py:537} INFO - Filling up the DagBag from /home/airflow/.local/lib/python3.7/site-packages/airflow/example_dags/example_external_task_marker_dag.py
[2024-12-03T15:10:30.945+0000] {processor.py:766} INFO - DAG(s) dict_keys(['example_external_task_marker_parent', 'example_external_task_marker_child']) retrieved from /home/airflow/.local/lib/python3.7/site-packages/airflow/example_dags/example_external_task_marker_dag.py
[2024-12-03T15:10:31.251+0000] {logging_mixin.py:120} INFO - [2024-12-03T15:10:31.251+0000] {dag.py:2585} INFO - Sync 2 DAGs
[2024-12-03T15:10:31.311+0000] {logging_mixin.py:120} INFO - [2024-12-03T15:10:31.311+0000] {dag.py:3340} INFO - Setting next_dagrun for example_external_task_marker_child to None, run_after=None
[2024-12-03T15:10:31.318+0000] {logging_mixin.py:120} INFO - [2024-12-03T15:10:31.318+0000] {dag.py:3340} INFO - Setting next_dagrun for example_external_task_marker_parent to None, run_after=None
[2024-12-03T15:10:31.354+0000] {processor.py:176} INFO - Processing /home/airflow/.local/lib/python3.7/site-packages/airflow/example_dags/example_external_task_marker_dag.py took 0.447 seconds
[2024-12-03T15:11:01.443+0000] {processor.py:154} INFO - Started process (PID=445) to work on /home/airflow/.local/lib/python3.7/site-packages/airflow/example_dags/example_external_task_marker_dag.py
[2024-12-03T15:11:01.445+0000] {processor.py:756} INFO - Processing file /home/airflow/.local/lib/python3.7/site-packages/airflow/example_dags/example_external_task_marker_dag.py for tasks to queue
[2024-12-03T15:11:01.447+0000] {logging_mixin.py:120} INFO - [2024-12-03T15:11:01.447+0000] {dagbag.py:537} INFO - Filling up the DagBag from /home/airflow/.local/lib/python3.7/site-packages/airflow/example_dags/example_external_task_marker_dag.py
[2024-12-03T15:11:01.482+0000] {processor.py:766} INFO - DAG(s) dict_keys(['example_external_task_marker_parent', 'example_external_task_marker_child']) retrieved from /home/airflow/.local/lib/python3.7/site-packages/airflow/example_dags/example_external_task_marker_dag.py
[2024-12-03T15:11:01.935+0000] {logging_mixin.py:120} INFO - [2024-12-03T15:11:01.934+0000] {dag.py:2585} INFO - Sync 2 DAGs
[2024-12-03T15:11:01.987+0000] {logging_mixin.py:120} INFO - [2024-12-03T15:11:01.987+0000] {dag.py:3340} INFO - Setting next_dagrun for example_external_task_marker_child to None, run_after=None
[2024-12-03T15:11:01.994+0000] {logging_mixin.py:120} INFO - [2024-12-03T15:11:01.994+0000] {dag.py:3340} INFO - Setting next_dagrun for example_external_task_marker_parent to None, run_after=None
[2024-12-03T15:11:02.036+0000] {processor.py:176} INFO - Processing /home/airflow/.local/lib/python3.7/site-packages/airflow/example_dags/example_external_task_marker_dag.py took 0.597 seconds
[2024-12-03T15:11:32.545+0000] {processor.py:154} INFO - Started process (PID=510) to work on /home/airflow/.local/lib/python3.7/site-packages/airflow/example_dags/example_external_task_marker_dag.py
[2024-12-03T15:11:32.547+0000] {processor.py:756} INFO - Processing file /home/airflow/.local/lib/python3.7/site-packages/airflow/example_dags/example_external_task_marker_dag.py for tasks to queue
[2024-12-03T15:11:32.555+0000] {logging_mixin.py:120} INFO - [2024-12-03T15:11:32.554+0000] {dagbag.py:537} INFO - Filling up the DagBag from /home/airflow/.local/lib/python3.7/site-packages/airflow/example_dags/example_external_task_marker_dag.py
[2024-12-03T15:11:32.626+0000] {processor.py:766} INFO - DAG(s) dict_keys(['example_external_task_marker_parent', 'example_external_task_marker_child']) retrieved from /home/airflow/.local/lib/python3.7/site-packages/airflow/example_dags/example_external_task_marker_dag.py
[2024-12-03T15:11:33.226+0000] {logging_mixin.py:120} INFO - [2024-12-03T15:11:33.226+0000] {dag.py:2585} INFO - Sync 2 DAGs
[2024-12-03T15:11:33.315+0000] {logging_mixin.py:120} INFO - [2024-12-03T15:11:33.315+0000] {dag.py:3340} INFO - Setting next_dagrun for example_external_task_marker_child to None, run_after=None
[2024-12-03T15:11:33.328+0000] {logging_mixin.py:120} INFO - [2024-12-03T15:11:33.328+0000] {dag.py:3340} INFO - Setting next_dagrun for example_external_task_marker_parent to None, run_after=None
[2024-12-03T15:11:33.395+0000] {processor.py:176} INFO - Processing /home/airflow/.local/lib/python3.7/site-packages/airflow/example_dags/example_external_task_marker_dag.py took 0.856 seconds
[2024-12-03T15:12:03.574+0000] {processor.py:154} INFO - Started process (PID=565) to work on /home/airflow/.local/lib/python3.7/site-packages/airflow/example_dags/example_external_task_marker_dag.py
[2024-12-03T15:12:03.575+0000] {processor.py:756} INFO - Processing file /home/airflow/.local/lib/python3.7/site-packages/airflow/example_dags/example_external_task_marker_dag.py for tasks to queue
[2024-12-03T15:12:03.577+0000] {logging_mixin.py:120} INFO - [2024-12-03T15:12:03.577+0000] {dagbag.py:537} INFO - Filling up the DagBag from /home/airflow/.local/lib/python3.7/site-packages/airflow/example_dags/example_external_task_marker_dag.py
[2024-12-03T15:12:03.596+0000] {processor.py:766} INFO - DAG(s) dict_keys(['example_external_task_marker_parent', 'example_external_task_marker_child']) retrieved from /home/airflow/.local/lib/python3.7/site-packages/airflow/example_dags/example_external_task_marker_dag.py
[2024-12-03T15:12:03.886+0000] {logging_mixin.py:120} INFO - [2024-12-03T15:12:03.886+0000] {dag.py:2585} INFO - Sync 2 DAGs
[2024-12-03T15:12:03.925+0000] {logging_mixin.py:120} INFO - [2024-12-03T15:12:03.924+0000] {dag.py:3340} INFO - Setting next_dagrun for example_external_task_marker_child to None, run_after=None
[2024-12-03T15:12:03.932+0000] {logging_mixin.py:120} INFO - [2024-12-03T15:12:03.932+0000] {dag.py:3340} INFO - Setting next_dagrun for example_external_task_marker_parent to None, run_after=None
[2024-12-03T15:12:03.963+0000] {processor.py:176} INFO - Processing /home/airflow/.local/lib/python3.7/site-packages/airflow/example_dags/example_external_task_marker_dag.py took 0.394 seconds
[2024-12-03T15:12:34.110+0000] {processor.py:154} INFO - Started process (PID=620) to work on /home/airflow/.local/lib/python3.7/site-packages/airflow/example_dags/example_external_task_marker_dag.py
[2024-12-03T15:12:34.112+0000] {processor.py:756} INFO - Processing file /home/airflow/.local/lib/python3.7/site-packages/airflow/example_dags/example_external_task_marker_dag.py for tasks to queue
[2024-12-03T15:12:34.114+0000] {logging_mixin.py:120} INFO - [2024-12-03T15:12:34.114+0000] {dagbag.py:537} INFO - Filling up the DagBag from /home/airflow/.local/lib/python3.7/site-packages/airflow/example_dags/example_external_task_marker_dag.py
[2024-12-03T15:12:34.138+0000] {processor.py:766} INFO - DAG(s) dict_keys(['example_external_task_marker_child', 'example_external_task_marker_parent']) retrieved from /home/airflow/.local/lib/python3.7/site-packages/airflow/example_dags/example_external_task_marker_dag.py
[2024-12-03T15:12:34.512+0000] {logging_mixin.py:120} INFO - [2024-12-03T15:12:34.511+0000] {dag.py:2585} INFO - Sync 2 DAGs
[2024-12-03T15:12:34.560+0000] {logging_mixin.py:120} INFO - [2024-12-03T15:12:34.560+0000] {dag.py:3340} INFO - Setting next_dagrun for example_external_task_marker_child to None, run_after=None
[2024-12-03T15:12:34.569+0000] {logging_mixin.py:120} INFO - [2024-12-03T15:12:34.569+0000] {dag.py:3340} INFO - Setting next_dagrun for example_external_task_marker_parent to None, run_after=None
[2024-12-03T15:12:34.608+0000] {processor.py:176} INFO - Processing /home/airflow/.local/lib/python3.7/site-packages/airflow/example_dags/example_external_task_marker_dag.py took 0.503 seconds
[2024-12-03T15:13:04.857+0000] {processor.py:154} INFO - Started process (PID=684) to work on /home/airflow/.local/lib/python3.7/site-packages/airflow/example_dags/example_external_task_marker_dag.py
[2024-12-03T15:13:04.859+0000] {processor.py:756} INFO - Processing file /home/airflow/.local/lib/python3.7/site-packages/airflow/example_dags/example_external_task_marker_dag.py for tasks to queue
[2024-12-03T15:13:04.861+0000] {logging_mixin.py:120} INFO - [2024-12-03T15:13:04.861+0000] {dagbag.py:537} INFO - Filling up the DagBag from /home/airflow/.local/lib/python3.7/site-packages/airflow/example_dags/example_external_task_marker_dag.py
[2024-12-03T15:13:04.890+0000] {processor.py:766} INFO - DAG(s) dict_keys(['example_external_task_marker_parent', 'example_external_task_marker_child']) retrieved from /home/airflow/.local/lib/python3.7/site-packages/airflow/example_dags/example_external_task_marker_dag.py
[2024-12-03T15:13:05.296+0000] {logging_mixin.py:120} INFO - [2024-12-03T15:13:05.296+0000] {dag.py:2585} INFO - Sync 2 DAGs
[2024-12-03T15:13:05.344+0000] {logging_mixin.py:120} INFO - [2024-12-03T15:13:05.344+0000] {dag.py:3340} INFO - Setting next_dagrun for example_external_task_marker_child to None, run_after=None
[2024-12-03T15:13:05.352+0000] {logging_mixin.py:120} INFO - [2024-12-03T15:13:05.352+0000] {dag.py:3340} INFO - Setting next_dagrun for example_external_task_marker_parent to None, run_after=None
[2024-12-03T15:13:05.400+0000] {processor.py:176} INFO - Processing /home/airflow/.local/lib/python3.7/site-packages/airflow/example_dags/example_external_task_marker_dag.py took 0.547 seconds
[2024-12-03T15:13:35.857+0000] {processor.py:154} INFO - Started process (PID=740) to work on /home/airflow/.local/lib/python3.7/site-packages/airflow/example_dags/example_external_task_marker_dag.py
[2024-12-03T15:13:35.859+0000] {processor.py:756} INFO - Processing file /home/airflow/.local/lib/python3.7/site-packages/airflow/example_dags/example_external_task_marker_dag.py for tasks to queue
[2024-12-03T15:13:35.861+0000] {logging_mixin.py:120} INFO - [2024-12-03T15:13:35.861+0000] {dagbag.py:537} INFO - Filling up the DagBag from /home/airflow/.local/lib/python3.7/site-packages/airflow/example_dags/example_external_task_marker_dag.py
[2024-12-03T15:13:35.901+0000] {processor.py:766} INFO - DAG(s) dict_keys(['example_external_task_marker_parent', 'example_external_task_marker_child']) retrieved from /home/airflow/.local/lib/python3.7/site-packages/airflow/example_dags/example_external_task_marker_dag.py
[2024-12-03T15:13:36.316+0000] {logging_mixin.py:120} INFO - [2024-12-03T15:13:36.316+0000] {dag.py:2585} INFO - Sync 2 DAGs
[2024-12-03T15:13:36.375+0000] {logging_mixin.py:120} INFO - [2024-12-03T15:13:36.375+0000] {dag.py:3340} INFO - Setting next_dagrun for example_external_task_marker_child to None, run_after=None
[2024-12-03T15:13:36.383+0000] {logging_mixin.py:120} INFO - [2024-12-03T15:13:36.383+0000] {dag.py:3340} INFO - Setting next_dagrun for example_external_task_marker_parent to None, run_after=None
[2024-12-03T15:13:36.437+0000] {processor.py:176} INFO - Processing /home/airflow/.local/lib/python3.7/site-packages/airflow/example_dags/example_external_task_marker_dag.py took 0.585 seconds
[2024-12-03T15:14:06.626+0000] {processor.py:154} INFO - Started process (PID=804) to work on /home/airflow/.local/lib/python3.7/site-packages/airflow/example_dags/example_external_task_marker_dag.py
[2024-12-03T15:14:06.630+0000] {processor.py:756} INFO - Processing file /home/airflow/.local/lib/python3.7/site-packages/airflow/example_dags/example_external_task_marker_dag.py for tasks to queue
[2024-12-03T15:14:06.634+0000] {logging_mixin.py:120} INFO - [2024-12-03T15:14:06.633+0000] {dagbag.py:537} INFO - Filling up the DagBag from /home/airflow/.local/lib/python3.7/site-packages/airflow/example_dags/example_external_task_marker_dag.py
[2024-12-03T15:14:06.816+0000] {processor.py:766} INFO - DAG(s) dict_keys(['example_external_task_marker_parent', 'example_external_task_marker_child']) retrieved from /home/airflow/.local/lib/python3.7/site-packages/airflow/example_dags/example_external_task_marker_dag.py
[2024-12-03T15:14:07.201+0000] {logging_mixin.py:120} INFO - [2024-12-03T15:14:07.200+0000] {dag.py:2585} INFO - Sync 2 DAGs
[2024-12-03T15:14:07.355+0000] {logging_mixin.py:120} INFO - [2024-12-03T15:14:07.355+0000] {dag.py:3340} INFO - Setting next_dagrun for example_external_task_marker_child to None, run_after=None
[2024-12-03T15:14:07.365+0000] {logging_mixin.py:120} INFO - [2024-12-03T15:14:07.365+0000] {dag.py:3340} INFO - Setting next_dagrun for example_external_task_marker_parent to None, run_after=None
[2024-12-03T15:14:07.452+0000] {processor.py:176} INFO - Processing /home/airflow/.local/lib/python3.7/site-packages/airflow/example_dags/example_external_task_marker_dag.py took 0.868 seconds
[2024-12-03T15:14:37.840+0000] {processor.py:154} INFO - Started process (PID=859) to work on /home/airflow/.local/lib/python3.7/site-packages/airflow/example_dags/example_external_task_marker_dag.py
[2024-12-03T15:14:37.845+0000] {processor.py:756} INFO - Processing file /home/airflow/.local/lib/python3.7/site-packages/airflow/example_dags/example_external_task_marker_dag.py for tasks to queue
[2024-12-03T15:14:37.847+0000] {logging_mixin.py:120} INFO - [2024-12-03T15:14:37.846+0000] {dagbag.py:537} INFO - Filling up the DagBag from /home/airflow/.local/lib/python3.7/site-packages/airflow/example_dags/example_external_task_marker_dag.py
[2024-12-03T15:14:37.881+0000] {processor.py:766} INFO - DAG(s) dict_keys(['example_external_task_marker_parent', 'example_external_task_marker_child']) retrieved from /home/airflow/.local/lib/python3.7/site-packages/airflow/example_dags/example_external_task_marker_dag.py
[2024-12-03T15:14:39.079+0000] {logging_mixin.py:120} INFO - [2024-12-03T15:14:39.079+0000] {dag.py:2585} INFO - Sync 2 DAGs
[2024-12-03T15:14:39.128+0000] {logging_mixin.py:120} INFO - [2024-12-03T15:14:39.128+0000] {dag.py:3340} INFO - Setting next_dagrun for example_external_task_marker_child to None, run_after=None
[2024-12-03T15:14:39.144+0000] {logging_mixin.py:120} INFO - [2024-12-03T15:14:39.143+0000] {dag.py:3340} INFO - Setting next_dagrun for example_external_task_marker_parent to None, run_after=None
[2024-12-03T15:14:39.195+0000] {processor.py:176} INFO - Processing /home/airflow/.local/lib/python3.7/site-packages/airflow/example_dags/example_external_task_marker_dag.py took 1.363 seconds
[2024-12-03T15:15:09.532+0000] {processor.py:154} INFO - Started process (PID=914) to work on /home/airflow/.local/lib/python3.7/site-packages/airflow/example_dags/example_external_task_marker_dag.py
[2024-12-03T15:15:09.534+0000] {processor.py:756} INFO - Processing file /home/airflow/.local/lib/python3.7/site-packages/airflow/example_dags/example_external_task_marker_dag.py for tasks to queue
[2024-12-03T15:15:09.536+0000] {logging_mixin.py:120} INFO - [2024-12-03T15:15:09.536+0000] {dagbag.py:537} INFO - Filling up the DagBag from /home/airflow/.local/lib/python3.7/site-packages/airflow/example_dags/example_external_task_marker_dag.py
[2024-12-03T15:15:09.569+0000] {processor.py:766} INFO - DAG(s) dict_keys(['example_external_task_marker_child', 'example_external_task_marker_parent']) retrieved from /home/airflow/.local/lib/python3.7/site-packages/airflow/example_dags/example_external_task_marker_dag.py
[2024-12-03T15:15:09.952+0000] {logging_mixin.py:120} INFO - [2024-12-03T15:15:09.952+0000] {dag.py:2585} INFO - Sync 2 DAGs
[2024-12-03T15:15:10.001+0000] {logging_mixin.py:120} INFO - [2024-12-03T15:15:10.001+0000] {dag.py:3340} INFO - Setting next_dagrun for example_external_task_marker_child to None, run_after=None
[2024-12-03T15:15:10.008+0000] {logging_mixin.py:120} INFO - [2024-12-03T15:15:10.008+0000] {dag.py:3340} INFO - Setting next_dagrun for example_external_task_marker_parent to None, run_after=None
[2024-12-03T15:15:10.048+0000] {processor.py:176} INFO - Processing /home/airflow/.local/lib/python3.7/site-packages/airflow/example_dags/example_external_task_marker_dag.py took 0.521 seconds
[2024-12-03T15:15:40.182+0000] {processor.py:154} INFO - Started process (PID=978) to work on /home/airflow/.local/lib/python3.7/site-packages/airflow/example_dags/example_external_task_marker_dag.py
[2024-12-03T15:15:40.184+0000] {processor.py:756} INFO - Processing file /home/airflow/.local/lib/python3.7/site-packages/airflow/example_dags/example_external_task_marker_dag.py for tasks to queue
[2024-12-03T15:15:40.187+0000] {logging_mixin.py:120} INFO - [2024-12-03T15:15:40.186+0000] {dagbag.py:537} INFO - Filling up the DagBag from /home/airflow/.local/lib/python3.7/site-packages/airflow/example_dags/example_external_task_marker_dag.py
[2024-12-03T15:15:40.217+0000] {processor.py:766} INFO - DAG(s) dict_keys(['example_external_task_marker_child', 'example_external_task_marker_parent']) retrieved from /home/airflow/.local/lib/python3.7/site-packages/airflow/example_dags/example_external_task_marker_dag.py
[2024-12-03T15:15:40.670+0000] {logging_mixin.py:120} INFO - [2024-12-03T15:15:40.670+0000] {dag.py:2585} INFO - Sync 2 DAGs
[2024-12-03T15:15:40.717+0000] {logging_mixin.py:120} INFO - [2024-12-03T15:15:40.717+0000] {dag.py:3340} INFO - Setting next_dagrun for example_external_task_marker_child to None, run_after=None
[2024-12-03T15:15:40.726+0000] {logging_mixin.py:120} INFO - [2024-12-03T15:15:40.726+0000] {dag.py:3340} INFO - Setting next_dagrun for example_external_task_marker_parent to None, run_after=None
[2024-12-03T15:15:40.782+0000] {processor.py:176} INFO - Processing /home/airflow/.local/lib/python3.7/site-packages/airflow/example_dags/example_external_task_marker_dag.py took 0.605 seconds
[2024-12-03T15:16:11.552+0000] {processor.py:154} INFO - Started process (PID=1036) to work on /home/airflow/.local/lib/python3.7/site-packages/airflow/example_dags/example_external_task_marker_dag.py
[2024-12-03T15:16:11.555+0000] {processor.py:756} INFO - Processing file /home/airflow/.local/lib/python3.7/site-packages/airflow/example_dags/example_external_task_marker_dag.py for tasks to queue
[2024-12-03T15:16:11.557+0000] {logging_mixin.py:120} INFO - [2024-12-03T15:16:11.557+0000] {dagbag.py:537} INFO - Filling up the DagBag from /home/airflow/.local/lib/python3.7/site-packages/airflow/example_dags/example_external_task_marker_dag.py
[2024-12-03T15:16:11.587+0000] {processor.py:766} INFO - DAG(s) dict_keys(['example_external_task_marker_child', 'example_external_task_marker_parent']) retrieved from /home/airflow/.local/lib/python3.7/site-packages/airflow/example_dags/example_external_task_marker_dag.py
[2024-12-03T15:16:11.966+0000] {logging_mixin.py:120} INFO - [2024-12-03T15:16:11.965+0000] {dag.py:2585} INFO - Sync 2 DAGs
[2024-12-03T15:16:12.013+0000] {logging_mixin.py:120} INFO - [2024-12-03T15:16:12.012+0000] {dag.py:3340} INFO - Setting next_dagrun for example_external_task_marker_child to None, run_after=None
[2024-12-03T15:16:12.021+0000] {logging_mixin.py:120} INFO - [2024-12-03T15:16:12.021+0000] {dag.py:3340} INFO - Setting next_dagrun for example_external_task_marker_parent to None, run_after=None
[2024-12-03T15:16:12.067+0000] {processor.py:176} INFO - Processing /home/airflow/.local/lib/python3.7/site-packages/airflow/example_dags/example_external_task_marker_dag.py took 0.520 seconds
[2024-12-03T15:16:42.618+0000] {processor.py:154} INFO - Started process (PID=1091) to work on /home/airflow/.local/lib/python3.7/site-packages/airflow/example_dags/example_external_task_marker_dag.py
[2024-12-03T15:16:42.620+0000] {processor.py:756} INFO - Processing file /home/airflow/.local/lib/python3.7/site-packages/airflow/example_dags/example_external_task_marker_dag.py for tasks to queue
[2024-12-03T15:16:42.622+0000] {logging_mixin.py:120} INFO - [2024-12-03T15:16:42.622+0000] {dagbag.py:537} INFO - Filling up the DagBag from /home/airflow/.local/lib/python3.7/site-packages/airflow/example_dags/example_external_task_marker_dag.py
[2024-12-03T15:16:42.651+0000] {processor.py:766} INFO - DAG(s) dict_keys(['example_external_task_marker_child', 'example_external_task_marker_parent']) retrieved from /home/airflow/.local/lib/python3.7/site-packages/airflow/example_dags/example_external_task_marker_dag.py
[2024-12-03T15:16:42.717+0000] {logging_mixin.py:120} INFO - [2024-12-03T15:16:42.717+0000] {dag.py:2585} INFO - Sync 2 DAGs
[2024-12-03T15:16:42.764+0000] {logging_mixin.py:120} INFO - [2024-12-03T15:16:42.764+0000] {dag.py:3340} INFO - Setting next_dagrun for example_external_task_marker_child to None, run_after=None
[2024-12-03T15:16:42.771+0000] {logging_mixin.py:120} INFO - [2024-12-03T15:16:42.771+0000] {dag.py:3340} INFO - Setting next_dagrun for example_external_task_marker_parent to None, run_after=None
[2024-12-03T15:16:42.818+0000] {processor.py:176} INFO - Processing /home/airflow/.local/lib/python3.7/site-packages/airflow/example_dags/example_external_task_marker_dag.py took 0.209 seconds
[2024-12-03T15:17:13.155+0000] {processor.py:154} INFO - Started process (PID=1155) to work on /home/airflow/.local/lib/python3.7/site-packages/airflow/example_dags/example_external_task_marker_dag.py
[2024-12-03T15:17:13.157+0000] {processor.py:756} INFO - Processing file /home/airflow/.local/lib/python3.7/site-packages/airflow/example_dags/example_external_task_marker_dag.py for tasks to queue
[2024-12-03T15:17:13.158+0000] {logging_mixin.py:120} INFO - [2024-12-03T15:17:13.158+0000] {dagbag.py:537} INFO - Filling up the DagBag from /home/airflow/.local/lib/python3.7/site-packages/airflow/example_dags/example_external_task_marker_dag.py
[2024-12-03T15:17:13.208+0000] {processor.py:766} INFO - DAG(s) dict_keys(['example_external_task_marker_parent', 'example_external_task_marker_child']) retrieved from /home/airflow/.local/lib/python3.7/site-packages/airflow/example_dags/example_external_task_marker_dag.py
[2024-12-03T15:17:14.118+0000] {logging_mixin.py:120} INFO - [2024-12-03T15:17:14.118+0000] {dag.py:2585} INFO - Sync 2 DAGs
[2024-12-03T15:17:14.155+0000] {logging_mixin.py:120} INFO - [2024-12-03T15:17:14.155+0000] {dag.py:3340} INFO - Setting next_dagrun for example_external_task_marker_child to None, run_after=None
[2024-12-03T15:17:14.164+0000] {logging_mixin.py:120} INFO - [2024-12-03T15:17:14.163+0000] {dag.py:3340} INFO - Setting next_dagrun for example_external_task_marker_parent to None, run_after=None
[2024-12-03T15:17:14.207+0000] {processor.py:176} INFO - Processing /home/airflow/.local/lib/python3.7/site-packages/airflow/example_dags/example_external_task_marker_dag.py took 1.058 seconds
[2024-12-03T15:17:59.750+0000] {processor.py:154} INFO - Started process (PID=74) to work on /home/airflow/.local/lib/python3.7/site-packages/airflow/example_dags/example_external_task_marker_dag.py
[2024-12-03T15:17:59.752+0000] {processor.py:756} INFO - Processing file /home/airflow/.local/lib/python3.7/site-packages/airflow/example_dags/example_external_task_marker_dag.py for tasks to queue
[2024-12-03T15:17:59.753+0000] {logging_mixin.py:120} INFO - [2024-12-03T15:17:59.753+0000] {dagbag.py:537} INFO - Filling up the DagBag from /home/airflow/.local/lib/python3.7/site-packages/airflow/example_dags/example_external_task_marker_dag.py
[2024-12-03T15:17:59.778+0000] {processor.py:766} INFO - DAG(s) dict_keys(['example_external_task_marker_parent', 'example_external_task_marker_child']) retrieved from /home/airflow/.local/lib/python3.7/site-packages/airflow/example_dags/example_external_task_marker_dag.py
[2024-12-03T15:18:00.105+0000] {logging_mixin.py:120} INFO - [2024-12-03T15:18:00.105+0000] {dag.py:2585} INFO - Sync 2 DAGs
[2024-12-03T15:18:00.142+0000] {logging_mixin.py:120} INFO - [2024-12-03T15:18:00.141+0000] {dag.py:3340} INFO - Setting next_dagrun for example_external_task_marker_child to None, run_after=None
[2024-12-03T15:18:00.147+0000] {logging_mixin.py:120} INFO - [2024-12-03T15:18:00.147+0000] {dag.py:3340} INFO - Setting next_dagrun for example_external_task_marker_parent to None, run_after=None
[2024-12-03T15:18:00.197+0000] {processor.py:176} INFO - Processing /home/airflow/.local/lib/python3.7/site-packages/airflow/example_dags/example_external_task_marker_dag.py took 0.450 seconds
[2024-12-03T15:18:31.602+0000] {processor.py:154} INFO - Started process (PID=139) to work on /home/airflow/.local/lib/python3.7/site-packages/airflow/example_dags/example_external_task_marker_dag.py
[2024-12-03T15:18:31.604+0000] {processor.py:756} INFO - Processing file /home/airflow/.local/lib/python3.7/site-packages/airflow/example_dags/example_external_task_marker_dag.py for tasks to queue
[2024-12-03T15:18:31.605+0000] {logging_mixin.py:120} INFO - [2024-12-03T15:18:31.605+0000] {dagbag.py:537} INFO - Filling up the DagBag from /home/airflow/.local/lib/python3.7/site-packages/airflow/example_dags/example_external_task_marker_dag.py
[2024-12-03T15:18:31.634+0000] {processor.py:766} INFO - DAG(s) dict_keys(['example_external_task_marker_child', 'example_external_task_marker_parent']) retrieved from /home/airflow/.local/lib/python3.7/site-packages/airflow/example_dags/example_external_task_marker_dag.py
[2024-12-03T15:18:32.180+0000] {logging_mixin.py:120} INFO - [2024-12-03T15:18:32.180+0000] {dag.py:2585} INFO - Sync 2 DAGs
[2024-12-03T15:18:32.232+0000] {logging_mixin.py:120} INFO - [2024-12-03T15:18:32.231+0000] {dag.py:3340} INFO - Setting next_dagrun for example_external_task_marker_child to None, run_after=None
[2024-12-03T15:18:32.241+0000] {logging_mixin.py:120} INFO - [2024-12-03T15:18:32.240+0000] {dag.py:3340} INFO - Setting next_dagrun for example_external_task_marker_parent to None, run_after=None
[2024-12-03T15:18:32.310+0000] {processor.py:176} INFO - Processing /home/airflow/.local/lib/python3.7/site-packages/airflow/example_dags/example_external_task_marker_dag.py took 0.715 seconds
[2024-12-03T15:19:02.912+0000] {processor.py:154} INFO - Started process (PID=196) to work on /home/airflow/.local/lib/python3.7/site-packages/airflow/example_dags/example_external_task_marker_dag.py
[2024-12-03T15:19:02.914+0000] {processor.py:756} INFO - Processing file /home/airflow/.local/lib/python3.7/site-packages/airflow/example_dags/example_external_task_marker_dag.py for tasks to queue
[2024-12-03T15:19:02.916+0000] {logging_mixin.py:120} INFO - [2024-12-03T15:19:02.915+0000] {dagbag.py:537} INFO - Filling up the DagBag from /home/airflow/.local/lib/python3.7/site-packages/airflow/example_dags/example_external_task_marker_dag.py
[2024-12-03T15:19:02.936+0000] {processor.py:766} INFO - DAG(s) dict_keys(['example_external_task_marker_parent', 'example_external_task_marker_child']) retrieved from /home/airflow/.local/lib/python3.7/site-packages/airflow/example_dags/example_external_task_marker_dag.py
[2024-12-03T15:19:03.274+0000] {logging_mixin.py:120} INFO - [2024-12-03T15:19:03.274+0000] {dag.py:2585} INFO - Sync 2 DAGs
[2024-12-03T15:19:03.319+0000] {logging_mixin.py:120} INFO - [2024-12-03T15:19:03.319+0000] {dag.py:3340} INFO - Setting next_dagrun for example_external_task_marker_child to None, run_after=None
[2024-12-03T15:19:03.326+0000] {logging_mixin.py:120} INFO - [2024-12-03T15:19:03.326+0000] {dag.py:3340} INFO - Setting next_dagrun for example_external_task_marker_parent to None, run_after=None
[2024-12-03T15:19:03.363+0000] {processor.py:176} INFO - Processing /home/airflow/.local/lib/python3.7/site-packages/airflow/example_dags/example_external_task_marker_dag.py took 0.454 seconds
[2024-12-03T15:19:33.609+0000] {processor.py:154} INFO - Started process (PID=260) to work on /home/airflow/.local/lib/python3.7/site-packages/airflow/example_dags/example_external_task_marker_dag.py
[2024-12-03T15:19:33.611+0000] {processor.py:756} INFO - Processing file /home/airflow/.local/lib/python3.7/site-packages/airflow/example_dags/example_external_task_marker_dag.py for tasks to queue
[2024-12-03T15:19:33.613+0000] {logging_mixin.py:120} INFO - [2024-12-03T15:19:33.613+0000] {dagbag.py:537} INFO - Filling up the DagBag from /home/airflow/.local/lib/python3.7/site-packages/airflow/example_dags/example_external_task_marker_dag.py
[2024-12-03T15:19:33.643+0000] {processor.py:766} INFO - DAG(s) dict_keys(['example_external_task_marker_parent', 'example_external_task_marker_child']) retrieved from /home/airflow/.local/lib/python3.7/site-packages/airflow/example_dags/example_external_task_marker_dag.py
[2024-12-03T15:19:34.303+0000] {logging_mixin.py:120} INFO - [2024-12-03T15:19:34.302+0000] {dag.py:2585} INFO - Sync 2 DAGs
[2024-12-03T15:19:34.367+0000] {logging_mixin.py:120} INFO - [2024-12-03T15:19:34.367+0000] {dag.py:3340} INFO - Setting next_dagrun for example_external_task_marker_child to None, run_after=None
[2024-12-03T15:19:34.375+0000] {logging_mixin.py:120} INFO - [2024-12-03T15:19:34.374+0000] {dag.py:3340} INFO - Setting next_dagrun for example_external_task_marker_parent to None, run_after=None
[2024-12-03T15:19:34.428+0000] {processor.py:176} INFO - Processing /home/airflow/.local/lib/python3.7/site-packages/airflow/example_dags/example_external_task_marker_dag.py took 0.824 seconds
[2024-12-03T15:20:05.214+0000] {processor.py:154} INFO - Started process (PID=316) to work on /home/airflow/.local/lib/python3.7/site-packages/airflow/example_dags/example_external_task_marker_dag.py
[2024-12-03T15:20:05.217+0000] {processor.py:756} INFO - Processing file /home/airflow/.local/lib/python3.7/site-packages/airflow/example_dags/example_external_task_marker_dag.py for tasks to queue
[2024-12-03T15:20:05.219+0000] {logging_mixin.py:120} INFO - [2024-12-03T15:20:05.218+0000] {dagbag.py:537} INFO - Filling up the DagBag from /home/airflow/.local/lib/python3.7/site-packages/airflow/example_dags/example_external_task_marker_dag.py
[2024-12-03T15:20:05.241+0000] {processor.py:766} INFO - DAG(s) dict_keys(['example_external_task_marker_parent', 'example_external_task_marker_child']) retrieved from /home/airflow/.local/lib/python3.7/site-packages/airflow/example_dags/example_external_task_marker_dag.py
[2024-12-03T15:20:05.627+0000] {logging_mixin.py:120} INFO - [2024-12-03T15:20:05.627+0000] {dag.py:2585} INFO - Sync 2 DAGs
[2024-12-03T15:20:05.676+0000] {logging_mixin.py:120} INFO - [2024-12-03T15:20:05.676+0000] {dag.py:3340} INFO - Setting next_dagrun for example_external_task_marker_child to None, run_after=None
[2024-12-03T15:20:05.685+0000] {logging_mixin.py:120} INFO - [2024-12-03T15:20:05.685+0000] {dag.py:3340} INFO - Setting next_dagrun for example_external_task_marker_parent to None, run_after=None
[2024-12-03T15:20:05.744+0000] {processor.py:176} INFO - Processing /home/airflow/.local/lib/python3.7/site-packages/airflow/example_dags/example_external_task_marker_dag.py took 0.537 seconds
[2024-12-03T15:20:36.338+0000] {processor.py:154} INFO - Started process (PID=381) to work on /home/airflow/.local/lib/python3.7/site-packages/airflow/example_dags/example_external_task_marker_dag.py
[2024-12-03T15:20:36.341+0000] {processor.py:756} INFO - Processing file /home/airflow/.local/lib/python3.7/site-packages/airflow/example_dags/example_external_task_marker_dag.py for tasks to queue
[2024-12-03T15:20:36.350+0000] {logging_mixin.py:120} INFO - [2024-12-03T15:20:36.342+0000] {dagbag.py:537} INFO - Filling up the DagBag from /home/airflow/.local/lib/python3.7/site-packages/airflow/example_dags/example_external_task_marker_dag.py
[2024-12-03T15:20:36.393+0000] {processor.py:766} INFO - DAG(s) dict_keys(['example_external_task_marker_parent', 'example_external_task_marker_child']) retrieved from /home/airflow/.local/lib/python3.7/site-packages/airflow/example_dags/example_external_task_marker_dag.py
[2024-12-03T15:20:36.672+0000] {logging_mixin.py:120} INFO - [2024-12-03T15:20:36.672+0000] {dag.py:2585} INFO - Sync 2 DAGs
[2024-12-03T15:20:36.718+0000] {logging_mixin.py:120} INFO - [2024-12-03T15:20:36.718+0000] {dag.py:3340} INFO - Setting next_dagrun for example_external_task_marker_child to None, run_after=None
[2024-12-03T15:20:36.725+0000] {logging_mixin.py:120} INFO - [2024-12-03T15:20:36.724+0000] {dag.py:3340} INFO - Setting next_dagrun for example_external_task_marker_parent to None, run_after=None
[2024-12-03T15:20:36.757+0000] {processor.py:176} INFO - Processing /home/airflow/.local/lib/python3.7/site-packages/airflow/example_dags/example_external_task_marker_dag.py took 0.428 seconds
[2024-12-03T15:21:07.290+0000] {processor.py:154} INFO - Started process (PID=436) to work on /home/airflow/.local/lib/python3.7/site-packages/airflow/example_dags/example_external_task_marker_dag.py
[2024-12-03T15:21:07.292+0000] {processor.py:756} INFO - Processing file /home/airflow/.local/lib/python3.7/site-packages/airflow/example_dags/example_external_task_marker_dag.py for tasks to queue
[2024-12-03T15:21:07.294+0000] {logging_mixin.py:120} INFO - [2024-12-03T15:21:07.294+0000] {dagbag.py:537} INFO - Filling up the DagBag from /home/airflow/.local/lib/python3.7/site-packages/airflow/example_dags/example_external_task_marker_dag.py
[2024-12-03T15:21:07.314+0000] {processor.py:766} INFO - DAG(s) dict_keys(['example_external_task_marker_child', 'example_external_task_marker_parent']) retrieved from /home/airflow/.local/lib/python3.7/site-packages/airflow/example_dags/example_external_task_marker_dag.py
[2024-12-03T15:21:07.580+0000] {logging_mixin.py:120} INFO - [2024-12-03T15:21:07.580+0000] {dag.py:2585} INFO - Sync 2 DAGs
[2024-12-03T15:21:07.621+0000] {logging_mixin.py:120} INFO - [2024-12-03T15:21:07.621+0000] {dag.py:3340} INFO - Setting next_dagrun for example_external_task_marker_child to None, run_after=None
[2024-12-03T15:21:07.626+0000] {logging_mixin.py:120} INFO - [2024-12-03T15:21:07.626+0000] {dag.py:3340} INFO - Setting next_dagrun for example_external_task_marker_parent to None, run_after=None
[2024-12-03T15:21:07.660+0000] {processor.py:176} INFO - Processing /home/airflow/.local/lib/python3.7/site-packages/airflow/example_dags/example_external_task_marker_dag.py took 0.373 seconds
[2024-12-03T15:21:37.868+0000] {processor.py:154} INFO - Started process (PID=497) to work on /home/airflow/.local/lib/python3.7/site-packages/airflow/example_dags/example_external_task_marker_dag.py
[2024-12-03T15:21:37.876+0000] {processor.py:756} INFO - Processing file /home/airflow/.local/lib/python3.7/site-packages/airflow/example_dags/example_external_task_marker_dag.py for tasks to queue
[2024-12-03T15:21:37.879+0000] {logging_mixin.py:120} INFO - [2024-12-03T15:21:37.879+0000] {dagbag.py:537} INFO - Filling up the DagBag from /home/airflow/.local/lib/python3.7/site-packages/airflow/example_dags/example_external_task_marker_dag.py
[2024-12-03T15:21:37.948+0000] {processor.py:766} INFO - DAG(s) dict_keys(['example_external_task_marker_parent', 'example_external_task_marker_child']) retrieved from /home/airflow/.local/lib/python3.7/site-packages/airflow/example_dags/example_external_task_marker_dag.py
[2024-12-03T15:21:39.151+0000] {logging_mixin.py:120} INFO - [2024-12-03T15:21:39.150+0000] {dag.py:2585} INFO - Sync 2 DAGs
[2024-12-03T15:21:39.267+0000] {logging_mixin.py:120} INFO - [2024-12-03T15:21:39.266+0000] {dag.py:3340} INFO - Setting next_dagrun for example_external_task_marker_child to None, run_after=None
[2024-12-03T15:21:39.287+0000] {logging_mixin.py:120} INFO - [2024-12-03T15:21:39.287+0000] {dag.py:3340} INFO - Setting next_dagrun for example_external_task_marker_parent to None, run_after=None
[2024-12-03T15:21:39.369+0000] {processor.py:176} INFO - Processing /home/airflow/.local/lib/python3.7/site-packages/airflow/example_dags/example_external_task_marker_dag.py took 1.508 seconds
[2024-12-03T15:22:09.559+0000] {processor.py:154} INFO - Started process (PID=555) to work on /home/airflow/.local/lib/python3.7/site-packages/airflow/example_dags/example_external_task_marker_dag.py
[2024-12-03T15:22:09.561+0000] {processor.py:756} INFO - Processing file /home/airflow/.local/lib/python3.7/site-packages/airflow/example_dags/example_external_task_marker_dag.py for tasks to queue
[2024-12-03T15:22:09.563+0000] {logging_mixin.py:120} INFO - [2024-12-03T15:22:09.563+0000] {dagbag.py:537} INFO - Filling up the DagBag from /home/airflow/.local/lib/python3.7/site-packages/airflow/example_dags/example_external_task_marker_dag.py
[2024-12-03T15:22:09.590+0000] {processor.py:766} INFO - DAG(s) dict_keys(['example_external_task_marker_parent', 'example_external_task_marker_child']) retrieved from /home/airflow/.local/lib/python3.7/site-packages/airflow/example_dags/example_external_task_marker_dag.py
[2024-12-03T15:22:09.897+0000] {logging_mixin.py:120} INFO - [2024-12-03T15:22:09.897+0000] {dag.py:2585} INFO - Sync 2 DAGs
[2024-12-03T15:22:09.939+0000] {logging_mixin.py:120} INFO - [2024-12-03T15:22:09.938+0000] {dag.py:3340} INFO - Setting next_dagrun for example_external_task_marker_child to None, run_after=None
[2024-12-03T15:22:09.946+0000] {logging_mixin.py:120} INFO - [2024-12-03T15:22:09.945+0000] {dag.py:3340} INFO - Setting next_dagrun for example_external_task_marker_parent to None, run_after=None
[2024-12-03T15:22:09.991+0000] {processor.py:176} INFO - Processing /home/airflow/.local/lib/python3.7/site-packages/airflow/example_dags/example_external_task_marker_dag.py took 0.440 seconds
[2024-12-03T15:22:40.311+0000] {processor.py:154} INFO - Started process (PID=610) to work on /home/airflow/.local/lib/python3.7/site-packages/airflow/example_dags/example_external_task_marker_dag.py
[2024-12-03T15:22:40.313+0000] {processor.py:756} INFO - Processing file /home/airflow/.local/lib/python3.7/site-packages/airflow/example_dags/example_external_task_marker_dag.py for tasks to queue
[2024-12-03T15:22:40.315+0000] {logging_mixin.py:120} INFO - [2024-12-03T15:22:40.314+0000] {dagbag.py:537} INFO - Filling up the DagBag from /home/airflow/.local/lib/python3.7/site-packages/airflow/example_dags/example_external_task_marker_dag.py
[2024-12-03T15:22:40.351+0000] {processor.py:766} INFO - DAG(s) dict_keys(['example_external_task_marker_parent', 'example_external_task_marker_child']) retrieved from /home/airflow/.local/lib/python3.7/site-packages/airflow/example_dags/example_external_task_marker_dag.py
[2024-12-03T15:22:40.830+0000] {logging_mixin.py:120} INFO - [2024-12-03T15:22:40.830+0000] {dag.py:2585} INFO - Sync 2 DAGs
[2024-12-03T15:22:40.880+0000] {logging_mixin.py:120} INFO - [2024-12-03T15:22:40.880+0000] {dag.py:3340} INFO - Setting next_dagrun for example_external_task_marker_child to None, run_after=None
[2024-12-03T15:22:40.890+0000] {logging_mixin.py:120} INFO - [2024-12-03T15:22:40.890+0000] {dag.py:3340} INFO - Setting next_dagrun for example_external_task_marker_parent to None, run_after=None
[2024-12-03T15:22:40.928+0000] {processor.py:176} INFO - Processing /home/airflow/.local/lib/python3.7/site-packages/airflow/example_dags/example_external_task_marker_dag.py took 0.625 seconds
[2024-12-03T15:23:11.935+0000] {processor.py:154} INFO - Started process (PID=675) to work on /home/airflow/.local/lib/python3.7/site-packages/airflow/example_dags/example_external_task_marker_dag.py
[2024-12-03T15:23:11.937+0000] {processor.py:756} INFO - Processing file /home/airflow/.local/lib/python3.7/site-packages/airflow/example_dags/example_external_task_marker_dag.py for tasks to queue
[2024-12-03T15:23:11.939+0000] {logging_mixin.py:120} INFO - [2024-12-03T15:23:11.938+0000] {dagbag.py:537} INFO - Filling up the DagBag from /home/airflow/.local/lib/python3.7/site-packages/airflow/example_dags/example_external_task_marker_dag.py
[2024-12-03T15:23:11.955+0000] {processor.py:766} INFO - DAG(s) dict_keys(['example_external_task_marker_parent', 'example_external_task_marker_child']) retrieved from /home/airflow/.local/lib/python3.7/site-packages/airflow/example_dags/example_external_task_marker_dag.py
[2024-12-03T15:23:12.343+0000] {logging_mixin.py:120} INFO - [2024-12-03T15:23:12.343+0000] {dag.py:2585} INFO - Sync 2 DAGs
[2024-12-03T15:23:12.388+0000] {logging_mixin.py:120} INFO - [2024-12-03T15:23:12.388+0000] {dag.py:3340} INFO - Setting next_dagrun for example_external_task_marker_child to None, run_after=None
[2024-12-03T15:23:12.394+0000] {logging_mixin.py:120} INFO - [2024-12-03T15:23:12.394+0000] {dag.py:3340} INFO - Setting next_dagrun for example_external_task_marker_parent to None, run_after=None
[2024-12-03T15:23:12.433+0000] {processor.py:176} INFO - Processing /home/airflow/.local/lib/python3.7/site-packages/airflow/example_dags/example_external_task_marker_dag.py took 0.501 seconds
[2024-12-03T15:23:42.665+0000] {processor.py:154} INFO - Started process (PID=730) to work on /home/airflow/.local/lib/python3.7/site-packages/airflow/example_dags/example_external_task_marker_dag.py
[2024-12-03T15:23:42.672+0000] {processor.py:756} INFO - Processing file /home/airflow/.local/lib/python3.7/site-packages/airflow/example_dags/example_external_task_marker_dag.py for tasks to queue
[2024-12-03T15:23:42.674+0000] {logging_mixin.py:120} INFO - [2024-12-03T15:23:42.674+0000] {dagbag.py:537} INFO - Filling up the DagBag from /home/airflow/.local/lib/python3.7/site-packages/airflow/example_dags/example_external_task_marker_dag.py
[2024-12-03T15:23:42.698+0000] {processor.py:766} INFO - DAG(s) dict_keys(['example_external_task_marker_child', 'example_external_task_marker_parent']) retrieved from /home/airflow/.local/lib/python3.7/site-packages/airflow/example_dags/example_external_task_marker_dag.py
[2024-12-03T15:23:43.231+0000] {logging_mixin.py:120} INFO - [2024-12-03T15:23:43.230+0000] {dag.py:2585} INFO - Sync 2 DAGs
[2024-12-03T15:23:43.283+0000] {logging_mixin.py:120} INFO - [2024-12-03T15:23:43.283+0000] {dag.py:3340} INFO - Setting next_dagrun for example_external_task_marker_child to None, run_after=None
[2024-12-03T15:23:43.292+0000] {logging_mixin.py:120} INFO - [2024-12-03T15:23:43.291+0000] {dag.py:3340} INFO - Setting next_dagrun for example_external_task_marker_parent to None, run_after=None
[2024-12-03T15:23:43.335+0000] {processor.py:176} INFO - Processing /home/airflow/.local/lib/python3.7/site-packages/airflow/example_dags/example_external_task_marker_dag.py took 0.675 seconds
[2024-12-03T15:24:13.438+0000] {processor.py:154} INFO - Started process (PID=794) to work on /home/airflow/.local/lib/python3.7/site-packages/airflow/example_dags/example_external_task_marker_dag.py
[2024-12-03T15:24:13.441+0000] {processor.py:756} INFO - Processing file /home/airflow/.local/lib/python3.7/site-packages/airflow/example_dags/example_external_task_marker_dag.py for tasks to queue
[2024-12-03T15:24:13.444+0000] {logging_mixin.py:120} INFO - [2024-12-03T15:24:13.443+0000] {dagbag.py:537} INFO - Filling up the DagBag from /home/airflow/.local/lib/python3.7/site-packages/airflow/example_dags/example_external_task_marker_dag.py
[2024-12-03T15:24:13.470+0000] {processor.py:766} INFO - DAG(s) dict_keys(['example_external_task_marker_parent', 'example_external_task_marker_child']) retrieved from /home/airflow/.local/lib/python3.7/site-packages/airflow/example_dags/example_external_task_marker_dag.py
[2024-12-03T15:24:13.982+0000] {logging_mixin.py:120} INFO - [2024-12-03T15:24:13.981+0000] {dag.py:2585} INFO - Sync 2 DAGs
[2024-12-03T15:24:14.028+0000] {logging_mixin.py:120} INFO - [2024-12-03T15:24:14.027+0000] {dag.py:3340} INFO - Setting next_dagrun for example_external_task_marker_child to None, run_after=None
[2024-12-03T15:24:14.038+0000] {logging_mixin.py:120} INFO - [2024-12-03T15:24:14.038+0000] {dag.py:3340} INFO - Setting next_dagrun for example_external_task_marker_parent to None, run_after=None
[2024-12-03T15:24:14.080+0000] {processor.py:176} INFO - Processing /home/airflow/.local/lib/python3.7/site-packages/airflow/example_dags/example_external_task_marker_dag.py took 0.659 seconds
[2024-12-03T15:24:44.492+0000] {processor.py:154} INFO - Started process (PID=849) to work on /home/airflow/.local/lib/python3.7/site-packages/airflow/example_dags/example_external_task_marker_dag.py
[2024-12-03T15:24:44.494+0000] {processor.py:756} INFO - Processing file /home/airflow/.local/lib/python3.7/site-packages/airflow/example_dags/example_external_task_marker_dag.py for tasks to queue
[2024-12-03T15:24:44.496+0000] {logging_mixin.py:120} INFO - [2024-12-03T15:24:44.496+0000] {dagbag.py:537} INFO - Filling up the DagBag from /home/airflow/.local/lib/python3.7/site-packages/airflow/example_dags/example_external_task_marker_dag.py
[2024-12-03T15:24:44.536+0000] {processor.py:766} INFO - DAG(s) dict_keys(['example_external_task_marker_parent', 'example_external_task_marker_child']) retrieved from /home/airflow/.local/lib/python3.7/site-packages/airflow/example_dags/example_external_task_marker_dag.py
[2024-12-03T15:24:44.938+0000] {logging_mixin.py:120} INFO - [2024-12-03T15:24:44.938+0000] {dag.py:2585} INFO - Sync 2 DAGs
[2024-12-03T15:24:44.990+0000] {logging_mixin.py:120} INFO - [2024-12-03T15:24:44.990+0000] {dag.py:3340} INFO - Setting next_dagrun for example_external_task_marker_child to None, run_after=None
[2024-12-03T15:24:44.999+0000] {logging_mixin.py:120} INFO - [2024-12-03T15:24:44.998+0000] {dag.py:3340} INFO - Setting next_dagrun for example_external_task_marker_parent to None, run_after=None
[2024-12-03T15:24:45.040+0000] {processor.py:176} INFO - Processing /home/airflow/.local/lib/python3.7/site-packages/airflow/example_dags/example_external_task_marker_dag.py took 0.565 seconds
[2024-12-03T15:25:15.711+0000] {processor.py:154} INFO - Started process (PID=913) to work on /home/airflow/.local/lib/python3.7/site-packages/airflow/example_dags/example_external_task_marker_dag.py
[2024-12-03T15:25:15.713+0000] {processor.py:756} INFO - Processing file /home/airflow/.local/lib/python3.7/site-packages/airflow/example_dags/example_external_task_marker_dag.py for tasks to queue
[2024-12-03T15:25:15.715+0000] {logging_mixin.py:120} INFO - [2024-12-03T15:25:15.715+0000] {dagbag.py:537} INFO - Filling up the DagBag from /home/airflow/.local/lib/python3.7/site-packages/airflow/example_dags/example_external_task_marker_dag.py
[2024-12-03T15:25:15.750+0000] {processor.py:766} INFO - DAG(s) dict_keys(['example_external_task_marker_child', 'example_external_task_marker_parent']) retrieved from /home/airflow/.local/lib/python3.7/site-packages/airflow/example_dags/example_external_task_marker_dag.py
[2024-12-03T15:25:16.263+0000] {logging_mixin.py:120} INFO - [2024-12-03T15:25:16.263+0000] {dag.py:2585} INFO - Sync 2 DAGs
[2024-12-03T15:25:16.342+0000] {logging_mixin.py:120} INFO - [2024-12-03T15:25:16.342+0000] {dag.py:3340} INFO - Setting next_dagrun for example_external_task_marker_child to None, run_after=None
[2024-12-03T15:25:16.351+0000] {logging_mixin.py:120} INFO - [2024-12-03T15:25:16.351+0000] {dag.py:3340} INFO - Setting next_dagrun for example_external_task_marker_parent to None, run_after=None
[2024-12-03T15:25:16.406+0000] {processor.py:176} INFO - Processing /home/airflow/.local/lib/python3.7/site-packages/airflow/example_dags/example_external_task_marker_dag.py took 0.702 seconds
[2024-12-03T15:25:46.546+0000] {processor.py:154} INFO - Started process (PID=968) to work on /home/airflow/.local/lib/python3.7/site-packages/airflow/example_dags/example_external_task_marker_dag.py
[2024-12-03T15:25:46.548+0000] {processor.py:756} INFO - Processing file /home/airflow/.local/lib/python3.7/site-packages/airflow/example_dags/example_external_task_marker_dag.py for tasks to queue
[2024-12-03T15:25:46.549+0000] {logging_mixin.py:120} INFO - [2024-12-03T15:25:46.549+0000] {dagbag.py:537} INFO - Filling up the DagBag from /home/airflow/.local/lib/python3.7/site-packages/airflow/example_dags/example_external_task_marker_dag.py
[2024-12-03T15:25:46.571+0000] {processor.py:766} INFO - DAG(s) dict_keys(['example_external_task_marker_child', 'example_external_task_marker_parent']) retrieved from /home/airflow/.local/lib/python3.7/site-packages/airflow/example_dags/example_external_task_marker_dag.py
[2024-12-03T15:25:46.929+0000] {logging_mixin.py:120} INFO - [2024-12-03T15:25:46.929+0000] {dag.py:2585} INFO - Sync 2 DAGs
[2024-12-03T15:25:46.970+0000] {logging_mixin.py:120} INFO - [2024-12-03T15:25:46.970+0000] {dag.py:3340} INFO - Setting next_dagrun for example_external_task_marker_child to None, run_after=None
[2024-12-03T15:25:46.978+0000] {logging_mixin.py:120} INFO - [2024-12-03T15:25:46.978+0000] {dag.py:3340} INFO - Setting next_dagrun for example_external_task_marker_parent to None, run_after=None
[2024-12-03T15:25:47.032+0000] {processor.py:176} INFO - Processing /home/airflow/.local/lib/python3.7/site-packages/airflow/example_dags/example_external_task_marker_dag.py took 0.489 seconds
[2024-12-03T15:26:17.151+0000] {processor.py:154} INFO - Started process (PID=1023) to work on /home/airflow/.local/lib/python3.7/site-packages/airflow/example_dags/example_external_task_marker_dag.py
[2024-12-03T15:26:17.154+0000] {processor.py:756} INFO - Processing file /home/airflow/.local/lib/python3.7/site-packages/airflow/example_dags/example_external_task_marker_dag.py for tasks to queue
[2024-12-03T15:26:17.156+0000] {logging_mixin.py:120} INFO - [2024-12-03T15:26:17.155+0000] {dagbag.py:537} INFO - Filling up the DagBag from /home/airflow/.local/lib/python3.7/site-packages/airflow/example_dags/example_external_task_marker_dag.py
[2024-12-03T15:26:17.188+0000] {processor.py:766} INFO - DAG(s) dict_keys(['example_external_task_marker_child', 'example_external_task_marker_parent']) retrieved from /home/airflow/.local/lib/python3.7/site-packages/airflow/example_dags/example_external_task_marker_dag.py
[2024-12-03T15:26:17.584+0000] {logging_mixin.py:120} INFO - [2024-12-03T15:26:17.584+0000] {dag.py:2585} INFO - Sync 2 DAGs
[2024-12-03T15:26:17.636+0000] {logging_mixin.py:120} INFO - [2024-12-03T15:26:17.635+0000] {dag.py:3340} INFO - Setting next_dagrun for example_external_task_marker_child to None, run_after=None
[2024-12-03T15:26:17.647+0000] {logging_mixin.py:120} INFO - [2024-12-03T15:26:17.646+0000] {dag.py:3340} INFO - Setting next_dagrun for example_external_task_marker_parent to None, run_after=None
[2024-12-03T15:26:17.691+0000] {processor.py:176} INFO - Processing /home/airflow/.local/lib/python3.7/site-packages/airflow/example_dags/example_external_task_marker_dag.py took 0.546 seconds
[2024-12-03T15:26:48.082+0000] {processor.py:154} INFO - Started process (PID=1087) to work on /home/airflow/.local/lib/python3.7/site-packages/airflow/example_dags/example_external_task_marker_dag.py
[2024-12-03T15:26:48.083+0000] {processor.py:756} INFO - Processing file /home/airflow/.local/lib/python3.7/site-packages/airflow/example_dags/example_external_task_marker_dag.py for tasks to queue
[2024-12-03T15:26:48.085+0000] {logging_mixin.py:120} INFO - [2024-12-03T15:26:48.085+0000] {dagbag.py:537} INFO - Filling up the DagBag from /home/airflow/.local/lib/python3.7/site-packages/airflow/example_dags/example_external_task_marker_dag.py
[2024-12-03T15:26:48.104+0000] {processor.py:766} INFO - DAG(s) dict_keys(['example_external_task_marker_parent', 'example_external_task_marker_child']) retrieved from /home/airflow/.local/lib/python3.7/site-packages/airflow/example_dags/example_external_task_marker_dag.py
[2024-12-03T15:26:48.404+0000] {logging_mixin.py:120} INFO - [2024-12-03T15:26:48.404+0000] {dag.py:2585} INFO - Sync 2 DAGs
[2024-12-03T15:26:48.443+0000] {logging_mixin.py:120} INFO - [2024-12-03T15:26:48.443+0000] {dag.py:3340} INFO - Setting next_dagrun for example_external_task_marker_child to None, run_after=None
[2024-12-03T15:26:48.452+0000] {logging_mixin.py:120} INFO - [2024-12-03T15:26:48.452+0000] {dag.py:3340} INFO - Setting next_dagrun for example_external_task_marker_parent to None, run_after=None
[2024-12-03T15:26:48.484+0000] {processor.py:176} INFO - Processing /home/airflow/.local/lib/python3.7/site-packages/airflow/example_dags/example_external_task_marker_dag.py took 0.409 seconds
[2024-12-03T15:27:18.805+0000] {processor.py:154} INFO - Started process (PID=1144) to work on /home/airflow/.local/lib/python3.7/site-packages/airflow/example_dags/example_external_task_marker_dag.py
[2024-12-03T15:27:18.807+0000] {processor.py:756} INFO - Processing file /home/airflow/.local/lib/python3.7/site-packages/airflow/example_dags/example_external_task_marker_dag.py for tasks to queue
[2024-12-03T15:27:18.808+0000] {logging_mixin.py:120} INFO - [2024-12-03T15:27:18.808+0000] {dagbag.py:537} INFO - Filling up the DagBag from /home/airflow/.local/lib/python3.7/site-packages/airflow/example_dags/example_external_task_marker_dag.py
[2024-12-03T15:27:18.843+0000] {processor.py:766} INFO - DAG(s) dict_keys(['example_external_task_marker_child', 'example_external_task_marker_parent']) retrieved from /home/airflow/.local/lib/python3.7/site-packages/airflow/example_dags/example_external_task_marker_dag.py
[2024-12-03T15:27:19.255+0000] {logging_mixin.py:120} INFO - [2024-12-03T15:27:19.255+0000] {dag.py:2585} INFO - Sync 2 DAGs
[2024-12-03T15:27:19.307+0000] {logging_mixin.py:120} INFO - [2024-12-03T15:27:19.306+0000] {dag.py:3340} INFO - Setting next_dagrun for example_external_task_marker_child to None, run_after=None
[2024-12-03T15:27:19.314+0000] {logging_mixin.py:120} INFO - [2024-12-03T15:27:19.314+0000] {dag.py:3340} INFO - Setting next_dagrun for example_external_task_marker_parent to None, run_after=None
[2024-12-03T15:27:19.368+0000] {processor.py:176} INFO - Processing /home/airflow/.local/lib/python3.7/site-packages/airflow/example_dags/example_external_task_marker_dag.py took 0.568 seconds
[2024-12-03T15:27:49.743+0000] {processor.py:154} INFO - Started process (PID=1209) to work on /home/airflow/.local/lib/python3.7/site-packages/airflow/example_dags/example_external_task_marker_dag.py
[2024-12-03T15:27:49.745+0000] {processor.py:756} INFO - Processing file /home/airflow/.local/lib/python3.7/site-packages/airflow/example_dags/example_external_task_marker_dag.py for tasks to queue
[2024-12-03T15:27:49.747+0000] {logging_mixin.py:120} INFO - [2024-12-03T15:27:49.747+0000] {dagbag.py:537} INFO - Filling up the DagBag from /home/airflow/.local/lib/python3.7/site-packages/airflow/example_dags/example_external_task_marker_dag.py
[2024-12-03T15:27:49.794+0000] {processor.py:766} INFO - DAG(s) dict_keys(['example_external_task_marker_parent', 'example_external_task_marker_child']) retrieved from /home/airflow/.local/lib/python3.7/site-packages/airflow/example_dags/example_external_task_marker_dag.py
[2024-12-03T15:27:50.329+0000] {logging_mixin.py:120} INFO - [2024-12-03T15:27:50.329+0000] {dag.py:2585} INFO - Sync 2 DAGs
[2024-12-03T15:27:50.408+0000] {logging_mixin.py:120} INFO - [2024-12-03T15:27:50.408+0000] {dag.py:3340} INFO - Setting next_dagrun for example_external_task_marker_child to None, run_after=None
[2024-12-03T15:27:50.452+0000] {logging_mixin.py:120} INFO - [2024-12-03T15:27:50.452+0000] {dag.py:3340} INFO - Setting next_dagrun for example_external_task_marker_parent to None, run_after=None
[2024-12-03T15:27:50.506+0000] {processor.py:176} INFO - Processing /home/airflow/.local/lib/python3.7/site-packages/airflow/example_dags/example_external_task_marker_dag.py took 0.770 seconds
[2024-12-03T15:28:21.091+0000] {processor.py:154} INFO - Started process (PID=1264) to work on /home/airflow/.local/lib/python3.7/site-packages/airflow/example_dags/example_external_task_marker_dag.py
[2024-12-03T15:28:21.093+0000] {processor.py:756} INFO - Processing file /home/airflow/.local/lib/python3.7/site-packages/airflow/example_dags/example_external_task_marker_dag.py for tasks to queue
[2024-12-03T15:28:21.094+0000] {logging_mixin.py:120} INFO - [2024-12-03T15:28:21.094+0000] {dagbag.py:537} INFO - Filling up the DagBag from /home/airflow/.local/lib/python3.7/site-packages/airflow/example_dags/example_external_task_marker_dag.py
[2024-12-03T15:28:21.114+0000] {processor.py:766} INFO - DAG(s) dict_keys(['example_external_task_marker_parent', 'example_external_task_marker_child']) retrieved from /home/airflow/.local/lib/python3.7/site-packages/airflow/example_dags/example_external_task_marker_dag.py
[2024-12-03T15:28:21.359+0000] {logging_mixin.py:120} INFO - [2024-12-03T15:28:21.359+0000] {dag.py:2585} INFO - Sync 2 DAGs
[2024-12-03T15:28:21.395+0000] {logging_mixin.py:120} INFO - [2024-12-03T15:28:21.395+0000] {dag.py:3340} INFO - Setting next_dagrun for example_external_task_marker_child to None, run_after=None
[2024-12-03T15:28:21.401+0000] {logging_mixin.py:120} INFO - [2024-12-03T15:28:21.400+0000] {dag.py:3340} INFO - Setting next_dagrun for example_external_task_marker_parent to None, run_after=None
[2024-12-03T15:28:21.430+0000] {processor.py:176} INFO - Processing /home/airflow/.local/lib/python3.7/site-packages/airflow/example_dags/example_external_task_marker_dag.py took 0.343 seconds
[2024-12-03T15:28:51.596+0000] {processor.py:154} INFO - Started process (PID=1329) to work on /home/airflow/.local/lib/python3.7/site-packages/airflow/example_dags/example_external_task_marker_dag.py
[2024-12-03T15:28:51.600+0000] {processor.py:756} INFO - Processing file /home/airflow/.local/lib/python3.7/site-packages/airflow/example_dags/example_external_task_marker_dag.py for tasks to queue
[2024-12-03T15:28:51.601+0000] {logging_mixin.py:120} INFO - [2024-12-03T15:28:51.601+0000] {dagbag.py:537} INFO - Filling up the DagBag from /home/airflow/.local/lib/python3.7/site-packages/airflow/example_dags/example_external_task_marker_dag.py
[2024-12-03T15:28:51.624+0000] {processor.py:766} INFO - DAG(s) dict_keys(['example_external_task_marker_parent', 'example_external_task_marker_child']) retrieved from /home/airflow/.local/lib/python3.7/site-packages/airflow/example_dags/example_external_task_marker_dag.py
[2024-12-03T15:28:51.946+0000] {logging_mixin.py:120} INFO - [2024-12-03T15:28:51.946+0000] {dag.py:2585} INFO - Sync 2 DAGs
[2024-12-03T15:28:51.994+0000] {logging_mixin.py:120} INFO - [2024-12-03T15:28:51.994+0000] {dag.py:3340} INFO - Setting next_dagrun for example_external_task_marker_child to None, run_after=None
[2024-12-03T15:28:52.003+0000] {logging_mixin.py:120} INFO - [2024-12-03T15:28:52.002+0000] {dag.py:3340} INFO - Setting next_dagrun for example_external_task_marker_parent to None, run_after=None
[2024-12-03T15:28:52.038+0000] {processor.py:176} INFO - Processing /home/airflow/.local/lib/python3.7/site-packages/airflow/example_dags/example_external_task_marker_dag.py took 0.448 seconds
[2024-12-03T15:29:22.290+0000] {processor.py:154} INFO - Started process (PID=1385) to work on /home/airflow/.local/lib/python3.7/site-packages/airflow/example_dags/example_external_task_marker_dag.py
[2024-12-03T15:29:22.292+0000] {processor.py:756} INFO - Processing file /home/airflow/.local/lib/python3.7/site-packages/airflow/example_dags/example_external_task_marker_dag.py for tasks to queue
[2024-12-03T15:29:22.293+0000] {logging_mixin.py:120} INFO - [2024-12-03T15:29:22.293+0000] {dagbag.py:537} INFO - Filling up the DagBag from /home/airflow/.local/lib/python3.7/site-packages/airflow/example_dags/example_external_task_marker_dag.py
[2024-12-03T15:29:22.317+0000] {processor.py:766} INFO - DAG(s) dict_keys(['example_external_task_marker_child', 'example_external_task_marker_parent']) retrieved from /home/airflow/.local/lib/python3.7/site-packages/airflow/example_dags/example_external_task_marker_dag.py
[2024-12-03T15:29:22.672+0000] {logging_mixin.py:120} INFO - [2024-12-03T15:29:22.672+0000] {dag.py:2585} INFO - Sync 2 DAGs
[2024-12-03T15:29:22.721+0000] {logging_mixin.py:120} INFO - [2024-12-03T15:29:22.721+0000] {dag.py:3340} INFO - Setting next_dagrun for example_external_task_marker_child to None, run_after=None
[2024-12-03T15:29:22.728+0000] {logging_mixin.py:120} INFO - [2024-12-03T15:29:22.728+0000] {dag.py:3340} INFO - Setting next_dagrun for example_external_task_marker_parent to None, run_after=None
[2024-12-03T15:29:22.777+0000] {processor.py:176} INFO - Processing /home/airflow/.local/lib/python3.7/site-packages/airflow/example_dags/example_external_task_marker_dag.py took 0.491 seconds
[2024-12-03T15:29:52.939+0000] {processor.py:154} INFO - Started process (PID=1449) to work on /home/airflow/.local/lib/python3.7/site-packages/airflow/example_dags/example_external_task_marker_dag.py
[2024-12-03T15:29:52.941+0000] {processor.py:756} INFO - Processing file /home/airflow/.local/lib/python3.7/site-packages/airflow/example_dags/example_external_task_marker_dag.py for tasks to queue
[2024-12-03T15:29:52.943+0000] {logging_mixin.py:120} INFO - [2024-12-03T15:29:52.943+0000] {dagbag.py:537} INFO - Filling up the DagBag from /home/airflow/.local/lib/python3.7/site-packages/airflow/example_dags/example_external_task_marker_dag.py
[2024-12-03T15:29:52.968+0000] {processor.py:766} INFO - DAG(s) dict_keys(['example_external_task_marker_parent', 'example_external_task_marker_child']) retrieved from /home/airflow/.local/lib/python3.7/site-packages/airflow/example_dags/example_external_task_marker_dag.py
[2024-12-03T15:29:53.392+0000] {logging_mixin.py:120} INFO - [2024-12-03T15:29:53.391+0000] {dag.py:2585} INFO - Sync 2 DAGs
[2024-12-03T15:29:53.436+0000] {logging_mixin.py:120} INFO - [2024-12-03T15:29:53.436+0000] {dag.py:3340} INFO - Setting next_dagrun for example_external_task_marker_child to None, run_after=None
[2024-12-03T15:29:53.443+0000] {logging_mixin.py:120} INFO - [2024-12-03T15:29:53.443+0000] {dag.py:3340} INFO - Setting next_dagrun for example_external_task_marker_parent to None, run_after=None
[2024-12-03T15:29:53.506+0000] {processor.py:176} INFO - Processing /home/airflow/.local/lib/python3.7/site-packages/airflow/example_dags/example_external_task_marker_dag.py took 0.571 seconds
[2024-12-03T15:30:23.683+0000] {processor.py:154} INFO - Started process (PID=1505) to work on /home/airflow/.local/lib/python3.7/site-packages/airflow/example_dags/example_external_task_marker_dag.py
[2024-12-03T15:30:23.685+0000] {processor.py:756} INFO - Processing file /home/airflow/.local/lib/python3.7/site-packages/airflow/example_dags/example_external_task_marker_dag.py for tasks to queue
[2024-12-03T15:30:23.687+0000] {logging_mixin.py:120} INFO - [2024-12-03T15:30:23.687+0000] {dagbag.py:537} INFO - Filling up the DagBag from /home/airflow/.local/lib/python3.7/site-packages/airflow/example_dags/example_external_task_marker_dag.py
[2024-12-03T15:30:23.715+0000] {processor.py:766} INFO - DAG(s) dict_keys(['example_external_task_marker_parent', 'example_external_task_marker_child']) retrieved from /home/airflow/.local/lib/python3.7/site-packages/airflow/example_dags/example_external_task_marker_dag.py
[2024-12-03T15:30:24.152+0000] {logging_mixin.py:120} INFO - [2024-12-03T15:30:24.151+0000] {dag.py:2585} INFO - Sync 2 DAGs
[2024-12-03T15:30:24.196+0000] {logging_mixin.py:120} INFO - [2024-12-03T15:30:24.196+0000] {dag.py:3340} INFO - Setting next_dagrun for example_external_task_marker_child to None, run_after=None
[2024-12-03T15:30:24.203+0000] {logging_mixin.py:120} INFO - [2024-12-03T15:30:24.203+0000] {dag.py:3340} INFO - Setting next_dagrun for example_external_task_marker_parent to None, run_after=None
[2024-12-03T15:30:24.243+0000] {processor.py:176} INFO - Processing /home/airflow/.local/lib/python3.7/site-packages/airflow/example_dags/example_external_task_marker_dag.py took 0.564 seconds
[2024-12-03T15:30:54.945+0000] {processor.py:154} INFO - Started process (PID=1569) to work on /home/airflow/.local/lib/python3.7/site-packages/airflow/example_dags/example_external_task_marker_dag.py
[2024-12-03T15:30:54.949+0000] {processor.py:756} INFO - Processing file /home/airflow/.local/lib/python3.7/site-packages/airflow/example_dags/example_external_task_marker_dag.py for tasks to queue
[2024-12-03T15:30:54.951+0000] {logging_mixin.py:120} INFO - [2024-12-03T15:30:54.951+0000] {dagbag.py:537} INFO - Filling up the DagBag from /home/airflow/.local/lib/python3.7/site-packages/airflow/example_dags/example_external_task_marker_dag.py
[2024-12-03T15:30:54.981+0000] {processor.py:766} INFO - DAG(s) dict_keys(['example_external_task_marker_child', 'example_external_task_marker_parent']) retrieved from /home/airflow/.local/lib/python3.7/site-packages/airflow/example_dags/example_external_task_marker_dag.py
[2024-12-03T15:30:55.327+0000] {logging_mixin.py:120} INFO - [2024-12-03T15:30:55.327+0000] {dag.py:2585} INFO - Sync 2 DAGs
[2024-12-03T15:30:55.370+0000] {logging_mixin.py:120} INFO - [2024-12-03T15:30:55.370+0000] {dag.py:3340} INFO - Setting next_dagrun for example_external_task_marker_child to None, run_after=None
[2024-12-03T15:30:55.376+0000] {logging_mixin.py:120} INFO - [2024-12-03T15:30:55.376+0000] {dag.py:3340} INFO - Setting next_dagrun for example_external_task_marker_parent to None, run_after=None
[2024-12-03T15:30:55.418+0000] {processor.py:176} INFO - Processing /home/airflow/.local/lib/python3.7/site-packages/airflow/example_dags/example_external_task_marker_dag.py took 0.479 seconds
[2024-12-03T15:31:25.639+0000] {processor.py:154} INFO - Started process (PID=1625) to work on /home/airflow/.local/lib/python3.7/site-packages/airflow/example_dags/example_external_task_marker_dag.py
[2024-12-03T15:31:25.643+0000] {processor.py:756} INFO - Processing file /home/airflow/.local/lib/python3.7/site-packages/airflow/example_dags/example_external_task_marker_dag.py for tasks to queue
[2024-12-03T15:31:25.646+0000] {logging_mixin.py:120} INFO - [2024-12-03T15:31:25.645+0000] {dagbag.py:537} INFO - Filling up the DagBag from /home/airflow/.local/lib/python3.7/site-packages/airflow/example_dags/example_external_task_marker_dag.py
[2024-12-03T15:31:25.680+0000] {processor.py:766} INFO - DAG(s) dict_keys(['example_external_task_marker_child', 'example_external_task_marker_parent']) retrieved from /home/airflow/.local/lib/python3.7/site-packages/airflow/example_dags/example_external_task_marker_dag.py
[2024-12-03T15:31:26.062+0000] {logging_mixin.py:120} INFO - [2024-12-03T15:31:26.061+0000] {dag.py:2585} INFO - Sync 2 DAGs
[2024-12-03T15:31:26.117+0000] {logging_mixin.py:120} INFO - [2024-12-03T15:31:26.116+0000] {dag.py:3340} INFO - Setting next_dagrun for example_external_task_marker_child to None, run_after=None
[2024-12-03T15:31:26.123+0000] {logging_mixin.py:120} INFO - [2024-12-03T15:31:26.123+0000] {dag.py:3340} INFO - Setting next_dagrun for example_external_task_marker_parent to None, run_after=None
[2024-12-03T15:31:26.164+0000] {processor.py:176} INFO - Processing /home/airflow/.local/lib/python3.7/site-packages/airflow/example_dags/example_external_task_marker_dag.py took 0.532 seconds
[2024-12-03T15:31:56.429+0000] {processor.py:154} INFO - Started process (PID=1688) to work on /home/airflow/.local/lib/python3.7/site-packages/airflow/example_dags/example_external_task_marker_dag.py
[2024-12-03T15:31:56.431+0000] {processor.py:756} INFO - Processing file /home/airflow/.local/lib/python3.7/site-packages/airflow/example_dags/example_external_task_marker_dag.py for tasks to queue
[2024-12-03T15:31:56.432+0000] {logging_mixin.py:120} INFO - [2024-12-03T15:31:56.432+0000] {dagbag.py:537} INFO - Filling up the DagBag from /home/airflow/.local/lib/python3.7/site-packages/airflow/example_dags/example_external_task_marker_dag.py
[2024-12-03T15:31:56.451+0000] {processor.py:766} INFO - DAG(s) dict_keys(['example_external_task_marker_parent', 'example_external_task_marker_child']) retrieved from /home/airflow/.local/lib/python3.7/site-packages/airflow/example_dags/example_external_task_marker_dag.py
[2024-12-03T15:31:56.852+0000] {logging_mixin.py:120} INFO - [2024-12-03T15:31:56.851+0000] {dag.py:2585} INFO - Sync 2 DAGs
[2024-12-03T15:31:56.893+0000] {logging_mixin.py:120} INFO - [2024-12-03T15:31:56.892+0000] {dag.py:3340} INFO - Setting next_dagrun for example_external_task_marker_child to None, run_after=None
[2024-12-03T15:31:56.900+0000] {logging_mixin.py:120} INFO - [2024-12-03T15:31:56.899+0000] {dag.py:3340} INFO - Setting next_dagrun for example_external_task_marker_parent to None, run_after=None
[2024-12-03T15:31:56.938+0000] {processor.py:176} INFO - Processing /home/airflow/.local/lib/python3.7/site-packages/airflow/example_dags/example_external_task_marker_dag.py took 0.513 seconds
[2024-12-03T15:32:27.175+0000] {processor.py:154} INFO - Started process (PID=1743) to work on /home/airflow/.local/lib/python3.7/site-packages/airflow/example_dags/example_external_task_marker_dag.py
[2024-12-03T15:32:27.176+0000] {processor.py:756} INFO - Processing file /home/airflow/.local/lib/python3.7/site-packages/airflow/example_dags/example_external_task_marker_dag.py for tasks to queue
[2024-12-03T15:32:27.178+0000] {logging_mixin.py:120} INFO - [2024-12-03T15:32:27.178+0000] {dagbag.py:537} INFO - Filling up the DagBag from /home/airflow/.local/lib/python3.7/site-packages/airflow/example_dags/example_external_task_marker_dag.py
[2024-12-03T15:32:27.197+0000] {processor.py:766} INFO - DAG(s) dict_keys(['example_external_task_marker_parent', 'example_external_task_marker_child']) retrieved from /home/airflow/.local/lib/python3.7/site-packages/airflow/example_dags/example_external_task_marker_dag.py
[2024-12-03T15:32:27.445+0000] {logging_mixin.py:120} INFO - [2024-12-03T15:32:27.445+0000] {dag.py:2585} INFO - Sync 2 DAGs
[2024-12-03T15:32:27.484+0000] {logging_mixin.py:120} INFO - [2024-12-03T15:32:27.483+0000] {dag.py:3340} INFO - Setting next_dagrun for example_external_task_marker_child to None, run_after=None
[2024-12-03T15:32:27.490+0000] {logging_mixin.py:120} INFO - [2024-12-03T15:32:27.489+0000] {dag.py:3340} INFO - Setting next_dagrun for example_external_task_marker_parent to None, run_after=None
[2024-12-03T15:32:27.527+0000] {processor.py:176} INFO - Processing /home/airflow/.local/lib/python3.7/site-packages/airflow/example_dags/example_external_task_marker_dag.py took 0.357 seconds
[2024-12-03T15:32:57.702+0000] {processor.py:154} INFO - Started process (PID=1798) to work on /home/airflow/.local/lib/python3.7/site-packages/airflow/example_dags/example_external_task_marker_dag.py
[2024-12-03T15:32:57.704+0000] {processor.py:756} INFO - Processing file /home/airflow/.local/lib/python3.7/site-packages/airflow/example_dags/example_external_task_marker_dag.py for tasks to queue
[2024-12-03T15:32:57.707+0000] {logging_mixin.py:120} INFO - [2024-12-03T15:32:57.706+0000] {dagbag.py:537} INFO - Filling up the DagBag from /home/airflow/.local/lib/python3.7/site-packages/airflow/example_dags/example_external_task_marker_dag.py
[2024-12-03T15:32:57.731+0000] {processor.py:766} INFO - DAG(s) dict_keys(['example_external_task_marker_parent', 'example_external_task_marker_child']) retrieved from /home/airflow/.local/lib/python3.7/site-packages/airflow/example_dags/example_external_task_marker_dag.py
[2024-12-03T15:32:58.133+0000] {logging_mixin.py:120} INFO - [2024-12-03T15:32:58.133+0000] {dag.py:2585} INFO - Sync 2 DAGs
[2024-12-03T15:32:58.193+0000] {logging_mixin.py:120} INFO - [2024-12-03T15:32:58.193+0000] {dag.py:3340} INFO - Setting next_dagrun for example_external_task_marker_child to None, run_after=None
[2024-12-03T15:32:58.202+0000] {logging_mixin.py:120} INFO - [2024-12-03T15:32:58.201+0000] {dag.py:3340} INFO - Setting next_dagrun for example_external_task_marker_parent to None, run_after=None
[2024-12-03T15:32:58.247+0000] {processor.py:176} INFO - Processing /home/airflow/.local/lib/python3.7/site-packages/airflow/example_dags/example_external_task_marker_dag.py took 0.550 seconds
[2024-12-03T15:33:28.390+0000] {processor.py:154} INFO - Started process (PID=1862) to work on /home/airflow/.local/lib/python3.7/site-packages/airflow/example_dags/example_external_task_marker_dag.py
[2024-12-03T15:33:28.392+0000] {processor.py:756} INFO - Processing file /home/airflow/.local/lib/python3.7/site-packages/airflow/example_dags/example_external_task_marker_dag.py for tasks to queue
[2024-12-03T15:33:28.394+0000] {logging_mixin.py:120} INFO - [2024-12-03T15:33:28.394+0000] {dagbag.py:537} INFO - Filling up the DagBag from /home/airflow/.local/lib/python3.7/site-packages/airflow/example_dags/example_external_task_marker_dag.py
[2024-12-03T15:33:28.420+0000] {processor.py:766} INFO - DAG(s) dict_keys(['example_external_task_marker_child', 'example_external_task_marker_parent']) retrieved from /home/airflow/.local/lib/python3.7/site-packages/airflow/example_dags/example_external_task_marker_dag.py
[2024-12-03T15:33:28.789+0000] {logging_mixin.py:120} INFO - [2024-12-03T15:33:28.789+0000] {dag.py:2585} INFO - Sync 2 DAGs
[2024-12-03T15:33:28.840+0000] {logging_mixin.py:120} INFO - [2024-12-03T15:33:28.840+0000] {dag.py:3340} INFO - Setting next_dagrun for example_external_task_marker_child to None, run_after=None
[2024-12-03T15:33:28.847+0000] {logging_mixin.py:120} INFO - [2024-12-03T15:33:28.847+0000] {dag.py:3340} INFO - Setting next_dagrun for example_external_task_marker_parent to None, run_after=None
[2024-12-03T15:33:28.885+0000] {processor.py:176} INFO - Processing /home/airflow/.local/lib/python3.7/site-packages/airflow/example_dags/example_external_task_marker_dag.py took 0.499 seconds
[2024-12-03T15:33:58.980+0000] {processor.py:154} INFO - Started process (PID=1917) to work on /home/airflow/.local/lib/python3.7/site-packages/airflow/example_dags/example_external_task_marker_dag.py
[2024-12-03T15:33:58.982+0000] {processor.py:756} INFO - Processing file /home/airflow/.local/lib/python3.7/site-packages/airflow/example_dags/example_external_task_marker_dag.py for tasks to queue
[2024-12-03T15:33:58.984+0000] {logging_mixin.py:120} INFO - [2024-12-03T15:33:58.983+0000] {dagbag.py:537} INFO - Filling up the DagBag from /home/airflow/.local/lib/python3.7/site-packages/airflow/example_dags/example_external_task_marker_dag.py
[2024-12-03T15:33:59.007+0000] {processor.py:766} INFO - DAG(s) dict_keys(['example_external_task_marker_child', 'example_external_task_marker_parent']) retrieved from /home/airflow/.local/lib/python3.7/site-packages/airflow/example_dags/example_external_task_marker_dag.py
[2024-12-03T15:33:59.379+0000] {logging_mixin.py:120} INFO - [2024-12-03T15:33:59.379+0000] {dag.py:2585} INFO - Sync 2 DAGs
[2024-12-03T15:33:59.432+0000] {logging_mixin.py:120} INFO - [2024-12-03T15:33:59.431+0000] {dag.py:3340} INFO - Setting next_dagrun for example_external_task_marker_child to None, run_after=None
[2024-12-03T15:33:59.439+0000] {logging_mixin.py:120} INFO - [2024-12-03T15:33:59.438+0000] {dag.py:3340} INFO - Setting next_dagrun for example_external_task_marker_parent to None, run_after=None
[2024-12-03T15:33:59.485+0000] {processor.py:176} INFO - Processing /home/airflow/.local/lib/python3.7/site-packages/airflow/example_dags/example_external_task_marker_dag.py took 0.514 seconds
[2024-12-03T15:34:29.649+0000] {processor.py:154} INFO - Started process (PID=1981) to work on /home/airflow/.local/lib/python3.7/site-packages/airflow/example_dags/example_external_task_marker_dag.py
[2024-12-03T15:34:29.652+0000] {processor.py:756} INFO - Processing file /home/airflow/.local/lib/python3.7/site-packages/airflow/example_dags/example_external_task_marker_dag.py for tasks to queue
[2024-12-03T15:34:29.654+0000] {logging_mixin.py:120} INFO - [2024-12-03T15:34:29.653+0000] {dagbag.py:537} INFO - Filling up the DagBag from /home/airflow/.local/lib/python3.7/site-packages/airflow/example_dags/example_external_task_marker_dag.py
[2024-12-03T15:34:29.688+0000] {processor.py:766} INFO - DAG(s) dict_keys(['example_external_task_marker_child', 'example_external_task_marker_parent']) retrieved from /home/airflow/.local/lib/python3.7/site-packages/airflow/example_dags/example_external_task_marker_dag.py
[2024-12-03T15:34:30.159+0000] {logging_mixin.py:120} INFO - [2024-12-03T15:34:30.159+0000] {dag.py:2585} INFO - Sync 2 DAGs
[2024-12-03T15:34:30.213+0000] {logging_mixin.py:120} INFO - [2024-12-03T15:34:30.212+0000] {dag.py:3340} INFO - Setting next_dagrun for example_external_task_marker_child to None, run_after=None
[2024-12-03T15:34:30.222+0000] {logging_mixin.py:120} INFO - [2024-12-03T15:34:30.222+0000] {dag.py:3340} INFO - Setting next_dagrun for example_external_task_marker_parent to None, run_after=None
[2024-12-03T15:34:30.262+0000] {processor.py:176} INFO - Processing /home/airflow/.local/lib/python3.7/site-packages/airflow/example_dags/example_external_task_marker_dag.py took 0.619 seconds
[2024-12-03T15:35:00.732+0000] {processor.py:154} INFO - Started process (PID=2038) to work on /home/airflow/.local/lib/python3.7/site-packages/airflow/example_dags/example_external_task_marker_dag.py
[2024-12-03T15:35:00.734+0000] {processor.py:756} INFO - Processing file /home/airflow/.local/lib/python3.7/site-packages/airflow/example_dags/example_external_task_marker_dag.py for tasks to queue
[2024-12-03T15:35:00.737+0000] {logging_mixin.py:120} INFO - [2024-12-03T15:35:00.737+0000] {dagbag.py:537} INFO - Filling up the DagBag from /home/airflow/.local/lib/python3.7/site-packages/airflow/example_dags/example_external_task_marker_dag.py
[2024-12-03T15:35:00.763+0000] {processor.py:766} INFO - DAG(s) dict_keys(['example_external_task_marker_child', 'example_external_task_marker_parent']) retrieved from /home/airflow/.local/lib/python3.7/site-packages/airflow/example_dags/example_external_task_marker_dag.py
[2024-12-03T15:35:01.099+0000] {logging_mixin.py:120} INFO - [2024-12-03T15:35:01.099+0000] {dag.py:2585} INFO - Sync 2 DAGs
[2024-12-03T15:35:01.154+0000] {logging_mixin.py:120} INFO - [2024-12-03T15:35:01.154+0000] {dag.py:3340} INFO - Setting next_dagrun for example_external_task_marker_child to None, run_after=None
[2024-12-03T15:35:01.162+0000] {logging_mixin.py:120} INFO - [2024-12-03T15:35:01.162+0000] {dag.py:3340} INFO - Setting next_dagrun for example_external_task_marker_parent to None, run_after=None
[2024-12-03T15:35:01.211+0000] {processor.py:176} INFO - Processing /home/airflow/.local/lib/python3.7/site-packages/airflow/example_dags/example_external_task_marker_dag.py took 0.483 seconds
[2024-12-03T15:35:31.496+0000] {processor.py:154} INFO - Started process (PID=2101) to work on /home/airflow/.local/lib/python3.7/site-packages/airflow/example_dags/example_external_task_marker_dag.py
[2024-12-03T15:35:31.498+0000] {processor.py:756} INFO - Processing file /home/airflow/.local/lib/python3.7/site-packages/airflow/example_dags/example_external_task_marker_dag.py for tasks to queue
[2024-12-03T15:35:31.499+0000] {logging_mixin.py:120} INFO - [2024-12-03T15:35:31.499+0000] {dagbag.py:537} INFO - Filling up the DagBag from /home/airflow/.local/lib/python3.7/site-packages/airflow/example_dags/example_external_task_marker_dag.py
[2024-12-03T15:35:31.528+0000] {processor.py:766} INFO - DAG(s) dict_keys(['example_external_task_marker_child', 'example_external_task_marker_parent']) retrieved from /home/airflow/.local/lib/python3.7/site-packages/airflow/example_dags/example_external_task_marker_dag.py
[2024-12-03T15:35:31.983+0000] {logging_mixin.py:120} INFO - [2024-12-03T15:35:31.982+0000] {dag.py:2585} INFO - Sync 2 DAGs
[2024-12-03T15:35:32.033+0000] {logging_mixin.py:120} INFO - [2024-12-03T15:35:32.032+0000] {dag.py:3340} INFO - Setting next_dagrun for example_external_task_marker_child to None, run_after=None
[2024-12-03T15:35:32.043+0000] {logging_mixin.py:120} INFO - [2024-12-03T15:35:32.042+0000] {dag.py:3340} INFO - Setting next_dagrun for example_external_task_marker_parent to None, run_after=None
[2024-12-03T15:35:32.092+0000] {processor.py:176} INFO - Processing /home/airflow/.local/lib/python3.7/site-packages/airflow/example_dags/example_external_task_marker_dag.py took 0.604 seconds
[2024-12-03T15:36:02.832+0000] {processor.py:154} INFO - Started process (PID=2157) to work on /home/airflow/.local/lib/python3.7/site-packages/airflow/example_dags/example_external_task_marker_dag.py
[2024-12-03T15:36:02.835+0000] {processor.py:756} INFO - Processing file /home/airflow/.local/lib/python3.7/site-packages/airflow/example_dags/example_external_task_marker_dag.py for tasks to queue
[2024-12-03T15:36:02.837+0000] {logging_mixin.py:120} INFO - [2024-12-03T15:36:02.837+0000] {dagbag.py:537} INFO - Filling up the DagBag from /home/airflow/.local/lib/python3.7/site-packages/airflow/example_dags/example_external_task_marker_dag.py
[2024-12-03T15:36:02.860+0000] {processor.py:766} INFO - DAG(s) dict_keys(['example_external_task_marker_child', 'example_external_task_marker_parent']) retrieved from /home/airflow/.local/lib/python3.7/site-packages/airflow/example_dags/example_external_task_marker_dag.py
[2024-12-03T15:36:03.336+0000] {logging_mixin.py:120} INFO - [2024-12-03T15:36:03.335+0000] {dag.py:2585} INFO - Sync 2 DAGs
[2024-12-03T15:36:03.400+0000] {logging_mixin.py:120} INFO - [2024-12-03T15:36:03.400+0000] {dag.py:3340} INFO - Setting next_dagrun for example_external_task_marker_child to None, run_after=None
[2024-12-03T15:36:03.408+0000] {logging_mixin.py:120} INFO - [2024-12-03T15:36:03.408+0000] {dag.py:3340} INFO - Setting next_dagrun for example_external_task_marker_parent to None, run_after=None
[2024-12-03T15:36:03.457+0000] {processor.py:176} INFO - Processing /home/airflow/.local/lib/python3.7/site-packages/airflow/example_dags/example_external_task_marker_dag.py took 0.631 seconds
[2024-12-03T15:36:33.726+0000] {processor.py:154} INFO - Started process (PID=2221) to work on /home/airflow/.local/lib/python3.7/site-packages/airflow/example_dags/example_external_task_marker_dag.py
[2024-12-03T15:36:33.728+0000] {processor.py:756} INFO - Processing file /home/airflow/.local/lib/python3.7/site-packages/airflow/example_dags/example_external_task_marker_dag.py for tasks to queue
[2024-12-03T15:36:33.731+0000] {logging_mixin.py:120} INFO - [2024-12-03T15:36:33.731+0000] {dagbag.py:537} INFO - Filling up the DagBag from /home/airflow/.local/lib/python3.7/site-packages/airflow/example_dags/example_external_task_marker_dag.py
[2024-12-03T15:36:33.758+0000] {processor.py:766} INFO - DAG(s) dict_keys(['example_external_task_marker_parent', 'example_external_task_marker_child']) retrieved from /home/airflow/.local/lib/python3.7/site-packages/airflow/example_dags/example_external_task_marker_dag.py
[2024-12-03T15:36:34.257+0000] {logging_mixin.py:120} INFO - [2024-12-03T15:36:34.257+0000] {dag.py:2585} INFO - Sync 2 DAGs
[2024-12-03T15:36:34.321+0000] {logging_mixin.py:120} INFO - [2024-12-03T15:36:34.321+0000] {dag.py:3340} INFO - Setting next_dagrun for example_external_task_marker_child to None, run_after=None
[2024-12-03T15:36:34.333+0000] {logging_mixin.py:120} INFO - [2024-12-03T15:36:34.333+0000] {dag.py:3340} INFO - Setting next_dagrun for example_external_task_marker_parent to None, run_after=None
[2024-12-03T15:36:34.384+0000] {processor.py:176} INFO - Processing /home/airflow/.local/lib/python3.7/site-packages/airflow/example_dags/example_external_task_marker_dag.py took 0.664 seconds
[2024-12-03T15:37:05.389+0000] {processor.py:154} INFO - Started process (PID=2277) to work on /home/airflow/.local/lib/python3.7/site-packages/airflow/example_dags/example_external_task_marker_dag.py
[2024-12-03T15:37:05.391+0000] {processor.py:756} INFO - Processing file /home/airflow/.local/lib/python3.7/site-packages/airflow/example_dags/example_external_task_marker_dag.py for tasks to queue
[2024-12-03T15:37:05.393+0000] {logging_mixin.py:120} INFO - [2024-12-03T15:37:05.393+0000] {dagbag.py:537} INFO - Filling up the DagBag from /home/airflow/.local/lib/python3.7/site-packages/airflow/example_dags/example_external_task_marker_dag.py
[2024-12-03T15:37:05.427+0000] {processor.py:766} INFO - DAG(s) dict_keys(['example_external_task_marker_parent', 'example_external_task_marker_child']) retrieved from /home/airflow/.local/lib/python3.7/site-packages/airflow/example_dags/example_external_task_marker_dag.py
[2024-12-03T15:37:05.893+0000] {logging_mixin.py:120} INFO - [2024-12-03T15:37:05.892+0000] {dag.py:2585} INFO - Sync 2 DAGs
[2024-12-03T15:37:05.961+0000] {logging_mixin.py:120} INFO - [2024-12-03T15:37:05.960+0000] {dag.py:3340} INFO - Setting next_dagrun for example_external_task_marker_child to None, run_after=None
[2024-12-03T15:37:05.971+0000] {logging_mixin.py:120} INFO - [2024-12-03T15:37:05.971+0000] {dag.py:3340} INFO - Setting next_dagrun for example_external_task_marker_parent to None, run_after=None
[2024-12-03T15:37:06.042+0000] {processor.py:176} INFO - Processing /home/airflow/.local/lib/python3.7/site-packages/airflow/example_dags/example_external_task_marker_dag.py took 0.665 seconds
[2024-12-03T15:37:36.762+0000] {processor.py:154} INFO - Started process (PID=2341) to work on /home/airflow/.local/lib/python3.7/site-packages/airflow/example_dags/example_external_task_marker_dag.py
[2024-12-03T15:37:36.764+0000] {processor.py:756} INFO - Processing file /home/airflow/.local/lib/python3.7/site-packages/airflow/example_dags/example_external_task_marker_dag.py for tasks to queue
[2024-12-03T15:37:36.766+0000] {logging_mixin.py:120} INFO - [2024-12-03T15:37:36.766+0000] {dagbag.py:537} INFO - Filling up the DagBag from /home/airflow/.local/lib/python3.7/site-packages/airflow/example_dags/example_external_task_marker_dag.py
[2024-12-03T15:37:36.789+0000] {processor.py:766} INFO - DAG(s) dict_keys(['example_external_task_marker_child', 'example_external_task_marker_parent']) retrieved from /home/airflow/.local/lib/python3.7/site-packages/airflow/example_dags/example_external_task_marker_dag.py
[2024-12-03T15:37:37.189+0000] {logging_mixin.py:120} INFO - [2024-12-03T15:37:37.189+0000] {dag.py:2585} INFO - Sync 2 DAGs
[2024-12-03T15:37:37.250+0000] {logging_mixin.py:120} INFO - [2024-12-03T15:37:37.250+0000] {dag.py:3340} INFO - Setting next_dagrun for example_external_task_marker_child to None, run_after=None
[2024-12-03T15:37:37.257+0000] {logging_mixin.py:120} INFO - [2024-12-03T15:37:37.256+0000] {dag.py:3340} INFO - Setting next_dagrun for example_external_task_marker_parent to None, run_after=None
[2024-12-03T15:37:37.295+0000] {processor.py:176} INFO - Processing /home/airflow/.local/lib/python3.7/site-packages/airflow/example_dags/example_external_task_marker_dag.py took 0.539 seconds
[2024-12-03T15:38:07.645+0000] {processor.py:154} INFO - Started process (PID=2396) to work on /home/airflow/.local/lib/python3.7/site-packages/airflow/example_dags/example_external_task_marker_dag.py
[2024-12-03T15:38:07.647+0000] {processor.py:756} INFO - Processing file /home/airflow/.local/lib/python3.7/site-packages/airflow/example_dags/example_external_task_marker_dag.py for tasks to queue
[2024-12-03T15:38:07.649+0000] {logging_mixin.py:120} INFO - [2024-12-03T15:38:07.649+0000] {dagbag.py:537} INFO - Filling up the DagBag from /home/airflow/.local/lib/python3.7/site-packages/airflow/example_dags/example_external_task_marker_dag.py
[2024-12-03T15:38:07.685+0000] {processor.py:766} INFO - DAG(s) dict_keys(['example_external_task_marker_child', 'example_external_task_marker_parent']) retrieved from /home/airflow/.local/lib/python3.7/site-packages/airflow/example_dags/example_external_task_marker_dag.py
[2024-12-03T15:38:08.044+0000] {logging_mixin.py:120} INFO - [2024-12-03T15:38:08.043+0000] {dag.py:2585} INFO - Sync 2 DAGs
[2024-12-03T15:38:08.090+0000] {logging_mixin.py:120} INFO - [2024-12-03T15:38:08.090+0000] {dag.py:3340} INFO - Setting next_dagrun for example_external_task_marker_child to None, run_after=None
[2024-12-03T15:38:08.096+0000] {logging_mixin.py:120} INFO - [2024-12-03T15:38:08.096+0000] {dag.py:3340} INFO - Setting next_dagrun for example_external_task_marker_parent to None, run_after=None
[2024-12-03T15:38:08.156+0000] {processor.py:176} INFO - Processing /home/airflow/.local/lib/python3.7/site-packages/airflow/example_dags/example_external_task_marker_dag.py took 0.516 seconds
[2024-12-03T15:38:38.258+0000] {processor.py:154} INFO - Started process (PID=2459) to work on /home/airflow/.local/lib/python3.7/site-packages/airflow/example_dags/example_external_task_marker_dag.py
[2024-12-03T15:38:38.260+0000] {processor.py:756} INFO - Processing file /home/airflow/.local/lib/python3.7/site-packages/airflow/example_dags/example_external_task_marker_dag.py for tasks to queue
[2024-12-03T15:38:38.262+0000] {logging_mixin.py:120} INFO - [2024-12-03T15:38:38.262+0000] {dagbag.py:537} INFO - Filling up the DagBag from /home/airflow/.local/lib/python3.7/site-packages/airflow/example_dags/example_external_task_marker_dag.py
[2024-12-03T15:38:38.294+0000] {processor.py:766} INFO - DAG(s) dict_keys(['example_external_task_marker_parent', 'example_external_task_marker_child']) retrieved from /home/airflow/.local/lib/python3.7/site-packages/airflow/example_dags/example_external_task_marker_dag.py
[2024-12-03T15:38:38.705+0000] {logging_mixin.py:120} INFO - [2024-12-03T15:38:38.705+0000] {dag.py:2585} INFO - Sync 2 DAGs
[2024-12-03T15:38:38.750+0000] {logging_mixin.py:120} INFO - [2024-12-03T15:38:38.750+0000] {dag.py:3340} INFO - Setting next_dagrun for example_external_task_marker_child to None, run_after=None
[2024-12-03T15:38:38.757+0000] {logging_mixin.py:120} INFO - [2024-12-03T15:38:38.757+0000] {dag.py:3340} INFO - Setting next_dagrun for example_external_task_marker_parent to None, run_after=None
[2024-12-03T15:38:38.805+0000] {processor.py:176} INFO - Processing /home/airflow/.local/lib/python3.7/site-packages/airflow/example_dags/example_external_task_marker_dag.py took 0.553 seconds
[2024-12-03T15:39:09.537+0000] {processor.py:154} INFO - Started process (PID=2514) to work on /home/airflow/.local/lib/python3.7/site-packages/airflow/example_dags/example_external_task_marker_dag.py
[2024-12-03T15:39:09.540+0000] {processor.py:756} INFO - Processing file /home/airflow/.local/lib/python3.7/site-packages/airflow/example_dags/example_external_task_marker_dag.py for tasks to queue
[2024-12-03T15:39:09.543+0000] {logging_mixin.py:120} INFO - [2024-12-03T15:39:09.542+0000] {dagbag.py:537} INFO - Filling up the DagBag from /home/airflow/.local/lib/python3.7/site-packages/airflow/example_dags/example_external_task_marker_dag.py
[2024-12-03T15:39:09.562+0000] {processor.py:766} INFO - DAG(s) dict_keys(['example_external_task_marker_child', 'example_external_task_marker_parent']) retrieved from /home/airflow/.local/lib/python3.7/site-packages/airflow/example_dags/example_external_task_marker_dag.py
[2024-12-03T15:39:09.962+0000] {logging_mixin.py:120} INFO - [2024-12-03T15:39:09.962+0000] {dag.py:2585} INFO - Sync 2 DAGs
[2024-12-03T15:39:10.016+0000] {logging_mixin.py:120} INFO - [2024-12-03T15:39:10.016+0000] {dag.py:3340} INFO - Setting next_dagrun for example_external_task_marker_child to None, run_after=None
[2024-12-03T15:39:10.030+0000] {logging_mixin.py:120} INFO - [2024-12-03T15:39:10.029+0000] {dag.py:3340} INFO - Setting next_dagrun for example_external_task_marker_parent to None, run_after=None
[2024-12-03T15:39:10.079+0000] {processor.py:176} INFO - Processing /home/airflow/.local/lib/python3.7/site-packages/airflow/example_dags/example_external_task_marker_dag.py took 0.551 seconds
[2024-12-03T15:39:40.956+0000] {processor.py:154} INFO - Started process (PID=2579) to work on /home/airflow/.local/lib/python3.7/site-packages/airflow/example_dags/example_external_task_marker_dag.py
[2024-12-03T15:39:40.959+0000] {processor.py:756} INFO - Processing file /home/airflow/.local/lib/python3.7/site-packages/airflow/example_dags/example_external_task_marker_dag.py for tasks to queue
[2024-12-03T15:39:40.960+0000] {logging_mixin.py:120} INFO - [2024-12-03T15:39:40.960+0000] {dagbag.py:537} INFO - Filling up the DagBag from /home/airflow/.local/lib/python3.7/site-packages/airflow/example_dags/example_external_task_marker_dag.py
[2024-12-03T15:39:40.981+0000] {processor.py:766} INFO - DAG(s) dict_keys(['example_external_task_marker_parent', 'example_external_task_marker_child']) retrieved from /home/airflow/.local/lib/python3.7/site-packages/airflow/example_dags/example_external_task_marker_dag.py
[2024-12-03T15:39:41.319+0000] {logging_mixin.py:120} INFO - [2024-12-03T15:39:41.319+0000] {dag.py:2585} INFO - Sync 2 DAGs
[2024-12-03T15:39:41.369+0000] {logging_mixin.py:120} INFO - [2024-12-03T15:39:41.369+0000] {dag.py:3340} INFO - Setting next_dagrun for example_external_task_marker_child to None, run_after=None
[2024-12-03T15:39:41.376+0000] {logging_mixin.py:120} INFO - [2024-12-03T15:39:41.375+0000] {dag.py:3340} INFO - Setting next_dagrun for example_external_task_marker_parent to None, run_after=None
[2024-12-03T15:39:41.433+0000] {processor.py:176} INFO - Processing /home/airflow/.local/lib/python3.7/site-packages/airflow/example_dags/example_external_task_marker_dag.py took 0.484 seconds
[2024-12-03T15:40:11.514+0000] {processor.py:154} INFO - Started process (PID=2633) to work on /home/airflow/.local/lib/python3.7/site-packages/airflow/example_dags/example_external_task_marker_dag.py
[2024-12-03T15:40:11.516+0000] {processor.py:756} INFO - Processing file /home/airflow/.local/lib/python3.7/site-packages/airflow/example_dags/example_external_task_marker_dag.py for tasks to queue
[2024-12-03T15:40:11.518+0000] {logging_mixin.py:120} INFO - [2024-12-03T15:40:11.518+0000] {dagbag.py:537} INFO - Filling up the DagBag from /home/airflow/.local/lib/python3.7/site-packages/airflow/example_dags/example_external_task_marker_dag.py
[2024-12-03T15:40:11.541+0000] {processor.py:766} INFO - DAG(s) dict_keys(['example_external_task_marker_parent', 'example_external_task_marker_child']) retrieved from /home/airflow/.local/lib/python3.7/site-packages/airflow/example_dags/example_external_task_marker_dag.py
[2024-12-03T15:40:11.950+0000] {logging_mixin.py:120} INFO - [2024-12-03T15:40:11.949+0000] {dag.py:2585} INFO - Sync 2 DAGs
[2024-12-03T15:40:12.025+0000] {logging_mixin.py:120} INFO - [2024-12-03T15:40:12.025+0000] {dag.py:3340} INFO - Setting next_dagrun for example_external_task_marker_child to None, run_after=None
[2024-12-03T15:40:12.034+0000] {logging_mixin.py:120} INFO - [2024-12-03T15:40:12.034+0000] {dag.py:3340} INFO - Setting next_dagrun for example_external_task_marker_parent to None, run_after=None
[2024-12-03T15:40:12.080+0000] {processor.py:176} INFO - Processing /home/airflow/.local/lib/python3.7/site-packages/airflow/example_dags/example_external_task_marker_dag.py took 0.570 seconds
[2024-12-03T15:40:42.989+0000] {processor.py:154} INFO - Started process (PID=2698) to work on /home/airflow/.local/lib/python3.7/site-packages/airflow/example_dags/example_external_task_marker_dag.py
[2024-12-03T15:40:42.991+0000] {processor.py:756} INFO - Processing file /home/airflow/.local/lib/python3.7/site-packages/airflow/example_dags/example_external_task_marker_dag.py for tasks to queue
[2024-12-03T15:40:42.994+0000] {logging_mixin.py:120} INFO - [2024-12-03T15:40:42.993+0000] {dagbag.py:537} INFO - Filling up the DagBag from /home/airflow/.local/lib/python3.7/site-packages/airflow/example_dags/example_external_task_marker_dag.py
[2024-12-03T15:40:43.038+0000] {processor.py:766} INFO - DAG(s) dict_keys(['example_external_task_marker_child', 'example_external_task_marker_parent']) retrieved from /home/airflow/.local/lib/python3.7/site-packages/airflow/example_dags/example_external_task_marker_dag.py
[2024-12-03T15:40:43.422+0000] {logging_mixin.py:120} INFO - [2024-12-03T15:40:43.422+0000] {dag.py:2585} INFO - Sync 2 DAGs
[2024-12-03T15:40:43.474+0000] {logging_mixin.py:120} INFO - [2024-12-03T15:40:43.474+0000] {dag.py:3340} INFO - Setting next_dagrun for example_external_task_marker_child to None, run_after=None
[2024-12-03T15:40:43.481+0000] {logging_mixin.py:120} INFO - [2024-12-03T15:40:43.480+0000] {dag.py:3340} INFO - Setting next_dagrun for example_external_task_marker_parent to None, run_after=None
[2024-12-03T15:40:43.531+0000] {processor.py:176} INFO - Processing /home/airflow/.local/lib/python3.7/site-packages/airflow/example_dags/example_external_task_marker_dag.py took 0.551 seconds
[2024-12-03T15:41:13.881+0000] {processor.py:154} INFO - Started process (PID=2753) to work on /home/airflow/.local/lib/python3.7/site-packages/airflow/example_dags/example_external_task_marker_dag.py
[2024-12-03T15:41:13.883+0000] {processor.py:756} INFO - Processing file /home/airflow/.local/lib/python3.7/site-packages/airflow/example_dags/example_external_task_marker_dag.py for tasks to queue
[2024-12-03T15:41:13.885+0000] {logging_mixin.py:120} INFO - [2024-12-03T15:41:13.884+0000] {dagbag.py:537} INFO - Filling up the DagBag from /home/airflow/.local/lib/python3.7/site-packages/airflow/example_dags/example_external_task_marker_dag.py
[2024-12-03T15:41:13.912+0000] {processor.py:766} INFO - DAG(s) dict_keys(['example_external_task_marker_child', 'example_external_task_marker_parent']) retrieved from /home/airflow/.local/lib/python3.7/site-packages/airflow/example_dags/example_external_task_marker_dag.py
[2024-12-03T15:41:14.268+0000] {logging_mixin.py:120} INFO - [2024-12-03T15:41:14.267+0000] {dag.py:2585} INFO - Sync 2 DAGs
[2024-12-03T15:41:14.317+0000] {logging_mixin.py:120} INFO - [2024-12-03T15:41:14.317+0000] {dag.py:3340} INFO - Setting next_dagrun for example_external_task_marker_child to None, run_after=None
[2024-12-03T15:41:14.326+0000] {logging_mixin.py:120} INFO - [2024-12-03T15:41:14.326+0000] {dag.py:3340} INFO - Setting next_dagrun for example_external_task_marker_parent to None, run_after=None
[2024-12-03T15:41:14.380+0000] {processor.py:176} INFO - Processing /home/airflow/.local/lib/python3.7/site-packages/airflow/example_dags/example_external_task_marker_dag.py took 0.503 seconds
[2024-12-03T15:41:44.542+0000] {processor.py:154} INFO - Started process (PID=2817) to work on /home/airflow/.local/lib/python3.7/site-packages/airflow/example_dags/example_external_task_marker_dag.py
[2024-12-03T15:41:44.545+0000] {processor.py:756} INFO - Processing file /home/airflow/.local/lib/python3.7/site-packages/airflow/example_dags/example_external_task_marker_dag.py for tasks to queue
[2024-12-03T15:41:44.547+0000] {logging_mixin.py:120} INFO - [2024-12-03T15:41:44.547+0000] {dagbag.py:537} INFO - Filling up the DagBag from /home/airflow/.local/lib/python3.7/site-packages/airflow/example_dags/example_external_task_marker_dag.py
[2024-12-03T15:41:44.583+0000] {processor.py:766} INFO - DAG(s) dict_keys(['example_external_task_marker_parent', 'example_external_task_marker_child']) retrieved from /home/airflow/.local/lib/python3.7/site-packages/airflow/example_dags/example_external_task_marker_dag.py
[2024-12-03T15:41:45.072+0000] {logging_mixin.py:120} INFO - [2024-12-03T15:41:45.072+0000] {dag.py:2585} INFO - Sync 2 DAGs
[2024-12-03T15:41:45.116+0000] {logging_mixin.py:120} INFO - [2024-12-03T15:41:45.115+0000] {dag.py:3340} INFO - Setting next_dagrun for example_external_task_marker_child to None, run_after=None
[2024-12-03T15:41:45.125+0000] {logging_mixin.py:120} INFO - [2024-12-03T15:41:45.125+0000] {dag.py:3340} INFO - Setting next_dagrun for example_external_task_marker_parent to None, run_after=None
[2024-12-03T15:41:45.167+0000] {processor.py:176} INFO - Processing /home/airflow/.local/lib/python3.7/site-packages/airflow/example_dags/example_external_task_marker_dag.py took 0.632 seconds
[2024-12-03T15:42:15.357+0000] {processor.py:154} INFO - Started process (PID=2872) to work on /home/airflow/.local/lib/python3.7/site-packages/airflow/example_dags/example_external_task_marker_dag.py
[2024-12-03T15:42:15.359+0000] {processor.py:756} INFO - Processing file /home/airflow/.local/lib/python3.7/site-packages/airflow/example_dags/example_external_task_marker_dag.py for tasks to queue
[2024-12-03T15:42:15.362+0000] {logging_mixin.py:120} INFO - [2024-12-03T15:42:15.361+0000] {dagbag.py:537} INFO - Filling up the DagBag from /home/airflow/.local/lib/python3.7/site-packages/airflow/example_dags/example_external_task_marker_dag.py
[2024-12-03T15:42:15.384+0000] {processor.py:766} INFO - DAG(s) dict_keys(['example_external_task_marker_parent', 'example_external_task_marker_child']) retrieved from /home/airflow/.local/lib/python3.7/site-packages/airflow/example_dags/example_external_task_marker_dag.py
[2024-12-03T15:42:15.767+0000] {logging_mixin.py:120} INFO - [2024-12-03T15:42:15.767+0000] {dag.py:2585} INFO - Sync 2 DAGs
[2024-12-03T15:42:15.813+0000] {logging_mixin.py:120} INFO - [2024-12-03T15:42:15.813+0000] {dag.py:3340} INFO - Setting next_dagrun for example_external_task_marker_child to None, run_after=None
[2024-12-03T15:42:15.821+0000] {logging_mixin.py:120} INFO - [2024-12-03T15:42:15.821+0000] {dag.py:3340} INFO - Setting next_dagrun for example_external_task_marker_parent to None, run_after=None
[2024-12-03T15:42:15.861+0000] {processor.py:176} INFO - Processing /home/airflow/.local/lib/python3.7/site-packages/airflow/example_dags/example_external_task_marker_dag.py took 0.509 seconds
[2024-12-03T15:42:46.764+0000] {processor.py:154} INFO - Started process (PID=2936) to work on /home/airflow/.local/lib/python3.7/site-packages/airflow/example_dags/example_external_task_marker_dag.py
[2024-12-03T15:42:46.767+0000] {processor.py:756} INFO - Processing file /home/airflow/.local/lib/python3.7/site-packages/airflow/example_dags/example_external_task_marker_dag.py for tasks to queue
[2024-12-03T15:42:46.769+0000] {logging_mixin.py:120} INFO - [2024-12-03T15:42:46.768+0000] {dagbag.py:537} INFO - Filling up the DagBag from /home/airflow/.local/lib/python3.7/site-packages/airflow/example_dags/example_external_task_marker_dag.py
[2024-12-03T15:42:46.801+0000] {processor.py:766} INFO - DAG(s) dict_keys(['example_external_task_marker_parent', 'example_external_task_marker_child']) retrieved from /home/airflow/.local/lib/python3.7/site-packages/airflow/example_dags/example_external_task_marker_dag.py
[2024-12-03T15:42:47.266+0000] {logging_mixin.py:120} INFO - [2024-12-03T15:42:47.266+0000] {dag.py:2585} INFO - Sync 2 DAGs
[2024-12-03T15:42:47.325+0000] {logging_mixin.py:120} INFO - [2024-12-03T15:42:47.325+0000] {dag.py:3340} INFO - Setting next_dagrun for example_external_task_marker_child to None, run_after=None
[2024-12-03T15:42:47.334+0000] {logging_mixin.py:120} INFO - [2024-12-03T15:42:47.334+0000] {dag.py:3340} INFO - Setting next_dagrun for example_external_task_marker_parent to None, run_after=None
[2024-12-03T15:42:47.383+0000] {processor.py:176} INFO - Processing /home/airflow/.local/lib/python3.7/site-packages/airflow/example_dags/example_external_task_marker_dag.py took 0.625 seconds
[2024-12-03T15:43:17.532+0000] {processor.py:154} INFO - Started process (PID=2992) to work on /home/airflow/.local/lib/python3.7/site-packages/airflow/example_dags/example_external_task_marker_dag.py
[2024-12-03T15:43:17.534+0000] {processor.py:756} INFO - Processing file /home/airflow/.local/lib/python3.7/site-packages/airflow/example_dags/example_external_task_marker_dag.py for tasks to queue
[2024-12-03T15:43:17.535+0000] {logging_mixin.py:120} INFO - [2024-12-03T15:43:17.535+0000] {dagbag.py:537} INFO - Filling up the DagBag from /home/airflow/.local/lib/python3.7/site-packages/airflow/example_dags/example_external_task_marker_dag.py
[2024-12-03T15:43:17.551+0000] {processor.py:766} INFO - DAG(s) dict_keys(['example_external_task_marker_parent', 'example_external_task_marker_child']) retrieved from /home/airflow/.local/lib/python3.7/site-packages/airflow/example_dags/example_external_task_marker_dag.py
[2024-12-03T15:43:17.873+0000] {logging_mixin.py:120} INFO - [2024-12-03T15:43:17.873+0000] {dag.py:2585} INFO - Sync 2 DAGs
[2024-12-03T15:43:17.919+0000] {logging_mixin.py:120} INFO - [2024-12-03T15:43:17.919+0000] {dag.py:3340} INFO - Setting next_dagrun for example_external_task_marker_child to None, run_after=None
[2024-12-03T15:43:17.926+0000] {logging_mixin.py:120} INFO - [2024-12-03T15:43:17.926+0000] {dag.py:3340} INFO - Setting next_dagrun for example_external_task_marker_parent to None, run_after=None
[2024-12-03T15:43:17.967+0000] {processor.py:176} INFO - Processing /home/airflow/.local/lib/python3.7/site-packages/airflow/example_dags/example_external_task_marker_dag.py took 0.440 seconds
[2024-12-03T15:43:48.908+0000] {processor.py:154} INFO - Started process (PID=3056) to work on /home/airflow/.local/lib/python3.7/site-packages/airflow/example_dags/example_external_task_marker_dag.py
[2024-12-03T15:43:48.910+0000] {processor.py:756} INFO - Processing file /home/airflow/.local/lib/python3.7/site-packages/airflow/example_dags/example_external_task_marker_dag.py for tasks to queue
[2024-12-03T15:43:48.913+0000] {logging_mixin.py:120} INFO - [2024-12-03T15:43:48.912+0000] {dagbag.py:537} INFO - Filling up the DagBag from /home/airflow/.local/lib/python3.7/site-packages/airflow/example_dags/example_external_task_marker_dag.py
[2024-12-03T15:43:48.937+0000] {processor.py:766} INFO - DAG(s) dict_keys(['example_external_task_marker_child', 'example_external_task_marker_parent']) retrieved from /home/airflow/.local/lib/python3.7/site-packages/airflow/example_dags/example_external_task_marker_dag.py
[2024-12-03T15:43:49.324+0000] {logging_mixin.py:120} INFO - [2024-12-03T15:43:49.324+0000] {dag.py:2585} INFO - Sync 2 DAGs
[2024-12-03T15:43:49.378+0000] {logging_mixin.py:120} INFO - [2024-12-03T15:43:49.377+0000] {dag.py:3340} INFO - Setting next_dagrun for example_external_task_marker_child to None, run_after=None
[2024-12-03T15:43:49.385+0000] {logging_mixin.py:120} INFO - [2024-12-03T15:43:49.384+0000] {dag.py:3340} INFO - Setting next_dagrun for example_external_task_marker_parent to None, run_after=None
[2024-12-03T15:43:49.429+0000] {processor.py:176} INFO - Processing /home/airflow/.local/lib/python3.7/site-packages/airflow/example_dags/example_external_task_marker_dag.py took 0.528 seconds
[2024-12-03T15:44:20.129+0000] {processor.py:154} INFO - Started process (PID=3111) to work on /home/airflow/.local/lib/python3.7/site-packages/airflow/example_dags/example_external_task_marker_dag.py
[2024-12-03T15:44:20.130+0000] {processor.py:756} INFO - Processing file /home/airflow/.local/lib/python3.7/site-packages/airflow/example_dags/example_external_task_marker_dag.py for tasks to queue
[2024-12-03T15:44:20.132+0000] {logging_mixin.py:120} INFO - [2024-12-03T15:44:20.132+0000] {dagbag.py:537} INFO - Filling up the DagBag from /home/airflow/.local/lib/python3.7/site-packages/airflow/example_dags/example_external_task_marker_dag.py
[2024-12-03T15:44:20.161+0000] {processor.py:766} INFO - DAG(s) dict_keys(['example_external_task_marker_parent', 'example_external_task_marker_child']) retrieved from /home/airflow/.local/lib/python3.7/site-packages/airflow/example_dags/example_external_task_marker_dag.py
[2024-12-03T15:44:20.593+0000] {logging_mixin.py:120} INFO - [2024-12-03T15:44:20.593+0000] {dag.py:2585} INFO - Sync 2 DAGs
[2024-12-03T15:44:20.652+0000] {logging_mixin.py:120} INFO - [2024-12-03T15:44:20.652+0000] {dag.py:3340} INFO - Setting next_dagrun for example_external_task_marker_child to None, run_after=None
[2024-12-03T15:44:20.661+0000] {logging_mixin.py:120} INFO - [2024-12-03T15:44:20.660+0000] {dag.py:3340} INFO - Setting next_dagrun for example_external_task_marker_parent to None, run_after=None
[2024-12-03T15:44:20.706+0000] {processor.py:176} INFO - Processing /home/airflow/.local/lib/python3.7/site-packages/airflow/example_dags/example_external_task_marker_dag.py took 0.584 seconds
[2024-12-03T15:44:51.124+0000] {processor.py:154} INFO - Started process (PID=3175) to work on /home/airflow/.local/lib/python3.7/site-packages/airflow/example_dags/example_external_task_marker_dag.py
[2024-12-03T15:44:51.127+0000] {processor.py:756} INFO - Processing file /home/airflow/.local/lib/python3.7/site-packages/airflow/example_dags/example_external_task_marker_dag.py for tasks to queue
[2024-12-03T15:44:51.129+0000] {logging_mixin.py:120} INFO - [2024-12-03T15:44:51.129+0000] {dagbag.py:537} INFO - Filling up the DagBag from /home/airflow/.local/lib/python3.7/site-packages/airflow/example_dags/example_external_task_marker_dag.py
[2024-12-03T15:44:51.157+0000] {processor.py:766} INFO - DAG(s) dict_keys(['example_external_task_marker_child', 'example_external_task_marker_parent']) retrieved from /home/airflow/.local/lib/python3.7/site-packages/airflow/example_dags/example_external_task_marker_dag.py
[2024-12-03T15:44:51.615+0000] {logging_mixin.py:120} INFO - [2024-12-03T15:44:51.614+0000] {dag.py:2585} INFO - Sync 2 DAGs
[2024-12-03T15:44:51.667+0000] {logging_mixin.py:120} INFO - [2024-12-03T15:44:51.667+0000] {dag.py:3340} INFO - Setting next_dagrun for example_external_task_marker_child to None, run_after=None
[2024-12-03T15:44:51.674+0000] {logging_mixin.py:120} INFO - [2024-12-03T15:44:51.674+0000] {dag.py:3340} INFO - Setting next_dagrun for example_external_task_marker_parent to None, run_after=None
[2024-12-03T15:44:51.716+0000] {processor.py:176} INFO - Processing /home/airflow/.local/lib/python3.7/site-packages/airflow/example_dags/example_external_task_marker_dag.py took 0.597 seconds
[2024-12-03T15:45:22.681+0000] {processor.py:154} INFO - Started process (PID=3230) to work on /home/airflow/.local/lib/python3.7/site-packages/airflow/example_dags/example_external_task_marker_dag.py
[2024-12-03T15:45:22.682+0000] {processor.py:756} INFO - Processing file /home/airflow/.local/lib/python3.7/site-packages/airflow/example_dags/example_external_task_marker_dag.py for tasks to queue
[2024-12-03T15:45:22.684+0000] {logging_mixin.py:120} INFO - [2024-12-03T15:45:22.684+0000] {dagbag.py:537} INFO - Filling up the DagBag from /home/airflow/.local/lib/python3.7/site-packages/airflow/example_dags/example_external_task_marker_dag.py
[2024-12-03T15:45:22.709+0000] {processor.py:766} INFO - DAG(s) dict_keys(['example_external_task_marker_parent', 'example_external_task_marker_child']) retrieved from /home/airflow/.local/lib/python3.7/site-packages/airflow/example_dags/example_external_task_marker_dag.py
[2024-12-03T15:45:22.968+0000] {logging_mixin.py:120} INFO - [2024-12-03T15:45:22.968+0000] {dag.py:2585} INFO - Sync 2 DAGs
[2024-12-03T15:45:23.006+0000] {logging_mixin.py:120} INFO - [2024-12-03T15:45:23.006+0000] {dag.py:3340} INFO - Setting next_dagrun for example_external_task_marker_child to None, run_after=None
[2024-12-03T15:45:23.013+0000] {logging_mixin.py:120} INFO - [2024-12-03T15:45:23.013+0000] {dag.py:3340} INFO - Setting next_dagrun for example_external_task_marker_parent to None, run_after=None
[2024-12-03T15:45:23.046+0000] {processor.py:176} INFO - Processing /home/airflow/.local/lib/python3.7/site-packages/airflow/example_dags/example_external_task_marker_dag.py took 0.369 seconds
[2024-12-03T15:45:53.174+0000] {processor.py:154} INFO - Started process (PID=3293) to work on /home/airflow/.local/lib/python3.7/site-packages/airflow/example_dags/example_external_task_marker_dag.py
[2024-12-03T15:45:53.177+0000] {processor.py:756} INFO - Processing file /home/airflow/.local/lib/python3.7/site-packages/airflow/example_dags/example_external_task_marker_dag.py for tasks to queue
[2024-12-03T15:45:53.182+0000] {logging_mixin.py:120} INFO - [2024-12-03T15:45:53.181+0000] {dagbag.py:537} INFO - Filling up the DagBag from /home/airflow/.local/lib/python3.7/site-packages/airflow/example_dags/example_external_task_marker_dag.py
[2024-12-03T15:45:53.219+0000] {processor.py:766} INFO - DAG(s) dict_keys(['example_external_task_marker_parent', 'example_external_task_marker_child']) retrieved from /home/airflow/.local/lib/python3.7/site-packages/airflow/example_dags/example_external_task_marker_dag.py
[2024-12-03T15:45:53.873+0000] {logging_mixin.py:120} INFO - [2024-12-03T15:45:53.873+0000] {dag.py:2585} INFO - Sync 2 DAGs
[2024-12-03T15:45:53.939+0000] {logging_mixin.py:120} INFO - [2024-12-03T15:45:53.938+0000] {dag.py:3340} INFO - Setting next_dagrun for example_external_task_marker_child to None, run_after=None
[2024-12-03T15:45:53.948+0000] {logging_mixin.py:120} INFO - [2024-12-03T15:45:53.947+0000] {dag.py:3340} INFO - Setting next_dagrun for example_external_task_marker_parent to None, run_after=None
[2024-12-03T15:45:53.991+0000] {processor.py:176} INFO - Processing /home/airflow/.local/lib/python3.7/site-packages/airflow/example_dags/example_external_task_marker_dag.py took 0.826 seconds
[2024-12-03T15:46:24.999+0000] {processor.py:154} INFO - Started process (PID=3349) to work on /home/airflow/.local/lib/python3.7/site-packages/airflow/example_dags/example_external_task_marker_dag.py
[2024-12-03T15:46:25.001+0000] {processor.py:756} INFO - Processing file /home/airflow/.local/lib/python3.7/site-packages/airflow/example_dags/example_external_task_marker_dag.py for tasks to queue
[2024-12-03T15:46:25.002+0000] {logging_mixin.py:120} INFO - [2024-12-03T15:46:25.002+0000] {dagbag.py:537} INFO - Filling up the DagBag from /home/airflow/.local/lib/python3.7/site-packages/airflow/example_dags/example_external_task_marker_dag.py
[2024-12-03T15:46:25.034+0000] {processor.py:766} INFO - DAG(s) dict_keys(['example_external_task_marker_parent', 'example_external_task_marker_child']) retrieved from /home/airflow/.local/lib/python3.7/site-packages/airflow/example_dags/example_external_task_marker_dag.py
[2024-12-03T15:46:25.465+0000] {logging_mixin.py:120} INFO - [2024-12-03T15:46:25.464+0000] {dag.py:2585} INFO - Sync 2 DAGs
[2024-12-03T15:46:25.569+0000] {logging_mixin.py:120} INFO - [2024-12-03T15:46:25.569+0000] {dag.py:3340} INFO - Setting next_dagrun for example_external_task_marker_child to None, run_after=None
[2024-12-03T15:46:25.579+0000] {logging_mixin.py:120} INFO - [2024-12-03T15:46:25.579+0000] {dag.py:3340} INFO - Setting next_dagrun for example_external_task_marker_parent to None, run_after=None
[2024-12-03T15:46:25.638+0000] {processor.py:176} INFO - Processing /home/airflow/.local/lib/python3.7/site-packages/airflow/example_dags/example_external_task_marker_dag.py took 0.645 seconds
[2024-12-03T15:46:55.853+0000] {processor.py:154} INFO - Started process (PID=3412) to work on /home/airflow/.local/lib/python3.7/site-packages/airflow/example_dags/example_external_task_marker_dag.py
[2024-12-03T15:46:55.855+0000] {processor.py:756} INFO - Processing file /home/airflow/.local/lib/python3.7/site-packages/airflow/example_dags/example_external_task_marker_dag.py for tasks to queue
[2024-12-03T15:46:55.857+0000] {logging_mixin.py:120} INFO - [2024-12-03T15:46:55.857+0000] {dagbag.py:537} INFO - Filling up the DagBag from /home/airflow/.local/lib/python3.7/site-packages/airflow/example_dags/example_external_task_marker_dag.py
[2024-12-03T15:46:55.890+0000] {processor.py:766} INFO - DAG(s) dict_keys(['example_external_task_marker_child', 'example_external_task_marker_parent']) retrieved from /home/airflow/.local/lib/python3.7/site-packages/airflow/example_dags/example_external_task_marker_dag.py
[2024-12-03T15:46:56.540+0000] {logging_mixin.py:120} INFO - [2024-12-03T15:46:56.539+0000] {dag.py:2585} INFO - Sync 2 DAGs
[2024-12-03T15:46:56.596+0000] {logging_mixin.py:120} INFO - [2024-12-03T15:46:56.595+0000] {dag.py:3340} INFO - Setting next_dagrun for example_external_task_marker_child to None, run_after=None
[2024-12-03T15:46:56.609+0000] {logging_mixin.py:120} INFO - [2024-12-03T15:46:56.608+0000] {dag.py:3340} INFO - Setting next_dagrun for example_external_task_marker_parent to None, run_after=None
[2024-12-03T15:46:56.669+0000] {processor.py:176} INFO - Processing /home/airflow/.local/lib/python3.7/site-packages/airflow/example_dags/example_external_task_marker_dag.py took 0.824 seconds
[2024-12-03T15:47:27.008+0000] {processor.py:154} INFO - Started process (PID=3469) to work on /home/airflow/.local/lib/python3.7/site-packages/airflow/example_dags/example_external_task_marker_dag.py
[2024-12-03T15:47:27.011+0000] {processor.py:756} INFO - Processing file /home/airflow/.local/lib/python3.7/site-packages/airflow/example_dags/example_external_task_marker_dag.py for tasks to queue
[2024-12-03T15:47:27.013+0000] {logging_mixin.py:120} INFO - [2024-12-03T15:47:27.013+0000] {dagbag.py:537} INFO - Filling up the DagBag from /home/airflow/.local/lib/python3.7/site-packages/airflow/example_dags/example_external_task_marker_dag.py
[2024-12-03T15:47:27.035+0000] {processor.py:766} INFO - DAG(s) dict_keys(['example_external_task_marker_child', 'example_external_task_marker_parent']) retrieved from /home/airflow/.local/lib/python3.7/site-packages/airflow/example_dags/example_external_task_marker_dag.py
[2024-12-03T15:47:27.297+0000] {logging_mixin.py:120} INFO - [2024-12-03T15:47:27.296+0000] {dag.py:2585} INFO - Sync 2 DAGs
[2024-12-03T15:47:27.334+0000] {logging_mixin.py:120} INFO - [2024-12-03T15:47:27.334+0000] {dag.py:3340} INFO - Setting next_dagrun for example_external_task_marker_child to None, run_after=None
[2024-12-03T15:47:27.340+0000] {logging_mixin.py:120} INFO - [2024-12-03T15:47:27.340+0000] {dag.py:3340} INFO - Setting next_dagrun for example_external_task_marker_parent to None, run_after=None
[2024-12-03T15:47:27.384+0000] {processor.py:176} INFO - Processing /home/airflow/.local/lib/python3.7/site-packages/airflow/example_dags/example_external_task_marker_dag.py took 0.381 seconds
[2024-12-03T15:47:58.116+0000] {processor.py:154} INFO - Started process (PID=3525) to work on /home/airflow/.local/lib/python3.7/site-packages/airflow/example_dags/example_external_task_marker_dag.py
[2024-12-03T15:47:58.118+0000] {processor.py:756} INFO - Processing file /home/airflow/.local/lib/python3.7/site-packages/airflow/example_dags/example_external_task_marker_dag.py for tasks to queue
[2024-12-03T15:47:58.120+0000] {logging_mixin.py:120} INFO - [2024-12-03T15:47:58.120+0000] {dagbag.py:537} INFO - Filling up the DagBag from /home/airflow/.local/lib/python3.7/site-packages/airflow/example_dags/example_external_task_marker_dag.py
[2024-12-03T15:47:58.146+0000] {processor.py:766} INFO - DAG(s) dict_keys(['example_external_task_marker_parent', 'example_external_task_marker_child']) retrieved from /home/airflow/.local/lib/python3.7/site-packages/airflow/example_dags/example_external_task_marker_dag.py
[2024-12-03T15:47:58.507+0000] {logging_mixin.py:120} INFO - [2024-12-03T15:47:58.507+0000] {dag.py:2585} INFO - Sync 2 DAGs
[2024-12-03T15:47:58.551+0000] {logging_mixin.py:120} INFO - [2024-12-03T15:47:58.550+0000] {dag.py:3340} INFO - Setting next_dagrun for example_external_task_marker_child to None, run_after=None
[2024-12-03T15:47:58.559+0000] {logging_mixin.py:120} INFO - [2024-12-03T15:47:58.558+0000] {dag.py:3340} INFO - Setting next_dagrun for example_external_task_marker_parent to None, run_after=None
[2024-12-03T15:47:58.594+0000] {processor.py:176} INFO - Processing /home/airflow/.local/lib/python3.7/site-packages/airflow/example_dags/example_external_task_marker_dag.py took 0.483 seconds
[2024-12-03T15:49:22.944+0000] {processor.py:154} INFO - Started process (PID=92) to work on /home/airflow/.local/lib/python3.7/site-packages/airflow/example_dags/example_external_task_marker_dag.py
[2024-12-03T15:49:22.976+0000] {processor.py:756} INFO - Processing file /home/airflow/.local/lib/python3.7/site-packages/airflow/example_dags/example_external_task_marker_dag.py for tasks to queue
[2024-12-03T15:49:22.983+0000] {logging_mixin.py:120} INFO - [2024-12-03T15:49:22.983+0000] {dagbag.py:537} INFO - Filling up the DagBag from /home/airflow/.local/lib/python3.7/site-packages/airflow/example_dags/example_external_task_marker_dag.py
[2024-12-03T15:49:23.081+0000] {processor.py:766} INFO - DAG(s) dict_keys(['example_external_task_marker_child', 'example_external_task_marker_parent']) retrieved from /home/airflow/.local/lib/python3.7/site-packages/airflow/example_dags/example_external_task_marker_dag.py
[2024-12-03T15:49:24.285+0000] {logging_mixin.py:120} INFO - [2024-12-03T15:49:24.285+0000] {dag.py:2585} INFO - Sync 2 DAGs
[2024-12-03T15:49:24.374+0000] {logging_mixin.py:120} INFO - [2024-12-03T15:49:24.373+0000] {dag.py:3340} INFO - Setting next_dagrun for example_external_task_marker_child to None, run_after=None
[2024-12-03T15:49:24.393+0000] {logging_mixin.py:120} INFO - [2024-12-03T15:49:24.393+0000] {dag.py:3340} INFO - Setting next_dagrun for example_external_task_marker_parent to None, run_after=None
[2024-12-03T15:49:24.467+0000] {processor.py:176} INFO - Processing /home/airflow/.local/lib/python3.7/site-packages/airflow/example_dags/example_external_task_marker_dag.py took 1.529 seconds
[2024-12-03T15:50:09.144+0000] {processor.py:154} INFO - Started process (PID=146) to work on /home/airflow/.local/lib/python3.7/site-packages/airflow/example_dags/example_external_task_marker_dag.py
[2024-12-03T15:50:09.155+0000] {processor.py:756} INFO - Processing file /home/airflow/.local/lib/python3.7/site-packages/airflow/example_dags/example_external_task_marker_dag.py for tasks to queue
[2024-12-03T15:50:09.157+0000] {logging_mixin.py:120} INFO - [2024-12-03T15:50:09.157+0000] {dagbag.py:537} INFO - Filling up the DagBag from /home/airflow/.local/lib/python3.7/site-packages/airflow/example_dags/example_external_task_marker_dag.py
[2024-12-03T15:50:09.257+0000] {processor.py:766} INFO - DAG(s) dict_keys(['example_external_task_marker_parent', 'example_external_task_marker_child']) retrieved from /home/airflow/.local/lib/python3.7/site-packages/airflow/example_dags/example_external_task_marker_dag.py
[2024-12-03T15:50:09.749+0000] {logging_mixin.py:120} INFO - [2024-12-03T15:50:09.749+0000] {dag.py:2585} INFO - Sync 2 DAGs
[2024-12-03T15:50:09.794+0000] {logging_mixin.py:120} INFO - [2024-12-03T15:50:09.793+0000] {dag.py:3340} INFO - Setting next_dagrun for example_external_task_marker_child to None, run_after=None
[2024-12-03T15:50:09.803+0000] {logging_mixin.py:120} INFO - [2024-12-03T15:50:09.802+0000] {dag.py:3340} INFO - Setting next_dagrun for example_external_task_marker_parent to None, run_after=None
[2024-12-03T15:50:10.066+0000] {processor.py:176} INFO - Processing /home/airflow/.local/lib/python3.7/site-packages/airflow/example_dags/example_external_task_marker_dag.py took 0.927 seconds
[2024-12-03T15:50:40.424+0000] {processor.py:154} INFO - Started process (PID=203) to work on /home/airflow/.local/lib/python3.7/site-packages/airflow/example_dags/example_external_task_marker_dag.py
[2024-12-03T15:50:40.428+0000] {processor.py:756} INFO - Processing file /home/airflow/.local/lib/python3.7/site-packages/airflow/example_dags/example_external_task_marker_dag.py for tasks to queue
[2024-12-03T15:50:40.433+0000] {logging_mixin.py:120} INFO - [2024-12-03T15:50:40.432+0000] {dagbag.py:537} INFO - Filling up the DagBag from /home/airflow/.local/lib/python3.7/site-packages/airflow/example_dags/example_external_task_marker_dag.py
[2024-12-03T15:50:40.458+0000] {processor.py:766} INFO - DAG(s) dict_keys(['example_external_task_marker_parent', 'example_external_task_marker_child']) retrieved from /home/airflow/.local/lib/python3.7/site-packages/airflow/example_dags/example_external_task_marker_dag.py
[2024-12-03T15:50:40.996+0000] {logging_mixin.py:120} INFO - [2024-12-03T15:50:40.996+0000] {dag.py:2585} INFO - Sync 2 DAGs
[2024-12-03T15:50:41.065+0000] {logging_mixin.py:120} INFO - [2024-12-03T15:50:41.065+0000] {dag.py:3340} INFO - Setting next_dagrun for example_external_task_marker_child to None, run_after=None
[2024-12-03T15:50:41.082+0000] {logging_mixin.py:120} INFO - [2024-12-03T15:50:41.082+0000] {dag.py:3340} INFO - Setting next_dagrun for example_external_task_marker_parent to None, run_after=None
[2024-12-03T15:50:41.142+0000] {processor.py:176} INFO - Processing /home/airflow/.local/lib/python3.7/site-packages/airflow/example_dags/example_external_task_marker_dag.py took 0.723 seconds
[2024-12-03T15:51:11.219+0000] {processor.py:154} INFO - Started process (PID=267) to work on /home/airflow/.local/lib/python3.7/site-packages/airflow/example_dags/example_external_task_marker_dag.py
[2024-12-03T15:51:11.221+0000] {processor.py:756} INFO - Processing file /home/airflow/.local/lib/python3.7/site-packages/airflow/example_dags/example_external_task_marker_dag.py for tasks to queue
[2024-12-03T15:51:11.222+0000] {logging_mixin.py:120} INFO - [2024-12-03T15:51:11.222+0000] {dagbag.py:537} INFO - Filling up the DagBag from /home/airflow/.local/lib/python3.7/site-packages/airflow/example_dags/example_external_task_marker_dag.py
[2024-12-03T15:51:11.251+0000] {processor.py:766} INFO - DAG(s) dict_keys(['example_external_task_marker_child', 'example_external_task_marker_parent']) retrieved from /home/airflow/.local/lib/python3.7/site-packages/airflow/example_dags/example_external_task_marker_dag.py
[2024-12-03T15:51:11.563+0000] {logging_mixin.py:120} INFO - [2024-12-03T15:51:11.563+0000] {dag.py:2585} INFO - Sync 2 DAGs
[2024-12-03T15:51:11.611+0000] {logging_mixin.py:120} INFO - [2024-12-03T15:51:11.611+0000] {dag.py:3340} INFO - Setting next_dagrun for example_external_task_marker_child to None, run_after=None
[2024-12-03T15:51:11.623+0000] {logging_mixin.py:120} INFO - [2024-12-03T15:51:11.622+0000] {dag.py:3340} INFO - Setting next_dagrun for example_external_task_marker_parent to None, run_after=None
[2024-12-03T15:51:11.663+0000] {processor.py:176} INFO - Processing /home/airflow/.local/lib/python3.7/site-packages/airflow/example_dags/example_external_task_marker_dag.py took 0.450 seconds
[2024-12-03T15:51:41.936+0000] {processor.py:154} INFO - Started process (PID=326) to work on /home/airflow/.local/lib/python3.7/site-packages/airflow/example_dags/example_external_task_marker_dag.py
[2024-12-03T15:51:41.938+0000] {processor.py:756} INFO - Processing file /home/airflow/.local/lib/python3.7/site-packages/airflow/example_dags/example_external_task_marker_dag.py for tasks to queue
[2024-12-03T15:51:41.943+0000] {logging_mixin.py:120} INFO - [2024-12-03T15:51:41.940+0000] {dagbag.py:537} INFO - Filling up the DagBag from /home/airflow/.local/lib/python3.7/site-packages/airflow/example_dags/example_external_task_marker_dag.py
[2024-12-03T15:51:42.010+0000] {processor.py:766} INFO - DAG(s) dict_keys(['example_external_task_marker_parent', 'example_external_task_marker_child']) retrieved from /home/airflow/.local/lib/python3.7/site-packages/airflow/example_dags/example_external_task_marker_dag.py
[2024-12-03T15:51:42.614+0000] {logging_mixin.py:120} INFO - [2024-12-03T15:51:42.613+0000] {dag.py:2585} INFO - Sync 2 DAGs
[2024-12-03T15:51:42.743+0000] {logging_mixin.py:120} INFO - [2024-12-03T15:51:42.742+0000] {dag.py:3340} INFO - Setting next_dagrun for example_external_task_marker_child to None, run_after=None
[2024-12-03T15:51:42.755+0000] {logging_mixin.py:120} INFO - [2024-12-03T15:51:42.755+0000] {dag.py:3340} INFO - Setting next_dagrun for example_external_task_marker_parent to None, run_after=None
[2024-12-03T15:51:42.855+0000] {processor.py:176} INFO - Processing /home/airflow/.local/lib/python3.7/site-packages/airflow/example_dags/example_external_task_marker_dag.py took 0.936 seconds
[2024-12-03T15:53:07.468+0000] {processor.py:154} INFO - Started process (PID=78) to work on /home/airflow/.local/lib/python3.7/site-packages/airflow/example_dags/example_external_task_marker_dag.py
[2024-12-03T15:53:07.473+0000] {processor.py:756} INFO - Processing file /home/airflow/.local/lib/python3.7/site-packages/airflow/example_dags/example_external_task_marker_dag.py for tasks to queue
[2024-12-03T15:53:07.475+0000] {logging_mixin.py:120} INFO - [2024-12-03T15:53:07.475+0000] {dagbag.py:537} INFO - Filling up the DagBag from /home/airflow/.local/lib/python3.7/site-packages/airflow/example_dags/example_external_task_marker_dag.py
[2024-12-03T15:53:07.526+0000] {processor.py:766} INFO - DAG(s) dict_keys(['example_external_task_marker_child', 'example_external_task_marker_parent']) retrieved from /home/airflow/.local/lib/python3.7/site-packages/airflow/example_dags/example_external_task_marker_dag.py
[2024-12-03T15:53:08.182+0000] {logging_mixin.py:120} INFO - [2024-12-03T15:53:08.182+0000] {dag.py:2585} INFO - Sync 2 DAGs
[2024-12-03T15:53:08.240+0000] {logging_mixin.py:120} INFO - [2024-12-03T15:53:08.240+0000] {dag.py:3340} INFO - Setting next_dagrun for example_external_task_marker_child to None, run_after=None
[2024-12-03T15:53:08.250+0000] {logging_mixin.py:120} INFO - [2024-12-03T15:53:08.250+0000] {dag.py:3340} INFO - Setting next_dagrun for example_external_task_marker_parent to None, run_after=None
[2024-12-03T15:53:08.314+0000] {processor.py:176} INFO - Processing /home/airflow/.local/lib/python3.7/site-packages/airflow/example_dags/example_external_task_marker_dag.py took 0.864 seconds
[2024-12-03T15:53:39.192+0000] {processor.py:154} INFO - Started process (PID=144) to work on /home/airflow/.local/lib/python3.7/site-packages/airflow/example_dags/example_external_task_marker_dag.py
[2024-12-03T15:53:39.193+0000] {processor.py:756} INFO - Processing file /home/airflow/.local/lib/python3.7/site-packages/airflow/example_dags/example_external_task_marker_dag.py for tasks to queue
[2024-12-03T15:53:39.195+0000] {logging_mixin.py:120} INFO - [2024-12-03T15:53:39.194+0000] {dagbag.py:537} INFO - Filling up the DagBag from /home/airflow/.local/lib/python3.7/site-packages/airflow/example_dags/example_external_task_marker_dag.py
[2024-12-03T15:53:39.218+0000] {processor.py:766} INFO - DAG(s) dict_keys(['example_external_task_marker_parent', 'example_external_task_marker_child']) retrieved from /home/airflow/.local/lib/python3.7/site-packages/airflow/example_dags/example_external_task_marker_dag.py
[2024-12-03T15:53:39.521+0000] {logging_mixin.py:120} INFO - [2024-12-03T15:53:39.520+0000] {dag.py:2585} INFO - Sync 2 DAGs
[2024-12-03T15:53:39.570+0000] {logging_mixin.py:120} INFO - [2024-12-03T15:53:39.569+0000] {dag.py:3340} INFO - Setting next_dagrun for example_external_task_marker_child to None, run_after=None
[2024-12-03T15:53:39.579+0000] {logging_mixin.py:120} INFO - [2024-12-03T15:53:39.578+0000] {dag.py:3340} INFO - Setting next_dagrun for example_external_task_marker_parent to None, run_after=None
[2024-12-03T15:53:39.626+0000] {processor.py:176} INFO - Processing /home/airflow/.local/lib/python3.7/site-packages/airflow/example_dags/example_external_task_marker_dag.py took 0.437 seconds
[2024-12-03T15:54:10.057+0000] {processor.py:154} INFO - Started process (PID=201) to work on /home/airflow/.local/lib/python3.7/site-packages/airflow/example_dags/example_external_task_marker_dag.py
[2024-12-03T15:54:10.060+0000] {processor.py:756} INFO - Processing file /home/airflow/.local/lib/python3.7/site-packages/airflow/example_dags/example_external_task_marker_dag.py for tasks to queue
[2024-12-03T15:54:10.064+0000] {logging_mixin.py:120} INFO - [2024-12-03T15:54:10.063+0000] {dagbag.py:537} INFO - Filling up the DagBag from /home/airflow/.local/lib/python3.7/site-packages/airflow/example_dags/example_external_task_marker_dag.py
[2024-12-03T15:54:10.104+0000] {processor.py:766} INFO - DAG(s) dict_keys(['example_external_task_marker_parent', 'example_external_task_marker_child']) retrieved from /home/airflow/.local/lib/python3.7/site-packages/airflow/example_dags/example_external_task_marker_dag.py
[2024-12-03T15:54:10.401+0000] {logging_mixin.py:120} INFO - [2024-12-03T15:54:10.401+0000] {dag.py:2585} INFO - Sync 2 DAGs
[2024-12-03T15:54:10.443+0000] {logging_mixin.py:120} INFO - [2024-12-03T15:54:10.442+0000] {dag.py:3340} INFO - Setting next_dagrun for example_external_task_marker_child to None, run_after=None
[2024-12-03T15:54:10.450+0000] {logging_mixin.py:120} INFO - [2024-12-03T15:54:10.450+0000] {dag.py:3340} INFO - Setting next_dagrun for example_external_task_marker_parent to None, run_after=None
[2024-12-03T15:54:10.486+0000] {processor.py:176} INFO - Processing /home/airflow/.local/lib/python3.7/site-packages/airflow/example_dags/example_external_task_marker_dag.py took 0.438 seconds
[2024-12-03T15:54:41.146+0000] {processor.py:154} INFO - Started process (PID=265) to work on /home/airflow/.local/lib/python3.7/site-packages/airflow/example_dags/example_external_task_marker_dag.py
[2024-12-03T15:54:41.147+0000] {processor.py:756} INFO - Processing file /home/airflow/.local/lib/python3.7/site-packages/airflow/example_dags/example_external_task_marker_dag.py for tasks to queue
[2024-12-03T15:54:41.150+0000] {logging_mixin.py:120} INFO - [2024-12-03T15:54:41.149+0000] {dagbag.py:537} INFO - Filling up the DagBag from /home/airflow/.local/lib/python3.7/site-packages/airflow/example_dags/example_external_task_marker_dag.py
[2024-12-03T15:54:41.190+0000] {processor.py:766} INFO - DAG(s) dict_keys(['example_external_task_marker_parent', 'example_external_task_marker_child']) retrieved from /home/airflow/.local/lib/python3.7/site-packages/airflow/example_dags/example_external_task_marker_dag.py
[2024-12-03T15:54:41.764+0000] {logging_mixin.py:120} INFO - [2024-12-03T15:54:41.763+0000] {dag.py:2585} INFO - Sync 2 DAGs
[2024-12-03T15:54:41.843+0000] {logging_mixin.py:120} INFO - [2024-12-03T15:54:41.843+0000] {dag.py:3340} INFO - Setting next_dagrun for example_external_task_marker_child to None, run_after=None
[2024-12-03T15:54:41.862+0000] {logging_mixin.py:120} INFO - [2024-12-03T15:54:41.861+0000] {dag.py:3340} INFO - Setting next_dagrun for example_external_task_marker_parent to None, run_after=None
[2024-12-03T15:54:41.923+0000] {processor.py:176} INFO - Processing /home/airflow/.local/lib/python3.7/site-packages/airflow/example_dags/example_external_task_marker_dag.py took 0.782 seconds
[2024-12-03T15:55:12.825+0000] {processor.py:154} INFO - Started process (PID=321) to work on /home/airflow/.local/lib/python3.7/site-packages/airflow/example_dags/example_external_task_marker_dag.py
[2024-12-03T15:55:12.827+0000] {processor.py:756} INFO - Processing file /home/airflow/.local/lib/python3.7/site-packages/airflow/example_dags/example_external_task_marker_dag.py for tasks to queue
[2024-12-03T15:55:12.829+0000] {logging_mixin.py:120} INFO - [2024-12-03T15:55:12.829+0000] {dagbag.py:537} INFO - Filling up the DagBag from /home/airflow/.local/lib/python3.7/site-packages/airflow/example_dags/example_external_task_marker_dag.py
[2024-12-03T15:55:12.857+0000] {processor.py:766} INFO - DAG(s) dict_keys(['example_external_task_marker_parent', 'example_external_task_marker_child']) retrieved from /home/airflow/.local/lib/python3.7/site-packages/airflow/example_dags/example_external_task_marker_dag.py
[2024-12-03T15:55:13.166+0000] {logging_mixin.py:120} INFO - [2024-12-03T15:55:13.165+0000] {dag.py:2585} INFO - Sync 2 DAGs
[2024-12-03T15:55:13.206+0000] {logging_mixin.py:120} INFO - [2024-12-03T15:55:13.206+0000] {dag.py:3340} INFO - Setting next_dagrun for example_external_task_marker_child to None, run_after=None
[2024-12-03T15:55:13.213+0000] {logging_mixin.py:120} INFO - [2024-12-03T15:55:13.213+0000] {dag.py:3340} INFO - Setting next_dagrun for example_external_task_marker_parent to None, run_after=None
[2024-12-03T15:55:13.249+0000] {processor.py:176} INFO - Processing /home/airflow/.local/lib/python3.7/site-packages/airflow/example_dags/example_external_task_marker_dag.py took 0.428 seconds
[2024-12-03T15:55:43.612+0000] {processor.py:154} INFO - Started process (PID=377) to work on /home/airflow/.local/lib/python3.7/site-packages/airflow/example_dags/example_external_task_marker_dag.py
[2024-12-03T15:55:43.614+0000] {processor.py:756} INFO - Processing file /home/airflow/.local/lib/python3.7/site-packages/airflow/example_dags/example_external_task_marker_dag.py for tasks to queue
[2024-12-03T15:55:43.617+0000] {logging_mixin.py:120} INFO - [2024-12-03T15:55:43.616+0000] {dagbag.py:537} INFO - Filling up the DagBag from /home/airflow/.local/lib/python3.7/site-packages/airflow/example_dags/example_external_task_marker_dag.py
[2024-12-03T15:55:43.646+0000] {processor.py:766} INFO - DAG(s) dict_keys(['example_external_task_marker_parent', 'example_external_task_marker_child']) retrieved from /home/airflow/.local/lib/python3.7/site-packages/airflow/example_dags/example_external_task_marker_dag.py
[2024-12-03T15:55:44.018+0000] {logging_mixin.py:120} INFO - [2024-12-03T15:55:44.018+0000] {dag.py:2585} INFO - Sync 2 DAGs
[2024-12-03T15:55:44.069+0000] {logging_mixin.py:120} INFO - [2024-12-03T15:55:44.068+0000] {dag.py:3340} INFO - Setting next_dagrun for example_external_task_marker_child to None, run_after=None
[2024-12-03T15:55:44.075+0000] {logging_mixin.py:120} INFO - [2024-12-03T15:55:44.075+0000] {dag.py:3340} INFO - Setting next_dagrun for example_external_task_marker_parent to None, run_after=None
[2024-12-03T15:55:44.114+0000] {processor.py:176} INFO - Processing /home/airflow/.local/lib/python3.7/site-packages/airflow/example_dags/example_external_task_marker_dag.py took 0.509 seconds
[2024-12-03T15:56:16.523+0000] {processor.py:154} INFO - Started process (PID=441) to work on /home/airflow/.local/lib/python3.7/site-packages/airflow/example_dags/example_external_task_marker_dag.py
[2024-12-03T15:56:16.526+0000] {processor.py:756} INFO - Processing file /home/airflow/.local/lib/python3.7/site-packages/airflow/example_dags/example_external_task_marker_dag.py for tasks to queue
[2024-12-03T15:56:16.529+0000] {logging_mixin.py:120} INFO - [2024-12-03T15:56:16.528+0000] {dagbag.py:537} INFO - Filling up the DagBag from /home/airflow/.local/lib/python3.7/site-packages/airflow/example_dags/example_external_task_marker_dag.py
[2024-12-03T15:56:16.561+0000] {processor.py:766} INFO - DAG(s) dict_keys(['example_external_task_marker_parent', 'example_external_task_marker_child']) retrieved from /home/airflow/.local/lib/python3.7/site-packages/airflow/example_dags/example_external_task_marker_dag.py
[2024-12-03T15:56:17.047+0000] {logging_mixin.py:120} INFO - [2024-12-03T15:56:17.046+0000] {dag.py:2585} INFO - Sync 2 DAGs
[2024-12-03T15:56:17.098+0000] {logging_mixin.py:120} INFO - [2024-12-03T15:56:17.098+0000] {dag.py:3340} INFO - Setting next_dagrun for example_external_task_marker_child to None, run_after=None
[2024-12-03T15:56:17.113+0000] {logging_mixin.py:120} INFO - [2024-12-03T15:56:17.110+0000] {dag.py:3340} INFO - Setting next_dagrun for example_external_task_marker_parent to None, run_after=None
[2024-12-03T15:56:17.190+0000] {processor.py:176} INFO - Processing /home/airflow/.local/lib/python3.7/site-packages/airflow/example_dags/example_external_task_marker_dag.py took 0.674 seconds
[2024-12-03T15:56:47.475+0000] {processor.py:154} INFO - Started process (PID=501) to work on /home/airflow/.local/lib/python3.7/site-packages/airflow/example_dags/example_external_task_marker_dag.py
[2024-12-03T15:56:47.477+0000] {processor.py:756} INFO - Processing file /home/airflow/.local/lib/python3.7/site-packages/airflow/example_dags/example_external_task_marker_dag.py for tasks to queue
[2024-12-03T15:56:47.478+0000] {logging_mixin.py:120} INFO - [2024-12-03T15:56:47.478+0000] {dagbag.py:537} INFO - Filling up the DagBag from /home/airflow/.local/lib/python3.7/site-packages/airflow/example_dags/example_external_task_marker_dag.py
[2024-12-03T15:56:47.511+0000] {processor.py:766} INFO - DAG(s) dict_keys(['example_external_task_marker_parent', 'example_external_task_marker_child']) retrieved from /home/airflow/.local/lib/python3.7/site-packages/airflow/example_dags/example_external_task_marker_dag.py
[2024-12-03T15:56:47.961+0000] {logging_mixin.py:120} INFO - [2024-12-03T15:56:47.961+0000] {dag.py:2585} INFO - Sync 2 DAGs
[2024-12-03T15:56:48.026+0000] {logging_mixin.py:120} INFO - [2024-12-03T15:56:48.025+0000] {dag.py:3340} INFO - Setting next_dagrun for example_external_task_marker_child to None, run_after=None
[2024-12-03T15:56:48.036+0000] {logging_mixin.py:120} INFO - [2024-12-03T15:56:48.036+0000] {dag.py:3340} INFO - Setting next_dagrun for example_external_task_marker_parent to None, run_after=None
[2024-12-03T15:56:48.089+0000] {processor.py:176} INFO - Processing /home/airflow/.local/lib/python3.7/site-packages/airflow/example_dags/example_external_task_marker_dag.py took 0.618 seconds
[2024-12-03T15:57:18.183+0000] {processor.py:154} INFO - Started process (PID=555) to work on /home/airflow/.local/lib/python3.7/site-packages/airflow/example_dags/example_external_task_marker_dag.py
[2024-12-03T15:57:18.185+0000] {processor.py:756} INFO - Processing file /home/airflow/.local/lib/python3.7/site-packages/airflow/example_dags/example_external_task_marker_dag.py for tasks to queue
[2024-12-03T15:57:18.187+0000] {logging_mixin.py:120} INFO - [2024-12-03T15:57:18.187+0000] {dagbag.py:537} INFO - Filling up the DagBag from /home/airflow/.local/lib/python3.7/site-packages/airflow/example_dags/example_external_task_marker_dag.py
[2024-12-03T15:57:18.214+0000] {processor.py:766} INFO - DAG(s) dict_keys(['example_external_task_marker_child', 'example_external_task_marker_parent']) retrieved from /home/airflow/.local/lib/python3.7/site-packages/airflow/example_dags/example_external_task_marker_dag.py
[2024-12-03T15:57:18.586+0000] {logging_mixin.py:120} INFO - [2024-12-03T15:57:18.585+0000] {dag.py:2585} INFO - Sync 2 DAGs
[2024-12-03T15:57:18.628+0000] {logging_mixin.py:120} INFO - [2024-12-03T15:57:18.628+0000] {dag.py:3340} INFO - Setting next_dagrun for example_external_task_marker_child to None, run_after=None
[2024-12-03T15:57:18.633+0000] {logging_mixin.py:120} INFO - [2024-12-03T15:57:18.633+0000] {dag.py:3340} INFO - Setting next_dagrun for example_external_task_marker_parent to None, run_after=None
[2024-12-03T15:57:18.684+0000] {processor.py:176} INFO - Processing /home/airflow/.local/lib/python3.7/site-packages/airflow/example_dags/example_external_task_marker_dag.py took 0.507 seconds
[2024-12-03T15:57:49.119+0000] {processor.py:154} INFO - Started process (PID=623) to work on /home/airflow/.local/lib/python3.7/site-packages/airflow/example_dags/example_external_task_marker_dag.py
[2024-12-03T15:57:49.121+0000] {processor.py:756} INFO - Processing file /home/airflow/.local/lib/python3.7/site-packages/airflow/example_dags/example_external_task_marker_dag.py for tasks to queue
[2024-12-03T15:57:49.123+0000] {logging_mixin.py:120} INFO - [2024-12-03T15:57:49.123+0000] {dagbag.py:537} INFO - Filling up the DagBag from /home/airflow/.local/lib/python3.7/site-packages/airflow/example_dags/example_external_task_marker_dag.py
[2024-12-03T15:57:49.144+0000] {processor.py:766} INFO - DAG(s) dict_keys(['example_external_task_marker_parent', 'example_external_task_marker_child']) retrieved from /home/airflow/.local/lib/python3.7/site-packages/airflow/example_dags/example_external_task_marker_dag.py
[2024-12-03T15:57:49.405+0000] {logging_mixin.py:120} INFO - [2024-12-03T15:57:49.405+0000] {dag.py:2585} INFO - Sync 2 DAGs
[2024-12-03T15:57:49.441+0000] {logging_mixin.py:120} INFO - [2024-12-03T15:57:49.441+0000] {dag.py:3340} INFO - Setting next_dagrun for example_external_task_marker_child to None, run_after=None
[2024-12-03T15:57:49.447+0000] {logging_mixin.py:120} INFO - [2024-12-03T15:57:49.447+0000] {dag.py:3340} INFO - Setting next_dagrun for example_external_task_marker_parent to None, run_after=None
[2024-12-03T15:57:49.477+0000] {processor.py:176} INFO - Processing /home/airflow/.local/lib/python3.7/site-packages/airflow/example_dags/example_external_task_marker_dag.py took 0.362 seconds
[2024-12-03T15:58:19.748+0000] {processor.py:154} INFO - Started process (PID=691) to work on /home/airflow/.local/lib/python3.7/site-packages/airflow/example_dags/example_external_task_marker_dag.py
[2024-12-03T15:58:19.750+0000] {processor.py:756} INFO - Processing file /home/airflow/.local/lib/python3.7/site-packages/airflow/example_dags/example_external_task_marker_dag.py for tasks to queue
[2024-12-03T15:58:19.752+0000] {logging_mixin.py:120} INFO - [2024-12-03T15:58:19.752+0000] {dagbag.py:537} INFO - Filling up the DagBag from /home/airflow/.local/lib/python3.7/site-packages/airflow/example_dags/example_external_task_marker_dag.py
[2024-12-03T15:58:19.773+0000] {processor.py:766} INFO - DAG(s) dict_keys(['example_external_task_marker_child', 'example_external_task_marker_parent']) retrieved from /home/airflow/.local/lib/python3.7/site-packages/airflow/example_dags/example_external_task_marker_dag.py
[2024-12-03T15:58:20.146+0000] {logging_mixin.py:120} INFO - [2024-12-03T15:58:20.145+0000] {dag.py:2585} INFO - Sync 2 DAGs
[2024-12-03T15:58:20.197+0000] {logging_mixin.py:120} INFO - [2024-12-03T15:58:20.197+0000] {dag.py:3340} INFO - Setting next_dagrun for example_external_task_marker_child to None, run_after=None
[2024-12-03T15:58:20.205+0000] {logging_mixin.py:120} INFO - [2024-12-03T15:58:20.205+0000] {dag.py:3340} INFO - Setting next_dagrun for example_external_task_marker_parent to None, run_after=None
[2024-12-03T15:58:20.266+0000] {processor.py:176} INFO - Processing /home/airflow/.local/lib/python3.7/site-packages/airflow/example_dags/example_external_task_marker_dag.py took 0.523 seconds
[2024-12-03T15:58:50.617+0000] {processor.py:154} INFO - Started process (PID=755) to work on /home/airflow/.local/lib/python3.7/site-packages/airflow/example_dags/example_external_task_marker_dag.py
[2024-12-03T15:58:50.620+0000] {processor.py:756} INFO - Processing file /home/airflow/.local/lib/python3.7/site-packages/airflow/example_dags/example_external_task_marker_dag.py for tasks to queue
[2024-12-03T15:58:50.623+0000] {logging_mixin.py:120} INFO - [2024-12-03T15:58:50.622+0000] {dagbag.py:537} INFO - Filling up the DagBag from /home/airflow/.local/lib/python3.7/site-packages/airflow/example_dags/example_external_task_marker_dag.py
[2024-12-03T15:58:50.661+0000] {processor.py:766} INFO - DAG(s) dict_keys(['example_external_task_marker_parent', 'example_external_task_marker_child']) retrieved from /home/airflow/.local/lib/python3.7/site-packages/airflow/example_dags/example_external_task_marker_dag.py
[2024-12-03T15:58:51.064+0000] {logging_mixin.py:120} INFO - [2024-12-03T15:58:51.064+0000] {dag.py:2585} INFO - Sync 2 DAGs
[2024-12-03T15:58:51.112+0000] {logging_mixin.py:120} INFO - [2024-12-03T15:58:51.112+0000] {dag.py:3340} INFO - Setting next_dagrun for example_external_task_marker_child to None, run_after=None
[2024-12-03T15:58:51.119+0000] {logging_mixin.py:120} INFO - [2024-12-03T15:58:51.119+0000] {dag.py:3340} INFO - Setting next_dagrun for example_external_task_marker_parent to None, run_after=None
[2024-12-03T15:58:51.166+0000] {processor.py:176} INFO - Processing /home/airflow/.local/lib/python3.7/site-packages/airflow/example_dags/example_external_task_marker_dag.py took 0.556 seconds
[2024-12-03T15:59:21.708+0000] {processor.py:154} INFO - Started process (PID=810) to work on /home/airflow/.local/lib/python3.7/site-packages/airflow/example_dags/example_external_task_marker_dag.py
[2024-12-03T15:59:21.710+0000] {processor.py:756} INFO - Processing file /home/airflow/.local/lib/python3.7/site-packages/airflow/example_dags/example_external_task_marker_dag.py for tasks to queue
[2024-12-03T15:59:21.714+0000] {logging_mixin.py:120} INFO - [2024-12-03T15:59:21.711+0000] {dagbag.py:537} INFO - Filling up the DagBag from /home/airflow/.local/lib/python3.7/site-packages/airflow/example_dags/example_external_task_marker_dag.py
[2024-12-03T15:59:21.749+0000] {processor.py:766} INFO - DAG(s) dict_keys(['example_external_task_marker_parent', 'example_external_task_marker_child']) retrieved from /home/airflow/.local/lib/python3.7/site-packages/airflow/example_dags/example_external_task_marker_dag.py
[2024-12-03T15:59:22.237+0000] {logging_mixin.py:120} INFO - [2024-12-03T15:59:22.236+0000] {dag.py:2585} INFO - Sync 2 DAGs
[2024-12-03T15:59:22.281+0000] {logging_mixin.py:120} INFO - [2024-12-03T15:59:22.280+0000] {dag.py:3340} INFO - Setting next_dagrun for example_external_task_marker_child to None, run_after=None
[2024-12-03T15:59:22.291+0000] {logging_mixin.py:120} INFO - [2024-12-03T15:59:22.290+0000] {dag.py:3340} INFO - Setting next_dagrun for example_external_task_marker_parent to None, run_after=None
[2024-12-03T15:59:22.336+0000] {processor.py:176} INFO - Processing /home/airflow/.local/lib/python3.7/site-packages/airflow/example_dags/example_external_task_marker_dag.py took 0.634 seconds
[2024-12-03T15:59:52.599+0000] {processor.py:154} INFO - Started process (PID=876) to work on /home/airflow/.local/lib/python3.7/site-packages/airflow/example_dags/example_external_task_marker_dag.py
[2024-12-03T15:59:52.602+0000] {processor.py:756} INFO - Processing file /home/airflow/.local/lib/python3.7/site-packages/airflow/example_dags/example_external_task_marker_dag.py for tasks to queue
[2024-12-03T15:59:52.603+0000] {logging_mixin.py:120} INFO - [2024-12-03T15:59:52.603+0000] {dagbag.py:537} INFO - Filling up the DagBag from /home/airflow/.local/lib/python3.7/site-packages/airflow/example_dags/example_external_task_marker_dag.py
[2024-12-03T15:59:52.625+0000] {processor.py:766} INFO - DAG(s) dict_keys(['example_external_task_marker_child', 'example_external_task_marker_parent']) retrieved from /home/airflow/.local/lib/python3.7/site-packages/airflow/example_dags/example_external_task_marker_dag.py
[2024-12-03T15:59:53.143+0000] {logging_mixin.py:120} INFO - [2024-12-03T15:59:53.143+0000] {dag.py:2585} INFO - Sync 2 DAGs
[2024-12-03T15:59:53.219+0000] {logging_mixin.py:120} INFO - [2024-12-03T15:59:53.219+0000] {dag.py:3340} INFO - Setting next_dagrun for example_external_task_marker_child to None, run_after=None
[2024-12-03T15:59:53.231+0000] {logging_mixin.py:120} INFO - [2024-12-03T15:59:53.231+0000] {dag.py:3340} INFO - Setting next_dagrun for example_external_task_marker_parent to None, run_after=None
[2024-12-03T15:59:53.284+0000] {processor.py:176} INFO - Processing /home/airflow/.local/lib/python3.7/site-packages/airflow/example_dags/example_external_task_marker_dag.py took 0.690 seconds
[2024-12-03T16:00:24.259+0000] {processor.py:154} INFO - Started process (PID=931) to work on /home/airflow/.local/lib/python3.7/site-packages/airflow/example_dags/example_external_task_marker_dag.py
[2024-12-03T16:00:24.261+0000] {processor.py:756} INFO - Processing file /home/airflow/.local/lib/python3.7/site-packages/airflow/example_dags/example_external_task_marker_dag.py for tasks to queue
[2024-12-03T16:00:24.263+0000] {logging_mixin.py:120} INFO - [2024-12-03T16:00:24.262+0000] {dagbag.py:537} INFO - Filling up the DagBag from /home/airflow/.local/lib/python3.7/site-packages/airflow/example_dags/example_external_task_marker_dag.py
[2024-12-03T16:00:24.293+0000] {processor.py:766} INFO - DAG(s) dict_keys(['example_external_task_marker_parent', 'example_external_task_marker_child']) retrieved from /home/airflow/.local/lib/python3.7/site-packages/airflow/example_dags/example_external_task_marker_dag.py
[2024-12-03T16:00:24.640+0000] {logging_mixin.py:120} INFO - [2024-12-03T16:00:24.640+0000] {dag.py:2585} INFO - Sync 2 DAGs
[2024-12-03T16:00:24.691+0000] {logging_mixin.py:120} INFO - [2024-12-03T16:00:24.691+0000] {dag.py:3340} INFO - Setting next_dagrun for example_external_task_marker_child to None, run_after=None
[2024-12-03T16:00:24.699+0000] {logging_mixin.py:120} INFO - [2024-12-03T16:00:24.699+0000] {dag.py:3340} INFO - Setting next_dagrun for example_external_task_marker_parent to None, run_after=None
[2024-12-03T16:00:24.740+0000] {processor.py:176} INFO - Processing /home/airflow/.local/lib/python3.7/site-packages/airflow/example_dags/example_external_task_marker_dag.py took 0.484 seconds
[2024-12-03T16:00:54.815+0000] {processor.py:154} INFO - Started process (PID=986) to work on /home/airflow/.local/lib/python3.7/site-packages/airflow/example_dags/example_external_task_marker_dag.py
[2024-12-03T16:00:54.818+0000] {processor.py:756} INFO - Processing file /home/airflow/.local/lib/python3.7/site-packages/airflow/example_dags/example_external_task_marker_dag.py for tasks to queue
[2024-12-03T16:00:54.819+0000] {logging_mixin.py:120} INFO - [2024-12-03T16:00:54.819+0000] {dagbag.py:537} INFO - Filling up the DagBag from /home/airflow/.local/lib/python3.7/site-packages/airflow/example_dags/example_external_task_marker_dag.py
[2024-12-03T16:00:54.847+0000] {processor.py:766} INFO - DAG(s) dict_keys(['example_external_task_marker_parent', 'example_external_task_marker_child']) retrieved from /home/airflow/.local/lib/python3.7/site-packages/airflow/example_dags/example_external_task_marker_dag.py
[2024-12-03T16:00:55.160+0000] {logging_mixin.py:120} INFO - [2024-12-03T16:00:55.160+0000] {dag.py:2585} INFO - Sync 2 DAGs
[2024-12-03T16:00:55.201+0000] {logging_mixin.py:120} INFO - [2024-12-03T16:00:55.201+0000] {dag.py:3340} INFO - Setting next_dagrun for example_external_task_marker_child to None, run_after=None
[2024-12-03T16:00:55.208+0000] {logging_mixin.py:120} INFO - [2024-12-03T16:00:55.207+0000] {dag.py:3340} INFO - Setting next_dagrun for example_external_task_marker_parent to None, run_after=None
[2024-12-03T16:00:55.250+0000] {processor.py:176} INFO - Processing /home/airflow/.local/lib/python3.7/site-packages/airflow/example_dags/example_external_task_marker_dag.py took 0.441 seconds
[2024-12-03T16:01:25.845+0000] {processor.py:154} INFO - Started process (PID=1050) to work on /home/airflow/.local/lib/python3.7/site-packages/airflow/example_dags/example_external_task_marker_dag.py
[2024-12-03T16:01:25.847+0000] {processor.py:756} INFO - Processing file /home/airflow/.local/lib/python3.7/site-packages/airflow/example_dags/example_external_task_marker_dag.py for tasks to queue
[2024-12-03T16:01:25.848+0000] {logging_mixin.py:120} INFO - [2024-12-03T16:01:25.848+0000] {dagbag.py:537} INFO - Filling up the DagBag from /home/airflow/.local/lib/python3.7/site-packages/airflow/example_dags/example_external_task_marker_dag.py
[2024-12-03T16:01:25.876+0000] {processor.py:766} INFO - DAG(s) dict_keys(['example_external_task_marker_child', 'example_external_task_marker_parent']) retrieved from /home/airflow/.local/lib/python3.7/site-packages/airflow/example_dags/example_external_task_marker_dag.py
[2024-12-03T16:01:26.258+0000] {logging_mixin.py:120} INFO - [2024-12-03T16:01:26.257+0000] {dag.py:2585} INFO - Sync 2 DAGs
[2024-12-03T16:01:26.300+0000] {logging_mixin.py:120} INFO - [2024-12-03T16:01:26.300+0000] {dag.py:3340} INFO - Setting next_dagrun for example_external_task_marker_child to None, run_after=None
[2024-12-03T16:01:26.307+0000] {logging_mixin.py:120} INFO - [2024-12-03T16:01:26.307+0000] {dag.py:3340} INFO - Setting next_dagrun for example_external_task_marker_parent to None, run_after=None
[2024-12-03T16:01:26.347+0000] {processor.py:176} INFO - Processing /home/airflow/.local/lib/python3.7/site-packages/airflow/example_dags/example_external_task_marker_dag.py took 0.507 seconds
[2024-12-03T16:01:56.497+0000] {processor.py:154} INFO - Started process (PID=1105) to work on /home/airflow/.local/lib/python3.7/site-packages/airflow/example_dags/example_external_task_marker_dag.py
[2024-12-03T16:01:56.499+0000] {processor.py:756} INFO - Processing file /home/airflow/.local/lib/python3.7/site-packages/airflow/example_dags/example_external_task_marker_dag.py for tasks to queue
[2024-12-03T16:01:56.501+0000] {logging_mixin.py:120} INFO - [2024-12-03T16:01:56.500+0000] {dagbag.py:537} INFO - Filling up the DagBag from /home/airflow/.local/lib/python3.7/site-packages/airflow/example_dags/example_external_task_marker_dag.py
[2024-12-03T16:01:56.524+0000] {processor.py:766} INFO - DAG(s) dict_keys(['example_external_task_marker_child', 'example_external_task_marker_parent']) retrieved from /home/airflow/.local/lib/python3.7/site-packages/airflow/example_dags/example_external_task_marker_dag.py
[2024-12-03T16:01:56.879+0000] {logging_mixin.py:120} INFO - [2024-12-03T16:01:56.878+0000] {dag.py:2585} INFO - Sync 2 DAGs
[2024-12-03T16:01:56.923+0000] {logging_mixin.py:120} INFO - [2024-12-03T16:01:56.923+0000] {dag.py:3340} INFO - Setting next_dagrun for example_external_task_marker_child to None, run_after=None
[2024-12-03T16:01:56.935+0000] {logging_mixin.py:120} INFO - [2024-12-03T16:01:56.935+0000] {dag.py:3340} INFO - Setting next_dagrun for example_external_task_marker_parent to None, run_after=None
[2024-12-03T16:01:56.971+0000] {processor.py:176} INFO - Processing /home/airflow/.local/lib/python3.7/site-packages/airflow/example_dags/example_external_task_marker_dag.py took 0.480 seconds
[2024-12-03T16:02:27.520+0000] {processor.py:154} INFO - Started process (PID=1171) to work on /home/airflow/.local/lib/python3.7/site-packages/airflow/example_dags/example_external_task_marker_dag.py
[2024-12-03T16:02:27.522+0000] {processor.py:756} INFO - Processing file /home/airflow/.local/lib/python3.7/site-packages/airflow/example_dags/example_external_task_marker_dag.py for tasks to queue
[2024-12-03T16:02:27.523+0000] {logging_mixin.py:120} INFO - [2024-12-03T16:02:27.523+0000] {dagbag.py:537} INFO - Filling up the DagBag from /home/airflow/.local/lib/python3.7/site-packages/airflow/example_dags/example_external_task_marker_dag.py
[2024-12-03T16:02:27.551+0000] {processor.py:766} INFO - DAG(s) dict_keys(['example_external_task_marker_child', 'example_external_task_marker_parent']) retrieved from /home/airflow/.local/lib/python3.7/site-packages/airflow/example_dags/example_external_task_marker_dag.py
[2024-12-03T16:02:28.163+0000] {logging_mixin.py:120} INFO - [2024-12-03T16:02:28.163+0000] {dag.py:2585} INFO - Sync 2 DAGs
[2024-12-03T16:02:28.268+0000] {logging_mixin.py:120} INFO - [2024-12-03T16:02:28.268+0000] {dag.py:3340} INFO - Setting next_dagrun for example_external_task_marker_child to None, run_after=None
[2024-12-03T16:02:28.277+0000] {logging_mixin.py:120} INFO - [2024-12-03T16:02:28.276+0000] {dag.py:3340} INFO - Setting next_dagrun for example_external_task_marker_parent to None, run_after=None
[2024-12-03T16:02:28.334+0000] {processor.py:176} INFO - Processing /home/airflow/.local/lib/python3.7/site-packages/airflow/example_dags/example_external_task_marker_dag.py took 0.819 seconds
[2024-12-03T16:02:58.933+0000] {processor.py:154} INFO - Started process (PID=1226) to work on /home/airflow/.local/lib/python3.7/site-packages/airflow/example_dags/example_external_task_marker_dag.py
[2024-12-03T16:02:58.936+0000] {processor.py:756} INFO - Processing file /home/airflow/.local/lib/python3.7/site-packages/airflow/example_dags/example_external_task_marker_dag.py for tasks to queue
[2024-12-03T16:02:58.937+0000] {logging_mixin.py:120} INFO - [2024-12-03T16:02:58.937+0000] {dagbag.py:537} INFO - Filling up the DagBag from /home/airflow/.local/lib/python3.7/site-packages/airflow/example_dags/example_external_task_marker_dag.py
[2024-12-03T16:02:58.963+0000] {processor.py:766} INFO - DAG(s) dict_keys(['example_external_task_marker_child', 'example_external_task_marker_parent']) retrieved from /home/airflow/.local/lib/python3.7/site-packages/airflow/example_dags/example_external_task_marker_dag.py
[2024-12-03T16:02:59.361+0000] {logging_mixin.py:120} INFO - [2024-12-03T16:02:59.360+0000] {dag.py:2585} INFO - Sync 2 DAGs
[2024-12-03T16:02:59.404+0000] {logging_mixin.py:120} INFO - [2024-12-03T16:02:59.404+0000] {dag.py:3340} INFO - Setting next_dagrun for example_external_task_marker_child to None, run_after=None
[2024-12-03T16:02:59.411+0000] {logging_mixin.py:120} INFO - [2024-12-03T16:02:59.411+0000] {dag.py:3340} INFO - Setting next_dagrun for example_external_task_marker_parent to None, run_after=None
[2024-12-03T16:02:59.461+0000] {processor.py:176} INFO - Processing /home/airflow/.local/lib/python3.7/site-packages/airflow/example_dags/example_external_task_marker_dag.py took 0.532 seconds
[2024-12-03T16:03:29.545+0000] {processor.py:154} INFO - Started process (PID=1302) to work on /home/airflow/.local/lib/python3.7/site-packages/airflow/example_dags/example_external_task_marker_dag.py
[2024-12-03T16:03:29.547+0000] {processor.py:756} INFO - Processing file /home/airflow/.local/lib/python3.7/site-packages/airflow/example_dags/example_external_task_marker_dag.py for tasks to queue
[2024-12-03T16:03:29.549+0000] {logging_mixin.py:120} INFO - [2024-12-03T16:03:29.549+0000] {dagbag.py:537} INFO - Filling up the DagBag from /home/airflow/.local/lib/python3.7/site-packages/airflow/example_dags/example_external_task_marker_dag.py
[2024-12-03T16:03:29.569+0000] {processor.py:766} INFO - DAG(s) dict_keys(['example_external_task_marker_child', 'example_external_task_marker_parent']) retrieved from /home/airflow/.local/lib/python3.7/site-packages/airflow/example_dags/example_external_task_marker_dag.py
[2024-12-03T16:03:29.892+0000] {logging_mixin.py:120} INFO - [2024-12-03T16:03:29.892+0000] {dag.py:2585} INFO - Sync 2 DAGs
[2024-12-03T16:03:29.933+0000] {logging_mixin.py:120} INFO - [2024-12-03T16:03:29.933+0000] {dag.py:3340} INFO - Setting next_dagrun for example_external_task_marker_child to None, run_after=None
[2024-12-03T16:03:29.941+0000] {logging_mixin.py:120} INFO - [2024-12-03T16:03:29.941+0000] {dag.py:3340} INFO - Setting next_dagrun for example_external_task_marker_parent to None, run_after=None
[2024-12-03T16:03:29.972+0000] {processor.py:176} INFO - Processing /home/airflow/.local/lib/python3.7/site-packages/airflow/example_dags/example_external_task_marker_dag.py took 0.432 seconds
[2024-12-03T16:04:00.111+0000] {processor.py:154} INFO - Started process (PID=1358) to work on /home/airflow/.local/lib/python3.7/site-packages/airflow/example_dags/example_external_task_marker_dag.py
[2024-12-03T16:04:00.113+0000] {processor.py:756} INFO - Processing file /home/airflow/.local/lib/python3.7/site-packages/airflow/example_dags/example_external_task_marker_dag.py for tasks to queue
[2024-12-03T16:04:00.116+0000] {logging_mixin.py:120} INFO - [2024-12-03T16:04:00.116+0000] {dagbag.py:537} INFO - Filling up the DagBag from /home/airflow/.local/lib/python3.7/site-packages/airflow/example_dags/example_external_task_marker_dag.py
[2024-12-03T16:04:00.151+0000] {processor.py:766} INFO - DAG(s) dict_keys(['example_external_task_marker_parent', 'example_external_task_marker_child']) retrieved from /home/airflow/.local/lib/python3.7/site-packages/airflow/example_dags/example_external_task_marker_dag.py
[2024-12-03T16:04:00.521+0000] {logging_mixin.py:120} INFO - [2024-12-03T16:04:00.521+0000] {dag.py:2585} INFO - Sync 2 DAGs
[2024-12-03T16:04:00.578+0000] {logging_mixin.py:120} INFO - [2024-12-03T16:04:00.577+0000] {dag.py:3340} INFO - Setting next_dagrun for example_external_task_marker_child to None, run_after=None
[2024-12-03T16:04:00.586+0000] {logging_mixin.py:120} INFO - [2024-12-03T16:04:00.586+0000] {dag.py:3340} INFO - Setting next_dagrun for example_external_task_marker_parent to None, run_after=None
[2024-12-03T16:04:00.627+0000] {processor.py:176} INFO - Processing /home/airflow/.local/lib/python3.7/site-packages/airflow/example_dags/example_external_task_marker_dag.py took 0.521 seconds
[2024-12-03T16:04:30.842+0000] {processor.py:154} INFO - Started process (PID=1414) to work on /home/airflow/.local/lib/python3.7/site-packages/airflow/example_dags/example_external_task_marker_dag.py
[2024-12-03T16:04:30.845+0000] {processor.py:756} INFO - Processing file /home/airflow/.local/lib/python3.7/site-packages/airflow/example_dags/example_external_task_marker_dag.py for tasks to queue
[2024-12-03T16:04:30.848+0000] {logging_mixin.py:120} INFO - [2024-12-03T16:04:30.847+0000] {dagbag.py:537} INFO - Filling up the DagBag from /home/airflow/.local/lib/python3.7/site-packages/airflow/example_dags/example_external_task_marker_dag.py
[2024-12-03T16:04:30.879+0000] {processor.py:766} INFO - DAG(s) dict_keys(['example_external_task_marker_parent', 'example_external_task_marker_child']) retrieved from /home/airflow/.local/lib/python3.7/site-packages/airflow/example_dags/example_external_task_marker_dag.py
[2024-12-03T16:04:31.534+0000] {logging_mixin.py:120} INFO - [2024-12-03T16:04:31.534+0000] {dag.py:2585} INFO - Sync 2 DAGs
[2024-12-03T16:04:31.612+0000] {logging_mixin.py:120} INFO - [2024-12-03T16:04:31.610+0000] {dag.py:3340} INFO - Setting next_dagrun for example_external_task_marker_child to None, run_after=None
[2024-12-03T16:04:31.636+0000] {logging_mixin.py:120} INFO - [2024-12-03T16:04:31.635+0000] {dag.py:3340} INFO - Setting next_dagrun for example_external_task_marker_parent to None, run_after=None
[2024-12-03T16:04:31.742+0000] {processor.py:176} INFO - Processing /home/airflow/.local/lib/python3.7/site-packages/airflow/example_dags/example_external_task_marker_dag.py took 0.911 seconds
[2024-12-03T16:05:02.072+0000] {processor.py:154} INFO - Started process (PID=1469) to work on /home/airflow/.local/lib/python3.7/site-packages/airflow/example_dags/example_external_task_marker_dag.py
[2024-12-03T16:05:02.076+0000] {processor.py:756} INFO - Processing file /home/airflow/.local/lib/python3.7/site-packages/airflow/example_dags/example_external_task_marker_dag.py for tasks to queue
[2024-12-03T16:05:02.078+0000] {logging_mixin.py:120} INFO - [2024-12-03T16:05:02.078+0000] {dagbag.py:537} INFO - Filling up the DagBag from /home/airflow/.local/lib/python3.7/site-packages/airflow/example_dags/example_external_task_marker_dag.py
[2024-12-03T16:05:02.127+0000] {processor.py:766} INFO - DAG(s) dict_keys(['example_external_task_marker_parent', 'example_external_task_marker_child']) retrieved from /home/airflow/.local/lib/python3.7/site-packages/airflow/example_dags/example_external_task_marker_dag.py
[2024-12-03T16:05:02.797+0000] {logging_mixin.py:120} INFO - [2024-12-03T16:05:02.796+0000] {dag.py:2585} INFO - Sync 2 DAGs
[2024-12-03T16:05:02.898+0000] {logging_mixin.py:120} INFO - [2024-12-03T16:05:02.898+0000] {dag.py:3340} INFO - Setting next_dagrun for example_external_task_marker_child to None, run_after=None
[2024-12-03T16:05:02.917+0000] {logging_mixin.py:120} INFO - [2024-12-03T16:05:02.916+0000] {dag.py:3340} INFO - Setting next_dagrun for example_external_task_marker_parent to None, run_after=None
[2024-12-03T16:05:02.983+0000] {processor.py:176} INFO - Processing /home/airflow/.local/lib/python3.7/site-packages/airflow/example_dags/example_external_task_marker_dag.py took 0.918 seconds
[2024-12-03T16:05:33.163+0000] {processor.py:154} INFO - Started process (PID=1533) to work on /home/airflow/.local/lib/python3.7/site-packages/airflow/example_dags/example_external_task_marker_dag.py
[2024-12-03T16:05:33.166+0000] {processor.py:756} INFO - Processing file /home/airflow/.local/lib/python3.7/site-packages/airflow/example_dags/example_external_task_marker_dag.py for tasks to queue
[2024-12-03T16:05:33.168+0000] {logging_mixin.py:120} INFO - [2024-12-03T16:05:33.168+0000] {dagbag.py:537} INFO - Filling up the DagBag from /home/airflow/.local/lib/python3.7/site-packages/airflow/example_dags/example_external_task_marker_dag.py
[2024-12-03T16:05:33.212+0000] {processor.py:766} INFO - DAG(s) dict_keys(['example_external_task_marker_child', 'example_external_task_marker_parent']) retrieved from /home/airflow/.local/lib/python3.7/site-packages/airflow/example_dags/example_external_task_marker_dag.py
[2024-12-03T16:05:34.017+0000] {logging_mixin.py:120} INFO - [2024-12-03T16:05:34.016+0000] {dag.py:2585} INFO - Sync 2 DAGs
[2024-12-03T16:05:34.110+0000] {logging_mixin.py:120} INFO - [2024-12-03T16:05:34.110+0000] {dag.py:3340} INFO - Setting next_dagrun for example_external_task_marker_child to None, run_after=None
[2024-12-03T16:05:34.123+0000] {logging_mixin.py:120} INFO - [2024-12-03T16:05:34.122+0000] {dag.py:3340} INFO - Setting next_dagrun for example_external_task_marker_parent to None, run_after=None
[2024-12-03T16:05:34.183+0000] {processor.py:176} INFO - Processing /home/airflow/.local/lib/python3.7/site-packages/airflow/example_dags/example_external_task_marker_dag.py took 1.029 seconds
[2024-12-03T16:06:04.531+0000] {processor.py:154} INFO - Started process (PID=1588) to work on /home/airflow/.local/lib/python3.7/site-packages/airflow/example_dags/example_external_task_marker_dag.py
[2024-12-03T16:06:04.535+0000] {processor.py:756} INFO - Processing file /home/airflow/.local/lib/python3.7/site-packages/airflow/example_dags/example_external_task_marker_dag.py for tasks to queue
[2024-12-03T16:06:04.538+0000] {logging_mixin.py:120} INFO - [2024-12-03T16:06:04.538+0000] {dagbag.py:537} INFO - Filling up the DagBag from /home/airflow/.local/lib/python3.7/site-packages/airflow/example_dags/example_external_task_marker_dag.py
[2024-12-03T16:06:04.608+0000] {processor.py:766} INFO - DAG(s) dict_keys(['example_external_task_marker_child', 'example_external_task_marker_parent']) retrieved from /home/airflow/.local/lib/python3.7/site-packages/airflow/example_dags/example_external_task_marker_dag.py
[2024-12-03T16:06:05.500+0000] {logging_mixin.py:120} INFO - [2024-12-03T16:06:05.500+0000] {dag.py:2585} INFO - Sync 2 DAGs
[2024-12-03T16:06:05.610+0000] {logging_mixin.py:120} INFO - [2024-12-03T16:06:05.609+0000] {dag.py:3340} INFO - Setting next_dagrun for example_external_task_marker_child to None, run_after=None
[2024-12-03T16:06:05.623+0000] {logging_mixin.py:120} INFO - [2024-12-03T16:06:05.622+0000] {dag.py:3340} INFO - Setting next_dagrun for example_external_task_marker_parent to None, run_after=None
[2024-12-03T16:06:05.741+0000] {processor.py:176} INFO - Processing /home/airflow/.local/lib/python3.7/site-packages/airflow/example_dags/example_external_task_marker_dag.py took 1.220 seconds
[2024-12-03T16:06:36.149+0000] {processor.py:154} INFO - Started process (PID=1644) to work on /home/airflow/.local/lib/python3.7/site-packages/airflow/example_dags/example_external_task_marker_dag.py
[2024-12-03T16:06:36.151+0000] {processor.py:756} INFO - Processing file /home/airflow/.local/lib/python3.7/site-packages/airflow/example_dags/example_external_task_marker_dag.py for tasks to queue
[2024-12-03T16:06:36.159+0000] {logging_mixin.py:120} INFO - [2024-12-03T16:06:36.159+0000] {dagbag.py:537} INFO - Filling up the DagBag from /home/airflow/.local/lib/python3.7/site-packages/airflow/example_dags/example_external_task_marker_dag.py
[2024-12-03T16:06:36.210+0000] {processor.py:766} INFO - DAG(s) dict_keys(['example_external_task_marker_parent', 'example_external_task_marker_child']) retrieved from /home/airflow/.local/lib/python3.7/site-packages/airflow/example_dags/example_external_task_marker_dag.py
[2024-12-03T16:06:36.821+0000] {logging_mixin.py:120} INFO - [2024-12-03T16:06:36.820+0000] {dag.py:2585} INFO - Sync 2 DAGs
[2024-12-03T16:06:36.897+0000] {logging_mixin.py:120} INFO - [2024-12-03T16:06:36.896+0000] {dag.py:3340} INFO - Setting next_dagrun for example_external_task_marker_child to None, run_after=None
[2024-12-03T16:06:36.906+0000] {logging_mixin.py:120} INFO - [2024-12-03T16:06:36.906+0000] {dag.py:3340} INFO - Setting next_dagrun for example_external_task_marker_parent to None, run_after=None
[2024-12-03T16:06:36.960+0000] {processor.py:176} INFO - Processing /home/airflow/.local/lib/python3.7/site-packages/airflow/example_dags/example_external_task_marker_dag.py took 0.818 seconds
[2024-12-03T16:07:07.171+0000] {processor.py:154} INFO - Started process (PID=1699) to work on /home/airflow/.local/lib/python3.7/site-packages/airflow/example_dags/example_external_task_marker_dag.py
[2024-12-03T16:07:07.174+0000] {processor.py:756} INFO - Processing file /home/airflow/.local/lib/python3.7/site-packages/airflow/example_dags/example_external_task_marker_dag.py for tasks to queue
[2024-12-03T16:07:07.186+0000] {logging_mixin.py:120} INFO - [2024-12-03T16:07:07.177+0000] {dagbag.py:537} INFO - Filling up the DagBag from /home/airflow/.local/lib/python3.7/site-packages/airflow/example_dags/example_external_task_marker_dag.py
[2024-12-03T16:07:07.278+0000] {processor.py:766} INFO - DAG(s) dict_keys(['example_external_task_marker_parent', 'example_external_task_marker_child']) retrieved from /home/airflow/.local/lib/python3.7/site-packages/airflow/example_dags/example_external_task_marker_dag.py
[2024-12-03T16:07:08.313+0000] {logging_mixin.py:120} INFO - [2024-12-03T16:07:08.312+0000] {dag.py:2585} INFO - Sync 2 DAGs
[2024-12-03T16:07:08.453+0000] {logging_mixin.py:120} INFO - [2024-12-03T16:07:08.453+0000] {dag.py:3340} INFO - Setting next_dagrun for example_external_task_marker_child to None, run_after=None
[2024-12-03T16:07:08.472+0000] {logging_mixin.py:120} INFO - [2024-12-03T16:07:08.472+0000] {dag.py:3340} INFO - Setting next_dagrun for example_external_task_marker_parent to None, run_after=None
[2024-12-03T16:07:08.546+0000] {processor.py:176} INFO - Processing /home/airflow/.local/lib/python3.7/site-packages/airflow/example_dags/example_external_task_marker_dag.py took 1.388 seconds
[2024-12-03T16:07:39.055+0000] {processor.py:154} INFO - Started process (PID=1754) to work on /home/airflow/.local/lib/python3.7/site-packages/airflow/example_dags/example_external_task_marker_dag.py
[2024-12-03T16:07:39.058+0000] {processor.py:756} INFO - Processing file /home/airflow/.local/lib/python3.7/site-packages/airflow/example_dags/example_external_task_marker_dag.py for tasks to queue
[2024-12-03T16:07:39.063+0000] {logging_mixin.py:120} INFO - [2024-12-03T16:07:39.062+0000] {dagbag.py:537} INFO - Filling up the DagBag from /home/airflow/.local/lib/python3.7/site-packages/airflow/example_dags/example_external_task_marker_dag.py
[2024-12-03T16:07:39.122+0000] {processor.py:766} INFO - DAG(s) dict_keys(['example_external_task_marker_parent', 'example_external_task_marker_child']) retrieved from /home/airflow/.local/lib/python3.7/site-packages/airflow/example_dags/example_external_task_marker_dag.py
[2024-12-03T16:07:39.862+0000] {logging_mixin.py:120} INFO - [2024-12-03T16:07:39.862+0000] {dag.py:2585} INFO - Sync 2 DAGs
[2024-12-03T16:07:39.951+0000] {logging_mixin.py:120} INFO - [2024-12-03T16:07:39.951+0000] {dag.py:3340} INFO - Setting next_dagrun for example_external_task_marker_child to None, run_after=None
[2024-12-03T16:07:39.961+0000] {logging_mixin.py:120} INFO - [2024-12-03T16:07:39.960+0000] {dag.py:3340} INFO - Setting next_dagrun for example_external_task_marker_parent to None, run_after=None
[2024-12-03T16:07:40.019+0000] {processor.py:176} INFO - Processing /home/airflow/.local/lib/python3.7/site-packages/airflow/example_dags/example_external_task_marker_dag.py took 0.971 seconds
[2024-12-03T16:08:10.249+0000] {processor.py:154} INFO - Started process (PID=1813) to work on /home/airflow/.local/lib/python3.7/site-packages/airflow/example_dags/example_external_task_marker_dag.py
[2024-12-03T16:08:10.257+0000] {processor.py:756} INFO - Processing file /home/airflow/.local/lib/python3.7/site-packages/airflow/example_dags/example_external_task_marker_dag.py for tasks to queue
[2024-12-03T16:08:10.270+0000] {logging_mixin.py:120} INFO - [2024-12-03T16:08:10.269+0000] {dagbag.py:537} INFO - Filling up the DagBag from /home/airflow/.local/lib/python3.7/site-packages/airflow/example_dags/example_external_task_marker_dag.py
[2024-12-03T16:08:10.312+0000] {processor.py:766} INFO - DAG(s) dict_keys(['example_external_task_marker_parent', 'example_external_task_marker_child']) retrieved from /home/airflow/.local/lib/python3.7/site-packages/airflow/example_dags/example_external_task_marker_dag.py
[2024-12-03T16:08:11.064+0000] {logging_mixin.py:120} INFO - [2024-12-03T16:08:11.064+0000] {dag.py:2585} INFO - Sync 2 DAGs
[2024-12-03T16:08:11.158+0000] {logging_mixin.py:120} INFO - [2024-12-03T16:08:11.158+0000] {dag.py:3340} INFO - Setting next_dagrun for example_external_task_marker_child to None, run_after=None
[2024-12-03T16:08:11.171+0000] {logging_mixin.py:120} INFO - [2024-12-03T16:08:11.171+0000] {dag.py:3340} INFO - Setting next_dagrun for example_external_task_marker_parent to None, run_after=None
[2024-12-03T16:08:11.250+0000] {processor.py:176} INFO - Processing /home/airflow/.local/lib/python3.7/site-packages/airflow/example_dags/example_external_task_marker_dag.py took 1.022 seconds
[2024-12-03T16:08:41.808+0000] {processor.py:154} INFO - Started process (PID=1881) to work on /home/airflow/.local/lib/python3.7/site-packages/airflow/example_dags/example_external_task_marker_dag.py
[2024-12-03T16:08:41.811+0000] {processor.py:756} INFO - Processing file /home/airflow/.local/lib/python3.7/site-packages/airflow/example_dags/example_external_task_marker_dag.py for tasks to queue
[2024-12-03T16:08:41.814+0000] {logging_mixin.py:120} INFO - [2024-12-03T16:08:41.813+0000] {dagbag.py:537} INFO - Filling up the DagBag from /home/airflow/.local/lib/python3.7/site-packages/airflow/example_dags/example_external_task_marker_dag.py
[2024-12-03T16:08:41.851+0000] {processor.py:766} INFO - DAG(s) dict_keys(['example_external_task_marker_child', 'example_external_task_marker_parent']) retrieved from /home/airflow/.local/lib/python3.7/site-packages/airflow/example_dags/example_external_task_marker_dag.py
[2024-12-03T16:08:42.514+0000] {logging_mixin.py:120} INFO - [2024-12-03T16:08:42.514+0000] {dag.py:2585} INFO - Sync 2 DAGs
[2024-12-03T16:08:42.613+0000] {logging_mixin.py:120} INFO - [2024-12-03T16:08:42.613+0000] {dag.py:3340} INFO - Setting next_dagrun for example_external_task_marker_child to None, run_after=None
[2024-12-03T16:08:42.630+0000] {logging_mixin.py:120} INFO - [2024-12-03T16:08:42.630+0000] {dag.py:3340} INFO - Setting next_dagrun for example_external_task_marker_parent to None, run_after=None
[2024-12-03T16:08:42.696+0000] {processor.py:176} INFO - Processing /home/airflow/.local/lib/python3.7/site-packages/airflow/example_dags/example_external_task_marker_dag.py took 0.898 seconds
[2024-12-03T16:09:13.167+0000] {processor.py:154} INFO - Started process (PID=1948) to work on /home/airflow/.local/lib/python3.7/site-packages/airflow/example_dags/example_external_task_marker_dag.py
[2024-12-03T16:09:13.170+0000] {processor.py:756} INFO - Processing file /home/airflow/.local/lib/python3.7/site-packages/airflow/example_dags/example_external_task_marker_dag.py for tasks to queue
[2024-12-03T16:09:13.174+0000] {logging_mixin.py:120} INFO - [2024-12-03T16:09:13.173+0000] {dagbag.py:537} INFO - Filling up the DagBag from /home/airflow/.local/lib/python3.7/site-packages/airflow/example_dags/example_external_task_marker_dag.py
[2024-12-03T16:09:13.235+0000] {processor.py:766} INFO - DAG(s) dict_keys(['example_external_task_marker_parent', 'example_external_task_marker_child']) retrieved from /home/airflow/.local/lib/python3.7/site-packages/airflow/example_dags/example_external_task_marker_dag.py
[2024-12-03T16:09:14.376+0000] {logging_mixin.py:120} INFO - [2024-12-03T16:09:14.375+0000] {dag.py:2585} INFO - Sync 2 DAGs
[2024-12-03T16:09:14.502+0000] {logging_mixin.py:120} INFO - [2024-12-03T16:09:14.502+0000] {dag.py:3340} INFO - Setting next_dagrun for example_external_task_marker_child to None, run_after=None
[2024-12-03T16:09:14.524+0000] {logging_mixin.py:120} INFO - [2024-12-03T16:09:14.523+0000] {dag.py:3340} INFO - Setting next_dagrun for example_external_task_marker_parent to None, run_after=None
[2024-12-03T16:09:14.626+0000] {processor.py:176} INFO - Processing /home/airflow/.local/lib/python3.7/site-packages/airflow/example_dags/example_external_task_marker_dag.py took 1.475 seconds
[2024-12-03T16:09:44.886+0000] {processor.py:154} INFO - Started process (PID=2003) to work on /home/airflow/.local/lib/python3.7/site-packages/airflow/example_dags/example_external_task_marker_dag.py
[2024-12-03T16:09:44.891+0000] {processor.py:756} INFO - Processing file /home/airflow/.local/lib/python3.7/site-packages/airflow/example_dags/example_external_task_marker_dag.py for tasks to queue
[2024-12-03T16:09:44.897+0000] {logging_mixin.py:120} INFO - [2024-12-03T16:09:44.896+0000] {dagbag.py:537} INFO - Filling up the DagBag from /home/airflow/.local/lib/python3.7/site-packages/airflow/example_dags/example_external_task_marker_dag.py
[2024-12-03T16:09:44.938+0000] {processor.py:766} INFO - DAG(s) dict_keys(['example_external_task_marker_child', 'example_external_task_marker_parent']) retrieved from /home/airflow/.local/lib/python3.7/site-packages/airflow/example_dags/example_external_task_marker_dag.py
[2024-12-03T16:09:45.666+0000] {logging_mixin.py:120} INFO - [2024-12-03T16:09:45.665+0000] {dag.py:2585} INFO - Sync 2 DAGs
[2024-12-03T16:09:45.746+0000] {logging_mixin.py:120} INFO - [2024-12-03T16:09:45.746+0000] {dag.py:3340} INFO - Setting next_dagrun for example_external_task_marker_child to None, run_after=None
[2024-12-03T16:09:45.758+0000] {logging_mixin.py:120} INFO - [2024-12-03T16:09:45.757+0000] {dag.py:3340} INFO - Setting next_dagrun for example_external_task_marker_parent to None, run_after=None
[2024-12-03T16:09:45.819+0000] {processor.py:176} INFO - Processing /home/airflow/.local/lib/python3.7/site-packages/airflow/example_dags/example_external_task_marker_dag.py took 0.945 seconds
[2024-12-03T16:10:16.315+0000] {processor.py:154} INFO - Started process (PID=2058) to work on /home/airflow/.local/lib/python3.7/site-packages/airflow/example_dags/example_external_task_marker_dag.py
[2024-12-03T16:10:16.317+0000] {processor.py:756} INFO - Processing file /home/airflow/.local/lib/python3.7/site-packages/airflow/example_dags/example_external_task_marker_dag.py for tasks to queue
[2024-12-03T16:10:16.319+0000] {logging_mixin.py:120} INFO - [2024-12-03T16:10:16.319+0000] {dagbag.py:537} INFO - Filling up the DagBag from /home/airflow/.local/lib/python3.7/site-packages/airflow/example_dags/example_external_task_marker_dag.py
[2024-12-03T16:10:16.350+0000] {processor.py:766} INFO - DAG(s) dict_keys(['example_external_task_marker_child', 'example_external_task_marker_parent']) retrieved from /home/airflow/.local/lib/python3.7/site-packages/airflow/example_dags/example_external_task_marker_dag.py
[2024-12-03T16:10:16.983+0000] {logging_mixin.py:120} INFO - [2024-12-03T16:10:16.982+0000] {dag.py:2585} INFO - Sync 2 DAGs
[2024-12-03T16:10:17.071+0000] {logging_mixin.py:120} INFO - [2024-12-03T16:10:17.071+0000] {dag.py:3340} INFO - Setting next_dagrun for example_external_task_marker_child to None, run_after=None
[2024-12-03T16:10:17.084+0000] {logging_mixin.py:120} INFO - [2024-12-03T16:10:17.084+0000] {dag.py:3340} INFO - Setting next_dagrun for example_external_task_marker_parent to None, run_after=None
[2024-12-03T16:10:17.142+0000] {processor.py:176} INFO - Processing /home/airflow/.local/lib/python3.7/site-packages/airflow/example_dags/example_external_task_marker_dag.py took 0.836 seconds
[2024-12-03T16:10:47.249+0000] {processor.py:154} INFO - Started process (PID=2113) to work on /home/airflow/.local/lib/python3.7/site-packages/airflow/example_dags/example_external_task_marker_dag.py
[2024-12-03T16:10:47.251+0000] {processor.py:756} INFO - Processing file /home/airflow/.local/lib/python3.7/site-packages/airflow/example_dags/example_external_task_marker_dag.py for tasks to queue
[2024-12-03T16:10:47.256+0000] {logging_mixin.py:120} INFO - [2024-12-03T16:10:47.256+0000] {dagbag.py:537} INFO - Filling up the DagBag from /home/airflow/.local/lib/python3.7/site-packages/airflow/example_dags/example_external_task_marker_dag.py
[2024-12-03T16:10:47.303+0000] {processor.py:766} INFO - DAG(s) dict_keys(['example_external_task_marker_parent', 'example_external_task_marker_child']) retrieved from /home/airflow/.local/lib/python3.7/site-packages/airflow/example_dags/example_external_task_marker_dag.py
[2024-12-03T16:10:48.343+0000] {logging_mixin.py:120} INFO - [2024-12-03T16:10:48.342+0000] {dag.py:2585} INFO - Sync 2 DAGs
[2024-12-03T16:10:48.436+0000] {logging_mixin.py:120} INFO - [2024-12-03T16:10:48.436+0000] {dag.py:3340} INFO - Setting next_dagrun for example_external_task_marker_child to None, run_after=None
[2024-12-03T16:10:48.453+0000] {logging_mixin.py:120} INFO - [2024-12-03T16:10:48.453+0000] {dag.py:3340} INFO - Setting next_dagrun for example_external_task_marker_parent to None, run_after=None
[2024-12-03T16:10:48.521+0000] {processor.py:176} INFO - Processing /home/airflow/.local/lib/python3.7/site-packages/airflow/example_dags/example_external_task_marker_dag.py took 1.284 seconds
[2024-12-03T16:11:18.995+0000] {processor.py:154} INFO - Started process (PID=2168) to work on /home/airflow/.local/lib/python3.7/site-packages/airflow/example_dags/example_external_task_marker_dag.py
[2024-12-03T16:11:18.998+0000] {processor.py:756} INFO - Processing file /home/airflow/.local/lib/python3.7/site-packages/airflow/example_dags/example_external_task_marker_dag.py for tasks to queue
[2024-12-03T16:11:19.001+0000] {logging_mixin.py:120} INFO - [2024-12-03T16:11:19.000+0000] {dagbag.py:537} INFO - Filling up the DagBag from /home/airflow/.local/lib/python3.7/site-packages/airflow/example_dags/example_external_task_marker_dag.py
[2024-12-03T16:11:19.067+0000] {processor.py:766} INFO - DAG(s) dict_keys(['example_external_task_marker_child', 'example_external_task_marker_parent']) retrieved from /home/airflow/.local/lib/python3.7/site-packages/airflow/example_dags/example_external_task_marker_dag.py
[2024-12-03T16:11:19.805+0000] {logging_mixin.py:120} INFO - [2024-12-03T16:11:19.804+0000] {dag.py:2585} INFO - Sync 2 DAGs
[2024-12-03T16:11:19.940+0000] {logging_mixin.py:120} INFO - [2024-12-03T16:11:19.940+0000] {dag.py:3340} INFO - Setting next_dagrun for example_external_task_marker_child to None, run_after=None
[2024-12-03T16:11:19.958+0000] {logging_mixin.py:120} INFO - [2024-12-03T16:11:19.958+0000] {dag.py:3340} INFO - Setting next_dagrun for example_external_task_marker_parent to None, run_after=None
[2024-12-03T16:11:20.044+0000] {processor.py:176} INFO - Processing /home/airflow/.local/lib/python3.7/site-packages/airflow/example_dags/example_external_task_marker_dag.py took 1.058 seconds
[2024-12-03T16:11:50.539+0000] {processor.py:154} INFO - Started process (PID=2232) to work on /home/airflow/.local/lib/python3.7/site-packages/airflow/example_dags/example_external_task_marker_dag.py
[2024-12-03T16:11:50.543+0000] {processor.py:756} INFO - Processing file /home/airflow/.local/lib/python3.7/site-packages/airflow/example_dags/example_external_task_marker_dag.py for tasks to queue
[2024-12-03T16:11:50.546+0000] {logging_mixin.py:120} INFO - [2024-12-03T16:11:50.545+0000] {dagbag.py:537} INFO - Filling up the DagBag from /home/airflow/.local/lib/python3.7/site-packages/airflow/example_dags/example_external_task_marker_dag.py
[2024-12-03T16:11:50.593+0000] {processor.py:766} INFO - DAG(s) dict_keys(['example_external_task_marker_parent', 'example_external_task_marker_child']) retrieved from /home/airflow/.local/lib/python3.7/site-packages/airflow/example_dags/example_external_task_marker_dag.py
[2024-12-03T16:11:51.660+0000] {logging_mixin.py:120} INFO - [2024-12-03T16:11:51.659+0000] {dag.py:2585} INFO - Sync 2 DAGs
[2024-12-03T16:11:51.783+0000] {logging_mixin.py:120} INFO - [2024-12-03T16:11:51.783+0000] {dag.py:3340} INFO - Setting next_dagrun for example_external_task_marker_child to None, run_after=None
[2024-12-03T16:11:51.795+0000] {logging_mixin.py:120} INFO - [2024-12-03T16:11:51.794+0000] {dag.py:3340} INFO - Setting next_dagrun for example_external_task_marker_parent to None, run_after=None
[2024-12-03T16:11:51.858+0000] {processor.py:176} INFO - Processing /home/airflow/.local/lib/python3.7/site-packages/airflow/example_dags/example_external_task_marker_dag.py took 1.327 seconds
[2024-12-03T16:12:22.521+0000] {processor.py:154} INFO - Started process (PID=2287) to work on /home/airflow/.local/lib/python3.7/site-packages/airflow/example_dags/example_external_task_marker_dag.py
[2024-12-03T16:12:22.523+0000] {processor.py:756} INFO - Processing file /home/airflow/.local/lib/python3.7/site-packages/airflow/example_dags/example_external_task_marker_dag.py for tasks to queue
[2024-12-03T16:12:22.526+0000] {logging_mixin.py:120} INFO - [2024-12-03T16:12:22.525+0000] {dagbag.py:537} INFO - Filling up the DagBag from /home/airflow/.local/lib/python3.7/site-packages/airflow/example_dags/example_external_task_marker_dag.py
[2024-12-03T16:12:22.567+0000] {processor.py:766} INFO - DAG(s) dict_keys(['example_external_task_marker_child', 'example_external_task_marker_parent']) retrieved from /home/airflow/.local/lib/python3.7/site-packages/airflow/example_dags/example_external_task_marker_dag.py
[2024-12-03T16:12:23.267+0000] {logging_mixin.py:120} INFO - [2024-12-03T16:12:23.267+0000] {dag.py:2585} INFO - Sync 2 DAGs
[2024-12-03T16:12:23.343+0000] {logging_mixin.py:120} INFO - [2024-12-03T16:12:23.343+0000] {dag.py:3340} INFO - Setting next_dagrun for example_external_task_marker_child to None, run_after=None
[2024-12-03T16:12:23.358+0000] {logging_mixin.py:120} INFO - [2024-12-03T16:12:23.358+0000] {dag.py:3340} INFO - Setting next_dagrun for example_external_task_marker_parent to None, run_after=None
[2024-12-03T16:12:23.429+0000] {processor.py:176} INFO - Processing /home/airflow/.local/lib/python3.7/site-packages/airflow/example_dags/example_external_task_marker_dag.py took 0.914 seconds
[2024-12-03T16:12:54.010+0000] {processor.py:154} INFO - Started process (PID=2343) to work on /home/airflow/.local/lib/python3.7/site-packages/airflow/example_dags/example_external_task_marker_dag.py
[2024-12-03T16:12:54.013+0000] {processor.py:756} INFO - Processing file /home/airflow/.local/lib/python3.7/site-packages/airflow/example_dags/example_external_task_marker_dag.py for tasks to queue
[2024-12-03T16:12:54.017+0000] {logging_mixin.py:120} INFO - [2024-12-03T16:12:54.016+0000] {dagbag.py:537} INFO - Filling up the DagBag from /home/airflow/.local/lib/python3.7/site-packages/airflow/example_dags/example_external_task_marker_dag.py
[2024-12-03T16:12:54.059+0000] {processor.py:766} INFO - DAG(s) dict_keys(['example_external_task_marker_child', 'example_external_task_marker_parent']) retrieved from /home/airflow/.local/lib/python3.7/site-packages/airflow/example_dags/example_external_task_marker_dag.py
[2024-12-03T16:12:54.841+0000] {logging_mixin.py:120} INFO - [2024-12-03T16:12:54.841+0000] {dag.py:2585} INFO - Sync 2 DAGs
[2024-12-03T16:12:54.921+0000] {logging_mixin.py:120} INFO - [2024-12-03T16:12:54.920+0000] {dag.py:3340} INFO - Setting next_dagrun for example_external_task_marker_child to None, run_after=None
[2024-12-03T16:12:54.933+0000] {logging_mixin.py:120} INFO - [2024-12-03T16:12:54.933+0000] {dag.py:3340} INFO - Setting next_dagrun for example_external_task_marker_parent to None, run_after=None
[2024-12-03T16:12:54.999+0000] {processor.py:176} INFO - Processing /home/airflow/.local/lib/python3.7/site-packages/airflow/example_dags/example_external_task_marker_dag.py took 0.995 seconds
[2024-12-03T16:13:25.161+0000] {processor.py:154} INFO - Started process (PID=2398) to work on /home/airflow/.local/lib/python3.7/site-packages/airflow/example_dags/example_external_task_marker_dag.py
[2024-12-03T16:13:25.164+0000] {processor.py:756} INFO - Processing file /home/airflow/.local/lib/python3.7/site-packages/airflow/example_dags/example_external_task_marker_dag.py for tasks to queue
[2024-12-03T16:13:25.167+0000] {logging_mixin.py:120} INFO - [2024-12-03T16:13:25.166+0000] {dagbag.py:537} INFO - Filling up the DagBag from /home/airflow/.local/lib/python3.7/site-packages/airflow/example_dags/example_external_task_marker_dag.py
[2024-12-03T16:13:25.203+0000] {processor.py:766} INFO - DAG(s) dict_keys(['example_external_task_marker_parent', 'example_external_task_marker_child']) retrieved from /home/airflow/.local/lib/python3.7/site-packages/airflow/example_dags/example_external_task_marker_dag.py
[2024-12-03T16:13:25.925+0000] {logging_mixin.py:120} INFO - [2024-12-03T16:13:25.925+0000] {dag.py:2585} INFO - Sync 2 DAGs
[2024-12-03T16:13:26.033+0000] {logging_mixin.py:120} INFO - [2024-12-03T16:13:26.032+0000] {dag.py:3340} INFO - Setting next_dagrun for example_external_task_marker_child to None, run_after=None
[2024-12-03T16:13:26.045+0000] {logging_mixin.py:120} INFO - [2024-12-03T16:13:26.045+0000] {dag.py:3340} INFO - Setting next_dagrun for example_external_task_marker_parent to None, run_after=None
[2024-12-03T16:13:26.119+0000] {processor.py:176} INFO - Processing /home/airflow/.local/lib/python3.7/site-packages/airflow/example_dags/example_external_task_marker_dag.py took 0.965 seconds
[2024-12-03T16:13:56.836+0000] {processor.py:154} INFO - Started process (PID=2453) to work on /home/airflow/.local/lib/python3.7/site-packages/airflow/example_dags/example_external_task_marker_dag.py
[2024-12-03T16:13:56.839+0000] {processor.py:756} INFO - Processing file /home/airflow/.local/lib/python3.7/site-packages/airflow/example_dags/example_external_task_marker_dag.py for tasks to queue
[2024-12-03T16:13:56.842+0000] {logging_mixin.py:120} INFO - [2024-12-03T16:13:56.841+0000] {dagbag.py:537} INFO - Filling up the DagBag from /home/airflow/.local/lib/python3.7/site-packages/airflow/example_dags/example_external_task_marker_dag.py
[2024-12-03T16:13:56.892+0000] {processor.py:766} INFO - DAG(s) dict_keys(['example_external_task_marker_parent', 'example_external_task_marker_child']) retrieved from /home/airflow/.local/lib/python3.7/site-packages/airflow/example_dags/example_external_task_marker_dag.py
[2024-12-03T16:13:57.487+0000] {logging_mixin.py:120} INFO - [2024-12-03T16:13:57.486+0000] {dag.py:2585} INFO - Sync 2 DAGs
[2024-12-03T16:13:57.551+0000] {logging_mixin.py:120} INFO - [2024-12-03T16:13:57.551+0000] {dag.py:3340} INFO - Setting next_dagrun for example_external_task_marker_child to None, run_after=None
[2024-12-03T16:13:57.560+0000] {logging_mixin.py:120} INFO - [2024-12-03T16:13:57.560+0000] {dag.py:3340} INFO - Setting next_dagrun for example_external_task_marker_parent to None, run_after=None
[2024-12-03T16:13:57.613+0000] {processor.py:176} INFO - Processing /home/airflow/.local/lib/python3.7/site-packages/airflow/example_dags/example_external_task_marker_dag.py took 0.789 seconds
[2024-12-03T16:14:28.683+0000] {processor.py:154} INFO - Started process (PID=2520) to work on /home/airflow/.local/lib/python3.7/site-packages/airflow/example_dags/example_external_task_marker_dag.py
[2024-12-03T16:14:28.686+0000] {processor.py:756} INFO - Processing file /home/airflow/.local/lib/python3.7/site-packages/airflow/example_dags/example_external_task_marker_dag.py for tasks to queue
[2024-12-03T16:14:28.688+0000] {logging_mixin.py:120} INFO - [2024-12-03T16:14:28.688+0000] {dagbag.py:537} INFO - Filling up the DagBag from /home/airflow/.local/lib/python3.7/site-packages/airflow/example_dags/example_external_task_marker_dag.py
[2024-12-03T16:14:28.726+0000] {processor.py:766} INFO - DAG(s) dict_keys(['example_external_task_marker_parent', 'example_external_task_marker_child']) retrieved from /home/airflow/.local/lib/python3.7/site-packages/airflow/example_dags/example_external_task_marker_dag.py
[2024-12-03T16:14:29.305+0000] {logging_mixin.py:120} INFO - [2024-12-03T16:14:29.305+0000] {dag.py:2585} INFO - Sync 2 DAGs
[2024-12-03T16:14:29.372+0000] {logging_mixin.py:120} INFO - [2024-12-03T16:14:29.372+0000] {dag.py:3340} INFO - Setting next_dagrun for example_external_task_marker_child to None, run_after=None
[2024-12-03T16:14:29.382+0000] {logging_mixin.py:120} INFO - [2024-12-03T16:14:29.382+0000] {dag.py:3340} INFO - Setting next_dagrun for example_external_task_marker_parent to None, run_after=None
[2024-12-03T16:14:29.455+0000] {processor.py:176} INFO - Processing /home/airflow/.local/lib/python3.7/site-packages/airflow/example_dags/example_external_task_marker_dag.py took 0.779 seconds
[2024-12-03T16:14:59.995+0000] {processor.py:154} INFO - Started process (PID=2582) to work on /home/airflow/.local/lib/python3.7/site-packages/airflow/example_dags/example_external_task_marker_dag.py
[2024-12-03T16:14:59.998+0000] {processor.py:756} INFO - Processing file /home/airflow/.local/lib/python3.7/site-packages/airflow/example_dags/example_external_task_marker_dag.py for tasks to queue
[2024-12-03T16:15:00.003+0000] {logging_mixin.py:120} INFO - [2024-12-03T16:15:00.002+0000] {dagbag.py:537} INFO - Filling up the DagBag from /home/airflow/.local/lib/python3.7/site-packages/airflow/example_dags/example_external_task_marker_dag.py
[2024-12-03T16:15:00.059+0000] {processor.py:766} INFO - DAG(s) dict_keys(['example_external_task_marker_child', 'example_external_task_marker_parent']) retrieved from /home/airflow/.local/lib/python3.7/site-packages/airflow/example_dags/example_external_task_marker_dag.py
[2024-12-03T16:15:00.722+0000] {logging_mixin.py:120} INFO - [2024-12-03T16:15:00.722+0000] {dag.py:2585} INFO - Sync 2 DAGs
[2024-12-03T16:15:00.807+0000] {logging_mixin.py:120} INFO - [2024-12-03T16:15:00.807+0000] {dag.py:3340} INFO - Setting next_dagrun for example_external_task_marker_child to None, run_after=None
[2024-12-03T16:15:00.820+0000] {logging_mixin.py:120} INFO - [2024-12-03T16:15:00.820+0000] {dag.py:3340} INFO - Setting next_dagrun for example_external_task_marker_parent to None, run_after=None
[2024-12-03T16:15:00.894+0000] {processor.py:176} INFO - Processing /home/airflow/.local/lib/python3.7/site-packages/airflow/example_dags/example_external_task_marker_dag.py took 0.905 seconds
[2024-12-03T16:15:31.060+0000] {processor.py:154} INFO - Started process (PID=2638) to work on /home/airflow/.local/lib/python3.7/site-packages/airflow/example_dags/example_external_task_marker_dag.py
[2024-12-03T16:15:31.063+0000] {processor.py:756} INFO - Processing file /home/airflow/.local/lib/python3.7/site-packages/airflow/example_dags/example_external_task_marker_dag.py for tasks to queue
[2024-12-03T16:15:31.067+0000] {logging_mixin.py:120} INFO - [2024-12-03T16:15:31.066+0000] {dagbag.py:537} INFO - Filling up the DagBag from /home/airflow/.local/lib/python3.7/site-packages/airflow/example_dags/example_external_task_marker_dag.py
[2024-12-03T16:15:31.107+0000] {processor.py:766} INFO - DAG(s) dict_keys(['example_external_task_marker_child', 'example_external_task_marker_parent']) retrieved from /home/airflow/.local/lib/python3.7/site-packages/airflow/example_dags/example_external_task_marker_dag.py
[2024-12-03T16:15:31.706+0000] {logging_mixin.py:120} INFO - [2024-12-03T16:15:31.706+0000] {dag.py:2585} INFO - Sync 2 DAGs
[2024-12-03T16:15:31.796+0000] {logging_mixin.py:120} INFO - [2024-12-03T16:15:31.796+0000] {dag.py:3340} INFO - Setting next_dagrun for example_external_task_marker_child to None, run_after=None
[2024-12-03T16:15:31.805+0000] {logging_mixin.py:120} INFO - [2024-12-03T16:15:31.805+0000] {dag.py:3340} INFO - Setting next_dagrun for example_external_task_marker_parent to None, run_after=None
[2024-12-03T16:15:31.859+0000] {processor.py:176} INFO - Processing /home/airflow/.local/lib/python3.7/site-packages/airflow/example_dags/example_external_task_marker_dag.py took 0.811 seconds
[2024-12-03T16:16:02.577+0000] {processor.py:154} INFO - Started process (PID=2695) to work on /home/airflow/.local/lib/python3.7/site-packages/airflow/example_dags/example_external_task_marker_dag.py
[2024-12-03T16:16:02.579+0000] {processor.py:756} INFO - Processing file /home/airflow/.local/lib/python3.7/site-packages/airflow/example_dags/example_external_task_marker_dag.py for tasks to queue
[2024-12-03T16:16:02.581+0000] {logging_mixin.py:120} INFO - [2024-12-03T16:16:02.581+0000] {dagbag.py:537} INFO - Filling up the DagBag from /home/airflow/.local/lib/python3.7/site-packages/airflow/example_dags/example_external_task_marker_dag.py
[2024-12-03T16:16:02.633+0000] {processor.py:766} INFO - DAG(s) dict_keys(['example_external_task_marker_parent', 'example_external_task_marker_child']) retrieved from /home/airflow/.local/lib/python3.7/site-packages/airflow/example_dags/example_external_task_marker_dag.py
[2024-12-03T16:16:03.417+0000] {logging_mixin.py:120} INFO - [2024-12-03T16:16:03.416+0000] {dag.py:2585} INFO - Sync 2 DAGs
[2024-12-03T16:16:03.509+0000] {logging_mixin.py:120} INFO - [2024-12-03T16:16:03.508+0000] {dag.py:3340} INFO - Setting next_dagrun for example_external_task_marker_child to None, run_after=None
[2024-12-03T16:16:03.525+0000] {logging_mixin.py:120} INFO - [2024-12-03T16:16:03.524+0000] {dag.py:3340} INFO - Setting next_dagrun for example_external_task_marker_parent to None, run_after=None
[2024-12-03T16:16:03.592+0000] {processor.py:176} INFO - Processing /home/airflow/.local/lib/python3.7/site-packages/airflow/example_dags/example_external_task_marker_dag.py took 1.023 seconds
[2024-12-03T16:16:33.740+0000] {processor.py:154} INFO - Started process (PID=2750) to work on /home/airflow/.local/lib/python3.7/site-packages/airflow/example_dags/example_external_task_marker_dag.py
[2024-12-03T16:16:33.742+0000] {processor.py:756} INFO - Processing file /home/airflow/.local/lib/python3.7/site-packages/airflow/example_dags/example_external_task_marker_dag.py for tasks to queue
[2024-12-03T16:16:33.746+0000] {logging_mixin.py:120} INFO - [2024-12-03T16:16:33.746+0000] {dagbag.py:537} INFO - Filling up the DagBag from /home/airflow/.local/lib/python3.7/site-packages/airflow/example_dags/example_external_task_marker_dag.py
[2024-12-03T16:16:33.777+0000] {processor.py:766} INFO - DAG(s) dict_keys(['example_external_task_marker_child', 'example_external_task_marker_parent']) retrieved from /home/airflow/.local/lib/python3.7/site-packages/airflow/example_dags/example_external_task_marker_dag.py
[2024-12-03T16:16:34.362+0000] {logging_mixin.py:120} INFO - [2024-12-03T16:16:34.361+0000] {dag.py:2585} INFO - Sync 2 DAGs
[2024-12-03T16:16:34.430+0000] {logging_mixin.py:120} INFO - [2024-12-03T16:16:34.430+0000] {dag.py:3340} INFO - Setting next_dagrun for example_external_task_marker_child to None, run_after=None
[2024-12-03T16:16:34.440+0000] {logging_mixin.py:120} INFO - [2024-12-03T16:16:34.439+0000] {dag.py:3340} INFO - Setting next_dagrun for example_external_task_marker_parent to None, run_after=None
[2024-12-03T16:16:34.502+0000] {processor.py:176} INFO - Processing /home/airflow/.local/lib/python3.7/site-packages/airflow/example_dags/example_external_task_marker_dag.py took 0.769 seconds
[2024-12-03T16:17:04.847+0000] {processor.py:154} INFO - Started process (PID=2806) to work on /home/airflow/.local/lib/python3.7/site-packages/airflow/example_dags/example_external_task_marker_dag.py
[2024-12-03T16:17:04.863+0000] {processor.py:756} INFO - Processing file /home/airflow/.local/lib/python3.7/site-packages/airflow/example_dags/example_external_task_marker_dag.py for tasks to queue
[2024-12-03T16:17:04.865+0000] {logging_mixin.py:120} INFO - [2024-12-03T16:17:04.864+0000] {dagbag.py:537} INFO - Filling up the DagBag from /home/airflow/.local/lib/python3.7/site-packages/airflow/example_dags/example_external_task_marker_dag.py
[2024-12-03T16:17:04.901+0000] {processor.py:766} INFO - DAG(s) dict_keys(['example_external_task_marker_parent', 'example_external_task_marker_child']) retrieved from /home/airflow/.local/lib/python3.7/site-packages/airflow/example_dags/example_external_task_marker_dag.py
[2024-12-03T16:17:05.623+0000] {logging_mixin.py:120} INFO - [2024-12-03T16:17:05.623+0000] {dag.py:2585} INFO - Sync 2 DAGs
[2024-12-03T16:17:05.715+0000] {logging_mixin.py:120} INFO - [2024-12-03T16:17:05.715+0000] {dag.py:3340} INFO - Setting next_dagrun for example_external_task_marker_child to None, run_after=None
[2024-12-03T16:17:05.730+0000] {logging_mixin.py:120} INFO - [2024-12-03T16:17:05.729+0000] {dag.py:3340} INFO - Setting next_dagrun for example_external_task_marker_parent to None, run_after=None
[2024-12-03T16:17:05.802+0000] {processor.py:176} INFO - Processing /home/airflow/.local/lib/python3.7/site-packages/airflow/example_dags/example_external_task_marker_dag.py took 0.962 seconds
[2024-12-03T16:17:36.108+0000] {processor.py:154} INFO - Started process (PID=2871) to work on /home/airflow/.local/lib/python3.7/site-packages/airflow/example_dags/example_external_task_marker_dag.py
[2024-12-03T16:17:36.111+0000] {processor.py:756} INFO - Processing file /home/airflow/.local/lib/python3.7/site-packages/airflow/example_dags/example_external_task_marker_dag.py for tasks to queue
[2024-12-03T16:17:36.118+0000] {logging_mixin.py:120} INFO - [2024-12-03T16:17:36.117+0000] {dagbag.py:537} INFO - Filling up the DagBag from /home/airflow/.local/lib/python3.7/site-packages/airflow/example_dags/example_external_task_marker_dag.py
[2024-12-03T16:17:36.165+0000] {processor.py:766} INFO - DAG(s) dict_keys(['example_external_task_marker_child', 'example_external_task_marker_parent']) retrieved from /home/airflow/.local/lib/python3.7/site-packages/airflow/example_dags/example_external_task_marker_dag.py
[2024-12-03T16:17:36.969+0000] {logging_mixin.py:120} INFO - [2024-12-03T16:17:36.968+0000] {dag.py:2585} INFO - Sync 2 DAGs
[2024-12-03T16:17:37.086+0000] {logging_mixin.py:120} INFO - [2024-12-03T16:17:37.086+0000] {dag.py:3340} INFO - Setting next_dagrun for example_external_task_marker_child to None, run_after=None
[2024-12-03T16:17:37.101+0000] {logging_mixin.py:120} INFO - [2024-12-03T16:17:37.100+0000] {dag.py:3340} INFO - Setting next_dagrun for example_external_task_marker_parent to None, run_after=None
[2024-12-03T16:17:37.181+0000] {processor.py:176} INFO - Processing /home/airflow/.local/lib/python3.7/site-packages/airflow/example_dags/example_external_task_marker_dag.py took 1.081 seconds
[2024-12-03T16:18:07.410+0000] {processor.py:154} INFO - Started process (PID=2927) to work on /home/airflow/.local/lib/python3.7/site-packages/airflow/example_dags/example_external_task_marker_dag.py
[2024-12-03T16:18:07.413+0000] {processor.py:756} INFO - Processing file /home/airflow/.local/lib/python3.7/site-packages/airflow/example_dags/example_external_task_marker_dag.py for tasks to queue
[2024-12-03T16:18:07.415+0000] {logging_mixin.py:120} INFO - [2024-12-03T16:18:07.415+0000] {dagbag.py:537} INFO - Filling up the DagBag from /home/airflow/.local/lib/python3.7/site-packages/airflow/example_dags/example_external_task_marker_dag.py
[2024-12-03T16:18:07.456+0000] {processor.py:766} INFO - DAG(s) dict_keys(['example_external_task_marker_parent', 'example_external_task_marker_child']) retrieved from /home/airflow/.local/lib/python3.7/site-packages/airflow/example_dags/example_external_task_marker_dag.py
[2024-12-03T16:18:08.072+0000] {logging_mixin.py:120} INFO - [2024-12-03T16:18:08.072+0000] {dag.py:2585} INFO - Sync 2 DAGs
[2024-12-03T16:18:08.170+0000] {logging_mixin.py:120} INFO - [2024-12-03T16:18:08.170+0000] {dag.py:3340} INFO - Setting next_dagrun for example_external_task_marker_child to None, run_after=None
[2024-12-03T16:18:08.180+0000] {logging_mixin.py:120} INFO - [2024-12-03T16:18:08.180+0000] {dag.py:3340} INFO - Setting next_dagrun for example_external_task_marker_parent to None, run_after=None
[2024-12-03T16:18:08.246+0000] {processor.py:176} INFO - Processing /home/airflow/.local/lib/python3.7/site-packages/airflow/example_dags/example_external_task_marker_dag.py took 0.842 seconds
[2024-12-03T16:18:38.705+0000] {processor.py:154} INFO - Started process (PID=2986) to work on /home/airflow/.local/lib/python3.7/site-packages/airflow/example_dags/example_external_task_marker_dag.py
[2024-12-03T16:18:38.707+0000] {processor.py:756} INFO - Processing file /home/airflow/.local/lib/python3.7/site-packages/airflow/example_dags/example_external_task_marker_dag.py for tasks to queue
[2024-12-03T16:18:38.710+0000] {logging_mixin.py:120} INFO - [2024-12-03T16:18:38.710+0000] {dagbag.py:537} INFO - Filling up the DagBag from /home/airflow/.local/lib/python3.7/site-packages/airflow/example_dags/example_external_task_marker_dag.py
[2024-12-03T16:18:38.783+0000] {processor.py:766} INFO - DAG(s) dict_keys(['example_external_task_marker_parent', 'example_external_task_marker_child']) retrieved from /home/airflow/.local/lib/python3.7/site-packages/airflow/example_dags/example_external_task_marker_dag.py
[2024-12-03T16:18:39.340+0000] {logging_mixin.py:120} INFO - [2024-12-03T16:18:39.340+0000] {dag.py:2585} INFO - Sync 2 DAGs
[2024-12-03T16:18:39.376+0000] {logging_mixin.py:120} INFO - [2024-12-03T16:18:39.376+0000] {dag.py:3340} INFO - Setting next_dagrun for example_external_task_marker_child to None, run_after=None
[2024-12-03T16:18:39.385+0000] {logging_mixin.py:120} INFO - [2024-12-03T16:18:39.384+0000] {dag.py:3340} INFO - Setting next_dagrun for example_external_task_marker_parent to None, run_after=None
[2024-12-03T16:18:39.428+0000] {processor.py:176} INFO - Processing /home/airflow/.local/lib/python3.7/site-packages/airflow/example_dags/example_external_task_marker_dag.py took 0.739 seconds
[2024-12-03T16:19:09.916+0000] {processor.py:154} INFO - Started process (PID=3054) to work on /home/airflow/.local/lib/python3.7/site-packages/airflow/example_dags/example_external_task_marker_dag.py
[2024-12-03T16:19:09.919+0000] {processor.py:756} INFO - Processing file /home/airflow/.local/lib/python3.7/site-packages/airflow/example_dags/example_external_task_marker_dag.py for tasks to queue
[2024-12-03T16:19:09.921+0000] {logging_mixin.py:120} INFO - [2024-12-03T16:19:09.920+0000] {dagbag.py:537} INFO - Filling up the DagBag from /home/airflow/.local/lib/python3.7/site-packages/airflow/example_dags/example_external_task_marker_dag.py
[2024-12-03T16:19:09.951+0000] {processor.py:766} INFO - DAG(s) dict_keys(['example_external_task_marker_child', 'example_external_task_marker_parent']) retrieved from /home/airflow/.local/lib/python3.7/site-packages/airflow/example_dags/example_external_task_marker_dag.py
[2024-12-03T16:19:10.308+0000] {logging_mixin.py:120} INFO - [2024-12-03T16:19:10.308+0000] {dag.py:2585} INFO - Sync 2 DAGs
[2024-12-03T16:19:10.349+0000] {logging_mixin.py:120} INFO - [2024-12-03T16:19:10.349+0000] {dag.py:3340} INFO - Setting next_dagrun for example_external_task_marker_child to None, run_after=None
[2024-12-03T16:19:10.356+0000] {logging_mixin.py:120} INFO - [2024-12-03T16:19:10.356+0000] {dag.py:3340} INFO - Setting next_dagrun for example_external_task_marker_parent to None, run_after=None
[2024-12-03T16:19:10.401+0000] {processor.py:176} INFO - Processing /home/airflow/.local/lib/python3.7/site-packages/airflow/example_dags/example_external_task_marker_dag.py took 0.489 seconds
[2024-12-03T16:19:40.714+0000] {processor.py:154} INFO - Started process (PID=3115) to work on /home/airflow/.local/lib/python3.7/site-packages/airflow/example_dags/example_external_task_marker_dag.py
[2024-12-03T16:19:40.716+0000] {processor.py:756} INFO - Processing file /home/airflow/.local/lib/python3.7/site-packages/airflow/example_dags/example_external_task_marker_dag.py for tasks to queue
[2024-12-03T16:19:40.717+0000] {logging_mixin.py:120} INFO - [2024-12-03T16:19:40.717+0000] {dagbag.py:537} INFO - Filling up the DagBag from /home/airflow/.local/lib/python3.7/site-packages/airflow/example_dags/example_external_task_marker_dag.py
[2024-12-03T16:19:40.748+0000] {processor.py:766} INFO - DAG(s) dict_keys(['example_external_task_marker_child', 'example_external_task_marker_parent']) retrieved from /home/airflow/.local/lib/python3.7/site-packages/airflow/example_dags/example_external_task_marker_dag.py
[2024-12-03T16:19:41.655+0000] {logging_mixin.py:120} INFO - [2024-12-03T16:19:41.655+0000] {dag.py:2585} INFO - Sync 2 DAGs
[2024-12-03T16:19:41.729+0000] {logging_mixin.py:120} INFO - [2024-12-03T16:19:41.728+0000] {dag.py:3340} INFO - Setting next_dagrun for example_external_task_marker_child to None, run_after=None
[2024-12-03T16:19:41.739+0000] {logging_mixin.py:120} INFO - [2024-12-03T16:19:41.739+0000] {dag.py:3340} INFO - Setting next_dagrun for example_external_task_marker_parent to None, run_after=None
[2024-12-03T16:19:41.810+0000] {processor.py:176} INFO - Processing /home/airflow/.local/lib/python3.7/site-packages/airflow/example_dags/example_external_task_marker_dag.py took 1.102 seconds
[2024-12-03T16:20:12.258+0000] {processor.py:154} INFO - Started process (PID=3183) to work on /home/airflow/.local/lib/python3.7/site-packages/airflow/example_dags/example_external_task_marker_dag.py
[2024-12-03T16:20:12.260+0000] {processor.py:756} INFO - Processing file /home/airflow/.local/lib/python3.7/site-packages/airflow/example_dags/example_external_task_marker_dag.py for tasks to queue
[2024-12-03T16:20:12.262+0000] {logging_mixin.py:120} INFO - [2024-12-03T16:20:12.262+0000] {dagbag.py:537} INFO - Filling up the DagBag from /home/airflow/.local/lib/python3.7/site-packages/airflow/example_dags/example_external_task_marker_dag.py
[2024-12-03T16:20:12.295+0000] {processor.py:766} INFO - DAG(s) dict_keys(['example_external_task_marker_child', 'example_external_task_marker_parent']) retrieved from /home/airflow/.local/lib/python3.7/site-packages/airflow/example_dags/example_external_task_marker_dag.py
[2024-12-03T16:20:12.686+0000] {logging_mixin.py:120} INFO - [2024-12-03T16:20:12.685+0000] {dag.py:2585} INFO - Sync 2 DAGs
[2024-12-03T16:20:12.732+0000] {logging_mixin.py:120} INFO - [2024-12-03T16:20:12.732+0000] {dag.py:3340} INFO - Setting next_dagrun for example_external_task_marker_child to None, run_after=None
[2024-12-03T16:20:12.739+0000] {logging_mixin.py:120} INFO - [2024-12-03T16:20:12.739+0000] {dag.py:3340} INFO - Setting next_dagrun for example_external_task_marker_parent to None, run_after=None
[2024-12-03T16:20:12.786+0000] {processor.py:176} INFO - Processing /home/airflow/.local/lib/python3.7/site-packages/airflow/example_dags/example_external_task_marker_dag.py took 0.537 seconds
[2024-12-03T16:20:43.069+0000] {processor.py:154} INFO - Started process (PID=3247) to work on /home/airflow/.local/lib/python3.7/site-packages/airflow/example_dags/example_external_task_marker_dag.py
[2024-12-03T16:20:43.071+0000] {processor.py:756} INFO - Processing file /home/airflow/.local/lib/python3.7/site-packages/airflow/example_dags/example_external_task_marker_dag.py for tasks to queue
[2024-12-03T16:20:43.072+0000] {logging_mixin.py:120} INFO - [2024-12-03T16:20:43.072+0000] {dagbag.py:537} INFO - Filling up the DagBag from /home/airflow/.local/lib/python3.7/site-packages/airflow/example_dags/example_external_task_marker_dag.py
[2024-12-03T16:20:43.111+0000] {processor.py:766} INFO - DAG(s) dict_keys(['example_external_task_marker_child', 'example_external_task_marker_parent']) retrieved from /home/airflow/.local/lib/python3.7/site-packages/airflow/example_dags/example_external_task_marker_dag.py
[2024-12-03T16:20:43.599+0000] {logging_mixin.py:120} INFO - [2024-12-03T16:20:43.599+0000] {dag.py:2585} INFO - Sync 2 DAGs
[2024-12-03T16:20:43.689+0000] {logging_mixin.py:120} INFO - [2024-12-03T16:20:43.688+0000] {dag.py:3340} INFO - Setting next_dagrun for example_external_task_marker_child to None, run_after=None
[2024-12-03T16:20:43.697+0000] {logging_mixin.py:120} INFO - [2024-12-03T16:20:43.697+0000] {dag.py:3340} INFO - Setting next_dagrun for example_external_task_marker_parent to None, run_after=None
[2024-12-03T16:20:43.746+0000] {processor.py:176} INFO - Processing /home/airflow/.local/lib/python3.7/site-packages/airflow/example_dags/example_external_task_marker_dag.py took 0.681 seconds
[2024-12-03T16:21:14.082+0000] {processor.py:154} INFO - Started process (PID=3302) to work on /home/airflow/.local/lib/python3.7/site-packages/airflow/example_dags/example_external_task_marker_dag.py
[2024-12-03T16:21:14.084+0000] {processor.py:756} INFO - Processing file /home/airflow/.local/lib/python3.7/site-packages/airflow/example_dags/example_external_task_marker_dag.py for tasks to queue
[2024-12-03T16:21:14.086+0000] {logging_mixin.py:120} INFO - [2024-12-03T16:21:14.085+0000] {dagbag.py:537} INFO - Filling up the DagBag from /home/airflow/.local/lib/python3.7/site-packages/airflow/example_dags/example_external_task_marker_dag.py
[2024-12-03T16:21:14.102+0000] {processor.py:766} INFO - DAG(s) dict_keys(['example_external_task_marker_child', 'example_external_task_marker_parent']) retrieved from /home/airflow/.local/lib/python3.7/site-packages/airflow/example_dags/example_external_task_marker_dag.py
[2024-12-03T16:21:14.378+0000] {logging_mixin.py:120} INFO - [2024-12-03T16:21:14.378+0000] {dag.py:2585} INFO - Sync 2 DAGs
[2024-12-03T16:21:14.420+0000] {logging_mixin.py:120} INFO - [2024-12-03T16:21:14.419+0000] {dag.py:3340} INFO - Setting next_dagrun for example_external_task_marker_child to None, run_after=None
[2024-12-03T16:21:14.429+0000] {logging_mixin.py:120} INFO - [2024-12-03T16:21:14.428+0000] {dag.py:3340} INFO - Setting next_dagrun for example_external_task_marker_parent to None, run_after=None
[2024-12-03T16:21:14.474+0000] {processor.py:176} INFO - Processing /home/airflow/.local/lib/python3.7/site-packages/airflow/example_dags/example_external_task_marker_dag.py took 0.396 seconds
[2024-12-03T16:21:44.719+0000] {processor.py:154} INFO - Started process (PID=3366) to work on /home/airflow/.local/lib/python3.7/site-packages/airflow/example_dags/example_external_task_marker_dag.py
[2024-12-03T16:21:44.721+0000] {processor.py:756} INFO - Processing file /home/airflow/.local/lib/python3.7/site-packages/airflow/example_dags/example_external_task_marker_dag.py for tasks to queue
[2024-12-03T16:21:44.723+0000] {logging_mixin.py:120} INFO - [2024-12-03T16:21:44.722+0000] {dagbag.py:537} INFO - Filling up the DagBag from /home/airflow/.local/lib/python3.7/site-packages/airflow/example_dags/example_external_task_marker_dag.py
[2024-12-03T16:21:44.750+0000] {processor.py:766} INFO - DAG(s) dict_keys(['example_external_task_marker_parent', 'example_external_task_marker_child']) retrieved from /home/airflow/.local/lib/python3.7/site-packages/airflow/example_dags/example_external_task_marker_dag.py
[2024-12-03T16:21:45.003+0000] {logging_mixin.py:120} INFO - [2024-12-03T16:21:45.002+0000] {dag.py:2585} INFO - Sync 2 DAGs
[2024-12-03T16:21:45.036+0000] {logging_mixin.py:120} INFO - [2024-12-03T16:21:45.036+0000] {dag.py:3340} INFO - Setting next_dagrun for example_external_task_marker_child to None, run_after=None
[2024-12-03T16:21:45.042+0000] {logging_mixin.py:120} INFO - [2024-12-03T16:21:45.042+0000] {dag.py:3340} INFO - Setting next_dagrun for example_external_task_marker_parent to None, run_after=None
[2024-12-03T16:21:45.074+0000] {processor.py:176} INFO - Processing /home/airflow/.local/lib/python3.7/site-packages/airflow/example_dags/example_external_task_marker_dag.py took 0.358 seconds
[2024-12-03T16:22:15.278+0000] {processor.py:154} INFO - Started process (PID=3421) to work on /home/airflow/.local/lib/python3.7/site-packages/airflow/example_dags/example_external_task_marker_dag.py
[2024-12-03T16:22:15.279+0000] {processor.py:756} INFO - Processing file /home/airflow/.local/lib/python3.7/site-packages/airflow/example_dags/example_external_task_marker_dag.py for tasks to queue
[2024-12-03T16:22:15.280+0000] {logging_mixin.py:120} INFO - [2024-12-03T16:22:15.280+0000] {dagbag.py:537} INFO - Filling up the DagBag from /home/airflow/.local/lib/python3.7/site-packages/airflow/example_dags/example_external_task_marker_dag.py
[2024-12-03T16:22:15.297+0000] {processor.py:766} INFO - DAG(s) dict_keys(['example_external_task_marker_parent', 'example_external_task_marker_child']) retrieved from /home/airflow/.local/lib/python3.7/site-packages/airflow/example_dags/example_external_task_marker_dag.py
[2024-12-03T16:22:15.539+0000] {logging_mixin.py:120} INFO - [2024-12-03T16:22:15.539+0000] {dag.py:2585} INFO - Sync 2 DAGs
[2024-12-03T16:22:15.574+0000] {logging_mixin.py:120} INFO - [2024-12-03T16:22:15.574+0000] {dag.py:3340} INFO - Setting next_dagrun for example_external_task_marker_child to None, run_after=None
[2024-12-03T16:22:15.580+0000] {logging_mixin.py:120} INFO - [2024-12-03T16:22:15.580+0000] {dag.py:3340} INFO - Setting next_dagrun for example_external_task_marker_parent to None, run_after=None
[2024-12-03T16:22:15.616+0000] {processor.py:176} INFO - Processing /home/airflow/.local/lib/python3.7/site-packages/airflow/example_dags/example_external_task_marker_dag.py took 0.342 seconds
[2024-12-03T16:22:45.864+0000] {processor.py:154} INFO - Started process (PID=3485) to work on /home/airflow/.local/lib/python3.7/site-packages/airflow/example_dags/example_external_task_marker_dag.py
[2024-12-03T16:22:45.866+0000] {processor.py:756} INFO - Processing file /home/airflow/.local/lib/python3.7/site-packages/airflow/example_dags/example_external_task_marker_dag.py for tasks to queue
[2024-12-03T16:22:45.868+0000] {logging_mixin.py:120} INFO - [2024-12-03T16:22:45.867+0000] {dagbag.py:537} INFO - Filling up the DagBag from /home/airflow/.local/lib/python3.7/site-packages/airflow/example_dags/example_external_task_marker_dag.py
[2024-12-03T16:22:45.894+0000] {processor.py:766} INFO - DAG(s) dict_keys(['example_external_task_marker_parent', 'example_external_task_marker_child']) retrieved from /home/airflow/.local/lib/python3.7/site-packages/airflow/example_dags/example_external_task_marker_dag.py
[2024-12-03T16:22:46.174+0000] {logging_mixin.py:120} INFO - [2024-12-03T16:22:46.174+0000] {dag.py:2585} INFO - Sync 2 DAGs
[2024-12-03T16:22:46.207+0000] {logging_mixin.py:120} INFO - [2024-12-03T16:22:46.207+0000] {dag.py:3340} INFO - Setting next_dagrun for example_external_task_marker_child to None, run_after=None
[2024-12-03T16:22:46.213+0000] {logging_mixin.py:120} INFO - [2024-12-03T16:22:46.213+0000] {dag.py:3340} INFO - Setting next_dagrun for example_external_task_marker_parent to None, run_after=None
[2024-12-03T16:22:46.246+0000] {processor.py:176} INFO - Processing /home/airflow/.local/lib/python3.7/site-packages/airflow/example_dags/example_external_task_marker_dag.py took 0.385 seconds
[2024-12-03T16:23:16.977+0000] {processor.py:154} INFO - Started process (PID=3549) to work on /home/airflow/.local/lib/python3.7/site-packages/airflow/example_dags/example_external_task_marker_dag.py
[2024-12-03T16:23:16.979+0000] {processor.py:756} INFO - Processing file /home/airflow/.local/lib/python3.7/site-packages/airflow/example_dags/example_external_task_marker_dag.py for tasks to queue
[2024-12-03T16:23:16.979+0000] {logging_mixin.py:120} INFO - [2024-12-03T16:23:16.979+0000] {dagbag.py:537} INFO - Filling up the DagBag from /home/airflow/.local/lib/python3.7/site-packages/airflow/example_dags/example_external_task_marker_dag.py
[2024-12-03T16:23:16.995+0000] {processor.py:766} INFO - DAG(s) dict_keys(['example_external_task_marker_child', 'example_external_task_marker_parent']) retrieved from /home/airflow/.local/lib/python3.7/site-packages/airflow/example_dags/example_external_task_marker_dag.py
[2024-12-03T16:23:17.227+0000] {logging_mixin.py:120} INFO - [2024-12-03T16:23:17.227+0000] {dag.py:2585} INFO - Sync 2 DAGs
[2024-12-03T16:23:17.258+0000] {logging_mixin.py:120} INFO - [2024-12-03T16:23:17.257+0000] {dag.py:3340} INFO - Setting next_dagrun for example_external_task_marker_child to None, run_after=None
[2024-12-03T16:23:17.263+0000] {logging_mixin.py:120} INFO - [2024-12-03T16:23:17.262+0000] {dag.py:3340} INFO - Setting next_dagrun for example_external_task_marker_parent to None, run_after=None
[2024-12-03T16:23:17.288+0000] {processor.py:176} INFO - Processing /home/airflow/.local/lib/python3.7/site-packages/airflow/example_dags/example_external_task_marker_dag.py took 0.315 seconds
[2024-12-03T16:23:47.926+0000] {processor.py:154} INFO - Started process (PID=3604) to work on /home/airflow/.local/lib/python3.7/site-packages/airflow/example_dags/example_external_task_marker_dag.py
[2024-12-03T16:23:47.929+0000] {processor.py:756} INFO - Processing file /home/airflow/.local/lib/python3.7/site-packages/airflow/example_dags/example_external_task_marker_dag.py for tasks to queue
[2024-12-03T16:23:47.930+0000] {logging_mixin.py:120} INFO - [2024-12-03T16:23:47.930+0000] {dagbag.py:537} INFO - Filling up the DagBag from /home/airflow/.local/lib/python3.7/site-packages/airflow/example_dags/example_external_task_marker_dag.py
[2024-12-03T16:23:47.949+0000] {processor.py:766} INFO - DAG(s) dict_keys(['example_external_task_marker_parent', 'example_external_task_marker_child']) retrieved from /home/airflow/.local/lib/python3.7/site-packages/airflow/example_dags/example_external_task_marker_dag.py
[2024-12-03T16:23:48.163+0000] {logging_mixin.py:120} INFO - [2024-12-03T16:23:48.163+0000] {dag.py:2585} INFO - Sync 2 DAGs
[2024-12-03T16:23:48.195+0000] {logging_mixin.py:120} INFO - [2024-12-03T16:23:48.194+0000] {dag.py:3340} INFO - Setting next_dagrun for example_external_task_marker_child to None, run_after=None
[2024-12-03T16:23:48.200+0000] {logging_mixin.py:120} INFO - [2024-12-03T16:23:48.200+0000] {dag.py:3340} INFO - Setting next_dagrun for example_external_task_marker_parent to None, run_after=None
[2024-12-03T16:23:48.227+0000] {processor.py:176} INFO - Processing /home/airflow/.local/lib/python3.7/site-packages/airflow/example_dags/example_external_task_marker_dag.py took 0.305 seconds
[2024-12-03T16:24:18.554+0000] {processor.py:154} INFO - Started process (PID=3668) to work on /home/airflow/.local/lib/python3.7/site-packages/airflow/example_dags/example_external_task_marker_dag.py
[2024-12-03T16:24:18.556+0000] {processor.py:756} INFO - Processing file /home/airflow/.local/lib/python3.7/site-packages/airflow/example_dags/example_external_task_marker_dag.py for tasks to queue
[2024-12-03T16:24:18.558+0000] {logging_mixin.py:120} INFO - [2024-12-03T16:24:18.557+0000] {dagbag.py:537} INFO - Filling up the DagBag from /home/airflow/.local/lib/python3.7/site-packages/airflow/example_dags/example_external_task_marker_dag.py
[2024-12-03T16:24:18.576+0000] {processor.py:766} INFO - DAG(s) dict_keys(['example_external_task_marker_parent', 'example_external_task_marker_child']) retrieved from /home/airflow/.local/lib/python3.7/site-packages/airflow/example_dags/example_external_task_marker_dag.py
[2024-12-03T16:24:18.854+0000] {logging_mixin.py:120} INFO - [2024-12-03T16:24:18.854+0000] {dag.py:2585} INFO - Sync 2 DAGs
[2024-12-03T16:24:18.894+0000] {logging_mixin.py:120} INFO - [2024-12-03T16:24:18.893+0000] {dag.py:3340} INFO - Setting next_dagrun for example_external_task_marker_child to None, run_after=None
[2024-12-03T16:24:18.901+0000] {logging_mixin.py:120} INFO - [2024-12-03T16:24:18.901+0000] {dag.py:3340} INFO - Setting next_dagrun for example_external_task_marker_parent to None, run_after=None
[2024-12-03T16:24:18.972+0000] {processor.py:176} INFO - Processing /home/airflow/.local/lib/python3.7/site-packages/airflow/example_dags/example_external_task_marker_dag.py took 0.421 seconds
[2024-12-03T16:24:49.157+0000] {processor.py:154} INFO - Started process (PID=3736) to work on /home/airflow/.local/lib/python3.7/site-packages/airflow/example_dags/example_external_task_marker_dag.py
[2024-12-03T16:24:49.161+0000] {processor.py:756} INFO - Processing file /home/airflow/.local/lib/python3.7/site-packages/airflow/example_dags/example_external_task_marker_dag.py for tasks to queue
[2024-12-03T16:24:49.165+0000] {logging_mixin.py:120} INFO - [2024-12-03T16:24:49.164+0000] {dagbag.py:537} INFO - Filling up the DagBag from /home/airflow/.local/lib/python3.7/site-packages/airflow/example_dags/example_external_task_marker_dag.py
[2024-12-03T16:24:49.226+0000] {processor.py:766} INFO - DAG(s) dict_keys(['example_external_task_marker_parent', 'example_external_task_marker_child']) retrieved from /home/airflow/.local/lib/python3.7/site-packages/airflow/example_dags/example_external_task_marker_dag.py
[2024-12-03T16:24:49.831+0000] {logging_mixin.py:120} INFO - [2024-12-03T16:24:49.831+0000] {dag.py:2585} INFO - Sync 2 DAGs
[2024-12-03T16:24:49.904+0000] {logging_mixin.py:120} INFO - [2024-12-03T16:24:49.904+0000] {dag.py:3340} INFO - Setting next_dagrun for example_external_task_marker_child to None, run_after=None
[2024-12-03T16:24:49.913+0000] {logging_mixin.py:120} INFO - [2024-12-03T16:24:49.913+0000] {dag.py:3340} INFO - Setting next_dagrun for example_external_task_marker_parent to None, run_after=None
[2024-12-03T16:24:49.966+0000] {processor.py:176} INFO - Processing /home/airflow/.local/lib/python3.7/site-packages/airflow/example_dags/example_external_task_marker_dag.py took 0.819 seconds
[2024-12-03T16:25:20.481+0000] {processor.py:154} INFO - Started process (PID=3812) to work on /home/airflow/.local/lib/python3.7/site-packages/airflow/example_dags/example_external_task_marker_dag.py
[2024-12-03T16:25:20.483+0000] {processor.py:756} INFO - Processing file /home/airflow/.local/lib/python3.7/site-packages/airflow/example_dags/example_external_task_marker_dag.py for tasks to queue
[2024-12-03T16:25:20.485+0000] {logging_mixin.py:120} INFO - [2024-12-03T16:25:20.484+0000] {dagbag.py:537} INFO - Filling up the DagBag from /home/airflow/.local/lib/python3.7/site-packages/airflow/example_dags/example_external_task_marker_dag.py
[2024-12-03T16:25:20.506+0000] {processor.py:766} INFO - DAG(s) dict_keys(['example_external_task_marker_parent', 'example_external_task_marker_child']) retrieved from /home/airflow/.local/lib/python3.7/site-packages/airflow/example_dags/example_external_task_marker_dag.py
[2024-12-03T16:25:20.867+0000] {logging_mixin.py:120} INFO - [2024-12-03T16:25:20.867+0000] {dag.py:2585} INFO - Sync 2 DAGs
[2024-12-03T16:25:20.912+0000] {logging_mixin.py:120} INFO - [2024-12-03T16:25:20.911+0000] {dag.py:3340} INFO - Setting next_dagrun for example_external_task_marker_child to None, run_after=None
[2024-12-03T16:25:20.921+0000] {logging_mixin.py:120} INFO - [2024-12-03T16:25:20.921+0000] {dag.py:3340} INFO - Setting next_dagrun for example_external_task_marker_parent to None, run_after=None
[2024-12-03T16:25:20.963+0000] {processor.py:176} INFO - Processing /home/airflow/.local/lib/python3.7/site-packages/airflow/example_dags/example_external_task_marker_dag.py took 0.485 seconds
[2024-12-03T16:25:51.827+0000] {processor.py:154} INFO - Started process (PID=3868) to work on /home/airflow/.local/lib/python3.7/site-packages/airflow/example_dags/example_external_task_marker_dag.py
[2024-12-03T16:25:51.828+0000] {processor.py:756} INFO - Processing file /home/airflow/.local/lib/python3.7/site-packages/airflow/example_dags/example_external_task_marker_dag.py for tasks to queue
[2024-12-03T16:25:51.830+0000] {logging_mixin.py:120} INFO - [2024-12-03T16:25:51.829+0000] {dagbag.py:537} INFO - Filling up the DagBag from /home/airflow/.local/lib/python3.7/site-packages/airflow/example_dags/example_external_task_marker_dag.py
[2024-12-03T16:25:51.861+0000] {processor.py:766} INFO - DAG(s) dict_keys(['example_external_task_marker_parent', 'example_external_task_marker_child']) retrieved from /home/airflow/.local/lib/python3.7/site-packages/airflow/example_dags/example_external_task_marker_dag.py
[2024-12-03T16:25:52.149+0000] {logging_mixin.py:120} INFO - [2024-12-03T16:25:52.148+0000] {dag.py:2585} INFO - Sync 2 DAGs
[2024-12-03T16:25:52.200+0000] {logging_mixin.py:120} INFO - [2024-12-03T16:25:52.200+0000] {dag.py:3340} INFO - Setting next_dagrun for example_external_task_marker_child to None, run_after=None
[2024-12-03T16:25:52.205+0000] {logging_mixin.py:120} INFO - [2024-12-03T16:25:52.205+0000] {dag.py:3340} INFO - Setting next_dagrun for example_external_task_marker_parent to None, run_after=None
[2024-12-03T16:25:52.237+0000] {processor.py:176} INFO - Processing /home/airflow/.local/lib/python3.7/site-packages/airflow/example_dags/example_external_task_marker_dag.py took 0.413 seconds
[2024-12-03T16:26:22.380+0000] {processor.py:154} INFO - Started process (PID=3932) to work on /home/airflow/.local/lib/python3.7/site-packages/airflow/example_dags/example_external_task_marker_dag.py
[2024-12-03T16:26:22.382+0000] {processor.py:756} INFO - Processing file /home/airflow/.local/lib/python3.7/site-packages/airflow/example_dags/example_external_task_marker_dag.py for tasks to queue
[2024-12-03T16:26:22.384+0000] {logging_mixin.py:120} INFO - [2024-12-03T16:26:22.383+0000] {dagbag.py:537} INFO - Filling up the DagBag from /home/airflow/.local/lib/python3.7/site-packages/airflow/example_dags/example_external_task_marker_dag.py
[2024-12-03T16:26:22.406+0000] {processor.py:766} INFO - DAG(s) dict_keys(['example_external_task_marker_child', 'example_external_task_marker_parent']) retrieved from /home/airflow/.local/lib/python3.7/site-packages/airflow/example_dags/example_external_task_marker_dag.py
[2024-12-03T16:26:22.687+0000] {logging_mixin.py:120} INFO - [2024-12-03T16:26:22.686+0000] {dag.py:2585} INFO - Sync 2 DAGs
[2024-12-03T16:26:22.736+0000] {logging_mixin.py:120} INFO - [2024-12-03T16:26:22.736+0000] {dag.py:3340} INFO - Setting next_dagrun for example_external_task_marker_child to None, run_after=None
[2024-12-03T16:26:22.745+0000] {logging_mixin.py:120} INFO - [2024-12-03T16:26:22.745+0000] {dag.py:3340} INFO - Setting next_dagrun for example_external_task_marker_parent to None, run_after=None
[2024-12-03T16:26:22.786+0000] {processor.py:176} INFO - Processing /home/airflow/.local/lib/python3.7/site-packages/airflow/example_dags/example_external_task_marker_dag.py took 0.408 seconds
[2024-12-03T16:26:53.811+0000] {processor.py:154} INFO - Started process (PID=3996) to work on /home/airflow/.local/lib/python3.7/site-packages/airflow/example_dags/example_external_task_marker_dag.py
[2024-12-03T16:26:53.812+0000] {processor.py:756} INFO - Processing file /home/airflow/.local/lib/python3.7/site-packages/airflow/example_dags/example_external_task_marker_dag.py for tasks to queue
[2024-12-03T16:26:53.814+0000] {logging_mixin.py:120} INFO - [2024-12-03T16:26:53.813+0000] {dagbag.py:537} INFO - Filling up the DagBag from /home/airflow/.local/lib/python3.7/site-packages/airflow/example_dags/example_external_task_marker_dag.py
[2024-12-03T16:26:53.828+0000] {processor.py:766} INFO - DAG(s) dict_keys(['example_external_task_marker_child', 'example_external_task_marker_parent']) retrieved from /home/airflow/.local/lib/python3.7/site-packages/airflow/example_dags/example_external_task_marker_dag.py
[2024-12-03T16:26:54.042+0000] {logging_mixin.py:120} INFO - [2024-12-03T16:26:54.042+0000] {dag.py:2585} INFO - Sync 2 DAGs
[2024-12-03T16:26:54.076+0000] {logging_mixin.py:120} INFO - [2024-12-03T16:26:54.075+0000] {dag.py:3340} INFO - Setting next_dagrun for example_external_task_marker_child to None, run_after=None
[2024-12-03T16:26:54.081+0000] {logging_mixin.py:120} INFO - [2024-12-03T16:26:54.081+0000] {dag.py:3340} INFO - Setting next_dagrun for example_external_task_marker_parent to None, run_after=None
[2024-12-03T16:26:54.121+0000] {processor.py:176} INFO - Processing /home/airflow/.local/lib/python3.7/site-packages/airflow/example_dags/example_external_task_marker_dag.py took 0.313 seconds
[2024-12-03T16:27:24.734+0000] {processor.py:154} INFO - Started process (PID=4051) to work on /home/airflow/.local/lib/python3.7/site-packages/airflow/example_dags/example_external_task_marker_dag.py
[2024-12-03T16:27:24.735+0000] {processor.py:756} INFO - Processing file /home/airflow/.local/lib/python3.7/site-packages/airflow/example_dags/example_external_task_marker_dag.py for tasks to queue
[2024-12-03T16:27:24.736+0000] {logging_mixin.py:120} INFO - [2024-12-03T16:27:24.736+0000] {dagbag.py:537} INFO - Filling up the DagBag from /home/airflow/.local/lib/python3.7/site-packages/airflow/example_dags/example_external_task_marker_dag.py
[2024-12-03T16:27:24.750+0000] {processor.py:766} INFO - DAG(s) dict_keys(['example_external_task_marker_parent', 'example_external_task_marker_child']) retrieved from /home/airflow/.local/lib/python3.7/site-packages/airflow/example_dags/example_external_task_marker_dag.py
[2024-12-03T16:27:25.060+0000] {logging_mixin.py:120} INFO - [2024-12-03T16:27:25.059+0000] {dag.py:2585} INFO - Sync 2 DAGs
[2024-12-03T16:27:25.098+0000] {logging_mixin.py:120} INFO - [2024-12-03T16:27:25.098+0000] {dag.py:3340} INFO - Setting next_dagrun for example_external_task_marker_child to None, run_after=None
[2024-12-03T16:27:25.106+0000] {logging_mixin.py:120} INFO - [2024-12-03T16:27:25.106+0000] {dag.py:3340} INFO - Setting next_dagrun for example_external_task_marker_parent to None, run_after=None
[2024-12-03T16:27:25.144+0000] {processor.py:176} INFO - Processing /home/airflow/.local/lib/python3.7/site-packages/airflow/example_dags/example_external_task_marker_dag.py took 0.413 seconds
[2024-12-03T16:27:56.092+0000] {processor.py:154} INFO - Started process (PID=4115) to work on /home/airflow/.local/lib/python3.7/site-packages/airflow/example_dags/example_external_task_marker_dag.py
[2024-12-03T16:27:56.093+0000] {processor.py:756} INFO - Processing file /home/airflow/.local/lib/python3.7/site-packages/airflow/example_dags/example_external_task_marker_dag.py for tasks to queue
[2024-12-03T16:27:56.094+0000] {logging_mixin.py:120} INFO - [2024-12-03T16:27:56.094+0000] {dagbag.py:537} INFO - Filling up the DagBag from /home/airflow/.local/lib/python3.7/site-packages/airflow/example_dags/example_external_task_marker_dag.py
[2024-12-03T16:27:56.109+0000] {processor.py:766} INFO - DAG(s) dict_keys(['example_external_task_marker_child', 'example_external_task_marker_parent']) retrieved from /home/airflow/.local/lib/python3.7/site-packages/airflow/example_dags/example_external_task_marker_dag.py
[2024-12-03T16:27:56.340+0000] {logging_mixin.py:120} INFO - [2024-12-03T16:27:56.340+0000] {dag.py:2585} INFO - Sync 2 DAGs
[2024-12-03T16:27:56.374+0000] {logging_mixin.py:120} INFO - [2024-12-03T16:27:56.374+0000] {dag.py:3340} INFO - Setting next_dagrun for example_external_task_marker_child to None, run_after=None
[2024-12-03T16:27:56.380+0000] {logging_mixin.py:120} INFO - [2024-12-03T16:27:56.380+0000] {dag.py:3340} INFO - Setting next_dagrun for example_external_task_marker_parent to None, run_after=None
[2024-12-03T16:27:56.413+0000] {processor.py:176} INFO - Processing /home/airflow/.local/lib/python3.7/site-packages/airflow/example_dags/example_external_task_marker_dag.py took 0.325 seconds
[2024-12-03T16:28:26.556+0000] {processor.py:154} INFO - Started process (PID=4170) to work on /home/airflow/.local/lib/python3.7/site-packages/airflow/example_dags/example_external_task_marker_dag.py
[2024-12-03T16:28:26.557+0000] {processor.py:756} INFO - Processing file /home/airflow/.local/lib/python3.7/site-packages/airflow/example_dags/example_external_task_marker_dag.py for tasks to queue
[2024-12-03T16:28:26.558+0000] {logging_mixin.py:120} INFO - [2024-12-03T16:28:26.558+0000] {dagbag.py:537} INFO - Filling up the DagBag from /home/airflow/.local/lib/python3.7/site-packages/airflow/example_dags/example_external_task_marker_dag.py
[2024-12-03T16:28:26.579+0000] {processor.py:766} INFO - DAG(s) dict_keys(['example_external_task_marker_parent', 'example_external_task_marker_child']) retrieved from /home/airflow/.local/lib/python3.7/site-packages/airflow/example_dags/example_external_task_marker_dag.py
[2024-12-03T16:28:26.871+0000] {logging_mixin.py:120} INFO - [2024-12-03T16:28:26.871+0000] {dag.py:2585} INFO - Sync 2 DAGs
[2024-12-03T16:28:26.917+0000] {logging_mixin.py:120} INFO - [2024-12-03T16:28:26.917+0000] {dag.py:3340} INFO - Setting next_dagrun for example_external_task_marker_child to None, run_after=None
[2024-12-03T16:28:26.926+0000] {logging_mixin.py:120} INFO - [2024-12-03T16:28:26.926+0000] {dag.py:3340} INFO - Setting next_dagrun for example_external_task_marker_parent to None, run_after=None
[2024-12-03T16:28:26.973+0000] {processor.py:176} INFO - Processing /home/airflow/.local/lib/python3.7/site-packages/airflow/example_dags/example_external_task_marker_dag.py took 0.421 seconds
[2024-12-03T16:28:57.172+0000] {processor.py:154} INFO - Started process (PID=4234) to work on /home/airflow/.local/lib/python3.7/site-packages/airflow/example_dags/example_external_task_marker_dag.py
[2024-12-03T16:28:57.174+0000] {processor.py:756} INFO - Processing file /home/airflow/.local/lib/python3.7/site-packages/airflow/example_dags/example_external_task_marker_dag.py for tasks to queue
[2024-12-03T16:28:57.177+0000] {logging_mixin.py:120} INFO - [2024-12-03T16:28:57.176+0000] {dagbag.py:537} INFO - Filling up the DagBag from /home/airflow/.local/lib/python3.7/site-packages/airflow/example_dags/example_external_task_marker_dag.py
[2024-12-03T16:28:57.205+0000] {processor.py:766} INFO - DAG(s) dict_keys(['example_external_task_marker_child', 'example_external_task_marker_parent']) retrieved from /home/airflow/.local/lib/python3.7/site-packages/airflow/example_dags/example_external_task_marker_dag.py
[2024-12-03T16:28:57.671+0000] {logging_mixin.py:120} INFO - [2024-12-03T16:28:57.671+0000] {dag.py:2585} INFO - Sync 2 DAGs
[2024-12-03T16:28:57.722+0000] {logging_mixin.py:120} INFO - [2024-12-03T16:28:57.722+0000] {dag.py:3340} INFO - Setting next_dagrun for example_external_task_marker_child to None, run_after=None
[2024-12-03T16:28:57.733+0000] {logging_mixin.py:120} INFO - [2024-12-03T16:28:57.732+0000] {dag.py:3340} INFO - Setting next_dagrun for example_external_task_marker_parent to None, run_after=None
[2024-12-03T16:28:57.791+0000] {processor.py:176} INFO - Processing /home/airflow/.local/lib/python3.7/site-packages/airflow/example_dags/example_external_task_marker_dag.py took 0.625 seconds
[2024-12-03T16:29:28.235+0000] {processor.py:154} INFO - Started process (PID=4295) to work on /home/airflow/.local/lib/python3.7/site-packages/airflow/example_dags/example_external_task_marker_dag.py
[2024-12-03T16:29:28.236+0000] {processor.py:756} INFO - Processing file /home/airflow/.local/lib/python3.7/site-packages/airflow/example_dags/example_external_task_marker_dag.py for tasks to queue
[2024-12-03T16:29:28.238+0000] {logging_mixin.py:120} INFO - [2024-12-03T16:29:28.238+0000] {dagbag.py:537} INFO - Filling up the DagBag from /home/airflow/.local/lib/python3.7/site-packages/airflow/example_dags/example_external_task_marker_dag.py
[2024-12-03T16:29:28.262+0000] {processor.py:766} INFO - DAG(s) dict_keys(['example_external_task_marker_parent', 'example_external_task_marker_child']) retrieved from /home/airflow/.local/lib/python3.7/site-packages/airflow/example_dags/example_external_task_marker_dag.py
[2024-12-03T16:29:28.612+0000] {logging_mixin.py:120} INFO - [2024-12-03T16:29:28.611+0000] {dag.py:2585} INFO - Sync 2 DAGs
[2024-12-03T16:29:28.656+0000] {logging_mixin.py:120} INFO - [2024-12-03T16:29:28.655+0000] {dag.py:3340} INFO - Setting next_dagrun for example_external_task_marker_child to None, run_after=None
[2024-12-03T16:29:28.661+0000] {logging_mixin.py:120} INFO - [2024-12-03T16:29:28.661+0000] {dag.py:3340} INFO - Setting next_dagrun for example_external_task_marker_parent to None, run_after=None
[2024-12-03T16:29:28.702+0000] {processor.py:176} INFO - Processing /home/airflow/.local/lib/python3.7/site-packages/airflow/example_dags/example_external_task_marker_dag.py took 0.471 seconds
[2024-12-03T16:29:58.804+0000] {processor.py:154} INFO - Started process (PID=4365) to work on /home/airflow/.local/lib/python3.7/site-packages/airflow/example_dags/example_external_task_marker_dag.py
[2024-12-03T16:29:58.806+0000] {processor.py:756} INFO - Processing file /home/airflow/.local/lib/python3.7/site-packages/airflow/example_dags/example_external_task_marker_dag.py for tasks to queue
[2024-12-03T16:29:58.807+0000] {logging_mixin.py:120} INFO - [2024-12-03T16:29:58.807+0000] {dagbag.py:537} INFO - Filling up the DagBag from /home/airflow/.local/lib/python3.7/site-packages/airflow/example_dags/example_external_task_marker_dag.py
[2024-12-03T16:29:58.828+0000] {processor.py:766} INFO - DAG(s) dict_keys(['example_external_task_marker_child', 'example_external_task_marker_parent']) retrieved from /home/airflow/.local/lib/python3.7/site-packages/airflow/example_dags/example_external_task_marker_dag.py
[2024-12-03T16:29:59.130+0000] {logging_mixin.py:120} INFO - [2024-12-03T16:29:59.129+0000] {dag.py:2585} INFO - Sync 2 DAGs
[2024-12-03T16:29:59.184+0000] {logging_mixin.py:120} INFO - [2024-12-03T16:29:59.184+0000] {dag.py:3340} INFO - Setting next_dagrun for example_external_task_marker_child to None, run_after=None
[2024-12-03T16:29:59.190+0000] {logging_mixin.py:120} INFO - [2024-12-03T16:29:59.190+0000] {dag.py:3340} INFO - Setting next_dagrun for example_external_task_marker_parent to None, run_after=None
[2024-12-03T16:29:59.235+0000] {processor.py:176} INFO - Processing /home/airflow/.local/lib/python3.7/site-packages/airflow/example_dags/example_external_task_marker_dag.py took 0.433 seconds
[2024-12-03T16:30:29.425+0000] {processor.py:154} INFO - Started process (PID=4428) to work on /home/airflow/.local/lib/python3.7/site-packages/airflow/example_dags/example_external_task_marker_dag.py
[2024-12-03T16:30:29.426+0000] {processor.py:756} INFO - Processing file /home/airflow/.local/lib/python3.7/site-packages/airflow/example_dags/example_external_task_marker_dag.py for tasks to queue
[2024-12-03T16:30:29.428+0000] {logging_mixin.py:120} INFO - [2024-12-03T16:30:29.428+0000] {dagbag.py:537} INFO - Filling up the DagBag from /home/airflow/.local/lib/python3.7/site-packages/airflow/example_dags/example_external_task_marker_dag.py
[2024-12-03T16:30:29.444+0000] {processor.py:766} INFO - DAG(s) dict_keys(['example_external_task_marker_child', 'example_external_task_marker_parent']) retrieved from /home/airflow/.local/lib/python3.7/site-packages/airflow/example_dags/example_external_task_marker_dag.py
[2024-12-03T16:30:29.676+0000] {logging_mixin.py:120} INFO - [2024-12-03T16:30:29.675+0000] {dag.py:2585} INFO - Sync 2 DAGs
[2024-12-03T16:30:29.705+0000] {logging_mixin.py:120} INFO - [2024-12-03T16:30:29.705+0000] {dag.py:3340} INFO - Setting next_dagrun for example_external_task_marker_child to None, run_after=None
[2024-12-03T16:30:29.710+0000] {logging_mixin.py:120} INFO - [2024-12-03T16:30:29.710+0000] {dag.py:3340} INFO - Setting next_dagrun for example_external_task_marker_parent to None, run_after=None
[2024-12-03T16:30:29.742+0000] {processor.py:176} INFO - Processing /home/airflow/.local/lib/python3.7/site-packages/airflow/example_dags/example_external_task_marker_dag.py took 0.320 seconds
[2024-12-03T16:30:59.985+0000] {processor.py:154} INFO - Started process (PID=4505) to work on /home/airflow/.local/lib/python3.7/site-packages/airflow/example_dags/example_external_task_marker_dag.py
[2024-12-03T16:30:59.987+0000] {processor.py:756} INFO - Processing file /home/airflow/.local/lib/python3.7/site-packages/airflow/example_dags/example_external_task_marker_dag.py for tasks to queue
[2024-12-03T16:30:59.988+0000] {logging_mixin.py:120} INFO - [2024-12-03T16:30:59.988+0000] {dagbag.py:537} INFO - Filling up the DagBag from /home/airflow/.local/lib/python3.7/site-packages/airflow/example_dags/example_external_task_marker_dag.py
[2024-12-03T16:31:00.010+0000] {processor.py:766} INFO - DAG(s) dict_keys(['example_external_task_marker_child', 'example_external_task_marker_parent']) retrieved from /home/airflow/.local/lib/python3.7/site-packages/airflow/example_dags/example_external_task_marker_dag.py
[2024-12-03T16:31:00.269+0000] {logging_mixin.py:120} INFO - [2024-12-03T16:31:00.269+0000] {dag.py:2585} INFO - Sync 2 DAGs
[2024-12-03T16:31:00.303+0000] {logging_mixin.py:120} INFO - [2024-12-03T16:31:00.303+0000] {dag.py:3340} INFO - Setting next_dagrun for example_external_task_marker_child to None, run_after=None
[2024-12-03T16:31:00.308+0000] {logging_mixin.py:120} INFO - [2024-12-03T16:31:00.308+0000] {dag.py:3340} INFO - Setting next_dagrun for example_external_task_marker_parent to None, run_after=None
[2024-12-03T16:31:00.337+0000] {processor.py:176} INFO - Processing /home/airflow/.local/lib/python3.7/site-packages/airflow/example_dags/example_external_task_marker_dag.py took 0.355 seconds
[2024-12-03T16:31:31.482+0000] {processor.py:154} INFO - Started process (PID=4562) to work on /home/airflow/.local/lib/python3.7/site-packages/airflow/example_dags/example_external_task_marker_dag.py
[2024-12-03T16:31:31.483+0000] {processor.py:756} INFO - Processing file /home/airflow/.local/lib/python3.7/site-packages/airflow/example_dags/example_external_task_marker_dag.py for tasks to queue
[2024-12-03T16:31:31.485+0000] {logging_mixin.py:120} INFO - [2024-12-03T16:31:31.485+0000] {dagbag.py:537} INFO - Filling up the DagBag from /home/airflow/.local/lib/python3.7/site-packages/airflow/example_dags/example_external_task_marker_dag.py
[2024-12-03T16:31:31.501+0000] {processor.py:766} INFO - DAG(s) dict_keys(['example_external_task_marker_child', 'example_external_task_marker_parent']) retrieved from /home/airflow/.local/lib/python3.7/site-packages/airflow/example_dags/example_external_task_marker_dag.py
[2024-12-03T16:31:31.730+0000] {logging_mixin.py:120} INFO - [2024-12-03T16:31:31.729+0000] {dag.py:2585} INFO - Sync 2 DAGs
[2024-12-03T16:31:31.761+0000] {logging_mixin.py:120} INFO - [2024-12-03T16:31:31.761+0000] {dag.py:3340} INFO - Setting next_dagrun for example_external_task_marker_child to None, run_after=None
[2024-12-03T16:31:31.766+0000] {logging_mixin.py:120} INFO - [2024-12-03T16:31:31.766+0000] {dag.py:3340} INFO - Setting next_dagrun for example_external_task_marker_parent to None, run_after=None
[2024-12-03T16:31:31.797+0000] {processor.py:176} INFO - Processing /home/airflow/.local/lib/python3.7/site-packages/airflow/example_dags/example_external_task_marker_dag.py took 0.320 seconds
[2024-12-03T16:32:02.307+0000] {processor.py:154} INFO - Started process (PID=4627) to work on /home/airflow/.local/lib/python3.7/site-packages/airflow/example_dags/example_external_task_marker_dag.py
[2024-12-03T16:32:02.309+0000] {processor.py:756} INFO - Processing file /home/airflow/.local/lib/python3.7/site-packages/airflow/example_dags/example_external_task_marker_dag.py for tasks to queue
[2024-12-03T16:32:02.311+0000] {logging_mixin.py:120} INFO - [2024-12-03T16:32:02.311+0000] {dagbag.py:537} INFO - Filling up the DagBag from /home/airflow/.local/lib/python3.7/site-packages/airflow/example_dags/example_external_task_marker_dag.py
[2024-12-03T16:32:02.347+0000] {processor.py:766} INFO - DAG(s) dict_keys(['example_external_task_marker_parent', 'example_external_task_marker_child']) retrieved from /home/airflow/.local/lib/python3.7/site-packages/airflow/example_dags/example_external_task_marker_dag.py
[2024-12-03T16:32:02.852+0000] {logging_mixin.py:120} INFO - [2024-12-03T16:32:02.852+0000] {dag.py:2585} INFO - Sync 2 DAGs
[2024-12-03T16:32:02.892+0000] {logging_mixin.py:120} INFO - [2024-12-03T16:32:02.892+0000] {dag.py:3340} INFO - Setting next_dagrun for example_external_task_marker_child to None, run_after=None
[2024-12-03T16:32:02.899+0000] {logging_mixin.py:120} INFO - [2024-12-03T16:32:02.899+0000] {dag.py:3340} INFO - Setting next_dagrun for example_external_task_marker_parent to None, run_after=None
[2024-12-03T16:32:02.930+0000] {processor.py:176} INFO - Processing /home/airflow/.local/lib/python3.7/site-packages/airflow/example_dags/example_external_task_marker_dag.py took 0.627 seconds
[2024-12-03T16:32:33.799+0000] {processor.py:154} INFO - Started process (PID=4682) to work on /home/airflow/.local/lib/python3.7/site-packages/airflow/example_dags/example_external_task_marker_dag.py
[2024-12-03T16:32:33.800+0000] {processor.py:756} INFO - Processing file /home/airflow/.local/lib/python3.7/site-packages/airflow/example_dags/example_external_task_marker_dag.py for tasks to queue
[2024-12-03T16:32:33.801+0000] {logging_mixin.py:120} INFO - [2024-12-03T16:32:33.801+0000] {dagbag.py:537} INFO - Filling up the DagBag from /home/airflow/.local/lib/python3.7/site-packages/airflow/example_dags/example_external_task_marker_dag.py
[2024-12-03T16:32:33.822+0000] {processor.py:766} INFO - DAG(s) dict_keys(['example_external_task_marker_parent', 'example_external_task_marker_child']) retrieved from /home/airflow/.local/lib/python3.7/site-packages/airflow/example_dags/example_external_task_marker_dag.py
[2024-12-03T16:32:34.059+0000] {logging_mixin.py:120} INFO - [2024-12-03T16:32:34.059+0000] {dag.py:2585} INFO - Sync 2 DAGs
[2024-12-03T16:32:34.091+0000] {logging_mixin.py:120} INFO - [2024-12-03T16:32:34.091+0000] {dag.py:3340} INFO - Setting next_dagrun for example_external_task_marker_child to None, run_after=None
[2024-12-03T16:32:34.098+0000] {logging_mixin.py:120} INFO - [2024-12-03T16:32:34.098+0000] {dag.py:3340} INFO - Setting next_dagrun for example_external_task_marker_parent to None, run_after=None
[2024-12-03T16:32:34.128+0000] {processor.py:176} INFO - Processing /home/airflow/.local/lib/python3.7/site-packages/airflow/example_dags/example_external_task_marker_dag.py took 0.331 seconds
[2024-12-03T16:33:04.450+0000] {processor.py:154} INFO - Started process (PID=4746) to work on /home/airflow/.local/lib/python3.7/site-packages/airflow/example_dags/example_external_task_marker_dag.py
[2024-12-03T16:33:04.452+0000] {processor.py:756} INFO - Processing file /home/airflow/.local/lib/python3.7/site-packages/airflow/example_dags/example_external_task_marker_dag.py for tasks to queue
[2024-12-03T16:33:04.454+0000] {logging_mixin.py:120} INFO - [2024-12-03T16:33:04.453+0000] {dagbag.py:537} INFO - Filling up the DagBag from /home/airflow/.local/lib/python3.7/site-packages/airflow/example_dags/example_external_task_marker_dag.py
[2024-12-03T16:33:04.479+0000] {processor.py:766} INFO - DAG(s) dict_keys(['example_external_task_marker_child', 'example_external_task_marker_parent']) retrieved from /home/airflow/.local/lib/python3.7/site-packages/airflow/example_dags/example_external_task_marker_dag.py
[2024-12-03T16:33:04.826+0000] {logging_mixin.py:120} INFO - [2024-12-03T16:33:04.825+0000] {dag.py:2585} INFO - Sync 2 DAGs
[2024-12-03T16:33:04.873+0000] {logging_mixin.py:120} INFO - [2024-12-03T16:33:04.872+0000] {dag.py:3340} INFO - Setting next_dagrun for example_external_task_marker_child to None, run_after=None
[2024-12-03T16:33:04.884+0000] {logging_mixin.py:120} INFO - [2024-12-03T16:33:04.883+0000] {dag.py:3340} INFO - Setting next_dagrun for example_external_task_marker_parent to None, run_after=None
[2024-12-03T16:33:04.932+0000] {processor.py:176} INFO - Processing /home/airflow/.local/lib/python3.7/site-packages/airflow/example_dags/example_external_task_marker_dag.py took 0.484 seconds
[2024-12-03T16:33:35.303+0000] {processor.py:154} INFO - Started process (PID=4801) to work on /home/airflow/.local/lib/python3.7/site-packages/airflow/example_dags/example_external_task_marker_dag.py
[2024-12-03T16:33:35.304+0000] {processor.py:756} INFO - Processing file /home/airflow/.local/lib/python3.7/site-packages/airflow/example_dags/example_external_task_marker_dag.py for tasks to queue
[2024-12-03T16:33:35.305+0000] {logging_mixin.py:120} INFO - [2024-12-03T16:33:35.305+0000] {dagbag.py:537} INFO - Filling up the DagBag from /home/airflow/.local/lib/python3.7/site-packages/airflow/example_dags/example_external_task_marker_dag.py
[2024-12-03T16:33:35.318+0000] {processor.py:766} INFO - DAG(s) dict_keys(['example_external_task_marker_child', 'example_external_task_marker_parent']) retrieved from /home/airflow/.local/lib/python3.7/site-packages/airflow/example_dags/example_external_task_marker_dag.py
[2024-12-03T16:33:35.544+0000] {logging_mixin.py:120} INFO - [2024-12-03T16:33:35.544+0000] {dag.py:2585} INFO - Sync 2 DAGs
[2024-12-03T16:33:35.574+0000] {logging_mixin.py:120} INFO - [2024-12-03T16:33:35.574+0000] {dag.py:3340} INFO - Setting next_dagrun for example_external_task_marker_child to None, run_after=None
[2024-12-03T16:33:35.580+0000] {logging_mixin.py:120} INFO - [2024-12-03T16:33:35.580+0000] {dag.py:3340} INFO - Setting next_dagrun for example_external_task_marker_parent to None, run_after=None
[2024-12-03T16:33:35.620+0000] {processor.py:176} INFO - Processing /home/airflow/.local/lib/python3.7/site-packages/airflow/example_dags/example_external_task_marker_dag.py took 0.319 seconds
[2024-12-03T16:34:06.173+0000] {processor.py:154} INFO - Started process (PID=4865) to work on /home/airflow/.local/lib/python3.7/site-packages/airflow/example_dags/example_external_task_marker_dag.py
[2024-12-03T16:34:06.175+0000] {processor.py:756} INFO - Processing file /home/airflow/.local/lib/python3.7/site-packages/airflow/example_dags/example_external_task_marker_dag.py for tasks to queue
[2024-12-03T16:34:06.176+0000] {logging_mixin.py:120} INFO - [2024-12-03T16:34:06.176+0000] {dagbag.py:537} INFO - Filling up the DagBag from /home/airflow/.local/lib/python3.7/site-packages/airflow/example_dags/example_external_task_marker_dag.py
[2024-12-03T16:34:06.193+0000] {processor.py:766} INFO - DAG(s) dict_keys(['example_external_task_marker_child', 'example_external_task_marker_parent']) retrieved from /home/airflow/.local/lib/python3.7/site-packages/airflow/example_dags/example_external_task_marker_dag.py
[2024-12-03T16:34:06.443+0000] {logging_mixin.py:120} INFO - [2024-12-03T16:34:06.442+0000] {dag.py:2585} INFO - Sync 2 DAGs
[2024-12-03T16:34:06.506+0000] {logging_mixin.py:120} INFO - [2024-12-03T16:34:06.506+0000] {dag.py:3340} INFO - Setting next_dagrun for example_external_task_marker_child to None, run_after=None
[2024-12-03T16:34:06.520+0000] {logging_mixin.py:120} INFO - [2024-12-03T16:34:06.519+0000] {dag.py:3340} INFO - Setting next_dagrun for example_external_task_marker_parent to None, run_after=None
[2024-12-03T16:34:06.557+0000] {processor.py:176} INFO - Processing /home/airflow/.local/lib/python3.7/site-packages/airflow/example_dags/example_external_task_marker_dag.py took 0.387 seconds
[2024-12-03T16:34:36.688+0000] {processor.py:154} INFO - Started process (PID=4928) to work on /home/airflow/.local/lib/python3.7/site-packages/airflow/example_dags/example_external_task_marker_dag.py
[2024-12-03T16:34:36.692+0000] {processor.py:756} INFO - Processing file /home/airflow/.local/lib/python3.7/site-packages/airflow/example_dags/example_external_task_marker_dag.py for tasks to queue
[2024-12-03T16:34:36.694+0000] {logging_mixin.py:120} INFO - [2024-12-03T16:34:36.693+0000] {dagbag.py:537} INFO - Filling up the DagBag from /home/airflow/.local/lib/python3.7/site-packages/airflow/example_dags/example_external_task_marker_dag.py
[2024-12-03T16:34:36.715+0000] {processor.py:766} INFO - DAG(s) dict_keys(['example_external_task_marker_parent', 'example_external_task_marker_child']) retrieved from /home/airflow/.local/lib/python3.7/site-packages/airflow/example_dags/example_external_task_marker_dag.py
[2024-12-03T16:34:37.358+0000] {logging_mixin.py:120} INFO - [2024-12-03T16:34:37.357+0000] {dag.py:2585} INFO - Sync 2 DAGs
[2024-12-03T16:34:37.430+0000] {logging_mixin.py:120} INFO - [2024-12-03T16:34:37.430+0000] {dag.py:3340} INFO - Setting next_dagrun for example_external_task_marker_child to None, run_after=None
[2024-12-03T16:34:37.437+0000] {logging_mixin.py:120} INFO - [2024-12-03T16:34:37.437+0000] {dag.py:3340} INFO - Setting next_dagrun for example_external_task_marker_parent to None, run_after=None
[2024-12-03T16:34:37.485+0000] {processor.py:176} INFO - Processing /home/airflow/.local/lib/python3.7/site-packages/airflow/example_dags/example_external_task_marker_dag.py took 0.800 seconds
[2024-12-03T16:35:07.943+0000] {processor.py:154} INFO - Started process (PID=4985) to work on /home/airflow/.local/lib/python3.7/site-packages/airflow/example_dags/example_external_task_marker_dag.py
[2024-12-03T16:35:07.945+0000] {processor.py:756} INFO - Processing file /home/airflow/.local/lib/python3.7/site-packages/airflow/example_dags/example_external_task_marker_dag.py for tasks to queue
[2024-12-03T16:35:07.946+0000] {logging_mixin.py:120} INFO - [2024-12-03T16:35:07.946+0000] {dagbag.py:537} INFO - Filling up the DagBag from /home/airflow/.local/lib/python3.7/site-packages/airflow/example_dags/example_external_task_marker_dag.py
[2024-12-03T16:35:07.966+0000] {processor.py:766} INFO - DAG(s) dict_keys(['example_external_task_marker_parent', 'example_external_task_marker_child']) retrieved from /home/airflow/.local/lib/python3.7/site-packages/airflow/example_dags/example_external_task_marker_dag.py
[2024-12-03T16:35:08.303+0000] {logging_mixin.py:120} INFO - [2024-12-03T16:35:08.302+0000] {dag.py:2585} INFO - Sync 2 DAGs
[2024-12-03T16:35:08.360+0000] {logging_mixin.py:120} INFO - [2024-12-03T16:35:08.360+0000] {dag.py:3340} INFO - Setting next_dagrun for example_external_task_marker_child to None, run_after=None
[2024-12-03T16:35:08.367+0000] {logging_mixin.py:120} INFO - [2024-12-03T16:35:08.367+0000] {dag.py:3340} INFO - Setting next_dagrun for example_external_task_marker_parent to None, run_after=None
[2024-12-03T16:35:08.406+0000] {processor.py:176} INFO - Processing /home/airflow/.local/lib/python3.7/site-packages/airflow/example_dags/example_external_task_marker_dag.py took 0.469 seconds
[2024-12-03T16:35:38.920+0000] {processor.py:154} INFO - Started process (PID=5053) to work on /home/airflow/.local/lib/python3.7/site-packages/airflow/example_dags/example_external_task_marker_dag.py
[2024-12-03T16:35:38.921+0000] {processor.py:756} INFO - Processing file /home/airflow/.local/lib/python3.7/site-packages/airflow/example_dags/example_external_task_marker_dag.py for tasks to queue
[2024-12-03T16:35:38.923+0000] {logging_mixin.py:120} INFO - [2024-12-03T16:35:38.922+0000] {dagbag.py:537} INFO - Filling up the DagBag from /home/airflow/.local/lib/python3.7/site-packages/airflow/example_dags/example_external_task_marker_dag.py
[2024-12-03T16:35:38.939+0000] {processor.py:766} INFO - DAG(s) dict_keys(['example_external_task_marker_child', 'example_external_task_marker_parent']) retrieved from /home/airflow/.local/lib/python3.7/site-packages/airflow/example_dags/example_external_task_marker_dag.py
[2024-12-03T16:35:39.243+0000] {logging_mixin.py:120} INFO - [2024-12-03T16:35:39.243+0000] {dag.py:2585} INFO - Sync 2 DAGs
[2024-12-03T16:35:39.288+0000] {logging_mixin.py:120} INFO - [2024-12-03T16:35:39.288+0000] {dag.py:3340} INFO - Setting next_dagrun for example_external_task_marker_child to None, run_after=None
[2024-12-03T16:35:39.296+0000] {logging_mixin.py:120} INFO - [2024-12-03T16:35:39.295+0000] {dag.py:3340} INFO - Setting next_dagrun for example_external_task_marker_parent to None, run_after=None
[2024-12-03T16:35:39.357+0000] {processor.py:176} INFO - Processing /home/airflow/.local/lib/python3.7/site-packages/airflow/example_dags/example_external_task_marker_dag.py took 0.440 seconds
[2024-12-03T16:36:10.239+0000] {processor.py:154} INFO - Started process (PID=5113) to work on /home/airflow/.local/lib/python3.7/site-packages/airflow/example_dags/example_external_task_marker_dag.py
[2024-12-03T16:36:10.242+0000] {processor.py:756} INFO - Processing file /home/airflow/.local/lib/python3.7/site-packages/airflow/example_dags/example_external_task_marker_dag.py for tasks to queue
[2024-12-03T16:36:10.243+0000] {logging_mixin.py:120} INFO - [2024-12-03T16:36:10.243+0000] {dagbag.py:537} INFO - Filling up the DagBag from /home/airflow/.local/lib/python3.7/site-packages/airflow/example_dags/example_external_task_marker_dag.py
[2024-12-03T16:36:10.263+0000] {processor.py:766} INFO - DAG(s) dict_keys(['example_external_task_marker_parent', 'example_external_task_marker_child']) retrieved from /home/airflow/.local/lib/python3.7/site-packages/airflow/example_dags/example_external_task_marker_dag.py
[2024-12-03T16:36:10.621+0000] {logging_mixin.py:120} INFO - [2024-12-03T16:36:10.620+0000] {dag.py:2585} INFO - Sync 2 DAGs
[2024-12-03T16:36:10.668+0000] {logging_mixin.py:120} INFO - [2024-12-03T16:36:10.667+0000] {dag.py:3340} INFO - Setting next_dagrun for example_external_task_marker_child to None, run_after=None
[2024-12-03T16:36:10.678+0000] {logging_mixin.py:120} INFO - [2024-12-03T16:36:10.677+0000] {dag.py:3340} INFO - Setting next_dagrun for example_external_task_marker_parent to None, run_after=None
[2024-12-03T16:36:10.732+0000] {processor.py:176} INFO - Processing /home/airflow/.local/lib/python3.7/site-packages/airflow/example_dags/example_external_task_marker_dag.py took 0.496 seconds
[2024-12-03T16:36:41.094+0000] {processor.py:154} INFO - Started process (PID=5177) to work on /home/airflow/.local/lib/python3.7/site-packages/airflow/example_dags/example_external_task_marker_dag.py
[2024-12-03T16:36:41.095+0000] {processor.py:756} INFO - Processing file /home/airflow/.local/lib/python3.7/site-packages/airflow/example_dags/example_external_task_marker_dag.py for tasks to queue
[2024-12-03T16:36:41.097+0000] {logging_mixin.py:120} INFO - [2024-12-03T16:36:41.096+0000] {dagbag.py:537} INFO - Filling up the DagBag from /home/airflow/.local/lib/python3.7/site-packages/airflow/example_dags/example_external_task_marker_dag.py
[2024-12-03T16:36:41.113+0000] {processor.py:766} INFO - DAG(s) dict_keys(['example_external_task_marker_child', 'example_external_task_marker_parent']) retrieved from /home/airflow/.local/lib/python3.7/site-packages/airflow/example_dags/example_external_task_marker_dag.py
[2024-12-03T16:36:41.352+0000] {logging_mixin.py:120} INFO - [2024-12-03T16:36:41.352+0000] {dag.py:2585} INFO - Sync 2 DAGs
[2024-12-03T16:36:41.388+0000] {logging_mixin.py:120} INFO - [2024-12-03T16:36:41.388+0000] {dag.py:3340} INFO - Setting next_dagrun for example_external_task_marker_child to None, run_after=None
[2024-12-03T16:36:41.395+0000] {logging_mixin.py:120} INFO - [2024-12-03T16:36:41.394+0000] {dag.py:3340} INFO - Setting next_dagrun for example_external_task_marker_parent to None, run_after=None
[2024-12-03T16:36:41.425+0000] {processor.py:176} INFO - Processing /home/airflow/.local/lib/python3.7/site-packages/airflow/example_dags/example_external_task_marker_dag.py took 0.334 seconds
[2024-12-03T16:37:12.157+0000] {processor.py:154} INFO - Started process (PID=5232) to work on /home/airflow/.local/lib/python3.7/site-packages/airflow/example_dags/example_external_task_marker_dag.py
[2024-12-03T16:37:12.160+0000] {processor.py:756} INFO - Processing file /home/airflow/.local/lib/python3.7/site-packages/airflow/example_dags/example_external_task_marker_dag.py for tasks to queue
[2024-12-03T16:37:12.162+0000] {logging_mixin.py:120} INFO - [2024-12-03T16:37:12.162+0000] {dagbag.py:537} INFO - Filling up the DagBag from /home/airflow/.local/lib/python3.7/site-packages/airflow/example_dags/example_external_task_marker_dag.py
[2024-12-03T16:37:12.188+0000] {processor.py:766} INFO - DAG(s) dict_keys(['example_external_task_marker_child', 'example_external_task_marker_parent']) retrieved from /home/airflow/.local/lib/python3.7/site-packages/airflow/example_dags/example_external_task_marker_dag.py
[2024-12-03T16:37:12.479+0000] {logging_mixin.py:120} INFO - [2024-12-03T16:37:12.479+0000] {dag.py:2585} INFO - Sync 2 DAGs
[2024-12-03T16:37:12.525+0000] {logging_mixin.py:120} INFO - [2024-12-03T16:37:12.525+0000] {dag.py:3340} INFO - Setting next_dagrun for example_external_task_marker_child to None, run_after=None
[2024-12-03T16:37:12.531+0000] {logging_mixin.py:120} INFO - [2024-12-03T16:37:12.531+0000] {dag.py:3340} INFO - Setting next_dagrun for example_external_task_marker_parent to None, run_after=None
[2024-12-03T16:37:12.572+0000] {processor.py:176} INFO - Processing /home/airflow/.local/lib/python3.7/site-packages/airflow/example_dags/example_external_task_marker_dag.py took 0.422 seconds
[2024-12-03T16:37:43.166+0000] {processor.py:154} INFO - Started process (PID=5296) to work on /home/airflow/.local/lib/python3.7/site-packages/airflow/example_dags/example_external_task_marker_dag.py
[2024-12-03T16:37:43.168+0000] {processor.py:756} INFO - Processing file /home/airflow/.local/lib/python3.7/site-packages/airflow/example_dags/example_external_task_marker_dag.py for tasks to queue
[2024-12-03T16:37:43.170+0000] {logging_mixin.py:120} INFO - [2024-12-03T16:37:43.170+0000] {dagbag.py:537} INFO - Filling up the DagBag from /home/airflow/.local/lib/python3.7/site-packages/airflow/example_dags/example_external_task_marker_dag.py
[2024-12-03T16:37:43.189+0000] {processor.py:766} INFO - DAG(s) dict_keys(['example_external_task_marker_parent', 'example_external_task_marker_child']) retrieved from /home/airflow/.local/lib/python3.7/site-packages/airflow/example_dags/example_external_task_marker_dag.py
[2024-12-03T16:37:43.608+0000] {logging_mixin.py:120} INFO - [2024-12-03T16:37:43.607+0000] {dag.py:2585} INFO - Sync 2 DAGs
[2024-12-03T16:37:43.693+0000] {logging_mixin.py:120} INFO - [2024-12-03T16:37:43.693+0000] {dag.py:3340} INFO - Setting next_dagrun for example_external_task_marker_child to None, run_after=None
[2024-12-03T16:37:43.706+0000] {logging_mixin.py:120} INFO - [2024-12-03T16:37:43.706+0000] {dag.py:3340} INFO - Setting next_dagrun for example_external_task_marker_parent to None, run_after=None
[2024-12-03T16:37:43.754+0000] {processor.py:176} INFO - Processing /home/airflow/.local/lib/python3.7/site-packages/airflow/example_dags/example_external_task_marker_dag.py took 0.595 seconds
[2024-12-03T16:38:14.108+0000] {processor.py:154} INFO - Started process (PID=5351) to work on /home/airflow/.local/lib/python3.7/site-packages/airflow/example_dags/example_external_task_marker_dag.py
[2024-12-03T16:38:14.112+0000] {processor.py:756} INFO - Processing file /home/airflow/.local/lib/python3.7/site-packages/airflow/example_dags/example_external_task_marker_dag.py for tasks to queue
[2024-12-03T16:38:14.114+0000] {logging_mixin.py:120} INFO - [2024-12-03T16:38:14.114+0000] {dagbag.py:537} INFO - Filling up the DagBag from /home/airflow/.local/lib/python3.7/site-packages/airflow/example_dags/example_external_task_marker_dag.py
[2024-12-03T16:38:14.155+0000] {processor.py:766} INFO - DAG(s) dict_keys(['example_external_task_marker_parent', 'example_external_task_marker_child']) retrieved from /home/airflow/.local/lib/python3.7/site-packages/airflow/example_dags/example_external_task_marker_dag.py
[2024-12-03T16:38:14.763+0000] {logging_mixin.py:120} INFO - [2024-12-03T16:38:14.763+0000] {dag.py:2585} INFO - Sync 2 DAGs
[2024-12-03T16:38:14.862+0000] {logging_mixin.py:120} INFO - [2024-12-03T16:38:14.862+0000] {dag.py:3340} INFO - Setting next_dagrun for example_external_task_marker_child to None, run_after=None
[2024-12-03T16:38:14.878+0000] {logging_mixin.py:120} INFO - [2024-12-03T16:38:14.878+0000] {dag.py:3340} INFO - Setting next_dagrun for example_external_task_marker_parent to None, run_after=None
[2024-12-03T16:38:14.952+0000] {processor.py:176} INFO - Processing /home/airflow/.local/lib/python3.7/site-packages/airflow/example_dags/example_external_task_marker_dag.py took 0.854 seconds
[2024-12-03T16:38:45.149+0000] {processor.py:154} INFO - Started process (PID=5414) to work on /home/airflow/.local/lib/python3.7/site-packages/airflow/example_dags/example_external_task_marker_dag.py
[2024-12-03T16:38:45.150+0000] {processor.py:756} INFO - Processing file /home/airflow/.local/lib/python3.7/site-packages/airflow/example_dags/example_external_task_marker_dag.py for tasks to queue
[2024-12-03T16:38:45.152+0000] {logging_mixin.py:120} INFO - [2024-12-03T16:38:45.152+0000] {dagbag.py:537} INFO - Filling up the DagBag from /home/airflow/.local/lib/python3.7/site-packages/airflow/example_dags/example_external_task_marker_dag.py
[2024-12-03T16:38:45.172+0000] {processor.py:766} INFO - DAG(s) dict_keys(['example_external_task_marker_child', 'example_external_task_marker_parent']) retrieved from /home/airflow/.local/lib/python3.7/site-packages/airflow/example_dags/example_external_task_marker_dag.py
[2024-12-03T16:38:45.505+0000] {logging_mixin.py:120} INFO - [2024-12-03T16:38:45.504+0000] {dag.py:2585} INFO - Sync 2 DAGs
[2024-12-03T16:38:45.551+0000] {logging_mixin.py:120} INFO - [2024-12-03T16:38:45.551+0000] {dag.py:3340} INFO - Setting next_dagrun for example_external_task_marker_child to None, run_after=None
[2024-12-03T16:38:45.557+0000] {logging_mixin.py:120} INFO - [2024-12-03T16:38:45.557+0000] {dag.py:3340} INFO - Setting next_dagrun for example_external_task_marker_parent to None, run_after=None
[2024-12-03T16:38:45.607+0000] {processor.py:176} INFO - Processing /home/airflow/.local/lib/python3.7/site-packages/airflow/example_dags/example_external_task_marker_dag.py took 0.462 seconds
[2024-12-03T16:39:16.696+0000] {processor.py:154} INFO - Started process (PID=5472) to work on /home/airflow/.local/lib/python3.7/site-packages/airflow/example_dags/example_external_task_marker_dag.py
[2024-12-03T16:39:16.697+0000] {processor.py:756} INFO - Processing file /home/airflow/.local/lib/python3.7/site-packages/airflow/example_dags/example_external_task_marker_dag.py for tasks to queue
[2024-12-03T16:39:16.699+0000] {logging_mixin.py:120} INFO - [2024-12-03T16:39:16.698+0000] {dagbag.py:537} INFO - Filling up the DagBag from /home/airflow/.local/lib/python3.7/site-packages/airflow/example_dags/example_external_task_marker_dag.py
[2024-12-03T16:39:16.719+0000] {processor.py:766} INFO - DAG(s) dict_keys(['example_external_task_marker_child', 'example_external_task_marker_parent']) retrieved from /home/airflow/.local/lib/python3.7/site-packages/airflow/example_dags/example_external_task_marker_dag.py
[2024-12-03T16:39:17.089+0000] {logging_mixin.py:120} INFO - [2024-12-03T16:39:17.089+0000] {dag.py:2585} INFO - Sync 2 DAGs
[2024-12-03T16:39:17.129+0000] {logging_mixin.py:120} INFO - [2024-12-03T16:39:17.129+0000] {dag.py:3340} INFO - Setting next_dagrun for example_external_task_marker_child to None, run_after=None
[2024-12-03T16:39:17.135+0000] {logging_mixin.py:120} INFO - [2024-12-03T16:39:17.134+0000] {dag.py:3340} INFO - Setting next_dagrun for example_external_task_marker_parent to None, run_after=None
[2024-12-03T16:39:17.174+0000] {processor.py:176} INFO - Processing /home/airflow/.local/lib/python3.7/site-packages/airflow/example_dags/example_external_task_marker_dag.py took 0.483 seconds
[2024-12-03T16:39:47.980+0000] {processor.py:154} INFO - Started process (PID=5542) to work on /home/airflow/.local/lib/python3.7/site-packages/airflow/example_dags/example_external_task_marker_dag.py
[2024-12-03T16:39:47.982+0000] {processor.py:756} INFO - Processing file /home/airflow/.local/lib/python3.7/site-packages/airflow/example_dags/example_external_task_marker_dag.py for tasks to queue
[2024-12-03T16:39:47.986+0000] {logging_mixin.py:120} INFO - [2024-12-03T16:39:47.986+0000] {dagbag.py:537} INFO - Filling up the DagBag from /home/airflow/.local/lib/python3.7/site-packages/airflow/example_dags/example_external_task_marker_dag.py
[2024-12-03T16:39:48.016+0000] {processor.py:766} INFO - DAG(s) dict_keys(['example_external_task_marker_child', 'example_external_task_marker_parent']) retrieved from /home/airflow/.local/lib/python3.7/site-packages/airflow/example_dags/example_external_task_marker_dag.py
[2024-12-03T16:39:48.505+0000] {logging_mixin.py:120} INFO - [2024-12-03T16:39:48.505+0000] {dag.py:2585} INFO - Sync 2 DAGs
[2024-12-03T16:39:48.573+0000] {logging_mixin.py:120} INFO - [2024-12-03T16:39:48.573+0000] {dag.py:3340} INFO - Setting next_dagrun for example_external_task_marker_child to None, run_after=None
[2024-12-03T16:39:48.581+0000] {logging_mixin.py:120} INFO - [2024-12-03T16:39:48.581+0000] {dag.py:3340} INFO - Setting next_dagrun for example_external_task_marker_parent to None, run_after=None
[2024-12-03T16:39:48.617+0000] {processor.py:176} INFO - Processing /home/airflow/.local/lib/python3.7/site-packages/airflow/example_dags/example_external_task_marker_dag.py took 0.644 seconds
[2024-12-03T16:40:19.828+0000] {processor.py:154} INFO - Started process (PID=5603) to work on /home/airflow/.local/lib/python3.7/site-packages/airflow/example_dags/example_external_task_marker_dag.py
[2024-12-03T16:40:19.830+0000] {processor.py:756} INFO - Processing file /home/airflow/.local/lib/python3.7/site-packages/airflow/example_dags/example_external_task_marker_dag.py for tasks to queue
[2024-12-03T16:40:19.832+0000] {logging_mixin.py:120} INFO - [2024-12-03T16:40:19.832+0000] {dagbag.py:537} INFO - Filling up the DagBag from /home/airflow/.local/lib/python3.7/site-packages/airflow/example_dags/example_external_task_marker_dag.py
[2024-12-03T16:40:19.864+0000] {processor.py:766} INFO - DAG(s) dict_keys(['example_external_task_marker_child', 'example_external_task_marker_parent']) retrieved from /home/airflow/.local/lib/python3.7/site-packages/airflow/example_dags/example_external_task_marker_dag.py
[2024-12-03T16:40:20.301+0000] {logging_mixin.py:120} INFO - [2024-12-03T16:40:20.301+0000] {dag.py:2585} INFO - Sync 2 DAGs
[2024-12-03T16:40:20.352+0000] {logging_mixin.py:120} INFO - [2024-12-03T16:40:20.352+0000] {dag.py:3340} INFO - Setting next_dagrun for example_external_task_marker_child to None, run_after=None
[2024-12-03T16:40:20.359+0000] {logging_mixin.py:120} INFO - [2024-12-03T16:40:20.359+0000] {dag.py:3340} INFO - Setting next_dagrun for example_external_task_marker_parent to None, run_after=None
[2024-12-03T16:40:20.394+0000] {processor.py:176} INFO - Processing /home/airflow/.local/lib/python3.7/site-packages/airflow/example_dags/example_external_task_marker_dag.py took 0.570 seconds
[2024-12-03T16:40:51.892+0000] {processor.py:154} INFO - Started process (PID=5678) to work on /home/airflow/.local/lib/python3.7/site-packages/airflow/example_dags/example_external_task_marker_dag.py
[2024-12-03T16:40:51.895+0000] {processor.py:756} INFO - Processing file /home/airflow/.local/lib/python3.7/site-packages/airflow/example_dags/example_external_task_marker_dag.py for tasks to queue
[2024-12-03T16:40:51.897+0000] {logging_mixin.py:120} INFO - [2024-12-03T16:40:51.897+0000] {dagbag.py:537} INFO - Filling up the DagBag from /home/airflow/.local/lib/python3.7/site-packages/airflow/example_dags/example_external_task_marker_dag.py
[2024-12-03T16:40:51.934+0000] {processor.py:766} INFO - DAG(s) dict_keys(['example_external_task_marker_child', 'example_external_task_marker_parent']) retrieved from /home/airflow/.local/lib/python3.7/site-packages/airflow/example_dags/example_external_task_marker_dag.py
[2024-12-03T16:40:52.337+0000] {logging_mixin.py:120} INFO - [2024-12-03T16:40:52.336+0000] {dag.py:2585} INFO - Sync 2 DAGs
[2024-12-03T16:40:52.391+0000] {logging_mixin.py:120} INFO - [2024-12-03T16:40:52.391+0000] {dag.py:3340} INFO - Setting next_dagrun for example_external_task_marker_child to None, run_after=None
[2024-12-03T16:40:52.405+0000] {logging_mixin.py:120} INFO - [2024-12-03T16:40:52.405+0000] {dag.py:3340} INFO - Setting next_dagrun for example_external_task_marker_parent to None, run_after=None
[2024-12-03T16:40:52.452+0000] {processor.py:176} INFO - Processing /home/airflow/.local/lib/python3.7/site-packages/airflow/example_dags/example_external_task_marker_dag.py took 0.573 seconds
[2024-12-03T16:41:23.270+0000] {processor.py:154} INFO - Started process (PID=5741) to work on /home/airflow/.local/lib/python3.7/site-packages/airflow/example_dags/example_external_task_marker_dag.py
[2024-12-03T16:41:23.273+0000] {processor.py:756} INFO - Processing file /home/airflow/.local/lib/python3.7/site-packages/airflow/example_dags/example_external_task_marker_dag.py for tasks to queue
[2024-12-03T16:41:23.275+0000] {logging_mixin.py:120} INFO - [2024-12-03T16:41:23.275+0000] {dagbag.py:537} INFO - Filling up the DagBag from /home/airflow/.local/lib/python3.7/site-packages/airflow/example_dags/example_external_task_marker_dag.py
[2024-12-03T16:41:23.297+0000] {processor.py:766} INFO - DAG(s) dict_keys(['example_external_task_marker_child', 'example_external_task_marker_parent']) retrieved from /home/airflow/.local/lib/python3.7/site-packages/airflow/example_dags/example_external_task_marker_dag.py
[2024-12-03T16:41:23.624+0000] {logging_mixin.py:120} INFO - [2024-12-03T16:41:23.624+0000] {dag.py:2585} INFO - Sync 2 DAGs
[2024-12-03T16:41:23.665+0000] {logging_mixin.py:120} INFO - [2024-12-03T16:41:23.664+0000] {dag.py:3340} INFO - Setting next_dagrun for example_external_task_marker_child to None, run_after=None
[2024-12-03T16:41:23.671+0000] {logging_mixin.py:120} INFO - [2024-12-03T16:41:23.671+0000] {dag.py:3340} INFO - Setting next_dagrun for example_external_task_marker_parent to None, run_after=None
[2024-12-03T16:41:23.706+0000] {processor.py:176} INFO - Processing /home/airflow/.local/lib/python3.7/site-packages/airflow/example_dags/example_external_task_marker_dag.py took 0.441 seconds
[2024-12-03T16:41:54.440+0000] {processor.py:154} INFO - Started process (PID=5806) to work on /home/airflow/.local/lib/python3.7/site-packages/airflow/example_dags/example_external_task_marker_dag.py
[2024-12-03T16:41:54.442+0000] {processor.py:756} INFO - Processing file /home/airflow/.local/lib/python3.7/site-packages/airflow/example_dags/example_external_task_marker_dag.py for tasks to queue
[2024-12-03T16:41:54.445+0000] {logging_mixin.py:120} INFO - [2024-12-03T16:41:54.445+0000] {dagbag.py:537} INFO - Filling up the DagBag from /home/airflow/.local/lib/python3.7/site-packages/airflow/example_dags/example_external_task_marker_dag.py
[2024-12-03T16:41:54.471+0000] {processor.py:766} INFO - DAG(s) dict_keys(['example_external_task_marker_child', 'example_external_task_marker_parent']) retrieved from /home/airflow/.local/lib/python3.7/site-packages/airflow/example_dags/example_external_task_marker_dag.py
[2024-12-03T16:41:54.761+0000] {logging_mixin.py:120} INFO - [2024-12-03T16:41:54.761+0000] {dag.py:2585} INFO - Sync 2 DAGs
[2024-12-03T16:41:54.797+0000] {logging_mixin.py:120} INFO - [2024-12-03T16:41:54.797+0000] {dag.py:3340} INFO - Setting next_dagrun for example_external_task_marker_child to None, run_after=None
[2024-12-03T16:41:54.804+0000] {logging_mixin.py:120} INFO - [2024-12-03T16:41:54.804+0000] {dag.py:3340} INFO - Setting next_dagrun for example_external_task_marker_parent to None, run_after=None
[2024-12-03T16:41:54.839+0000] {processor.py:176} INFO - Processing /home/airflow/.local/lib/python3.7/site-packages/airflow/example_dags/example_external_task_marker_dag.py took 0.402 seconds
[2024-12-03T16:42:25.993+0000] {processor.py:154} INFO - Started process (PID=5870) to work on /home/airflow/.local/lib/python3.7/site-packages/airflow/example_dags/example_external_task_marker_dag.py
[2024-12-03T16:42:25.995+0000] {processor.py:756} INFO - Processing file /home/airflow/.local/lib/python3.7/site-packages/airflow/example_dags/example_external_task_marker_dag.py for tasks to queue
[2024-12-03T16:42:25.997+0000] {logging_mixin.py:120} INFO - [2024-12-03T16:42:25.996+0000] {dagbag.py:537} INFO - Filling up the DagBag from /home/airflow/.local/lib/python3.7/site-packages/airflow/example_dags/example_external_task_marker_dag.py
[2024-12-03T16:42:26.017+0000] {processor.py:766} INFO - DAG(s) dict_keys(['example_external_task_marker_parent', 'example_external_task_marker_child']) retrieved from /home/airflow/.local/lib/python3.7/site-packages/airflow/example_dags/example_external_task_marker_dag.py
[2024-12-03T16:42:26.332+0000] {logging_mixin.py:120} INFO - [2024-12-03T16:42:26.331+0000] {dag.py:2585} INFO - Sync 2 DAGs
[2024-12-03T16:42:26.381+0000] {logging_mixin.py:120} INFO - [2024-12-03T16:42:26.381+0000] {dag.py:3340} INFO - Setting next_dagrun for example_external_task_marker_child to None, run_after=None
[2024-12-03T16:42:26.388+0000] {logging_mixin.py:120} INFO - [2024-12-03T16:42:26.388+0000] {dag.py:3340} INFO - Setting next_dagrun for example_external_task_marker_parent to None, run_after=None
[2024-12-03T16:42:26.426+0000] {processor.py:176} INFO - Processing /home/airflow/.local/lib/python3.7/site-packages/airflow/example_dags/example_external_task_marker_dag.py took 0.438 seconds
[2024-12-03T16:42:56.924+0000] {processor.py:154} INFO - Started process (PID=5927) to work on /home/airflow/.local/lib/python3.7/site-packages/airflow/example_dags/example_external_task_marker_dag.py
[2024-12-03T16:42:56.926+0000] {processor.py:756} INFO - Processing file /home/airflow/.local/lib/python3.7/site-packages/airflow/example_dags/example_external_task_marker_dag.py for tasks to queue
[2024-12-03T16:42:56.928+0000] {logging_mixin.py:120} INFO - [2024-12-03T16:42:56.927+0000] {dagbag.py:537} INFO - Filling up the DagBag from /home/airflow/.local/lib/python3.7/site-packages/airflow/example_dags/example_external_task_marker_dag.py
[2024-12-03T16:42:56.960+0000] {processor.py:766} INFO - DAG(s) dict_keys(['example_external_task_marker_parent', 'example_external_task_marker_child']) retrieved from /home/airflow/.local/lib/python3.7/site-packages/airflow/example_dags/example_external_task_marker_dag.py
[2024-12-03T16:42:57.480+0000] {logging_mixin.py:120} INFO - [2024-12-03T16:42:57.480+0000] {dag.py:2585} INFO - Sync 2 DAGs
[2024-12-03T16:42:57.547+0000] {logging_mixin.py:120} INFO - [2024-12-03T16:42:57.546+0000] {dag.py:3340} INFO - Setting next_dagrun for example_external_task_marker_child to None, run_after=None
[2024-12-03T16:42:57.553+0000] {logging_mixin.py:120} INFO - [2024-12-03T16:42:57.553+0000] {dag.py:3340} INFO - Setting next_dagrun for example_external_task_marker_parent to None, run_after=None
[2024-12-03T16:42:57.603+0000] {processor.py:176} INFO - Processing /home/airflow/.local/lib/python3.7/site-packages/airflow/example_dags/example_external_task_marker_dag.py took 0.687 seconds
[2024-12-03T16:43:27.779+0000] {processor.py:154} INFO - Started process (PID=5982) to work on /home/airflow/.local/lib/python3.7/site-packages/airflow/example_dags/example_external_task_marker_dag.py
[2024-12-03T16:43:27.781+0000] {processor.py:756} INFO - Processing file /home/airflow/.local/lib/python3.7/site-packages/airflow/example_dags/example_external_task_marker_dag.py for tasks to queue
[2024-12-03T16:43:27.783+0000] {logging_mixin.py:120} INFO - [2024-12-03T16:43:27.783+0000] {dagbag.py:537} INFO - Filling up the DagBag from /home/airflow/.local/lib/python3.7/site-packages/airflow/example_dags/example_external_task_marker_dag.py
[2024-12-03T16:43:27.806+0000] {processor.py:766} INFO - DAG(s) dict_keys(['example_external_task_marker_parent', 'example_external_task_marker_child']) retrieved from /home/airflow/.local/lib/python3.7/site-packages/airflow/example_dags/example_external_task_marker_dag.py
[2024-12-03T16:43:28.113+0000] {logging_mixin.py:120} INFO - [2024-12-03T16:43:28.112+0000] {dag.py:2585} INFO - Sync 2 DAGs
[2024-12-03T16:43:28.157+0000] {logging_mixin.py:120} INFO - [2024-12-03T16:43:28.157+0000] {dag.py:3340} INFO - Setting next_dagrun for example_external_task_marker_child to None, run_after=None
[2024-12-03T16:43:28.169+0000] {logging_mixin.py:120} INFO - [2024-12-03T16:43:28.168+0000] {dag.py:3340} INFO - Setting next_dagrun for example_external_task_marker_parent to None, run_after=None
[2024-12-03T16:43:28.217+0000] {processor.py:176} INFO - Processing /home/airflow/.local/lib/python3.7/site-packages/airflow/example_dags/example_external_task_marker_dag.py took 0.443 seconds
[2024-12-03T16:43:58.895+0000] {processor.py:154} INFO - Started process (PID=6046) to work on /home/airflow/.local/lib/python3.7/site-packages/airflow/example_dags/example_external_task_marker_dag.py
[2024-12-03T16:43:58.901+0000] {processor.py:756} INFO - Processing file /home/airflow/.local/lib/python3.7/site-packages/airflow/example_dags/example_external_task_marker_dag.py for tasks to queue
[2024-12-03T16:43:58.904+0000] {logging_mixin.py:120} INFO - [2024-12-03T16:43:58.904+0000] {dagbag.py:537} INFO - Filling up the DagBag from /home/airflow/.local/lib/python3.7/site-packages/airflow/example_dags/example_external_task_marker_dag.py
[2024-12-03T16:43:58.947+0000] {processor.py:766} INFO - DAG(s) dict_keys(['example_external_task_marker_child', 'example_external_task_marker_parent']) retrieved from /home/airflow/.local/lib/python3.7/site-packages/airflow/example_dags/example_external_task_marker_dag.py
[2024-12-03T16:43:59.685+0000] {logging_mixin.py:120} INFO - [2024-12-03T16:43:59.683+0000] {dag.py:2585} INFO - Sync 2 DAGs
[2024-12-03T16:43:59.756+0000] {logging_mixin.py:120} INFO - [2024-12-03T16:43:59.755+0000] {dag.py:3340} INFO - Setting next_dagrun for example_external_task_marker_child to None, run_after=None
[2024-12-03T16:43:59.769+0000] {logging_mixin.py:120} INFO - [2024-12-03T16:43:59.769+0000] {dag.py:3340} INFO - Setting next_dagrun for example_external_task_marker_parent to None, run_after=None
[2024-12-03T16:43:59.820+0000] {processor.py:176} INFO - Processing /home/airflow/.local/lib/python3.7/site-packages/airflow/example_dags/example_external_task_marker_dag.py took 0.934 seconds
[2024-12-03T16:44:30.302+0000] {processor.py:154} INFO - Started process (PID=6103) to work on /home/airflow/.local/lib/python3.7/site-packages/airflow/example_dags/example_external_task_marker_dag.py
[2024-12-03T16:44:30.303+0000] {processor.py:756} INFO - Processing file /home/airflow/.local/lib/python3.7/site-packages/airflow/example_dags/example_external_task_marker_dag.py for tasks to queue
[2024-12-03T16:44:30.305+0000] {logging_mixin.py:120} INFO - [2024-12-03T16:44:30.305+0000] {dagbag.py:537} INFO - Filling up the DagBag from /home/airflow/.local/lib/python3.7/site-packages/airflow/example_dags/example_external_task_marker_dag.py
[2024-12-03T16:44:30.328+0000] {processor.py:766} INFO - DAG(s) dict_keys(['example_external_task_marker_parent', 'example_external_task_marker_child']) retrieved from /home/airflow/.local/lib/python3.7/site-packages/airflow/example_dags/example_external_task_marker_dag.py
[2024-12-03T16:44:30.650+0000] {logging_mixin.py:120} INFO - [2024-12-03T16:44:30.650+0000] {dag.py:2585} INFO - Sync 2 DAGs
[2024-12-03T16:44:30.691+0000] {logging_mixin.py:120} INFO - [2024-12-03T16:44:30.691+0000] {dag.py:3340} INFO - Setting next_dagrun for example_external_task_marker_child to None, run_after=None
[2024-12-03T16:44:30.697+0000] {logging_mixin.py:120} INFO - [2024-12-03T16:44:30.696+0000] {dag.py:3340} INFO - Setting next_dagrun for example_external_task_marker_parent to None, run_after=None
[2024-12-03T16:44:30.731+0000] {processor.py:176} INFO - Processing /home/airflow/.local/lib/python3.7/site-packages/airflow/example_dags/example_external_task_marker_dag.py took 0.433 seconds
[2024-12-03T16:45:01.241+0000] {processor.py:154} INFO - Started process (PID=6174) to work on /home/airflow/.local/lib/python3.7/site-packages/airflow/example_dags/example_external_task_marker_dag.py
[2024-12-03T16:45:01.243+0000] {processor.py:756} INFO - Processing file /home/airflow/.local/lib/python3.7/site-packages/airflow/example_dags/example_external_task_marker_dag.py for tasks to queue
[2024-12-03T16:45:01.245+0000] {logging_mixin.py:120} INFO - [2024-12-03T16:45:01.244+0000] {dagbag.py:537} INFO - Filling up the DagBag from /home/airflow/.local/lib/python3.7/site-packages/airflow/example_dags/example_external_task_marker_dag.py
[2024-12-03T16:45:01.268+0000] {processor.py:766} INFO - DAG(s) dict_keys(['example_external_task_marker_parent', 'example_external_task_marker_child']) retrieved from /home/airflow/.local/lib/python3.7/site-packages/airflow/example_dags/example_external_task_marker_dag.py
[2024-12-03T16:45:01.549+0000] {logging_mixin.py:120} INFO - [2024-12-03T16:45:01.549+0000] {dag.py:2585} INFO - Sync 2 DAGs
[2024-12-03T16:45:01.584+0000] {logging_mixin.py:120} INFO - [2024-12-03T16:45:01.583+0000] {dag.py:3340} INFO - Setting next_dagrun for example_external_task_marker_child to None, run_after=None
[2024-12-03T16:45:01.592+0000] {logging_mixin.py:120} INFO - [2024-12-03T16:45:01.592+0000] {dag.py:3340} INFO - Setting next_dagrun for example_external_task_marker_parent to None, run_after=None
[2024-12-03T16:45:01.626+0000] {processor.py:176} INFO - Processing /home/airflow/.local/lib/python3.7/site-packages/airflow/example_dags/example_external_task_marker_dag.py took 0.389 seconds
[2024-12-03T16:45:32.169+0000] {processor.py:154} INFO - Started process (PID=6241) to work on /home/airflow/.local/lib/python3.7/site-packages/airflow/example_dags/example_external_task_marker_dag.py
[2024-12-03T16:45:32.172+0000] {processor.py:756} INFO - Processing file /home/airflow/.local/lib/python3.7/site-packages/airflow/example_dags/example_external_task_marker_dag.py for tasks to queue
[2024-12-03T16:45:32.173+0000] {logging_mixin.py:120} INFO - [2024-12-03T16:45:32.173+0000] {dagbag.py:537} INFO - Filling up the DagBag from /home/airflow/.local/lib/python3.7/site-packages/airflow/example_dags/example_external_task_marker_dag.py
[2024-12-03T16:45:32.193+0000] {processor.py:766} INFO - DAG(s) dict_keys(['example_external_task_marker_child', 'example_external_task_marker_parent']) retrieved from /home/airflow/.local/lib/python3.7/site-packages/airflow/example_dags/example_external_task_marker_dag.py
[2024-12-03T16:45:32.508+0000] {logging_mixin.py:120} INFO - [2024-12-03T16:45:32.508+0000] {dag.py:2585} INFO - Sync 2 DAGs
[2024-12-03T16:45:32.546+0000] {logging_mixin.py:120} INFO - [2024-12-03T16:45:32.546+0000] {dag.py:3340} INFO - Setting next_dagrun for example_external_task_marker_child to None, run_after=None
[2024-12-03T16:45:32.552+0000] {logging_mixin.py:120} INFO - [2024-12-03T16:45:32.552+0000] {dag.py:3340} INFO - Setting next_dagrun for example_external_task_marker_parent to None, run_after=None
[2024-12-03T16:45:32.586+0000] {processor.py:176} INFO - Processing /home/airflow/.local/lib/python3.7/site-packages/airflow/example_dags/example_external_task_marker_dag.py took 0.422 seconds
[2024-12-03T16:46:02.941+0000] {processor.py:154} INFO - Started process (PID=6296) to work on /home/airflow/.local/lib/python3.7/site-packages/airflow/example_dags/example_external_task_marker_dag.py
[2024-12-03T16:46:02.943+0000] {processor.py:756} INFO - Processing file /home/airflow/.local/lib/python3.7/site-packages/airflow/example_dags/example_external_task_marker_dag.py for tasks to queue
[2024-12-03T16:46:02.946+0000] {logging_mixin.py:120} INFO - [2024-12-03T16:46:02.945+0000] {dagbag.py:537} INFO - Filling up the DagBag from /home/airflow/.local/lib/python3.7/site-packages/airflow/example_dags/example_external_task_marker_dag.py
[2024-12-03T16:46:02.969+0000] {processor.py:766} INFO - DAG(s) dict_keys(['example_external_task_marker_parent', 'example_external_task_marker_child']) retrieved from /home/airflow/.local/lib/python3.7/site-packages/airflow/example_dags/example_external_task_marker_dag.py
[2024-12-03T16:46:03.245+0000] {logging_mixin.py:120} INFO - [2024-12-03T16:46:03.245+0000] {dag.py:2585} INFO - Sync 2 DAGs
[2024-12-03T16:46:03.290+0000] {logging_mixin.py:120} INFO - [2024-12-03T16:46:03.290+0000] {dag.py:3340} INFO - Setting next_dagrun for example_external_task_marker_child to None, run_after=None
[2024-12-03T16:46:03.299+0000] {logging_mixin.py:120} INFO - [2024-12-03T16:46:03.298+0000] {dag.py:3340} INFO - Setting next_dagrun for example_external_task_marker_parent to None, run_after=None
[2024-12-03T16:46:03.337+0000] {processor.py:176} INFO - Processing /home/airflow/.local/lib/python3.7/site-packages/airflow/example_dags/example_external_task_marker_dag.py took 0.400 seconds
[2024-12-03T16:46:34.209+0000] {processor.py:154} INFO - Started process (PID=6369) to work on /home/airflow/.local/lib/python3.7/site-packages/airflow/example_dags/example_external_task_marker_dag.py
[2024-12-03T16:46:34.220+0000] {processor.py:756} INFO - Processing file /home/airflow/.local/lib/python3.7/site-packages/airflow/example_dags/example_external_task_marker_dag.py for tasks to queue
[2024-12-03T16:46:34.228+0000] {logging_mixin.py:120} INFO - [2024-12-03T16:46:34.228+0000] {dagbag.py:537} INFO - Filling up the DagBag from /home/airflow/.local/lib/python3.7/site-packages/airflow/example_dags/example_external_task_marker_dag.py
[2024-12-03T16:46:34.335+0000] {processor.py:766} INFO - DAG(s) dict_keys(['example_external_task_marker_parent', 'example_external_task_marker_child']) retrieved from /home/airflow/.local/lib/python3.7/site-packages/airflow/example_dags/example_external_task_marker_dag.py
[2024-12-03T16:46:35.407+0000] {logging_mixin.py:120} INFO - [2024-12-03T16:46:35.407+0000] {dag.py:2585} INFO - Sync 2 DAGs
[2024-12-03T16:46:35.458+0000] {logging_mixin.py:120} INFO - [2024-12-03T16:46:35.457+0000] {dag.py:3340} INFO - Setting next_dagrun for example_external_task_marker_child to None, run_after=None
[2024-12-03T16:46:35.480+0000] {logging_mixin.py:120} INFO - [2024-12-03T16:46:35.479+0000] {dag.py:3340} INFO - Setting next_dagrun for example_external_task_marker_parent to None, run_after=None
[2024-12-03T16:46:35.555+0000] {processor.py:176} INFO - Processing /home/airflow/.local/lib/python3.7/site-packages/airflow/example_dags/example_external_task_marker_dag.py took 1.356 seconds
[2024-12-03T16:47:05.889+0000] {processor.py:154} INFO - Started process (PID=6433) to work on /home/airflow/.local/lib/python3.7/site-packages/airflow/example_dags/example_external_task_marker_dag.py
[2024-12-03T16:47:05.900+0000] {processor.py:756} INFO - Processing file /home/airflow/.local/lib/python3.7/site-packages/airflow/example_dags/example_external_task_marker_dag.py for tasks to queue
[2024-12-03T16:47:05.904+0000] {logging_mixin.py:120} INFO - [2024-12-03T16:47:05.903+0000] {dagbag.py:537} INFO - Filling up the DagBag from /home/airflow/.local/lib/python3.7/site-packages/airflow/example_dags/example_external_task_marker_dag.py
[2024-12-03T16:47:05.924+0000] {processor.py:766} INFO - DAG(s) dict_keys(['example_external_task_marker_parent', 'example_external_task_marker_child']) retrieved from /home/airflow/.local/lib/python3.7/site-packages/airflow/example_dags/example_external_task_marker_dag.py
[2024-12-03T16:47:06.314+0000] {logging_mixin.py:120} INFO - [2024-12-03T16:47:06.314+0000] {dag.py:2585} INFO - Sync 2 DAGs
[2024-12-03T16:47:06.375+0000] {logging_mixin.py:120} INFO - [2024-12-03T16:47:06.374+0000] {dag.py:3340} INFO - Setting next_dagrun for example_external_task_marker_child to None, run_after=None
[2024-12-03T16:47:06.391+0000] {logging_mixin.py:120} INFO - [2024-12-03T16:47:06.390+0000] {dag.py:3340} INFO - Setting next_dagrun for example_external_task_marker_parent to None, run_after=None
[2024-12-03T16:47:06.454+0000] {processor.py:176} INFO - Processing /home/airflow/.local/lib/python3.7/site-packages/airflow/example_dags/example_external_task_marker_dag.py took 0.568 seconds
[2024-12-03T16:47:36.574+0000] {processor.py:154} INFO - Started process (PID=6499) to work on /home/airflow/.local/lib/python3.7/site-packages/airflow/example_dags/example_external_task_marker_dag.py
[2024-12-03T16:47:36.575+0000] {processor.py:756} INFO - Processing file /home/airflow/.local/lib/python3.7/site-packages/airflow/example_dags/example_external_task_marker_dag.py for tasks to queue
[2024-12-03T16:47:36.578+0000] {logging_mixin.py:120} INFO - [2024-12-03T16:47:36.577+0000] {dagbag.py:537} INFO - Filling up the DagBag from /home/airflow/.local/lib/python3.7/site-packages/airflow/example_dags/example_external_task_marker_dag.py
[2024-12-03T16:47:36.613+0000] {processor.py:766} INFO - DAG(s) dict_keys(['example_external_task_marker_child', 'example_external_task_marker_parent']) retrieved from /home/airflow/.local/lib/python3.7/site-packages/airflow/example_dags/example_external_task_marker_dag.py
[2024-12-03T16:47:36.995+0000] {logging_mixin.py:120} INFO - [2024-12-03T16:47:36.994+0000] {dag.py:2585} INFO - Sync 2 DAGs
[2024-12-03T16:47:37.050+0000] {logging_mixin.py:120} INFO - [2024-12-03T16:47:37.050+0000] {dag.py:3340} INFO - Setting next_dagrun for example_external_task_marker_child to None, run_after=None
[2024-12-03T16:47:37.058+0000] {logging_mixin.py:120} INFO - [2024-12-03T16:47:37.057+0000] {dag.py:3340} INFO - Setting next_dagrun for example_external_task_marker_parent to None, run_after=None
[2024-12-03T16:47:37.102+0000] {processor.py:176} INFO - Processing /home/airflow/.local/lib/python3.7/site-packages/airflow/example_dags/example_external_task_marker_dag.py took 0.534 seconds
[2024-12-03T16:48:07.578+0000] {processor.py:154} INFO - Started process (PID=6553) to work on /home/airflow/.local/lib/python3.7/site-packages/airflow/example_dags/example_external_task_marker_dag.py
[2024-12-03T16:48:07.580+0000] {processor.py:756} INFO - Processing file /home/airflow/.local/lib/python3.7/site-packages/airflow/example_dags/example_external_task_marker_dag.py for tasks to queue
[2024-12-03T16:48:07.581+0000] {logging_mixin.py:120} INFO - [2024-12-03T16:48:07.581+0000] {dagbag.py:537} INFO - Filling up the DagBag from /home/airflow/.local/lib/python3.7/site-packages/airflow/example_dags/example_external_task_marker_dag.py
[2024-12-03T16:48:07.603+0000] {processor.py:766} INFO - DAG(s) dict_keys(['example_external_task_marker_parent', 'example_external_task_marker_child']) retrieved from /home/airflow/.local/lib/python3.7/site-packages/airflow/example_dags/example_external_task_marker_dag.py
[2024-12-03T16:48:07.897+0000] {logging_mixin.py:120} INFO - [2024-12-03T16:48:07.897+0000] {dag.py:2585} INFO - Sync 2 DAGs
[2024-12-03T16:48:07.942+0000] {logging_mixin.py:120} INFO - [2024-12-03T16:48:07.941+0000] {dag.py:3340} INFO - Setting next_dagrun for example_external_task_marker_child to None, run_after=None
[2024-12-03T16:48:07.948+0000] {logging_mixin.py:120} INFO - [2024-12-03T16:48:07.948+0000] {dag.py:3340} INFO - Setting next_dagrun for example_external_task_marker_parent to None, run_after=None
[2024-12-03T16:48:07.983+0000] {processor.py:176} INFO - Processing /home/airflow/.local/lib/python3.7/site-packages/airflow/example_dags/example_external_task_marker_dag.py took 0.408 seconds
[2024-12-03T16:48:38.939+0000] {processor.py:154} INFO - Started process (PID=6618) to work on /home/airflow/.local/lib/python3.7/site-packages/airflow/example_dags/example_external_task_marker_dag.py
[2024-12-03T16:48:38.941+0000] {processor.py:756} INFO - Processing file /home/airflow/.local/lib/python3.7/site-packages/airflow/example_dags/example_external_task_marker_dag.py for tasks to queue
[2024-12-03T16:48:38.942+0000] {logging_mixin.py:120} INFO - [2024-12-03T16:48:38.942+0000] {dagbag.py:537} INFO - Filling up the DagBag from /home/airflow/.local/lib/python3.7/site-packages/airflow/example_dags/example_external_task_marker_dag.py
[2024-12-03T16:48:38.960+0000] {processor.py:766} INFO - DAG(s) dict_keys(['example_external_task_marker_parent', 'example_external_task_marker_child']) retrieved from /home/airflow/.local/lib/python3.7/site-packages/airflow/example_dags/example_external_task_marker_dag.py
[2024-12-03T16:48:39.311+0000] {logging_mixin.py:120} INFO - [2024-12-03T16:48:39.311+0000] {dag.py:2585} INFO - Sync 2 DAGs
[2024-12-03T16:48:39.360+0000] {logging_mixin.py:120} INFO - [2024-12-03T16:48:39.360+0000] {dag.py:3340} INFO - Setting next_dagrun for example_external_task_marker_child to None, run_after=None
[2024-12-03T16:48:39.370+0000] {logging_mixin.py:120} INFO - [2024-12-03T16:48:39.369+0000] {dag.py:3340} INFO - Setting next_dagrun for example_external_task_marker_parent to None, run_after=None
[2024-12-03T16:48:39.409+0000] {processor.py:176} INFO - Processing /home/airflow/.local/lib/python3.7/site-packages/airflow/example_dags/example_external_task_marker_dag.py took 0.473 seconds
[2024-12-03T16:49:09.596+0000] {processor.py:154} INFO - Started process (PID=6683) to work on /home/airflow/.local/lib/python3.7/site-packages/airflow/example_dags/example_external_task_marker_dag.py
[2024-12-03T16:49:09.598+0000] {processor.py:756} INFO - Processing file /home/airflow/.local/lib/python3.7/site-packages/airflow/example_dags/example_external_task_marker_dag.py for tasks to queue
[2024-12-03T16:49:09.599+0000] {logging_mixin.py:120} INFO - [2024-12-03T16:49:09.599+0000] {dagbag.py:537} INFO - Filling up the DagBag from /home/airflow/.local/lib/python3.7/site-packages/airflow/example_dags/example_external_task_marker_dag.py
[2024-12-03T16:49:09.616+0000] {processor.py:766} INFO - DAG(s) dict_keys(['example_external_task_marker_child', 'example_external_task_marker_parent']) retrieved from /home/airflow/.local/lib/python3.7/site-packages/airflow/example_dags/example_external_task_marker_dag.py
[2024-12-03T16:49:09.846+0000] {logging_mixin.py:120} INFO - [2024-12-03T16:49:09.845+0000] {dag.py:2585} INFO - Sync 2 DAGs
[2024-12-03T16:49:09.883+0000] {logging_mixin.py:120} INFO - [2024-12-03T16:49:09.883+0000] {dag.py:3340} INFO - Setting next_dagrun for example_external_task_marker_child to None, run_after=None
[2024-12-03T16:49:09.889+0000] {logging_mixin.py:120} INFO - [2024-12-03T16:49:09.889+0000] {dag.py:3340} INFO - Setting next_dagrun for example_external_task_marker_parent to None, run_after=None
[2024-12-03T16:49:09.923+0000] {processor.py:176} INFO - Processing /home/airflow/.local/lib/python3.7/site-packages/airflow/example_dags/example_external_task_marker_dag.py took 0.332 seconds
[2024-12-03T16:49:40.055+0000] {processor.py:154} INFO - Started process (PID=6738) to work on /home/airflow/.local/lib/python3.7/site-packages/airflow/example_dags/example_external_task_marker_dag.py
[2024-12-03T16:49:40.057+0000] {processor.py:756} INFO - Processing file /home/airflow/.local/lib/python3.7/site-packages/airflow/example_dags/example_external_task_marker_dag.py for tasks to queue
[2024-12-03T16:49:40.059+0000] {logging_mixin.py:120} INFO - [2024-12-03T16:49:40.059+0000] {dagbag.py:537} INFO - Filling up the DagBag from /home/airflow/.local/lib/python3.7/site-packages/airflow/example_dags/example_external_task_marker_dag.py
[2024-12-03T16:49:40.081+0000] {processor.py:766} INFO - DAG(s) dict_keys(['example_external_task_marker_child', 'example_external_task_marker_parent']) retrieved from /home/airflow/.local/lib/python3.7/site-packages/airflow/example_dags/example_external_task_marker_dag.py
[2024-12-03T16:49:40.359+0000] {logging_mixin.py:120} INFO - [2024-12-03T16:49:40.358+0000] {dag.py:2585} INFO - Sync 2 DAGs
[2024-12-03T16:49:40.411+0000] {logging_mixin.py:120} INFO - [2024-12-03T16:49:40.411+0000] {dag.py:3340} INFO - Setting next_dagrun for example_external_task_marker_child to None, run_after=None
[2024-12-03T16:49:40.418+0000] {logging_mixin.py:120} INFO - [2024-12-03T16:49:40.418+0000] {dag.py:3340} INFO - Setting next_dagrun for example_external_task_marker_parent to None, run_after=None
[2024-12-03T16:49:40.456+0000] {processor.py:176} INFO - Processing /home/airflow/.local/lib/python3.7/site-packages/airflow/example_dags/example_external_task_marker_dag.py took 0.405 seconds
[2024-12-03T16:50:10.579+0000] {processor.py:154} INFO - Started process (PID=6803) to work on /home/airflow/.local/lib/python3.7/site-packages/airflow/example_dags/example_external_task_marker_dag.py
[2024-12-03T16:50:10.580+0000] {processor.py:756} INFO - Processing file /home/airflow/.local/lib/python3.7/site-packages/airflow/example_dags/example_external_task_marker_dag.py for tasks to queue
[2024-12-03T16:50:10.582+0000] {logging_mixin.py:120} INFO - [2024-12-03T16:50:10.581+0000] {dagbag.py:537} INFO - Filling up the DagBag from /home/airflow/.local/lib/python3.7/site-packages/airflow/example_dags/example_external_task_marker_dag.py
[2024-12-03T16:50:10.596+0000] {processor.py:766} INFO - DAG(s) dict_keys(['example_external_task_marker_parent', 'example_external_task_marker_child']) retrieved from /home/airflow/.local/lib/python3.7/site-packages/airflow/example_dags/example_external_task_marker_dag.py
[2024-12-03T16:50:10.832+0000] {logging_mixin.py:120} INFO - [2024-12-03T16:50:10.832+0000] {dag.py:2585} INFO - Sync 2 DAGs
[2024-12-03T16:50:10.875+0000] {logging_mixin.py:120} INFO - [2024-12-03T16:50:10.875+0000] {dag.py:3340} INFO - Setting next_dagrun for example_external_task_marker_child to None, run_after=None
[2024-12-03T16:50:10.882+0000] {logging_mixin.py:120} INFO - [2024-12-03T16:50:10.882+0000] {dag.py:3340} INFO - Setting next_dagrun for example_external_task_marker_parent to None, run_after=None
[2024-12-03T16:50:10.923+0000] {processor.py:176} INFO - Processing /home/airflow/.local/lib/python3.7/site-packages/airflow/example_dags/example_external_task_marker_dag.py took 0.350 seconds
[2024-12-03T16:50:41.014+0000] {processor.py:154} INFO - Started process (PID=6868) to work on /home/airflow/.local/lib/python3.7/site-packages/airflow/example_dags/example_external_task_marker_dag.py
[2024-12-03T16:50:41.018+0000] {processor.py:756} INFO - Processing file /home/airflow/.local/lib/python3.7/site-packages/airflow/example_dags/example_external_task_marker_dag.py for tasks to queue
[2024-12-03T16:50:41.022+0000] {logging_mixin.py:120} INFO - [2024-12-03T16:50:41.021+0000] {dagbag.py:537} INFO - Filling up the DagBag from /home/airflow/.local/lib/python3.7/site-packages/airflow/example_dags/example_external_task_marker_dag.py
[2024-12-03T16:50:41.044+0000] {processor.py:766} INFO - DAG(s) dict_keys(['example_external_task_marker_parent', 'example_external_task_marker_child']) retrieved from /home/airflow/.local/lib/python3.7/site-packages/airflow/example_dags/example_external_task_marker_dag.py
[2024-12-03T16:50:41.303+0000] {logging_mixin.py:120} INFO - [2024-12-03T16:50:41.302+0000] {dag.py:2585} INFO - Sync 2 DAGs
[2024-12-03T16:50:41.347+0000] {logging_mixin.py:120} INFO - [2024-12-03T16:50:41.347+0000] {dag.py:3340} INFO - Setting next_dagrun for example_external_task_marker_child to None, run_after=None
[2024-12-03T16:50:41.352+0000] {logging_mixin.py:120} INFO - [2024-12-03T16:50:41.352+0000] {dag.py:3340} INFO - Setting next_dagrun for example_external_task_marker_parent to None, run_after=None
[2024-12-03T16:50:41.385+0000] {processor.py:176} INFO - Processing /home/airflow/.local/lib/python3.7/site-packages/airflow/example_dags/example_external_task_marker_dag.py took 0.380 seconds
[2024-12-03T16:51:11.484+0000] {processor.py:154} INFO - Started process (PID=6921) to work on /home/airflow/.local/lib/python3.7/site-packages/airflow/example_dags/example_external_task_marker_dag.py
[2024-12-03T16:51:11.487+0000] {processor.py:756} INFO - Processing file /home/airflow/.local/lib/python3.7/site-packages/airflow/example_dags/example_external_task_marker_dag.py for tasks to queue
[2024-12-03T16:51:11.490+0000] {logging_mixin.py:120} INFO - [2024-12-03T16:51:11.490+0000] {dagbag.py:537} INFO - Filling up the DagBag from /home/airflow/.local/lib/python3.7/site-packages/airflow/example_dags/example_external_task_marker_dag.py
[2024-12-03T16:51:11.514+0000] {processor.py:766} INFO - DAG(s) dict_keys(['example_external_task_marker_child', 'example_external_task_marker_parent']) retrieved from /home/airflow/.local/lib/python3.7/site-packages/airflow/example_dags/example_external_task_marker_dag.py
[2024-12-03T16:51:11.884+0000] {logging_mixin.py:120} INFO - [2024-12-03T16:51:11.884+0000] {dag.py:2585} INFO - Sync 2 DAGs
[2024-12-03T16:51:11.941+0000] {logging_mixin.py:120} INFO - [2024-12-03T16:51:11.940+0000] {dag.py:3340} INFO - Setting next_dagrun for example_external_task_marker_child to None, run_after=None
[2024-12-03T16:51:11.948+0000] {logging_mixin.py:120} INFO - [2024-12-03T16:51:11.948+0000] {dag.py:3340} INFO - Setting next_dagrun for example_external_task_marker_parent to None, run_after=None
[2024-12-03T16:51:11.989+0000] {processor.py:176} INFO - Processing /home/airflow/.local/lib/python3.7/site-packages/airflow/example_dags/example_external_task_marker_dag.py took 0.509 seconds
[2024-12-03T16:51:42.504+0000] {processor.py:154} INFO - Started process (PID=6989) to work on /home/airflow/.local/lib/python3.7/site-packages/airflow/example_dags/example_external_task_marker_dag.py
[2024-12-03T16:51:42.508+0000] {processor.py:756} INFO - Processing file /home/airflow/.local/lib/python3.7/site-packages/airflow/example_dags/example_external_task_marker_dag.py for tasks to queue
[2024-12-03T16:51:42.510+0000] {logging_mixin.py:120} INFO - [2024-12-03T16:51:42.509+0000] {dagbag.py:537} INFO - Filling up the DagBag from /home/airflow/.local/lib/python3.7/site-packages/airflow/example_dags/example_external_task_marker_dag.py
[2024-12-03T16:51:42.533+0000] {processor.py:766} INFO - DAG(s) dict_keys(['example_external_task_marker_child', 'example_external_task_marker_parent']) retrieved from /home/airflow/.local/lib/python3.7/site-packages/airflow/example_dags/example_external_task_marker_dag.py
[2024-12-03T16:51:42.973+0000] {logging_mixin.py:120} INFO - [2024-12-03T16:51:42.973+0000] {dag.py:2585} INFO - Sync 2 DAGs
[2024-12-03T16:51:43.053+0000] {logging_mixin.py:120} INFO - [2024-12-03T16:51:43.051+0000] {dag.py:3340} INFO - Setting next_dagrun for example_external_task_marker_child to None, run_after=None
[2024-12-03T16:51:43.064+0000] {logging_mixin.py:120} INFO - [2024-12-03T16:51:43.063+0000] {dag.py:3340} INFO - Setting next_dagrun for example_external_task_marker_parent to None, run_after=None
[2024-12-03T16:51:43.115+0000] {processor.py:176} INFO - Processing /home/airflow/.local/lib/python3.7/site-packages/airflow/example_dags/example_external_task_marker_dag.py took 0.617 seconds
[2024-12-03T16:52:13.234+0000] {processor.py:154} INFO - Started process (PID=7052) to work on /home/airflow/.local/lib/python3.7/site-packages/airflow/example_dags/example_external_task_marker_dag.py
[2024-12-03T16:52:13.244+0000] {processor.py:756} INFO - Processing file /home/airflow/.local/lib/python3.7/site-packages/airflow/example_dags/example_external_task_marker_dag.py for tasks to queue
[2024-12-03T16:52:13.247+0000] {logging_mixin.py:120} INFO - [2024-12-03T16:52:13.246+0000] {dagbag.py:537} INFO - Filling up the DagBag from /home/airflow/.local/lib/python3.7/site-packages/airflow/example_dags/example_external_task_marker_dag.py
[2024-12-03T16:52:13.309+0000] {processor.py:766} INFO - DAG(s) dict_keys(['example_external_task_marker_child', 'example_external_task_marker_parent']) retrieved from /home/airflow/.local/lib/python3.7/site-packages/airflow/example_dags/example_external_task_marker_dag.py
[2024-12-03T16:52:14.035+0000] {logging_mixin.py:120} INFO - [2024-12-03T16:52:14.034+0000] {dag.py:2585} INFO - Sync 2 DAGs
[2024-12-03T16:52:14.106+0000] {logging_mixin.py:120} INFO - [2024-12-03T16:52:14.105+0000] {dag.py:3340} INFO - Setting next_dagrun for example_external_task_marker_child to None, run_after=None
[2024-12-03T16:52:14.115+0000] {logging_mixin.py:120} INFO - [2024-12-03T16:52:14.115+0000] {dag.py:3340} INFO - Setting next_dagrun for example_external_task_marker_parent to None, run_after=None
[2024-12-03T16:52:14.161+0000] {processor.py:176} INFO - Processing /home/airflow/.local/lib/python3.7/site-packages/airflow/example_dags/example_external_task_marker_dag.py took 0.937 seconds
[2024-12-03T16:52:44.396+0000] {processor.py:154} INFO - Started process (PID=7107) to work on /home/airflow/.local/lib/python3.7/site-packages/airflow/example_dags/example_external_task_marker_dag.py
[2024-12-03T16:52:44.400+0000] {processor.py:756} INFO - Processing file /home/airflow/.local/lib/python3.7/site-packages/airflow/example_dags/example_external_task_marker_dag.py for tasks to queue
[2024-12-03T16:52:44.402+0000] {logging_mixin.py:120} INFO - [2024-12-03T16:52:44.402+0000] {dagbag.py:537} INFO - Filling up the DagBag from /home/airflow/.local/lib/python3.7/site-packages/airflow/example_dags/example_external_task_marker_dag.py
[2024-12-03T16:52:44.418+0000] {processor.py:766} INFO - DAG(s) dict_keys(['example_external_task_marker_child', 'example_external_task_marker_parent']) retrieved from /home/airflow/.local/lib/python3.7/site-packages/airflow/example_dags/example_external_task_marker_dag.py
[2024-12-03T16:52:44.686+0000] {logging_mixin.py:120} INFO - [2024-12-03T16:52:44.685+0000] {dag.py:2585} INFO - Sync 2 DAGs
[2024-12-03T16:52:44.737+0000] {logging_mixin.py:120} INFO - [2024-12-03T16:52:44.737+0000] {dag.py:3340} INFO - Setting next_dagrun for example_external_task_marker_child to None, run_after=None
[2024-12-03T16:52:44.743+0000] {logging_mixin.py:120} INFO - [2024-12-03T16:52:44.743+0000] {dag.py:3340} INFO - Setting next_dagrun for example_external_task_marker_parent to None, run_after=None
[2024-12-03T16:52:44.779+0000] {processor.py:176} INFO - Processing /home/airflow/.local/lib/python3.7/site-packages/airflow/example_dags/example_external_task_marker_dag.py took 0.386 seconds
[2024-12-03T16:53:15.167+0000] {processor.py:154} INFO - Started process (PID=7172) to work on /home/airflow/.local/lib/python3.7/site-packages/airflow/example_dags/example_external_task_marker_dag.py
[2024-12-03T16:53:15.169+0000] {processor.py:756} INFO - Processing file /home/airflow/.local/lib/python3.7/site-packages/airflow/example_dags/example_external_task_marker_dag.py for tasks to queue
[2024-12-03T16:53:15.173+0000] {logging_mixin.py:120} INFO - [2024-12-03T16:53:15.172+0000] {dagbag.py:537} INFO - Filling up the DagBag from /home/airflow/.local/lib/python3.7/site-packages/airflow/example_dags/example_external_task_marker_dag.py
[2024-12-03T16:53:15.187+0000] {processor.py:766} INFO - DAG(s) dict_keys(['example_external_task_marker_parent', 'example_external_task_marker_child']) retrieved from /home/airflow/.local/lib/python3.7/site-packages/airflow/example_dags/example_external_task_marker_dag.py
[2024-12-03T16:53:15.436+0000] {logging_mixin.py:120} INFO - [2024-12-03T16:53:15.435+0000] {dag.py:2585} INFO - Sync 2 DAGs
[2024-12-03T16:53:15.472+0000] {logging_mixin.py:120} INFO - [2024-12-03T16:53:15.472+0000] {dag.py:3340} INFO - Setting next_dagrun for example_external_task_marker_child to None, run_after=None
[2024-12-03T16:53:15.478+0000] {logging_mixin.py:120} INFO - [2024-12-03T16:53:15.478+0000] {dag.py:3340} INFO - Setting next_dagrun for example_external_task_marker_parent to None, run_after=None
[2024-12-03T16:53:15.515+0000] {processor.py:176} INFO - Processing /home/airflow/.local/lib/python3.7/site-packages/airflow/example_dags/example_external_task_marker_dag.py took 0.352 seconds
[2024-12-03T16:53:45.735+0000] {processor.py:154} INFO - Started process (PID=7227) to work on /home/airflow/.local/lib/python3.7/site-packages/airflow/example_dags/example_external_task_marker_dag.py
[2024-12-03T16:53:45.737+0000] {processor.py:756} INFO - Processing file /home/airflow/.local/lib/python3.7/site-packages/airflow/example_dags/example_external_task_marker_dag.py for tasks to queue
[2024-12-03T16:53:45.740+0000] {logging_mixin.py:120} INFO - [2024-12-03T16:53:45.739+0000] {dagbag.py:537} INFO - Filling up the DagBag from /home/airflow/.local/lib/python3.7/site-packages/airflow/example_dags/example_external_task_marker_dag.py
[2024-12-03T16:53:45.758+0000] {processor.py:766} INFO - DAG(s) dict_keys(['example_external_task_marker_parent', 'example_external_task_marker_child']) retrieved from /home/airflow/.local/lib/python3.7/site-packages/airflow/example_dags/example_external_task_marker_dag.py
[2024-12-03T16:53:46.084+0000] {logging_mixin.py:120} INFO - [2024-12-03T16:53:46.083+0000] {dag.py:2585} INFO - Sync 2 DAGs
[2024-12-03T16:53:46.136+0000] {logging_mixin.py:120} INFO - [2024-12-03T16:53:46.135+0000] {dag.py:3340} INFO - Setting next_dagrun for example_external_task_marker_child to None, run_after=None
[2024-12-03T16:53:46.146+0000] {logging_mixin.py:120} INFO - [2024-12-03T16:53:46.146+0000] {dag.py:3340} INFO - Setting next_dagrun for example_external_task_marker_parent to None, run_after=None
[2024-12-03T16:53:46.188+0000] {processor.py:176} INFO - Processing /home/airflow/.local/lib/python3.7/site-packages/airflow/example_dags/example_external_task_marker_dag.py took 0.458 seconds
[2024-12-03T16:54:16.388+0000] {processor.py:154} INFO - Started process (PID=7292) to work on /home/airflow/.local/lib/python3.7/site-packages/airflow/example_dags/example_external_task_marker_dag.py
[2024-12-03T16:54:16.389+0000] {processor.py:756} INFO - Processing file /home/airflow/.local/lib/python3.7/site-packages/airflow/example_dags/example_external_task_marker_dag.py for tasks to queue
[2024-12-03T16:54:16.391+0000] {logging_mixin.py:120} INFO - [2024-12-03T16:54:16.391+0000] {dagbag.py:537} INFO - Filling up the DagBag from /home/airflow/.local/lib/python3.7/site-packages/airflow/example_dags/example_external_task_marker_dag.py
[2024-12-03T16:54:16.405+0000] {processor.py:766} INFO - DAG(s) dict_keys(['example_external_task_marker_parent', 'example_external_task_marker_child']) retrieved from /home/airflow/.local/lib/python3.7/site-packages/airflow/example_dags/example_external_task_marker_dag.py
[2024-12-03T16:54:16.638+0000] {logging_mixin.py:120} INFO - [2024-12-03T16:54:16.638+0000] {dag.py:2585} INFO - Sync 2 DAGs
[2024-12-03T16:54:16.671+0000] {logging_mixin.py:120} INFO - [2024-12-03T16:54:16.671+0000] {dag.py:3340} INFO - Setting next_dagrun for example_external_task_marker_child to None, run_after=None
[2024-12-03T16:54:16.679+0000] {logging_mixin.py:120} INFO - [2024-12-03T16:54:16.679+0000] {dag.py:3340} INFO - Setting next_dagrun for example_external_task_marker_parent to None, run_after=None
[2024-12-03T16:54:16.708+0000] {processor.py:176} INFO - Processing /home/airflow/.local/lib/python3.7/site-packages/airflow/example_dags/example_external_task_marker_dag.py took 0.325 seconds
[2024-12-03T16:54:46.909+0000] {processor.py:154} INFO - Started process (PID=7356) to work on /home/airflow/.local/lib/python3.7/site-packages/airflow/example_dags/example_external_task_marker_dag.py
[2024-12-03T16:54:46.911+0000] {processor.py:756} INFO - Processing file /home/airflow/.local/lib/python3.7/site-packages/airflow/example_dags/example_external_task_marker_dag.py for tasks to queue
[2024-12-03T16:54:46.913+0000] {logging_mixin.py:120} INFO - [2024-12-03T16:54:46.913+0000] {dagbag.py:537} INFO - Filling up the DagBag from /home/airflow/.local/lib/python3.7/site-packages/airflow/example_dags/example_external_task_marker_dag.py
[2024-12-03T16:54:46.946+0000] {processor.py:766} INFO - DAG(s) dict_keys(['example_external_task_marker_child', 'example_external_task_marker_parent']) retrieved from /home/airflow/.local/lib/python3.7/site-packages/airflow/example_dags/example_external_task_marker_dag.py
[2024-12-03T16:54:47.477+0000] {logging_mixin.py:120} INFO - [2024-12-03T16:54:47.476+0000] {dag.py:2585} INFO - Sync 2 DAGs
[2024-12-03T16:54:47.614+0000] {logging_mixin.py:120} INFO - [2024-12-03T16:54:47.613+0000] {dag.py:3340} INFO - Setting next_dagrun for example_external_task_marker_child to None, run_after=None
[2024-12-03T16:54:47.627+0000] {logging_mixin.py:120} INFO - [2024-12-03T16:54:47.626+0000] {dag.py:3340} INFO - Setting next_dagrun for example_external_task_marker_parent to None, run_after=None
[2024-12-03T16:54:47.712+0000] {processor.py:176} INFO - Processing /home/airflow/.local/lib/python3.7/site-packages/airflow/example_dags/example_external_task_marker_dag.py took 0.810 seconds
[2024-12-03T16:55:18.424+0000] {processor.py:154} INFO - Started process (PID=7413) to work on /home/airflow/.local/lib/python3.7/site-packages/airflow/example_dags/example_external_task_marker_dag.py
[2024-12-03T16:55:18.426+0000] {processor.py:756} INFO - Processing file /home/airflow/.local/lib/python3.7/site-packages/airflow/example_dags/example_external_task_marker_dag.py for tasks to queue
[2024-12-03T16:55:18.427+0000] {logging_mixin.py:120} INFO - [2024-12-03T16:55:18.427+0000] {dagbag.py:537} INFO - Filling up the DagBag from /home/airflow/.local/lib/python3.7/site-packages/airflow/example_dags/example_external_task_marker_dag.py
[2024-12-03T16:55:18.449+0000] {processor.py:766} INFO - DAG(s) dict_keys(['example_external_task_marker_parent', 'example_external_task_marker_child']) retrieved from /home/airflow/.local/lib/python3.7/site-packages/airflow/example_dags/example_external_task_marker_dag.py
[2024-12-03T16:55:18.719+0000] {logging_mixin.py:120} INFO - [2024-12-03T16:55:18.718+0000] {dag.py:2585} INFO - Sync 2 DAGs
[2024-12-03T16:55:18.756+0000] {logging_mixin.py:120} INFO - [2024-12-03T16:55:18.756+0000] {dag.py:3340} INFO - Setting next_dagrun for example_external_task_marker_child to None, run_after=None
[2024-12-03T16:55:18.762+0000] {logging_mixin.py:120} INFO - [2024-12-03T16:55:18.762+0000] {dag.py:3340} INFO - Setting next_dagrun for example_external_task_marker_parent to None, run_after=None
[2024-12-03T16:55:18.798+0000] {processor.py:176} INFO - Processing /home/airflow/.local/lib/python3.7/site-packages/airflow/example_dags/example_external_task_marker_dag.py took 0.377 seconds
[2024-12-03T16:55:49.183+0000] {processor.py:154} INFO - Started process (PID=7483) to work on /home/airflow/.local/lib/python3.7/site-packages/airflow/example_dags/example_external_task_marker_dag.py
[2024-12-03T16:55:49.185+0000] {processor.py:756} INFO - Processing file /home/airflow/.local/lib/python3.7/site-packages/airflow/example_dags/example_external_task_marker_dag.py for tasks to queue
[2024-12-03T16:55:49.186+0000] {logging_mixin.py:120} INFO - [2024-12-03T16:55:49.186+0000] {dagbag.py:537} INFO - Filling up the DagBag from /home/airflow/.local/lib/python3.7/site-packages/airflow/example_dags/example_external_task_marker_dag.py
[2024-12-03T16:55:49.234+0000] {processor.py:766} INFO - DAG(s) dict_keys(['example_external_task_marker_child', 'example_external_task_marker_parent']) retrieved from /home/airflow/.local/lib/python3.7/site-packages/airflow/example_dags/example_external_task_marker_dag.py
[2024-12-03T16:55:49.738+0000] {logging_mixin.py:120} INFO - [2024-12-03T16:55:49.738+0000] {dag.py:2585} INFO - Sync 2 DAGs
[2024-12-03T16:55:49.775+0000] {logging_mixin.py:120} INFO - [2024-12-03T16:55:49.774+0000] {dag.py:3340} INFO - Setting next_dagrun for example_external_task_marker_child to None, run_after=None
[2024-12-03T16:55:49.780+0000] {logging_mixin.py:120} INFO - [2024-12-03T16:55:49.780+0000] {dag.py:3340} INFO - Setting next_dagrun for example_external_task_marker_parent to None, run_after=None
[2024-12-03T16:55:49.812+0000] {processor.py:176} INFO - Processing /home/airflow/.local/lib/python3.7/site-packages/airflow/example_dags/example_external_task_marker_dag.py took 0.633 seconds
[2024-12-03T16:56:20.150+0000] {processor.py:154} INFO - Started process (PID=7545) to work on /home/airflow/.local/lib/python3.7/site-packages/airflow/example_dags/example_external_task_marker_dag.py
[2024-12-03T16:56:20.151+0000] {processor.py:756} INFO - Processing file /home/airflow/.local/lib/python3.7/site-packages/airflow/example_dags/example_external_task_marker_dag.py for tasks to queue
[2024-12-03T16:56:20.153+0000] {logging_mixin.py:120} INFO - [2024-12-03T16:56:20.152+0000] {dagbag.py:537} INFO - Filling up the DagBag from /home/airflow/.local/lib/python3.7/site-packages/airflow/example_dags/example_external_task_marker_dag.py
[2024-12-03T16:56:20.181+0000] {processor.py:766} INFO - DAG(s) dict_keys(['example_external_task_marker_child', 'example_external_task_marker_parent']) retrieved from /home/airflow/.local/lib/python3.7/site-packages/airflow/example_dags/example_external_task_marker_dag.py
[2024-12-03T16:56:20.422+0000] {logging_mixin.py:120} INFO - [2024-12-03T16:56:20.421+0000] {dag.py:2585} INFO - Sync 2 DAGs
[2024-12-03T16:56:20.459+0000] {logging_mixin.py:120} INFO - [2024-12-03T16:56:20.459+0000] {dag.py:3340} INFO - Setting next_dagrun for example_external_task_marker_child to None, run_after=None
[2024-12-03T16:56:20.465+0000] {logging_mixin.py:120} INFO - [2024-12-03T16:56:20.464+0000] {dag.py:3340} INFO - Setting next_dagrun for example_external_task_marker_parent to None, run_after=None
[2024-12-03T16:56:20.505+0000] {processor.py:176} INFO - Processing /home/airflow/.local/lib/python3.7/site-packages/airflow/example_dags/example_external_task_marker_dag.py took 0.358 seconds
