[2024-12-03T15:07:46.964+0000] {processor.py:154} INFO - Started process (PID=86) to work on /home/airflow/.local/lib/python3.7/site-packages/airflow/example_dags/example_datasets.py
[2024-12-03T15:07:46.968+0000] {processor.py:756} INFO - Processing file /home/airflow/.local/lib/python3.7/site-packages/airflow/example_dags/example_datasets.py for tasks to queue
[2024-12-03T15:07:46.976+0000] {logging_mixin.py:120} INFO - [2024-12-03T15:07:46.976+0000] {dagbag.py:537} INFO - Filling up the DagBag from /home/airflow/.local/lib/python3.7/site-packages/airflow/example_dags/example_datasets.py
[2024-12-03T15:07:48.384+0000] {processor.py:766} INFO - DAG(s) dict_keys(['dataset_consumes_unknown_never_scheduled', 'dataset_consumes_1_and_2', 'dataset_produces_2', 'dataset_produces_1', 'dataset_consumes_1', 'dataset_consumes_1_never_scheduled']) retrieved from /home/airflow/.local/lib/python3.7/site-packages/airflow/example_dags/example_datasets.py
[2024-12-03T15:07:49.122+0000] {logging_mixin.py:120} INFO - [2024-12-03T15:07:49.122+0000] {manager.py:507} INFO - Created Permission View: can read on DAG:dataset_consumes_unknown_never_scheduled
[2024-12-03T15:07:49.174+0000] {logging_mixin.py:120} INFO - [2024-12-03T15:07:49.174+0000] {manager.py:507} INFO - Created Permission View: can delete on DAG:dataset_consumes_unknown_never_scheduled
[2024-12-03T15:07:49.212+0000] {logging_mixin.py:120} INFO - [2024-12-03T15:07:49.212+0000] {manager.py:507} INFO - Created Permission View: can edit on DAG:dataset_consumes_unknown_never_scheduled
[2024-12-03T15:07:49.268+0000] {logging_mixin.py:120} INFO - [2024-12-03T15:07:49.268+0000] {manager.py:507} INFO - Created Permission View: can read on DAG:dataset_consumes_1_and_2
[2024-12-03T15:07:49.296+0000] {logging_mixin.py:120} INFO - [2024-12-03T15:07:49.295+0000] {manager.py:507} INFO - Created Permission View: can delete on DAG:dataset_consumes_1_and_2
[2024-12-03T15:07:49.322+0000] {logging_mixin.py:120} INFO - [2024-12-03T15:07:49.322+0000] {manager.py:507} INFO - Created Permission View: can edit on DAG:dataset_consumes_1_and_2
[2024-12-03T15:07:49.371+0000] {logging_mixin.py:120} INFO - [2024-12-03T15:07:49.371+0000] {manager.py:507} INFO - Created Permission View: can read on DAG:dataset_produces_2
[2024-12-03T15:07:49.401+0000] {logging_mixin.py:120} INFO - [2024-12-03T15:07:49.400+0000] {manager.py:507} INFO - Created Permission View: can delete on DAG:dataset_produces_2
[2024-12-03T15:07:49.427+0000] {logging_mixin.py:120} INFO - [2024-12-03T15:07:49.427+0000] {manager.py:507} INFO - Created Permission View: can edit on DAG:dataset_produces_2
[2024-12-03T15:07:49.475+0000] {logging_mixin.py:120} INFO - [2024-12-03T15:07:49.475+0000] {manager.py:507} INFO - Created Permission View: can read on DAG:dataset_produces_1
[2024-12-03T15:07:49.497+0000] {logging_mixin.py:120} INFO - [2024-12-03T15:07:49.497+0000] {manager.py:507} INFO - Created Permission View: can delete on DAG:dataset_produces_1
[2024-12-03T15:07:49.519+0000] {logging_mixin.py:120} INFO - [2024-12-03T15:07:49.518+0000] {manager.py:507} INFO - Created Permission View: can edit on DAG:dataset_produces_1
[2024-12-03T15:07:49.563+0000] {logging_mixin.py:120} INFO - [2024-12-03T15:07:49.562+0000] {manager.py:507} INFO - Created Permission View: can read on DAG:dataset_consumes_1
[2024-12-03T15:07:49.590+0000] {logging_mixin.py:120} INFO - [2024-12-03T15:07:49.590+0000] {manager.py:507} INFO - Created Permission View: can delete on DAG:dataset_consumes_1
[2024-12-03T15:07:49.621+0000] {logging_mixin.py:120} INFO - [2024-12-03T15:07:49.621+0000] {manager.py:507} INFO - Created Permission View: can edit on DAG:dataset_consumes_1
[2024-12-03T15:07:49.676+0000] {logging_mixin.py:120} INFO - [2024-12-03T15:07:49.675+0000] {manager.py:507} INFO - Created Permission View: can read on DAG:dataset_consumes_1_never_scheduled
[2024-12-03T15:07:49.708+0000] {logging_mixin.py:120} INFO - [2024-12-03T15:07:49.707+0000] {manager.py:507} INFO - Created Permission View: can delete on DAG:dataset_consumes_1_never_scheduled
[2024-12-03T15:07:49.734+0000] {logging_mixin.py:120} INFO - [2024-12-03T15:07:49.734+0000] {manager.py:507} INFO - Created Permission View: can edit on DAG:dataset_consumes_1_never_scheduled
[2024-12-03T15:07:49.736+0000] {logging_mixin.py:120} INFO - [2024-12-03T15:07:49.736+0000] {dag.py:2585} INFO - Sync 6 DAGs
[2024-12-03T15:07:49.795+0000] {logging_mixin.py:120} INFO - [2024-12-03T15:07:49.794+0000] {dag.py:2606} INFO - Creating ORM DAG for dataset_consumes_1_and_2
[2024-12-03T15:07:49.798+0000] {logging_mixin.py:120} INFO - [2024-12-03T15:07:49.797+0000] {dag.py:2606} INFO - Creating ORM DAG for dataset_consumes_1_never_scheduled
[2024-12-03T15:07:49.802+0000] {logging_mixin.py:120} INFO - [2024-12-03T15:07:49.802+0000] {dag.py:2606} INFO - Creating ORM DAG for dataset_produces_2
[2024-12-03T15:07:49.805+0000] {logging_mixin.py:120} INFO - [2024-12-03T15:07:49.804+0000] {dag.py:2606} INFO - Creating ORM DAG for dataset_consumes_unknown_never_scheduled
[2024-12-03T15:07:49.807+0000] {logging_mixin.py:120} INFO - [2024-12-03T15:07:49.806+0000] {dag.py:2606} INFO - Creating ORM DAG for dataset_produces_1
[2024-12-03T15:07:49.811+0000] {logging_mixin.py:120} INFO - [2024-12-03T15:07:49.810+0000] {dag.py:2606} INFO - Creating ORM DAG for dataset_consumes_1
[2024-12-03T15:07:49.881+0000] {logging_mixin.py:120} INFO - [2024-12-03T15:07:49.880+0000] {dag.py:3340} INFO - Setting next_dagrun for dataset_consumes_1 to None, run_after=None
[2024-12-03T15:07:49.885+0000] {logging_mixin.py:120} INFO - [2024-12-03T15:07:49.885+0000] {dag.py:3340} INFO - Setting next_dagrun for dataset_consumes_1_and_2 to None, run_after=None
[2024-12-03T15:07:49.888+0000] {logging_mixin.py:120} INFO - [2024-12-03T15:07:49.887+0000] {dag.py:3340} INFO - Setting next_dagrun for dataset_consumes_1_never_scheduled to None, run_after=None
[2024-12-03T15:07:49.890+0000] {logging_mixin.py:120} INFO - [2024-12-03T15:07:49.890+0000] {dag.py:3340} INFO - Setting next_dagrun for dataset_consumes_unknown_never_scheduled to None, run_after=None
[2024-12-03T15:07:49.901+0000] {logging_mixin.py:120} INFO - [2024-12-03T15:07:49.898+0000] {dag.py:3340} INFO - Setting next_dagrun for dataset_produces_1 to 2024-12-02T00:00:00+00:00, run_after=2024-12-03T00:00:00+00:00
[2024-12-03T15:07:49.904+0000] {logging_mixin.py:120} INFO - [2024-12-03T15:07:49.903+0000] {dag.py:3340} INFO - Setting next_dagrun for dataset_produces_2 to None, run_after=None
[2024-12-03T15:07:50.134+0000] {processor.py:176} INFO - Processing /home/airflow/.local/lib/python3.7/site-packages/airflow/example_dags/example_datasets.py took 3.197 seconds
[2024-12-03T15:08:20.329+0000] {processor.py:154} INFO - Started process (PID=141) to work on /home/airflow/.local/lib/python3.7/site-packages/airflow/example_dags/example_datasets.py
[2024-12-03T15:08:20.331+0000] {processor.py:756} INFO - Processing file /home/airflow/.local/lib/python3.7/site-packages/airflow/example_dags/example_datasets.py for tasks to queue
[2024-12-03T15:08:20.333+0000] {logging_mixin.py:120} INFO - [2024-12-03T15:08:20.333+0000] {dagbag.py:537} INFO - Filling up the DagBag from /home/airflow/.local/lib/python3.7/site-packages/airflow/example_dags/example_datasets.py
[2024-12-03T15:08:20.390+0000] {processor.py:766} INFO - DAG(s) dict_keys(['dataset_consumes_unknown_never_scheduled', 'dataset_produces_1', 'dataset_consumes_1_never_scheduled', 'dataset_consumes_1_and_2', 'dataset_produces_2', 'dataset_consumes_1']) retrieved from /home/airflow/.local/lib/python3.7/site-packages/airflow/example_dags/example_datasets.py
[2024-12-03T15:08:20.540+0000] {logging_mixin.py:120} INFO - [2024-12-03T15:08:20.540+0000] {dag.py:2585} INFO - Sync 6 DAGs
[2024-12-03T15:08:20.608+0000] {logging_mixin.py:120} INFO - [2024-12-03T15:08:20.607+0000] {dag.py:3340} INFO - Setting next_dagrun for dataset_consumes_1 to None, run_after=None
[2024-12-03T15:08:20.614+0000] {logging_mixin.py:120} INFO - [2024-12-03T15:08:20.613+0000] {dag.py:3340} INFO - Setting next_dagrun for dataset_consumes_1_and_2 to None, run_after=None
[2024-12-03T15:08:20.617+0000] {logging_mixin.py:120} INFO - [2024-12-03T15:08:20.616+0000] {dag.py:3340} INFO - Setting next_dagrun for dataset_consumes_1_never_scheduled to None, run_after=None
[2024-12-03T15:08:20.620+0000] {logging_mixin.py:120} INFO - [2024-12-03T15:08:20.620+0000] {dag.py:3340} INFO - Setting next_dagrun for dataset_consumes_unknown_never_scheduled to None, run_after=None
[2024-12-03T15:08:20.627+0000] {logging_mixin.py:120} INFO - [2024-12-03T15:08:20.627+0000] {dag.py:3340} INFO - Setting next_dagrun for dataset_produces_1 to 2024-12-02T00:00:00+00:00, run_after=2024-12-03T00:00:00+00:00
[2024-12-03T15:08:20.633+0000] {logging_mixin.py:120} INFO - [2024-12-03T15:08:20.633+0000] {dag.py:3340} INFO - Setting next_dagrun for dataset_produces_2 to None, run_after=None
[2024-12-03T15:08:20.693+0000] {processor.py:176} INFO - Processing /home/airflow/.local/lib/python3.7/site-packages/airflow/example_dags/example_datasets.py took 0.369 seconds
[2024-12-03T15:08:50.790+0000] {processor.py:154} INFO - Started process (PID=197) to work on /home/airflow/.local/lib/python3.7/site-packages/airflow/example_dags/example_datasets.py
[2024-12-03T15:08:50.792+0000] {processor.py:756} INFO - Processing file /home/airflow/.local/lib/python3.7/site-packages/airflow/example_dags/example_datasets.py for tasks to queue
[2024-12-03T15:08:50.794+0000] {logging_mixin.py:120} INFO - [2024-12-03T15:08:50.794+0000] {dagbag.py:537} INFO - Filling up the DagBag from /home/airflow/.local/lib/python3.7/site-packages/airflow/example_dags/example_datasets.py
[2024-12-03T15:08:50.827+0000] {processor.py:766} INFO - DAG(s) dict_keys(['dataset_consumes_1_never_scheduled', 'dataset_produces_1', 'dataset_consumes_1_and_2', 'dataset_consumes_1', 'dataset_produces_2', 'dataset_consumes_unknown_never_scheduled']) retrieved from /home/airflow/.local/lib/python3.7/site-packages/airflow/example_dags/example_datasets.py
[2024-12-03T15:08:50.933+0000] {logging_mixin.py:120} INFO - [2024-12-03T15:08:50.932+0000] {dag.py:2585} INFO - Sync 6 DAGs
[2024-12-03T15:08:50.981+0000] {logging_mixin.py:120} INFO - [2024-12-03T15:08:50.980+0000] {dag.py:3340} INFO - Setting next_dagrun for dataset_consumes_1 to None, run_after=None
[2024-12-03T15:08:50.987+0000] {logging_mixin.py:120} INFO - [2024-12-03T15:08:50.987+0000] {dag.py:3340} INFO - Setting next_dagrun for dataset_consumes_1_and_2 to None, run_after=None
[2024-12-03T15:08:50.991+0000] {logging_mixin.py:120} INFO - [2024-12-03T15:08:50.990+0000] {dag.py:3340} INFO - Setting next_dagrun for dataset_consumes_1_never_scheduled to None, run_after=None
[2024-12-03T15:08:50.994+0000] {logging_mixin.py:120} INFO - [2024-12-03T15:08:50.994+0000] {dag.py:3340} INFO - Setting next_dagrun for dataset_consumes_unknown_never_scheduled to None, run_after=None
[2024-12-03T15:08:50.999+0000] {logging_mixin.py:120} INFO - [2024-12-03T15:08:50.999+0000] {dag.py:3340} INFO - Setting next_dagrun for dataset_produces_1 to 2024-12-02T00:00:00+00:00, run_after=2024-12-03T00:00:00+00:00
[2024-12-03T15:08:51.003+0000] {logging_mixin.py:120} INFO - [2024-12-03T15:08:51.003+0000] {dag.py:3340} INFO - Setting next_dagrun for dataset_produces_2 to None, run_after=None
[2024-12-03T15:08:51.069+0000] {processor.py:176} INFO - Processing /home/airflow/.local/lib/python3.7/site-packages/airflow/example_dags/example_datasets.py took 0.284 seconds
[2024-12-03T15:09:21.361+0000] {processor.py:154} INFO - Started process (PID=252) to work on /home/airflow/.local/lib/python3.7/site-packages/airflow/example_dags/example_datasets.py
[2024-12-03T15:09:21.369+0000] {processor.py:756} INFO - Processing file /home/airflow/.local/lib/python3.7/site-packages/airflow/example_dags/example_datasets.py for tasks to queue
[2024-12-03T15:09:21.372+0000] {logging_mixin.py:120} INFO - [2024-12-03T15:09:21.372+0000] {dagbag.py:537} INFO - Filling up the DagBag from /home/airflow/.local/lib/python3.7/site-packages/airflow/example_dags/example_datasets.py
[2024-12-03T15:09:21.417+0000] {processor.py:766} INFO - DAG(s) dict_keys(['dataset_produces_1', 'dataset_consumes_1_never_scheduled', 'dataset_produces_2', 'dataset_consumes_1', 'dataset_consumes_unknown_never_scheduled', 'dataset_consumes_1_and_2']) retrieved from /home/airflow/.local/lib/python3.7/site-packages/airflow/example_dags/example_datasets.py
[2024-12-03T15:09:21.581+0000] {logging_mixin.py:120} INFO - [2024-12-03T15:09:21.580+0000] {dag.py:2585} INFO - Sync 6 DAGs
[2024-12-03T15:09:21.703+0000] {logging_mixin.py:120} INFO - [2024-12-03T15:09:21.702+0000] {dag.py:3340} INFO - Setting next_dagrun for dataset_consumes_1 to None, run_after=None
[2024-12-03T15:09:21.716+0000] {logging_mixin.py:120} INFO - [2024-12-03T15:09:21.715+0000] {dag.py:3340} INFO - Setting next_dagrun for dataset_consumes_1_and_2 to None, run_after=None
[2024-12-03T15:09:21.722+0000] {logging_mixin.py:120} INFO - [2024-12-03T15:09:21.722+0000] {dag.py:3340} INFO - Setting next_dagrun for dataset_consumes_1_never_scheduled to None, run_after=None
[2024-12-03T15:09:21.726+0000] {logging_mixin.py:120} INFO - [2024-12-03T15:09:21.726+0000] {dag.py:3340} INFO - Setting next_dagrun for dataset_consumes_unknown_never_scheduled to None, run_after=None
[2024-12-03T15:09:21.734+0000] {logging_mixin.py:120} INFO - [2024-12-03T15:09:21.733+0000] {dag.py:3340} INFO - Setting next_dagrun for dataset_produces_1 to 2024-12-02T00:00:00+00:00, run_after=2024-12-03T00:00:00+00:00
[2024-12-03T15:09:21.739+0000] {logging_mixin.py:120} INFO - [2024-12-03T15:09:21.738+0000] {dag.py:3340} INFO - Setting next_dagrun for dataset_produces_2 to None, run_after=None
[2024-12-03T15:09:21.839+0000] {processor.py:176} INFO - Processing /home/airflow/.local/lib/python3.7/site-packages/airflow/example_dags/example_datasets.py took 0.485 seconds
[2024-12-03T15:09:52.088+0000] {processor.py:154} INFO - Started process (PID=317) to work on /home/airflow/.local/lib/python3.7/site-packages/airflow/example_dags/example_datasets.py
[2024-12-03T15:09:52.090+0000] {processor.py:756} INFO - Processing file /home/airflow/.local/lib/python3.7/site-packages/airflow/example_dags/example_datasets.py for tasks to queue
[2024-12-03T15:09:52.092+0000] {logging_mixin.py:120} INFO - [2024-12-03T15:09:52.091+0000] {dagbag.py:537} INFO - Filling up the DagBag from /home/airflow/.local/lib/python3.7/site-packages/airflow/example_dags/example_datasets.py
[2024-12-03T15:09:52.132+0000] {processor.py:766} INFO - DAG(s) dict_keys(['dataset_consumes_unknown_never_scheduled', 'dataset_consumes_1_and_2', 'dataset_consumes_1', 'dataset_produces_2', 'dataset_consumes_1_never_scheduled', 'dataset_produces_1']) retrieved from /home/airflow/.local/lib/python3.7/site-packages/airflow/example_dags/example_datasets.py
[2024-12-03T15:09:52.243+0000] {logging_mixin.py:120} INFO - [2024-12-03T15:09:52.243+0000] {dag.py:2585} INFO - Sync 6 DAGs
[2024-12-03T15:09:52.290+0000] {logging_mixin.py:120} INFO - [2024-12-03T15:09:52.290+0000] {dag.py:3340} INFO - Setting next_dagrun for dataset_consumes_1 to None, run_after=None
[2024-12-03T15:09:52.297+0000] {logging_mixin.py:120} INFO - [2024-12-03T15:09:52.297+0000] {dag.py:3340} INFO - Setting next_dagrun for dataset_consumes_1_and_2 to None, run_after=None
[2024-12-03T15:09:52.300+0000] {logging_mixin.py:120} INFO - [2024-12-03T15:09:52.300+0000] {dag.py:3340} INFO - Setting next_dagrun for dataset_consumes_1_never_scheduled to None, run_after=None
[2024-12-03T15:09:52.304+0000] {logging_mixin.py:120} INFO - [2024-12-03T15:09:52.304+0000] {dag.py:3340} INFO - Setting next_dagrun for dataset_consumes_unknown_never_scheduled to None, run_after=None
[2024-12-03T15:09:52.310+0000] {logging_mixin.py:120} INFO - [2024-12-03T15:09:52.310+0000] {dag.py:3340} INFO - Setting next_dagrun for dataset_produces_1 to 2024-12-02T00:00:00+00:00, run_after=2024-12-03T00:00:00+00:00
[2024-12-03T15:09:52.315+0000] {logging_mixin.py:120} INFO - [2024-12-03T15:09:52.315+0000] {dag.py:3340} INFO - Setting next_dagrun for dataset_produces_2 to None, run_after=None
[2024-12-03T15:09:52.371+0000] {processor.py:176} INFO - Processing /home/airflow/.local/lib/python3.7/site-packages/airflow/example_dags/example_datasets.py took 0.291 seconds
[2024-12-03T15:10:22.537+0000] {processor.py:154} INFO - Started process (PID=371) to work on /home/airflow/.local/lib/python3.7/site-packages/airflow/example_dags/example_datasets.py
[2024-12-03T15:10:22.540+0000] {processor.py:756} INFO - Processing file /home/airflow/.local/lib/python3.7/site-packages/airflow/example_dags/example_datasets.py for tasks to queue
[2024-12-03T15:10:22.542+0000] {logging_mixin.py:120} INFO - [2024-12-03T15:10:22.542+0000] {dagbag.py:537} INFO - Filling up the DagBag from /home/airflow/.local/lib/python3.7/site-packages/airflow/example_dags/example_datasets.py
[2024-12-03T15:10:22.580+0000] {processor.py:766} INFO - DAG(s) dict_keys(['dataset_produces_2', 'dataset_produces_1', 'dataset_consumes_1', 'dataset_consumes_1_never_scheduled', 'dataset_consumes_1_and_2', 'dataset_consumes_unknown_never_scheduled']) retrieved from /home/airflow/.local/lib/python3.7/site-packages/airflow/example_dags/example_datasets.py
[2024-12-03T15:10:22.698+0000] {logging_mixin.py:120} INFO - [2024-12-03T15:10:22.698+0000] {dag.py:2585} INFO - Sync 6 DAGs
[2024-12-03T15:10:22.751+0000] {logging_mixin.py:120} INFO - [2024-12-03T15:10:22.751+0000] {dag.py:3340} INFO - Setting next_dagrun for dataset_consumes_1 to None, run_after=None
[2024-12-03T15:10:22.759+0000] {logging_mixin.py:120} INFO - [2024-12-03T15:10:22.759+0000] {dag.py:3340} INFO - Setting next_dagrun for dataset_consumes_1_and_2 to None, run_after=None
[2024-12-03T15:10:22.762+0000] {logging_mixin.py:120} INFO - [2024-12-03T15:10:22.762+0000] {dag.py:3340} INFO - Setting next_dagrun for dataset_consumes_1_never_scheduled to None, run_after=None
[2024-12-03T15:10:22.765+0000] {logging_mixin.py:120} INFO - [2024-12-03T15:10:22.765+0000] {dag.py:3340} INFO - Setting next_dagrun for dataset_consumes_unknown_never_scheduled to None, run_after=None
[2024-12-03T15:10:22.772+0000] {logging_mixin.py:120} INFO - [2024-12-03T15:10:22.771+0000] {dag.py:3340} INFO - Setting next_dagrun for dataset_produces_1 to 2024-12-02T00:00:00+00:00, run_after=2024-12-03T00:00:00+00:00
[2024-12-03T15:10:22.776+0000] {logging_mixin.py:120} INFO - [2024-12-03T15:10:22.776+0000] {dag.py:3340} INFO - Setting next_dagrun for dataset_produces_2 to None, run_after=None
[2024-12-03T15:10:22.843+0000] {processor.py:176} INFO - Processing /home/airflow/.local/lib/python3.7/site-packages/airflow/example_dags/example_datasets.py took 0.311 seconds
[2024-12-03T15:10:53.005+0000] {processor.py:154} INFO - Started process (PID=436) to work on /home/airflow/.local/lib/python3.7/site-packages/airflow/example_dags/example_datasets.py
[2024-12-03T15:10:53.013+0000] {processor.py:756} INFO - Processing file /home/airflow/.local/lib/python3.7/site-packages/airflow/example_dags/example_datasets.py for tasks to queue
[2024-12-03T15:10:53.017+0000] {logging_mixin.py:120} INFO - [2024-12-03T15:10:53.016+0000] {dagbag.py:537} INFO - Filling up the DagBag from /home/airflow/.local/lib/python3.7/site-packages/airflow/example_dags/example_datasets.py
[2024-12-03T15:10:53.085+0000] {processor.py:766} INFO - DAG(s) dict_keys(['dataset_consumes_1_never_scheduled', 'dataset_consumes_unknown_never_scheduled', 'dataset_consumes_1_and_2', 'dataset_consumes_1', 'dataset_produces_1', 'dataset_produces_2']) retrieved from /home/airflow/.local/lib/python3.7/site-packages/airflow/example_dags/example_datasets.py
[2024-12-03T15:10:53.310+0000] {logging_mixin.py:120} INFO - [2024-12-03T15:10:53.309+0000] {dag.py:2585} INFO - Sync 6 DAGs
[2024-12-03T15:10:53.395+0000] {logging_mixin.py:120} INFO - [2024-12-03T15:10:53.395+0000] {dag.py:3340} INFO - Setting next_dagrun for dataset_consumes_1 to None, run_after=None
[2024-12-03T15:10:53.405+0000] {logging_mixin.py:120} INFO - [2024-12-03T15:10:53.405+0000] {dag.py:3340} INFO - Setting next_dagrun for dataset_consumes_1_and_2 to None, run_after=None
[2024-12-03T15:10:53.409+0000] {logging_mixin.py:120} INFO - [2024-12-03T15:10:53.408+0000] {dag.py:3340} INFO - Setting next_dagrun for dataset_consumes_1_never_scheduled to None, run_after=None
[2024-12-03T15:10:53.412+0000] {logging_mixin.py:120} INFO - [2024-12-03T15:10:53.411+0000] {dag.py:3340} INFO - Setting next_dagrun for dataset_consumes_unknown_never_scheduled to None, run_after=None
[2024-12-03T15:10:53.421+0000] {logging_mixin.py:120} INFO - [2024-12-03T15:10:53.420+0000] {dag.py:3340} INFO - Setting next_dagrun for dataset_produces_1 to 2024-12-02T00:00:00+00:00, run_after=2024-12-03T00:00:00+00:00
[2024-12-03T15:10:53.425+0000] {logging_mixin.py:120} INFO - [2024-12-03T15:10:53.425+0000] {dag.py:3340} INFO - Setting next_dagrun for dataset_produces_2 to None, run_after=None
[2024-12-03T15:10:53.530+0000] {processor.py:176} INFO - Processing /home/airflow/.local/lib/python3.7/site-packages/airflow/example_dags/example_datasets.py took 0.541 seconds
[2024-12-03T15:11:24.196+0000] {processor.py:154} INFO - Started process (PID=492) to work on /home/airflow/.local/lib/python3.7/site-packages/airflow/example_dags/example_datasets.py
[2024-12-03T15:11:24.197+0000] {processor.py:756} INFO - Processing file /home/airflow/.local/lib/python3.7/site-packages/airflow/example_dags/example_datasets.py for tasks to queue
[2024-12-03T15:11:24.199+0000] {logging_mixin.py:120} INFO - [2024-12-03T15:11:24.199+0000] {dagbag.py:537} INFO - Filling up the DagBag from /home/airflow/.local/lib/python3.7/site-packages/airflow/example_dags/example_datasets.py
[2024-12-03T15:11:24.243+0000] {processor.py:766} INFO - DAG(s) dict_keys(['dataset_consumes_unknown_never_scheduled', 'dataset_consumes_1', 'dataset_consumes_1_and_2', 'dataset_produces_1', 'dataset_produces_2', 'dataset_consumes_1_never_scheduled']) retrieved from /home/airflow/.local/lib/python3.7/site-packages/airflow/example_dags/example_datasets.py
[2024-12-03T15:11:24.367+0000] {logging_mixin.py:120} INFO - [2024-12-03T15:11:24.366+0000] {dag.py:2585} INFO - Sync 6 DAGs
[2024-12-03T15:11:24.409+0000] {logging_mixin.py:120} INFO - [2024-12-03T15:11:24.408+0000] {dag.py:3340} INFO - Setting next_dagrun for dataset_consumes_1 to None, run_after=None
[2024-12-03T15:11:24.414+0000] {logging_mixin.py:120} INFO - [2024-12-03T15:11:24.414+0000] {dag.py:3340} INFO - Setting next_dagrun for dataset_consumes_1_and_2 to None, run_after=None
[2024-12-03T15:11:24.417+0000] {logging_mixin.py:120} INFO - [2024-12-03T15:11:24.417+0000] {dag.py:3340} INFO - Setting next_dagrun for dataset_consumes_1_never_scheduled to None, run_after=None
[2024-12-03T15:11:24.420+0000] {logging_mixin.py:120} INFO - [2024-12-03T15:11:24.420+0000] {dag.py:3340} INFO - Setting next_dagrun for dataset_consumes_unknown_never_scheduled to None, run_after=None
[2024-12-03T15:11:24.426+0000] {logging_mixin.py:120} INFO - [2024-12-03T15:11:24.426+0000] {dag.py:3340} INFO - Setting next_dagrun for dataset_produces_1 to 2024-12-02T00:00:00+00:00, run_after=2024-12-03T00:00:00+00:00
[2024-12-03T15:11:24.430+0000] {logging_mixin.py:120} INFO - [2024-12-03T15:11:24.429+0000] {dag.py:3340} INFO - Setting next_dagrun for dataset_produces_2 to None, run_after=None
[2024-12-03T15:11:24.490+0000] {processor.py:176} INFO - Processing /home/airflow/.local/lib/python3.7/site-packages/airflow/example_dags/example_datasets.py took 0.298 seconds
[2024-12-03T15:11:54.843+0000] {processor.py:154} INFO - Started process (PID=548) to work on /home/airflow/.local/lib/python3.7/site-packages/airflow/example_dags/example_datasets.py
[2024-12-03T15:11:54.845+0000] {processor.py:756} INFO - Processing file /home/airflow/.local/lib/python3.7/site-packages/airflow/example_dags/example_datasets.py for tasks to queue
[2024-12-03T15:11:54.848+0000] {logging_mixin.py:120} INFO - [2024-12-03T15:11:54.847+0000] {dagbag.py:537} INFO - Filling up the DagBag from /home/airflow/.local/lib/python3.7/site-packages/airflow/example_dags/example_datasets.py
[2024-12-03T15:11:54.875+0000] {processor.py:766} INFO - DAG(s) dict_keys(['dataset_consumes_unknown_never_scheduled', 'dataset_consumes_1_and_2', 'dataset_produces_1', 'dataset_produces_2', 'dataset_consumes_1_never_scheduled', 'dataset_consumes_1']) retrieved from /home/airflow/.local/lib/python3.7/site-packages/airflow/example_dags/example_datasets.py
[2024-12-03T15:11:54.981+0000] {logging_mixin.py:120} INFO - [2024-12-03T15:11:54.981+0000] {dag.py:2585} INFO - Sync 6 DAGs
[2024-12-03T15:11:55.033+0000] {logging_mixin.py:120} INFO - [2024-12-03T15:11:55.032+0000] {dag.py:3340} INFO - Setting next_dagrun for dataset_consumes_1 to None, run_after=None
[2024-12-03T15:11:55.041+0000] {logging_mixin.py:120} INFO - [2024-12-03T15:11:55.040+0000] {dag.py:3340} INFO - Setting next_dagrun for dataset_consumes_1_and_2 to None, run_after=None
[2024-12-03T15:11:55.044+0000] {logging_mixin.py:120} INFO - [2024-12-03T15:11:55.043+0000] {dag.py:3340} INFO - Setting next_dagrun for dataset_consumes_1_never_scheduled to None, run_after=None
[2024-12-03T15:11:55.047+0000] {logging_mixin.py:120} INFO - [2024-12-03T15:11:55.046+0000] {dag.py:3340} INFO - Setting next_dagrun for dataset_consumes_unknown_never_scheduled to None, run_after=None
[2024-12-03T15:11:55.054+0000] {logging_mixin.py:120} INFO - [2024-12-03T15:11:55.053+0000] {dag.py:3340} INFO - Setting next_dagrun for dataset_produces_1 to 2024-12-02T00:00:00+00:00, run_after=2024-12-03T00:00:00+00:00
[2024-12-03T15:11:55.058+0000] {logging_mixin.py:120} INFO - [2024-12-03T15:11:55.057+0000] {dag.py:3340} INFO - Setting next_dagrun for dataset_produces_2 to None, run_after=None
[2024-12-03T15:11:55.122+0000] {processor.py:176} INFO - Processing /home/airflow/.local/lib/python3.7/site-packages/airflow/example_dags/example_datasets.py took 0.283 seconds
[2024-12-03T15:12:25.370+0000] {processor.py:154} INFO - Started process (PID=612) to work on /home/airflow/.local/lib/python3.7/site-packages/airflow/example_dags/example_datasets.py
[2024-12-03T15:12:25.372+0000] {processor.py:756} INFO - Processing file /home/airflow/.local/lib/python3.7/site-packages/airflow/example_dags/example_datasets.py for tasks to queue
[2024-12-03T15:12:25.373+0000] {logging_mixin.py:120} INFO - [2024-12-03T15:12:25.373+0000] {dagbag.py:537} INFO - Filling up the DagBag from /home/airflow/.local/lib/python3.7/site-packages/airflow/example_dags/example_datasets.py
[2024-12-03T15:12:25.410+0000] {processor.py:766} INFO - DAG(s) dict_keys(['dataset_produces_1', 'dataset_consumes_1', 'dataset_consumes_1_never_scheduled', 'dataset_consumes_unknown_never_scheduled', 'dataset_consumes_1_and_2', 'dataset_produces_2']) retrieved from /home/airflow/.local/lib/python3.7/site-packages/airflow/example_dags/example_datasets.py
[2024-12-03T15:12:25.515+0000] {logging_mixin.py:120} INFO - [2024-12-03T15:12:25.515+0000] {dag.py:2585} INFO - Sync 6 DAGs
[2024-12-03T15:12:25.563+0000] {logging_mixin.py:120} INFO - [2024-12-03T15:12:25.563+0000] {dag.py:3340} INFO - Setting next_dagrun for dataset_consumes_1 to None, run_after=None
[2024-12-03T15:12:25.583+0000] {logging_mixin.py:120} INFO - [2024-12-03T15:12:25.583+0000] {dag.py:3340} INFO - Setting next_dagrun for dataset_consumes_1_and_2 to None, run_after=None
[2024-12-03T15:12:25.590+0000] {logging_mixin.py:120} INFO - [2024-12-03T15:12:25.590+0000] {dag.py:3340} INFO - Setting next_dagrun for dataset_consumes_1_never_scheduled to None, run_after=None
[2024-12-03T15:12:25.597+0000] {logging_mixin.py:120} INFO - [2024-12-03T15:12:25.596+0000] {dag.py:3340} INFO - Setting next_dagrun for dataset_consumes_unknown_never_scheduled to None, run_after=None
[2024-12-03T15:12:25.604+0000] {logging_mixin.py:120} INFO - [2024-12-03T15:12:25.604+0000] {dag.py:3340} INFO - Setting next_dagrun for dataset_produces_1 to 2024-12-02T00:00:00+00:00, run_after=2024-12-03T00:00:00+00:00
[2024-12-03T15:12:25.618+0000] {logging_mixin.py:120} INFO - [2024-12-03T15:12:25.618+0000] {dag.py:3340} INFO - Setting next_dagrun for dataset_produces_2 to None, run_after=None
[2024-12-03T15:12:25.689+0000] {processor.py:176} INFO - Processing /home/airflow/.local/lib/python3.7/site-packages/airflow/example_dags/example_datasets.py took 0.326 seconds
[2024-12-03T15:12:55.817+0000] {processor.py:154} INFO - Started process (PID=667) to work on /home/airflow/.local/lib/python3.7/site-packages/airflow/example_dags/example_datasets.py
[2024-12-03T15:12:55.819+0000] {processor.py:756} INFO - Processing file /home/airflow/.local/lib/python3.7/site-packages/airflow/example_dags/example_datasets.py for tasks to queue
[2024-12-03T15:12:55.821+0000] {logging_mixin.py:120} INFO - [2024-12-03T15:12:55.820+0000] {dagbag.py:537} INFO - Filling up the DagBag from /home/airflow/.local/lib/python3.7/site-packages/airflow/example_dags/example_datasets.py
[2024-12-03T15:12:55.855+0000] {processor.py:766} INFO - DAG(s) dict_keys(['dataset_consumes_1_never_scheduled', 'dataset_consumes_unknown_never_scheduled', 'dataset_produces_1', 'dataset_consumes_1', 'dataset_consumes_1_and_2', 'dataset_produces_2']) retrieved from /home/airflow/.local/lib/python3.7/site-packages/airflow/example_dags/example_datasets.py
[2024-12-03T15:12:55.959+0000] {logging_mixin.py:120} INFO - [2024-12-03T15:12:55.959+0000] {dag.py:2585} INFO - Sync 6 DAGs
[2024-12-03T15:12:56.009+0000] {logging_mixin.py:120} INFO - [2024-12-03T15:12:56.009+0000] {dag.py:3340} INFO - Setting next_dagrun for dataset_consumes_1 to None, run_after=None
[2024-12-03T15:12:56.017+0000] {logging_mixin.py:120} INFO - [2024-12-03T15:12:56.017+0000] {dag.py:3340} INFO - Setting next_dagrun for dataset_consumes_1_and_2 to None, run_after=None
[2024-12-03T15:12:56.021+0000] {logging_mixin.py:120} INFO - [2024-12-03T15:12:56.020+0000] {dag.py:3340} INFO - Setting next_dagrun for dataset_consumes_1_never_scheduled to None, run_after=None
[2024-12-03T15:12:56.024+0000] {logging_mixin.py:120} INFO - [2024-12-03T15:12:56.024+0000] {dag.py:3340} INFO - Setting next_dagrun for dataset_consumes_unknown_never_scheduled to None, run_after=None
[2024-12-03T15:12:56.030+0000] {logging_mixin.py:120} INFO - [2024-12-03T15:12:56.030+0000] {dag.py:3340} INFO - Setting next_dagrun for dataset_produces_1 to 2024-12-02T00:00:00+00:00, run_after=2024-12-03T00:00:00+00:00
[2024-12-03T15:12:56.033+0000] {logging_mixin.py:120} INFO - [2024-12-03T15:12:56.033+0000] {dag.py:3340} INFO - Setting next_dagrun for dataset_produces_2 to None, run_after=None
[2024-12-03T15:12:56.116+0000] {processor.py:176} INFO - Processing /home/airflow/.local/lib/python3.7/site-packages/airflow/example_dags/example_datasets.py took 0.304 seconds
[2024-12-03T15:13:26.427+0000] {processor.py:154} INFO - Started process (PID=731) to work on /home/airflow/.local/lib/python3.7/site-packages/airflow/example_dags/example_datasets.py
[2024-12-03T15:13:26.428+0000] {processor.py:756} INFO - Processing file /home/airflow/.local/lib/python3.7/site-packages/airflow/example_dags/example_datasets.py for tasks to queue
[2024-12-03T15:13:26.430+0000] {logging_mixin.py:120} INFO - [2024-12-03T15:13:26.430+0000] {dagbag.py:537} INFO - Filling up the DagBag from /home/airflow/.local/lib/python3.7/site-packages/airflow/example_dags/example_datasets.py
[2024-12-03T15:13:26.466+0000] {processor.py:766} INFO - DAG(s) dict_keys(['dataset_consumes_1_and_2', 'dataset_produces_1', 'dataset_consumes_1_never_scheduled', 'dataset_consumes_1', 'dataset_consumes_unknown_never_scheduled', 'dataset_produces_2']) retrieved from /home/airflow/.local/lib/python3.7/site-packages/airflow/example_dags/example_datasets.py
[2024-12-03T15:13:26.583+0000] {logging_mixin.py:120} INFO - [2024-12-03T15:13:26.582+0000] {dag.py:2585} INFO - Sync 6 DAGs
[2024-12-03T15:13:26.633+0000] {logging_mixin.py:120} INFO - [2024-12-03T15:13:26.633+0000] {dag.py:3340} INFO - Setting next_dagrun for dataset_consumes_1 to None, run_after=None
[2024-12-03T15:13:26.641+0000] {logging_mixin.py:120} INFO - [2024-12-03T15:13:26.641+0000] {dag.py:3340} INFO - Setting next_dagrun for dataset_consumes_1_and_2 to None, run_after=None
[2024-12-03T15:13:26.645+0000] {logging_mixin.py:120} INFO - [2024-12-03T15:13:26.645+0000] {dag.py:3340} INFO - Setting next_dagrun for dataset_consumes_1_never_scheduled to None, run_after=None
[2024-12-03T15:13:26.648+0000] {logging_mixin.py:120} INFO - [2024-12-03T15:13:26.648+0000] {dag.py:3340} INFO - Setting next_dagrun for dataset_consumes_unknown_never_scheduled to None, run_after=None
[2024-12-03T15:13:26.656+0000] {logging_mixin.py:120} INFO - [2024-12-03T15:13:26.655+0000] {dag.py:3340} INFO - Setting next_dagrun for dataset_produces_1 to 2024-12-02T00:00:00+00:00, run_after=2024-12-03T00:00:00+00:00
[2024-12-03T15:13:26.660+0000] {logging_mixin.py:120} INFO - [2024-12-03T15:13:26.659+0000] {dag.py:3340} INFO - Setting next_dagrun for dataset_produces_2 to None, run_after=None
[2024-12-03T15:13:26.734+0000] {processor.py:176} INFO - Processing /home/airflow/.local/lib/python3.7/site-packages/airflow/example_dags/example_datasets.py took 0.313 seconds
[2024-12-03T15:13:57.151+0000] {processor.py:154} INFO - Started process (PID=786) to work on /home/airflow/.local/lib/python3.7/site-packages/airflow/example_dags/example_datasets.py
[2024-12-03T15:13:57.153+0000] {processor.py:756} INFO - Processing file /home/airflow/.local/lib/python3.7/site-packages/airflow/example_dags/example_datasets.py for tasks to queue
[2024-12-03T15:13:57.155+0000] {logging_mixin.py:120} INFO - [2024-12-03T15:13:57.154+0000] {dagbag.py:537} INFO - Filling up the DagBag from /home/airflow/.local/lib/python3.7/site-packages/airflow/example_dags/example_datasets.py
[2024-12-03T15:13:57.214+0000] {processor.py:766} INFO - DAG(s) dict_keys(['dataset_consumes_1', 'dataset_consumes_1_never_scheduled', 'dataset_consumes_1_and_2', 'dataset_produces_2', 'dataset_produces_1', 'dataset_consumes_unknown_never_scheduled']) retrieved from /home/airflow/.local/lib/python3.7/site-packages/airflow/example_dags/example_datasets.py
[2024-12-03T15:13:57.309+0000] {logging_mixin.py:120} INFO - [2024-12-03T15:13:57.308+0000] {dag.py:2585} INFO - Sync 6 DAGs
[2024-12-03T15:13:57.376+0000] {logging_mixin.py:120} INFO - [2024-12-03T15:13:57.376+0000] {dag.py:3340} INFO - Setting next_dagrun for dataset_consumes_1 to None, run_after=None
[2024-12-03T15:13:57.382+0000] {logging_mixin.py:120} INFO - [2024-12-03T15:13:57.382+0000] {dag.py:3340} INFO - Setting next_dagrun for dataset_consumes_1_and_2 to None, run_after=None
[2024-12-03T15:13:57.385+0000] {logging_mixin.py:120} INFO - [2024-12-03T15:13:57.384+0000] {dag.py:3340} INFO - Setting next_dagrun for dataset_consumes_1_never_scheduled to None, run_after=None
[2024-12-03T15:13:57.388+0000] {logging_mixin.py:120} INFO - [2024-12-03T15:13:57.388+0000] {dag.py:3340} INFO - Setting next_dagrun for dataset_consumes_unknown_never_scheduled to None, run_after=None
[2024-12-03T15:13:57.396+0000] {logging_mixin.py:120} INFO - [2024-12-03T15:13:57.395+0000] {dag.py:3340} INFO - Setting next_dagrun for dataset_produces_1 to 2024-12-02T00:00:00+00:00, run_after=2024-12-03T00:00:00+00:00
[2024-12-03T15:13:57.399+0000] {logging_mixin.py:120} INFO - [2024-12-03T15:13:57.399+0000] {dag.py:3340} INFO - Setting next_dagrun for dataset_produces_2 to None, run_after=None
[2024-12-03T15:13:57.450+0000] {processor.py:176} INFO - Processing /home/airflow/.local/lib/python3.7/site-packages/airflow/example_dags/example_datasets.py took 0.308 seconds
[2024-12-03T15:14:27.601+0000] {processor.py:154} INFO - Started process (PID=841) to work on /home/airflow/.local/lib/python3.7/site-packages/airflow/example_dags/example_datasets.py
[2024-12-03T15:14:27.604+0000] {processor.py:756} INFO - Processing file /home/airflow/.local/lib/python3.7/site-packages/airflow/example_dags/example_datasets.py for tasks to queue
[2024-12-03T15:14:27.605+0000] {logging_mixin.py:120} INFO - [2024-12-03T15:14:27.605+0000] {dagbag.py:537} INFO - Filling up the DagBag from /home/airflow/.local/lib/python3.7/site-packages/airflow/example_dags/example_datasets.py
[2024-12-03T15:14:27.650+0000] {processor.py:766} INFO - DAG(s) dict_keys(['dataset_consumes_1_never_scheduled', 'dataset_consumes_1', 'dataset_consumes_1_and_2', 'dataset_produces_1', 'dataset_consumes_unknown_never_scheduled', 'dataset_produces_2']) retrieved from /home/airflow/.local/lib/python3.7/site-packages/airflow/example_dags/example_datasets.py
[2024-12-03T15:14:27.882+0000] {logging_mixin.py:120} INFO - [2024-12-03T15:14:27.882+0000] {dag.py:2585} INFO - Sync 6 DAGs
[2024-12-03T15:14:27.920+0000] {logging_mixin.py:120} INFO - [2024-12-03T15:14:27.920+0000] {dag.py:3340} INFO - Setting next_dagrun for dataset_consumes_1 to None, run_after=None
[2024-12-03T15:14:27.926+0000] {logging_mixin.py:120} INFO - [2024-12-03T15:14:27.926+0000] {dag.py:3340} INFO - Setting next_dagrun for dataset_consumes_1_and_2 to None, run_after=None
[2024-12-03T15:14:27.929+0000] {logging_mixin.py:120} INFO - [2024-12-03T15:14:27.929+0000] {dag.py:3340} INFO - Setting next_dagrun for dataset_consumes_1_never_scheduled to None, run_after=None
[2024-12-03T15:14:27.934+0000] {logging_mixin.py:120} INFO - [2024-12-03T15:14:27.933+0000] {dag.py:3340} INFO - Setting next_dagrun for dataset_consumes_unknown_never_scheduled to None, run_after=None
[2024-12-03T15:14:27.939+0000] {logging_mixin.py:120} INFO - [2024-12-03T15:14:27.938+0000] {dag.py:3340} INFO - Setting next_dagrun for dataset_produces_1 to 2024-12-02T00:00:00+00:00, run_after=2024-12-03T00:00:00+00:00
[2024-12-03T15:14:27.942+0000] {logging_mixin.py:120} INFO - [2024-12-03T15:14:27.942+0000] {dag.py:3340} INFO - Setting next_dagrun for dataset_produces_2 to None, run_after=None
[2024-12-03T15:14:28.008+0000] {processor.py:176} INFO - Processing /home/airflow/.local/lib/python3.7/site-packages/airflow/example_dags/example_datasets.py took 0.412 seconds
[2024-12-03T15:14:58.215+0000] {processor.py:154} INFO - Started process (PID=896) to work on /home/airflow/.local/lib/python3.7/site-packages/airflow/example_dags/example_datasets.py
[2024-12-03T15:14:58.217+0000] {processor.py:756} INFO - Processing file /home/airflow/.local/lib/python3.7/site-packages/airflow/example_dags/example_datasets.py for tasks to queue
[2024-12-03T15:14:58.219+0000] {logging_mixin.py:120} INFO - [2024-12-03T15:14:58.219+0000] {dagbag.py:537} INFO - Filling up the DagBag from /home/airflow/.local/lib/python3.7/site-packages/airflow/example_dags/example_datasets.py
[2024-12-03T15:14:58.252+0000] {processor.py:766} INFO - DAG(s) dict_keys(['dataset_consumes_unknown_never_scheduled', 'dataset_produces_1', 'dataset_produces_2', 'dataset_consumes_1', 'dataset_consumes_1_never_scheduled', 'dataset_consumes_1_and_2']) retrieved from /home/airflow/.local/lib/python3.7/site-packages/airflow/example_dags/example_datasets.py
[2024-12-03T15:14:58.366+0000] {logging_mixin.py:120} INFO - [2024-12-03T15:14:58.366+0000] {dag.py:2585} INFO - Sync 6 DAGs
[2024-12-03T15:14:58.412+0000] {logging_mixin.py:120} INFO - [2024-12-03T15:14:58.412+0000] {dag.py:3340} INFO - Setting next_dagrun for dataset_consumes_1 to None, run_after=None
[2024-12-03T15:14:58.422+0000] {logging_mixin.py:120} INFO - [2024-12-03T15:14:58.422+0000] {dag.py:3340} INFO - Setting next_dagrun for dataset_consumes_1_and_2 to None, run_after=None
[2024-12-03T15:14:58.426+0000] {logging_mixin.py:120} INFO - [2024-12-03T15:14:58.426+0000] {dag.py:3340} INFO - Setting next_dagrun for dataset_consumes_1_never_scheduled to None, run_after=None
[2024-12-03T15:14:58.429+0000] {logging_mixin.py:120} INFO - [2024-12-03T15:14:58.429+0000] {dag.py:3340} INFO - Setting next_dagrun for dataset_consumes_unknown_never_scheduled to None, run_after=None
[2024-12-03T15:14:58.435+0000] {logging_mixin.py:120} INFO - [2024-12-03T15:14:58.434+0000] {dag.py:3340} INFO - Setting next_dagrun for dataset_produces_1 to 2024-12-02T00:00:00+00:00, run_after=2024-12-03T00:00:00+00:00
[2024-12-03T15:14:58.439+0000] {logging_mixin.py:120} INFO - [2024-12-03T15:14:58.439+0000] {dag.py:3340} INFO - Setting next_dagrun for dataset_produces_2 to None, run_after=None
[2024-12-03T15:14:58.502+0000] {processor.py:176} INFO - Processing /home/airflow/.local/lib/python3.7/site-packages/airflow/example_dags/example_datasets.py took 0.291 seconds
[2024-12-03T15:15:28.787+0000] {processor.py:154} INFO - Started process (PID=961) to work on /home/airflow/.local/lib/python3.7/site-packages/airflow/example_dags/example_datasets.py
[2024-12-03T15:15:28.788+0000] {processor.py:756} INFO - Processing file /home/airflow/.local/lib/python3.7/site-packages/airflow/example_dags/example_datasets.py for tasks to queue
[2024-12-03T15:15:28.790+0000] {logging_mixin.py:120} INFO - [2024-12-03T15:15:28.790+0000] {dagbag.py:537} INFO - Filling up the DagBag from /home/airflow/.local/lib/python3.7/site-packages/airflow/example_dags/example_datasets.py
[2024-12-03T15:15:28.823+0000] {processor.py:766} INFO - DAG(s) dict_keys(['dataset_consumes_unknown_never_scheduled', 'dataset_consumes_1_never_scheduled', 'dataset_consumes_1_and_2', 'dataset_consumes_1', 'dataset_produces_1', 'dataset_produces_2']) retrieved from /home/airflow/.local/lib/python3.7/site-packages/airflow/example_dags/example_datasets.py
[2024-12-03T15:15:28.987+0000] {logging_mixin.py:120} INFO - [2024-12-03T15:15:28.987+0000] {dag.py:2585} INFO - Sync 6 DAGs
[2024-12-03T15:15:29.050+0000] {logging_mixin.py:120} INFO - [2024-12-03T15:15:29.050+0000] {dag.py:3340} INFO - Setting next_dagrun for dataset_consumes_1 to None, run_after=None
[2024-12-03T15:15:29.060+0000] {logging_mixin.py:120} INFO - [2024-12-03T15:15:29.060+0000] {dag.py:3340} INFO - Setting next_dagrun for dataset_consumes_1_and_2 to None, run_after=None
[2024-12-03T15:15:29.064+0000] {logging_mixin.py:120} INFO - [2024-12-03T15:15:29.063+0000] {dag.py:3340} INFO - Setting next_dagrun for dataset_consumes_1_never_scheduled to None, run_after=None
[2024-12-03T15:15:29.067+0000] {logging_mixin.py:120} INFO - [2024-12-03T15:15:29.067+0000] {dag.py:3340} INFO - Setting next_dagrun for dataset_consumes_unknown_never_scheduled to None, run_after=None
[2024-12-03T15:15:29.074+0000] {logging_mixin.py:120} INFO - [2024-12-03T15:15:29.074+0000] {dag.py:3340} INFO - Setting next_dagrun for dataset_produces_1 to 2024-12-02T00:00:00+00:00, run_after=2024-12-03T00:00:00+00:00
[2024-12-03T15:15:29.081+0000] {logging_mixin.py:120} INFO - [2024-12-03T15:15:29.080+0000] {dag.py:3340} INFO - Setting next_dagrun for dataset_produces_2 to None, run_after=None
[2024-12-03T15:15:29.182+0000] {processor.py:176} INFO - Processing /home/airflow/.local/lib/python3.7/site-packages/airflow/example_dags/example_datasets.py took 0.400 seconds
[2024-12-03T15:15:59.660+0000] {processor.py:154} INFO - Started process (PID=1017) to work on /home/airflow/.local/lib/python3.7/site-packages/airflow/example_dags/example_datasets.py
[2024-12-03T15:15:59.662+0000] {processor.py:756} INFO - Processing file /home/airflow/.local/lib/python3.7/site-packages/airflow/example_dags/example_datasets.py for tasks to queue
[2024-12-03T15:15:59.663+0000] {logging_mixin.py:120} INFO - [2024-12-03T15:15:59.663+0000] {dagbag.py:537} INFO - Filling up the DagBag from /home/airflow/.local/lib/python3.7/site-packages/airflow/example_dags/example_datasets.py
[2024-12-03T15:15:59.689+0000] {processor.py:766} INFO - DAG(s) dict_keys(['dataset_consumes_1_and_2', 'dataset_consumes_1_never_scheduled', 'dataset_produces_1', 'dataset_produces_2', 'dataset_consumes_unknown_never_scheduled', 'dataset_consumes_1']) retrieved from /home/airflow/.local/lib/python3.7/site-packages/airflow/example_dags/example_datasets.py
[2024-12-03T15:15:59.801+0000] {logging_mixin.py:120} INFO - [2024-12-03T15:15:59.800+0000] {dag.py:2585} INFO - Sync 6 DAGs
[2024-12-03T15:15:59.850+0000] {logging_mixin.py:120} INFO - [2024-12-03T15:15:59.850+0000] {dag.py:3340} INFO - Setting next_dagrun for dataset_consumes_1 to None, run_after=None
[2024-12-03T15:15:59.857+0000] {logging_mixin.py:120} INFO - [2024-12-03T15:15:59.857+0000] {dag.py:3340} INFO - Setting next_dagrun for dataset_consumes_1_and_2 to None, run_after=None
[2024-12-03T15:15:59.860+0000] {logging_mixin.py:120} INFO - [2024-12-03T15:15:59.860+0000] {dag.py:3340} INFO - Setting next_dagrun for dataset_consumes_1_never_scheduled to None, run_after=None
[2024-12-03T15:15:59.864+0000] {logging_mixin.py:120} INFO - [2024-12-03T15:15:59.863+0000] {dag.py:3340} INFO - Setting next_dagrun for dataset_consumes_unknown_never_scheduled to None, run_after=None
[2024-12-03T15:15:59.869+0000] {logging_mixin.py:120} INFO - [2024-12-03T15:15:59.869+0000] {dag.py:3340} INFO - Setting next_dagrun for dataset_produces_1 to 2024-12-02T00:00:00+00:00, run_after=2024-12-03T00:00:00+00:00
[2024-12-03T15:15:59.873+0000] {logging_mixin.py:120} INFO - [2024-12-03T15:15:59.872+0000] {dag.py:3340} INFO - Setting next_dagrun for dataset_produces_2 to None, run_after=None
[2024-12-03T15:15:59.942+0000] {processor.py:176} INFO - Processing /home/airflow/.local/lib/python3.7/site-packages/airflow/example_dags/example_datasets.py took 0.288 seconds
[2024-12-03T15:16:30.151+0000] {processor.py:154} INFO - Started process (PID=1073) to work on /home/airflow/.local/lib/python3.7/site-packages/airflow/example_dags/example_datasets.py
[2024-12-03T15:16:30.157+0000] {processor.py:756} INFO - Processing file /home/airflow/.local/lib/python3.7/site-packages/airflow/example_dags/example_datasets.py for tasks to queue
[2024-12-03T15:16:30.159+0000] {logging_mixin.py:120} INFO - [2024-12-03T15:16:30.159+0000] {dagbag.py:537} INFO - Filling up the DagBag from /home/airflow/.local/lib/python3.7/site-packages/airflow/example_dags/example_datasets.py
[2024-12-03T15:16:30.215+0000] {processor.py:766} INFO - DAG(s) dict_keys(['dataset_consumes_1_never_scheduled', 'dataset_consumes_unknown_never_scheduled', 'dataset_consumes_1', 'dataset_produces_2', 'dataset_produces_1', 'dataset_consumes_1_and_2']) retrieved from /home/airflow/.local/lib/python3.7/site-packages/airflow/example_dags/example_datasets.py
[2024-12-03T15:16:30.370+0000] {logging_mixin.py:120} INFO - [2024-12-03T15:16:30.370+0000] {dag.py:2585} INFO - Sync 6 DAGs
[2024-12-03T15:16:30.502+0000] {logging_mixin.py:120} INFO - [2024-12-03T15:16:30.502+0000] {dag.py:3340} INFO - Setting next_dagrun for dataset_consumes_1 to None, run_after=None
[2024-12-03T15:16:30.510+0000] {logging_mixin.py:120} INFO - [2024-12-03T15:16:30.510+0000] {dag.py:3340} INFO - Setting next_dagrun for dataset_consumes_1_and_2 to None, run_after=None
[2024-12-03T15:16:30.514+0000] {logging_mixin.py:120} INFO - [2024-12-03T15:16:30.514+0000] {dag.py:3340} INFO - Setting next_dagrun for dataset_consumes_1_never_scheduled to None, run_after=None
[2024-12-03T15:16:30.519+0000] {logging_mixin.py:120} INFO - [2024-12-03T15:16:30.519+0000] {dag.py:3340} INFO - Setting next_dagrun for dataset_consumes_unknown_never_scheduled to None, run_after=None
[2024-12-03T15:16:30.525+0000] {logging_mixin.py:120} INFO - [2024-12-03T15:16:30.525+0000] {dag.py:3340} INFO - Setting next_dagrun for dataset_produces_1 to 2024-12-02T00:00:00+00:00, run_after=2024-12-03T00:00:00+00:00
[2024-12-03T15:16:30.532+0000] {logging_mixin.py:120} INFO - [2024-12-03T15:16:30.531+0000] {dag.py:3340} INFO - Setting next_dagrun for dataset_produces_2 to None, run_after=None
[2024-12-03T15:16:30.597+0000] {processor.py:176} INFO - Processing /home/airflow/.local/lib/python3.7/site-packages/airflow/example_dags/example_datasets.py took 0.460 seconds
[2024-12-03T15:17:00.858+0000] {processor.py:154} INFO - Started process (PID=1138) to work on /home/airflow/.local/lib/python3.7/site-packages/airflow/example_dags/example_datasets.py
[2024-12-03T15:17:00.859+0000] {processor.py:756} INFO - Processing file /home/airflow/.local/lib/python3.7/site-packages/airflow/example_dags/example_datasets.py for tasks to queue
[2024-12-03T15:17:00.861+0000] {logging_mixin.py:120} INFO - [2024-12-03T15:17:00.860+0000] {dagbag.py:537} INFO - Filling up the DagBag from /home/airflow/.local/lib/python3.7/site-packages/airflow/example_dags/example_datasets.py
[2024-12-03T15:17:00.895+0000] {processor.py:766} INFO - DAG(s) dict_keys(['dataset_produces_2', 'dataset_consumes_1_and_2', 'dataset_consumes_unknown_never_scheduled', 'dataset_produces_1', 'dataset_consumes_1', 'dataset_consumes_1_never_scheduled']) retrieved from /home/airflow/.local/lib/python3.7/site-packages/airflow/example_dags/example_datasets.py
[2024-12-03T15:17:00.954+0000] {logging_mixin.py:120} INFO - [2024-12-03T15:17:00.954+0000] {dag.py:2585} INFO - Sync 6 DAGs
[2024-12-03T15:17:00.994+0000] {logging_mixin.py:120} INFO - [2024-12-03T15:17:00.994+0000] {dag.py:3340} INFO - Setting next_dagrun for dataset_consumes_1 to None, run_after=None
[2024-12-03T15:17:01.002+0000] {logging_mixin.py:120} INFO - [2024-12-03T15:17:01.001+0000] {dag.py:3340} INFO - Setting next_dagrun for dataset_consumes_1_and_2 to None, run_after=None
[2024-12-03T15:17:01.005+0000] {logging_mixin.py:120} INFO - [2024-12-03T15:17:01.005+0000] {dag.py:3340} INFO - Setting next_dagrun for dataset_consumes_1_never_scheduled to None, run_after=None
[2024-12-03T15:17:01.008+0000] {logging_mixin.py:120} INFO - [2024-12-03T15:17:01.008+0000] {dag.py:3340} INFO - Setting next_dagrun for dataset_consumes_unknown_never_scheduled to None, run_after=None
[2024-12-03T15:17:01.012+0000] {logging_mixin.py:120} INFO - [2024-12-03T15:17:01.012+0000] {dag.py:3340} INFO - Setting next_dagrun for dataset_produces_1 to 2024-12-02T00:00:00+00:00, run_after=2024-12-03T00:00:00+00:00
[2024-12-03T15:17:01.015+0000] {logging_mixin.py:120} INFO - [2024-12-03T15:17:01.015+0000] {dag.py:3340} INFO - Setting next_dagrun for dataset_produces_2 to None, run_after=None
[2024-12-03T15:17:01.072+0000] {processor.py:176} INFO - Processing /home/airflow/.local/lib/python3.7/site-packages/airflow/example_dags/example_datasets.py took 0.218 seconds
[2024-12-03T15:17:58.920+0000] {processor.py:154} INFO - Started process (PID=68) to work on /home/airflow/.local/lib/python3.7/site-packages/airflow/example_dags/example_datasets.py
[2024-12-03T15:17:58.923+0000] {processor.py:756} INFO - Processing file /home/airflow/.local/lib/python3.7/site-packages/airflow/example_dags/example_datasets.py for tasks to queue
[2024-12-03T15:17:58.927+0000] {logging_mixin.py:120} INFO - [2024-12-03T15:17:58.926+0000] {dagbag.py:537} INFO - Filling up the DagBag from /home/airflow/.local/lib/python3.7/site-packages/airflow/example_dags/example_datasets.py
[2024-12-03T15:17:58.959+0000] {processor.py:766} INFO - DAG(s) dict_keys(['dataset_consumes_1_and_2', 'dataset_consumes_unknown_never_scheduled', 'dataset_consumes_1_never_scheduled', 'dataset_produces_2', 'dataset_produces_1', 'dataset_consumes_1']) retrieved from /home/airflow/.local/lib/python3.7/site-packages/airflow/example_dags/example_datasets.py
[2024-12-03T15:17:59.162+0000] {logging_mixin.py:120} INFO - [2024-12-03T15:17:59.162+0000] {dag.py:2585} INFO - Sync 6 DAGs
[2024-12-03T15:17:59.194+0000] {logging_mixin.py:120} INFO - [2024-12-03T15:17:59.194+0000] {dag.py:3340} INFO - Setting next_dagrun for dataset_consumes_1 to None, run_after=None
[2024-12-03T15:17:59.201+0000] {logging_mixin.py:120} INFO - [2024-12-03T15:17:59.201+0000] {dag.py:3340} INFO - Setting next_dagrun for dataset_consumes_1_and_2 to None, run_after=None
[2024-12-03T15:17:59.205+0000] {logging_mixin.py:120} INFO - [2024-12-03T15:17:59.205+0000] {dag.py:3340} INFO - Setting next_dagrun for dataset_consumes_1_never_scheduled to None, run_after=None
[2024-12-03T15:17:59.210+0000] {logging_mixin.py:120} INFO - [2024-12-03T15:17:59.210+0000] {dag.py:3340} INFO - Setting next_dagrun for dataset_consumes_unknown_never_scheduled to None, run_after=None
[2024-12-03T15:17:59.216+0000] {logging_mixin.py:120} INFO - [2024-12-03T15:17:59.215+0000] {dag.py:3340} INFO - Setting next_dagrun for dataset_produces_1 to 2024-12-02T00:00:00+00:00, run_after=2024-12-03T00:00:00+00:00
[2024-12-03T15:17:59.219+0000] {logging_mixin.py:120} INFO - [2024-12-03T15:17:59.219+0000] {dag.py:3340} INFO - Setting next_dagrun for dataset_produces_2 to None, run_after=None
[2024-12-03T15:17:59.293+0000] {processor.py:176} INFO - Processing /home/airflow/.local/lib/python3.7/site-packages/airflow/example_dags/example_datasets.py took 0.377 seconds
[2024-12-03T15:18:30.435+0000] {processor.py:154} INFO - Started process (PID=132) to work on /home/airflow/.local/lib/python3.7/site-packages/airflow/example_dags/example_datasets.py
[2024-12-03T15:18:30.438+0000] {processor.py:756} INFO - Processing file /home/airflow/.local/lib/python3.7/site-packages/airflow/example_dags/example_datasets.py for tasks to queue
[2024-12-03T15:18:30.441+0000] {logging_mixin.py:120} INFO - [2024-12-03T15:18:30.440+0000] {dagbag.py:537} INFO - Filling up the DagBag from /home/airflow/.local/lib/python3.7/site-packages/airflow/example_dags/example_datasets.py
[2024-12-03T15:18:30.486+0000] {processor.py:766} INFO - DAG(s) dict_keys(['dataset_consumes_1', 'dataset_produces_1', 'dataset_consumes_unknown_never_scheduled', 'dataset_consumes_1_and_2', 'dataset_consumes_1_never_scheduled', 'dataset_produces_2']) retrieved from /home/airflow/.local/lib/python3.7/site-packages/airflow/example_dags/example_datasets.py
[2024-12-03T15:18:30.614+0000] {logging_mixin.py:120} INFO - [2024-12-03T15:18:30.614+0000] {dag.py:2585} INFO - Sync 6 DAGs
[2024-12-03T15:18:30.674+0000] {logging_mixin.py:120} INFO - [2024-12-03T15:18:30.674+0000] {dag.py:3340} INFO - Setting next_dagrun for dataset_consumes_1 to None, run_after=None
[2024-12-03T15:18:30.683+0000] {logging_mixin.py:120} INFO - [2024-12-03T15:18:30.682+0000] {dag.py:3340} INFO - Setting next_dagrun for dataset_consumes_1_and_2 to None, run_after=None
[2024-12-03T15:18:30.688+0000] {logging_mixin.py:120} INFO - [2024-12-03T15:18:30.687+0000] {dag.py:3340} INFO - Setting next_dagrun for dataset_consumes_1_never_scheduled to None, run_after=None
[2024-12-03T15:18:30.693+0000] {logging_mixin.py:120} INFO - [2024-12-03T15:18:30.692+0000] {dag.py:3340} INFO - Setting next_dagrun for dataset_consumes_unknown_never_scheduled to None, run_after=None
[2024-12-03T15:18:30.698+0000] {logging_mixin.py:120} INFO - [2024-12-03T15:18:30.697+0000] {dag.py:3340} INFO - Setting next_dagrun for dataset_produces_1 to 2024-12-02T00:00:00+00:00, run_after=2024-12-03T00:00:00+00:00
[2024-12-03T15:18:30.701+0000] {logging_mixin.py:120} INFO - [2024-12-03T15:18:30.701+0000] {dag.py:3340} INFO - Setting next_dagrun for dataset_produces_2 to None, run_after=None
[2024-12-03T15:18:30.768+0000] {processor.py:176} INFO - Processing /home/airflow/.local/lib/python3.7/site-packages/airflow/example_dags/example_datasets.py took 0.339 seconds
[2024-12-03T15:19:01.111+0000] {processor.py:154} INFO - Started process (PID=190) to work on /home/airflow/.local/lib/python3.7/site-packages/airflow/example_dags/example_datasets.py
[2024-12-03T15:19:01.113+0000] {processor.py:756} INFO - Processing file /home/airflow/.local/lib/python3.7/site-packages/airflow/example_dags/example_datasets.py for tasks to queue
[2024-12-03T15:19:01.115+0000] {logging_mixin.py:120} INFO - [2024-12-03T15:19:01.114+0000] {dagbag.py:537} INFO - Filling up the DagBag from /home/airflow/.local/lib/python3.7/site-packages/airflow/example_dags/example_datasets.py
[2024-12-03T15:19:01.147+0000] {processor.py:766} INFO - DAG(s) dict_keys(['dataset_consumes_1_never_scheduled', 'dataset_produces_1', 'dataset_consumes_unknown_never_scheduled', 'dataset_consumes_1', 'dataset_produces_2', 'dataset_consumes_1_and_2']) retrieved from /home/airflow/.local/lib/python3.7/site-packages/airflow/example_dags/example_datasets.py
[2024-12-03T15:19:01.255+0000] {logging_mixin.py:120} INFO - [2024-12-03T15:19:01.254+0000] {dag.py:2585} INFO - Sync 6 DAGs
[2024-12-03T15:19:01.294+0000] {logging_mixin.py:120} INFO - [2024-12-03T15:19:01.294+0000] {dag.py:3340} INFO - Setting next_dagrun for dataset_consumes_1 to None, run_after=None
[2024-12-03T15:19:01.300+0000] {logging_mixin.py:120} INFO - [2024-12-03T15:19:01.300+0000] {dag.py:3340} INFO - Setting next_dagrun for dataset_consumes_1_and_2 to None, run_after=None
[2024-12-03T15:19:01.303+0000] {logging_mixin.py:120} INFO - [2024-12-03T15:19:01.303+0000] {dag.py:3340} INFO - Setting next_dagrun for dataset_consumes_1_never_scheduled to None, run_after=None
[2024-12-03T15:19:01.307+0000] {logging_mixin.py:120} INFO - [2024-12-03T15:19:01.306+0000] {dag.py:3340} INFO - Setting next_dagrun for dataset_consumes_unknown_never_scheduled to None, run_after=None
[2024-12-03T15:19:01.311+0000] {logging_mixin.py:120} INFO - [2024-12-03T15:19:01.311+0000] {dag.py:3340} INFO - Setting next_dagrun for dataset_produces_1 to 2024-12-02T00:00:00+00:00, run_after=2024-12-03T00:00:00+00:00
[2024-12-03T15:19:01.314+0000] {logging_mixin.py:120} INFO - [2024-12-03T15:19:01.314+0000] {dag.py:3340} INFO - Setting next_dagrun for dataset_produces_2 to None, run_after=None
[2024-12-03T15:19:01.386+0000] {processor.py:176} INFO - Processing /home/airflow/.local/lib/python3.7/site-packages/airflow/example_dags/example_datasets.py took 0.278 seconds
[2024-12-03T15:19:31.450+0000] {processor.py:154} INFO - Started process (PID=253) to work on /home/airflow/.local/lib/python3.7/site-packages/airflow/example_dags/example_datasets.py
[2024-12-03T15:19:31.452+0000] {processor.py:756} INFO - Processing file /home/airflow/.local/lib/python3.7/site-packages/airflow/example_dags/example_datasets.py for tasks to queue
[2024-12-03T15:19:31.454+0000] {logging_mixin.py:120} INFO - [2024-12-03T15:19:31.454+0000] {dagbag.py:537} INFO - Filling up the DagBag from /home/airflow/.local/lib/python3.7/site-packages/airflow/example_dags/example_datasets.py
[2024-12-03T15:19:31.486+0000] {processor.py:766} INFO - DAG(s) dict_keys(['dataset_consumes_1_and_2', 'dataset_produces_1', 'dataset_consumes_unknown_never_scheduled', 'dataset_consumes_1', 'dataset_consumes_1_never_scheduled', 'dataset_produces_2']) retrieved from /home/airflow/.local/lib/python3.7/site-packages/airflow/example_dags/example_datasets.py
[2024-12-03T15:19:31.630+0000] {logging_mixin.py:120} INFO - [2024-12-03T15:19:31.630+0000] {dag.py:2585} INFO - Sync 6 DAGs
[2024-12-03T15:19:31.680+0000] {logging_mixin.py:120} INFO - [2024-12-03T15:19:31.680+0000] {dag.py:3340} INFO - Setting next_dagrun for dataset_consumes_1 to None, run_after=None
[2024-12-03T15:19:31.688+0000] {logging_mixin.py:120} INFO - [2024-12-03T15:19:31.688+0000] {dag.py:3340} INFO - Setting next_dagrun for dataset_consumes_1_and_2 to None, run_after=None
[2024-12-03T15:19:31.691+0000] {logging_mixin.py:120} INFO - [2024-12-03T15:19:31.691+0000] {dag.py:3340} INFO - Setting next_dagrun for dataset_consumes_1_never_scheduled to None, run_after=None
[2024-12-03T15:19:31.695+0000] {logging_mixin.py:120} INFO - [2024-12-03T15:19:31.695+0000] {dag.py:3340} INFO - Setting next_dagrun for dataset_consumes_unknown_never_scheduled to None, run_after=None
[2024-12-03T15:19:31.702+0000] {logging_mixin.py:120} INFO - [2024-12-03T15:19:31.701+0000] {dag.py:3340} INFO - Setting next_dagrun for dataset_produces_1 to 2024-12-02T00:00:00+00:00, run_after=2024-12-03T00:00:00+00:00
[2024-12-03T15:19:31.707+0000] {logging_mixin.py:120} INFO - [2024-12-03T15:19:31.707+0000] {dag.py:3340} INFO - Setting next_dagrun for dataset_produces_2 to None, run_after=None
[2024-12-03T15:19:31.802+0000] {processor.py:176} INFO - Processing /home/airflow/.local/lib/python3.7/site-packages/airflow/example_dags/example_datasets.py took 0.358 seconds
[2024-12-03T15:20:02.249+0000] {processor.py:154} INFO - Started process (PID=308) to work on /home/airflow/.local/lib/python3.7/site-packages/airflow/example_dags/example_datasets.py
[2024-12-03T15:20:02.251+0000] {processor.py:756} INFO - Processing file /home/airflow/.local/lib/python3.7/site-packages/airflow/example_dags/example_datasets.py for tasks to queue
[2024-12-03T15:20:02.252+0000] {logging_mixin.py:120} INFO - [2024-12-03T15:20:02.252+0000] {dagbag.py:537} INFO - Filling up the DagBag from /home/airflow/.local/lib/python3.7/site-packages/airflow/example_dags/example_datasets.py
[2024-12-03T15:20:02.277+0000] {processor.py:766} INFO - DAG(s) dict_keys(['dataset_consumes_unknown_never_scheduled', 'dataset_produces_2', 'dataset_consumes_1', 'dataset_consumes_1_and_2', 'dataset_produces_1', 'dataset_consumes_1_never_scheduled']) retrieved from /home/airflow/.local/lib/python3.7/site-packages/airflow/example_dags/example_datasets.py
[2024-12-03T15:20:02.374+0000] {logging_mixin.py:120} INFO - [2024-12-03T15:20:02.373+0000] {dag.py:2585} INFO - Sync 6 DAGs
[2024-12-03T15:20:02.422+0000] {logging_mixin.py:120} INFO - [2024-12-03T15:20:02.422+0000] {dag.py:3340} INFO - Setting next_dagrun for dataset_consumes_1 to None, run_after=None
[2024-12-03T15:20:02.427+0000] {logging_mixin.py:120} INFO - [2024-12-03T15:20:02.427+0000] {dag.py:3340} INFO - Setting next_dagrun for dataset_consumes_1_and_2 to None, run_after=None
[2024-12-03T15:20:02.430+0000] {logging_mixin.py:120} INFO - [2024-12-03T15:20:02.430+0000] {dag.py:3340} INFO - Setting next_dagrun for dataset_consumes_1_never_scheduled to None, run_after=None
[2024-12-03T15:20:02.433+0000] {logging_mixin.py:120} INFO - [2024-12-03T15:20:02.433+0000] {dag.py:3340} INFO - Setting next_dagrun for dataset_consumes_unknown_never_scheduled to None, run_after=None
[2024-12-03T15:20:02.438+0000] {logging_mixin.py:120} INFO - [2024-12-03T15:20:02.438+0000] {dag.py:3340} INFO - Setting next_dagrun for dataset_produces_1 to 2024-12-02T00:00:00+00:00, run_after=2024-12-03T00:00:00+00:00
[2024-12-03T15:20:02.442+0000] {logging_mixin.py:120} INFO - [2024-12-03T15:20:02.442+0000] {dag.py:3340} INFO - Setting next_dagrun for dataset_produces_2 to None, run_after=None
[2024-12-03T15:20:02.493+0000] {processor.py:176} INFO - Processing /home/airflow/.local/lib/python3.7/site-packages/airflow/example_dags/example_datasets.py took 0.247 seconds
[2024-12-03T15:20:33.673+0000] {processor.py:154} INFO - Started process (PID=363) to work on /home/airflow/.local/lib/python3.7/site-packages/airflow/example_dags/example_datasets.py
[2024-12-03T15:20:33.677+0000] {processor.py:756} INFO - Processing file /home/airflow/.local/lib/python3.7/site-packages/airflow/example_dags/example_datasets.py for tasks to queue
[2024-12-03T15:20:33.680+0000] {logging_mixin.py:120} INFO - [2024-12-03T15:20:33.679+0000] {dagbag.py:537} INFO - Filling up the DagBag from /home/airflow/.local/lib/python3.7/site-packages/airflow/example_dags/example_datasets.py
[2024-12-03T15:20:33.714+0000] {processor.py:766} INFO - DAG(s) dict_keys(['dataset_produces_2', 'dataset_consumes_1', 'dataset_consumes_1_never_scheduled', 'dataset_consumes_1_and_2', 'dataset_produces_1', 'dataset_consumes_unknown_never_scheduled']) retrieved from /home/airflow/.local/lib/python3.7/site-packages/airflow/example_dags/example_datasets.py
[2024-12-03T15:20:33.828+0000] {logging_mixin.py:120} INFO - [2024-12-03T15:20:33.827+0000] {dag.py:2585} INFO - Sync 6 DAGs
[2024-12-03T15:20:33.887+0000] {logging_mixin.py:120} INFO - [2024-12-03T15:20:33.887+0000] {dag.py:3340} INFO - Setting next_dagrun for dataset_consumes_1 to None, run_after=None
[2024-12-03T15:20:33.894+0000] {logging_mixin.py:120} INFO - [2024-12-03T15:20:33.893+0000] {dag.py:3340} INFO - Setting next_dagrun for dataset_consumes_1_and_2 to None, run_after=None
[2024-12-03T15:20:33.897+0000] {logging_mixin.py:120} INFO - [2024-12-03T15:20:33.896+0000] {dag.py:3340} INFO - Setting next_dagrun for dataset_consumes_1_never_scheduled to None, run_after=None
[2024-12-03T15:20:33.901+0000] {logging_mixin.py:120} INFO - [2024-12-03T15:20:33.900+0000] {dag.py:3340} INFO - Setting next_dagrun for dataset_consumes_unknown_never_scheduled to None, run_after=None
[2024-12-03T15:20:33.911+0000] {logging_mixin.py:120} INFO - [2024-12-03T15:20:33.910+0000] {dag.py:3340} INFO - Setting next_dagrun for dataset_produces_1 to 2024-12-02T00:00:00+00:00, run_after=2024-12-03T00:00:00+00:00
[2024-12-03T15:20:33.914+0000] {logging_mixin.py:120} INFO - [2024-12-03T15:20:33.914+0000] {dag.py:3340} INFO - Setting next_dagrun for dataset_produces_2 to None, run_after=None
[2024-12-03T15:20:34.001+0000] {processor.py:176} INFO - Processing /home/airflow/.local/lib/python3.7/site-packages/airflow/example_dags/example_datasets.py took 0.336 seconds
[2024-12-03T15:21:04.080+0000] {processor.py:154} INFO - Started process (PID=428) to work on /home/airflow/.local/lib/python3.7/site-packages/airflow/example_dags/example_datasets.py
[2024-12-03T15:21:04.082+0000] {processor.py:756} INFO - Processing file /home/airflow/.local/lib/python3.7/site-packages/airflow/example_dags/example_datasets.py for tasks to queue
[2024-12-03T15:21:04.084+0000] {logging_mixin.py:120} INFO - [2024-12-03T15:21:04.084+0000] {dagbag.py:537} INFO - Filling up the DagBag from /home/airflow/.local/lib/python3.7/site-packages/airflow/example_dags/example_datasets.py
[2024-12-03T15:21:04.121+0000] {processor.py:766} INFO - DAG(s) dict_keys(['dataset_produces_2', 'dataset_produces_1', 'dataset_consumes_1_and_2', 'dataset_consumes_1_never_scheduled', 'dataset_consumes_1', 'dataset_consumes_unknown_never_scheduled']) retrieved from /home/airflow/.local/lib/python3.7/site-packages/airflow/example_dags/example_datasets.py
[2024-12-03T15:21:04.253+0000] {logging_mixin.py:120} INFO - [2024-12-03T15:21:04.252+0000] {dag.py:2585} INFO - Sync 6 DAGs
[2024-12-03T15:21:04.299+0000] {logging_mixin.py:120} INFO - [2024-12-03T15:21:04.299+0000] {dag.py:3340} INFO - Setting next_dagrun for dataset_consumes_1 to None, run_after=None
[2024-12-03T15:21:04.307+0000] {logging_mixin.py:120} INFO - [2024-12-03T15:21:04.307+0000] {dag.py:3340} INFO - Setting next_dagrun for dataset_consumes_1_and_2 to None, run_after=None
[2024-12-03T15:21:04.311+0000] {logging_mixin.py:120} INFO - [2024-12-03T15:21:04.310+0000] {dag.py:3340} INFO - Setting next_dagrun for dataset_consumes_1_never_scheduled to None, run_after=None
[2024-12-03T15:21:04.315+0000] {logging_mixin.py:120} INFO - [2024-12-03T15:21:04.314+0000] {dag.py:3340} INFO - Setting next_dagrun for dataset_consumes_unknown_never_scheduled to None, run_after=None
[2024-12-03T15:21:04.322+0000] {logging_mixin.py:120} INFO - [2024-12-03T15:21:04.321+0000] {dag.py:3340} INFO - Setting next_dagrun for dataset_produces_1 to 2024-12-02T00:00:00+00:00, run_after=2024-12-03T00:00:00+00:00
[2024-12-03T15:21:04.326+0000] {logging_mixin.py:120} INFO - [2024-12-03T15:21:04.326+0000] {dag.py:3340} INFO - Setting next_dagrun for dataset_produces_2 to None, run_after=None
[2024-12-03T15:21:04.430+0000] {processor.py:176} INFO - Processing /home/airflow/.local/lib/python3.7/site-packages/airflow/example_dags/example_datasets.py took 0.353 seconds
[2024-12-03T15:21:36.016+0000] {processor.py:154} INFO - Started process (PID=484) to work on /home/airflow/.local/lib/python3.7/site-packages/airflow/example_dags/example_datasets.py
[2024-12-03T15:21:36.018+0000] {processor.py:756} INFO - Processing file /home/airflow/.local/lib/python3.7/site-packages/airflow/example_dags/example_datasets.py for tasks to queue
[2024-12-03T15:21:36.021+0000] {logging_mixin.py:120} INFO - [2024-12-03T15:21:36.020+0000] {dagbag.py:537} INFO - Filling up the DagBag from /home/airflow/.local/lib/python3.7/site-packages/airflow/example_dags/example_datasets.py
[2024-12-03T15:21:36.100+0000] {processor.py:766} INFO - DAG(s) dict_keys(['dataset_produces_1', 'dataset_consumes_1_never_scheduled', 'dataset_produces_2', 'dataset_consumes_1', 'dataset_consumes_1_and_2', 'dataset_consumes_unknown_never_scheduled']) retrieved from /home/airflow/.local/lib/python3.7/site-packages/airflow/example_dags/example_datasets.py
[2024-12-03T15:21:36.314+0000] {logging_mixin.py:120} INFO - [2024-12-03T15:21:36.314+0000] {dag.py:2585} INFO - Sync 6 DAGs
[2024-12-03T15:21:36.411+0000] {logging_mixin.py:120} INFO - [2024-12-03T15:21:36.411+0000] {dag.py:3340} INFO - Setting next_dagrun for dataset_consumes_1 to None, run_after=None
[2024-12-03T15:21:36.419+0000] {logging_mixin.py:120} INFO - [2024-12-03T15:21:36.419+0000] {dag.py:3340} INFO - Setting next_dagrun for dataset_consumes_1_and_2 to None, run_after=None
[2024-12-03T15:21:36.423+0000] {logging_mixin.py:120} INFO - [2024-12-03T15:21:36.423+0000] {dag.py:3340} INFO - Setting next_dagrun for dataset_consumes_1_never_scheduled to None, run_after=None
[2024-12-03T15:21:36.426+0000] {logging_mixin.py:120} INFO - [2024-12-03T15:21:36.426+0000] {dag.py:3340} INFO - Setting next_dagrun for dataset_consumes_unknown_never_scheduled to None, run_after=None
[2024-12-03T15:21:36.434+0000] {logging_mixin.py:120} INFO - [2024-12-03T15:21:36.434+0000] {dag.py:3340} INFO - Setting next_dagrun for dataset_produces_1 to 2024-12-02T00:00:00+00:00, run_after=2024-12-03T00:00:00+00:00
[2024-12-03T15:21:36.440+0000] {logging_mixin.py:120} INFO - [2024-12-03T15:21:36.439+0000] {dag.py:3340} INFO - Setting next_dagrun for dataset_produces_2 to None, run_after=None
[2024-12-03T15:21:36.540+0000] {processor.py:176} INFO - Processing /home/airflow/.local/lib/python3.7/site-packages/airflow/example_dags/example_datasets.py took 0.539 seconds
[2024-12-03T15:22:06.730+0000] {processor.py:154} INFO - Started process (PID=549) to work on /home/airflow/.local/lib/python3.7/site-packages/airflow/example_dags/example_datasets.py
[2024-12-03T15:22:06.733+0000] {processor.py:756} INFO - Processing file /home/airflow/.local/lib/python3.7/site-packages/airflow/example_dags/example_datasets.py for tasks to queue
[2024-12-03T15:22:06.735+0000] {logging_mixin.py:120} INFO - [2024-12-03T15:22:06.735+0000] {dagbag.py:537} INFO - Filling up the DagBag from /home/airflow/.local/lib/python3.7/site-packages/airflow/example_dags/example_datasets.py
[2024-12-03T15:22:06.761+0000] {processor.py:766} INFO - DAG(s) dict_keys(['dataset_produces_2', 'dataset_consumes_1_and_2', 'dataset_consumes_1_never_scheduled', 'dataset_consumes_unknown_never_scheduled', 'dataset_consumes_1', 'dataset_produces_1']) retrieved from /home/airflow/.local/lib/python3.7/site-packages/airflow/example_dags/example_datasets.py
[2024-12-03T15:22:06.877+0000] {logging_mixin.py:120} INFO - [2024-12-03T15:22:06.877+0000] {dag.py:2585} INFO - Sync 6 DAGs
[2024-12-03T15:22:06.925+0000] {logging_mixin.py:120} INFO - [2024-12-03T15:22:06.924+0000] {dag.py:3340} INFO - Setting next_dagrun for dataset_consumes_1 to None, run_after=None
[2024-12-03T15:22:06.931+0000] {logging_mixin.py:120} INFO - [2024-12-03T15:22:06.931+0000] {dag.py:3340} INFO - Setting next_dagrun for dataset_consumes_1_and_2 to None, run_after=None
[2024-12-03T15:22:06.935+0000] {logging_mixin.py:120} INFO - [2024-12-03T15:22:06.935+0000] {dag.py:3340} INFO - Setting next_dagrun for dataset_consumes_1_never_scheduled to None, run_after=None
[2024-12-03T15:22:06.938+0000] {logging_mixin.py:120} INFO - [2024-12-03T15:22:06.938+0000] {dag.py:3340} INFO - Setting next_dagrun for dataset_consumes_unknown_never_scheduled to None, run_after=None
[2024-12-03T15:22:06.943+0000] {logging_mixin.py:120} INFO - [2024-12-03T15:22:06.943+0000] {dag.py:3340} INFO - Setting next_dagrun for dataset_produces_1 to 2024-12-02T00:00:00+00:00, run_after=2024-12-03T00:00:00+00:00
[2024-12-03T15:22:06.946+0000] {logging_mixin.py:120} INFO - [2024-12-03T15:22:06.946+0000] {dag.py:3340} INFO - Setting next_dagrun for dataset_produces_2 to None, run_after=None
[2024-12-03T15:22:07.018+0000] {processor.py:176} INFO - Processing /home/airflow/.local/lib/python3.7/site-packages/airflow/example_dags/example_datasets.py took 0.292 seconds
[2024-12-03T15:22:37.341+0000] {processor.py:154} INFO - Started process (PID=604) to work on /home/airflow/.local/lib/python3.7/site-packages/airflow/example_dags/example_datasets.py
[2024-12-03T15:22:37.344+0000] {processor.py:756} INFO - Processing file /home/airflow/.local/lib/python3.7/site-packages/airflow/example_dags/example_datasets.py for tasks to queue
[2024-12-03T15:22:37.345+0000] {logging_mixin.py:120} INFO - [2024-12-03T15:22:37.345+0000] {dagbag.py:537} INFO - Filling up the DagBag from /home/airflow/.local/lib/python3.7/site-packages/airflow/example_dags/example_datasets.py
[2024-12-03T15:22:37.364+0000] {processor.py:766} INFO - DAG(s) dict_keys(['dataset_consumes_1_never_scheduled', 'dataset_consumes_1_and_2', 'dataset_produces_2', 'dataset_consumes_1', 'dataset_consumes_unknown_never_scheduled', 'dataset_produces_1']) retrieved from /home/airflow/.local/lib/python3.7/site-packages/airflow/example_dags/example_datasets.py
[2024-12-03T15:22:37.457+0000] {logging_mixin.py:120} INFO - [2024-12-03T15:22:37.457+0000] {dag.py:2585} INFO - Sync 6 DAGs
[2024-12-03T15:22:37.492+0000] {logging_mixin.py:120} INFO - [2024-12-03T15:22:37.492+0000] {dag.py:3340} INFO - Setting next_dagrun for dataset_consumes_1 to None, run_after=None
[2024-12-03T15:22:37.499+0000] {logging_mixin.py:120} INFO - [2024-12-03T15:22:37.499+0000] {dag.py:3340} INFO - Setting next_dagrun for dataset_consumes_1_and_2 to None, run_after=None
[2024-12-03T15:22:37.502+0000] {logging_mixin.py:120} INFO - [2024-12-03T15:22:37.502+0000] {dag.py:3340} INFO - Setting next_dagrun for dataset_consumes_1_never_scheduled to None, run_after=None
[2024-12-03T15:22:37.506+0000] {logging_mixin.py:120} INFO - [2024-12-03T15:22:37.506+0000] {dag.py:3340} INFO - Setting next_dagrun for dataset_consumes_unknown_never_scheduled to None, run_after=None
[2024-12-03T15:22:37.511+0000] {logging_mixin.py:120} INFO - [2024-12-03T15:22:37.511+0000] {dag.py:3340} INFO - Setting next_dagrun for dataset_produces_1 to 2024-12-02T00:00:00+00:00, run_after=2024-12-03T00:00:00+00:00
[2024-12-03T15:22:37.514+0000] {logging_mixin.py:120} INFO - [2024-12-03T15:22:37.513+0000] {dag.py:3340} INFO - Setting next_dagrun for dataset_produces_2 to None, run_after=None
[2024-12-03T15:22:37.568+0000] {processor.py:176} INFO - Processing /home/airflow/.local/lib/python3.7/site-packages/airflow/example_dags/example_datasets.py took 0.233 seconds
[2024-12-03T15:23:08.569+0000] {processor.py:154} INFO - Started process (PID=666) to work on /home/airflow/.local/lib/python3.7/site-packages/airflow/example_dags/example_datasets.py
[2024-12-03T15:23:08.571+0000] {processor.py:756} INFO - Processing file /home/airflow/.local/lib/python3.7/site-packages/airflow/example_dags/example_datasets.py for tasks to queue
[2024-12-03T15:23:08.573+0000] {logging_mixin.py:120} INFO - [2024-12-03T15:23:08.572+0000] {dagbag.py:537} INFO - Filling up the DagBag from /home/airflow/.local/lib/python3.7/site-packages/airflow/example_dags/example_datasets.py
[2024-12-03T15:23:08.602+0000] {processor.py:766} INFO - DAG(s) dict_keys(['dataset_consumes_unknown_never_scheduled', 'dataset_consumes_1_and_2', 'dataset_produces_1', 'dataset_produces_2', 'dataset_consumes_1', 'dataset_consumes_1_never_scheduled']) retrieved from /home/airflow/.local/lib/python3.7/site-packages/airflow/example_dags/example_datasets.py
[2024-12-03T15:23:08.726+0000] {logging_mixin.py:120} INFO - [2024-12-03T15:23:08.726+0000] {dag.py:2585} INFO - Sync 6 DAGs
[2024-12-03T15:23:08.812+0000] {logging_mixin.py:120} INFO - [2024-12-03T15:23:08.812+0000] {dag.py:3340} INFO - Setting next_dagrun for dataset_consumes_1 to None, run_after=None
[2024-12-03T15:23:08.827+0000] {logging_mixin.py:120} INFO - [2024-12-03T15:23:08.826+0000] {dag.py:3340} INFO - Setting next_dagrun for dataset_consumes_1_and_2 to None, run_after=None
[2024-12-03T15:23:08.831+0000] {logging_mixin.py:120} INFO - [2024-12-03T15:23:08.830+0000] {dag.py:3340} INFO - Setting next_dagrun for dataset_consumes_1_never_scheduled to None, run_after=None
[2024-12-03T15:23:08.836+0000] {logging_mixin.py:120} INFO - [2024-12-03T15:23:08.835+0000] {dag.py:3340} INFO - Setting next_dagrun for dataset_consumes_unknown_never_scheduled to None, run_after=None
[2024-12-03T15:23:08.846+0000] {logging_mixin.py:120} INFO - [2024-12-03T15:23:08.846+0000] {dag.py:3340} INFO - Setting next_dagrun for dataset_produces_1 to 2024-12-02T00:00:00+00:00, run_after=2024-12-03T00:00:00+00:00
[2024-12-03T15:23:08.852+0000] {logging_mixin.py:120} INFO - [2024-12-03T15:23:08.852+0000] {dag.py:3340} INFO - Setting next_dagrun for dataset_produces_2 to None, run_after=None
[2024-12-03T15:23:08.936+0000] {processor.py:176} INFO - Processing /home/airflow/.local/lib/python3.7/site-packages/airflow/example_dags/example_datasets.py took 0.372 seconds
[2024-12-03T15:23:39.651+0000] {processor.py:154} INFO - Started process (PID=723) to work on /home/airflow/.local/lib/python3.7/site-packages/airflow/example_dags/example_datasets.py
[2024-12-03T15:23:39.653+0000] {processor.py:756} INFO - Processing file /home/airflow/.local/lib/python3.7/site-packages/airflow/example_dags/example_datasets.py for tasks to queue
[2024-12-03T15:23:39.654+0000] {logging_mixin.py:120} INFO - [2024-12-03T15:23:39.654+0000] {dagbag.py:537} INFO - Filling up the DagBag from /home/airflow/.local/lib/python3.7/site-packages/airflow/example_dags/example_datasets.py
[2024-12-03T15:23:39.679+0000] {processor.py:766} INFO - DAG(s) dict_keys(['dataset_produces_2', 'dataset_consumes_1', 'dataset_consumes_unknown_never_scheduled', 'dataset_consumes_1_never_scheduled', 'dataset_produces_1', 'dataset_consumes_1_and_2']) retrieved from /home/airflow/.local/lib/python3.7/site-packages/airflow/example_dags/example_datasets.py
[2024-12-03T15:23:39.777+0000] {logging_mixin.py:120} INFO - [2024-12-03T15:23:39.777+0000] {dag.py:2585} INFO - Sync 6 DAGs
[2024-12-03T15:23:39.822+0000] {logging_mixin.py:120} INFO - [2024-12-03T15:23:39.822+0000] {dag.py:3340} INFO - Setting next_dagrun for dataset_consumes_1 to None, run_after=None
[2024-12-03T15:23:39.828+0000] {logging_mixin.py:120} INFO - [2024-12-03T15:23:39.828+0000] {dag.py:3340} INFO - Setting next_dagrun for dataset_consumes_1_and_2 to None, run_after=None
[2024-12-03T15:23:39.832+0000] {logging_mixin.py:120} INFO - [2024-12-03T15:23:39.831+0000] {dag.py:3340} INFO - Setting next_dagrun for dataset_consumes_1_never_scheduled to None, run_after=None
[2024-12-03T15:23:39.834+0000] {logging_mixin.py:120} INFO - [2024-12-03T15:23:39.834+0000] {dag.py:3340} INFO - Setting next_dagrun for dataset_consumes_unknown_never_scheduled to None, run_after=None
[2024-12-03T15:23:39.840+0000] {logging_mixin.py:120} INFO - [2024-12-03T15:23:39.840+0000] {dag.py:3340} INFO - Setting next_dagrun for dataset_produces_1 to 2024-12-02T00:00:00+00:00, run_after=2024-12-03T00:00:00+00:00
[2024-12-03T15:23:39.844+0000] {logging_mixin.py:120} INFO - [2024-12-03T15:23:39.843+0000] {dag.py:3340} INFO - Setting next_dagrun for dataset_produces_2 to None, run_after=None
[2024-12-03T15:23:39.906+0000] {processor.py:176} INFO - Processing /home/airflow/.local/lib/python3.7/site-packages/airflow/example_dags/example_datasets.py took 0.259 seconds
[2024-12-03T15:24:10.167+0000] {processor.py:154} INFO - Started process (PID=778) to work on /home/airflow/.local/lib/python3.7/site-packages/airflow/example_dags/example_datasets.py
[2024-12-03T15:24:10.169+0000] {processor.py:756} INFO - Processing file /home/airflow/.local/lib/python3.7/site-packages/airflow/example_dags/example_datasets.py for tasks to queue
[2024-12-03T15:24:10.170+0000] {logging_mixin.py:120} INFO - [2024-12-03T15:24:10.170+0000] {dagbag.py:537} INFO - Filling up the DagBag from /home/airflow/.local/lib/python3.7/site-packages/airflow/example_dags/example_datasets.py
[2024-12-03T15:24:10.206+0000] {processor.py:766} INFO - DAG(s) dict_keys(['dataset_consumes_1_and_2', 'dataset_consumes_1_never_scheduled', 'dataset_produces_1', 'dataset_produces_2', 'dataset_consumes_unknown_never_scheduled', 'dataset_consumes_1']) retrieved from /home/airflow/.local/lib/python3.7/site-packages/airflow/example_dags/example_datasets.py
[2024-12-03T15:24:10.327+0000] {logging_mixin.py:120} INFO - [2024-12-03T15:24:10.327+0000] {dag.py:2585} INFO - Sync 6 DAGs
[2024-12-03T15:24:10.376+0000] {logging_mixin.py:120} INFO - [2024-12-03T15:24:10.375+0000] {dag.py:3340} INFO - Setting next_dagrun for dataset_consumes_1 to None, run_after=None
[2024-12-03T15:24:10.384+0000] {logging_mixin.py:120} INFO - [2024-12-03T15:24:10.383+0000] {dag.py:3340} INFO - Setting next_dagrun for dataset_consumes_1_and_2 to None, run_after=None
[2024-12-03T15:24:10.387+0000] {logging_mixin.py:120} INFO - [2024-12-03T15:24:10.387+0000] {dag.py:3340} INFO - Setting next_dagrun for dataset_consumes_1_never_scheduled to None, run_after=None
[2024-12-03T15:24:10.390+0000] {logging_mixin.py:120} INFO - [2024-12-03T15:24:10.390+0000] {dag.py:3340} INFO - Setting next_dagrun for dataset_consumes_unknown_never_scheduled to None, run_after=None
[2024-12-03T15:24:10.396+0000] {logging_mixin.py:120} INFO - [2024-12-03T15:24:10.396+0000] {dag.py:3340} INFO - Setting next_dagrun for dataset_produces_1 to 2024-12-02T00:00:00+00:00, run_after=2024-12-03T00:00:00+00:00
[2024-12-03T15:24:10.399+0000] {logging_mixin.py:120} INFO - [2024-12-03T15:24:10.399+0000] {dag.py:3340} INFO - Setting next_dagrun for dataset_produces_2 to None, run_after=None
[2024-12-03T15:24:10.460+0000] {processor.py:176} INFO - Processing /home/airflow/.local/lib/python3.7/site-packages/airflow/example_dags/example_datasets.py took 0.298 seconds
[2024-12-03T15:24:41.006+0000] {processor.py:154} INFO - Started process (PID=842) to work on /home/airflow/.local/lib/python3.7/site-packages/airflow/example_dags/example_datasets.py
[2024-12-03T15:24:41.008+0000] {processor.py:756} INFO - Processing file /home/airflow/.local/lib/python3.7/site-packages/airflow/example_dags/example_datasets.py for tasks to queue
[2024-12-03T15:24:41.011+0000] {logging_mixin.py:120} INFO - [2024-12-03T15:24:41.010+0000] {dagbag.py:537} INFO - Filling up the DagBag from /home/airflow/.local/lib/python3.7/site-packages/airflow/example_dags/example_datasets.py
[2024-12-03T15:24:41.055+0000] {processor.py:766} INFO - DAG(s) dict_keys(['dataset_produces_1', 'dataset_consumes_1_and_2', 'dataset_consumes_1_never_scheduled', 'dataset_produces_2', 'dataset_consumes_1', 'dataset_consumes_unknown_never_scheduled']) retrieved from /home/airflow/.local/lib/python3.7/site-packages/airflow/example_dags/example_datasets.py
[2024-12-03T15:24:41.197+0000] {logging_mixin.py:120} INFO - [2024-12-03T15:24:41.197+0000] {dag.py:2585} INFO - Sync 6 DAGs
[2024-12-03T15:24:41.256+0000] {logging_mixin.py:120} INFO - [2024-12-03T15:24:41.256+0000] {dag.py:3340} INFO - Setting next_dagrun for dataset_consumes_1 to None, run_after=None
[2024-12-03T15:24:41.267+0000] {logging_mixin.py:120} INFO - [2024-12-03T15:24:41.267+0000] {dag.py:3340} INFO - Setting next_dagrun for dataset_consumes_1_and_2 to None, run_after=None
[2024-12-03T15:24:41.270+0000] {logging_mixin.py:120} INFO - [2024-12-03T15:24:41.270+0000] {dag.py:3340} INFO - Setting next_dagrun for dataset_consumes_1_never_scheduled to None, run_after=None
[2024-12-03T15:24:41.273+0000] {logging_mixin.py:120} INFO - [2024-12-03T15:24:41.273+0000] {dag.py:3340} INFO - Setting next_dagrun for dataset_consumes_unknown_never_scheduled to None, run_after=None
[2024-12-03T15:24:41.278+0000] {logging_mixin.py:120} INFO - [2024-12-03T15:24:41.278+0000] {dag.py:3340} INFO - Setting next_dagrun for dataset_produces_1 to 2024-12-02T00:00:00+00:00, run_after=2024-12-03T00:00:00+00:00
[2024-12-03T15:24:41.281+0000] {logging_mixin.py:120} INFO - [2024-12-03T15:24:41.281+0000] {dag.py:3340} INFO - Setting next_dagrun for dataset_produces_2 to None, run_after=None
[2024-12-03T15:24:41.348+0000] {processor.py:176} INFO - Processing /home/airflow/.local/lib/python3.7/site-packages/airflow/example_dags/example_datasets.py took 0.349 seconds
[2024-12-03T15:25:11.535+0000] {processor.py:154} INFO - Started process (PID=897) to work on /home/airflow/.local/lib/python3.7/site-packages/airflow/example_dags/example_datasets.py
[2024-12-03T15:25:11.537+0000] {processor.py:756} INFO - Processing file /home/airflow/.local/lib/python3.7/site-packages/airflow/example_dags/example_datasets.py for tasks to queue
[2024-12-03T15:25:11.538+0000] {logging_mixin.py:120} INFO - [2024-12-03T15:25:11.538+0000] {dagbag.py:537} INFO - Filling up the DagBag from /home/airflow/.local/lib/python3.7/site-packages/airflow/example_dags/example_datasets.py
[2024-12-03T15:25:11.568+0000] {processor.py:766} INFO - DAG(s) dict_keys(['dataset_produces_1', 'dataset_produces_2', 'dataset_consumes_1_never_scheduled', 'dataset_consumes_1_and_2', 'dataset_consumes_unknown_never_scheduled', 'dataset_consumes_1']) retrieved from /home/airflow/.local/lib/python3.7/site-packages/airflow/example_dags/example_datasets.py
[2024-12-03T15:25:11.684+0000] {logging_mixin.py:120} INFO - [2024-12-03T15:25:11.683+0000] {dag.py:2585} INFO - Sync 6 DAGs
[2024-12-03T15:25:11.733+0000] {logging_mixin.py:120} INFO - [2024-12-03T15:25:11.733+0000] {dag.py:3340} INFO - Setting next_dagrun for dataset_consumes_1 to None, run_after=None
[2024-12-03T15:25:11.741+0000] {logging_mixin.py:120} INFO - [2024-12-03T15:25:11.741+0000] {dag.py:3340} INFO - Setting next_dagrun for dataset_consumes_1_and_2 to None, run_after=None
[2024-12-03T15:25:11.745+0000] {logging_mixin.py:120} INFO - [2024-12-03T15:25:11.744+0000] {dag.py:3340} INFO - Setting next_dagrun for dataset_consumes_1_never_scheduled to None, run_after=None
[2024-12-03T15:25:11.747+0000] {logging_mixin.py:120} INFO - [2024-12-03T15:25:11.747+0000] {dag.py:3340} INFO - Setting next_dagrun for dataset_consumes_unknown_never_scheduled to None, run_after=None
[2024-12-03T15:25:11.753+0000] {logging_mixin.py:120} INFO - [2024-12-03T15:25:11.752+0000] {dag.py:3340} INFO - Setting next_dagrun for dataset_produces_1 to 2024-12-02T00:00:00+00:00, run_after=2024-12-03T00:00:00+00:00
[2024-12-03T15:25:11.757+0000] {logging_mixin.py:120} INFO - [2024-12-03T15:25:11.756+0000] {dag.py:3340} INFO - Setting next_dagrun for dataset_produces_2 to None, run_after=None
[2024-12-03T15:25:11.826+0000] {processor.py:176} INFO - Processing /home/airflow/.local/lib/python3.7/site-packages/airflow/example_dags/example_datasets.py took 0.296 seconds
[2024-12-03T15:25:43.282+0000] {processor.py:154} INFO - Started process (PID=961) to work on /home/airflow/.local/lib/python3.7/site-packages/airflow/example_dags/example_datasets.py
[2024-12-03T15:25:43.284+0000] {processor.py:756} INFO - Processing file /home/airflow/.local/lib/python3.7/site-packages/airflow/example_dags/example_datasets.py for tasks to queue
[2024-12-03T15:25:43.286+0000] {logging_mixin.py:120} INFO - [2024-12-03T15:25:43.286+0000] {dagbag.py:537} INFO - Filling up the DagBag from /home/airflow/.local/lib/python3.7/site-packages/airflow/example_dags/example_datasets.py
[2024-12-03T15:25:43.359+0000] {processor.py:766} INFO - DAG(s) dict_keys(['dataset_consumes_1', 'dataset_produces_1', 'dataset_consumes_1_and_2', 'dataset_produces_2', 'dataset_consumes_unknown_never_scheduled', 'dataset_consumes_1_never_scheduled']) retrieved from /home/airflow/.local/lib/python3.7/site-packages/airflow/example_dags/example_datasets.py
[2024-12-03T15:25:43.572+0000] {logging_mixin.py:120} INFO - [2024-12-03T15:25:43.572+0000] {dag.py:2585} INFO - Sync 6 DAGs
[2024-12-03T15:25:43.668+0000] {logging_mixin.py:120} INFO - [2024-12-03T15:25:43.668+0000] {dag.py:3340} INFO - Setting next_dagrun for dataset_consumes_1 to None, run_after=None
[2024-12-03T15:25:43.677+0000] {logging_mixin.py:120} INFO - [2024-12-03T15:25:43.676+0000] {dag.py:3340} INFO - Setting next_dagrun for dataset_consumes_1_and_2 to None, run_after=None
[2024-12-03T15:25:43.680+0000] {logging_mixin.py:120} INFO - [2024-12-03T15:25:43.680+0000] {dag.py:3340} INFO - Setting next_dagrun for dataset_consumes_1_never_scheduled to None, run_after=None
[2024-12-03T15:25:43.684+0000] {logging_mixin.py:120} INFO - [2024-12-03T15:25:43.684+0000] {dag.py:3340} INFO - Setting next_dagrun for dataset_consumes_unknown_never_scheduled to None, run_after=None
[2024-12-03T15:25:43.695+0000] {logging_mixin.py:120} INFO - [2024-12-03T15:25:43.694+0000] {dag.py:3340} INFO - Setting next_dagrun for dataset_produces_1 to 2024-12-02T00:00:00+00:00, run_after=2024-12-03T00:00:00+00:00
[2024-12-03T15:25:43.705+0000] {logging_mixin.py:120} INFO - [2024-12-03T15:25:43.705+0000] {dag.py:3340} INFO - Setting next_dagrun for dataset_produces_2 to None, run_after=None
[2024-12-03T15:25:43.844+0000] {processor.py:176} INFO - Processing /home/airflow/.local/lib/python3.7/site-packages/airflow/example_dags/example_datasets.py took 0.570 seconds
[2024-12-03T15:26:14.074+0000] {processor.py:154} INFO - Started process (PID=1016) to work on /home/airflow/.local/lib/python3.7/site-packages/airflow/example_dags/example_datasets.py
[2024-12-03T15:26:14.076+0000] {processor.py:756} INFO - Processing file /home/airflow/.local/lib/python3.7/site-packages/airflow/example_dags/example_datasets.py for tasks to queue
[2024-12-03T15:26:14.078+0000] {logging_mixin.py:120} INFO - [2024-12-03T15:26:14.077+0000] {dagbag.py:537} INFO - Filling up the DagBag from /home/airflow/.local/lib/python3.7/site-packages/airflow/example_dags/example_datasets.py
[2024-12-03T15:26:14.104+0000] {processor.py:766} INFO - DAG(s) dict_keys(['dataset_produces_2', 'dataset_consumes_1', 'dataset_consumes_1_and_2', 'dataset_produces_1', 'dataset_consumes_unknown_never_scheduled', 'dataset_consumes_1_never_scheduled']) retrieved from /home/airflow/.local/lib/python3.7/site-packages/airflow/example_dags/example_datasets.py
[2024-12-03T15:26:14.202+0000] {logging_mixin.py:120} INFO - [2024-12-03T15:26:14.202+0000] {dag.py:2585} INFO - Sync 6 DAGs
[2024-12-03T15:26:14.239+0000] {logging_mixin.py:120} INFO - [2024-12-03T15:26:14.238+0000] {dag.py:3340} INFO - Setting next_dagrun for dataset_consumes_1 to None, run_after=None
[2024-12-03T15:26:14.247+0000] {logging_mixin.py:120} INFO - [2024-12-03T15:26:14.247+0000] {dag.py:3340} INFO - Setting next_dagrun for dataset_consumes_1_and_2 to None, run_after=None
[2024-12-03T15:26:14.251+0000] {logging_mixin.py:120} INFO - [2024-12-03T15:26:14.251+0000] {dag.py:3340} INFO - Setting next_dagrun for dataset_consumes_1_never_scheduled to None, run_after=None
[2024-12-03T15:26:14.254+0000] {logging_mixin.py:120} INFO - [2024-12-03T15:26:14.254+0000] {dag.py:3340} INFO - Setting next_dagrun for dataset_consumes_unknown_never_scheduled to None, run_after=None
[2024-12-03T15:26:14.259+0000] {logging_mixin.py:120} INFO - [2024-12-03T15:26:14.259+0000] {dag.py:3340} INFO - Setting next_dagrun for dataset_produces_1 to 2024-12-02T00:00:00+00:00, run_after=2024-12-03T00:00:00+00:00
[2024-12-03T15:26:14.263+0000] {logging_mixin.py:120} INFO - [2024-12-03T15:26:14.263+0000] {dag.py:3340} INFO - Setting next_dagrun for dataset_produces_2 to None, run_after=None
[2024-12-03T15:26:14.316+0000] {processor.py:176} INFO - Processing /home/airflow/.local/lib/python3.7/site-packages/airflow/example_dags/example_datasets.py took 0.249 seconds
[2024-12-03T15:26:44.676+0000] {processor.py:154} INFO - Started process (PID=1080) to work on /home/airflow/.local/lib/python3.7/site-packages/airflow/example_dags/example_datasets.py
[2024-12-03T15:26:44.679+0000] {processor.py:756} INFO - Processing file /home/airflow/.local/lib/python3.7/site-packages/airflow/example_dags/example_datasets.py for tasks to queue
[2024-12-03T15:26:44.682+0000] {logging_mixin.py:120} INFO - [2024-12-03T15:26:44.681+0000] {dagbag.py:537} INFO - Filling up the DagBag from /home/airflow/.local/lib/python3.7/site-packages/airflow/example_dags/example_datasets.py
[2024-12-03T15:26:44.715+0000] {processor.py:766} INFO - DAG(s) dict_keys(['dataset_consumes_1', 'dataset_consumes_unknown_never_scheduled', 'dataset_produces_1', 'dataset_consumes_1_never_scheduled', 'dataset_produces_2', 'dataset_consumes_1_and_2']) retrieved from /home/airflow/.local/lib/python3.7/site-packages/airflow/example_dags/example_datasets.py
[2024-12-03T15:26:44.836+0000] {logging_mixin.py:120} INFO - [2024-12-03T15:26:44.835+0000] {dag.py:2585} INFO - Sync 6 DAGs
[2024-12-03T15:26:44.897+0000] {logging_mixin.py:120} INFO - [2024-12-03T15:26:44.897+0000] {dag.py:3340} INFO - Setting next_dagrun for dataset_consumes_1 to None, run_after=None
[2024-12-03T15:26:44.908+0000] {logging_mixin.py:120} INFO - [2024-12-03T15:26:44.907+0000] {dag.py:3340} INFO - Setting next_dagrun for dataset_consumes_1_and_2 to None, run_after=None
[2024-12-03T15:26:44.911+0000] {logging_mixin.py:120} INFO - [2024-12-03T15:26:44.911+0000] {dag.py:3340} INFO - Setting next_dagrun for dataset_consumes_1_never_scheduled to None, run_after=None
[2024-12-03T15:26:44.915+0000] {logging_mixin.py:120} INFO - [2024-12-03T15:26:44.915+0000] {dag.py:3340} INFO - Setting next_dagrun for dataset_consumes_unknown_never_scheduled to None, run_after=None
[2024-12-03T15:26:44.923+0000] {logging_mixin.py:120} INFO - [2024-12-03T15:26:44.922+0000] {dag.py:3340} INFO - Setting next_dagrun for dataset_produces_1 to 2024-12-02T00:00:00+00:00, run_after=2024-12-03T00:00:00+00:00
[2024-12-03T15:26:44.927+0000] {logging_mixin.py:120} INFO - [2024-12-03T15:26:44.927+0000] {dag.py:3340} INFO - Setting next_dagrun for dataset_produces_2 to None, run_after=None
[2024-12-03T15:26:45.011+0000] {processor.py:176} INFO - Processing /home/airflow/.local/lib/python3.7/site-packages/airflow/example_dags/example_datasets.py took 0.341 seconds
[2024-12-03T15:27:15.827+0000] {processor.py:154} INFO - Started process (PID=1136) to work on /home/airflow/.local/lib/python3.7/site-packages/airflow/example_dags/example_datasets.py
[2024-12-03T15:27:15.830+0000] {processor.py:756} INFO - Processing file /home/airflow/.local/lib/python3.7/site-packages/airflow/example_dags/example_datasets.py for tasks to queue
[2024-12-03T15:27:15.832+0000] {logging_mixin.py:120} INFO - [2024-12-03T15:27:15.832+0000] {dagbag.py:537} INFO - Filling up the DagBag from /home/airflow/.local/lib/python3.7/site-packages/airflow/example_dags/example_datasets.py
[2024-12-03T15:27:15.878+0000] {processor.py:766} INFO - DAG(s) dict_keys(['dataset_consumes_1_and_2', 'dataset_produces_1', 'dataset_consumes_1', 'dataset_consumes_1_never_scheduled', 'dataset_consumes_unknown_never_scheduled', 'dataset_produces_2']) retrieved from /home/airflow/.local/lib/python3.7/site-packages/airflow/example_dags/example_datasets.py
[2024-12-03T15:27:15.987+0000] {logging_mixin.py:120} INFO - [2024-12-03T15:27:15.987+0000] {dag.py:2585} INFO - Sync 6 DAGs
[2024-12-03T15:27:16.036+0000] {logging_mixin.py:120} INFO - [2024-12-03T15:27:16.036+0000] {dag.py:3340} INFO - Setting next_dagrun for dataset_consumes_1 to None, run_after=None
[2024-12-03T15:27:16.043+0000] {logging_mixin.py:120} INFO - [2024-12-03T15:27:16.043+0000] {dag.py:3340} INFO - Setting next_dagrun for dataset_consumes_1_and_2 to None, run_after=None
[2024-12-03T15:27:16.046+0000] {logging_mixin.py:120} INFO - [2024-12-03T15:27:16.046+0000] {dag.py:3340} INFO - Setting next_dagrun for dataset_consumes_1_never_scheduled to None, run_after=None
[2024-12-03T15:27:16.049+0000] {logging_mixin.py:120} INFO - [2024-12-03T15:27:16.049+0000] {dag.py:3340} INFO - Setting next_dagrun for dataset_consumes_unknown_never_scheduled to None, run_after=None
[2024-12-03T15:27:16.054+0000] {logging_mixin.py:120} INFO - [2024-12-03T15:27:16.054+0000] {dag.py:3340} INFO - Setting next_dagrun for dataset_produces_1 to 2024-12-02T00:00:00+00:00, run_after=2024-12-03T00:00:00+00:00
[2024-12-03T15:27:16.059+0000] {logging_mixin.py:120} INFO - [2024-12-03T15:27:16.058+0000] {dag.py:3340} INFO - Setting next_dagrun for dataset_produces_2 to None, run_after=None
[2024-12-03T15:27:16.121+0000] {processor.py:176} INFO - Processing /home/airflow/.local/lib/python3.7/site-packages/airflow/example_dags/example_datasets.py took 0.302 seconds
[2024-12-03T15:27:46.269+0000] {processor.py:154} INFO - Started process (PID=1191) to work on /home/airflow/.local/lib/python3.7/site-packages/airflow/example_dags/example_datasets.py
[2024-12-03T15:27:46.271+0000] {processor.py:756} INFO - Processing file /home/airflow/.local/lib/python3.7/site-packages/airflow/example_dags/example_datasets.py for tasks to queue
[2024-12-03T15:27:46.273+0000] {logging_mixin.py:120} INFO - [2024-12-03T15:27:46.273+0000] {dagbag.py:537} INFO - Filling up the DagBag from /home/airflow/.local/lib/python3.7/site-packages/airflow/example_dags/example_datasets.py
[2024-12-03T15:27:46.305+0000] {processor.py:766} INFO - DAG(s) dict_keys(['dataset_consumes_unknown_never_scheduled', 'dataset_consumes_1', 'dataset_produces_2', 'dataset_consumes_1_never_scheduled', 'dataset_produces_1', 'dataset_consumes_1_and_2']) retrieved from /home/airflow/.local/lib/python3.7/site-packages/airflow/example_dags/example_datasets.py
[2024-12-03T15:27:46.424+0000] {logging_mixin.py:120} INFO - [2024-12-03T15:27:46.424+0000] {dag.py:2585} INFO - Sync 6 DAGs
[2024-12-03T15:27:46.470+0000] {logging_mixin.py:120} INFO - [2024-12-03T15:27:46.470+0000] {dag.py:3340} INFO - Setting next_dagrun for dataset_consumes_1 to None, run_after=None
[2024-12-03T15:27:46.477+0000] {logging_mixin.py:120} INFO - [2024-12-03T15:27:46.477+0000] {dag.py:3340} INFO - Setting next_dagrun for dataset_consumes_1_and_2 to None, run_after=None
[2024-12-03T15:27:46.481+0000] {logging_mixin.py:120} INFO - [2024-12-03T15:27:46.481+0000] {dag.py:3340} INFO - Setting next_dagrun for dataset_consumes_1_never_scheduled to None, run_after=None
[2024-12-03T15:27:46.485+0000] {logging_mixin.py:120} INFO - [2024-12-03T15:27:46.484+0000] {dag.py:3340} INFO - Setting next_dagrun for dataset_consumes_unknown_never_scheduled to None, run_after=None
[2024-12-03T15:27:46.492+0000] {logging_mixin.py:120} INFO - [2024-12-03T15:27:46.491+0000] {dag.py:3340} INFO - Setting next_dagrun for dataset_produces_1 to 2024-12-02T00:00:00+00:00, run_after=2024-12-03T00:00:00+00:00
[2024-12-03T15:27:46.496+0000] {logging_mixin.py:120} INFO - [2024-12-03T15:27:46.496+0000] {dag.py:3340} INFO - Setting next_dagrun for dataset_produces_2 to None, run_after=None
[2024-12-03T15:27:46.603+0000] {processor.py:176} INFO - Processing /home/airflow/.local/lib/python3.7/site-packages/airflow/example_dags/example_datasets.py took 0.341 seconds
[2024-12-03T15:28:17.578+0000] {processor.py:154} INFO - Started process (PID=1255) to work on /home/airflow/.local/lib/python3.7/site-packages/airflow/example_dags/example_datasets.py
[2024-12-03T15:28:17.580+0000] {processor.py:756} INFO - Processing file /home/airflow/.local/lib/python3.7/site-packages/airflow/example_dags/example_datasets.py for tasks to queue
[2024-12-03T15:28:17.582+0000] {logging_mixin.py:120} INFO - [2024-12-03T15:28:17.582+0000] {dagbag.py:537} INFO - Filling up the DagBag from /home/airflow/.local/lib/python3.7/site-packages/airflow/example_dags/example_datasets.py
[2024-12-03T15:28:17.615+0000] {processor.py:766} INFO - DAG(s) dict_keys(['dataset_consumes_1', 'dataset_consumes_1_and_2', 'dataset_produces_1', 'dataset_consumes_1_never_scheduled', 'dataset_produces_2', 'dataset_consumes_unknown_never_scheduled']) retrieved from /home/airflow/.local/lib/python3.7/site-packages/airflow/example_dags/example_datasets.py
[2024-12-03T15:28:17.757+0000] {logging_mixin.py:120} INFO - [2024-12-03T15:28:17.757+0000] {dag.py:2585} INFO - Sync 6 DAGs
[2024-12-03T15:28:17.815+0000] {logging_mixin.py:120} INFO - [2024-12-03T15:28:17.815+0000] {dag.py:3340} INFO - Setting next_dagrun for dataset_consumes_1 to None, run_after=None
[2024-12-03T15:28:17.823+0000] {logging_mixin.py:120} INFO - [2024-12-03T15:28:17.823+0000] {dag.py:3340} INFO - Setting next_dagrun for dataset_consumes_1_and_2 to None, run_after=None
[2024-12-03T15:28:17.827+0000] {logging_mixin.py:120} INFO - [2024-12-03T15:28:17.826+0000] {dag.py:3340} INFO - Setting next_dagrun for dataset_consumes_1_never_scheduled to None, run_after=None
[2024-12-03T15:28:17.831+0000] {logging_mixin.py:120} INFO - [2024-12-03T15:28:17.830+0000] {dag.py:3340} INFO - Setting next_dagrun for dataset_consumes_unknown_never_scheduled to None, run_after=None
[2024-12-03T15:28:17.839+0000] {logging_mixin.py:120} INFO - [2024-12-03T15:28:17.839+0000] {dag.py:3340} INFO - Setting next_dagrun for dataset_produces_1 to 2024-12-02T00:00:00+00:00, run_after=2024-12-03T00:00:00+00:00
[2024-12-03T15:28:17.844+0000] {logging_mixin.py:120} INFO - [2024-12-03T15:28:17.844+0000] {dag.py:3340} INFO - Setting next_dagrun for dataset_produces_2 to None, run_after=None
[2024-12-03T15:28:17.931+0000] {processor.py:176} INFO - Processing /home/airflow/.local/lib/python3.7/site-packages/airflow/example_dags/example_datasets.py took 0.359 seconds
[2024-12-03T15:28:48.100+0000] {processor.py:154} INFO - Started process (PID=1309) to work on /home/airflow/.local/lib/python3.7/site-packages/airflow/example_dags/example_datasets.py
[2024-12-03T15:28:48.104+0000] {processor.py:756} INFO - Processing file /home/airflow/.local/lib/python3.7/site-packages/airflow/example_dags/example_datasets.py for tasks to queue
[2024-12-03T15:28:48.107+0000] {logging_mixin.py:120} INFO - [2024-12-03T15:28:48.106+0000] {dagbag.py:537} INFO - Filling up the DagBag from /home/airflow/.local/lib/python3.7/site-packages/airflow/example_dags/example_datasets.py
[2024-12-03T15:28:48.144+0000] {processor.py:766} INFO - DAG(s) dict_keys(['dataset_consumes_1_and_2', 'dataset_produces_2', 'dataset_produces_1', 'dataset_consumes_unknown_never_scheduled', 'dataset_consumes_1', 'dataset_consumes_1_never_scheduled']) retrieved from /home/airflow/.local/lib/python3.7/site-packages/airflow/example_dags/example_datasets.py
[2024-12-03T15:28:48.274+0000] {logging_mixin.py:120} INFO - [2024-12-03T15:28:48.274+0000] {dag.py:2585} INFO - Sync 6 DAGs
[2024-12-03T15:28:48.341+0000] {logging_mixin.py:120} INFO - [2024-12-03T15:28:48.341+0000] {dag.py:3340} INFO - Setting next_dagrun for dataset_consumes_1 to None, run_after=None
[2024-12-03T15:28:48.347+0000] {logging_mixin.py:120} INFO - [2024-12-03T15:28:48.347+0000] {dag.py:3340} INFO - Setting next_dagrun for dataset_consumes_1_and_2 to None, run_after=None
[2024-12-03T15:28:48.352+0000] {logging_mixin.py:120} INFO - [2024-12-03T15:28:48.351+0000] {dag.py:3340} INFO - Setting next_dagrun for dataset_consumes_1_never_scheduled to None, run_after=None
[2024-12-03T15:28:48.357+0000] {logging_mixin.py:120} INFO - [2024-12-03T15:28:48.357+0000] {dag.py:3340} INFO - Setting next_dagrun for dataset_consumes_unknown_never_scheduled to None, run_after=None
[2024-12-03T15:28:48.364+0000] {logging_mixin.py:120} INFO - [2024-12-03T15:28:48.364+0000] {dag.py:3340} INFO - Setting next_dagrun for dataset_produces_1 to 2024-12-02T00:00:00+00:00, run_after=2024-12-03T00:00:00+00:00
[2024-12-03T15:28:48.370+0000] {logging_mixin.py:120} INFO - [2024-12-03T15:28:48.370+0000] {dag.py:3340} INFO - Setting next_dagrun for dataset_produces_2 to None, run_after=None
[2024-12-03T15:28:48.446+0000] {processor.py:176} INFO - Processing /home/airflow/.local/lib/python3.7/site-packages/airflow/example_dags/example_datasets.py took 0.351 seconds
[2024-12-03T15:29:18.846+0000] {processor.py:154} INFO - Started process (PID=1373) to work on /home/airflow/.local/lib/python3.7/site-packages/airflow/example_dags/example_datasets.py
[2024-12-03T15:29:18.848+0000] {processor.py:756} INFO - Processing file /home/airflow/.local/lib/python3.7/site-packages/airflow/example_dags/example_datasets.py for tasks to queue
[2024-12-03T15:29:18.850+0000] {logging_mixin.py:120} INFO - [2024-12-03T15:29:18.850+0000] {dagbag.py:537} INFO - Filling up the DagBag from /home/airflow/.local/lib/python3.7/site-packages/airflow/example_dags/example_datasets.py
[2024-12-03T15:29:18.880+0000] {processor.py:766} INFO - DAG(s) dict_keys(['dataset_consumes_unknown_never_scheduled', 'dataset_consumes_1', 'dataset_consumes_1_and_2', 'dataset_produces_2', 'dataset_produces_1', 'dataset_consumes_1_never_scheduled']) retrieved from /home/airflow/.local/lib/python3.7/site-packages/airflow/example_dags/example_datasets.py
[2024-12-03T15:29:19.107+0000] {logging_mixin.py:120} INFO - [2024-12-03T15:29:19.106+0000] {dag.py:2585} INFO - Sync 6 DAGs
[2024-12-03T15:29:19.177+0000] {logging_mixin.py:120} INFO - [2024-12-03T15:29:19.177+0000] {dag.py:3340} INFO - Setting next_dagrun for dataset_consumes_1 to None, run_after=None
[2024-12-03T15:29:19.186+0000] {logging_mixin.py:120} INFO - [2024-12-03T15:29:19.186+0000] {dag.py:3340} INFO - Setting next_dagrun for dataset_consumes_1_and_2 to None, run_after=None
[2024-12-03T15:29:19.190+0000] {logging_mixin.py:120} INFO - [2024-12-03T15:29:19.190+0000] {dag.py:3340} INFO - Setting next_dagrun for dataset_consumes_1_never_scheduled to None, run_after=None
[2024-12-03T15:29:19.193+0000] {logging_mixin.py:120} INFO - [2024-12-03T15:29:19.193+0000] {dag.py:3340} INFO - Setting next_dagrun for dataset_consumes_unknown_never_scheduled to None, run_after=None
[2024-12-03T15:29:19.199+0000] {logging_mixin.py:120} INFO - [2024-12-03T15:29:19.199+0000] {dag.py:3340} INFO - Setting next_dagrun for dataset_produces_1 to 2024-12-02T00:00:00+00:00, run_after=2024-12-03T00:00:00+00:00
[2024-12-03T15:29:19.202+0000] {logging_mixin.py:120} INFO - [2024-12-03T15:29:19.202+0000] {dag.py:3340} INFO - Setting next_dagrun for dataset_produces_2 to None, run_after=None
[2024-12-03T15:29:19.327+0000] {processor.py:176} INFO - Processing /home/airflow/.local/lib/python3.7/site-packages/airflow/example_dags/example_datasets.py took 0.486 seconds
[2024-12-03T15:29:49.588+0000] {processor.py:154} INFO - Started process (PID=1428) to work on /home/airflow/.local/lib/python3.7/site-packages/airflow/example_dags/example_datasets.py
[2024-12-03T15:29:49.590+0000] {processor.py:756} INFO - Processing file /home/airflow/.local/lib/python3.7/site-packages/airflow/example_dags/example_datasets.py for tasks to queue
[2024-12-03T15:29:49.592+0000] {logging_mixin.py:120} INFO - [2024-12-03T15:29:49.592+0000] {dagbag.py:537} INFO - Filling up the DagBag from /home/airflow/.local/lib/python3.7/site-packages/airflow/example_dags/example_datasets.py
[2024-12-03T15:29:49.616+0000] {processor.py:766} INFO - DAG(s) dict_keys(['dataset_consumes_1_never_scheduled', 'dataset_consumes_1', 'dataset_produces_1', 'dataset_consumes_1_and_2', 'dataset_produces_2', 'dataset_consumes_unknown_never_scheduled']) retrieved from /home/airflow/.local/lib/python3.7/site-packages/airflow/example_dags/example_datasets.py
[2024-12-03T15:29:49.729+0000] {logging_mixin.py:120} INFO - [2024-12-03T15:29:49.729+0000] {dag.py:2585} INFO - Sync 6 DAGs
[2024-12-03T15:29:49.782+0000] {logging_mixin.py:120} INFO - [2024-12-03T15:29:49.782+0000] {dag.py:3340} INFO - Setting next_dagrun for dataset_consumes_1 to None, run_after=None
[2024-12-03T15:29:49.793+0000] {logging_mixin.py:120} INFO - [2024-12-03T15:29:49.792+0000] {dag.py:3340} INFO - Setting next_dagrun for dataset_consumes_1_and_2 to None, run_after=None
[2024-12-03T15:29:49.797+0000] {logging_mixin.py:120} INFO - [2024-12-03T15:29:49.796+0000] {dag.py:3340} INFO - Setting next_dagrun for dataset_consumes_1_never_scheduled to None, run_after=None
[2024-12-03T15:29:49.801+0000] {logging_mixin.py:120} INFO - [2024-12-03T15:29:49.801+0000] {dag.py:3340} INFO - Setting next_dagrun for dataset_consumes_unknown_never_scheduled to None, run_after=None
[2024-12-03T15:29:49.808+0000] {logging_mixin.py:120} INFO - [2024-12-03T15:29:49.807+0000] {dag.py:3340} INFO - Setting next_dagrun for dataset_produces_1 to 2024-12-02T00:00:00+00:00, run_after=2024-12-03T00:00:00+00:00
[2024-12-03T15:29:49.812+0000] {logging_mixin.py:120} INFO - [2024-12-03T15:29:49.811+0000] {dag.py:3340} INFO - Setting next_dagrun for dataset_produces_2 to None, run_after=None
[2024-12-03T15:29:49.893+0000] {processor.py:176} INFO - Processing /home/airflow/.local/lib/python3.7/site-packages/airflow/example_dags/example_datasets.py took 0.313 seconds
[2024-12-03T15:30:20.019+0000] {processor.py:154} INFO - Started process (PID=1493) to work on /home/airflow/.local/lib/python3.7/site-packages/airflow/example_dags/example_datasets.py
[2024-12-03T15:30:20.022+0000] {processor.py:756} INFO - Processing file /home/airflow/.local/lib/python3.7/site-packages/airflow/example_dags/example_datasets.py for tasks to queue
[2024-12-03T15:30:20.025+0000] {logging_mixin.py:120} INFO - [2024-12-03T15:30:20.024+0000] {dagbag.py:537} INFO - Filling up the DagBag from /home/airflow/.local/lib/python3.7/site-packages/airflow/example_dags/example_datasets.py
[2024-12-03T15:30:20.059+0000] {processor.py:766} INFO - DAG(s) dict_keys(['dataset_produces_1', 'dataset_consumes_1', 'dataset_consumes_1_and_2', 'dataset_consumes_unknown_never_scheduled', 'dataset_consumes_1_never_scheduled', 'dataset_produces_2']) retrieved from /home/airflow/.local/lib/python3.7/site-packages/airflow/example_dags/example_datasets.py
[2024-12-03T15:30:20.266+0000] {logging_mixin.py:120} INFO - [2024-12-03T15:30:20.264+0000] {dag.py:2585} INFO - Sync 6 DAGs
[2024-12-03T15:30:20.450+0000] {logging_mixin.py:120} INFO - [2024-12-03T15:30:20.450+0000] {dag.py:3340} INFO - Setting next_dagrun for dataset_consumes_1 to None, run_after=None
[2024-12-03T15:30:20.470+0000] {logging_mixin.py:120} INFO - [2024-12-03T15:30:20.469+0000] {dag.py:3340} INFO - Setting next_dagrun for dataset_consumes_1_and_2 to None, run_after=None
[2024-12-03T15:30:20.476+0000] {logging_mixin.py:120} INFO - [2024-12-03T15:30:20.476+0000] {dag.py:3340} INFO - Setting next_dagrun for dataset_consumes_1_never_scheduled to None, run_after=None
[2024-12-03T15:30:20.486+0000] {logging_mixin.py:120} INFO - [2024-12-03T15:30:20.486+0000] {dag.py:3340} INFO - Setting next_dagrun for dataset_consumes_unknown_never_scheduled to None, run_after=None
[2024-12-03T15:30:20.503+0000] {logging_mixin.py:120} INFO - [2024-12-03T15:30:20.502+0000] {dag.py:3340} INFO - Setting next_dagrun for dataset_produces_1 to 2024-12-02T00:00:00+00:00, run_after=2024-12-03T00:00:00+00:00
[2024-12-03T15:30:20.511+0000] {logging_mixin.py:120} INFO - [2024-12-03T15:30:20.511+0000] {dag.py:3340} INFO - Setting next_dagrun for dataset_produces_2 to None, run_after=None
[2024-12-03T15:30:20.699+0000] {processor.py:176} INFO - Processing /home/airflow/.local/lib/python3.7/site-packages/airflow/example_dags/example_datasets.py took 0.684 seconds
[2024-12-03T15:30:50.986+0000] {processor.py:154} INFO - Started process (PID=1548) to work on /home/airflow/.local/lib/python3.7/site-packages/airflow/example_dags/example_datasets.py
[2024-12-03T15:30:50.988+0000] {processor.py:756} INFO - Processing file /home/airflow/.local/lib/python3.7/site-packages/airflow/example_dags/example_datasets.py for tasks to queue
[2024-12-03T15:30:50.990+0000] {logging_mixin.py:120} INFO - [2024-12-03T15:30:50.990+0000] {dagbag.py:537} INFO - Filling up the DagBag from /home/airflow/.local/lib/python3.7/site-packages/airflow/example_dags/example_datasets.py
[2024-12-03T15:30:51.013+0000] {processor.py:766} INFO - DAG(s) dict_keys(['dataset_consumes_1', 'dataset_produces_2', 'dataset_produces_1', 'dataset_consumes_1_never_scheduled', 'dataset_consumes_unknown_never_scheduled', 'dataset_consumes_1_and_2']) retrieved from /home/airflow/.local/lib/python3.7/site-packages/airflow/example_dags/example_datasets.py
[2024-12-03T15:30:51.109+0000] {logging_mixin.py:120} INFO - [2024-12-03T15:30:51.108+0000] {dag.py:2585} INFO - Sync 6 DAGs
[2024-12-03T15:30:51.160+0000] {logging_mixin.py:120} INFO - [2024-12-03T15:30:51.159+0000] {dag.py:3340} INFO - Setting next_dagrun for dataset_consumes_1 to None, run_after=None
[2024-12-03T15:30:51.165+0000] {logging_mixin.py:120} INFO - [2024-12-03T15:30:51.165+0000] {dag.py:3340} INFO - Setting next_dagrun for dataset_consumes_1_and_2 to None, run_after=None
[2024-12-03T15:30:51.168+0000] {logging_mixin.py:120} INFO - [2024-12-03T15:30:51.168+0000] {dag.py:3340} INFO - Setting next_dagrun for dataset_consumes_1_never_scheduled to None, run_after=None
[2024-12-03T15:30:51.172+0000] {logging_mixin.py:120} INFO - [2024-12-03T15:30:51.172+0000] {dag.py:3340} INFO - Setting next_dagrun for dataset_consumes_unknown_never_scheduled to None, run_after=None
[2024-12-03T15:30:51.178+0000] {logging_mixin.py:120} INFO - [2024-12-03T15:30:51.177+0000] {dag.py:3340} INFO - Setting next_dagrun for dataset_produces_1 to 2024-12-02T00:00:00+00:00, run_after=2024-12-03T00:00:00+00:00
[2024-12-03T15:30:51.181+0000] {logging_mixin.py:120} INFO - [2024-12-03T15:30:51.181+0000] {dag.py:3340} INFO - Setting next_dagrun for dataset_produces_2 to None, run_after=None
[2024-12-03T15:30:51.237+0000] {processor.py:176} INFO - Processing /home/airflow/.local/lib/python3.7/site-packages/airflow/example_dags/example_datasets.py took 0.254 seconds
[2024-12-03T15:31:21.668+0000] {processor.py:154} INFO - Started process (PID=1612) to work on /home/airflow/.local/lib/python3.7/site-packages/airflow/example_dags/example_datasets.py
[2024-12-03T15:31:21.672+0000] {processor.py:756} INFO - Processing file /home/airflow/.local/lib/python3.7/site-packages/airflow/example_dags/example_datasets.py for tasks to queue
[2024-12-03T15:31:21.674+0000] {logging_mixin.py:120} INFO - [2024-12-03T15:31:21.673+0000] {dagbag.py:537} INFO - Filling up the DagBag from /home/airflow/.local/lib/python3.7/site-packages/airflow/example_dags/example_datasets.py
[2024-12-03T15:31:21.692+0000] {processor.py:766} INFO - DAG(s) dict_keys(['dataset_consumes_unknown_never_scheduled', 'dataset_consumes_1_never_scheduled', 'dataset_produces_1', 'dataset_produces_2', 'dataset_consumes_1_and_2', 'dataset_consumes_1']) retrieved from /home/airflow/.local/lib/python3.7/site-packages/airflow/example_dags/example_datasets.py
[2024-12-03T15:31:21.781+0000] {logging_mixin.py:120} INFO - [2024-12-03T15:31:21.780+0000] {dag.py:2585} INFO - Sync 6 DAGs
[2024-12-03T15:31:21.822+0000] {logging_mixin.py:120} INFO - [2024-12-03T15:31:21.822+0000] {dag.py:3340} INFO - Setting next_dagrun for dataset_consumes_1 to None, run_after=None
[2024-12-03T15:31:21.829+0000] {logging_mixin.py:120} INFO - [2024-12-03T15:31:21.829+0000] {dag.py:3340} INFO - Setting next_dagrun for dataset_consumes_1_and_2 to None, run_after=None
[2024-12-03T15:31:21.833+0000] {logging_mixin.py:120} INFO - [2024-12-03T15:31:21.832+0000] {dag.py:3340} INFO - Setting next_dagrun for dataset_consumes_1_never_scheduled to None, run_after=None
[2024-12-03T15:31:21.836+0000] {logging_mixin.py:120} INFO - [2024-12-03T15:31:21.835+0000] {dag.py:3340} INFO - Setting next_dagrun for dataset_consumes_unknown_never_scheduled to None, run_after=None
[2024-12-03T15:31:21.845+0000] {logging_mixin.py:120} INFO - [2024-12-03T15:31:21.845+0000] {dag.py:3340} INFO - Setting next_dagrun for dataset_produces_1 to 2024-12-02T00:00:00+00:00, run_after=2024-12-03T00:00:00+00:00
[2024-12-03T15:31:21.849+0000] {logging_mixin.py:120} INFO - [2024-12-03T15:31:21.849+0000] {dag.py:3340} INFO - Setting next_dagrun for dataset_produces_2 to None, run_after=None
[2024-12-03T15:31:21.907+0000] {processor.py:176} INFO - Processing /home/airflow/.local/lib/python3.7/site-packages/airflow/example_dags/example_datasets.py took 0.244 seconds
[2024-12-03T15:31:52.495+0000] {processor.py:154} INFO - Started process (PID=1667) to work on /home/airflow/.local/lib/python3.7/site-packages/airflow/example_dags/example_datasets.py
[2024-12-03T15:31:52.496+0000] {processor.py:756} INFO - Processing file /home/airflow/.local/lib/python3.7/site-packages/airflow/example_dags/example_datasets.py for tasks to queue
[2024-12-03T15:31:52.498+0000] {logging_mixin.py:120} INFO - [2024-12-03T15:31:52.498+0000] {dagbag.py:537} INFO - Filling up the DagBag from /home/airflow/.local/lib/python3.7/site-packages/airflow/example_dags/example_datasets.py
[2024-12-03T15:31:52.529+0000] {processor.py:766} INFO - DAG(s) dict_keys(['dataset_produces_1', 'dataset_consumes_1_and_2', 'dataset_consumes_1_never_scheduled', 'dataset_consumes_unknown_never_scheduled', 'dataset_produces_2', 'dataset_consumes_1']) retrieved from /home/airflow/.local/lib/python3.7/site-packages/airflow/example_dags/example_datasets.py
[2024-12-03T15:31:52.621+0000] {logging_mixin.py:120} INFO - [2024-12-03T15:31:52.621+0000] {dag.py:2585} INFO - Sync 6 DAGs
[2024-12-03T15:31:52.665+0000] {logging_mixin.py:120} INFO - [2024-12-03T15:31:52.665+0000] {dag.py:3340} INFO - Setting next_dagrun for dataset_consumes_1 to None, run_after=None
[2024-12-03T15:31:52.673+0000] {logging_mixin.py:120} INFO - [2024-12-03T15:31:52.673+0000] {dag.py:3340} INFO - Setting next_dagrun for dataset_consumes_1_and_2 to None, run_after=None
[2024-12-03T15:31:52.676+0000] {logging_mixin.py:120} INFO - [2024-12-03T15:31:52.676+0000] {dag.py:3340} INFO - Setting next_dagrun for dataset_consumes_1_never_scheduled to None, run_after=None
[2024-12-03T15:31:52.679+0000] {logging_mixin.py:120} INFO - [2024-12-03T15:31:52.678+0000] {dag.py:3340} INFO - Setting next_dagrun for dataset_consumes_unknown_never_scheduled to None, run_after=None
[2024-12-03T15:31:52.683+0000] {logging_mixin.py:120} INFO - [2024-12-03T15:31:52.683+0000] {dag.py:3340} INFO - Setting next_dagrun for dataset_produces_1 to 2024-12-02T00:00:00+00:00, run_after=2024-12-03T00:00:00+00:00
[2024-12-03T15:31:52.686+0000] {logging_mixin.py:120} INFO - [2024-12-03T15:31:52.686+0000] {dag.py:3340} INFO - Setting next_dagrun for dataset_produces_2 to None, run_after=None
[2024-12-03T15:31:52.750+0000] {processor.py:176} INFO - Processing /home/airflow/.local/lib/python3.7/site-packages/airflow/example_dags/example_datasets.py took 0.258 seconds
[2024-12-03T15:32:23.004+0000] {processor.py:154} INFO - Started process (PID=1731) to work on /home/airflow/.local/lib/python3.7/site-packages/airflow/example_dags/example_datasets.py
[2024-12-03T15:32:23.008+0000] {processor.py:756} INFO - Processing file /home/airflow/.local/lib/python3.7/site-packages/airflow/example_dags/example_datasets.py for tasks to queue
[2024-12-03T15:32:23.010+0000] {logging_mixin.py:120} INFO - [2024-12-03T15:32:23.010+0000] {dagbag.py:537} INFO - Filling up the DagBag from /home/airflow/.local/lib/python3.7/site-packages/airflow/example_dags/example_datasets.py
[2024-12-03T15:32:23.034+0000] {processor.py:766} INFO - DAG(s) dict_keys(['dataset_consumes_1_never_scheduled', 'dataset_consumes_1_and_2', 'dataset_produces_2', 'dataset_consumes_1', 'dataset_consumes_unknown_never_scheduled', 'dataset_produces_1']) retrieved from /home/airflow/.local/lib/python3.7/site-packages/airflow/example_dags/example_datasets.py
[2024-12-03T15:32:23.158+0000] {logging_mixin.py:120} INFO - [2024-12-03T15:32:23.157+0000] {dag.py:2585} INFO - Sync 6 DAGs
[2024-12-03T15:32:23.197+0000] {logging_mixin.py:120} INFO - [2024-12-03T15:32:23.197+0000] {dag.py:3340} INFO - Setting next_dagrun for dataset_consumes_1 to None, run_after=None
[2024-12-03T15:32:23.203+0000] {logging_mixin.py:120} INFO - [2024-12-03T15:32:23.203+0000] {dag.py:3340} INFO - Setting next_dagrun for dataset_consumes_1_and_2 to None, run_after=None
[2024-12-03T15:32:23.206+0000] {logging_mixin.py:120} INFO - [2024-12-03T15:32:23.206+0000] {dag.py:3340} INFO - Setting next_dagrun for dataset_consumes_1_never_scheduled to None, run_after=None
[2024-12-03T15:32:23.210+0000] {logging_mixin.py:120} INFO - [2024-12-03T15:32:23.210+0000] {dag.py:3340} INFO - Setting next_dagrun for dataset_consumes_unknown_never_scheduled to None, run_after=None
[2024-12-03T15:32:23.215+0000] {logging_mixin.py:120} INFO - [2024-12-03T15:32:23.215+0000] {dag.py:3340} INFO - Setting next_dagrun for dataset_produces_1 to 2024-12-02T00:00:00+00:00, run_after=2024-12-03T00:00:00+00:00
[2024-12-03T15:32:23.220+0000] {logging_mixin.py:120} INFO - [2024-12-03T15:32:23.219+0000] {dag.py:3340} INFO - Setting next_dagrun for dataset_produces_2 to None, run_after=None
[2024-12-03T15:32:23.283+0000] {processor.py:176} INFO - Processing /home/airflow/.local/lib/python3.7/site-packages/airflow/example_dags/example_datasets.py took 0.283 seconds
[2024-12-03T15:32:53.977+0000] {processor.py:154} INFO - Started process (PID=1786) to work on /home/airflow/.local/lib/python3.7/site-packages/airflow/example_dags/example_datasets.py
[2024-12-03T15:32:53.980+0000] {processor.py:756} INFO - Processing file /home/airflow/.local/lib/python3.7/site-packages/airflow/example_dags/example_datasets.py for tasks to queue
[2024-12-03T15:32:53.983+0000] {logging_mixin.py:120} INFO - [2024-12-03T15:32:53.982+0000] {dagbag.py:537} INFO - Filling up the DagBag from /home/airflow/.local/lib/python3.7/site-packages/airflow/example_dags/example_datasets.py
[2024-12-03T15:32:54.026+0000] {processor.py:766} INFO - DAG(s) dict_keys(['dataset_consumes_1', 'dataset_consumes_1_never_scheduled', 'dataset_consumes_unknown_never_scheduled', 'dataset_produces_2', 'dataset_produces_1', 'dataset_consumes_1_and_2']) retrieved from /home/airflow/.local/lib/python3.7/site-packages/airflow/example_dags/example_datasets.py
[2024-12-03T15:32:54.163+0000] {logging_mixin.py:120} INFO - [2024-12-03T15:32:54.162+0000] {dag.py:2585} INFO - Sync 6 DAGs
[2024-12-03T15:32:54.228+0000] {logging_mixin.py:120} INFO - [2024-12-03T15:32:54.227+0000] {dag.py:3340} INFO - Setting next_dagrun for dataset_consumes_1 to None, run_after=None
[2024-12-03T15:32:54.235+0000] {logging_mixin.py:120} INFO - [2024-12-03T15:32:54.235+0000] {dag.py:3340} INFO - Setting next_dagrun for dataset_consumes_1_and_2 to None, run_after=None
[2024-12-03T15:32:54.239+0000] {logging_mixin.py:120} INFO - [2024-12-03T15:32:54.239+0000] {dag.py:3340} INFO - Setting next_dagrun for dataset_consumes_1_never_scheduled to None, run_after=None
[2024-12-03T15:32:54.243+0000] {logging_mixin.py:120} INFO - [2024-12-03T15:32:54.242+0000] {dag.py:3340} INFO - Setting next_dagrun for dataset_consumes_unknown_never_scheduled to None, run_after=None
[2024-12-03T15:32:54.249+0000] {logging_mixin.py:120} INFO - [2024-12-03T15:32:54.249+0000] {dag.py:3340} INFO - Setting next_dagrun for dataset_produces_1 to 2024-12-02T00:00:00+00:00, run_after=2024-12-03T00:00:00+00:00
[2024-12-03T15:32:54.253+0000] {logging_mixin.py:120} INFO - [2024-12-03T15:32:54.253+0000] {dag.py:3340} INFO - Setting next_dagrun for dataset_produces_2 to None, run_after=None
[2024-12-03T15:32:54.326+0000] {processor.py:176} INFO - Processing /home/airflow/.local/lib/python3.7/site-packages/airflow/example_dags/example_datasets.py took 0.357 seconds
[2024-12-03T15:33:24.606+0000] {processor.py:154} INFO - Started process (PID=1850) to work on /home/airflow/.local/lib/python3.7/site-packages/airflow/example_dags/example_datasets.py
[2024-12-03T15:33:24.609+0000] {processor.py:756} INFO - Processing file /home/airflow/.local/lib/python3.7/site-packages/airflow/example_dags/example_datasets.py for tasks to queue
[2024-12-03T15:33:24.610+0000] {logging_mixin.py:120} INFO - [2024-12-03T15:33:24.610+0000] {dagbag.py:537} INFO - Filling up the DagBag from /home/airflow/.local/lib/python3.7/site-packages/airflow/example_dags/example_datasets.py
[2024-12-03T15:33:24.637+0000] {processor.py:766} INFO - DAG(s) dict_keys(['dataset_produces_1', 'dataset_produces_2', 'dataset_consumes_1_and_2', 'dataset_consumes_1', 'dataset_consumes_1_never_scheduled', 'dataset_consumes_unknown_never_scheduled']) retrieved from /home/airflow/.local/lib/python3.7/site-packages/airflow/example_dags/example_datasets.py
[2024-12-03T15:33:24.741+0000] {logging_mixin.py:120} INFO - [2024-12-03T15:33:24.741+0000] {dag.py:2585} INFO - Sync 6 DAGs
[2024-12-03T15:33:24.792+0000] {logging_mixin.py:120} INFO - [2024-12-03T15:33:24.792+0000] {dag.py:3340} INFO - Setting next_dagrun for dataset_consumes_1 to None, run_after=None
[2024-12-03T15:33:24.802+0000] {logging_mixin.py:120} INFO - [2024-12-03T15:33:24.801+0000] {dag.py:3340} INFO - Setting next_dagrun for dataset_consumes_1_and_2 to None, run_after=None
[2024-12-03T15:33:24.806+0000] {logging_mixin.py:120} INFO - [2024-12-03T15:33:24.805+0000] {dag.py:3340} INFO - Setting next_dagrun for dataset_consumes_1_never_scheduled to None, run_after=None
[2024-12-03T15:33:24.809+0000] {logging_mixin.py:120} INFO - [2024-12-03T15:33:24.809+0000] {dag.py:3340} INFO - Setting next_dagrun for dataset_consumes_unknown_never_scheduled to None, run_after=None
[2024-12-03T15:33:24.817+0000] {logging_mixin.py:120} INFO - [2024-12-03T15:33:24.817+0000] {dag.py:3340} INFO - Setting next_dagrun for dataset_produces_1 to 2024-12-02T00:00:00+00:00, run_after=2024-12-03T00:00:00+00:00
[2024-12-03T15:33:24.823+0000] {logging_mixin.py:120} INFO - [2024-12-03T15:33:24.822+0000] {dag.py:3340} INFO - Setting next_dagrun for dataset_produces_2 to None, run_after=None
[2024-12-03T15:33:24.921+0000] {processor.py:176} INFO - Processing /home/airflow/.local/lib/python3.7/site-packages/airflow/example_dags/example_datasets.py took 0.320 seconds
[2024-12-03T15:33:55.110+0000] {processor.py:154} INFO - Started process (PID=1905) to work on /home/airflow/.local/lib/python3.7/site-packages/airflow/example_dags/example_datasets.py
[2024-12-03T15:33:55.112+0000] {processor.py:756} INFO - Processing file /home/airflow/.local/lib/python3.7/site-packages/airflow/example_dags/example_datasets.py for tasks to queue
[2024-12-03T15:33:55.115+0000] {logging_mixin.py:120} INFO - [2024-12-03T15:33:55.114+0000] {dagbag.py:537} INFO - Filling up the DagBag from /home/airflow/.local/lib/python3.7/site-packages/airflow/example_dags/example_datasets.py
[2024-12-03T15:33:55.159+0000] {processor.py:766} INFO - DAG(s) dict_keys(['dataset_produces_2', 'dataset_consumes_unknown_never_scheduled', 'dataset_consumes_1_never_scheduled', 'dataset_consumes_1_and_2', 'dataset_produces_1', 'dataset_consumes_1']) retrieved from /home/airflow/.local/lib/python3.7/site-packages/airflow/example_dags/example_datasets.py
[2024-12-03T15:33:55.289+0000] {logging_mixin.py:120} INFO - [2024-12-03T15:33:55.288+0000] {dag.py:2585} INFO - Sync 6 DAGs
[2024-12-03T15:33:55.350+0000] {logging_mixin.py:120} INFO - [2024-12-03T15:33:55.350+0000] {dag.py:3340} INFO - Setting next_dagrun for dataset_consumes_1 to None, run_after=None
[2024-12-03T15:33:55.358+0000] {logging_mixin.py:120} INFO - [2024-12-03T15:33:55.358+0000] {dag.py:3340} INFO - Setting next_dagrun for dataset_consumes_1_and_2 to None, run_after=None
[2024-12-03T15:33:55.363+0000] {logging_mixin.py:120} INFO - [2024-12-03T15:33:55.363+0000] {dag.py:3340} INFO - Setting next_dagrun for dataset_consumes_1_never_scheduled to None, run_after=None
[2024-12-03T15:33:55.367+0000] {logging_mixin.py:120} INFO - [2024-12-03T15:33:55.367+0000] {dag.py:3340} INFO - Setting next_dagrun for dataset_consumes_unknown_never_scheduled to None, run_after=None
[2024-12-03T15:33:55.376+0000] {logging_mixin.py:120} INFO - [2024-12-03T15:33:55.376+0000] {dag.py:3340} INFO - Setting next_dagrun for dataset_produces_1 to 2024-12-02T00:00:00+00:00, run_after=2024-12-03T00:00:00+00:00
[2024-12-03T15:33:55.380+0000] {logging_mixin.py:120} INFO - [2024-12-03T15:33:55.380+0000] {dag.py:3340} INFO - Setting next_dagrun for dataset_produces_2 to None, run_after=None
[2024-12-03T15:33:55.454+0000] {processor.py:176} INFO - Processing /home/airflow/.local/lib/python3.7/site-packages/airflow/example_dags/example_datasets.py took 0.349 seconds
[2024-12-03T15:34:25.657+0000] {processor.py:154} INFO - Started process (PID=1969) to work on /home/airflow/.local/lib/python3.7/site-packages/airflow/example_dags/example_datasets.py
[2024-12-03T15:34:25.660+0000] {processor.py:756} INFO - Processing file /home/airflow/.local/lib/python3.7/site-packages/airflow/example_dags/example_datasets.py for tasks to queue
[2024-12-03T15:34:25.664+0000] {logging_mixin.py:120} INFO - [2024-12-03T15:34:25.664+0000] {dagbag.py:537} INFO - Filling up the DagBag from /home/airflow/.local/lib/python3.7/site-packages/airflow/example_dags/example_datasets.py
[2024-12-03T15:34:25.695+0000] {processor.py:766} INFO - DAG(s) dict_keys(['dataset_consumes_1_and_2', 'dataset_consumes_1', 'dataset_consumes_unknown_never_scheduled', 'dataset_consumes_1_never_scheduled', 'dataset_produces_1', 'dataset_produces_2']) retrieved from /home/airflow/.local/lib/python3.7/site-packages/airflow/example_dags/example_datasets.py
[2024-12-03T15:34:25.808+0000] {logging_mixin.py:120} INFO - [2024-12-03T15:34:25.807+0000] {dag.py:2585} INFO - Sync 6 DAGs
[2024-12-03T15:34:25.875+0000] {logging_mixin.py:120} INFO - [2024-12-03T15:34:25.874+0000] {dag.py:3340} INFO - Setting next_dagrun for dataset_consumes_1 to None, run_after=None
[2024-12-03T15:34:25.884+0000] {logging_mixin.py:120} INFO - [2024-12-03T15:34:25.883+0000] {dag.py:3340} INFO - Setting next_dagrun for dataset_consumes_1_and_2 to None, run_after=None
[2024-12-03T15:34:25.887+0000] {logging_mixin.py:120} INFO - [2024-12-03T15:34:25.886+0000] {dag.py:3340} INFO - Setting next_dagrun for dataset_consumes_1_never_scheduled to None, run_after=None
[2024-12-03T15:34:25.890+0000] {logging_mixin.py:120} INFO - [2024-12-03T15:34:25.890+0000] {dag.py:3340} INFO - Setting next_dagrun for dataset_consumes_unknown_never_scheduled to None, run_after=None
[2024-12-03T15:34:25.899+0000] {logging_mixin.py:120} INFO - [2024-12-03T15:34:25.898+0000] {dag.py:3340} INFO - Setting next_dagrun for dataset_produces_1 to 2024-12-02T00:00:00+00:00, run_after=2024-12-03T00:00:00+00:00
[2024-12-03T15:34:25.902+0000] {logging_mixin.py:120} INFO - [2024-12-03T15:34:25.902+0000] {dag.py:3340} INFO - Setting next_dagrun for dataset_produces_2 to None, run_after=None
[2024-12-03T15:34:25.984+0000] {processor.py:176} INFO - Processing /home/airflow/.local/lib/python3.7/site-packages/airflow/example_dags/example_datasets.py took 0.331 seconds
[2024-12-03T15:34:56.219+0000] {processor.py:154} INFO - Started process (PID=2024) to work on /home/airflow/.local/lib/python3.7/site-packages/airflow/example_dags/example_datasets.py
[2024-12-03T15:34:56.221+0000] {processor.py:756} INFO - Processing file /home/airflow/.local/lib/python3.7/site-packages/airflow/example_dags/example_datasets.py for tasks to queue
[2024-12-03T15:34:56.230+0000] {logging_mixin.py:120} INFO - [2024-12-03T15:34:56.229+0000] {dagbag.py:537} INFO - Filling up the DagBag from /home/airflow/.local/lib/python3.7/site-packages/airflow/example_dags/example_datasets.py
[2024-12-03T15:34:56.267+0000] {processor.py:766} INFO - DAG(s) dict_keys(['dataset_consumes_1_never_scheduled', 'dataset_consumes_1_and_2', 'dataset_produces_2', 'dataset_produces_1', 'dataset_consumes_unknown_never_scheduled', 'dataset_consumes_1']) retrieved from /home/airflow/.local/lib/python3.7/site-packages/airflow/example_dags/example_datasets.py
[2024-12-03T15:34:56.393+0000] {logging_mixin.py:120} INFO - [2024-12-03T15:34:56.393+0000] {dag.py:2585} INFO - Sync 6 DAGs
[2024-12-03T15:34:56.450+0000] {logging_mixin.py:120} INFO - [2024-12-03T15:34:56.449+0000] {dag.py:3340} INFO - Setting next_dagrun for dataset_consumes_1 to None, run_after=None
[2024-12-03T15:34:56.456+0000] {logging_mixin.py:120} INFO - [2024-12-03T15:34:56.456+0000] {dag.py:3340} INFO - Setting next_dagrun for dataset_consumes_1_and_2 to None, run_after=None
[2024-12-03T15:34:56.459+0000] {logging_mixin.py:120} INFO - [2024-12-03T15:34:56.459+0000] {dag.py:3340} INFO - Setting next_dagrun for dataset_consumes_1_never_scheduled to None, run_after=None
[2024-12-03T15:34:56.464+0000] {logging_mixin.py:120} INFO - [2024-12-03T15:34:56.463+0000] {dag.py:3340} INFO - Setting next_dagrun for dataset_consumes_unknown_never_scheduled to None, run_after=None
[2024-12-03T15:34:56.470+0000] {logging_mixin.py:120} INFO - [2024-12-03T15:34:56.470+0000] {dag.py:3340} INFO - Setting next_dagrun for dataset_produces_1 to 2024-12-02T00:00:00+00:00, run_after=2024-12-03T00:00:00+00:00
[2024-12-03T15:34:56.478+0000] {logging_mixin.py:120} INFO - [2024-12-03T15:34:56.477+0000] {dag.py:3340} INFO - Setting next_dagrun for dataset_produces_2 to None, run_after=None
[2024-12-03T15:34:56.542+0000] {processor.py:176} INFO - Processing /home/airflow/.local/lib/python3.7/site-packages/airflow/example_dags/example_datasets.py took 0.330 seconds
[2024-12-03T15:35:26.748+0000] {processor.py:154} INFO - Started process (PID=2085) to work on /home/airflow/.local/lib/python3.7/site-packages/airflow/example_dags/example_datasets.py
[2024-12-03T15:35:26.750+0000] {processor.py:756} INFO - Processing file /home/airflow/.local/lib/python3.7/site-packages/airflow/example_dags/example_datasets.py for tasks to queue
[2024-12-03T15:35:26.752+0000] {logging_mixin.py:120} INFO - [2024-12-03T15:35:26.752+0000] {dagbag.py:537} INFO - Filling up the DagBag from /home/airflow/.local/lib/python3.7/site-packages/airflow/example_dags/example_datasets.py
[2024-12-03T15:35:26.788+0000] {processor.py:766} INFO - DAG(s) dict_keys(['dataset_produces_1', 'dataset_consumes_1_and_2', 'dataset_produces_2', 'dataset_consumes_1_never_scheduled', 'dataset_consumes_unknown_never_scheduled', 'dataset_consumes_1']) retrieved from /home/airflow/.local/lib/python3.7/site-packages/airflow/example_dags/example_datasets.py
[2024-12-03T15:35:26.908+0000] {logging_mixin.py:120} INFO - [2024-12-03T15:35:26.908+0000] {dag.py:2585} INFO - Sync 6 DAGs
[2024-12-03T15:35:26.980+0000] {logging_mixin.py:120} INFO - [2024-12-03T15:35:26.980+0000] {dag.py:3340} INFO - Setting next_dagrun for dataset_consumes_1 to None, run_after=None
[2024-12-03T15:35:26.987+0000] {logging_mixin.py:120} INFO - [2024-12-03T15:35:26.987+0000] {dag.py:3340} INFO - Setting next_dagrun for dataset_consumes_1_and_2 to None, run_after=None
[2024-12-03T15:35:26.990+0000] {logging_mixin.py:120} INFO - [2024-12-03T15:35:26.990+0000] {dag.py:3340} INFO - Setting next_dagrun for dataset_consumes_1_never_scheduled to None, run_after=None
[2024-12-03T15:35:26.994+0000] {logging_mixin.py:120} INFO - [2024-12-03T15:35:26.994+0000] {dag.py:3340} INFO - Setting next_dagrun for dataset_consumes_unknown_never_scheduled to None, run_after=None
[2024-12-03T15:35:27.001+0000] {logging_mixin.py:120} INFO - [2024-12-03T15:35:27.001+0000] {dag.py:3340} INFO - Setting next_dagrun for dataset_produces_1 to 2024-12-02T00:00:00+00:00, run_after=2024-12-03T00:00:00+00:00
[2024-12-03T15:35:27.004+0000] {logging_mixin.py:120} INFO - [2024-12-03T15:35:27.004+0000] {dag.py:3340} INFO - Setting next_dagrun for dataset_produces_2 to None, run_after=None
[2024-12-03T15:35:27.075+0000] {processor.py:176} INFO - Processing /home/airflow/.local/lib/python3.7/site-packages/airflow/example_dags/example_datasets.py took 0.334 seconds
[2024-12-03T15:35:57.767+0000] {processor.py:154} INFO - Started process (PID=2142) to work on /home/airflow/.local/lib/python3.7/site-packages/airflow/example_dags/example_datasets.py
[2024-12-03T15:35:57.769+0000] {processor.py:756} INFO - Processing file /home/airflow/.local/lib/python3.7/site-packages/airflow/example_dags/example_datasets.py for tasks to queue
[2024-12-03T15:35:57.774+0000] {logging_mixin.py:120} INFO - [2024-12-03T15:35:57.773+0000] {dagbag.py:537} INFO - Filling up the DagBag from /home/airflow/.local/lib/python3.7/site-packages/airflow/example_dags/example_datasets.py
[2024-12-03T15:35:57.820+0000] {processor.py:766} INFO - DAG(s) dict_keys(['dataset_produces_1', 'dataset_consumes_1', 'dataset_consumes_unknown_never_scheduled', 'dataset_consumes_1_and_2', 'dataset_consumes_1_never_scheduled', 'dataset_produces_2']) retrieved from /home/airflow/.local/lib/python3.7/site-packages/airflow/example_dags/example_datasets.py
[2024-12-03T15:35:57.968+0000] {logging_mixin.py:120} INFO - [2024-12-03T15:35:57.968+0000] {dag.py:2585} INFO - Sync 6 DAGs
[2024-12-03T15:35:58.032+0000] {logging_mixin.py:120} INFO - [2024-12-03T15:35:58.031+0000] {dag.py:3340} INFO - Setting next_dagrun for dataset_consumes_1 to None, run_after=None
[2024-12-03T15:35:58.039+0000] {logging_mixin.py:120} INFO - [2024-12-03T15:35:58.039+0000] {dag.py:3340} INFO - Setting next_dagrun for dataset_consumes_1_and_2 to None, run_after=None
[2024-12-03T15:35:58.043+0000] {logging_mixin.py:120} INFO - [2024-12-03T15:35:58.043+0000] {dag.py:3340} INFO - Setting next_dagrun for dataset_consumes_1_never_scheduled to None, run_after=None
[2024-12-03T15:35:58.047+0000] {logging_mixin.py:120} INFO - [2024-12-03T15:35:58.047+0000] {dag.py:3340} INFO - Setting next_dagrun for dataset_consumes_unknown_never_scheduled to None, run_after=None
[2024-12-03T15:35:58.054+0000] {logging_mixin.py:120} INFO - [2024-12-03T15:35:58.054+0000] {dag.py:3340} INFO - Setting next_dagrun for dataset_produces_1 to 2024-12-02T00:00:00+00:00, run_after=2024-12-03T00:00:00+00:00
[2024-12-03T15:35:58.058+0000] {logging_mixin.py:120} INFO - [2024-12-03T15:35:58.058+0000] {dag.py:3340} INFO - Setting next_dagrun for dataset_produces_2 to None, run_after=None
[2024-12-03T15:35:58.130+0000] {processor.py:176} INFO - Processing /home/airflow/.local/lib/python3.7/site-packages/airflow/example_dags/example_datasets.py took 0.371 seconds
[2024-12-03T15:36:28.342+0000] {processor.py:154} INFO - Started process (PID=2197) to work on /home/airflow/.local/lib/python3.7/site-packages/airflow/example_dags/example_datasets.py
[2024-12-03T15:36:28.345+0000] {processor.py:756} INFO - Processing file /home/airflow/.local/lib/python3.7/site-packages/airflow/example_dags/example_datasets.py for tasks to queue
[2024-12-03T15:36:28.352+0000] {logging_mixin.py:120} INFO - [2024-12-03T15:36:28.351+0000] {dagbag.py:537} INFO - Filling up the DagBag from /home/airflow/.local/lib/python3.7/site-packages/airflow/example_dags/example_datasets.py
[2024-12-03T15:36:28.398+0000] {processor.py:766} INFO - DAG(s) dict_keys(['dataset_produces_2', 'dataset_consumes_unknown_never_scheduled', 'dataset_consumes_1_never_scheduled', 'dataset_consumes_1_and_2', 'dataset_produces_1', 'dataset_consumes_1']) retrieved from /home/airflow/.local/lib/python3.7/site-packages/airflow/example_dags/example_datasets.py
[2024-12-03T15:36:28.541+0000] {logging_mixin.py:120} INFO - [2024-12-03T15:36:28.541+0000] {dag.py:2585} INFO - Sync 6 DAGs
[2024-12-03T15:36:28.602+0000] {logging_mixin.py:120} INFO - [2024-12-03T15:36:28.601+0000] {dag.py:3340} INFO - Setting next_dagrun for dataset_consumes_1 to None, run_after=None
[2024-12-03T15:36:28.611+0000] {logging_mixin.py:120} INFO - [2024-12-03T15:36:28.611+0000] {dag.py:3340} INFO - Setting next_dagrun for dataset_consumes_1_and_2 to None, run_after=None
[2024-12-03T15:36:28.616+0000] {logging_mixin.py:120} INFO - [2024-12-03T15:36:28.616+0000] {dag.py:3340} INFO - Setting next_dagrun for dataset_consumes_1_never_scheduled to None, run_after=None
[2024-12-03T15:36:28.621+0000] {logging_mixin.py:120} INFO - [2024-12-03T15:36:28.621+0000] {dag.py:3340} INFO - Setting next_dagrun for dataset_consumes_unknown_never_scheduled to None, run_after=None
[2024-12-03T15:36:28.628+0000] {logging_mixin.py:120} INFO - [2024-12-03T15:36:28.628+0000] {dag.py:3340} INFO - Setting next_dagrun for dataset_produces_1 to 2024-12-02T00:00:00+00:00, run_after=2024-12-03T00:00:00+00:00
[2024-12-03T15:36:28.633+0000] {logging_mixin.py:120} INFO - [2024-12-03T15:36:28.632+0000] {dag.py:3340} INFO - Setting next_dagrun for dataset_produces_2 to None, run_after=None
[2024-12-03T15:36:28.719+0000] {processor.py:176} INFO - Processing /home/airflow/.local/lib/python3.7/site-packages/airflow/example_dags/example_datasets.py took 0.384 seconds
[2024-12-03T15:36:58.987+0000] {processor.py:154} INFO - Started process (PID=2263) to work on /home/airflow/.local/lib/python3.7/site-packages/airflow/example_dags/example_datasets.py
[2024-12-03T15:36:58.988+0000] {processor.py:756} INFO - Processing file /home/airflow/.local/lib/python3.7/site-packages/airflow/example_dags/example_datasets.py for tasks to queue
[2024-12-03T15:36:58.991+0000] {logging_mixin.py:120} INFO - [2024-12-03T15:36:58.990+0000] {dagbag.py:537} INFO - Filling up the DagBag from /home/airflow/.local/lib/python3.7/site-packages/airflow/example_dags/example_datasets.py
[2024-12-03T15:36:59.035+0000] {processor.py:766} INFO - DAG(s) dict_keys(['dataset_consumes_unknown_never_scheduled', 'dataset_produces_2', 'dataset_produces_1', 'dataset_consumes_1', 'dataset_consumes_1_never_scheduled', 'dataset_consumes_1_and_2']) retrieved from /home/airflow/.local/lib/python3.7/site-packages/airflow/example_dags/example_datasets.py
[2024-12-03T15:36:59.149+0000] {logging_mixin.py:120} INFO - [2024-12-03T15:36:59.149+0000] {dag.py:2585} INFO - Sync 6 DAGs
[2024-12-03T15:36:59.203+0000] {logging_mixin.py:120} INFO - [2024-12-03T15:36:59.203+0000] {dag.py:3340} INFO - Setting next_dagrun for dataset_consumes_1 to None, run_after=None
[2024-12-03T15:36:59.211+0000] {logging_mixin.py:120} INFO - [2024-12-03T15:36:59.211+0000] {dag.py:3340} INFO - Setting next_dagrun for dataset_consumes_1_and_2 to None, run_after=None
[2024-12-03T15:36:59.215+0000] {logging_mixin.py:120} INFO - [2024-12-03T15:36:59.214+0000] {dag.py:3340} INFO - Setting next_dagrun for dataset_consumes_1_never_scheduled to None, run_after=None
[2024-12-03T15:36:59.218+0000] {logging_mixin.py:120} INFO - [2024-12-03T15:36:59.218+0000] {dag.py:3340} INFO - Setting next_dagrun for dataset_consumes_unknown_never_scheduled to None, run_after=None
[2024-12-03T15:36:59.224+0000] {logging_mixin.py:120} INFO - [2024-12-03T15:36:59.223+0000] {dag.py:3340} INFO - Setting next_dagrun for dataset_produces_1 to 2024-12-02T00:00:00+00:00, run_after=2024-12-03T00:00:00+00:00
[2024-12-03T15:36:59.227+0000] {logging_mixin.py:120} INFO - [2024-12-03T15:36:59.227+0000] {dag.py:3340} INFO - Setting next_dagrun for dataset_produces_2 to None, run_after=None
[2024-12-03T15:36:59.292+0000] {processor.py:176} INFO - Processing /home/airflow/.local/lib/python3.7/site-packages/airflow/example_dags/example_datasets.py took 0.312 seconds
[2024-12-03T15:37:29.796+0000] {processor.py:154} INFO - Started process (PID=2318) to work on /home/airflow/.local/lib/python3.7/site-packages/airflow/example_dags/example_datasets.py
[2024-12-03T15:37:29.800+0000] {processor.py:756} INFO - Processing file /home/airflow/.local/lib/python3.7/site-packages/airflow/example_dags/example_datasets.py for tasks to queue
[2024-12-03T15:37:29.802+0000] {logging_mixin.py:120} INFO - [2024-12-03T15:37:29.802+0000] {dagbag.py:537} INFO - Filling up the DagBag from /home/airflow/.local/lib/python3.7/site-packages/airflow/example_dags/example_datasets.py
[2024-12-03T15:37:29.837+0000] {processor.py:766} INFO - DAG(s) dict_keys(['dataset_consumes_1_never_scheduled', 'dataset_produces_2', 'dataset_produces_1', 'dataset_consumes_1', 'dataset_consumes_unknown_never_scheduled', 'dataset_consumes_1_and_2']) retrieved from /home/airflow/.local/lib/python3.7/site-packages/airflow/example_dags/example_datasets.py
[2024-12-03T15:37:29.970+0000] {logging_mixin.py:120} INFO - [2024-12-03T15:37:29.969+0000] {dag.py:2585} INFO - Sync 6 DAGs
[2024-12-03T15:37:30.016+0000] {logging_mixin.py:120} INFO - [2024-12-03T15:37:30.016+0000] {dag.py:3340} INFO - Setting next_dagrun for dataset_consumes_1 to None, run_after=None
[2024-12-03T15:37:30.023+0000] {logging_mixin.py:120} INFO - [2024-12-03T15:37:30.023+0000] {dag.py:3340} INFO - Setting next_dagrun for dataset_consumes_1_and_2 to None, run_after=None
[2024-12-03T15:37:30.026+0000] {logging_mixin.py:120} INFO - [2024-12-03T15:37:30.026+0000] {dag.py:3340} INFO - Setting next_dagrun for dataset_consumes_1_never_scheduled to None, run_after=None
[2024-12-03T15:37:30.030+0000] {logging_mixin.py:120} INFO - [2024-12-03T15:37:30.030+0000] {dag.py:3340} INFO - Setting next_dagrun for dataset_consumes_unknown_never_scheduled to None, run_after=None
[2024-12-03T15:37:30.036+0000] {logging_mixin.py:120} INFO - [2024-12-03T15:37:30.036+0000] {dag.py:3340} INFO - Setting next_dagrun for dataset_produces_1 to 2024-12-02T00:00:00+00:00, run_after=2024-12-03T00:00:00+00:00
[2024-12-03T15:37:30.040+0000] {logging_mixin.py:120} INFO - [2024-12-03T15:37:30.039+0000] {dag.py:3340} INFO - Setting next_dagrun for dataset_produces_2 to None, run_after=None
[2024-12-03T15:37:30.108+0000] {processor.py:176} INFO - Processing /home/airflow/.local/lib/python3.7/site-packages/airflow/example_dags/example_datasets.py took 0.317 seconds
[2024-12-03T15:38:00.582+0000] {processor.py:154} INFO - Started process (PID=2382) to work on /home/airflow/.local/lib/python3.7/site-packages/airflow/example_dags/example_datasets.py
[2024-12-03T15:38:00.584+0000] {processor.py:756} INFO - Processing file /home/airflow/.local/lib/python3.7/site-packages/airflow/example_dags/example_datasets.py for tasks to queue
[2024-12-03T15:38:00.586+0000] {logging_mixin.py:120} INFO - [2024-12-03T15:38:00.586+0000] {dagbag.py:537} INFO - Filling up the DagBag from /home/airflow/.local/lib/python3.7/site-packages/airflow/example_dags/example_datasets.py
[2024-12-03T15:38:00.614+0000] {processor.py:766} INFO - DAG(s) dict_keys(['dataset_produces_1', 'dataset_consumes_1_never_scheduled', 'dataset_consumes_unknown_never_scheduled', 'dataset_consumes_1', 'dataset_produces_2', 'dataset_consumes_1_and_2']) retrieved from /home/airflow/.local/lib/python3.7/site-packages/airflow/example_dags/example_datasets.py
[2024-12-03T15:38:00.729+0000] {logging_mixin.py:120} INFO - [2024-12-03T15:38:00.729+0000] {dag.py:2585} INFO - Sync 6 DAGs
[2024-12-03T15:38:00.792+0000] {logging_mixin.py:120} INFO - [2024-12-03T15:38:00.792+0000] {dag.py:3340} INFO - Setting next_dagrun for dataset_consumes_1 to None, run_after=None
[2024-12-03T15:38:00.801+0000] {logging_mixin.py:120} INFO - [2024-12-03T15:38:00.801+0000] {dag.py:3340} INFO - Setting next_dagrun for dataset_consumes_1_and_2 to None, run_after=None
[2024-12-03T15:38:00.805+0000] {logging_mixin.py:120} INFO - [2024-12-03T15:38:00.805+0000] {dag.py:3340} INFO - Setting next_dagrun for dataset_consumes_1_never_scheduled to None, run_after=None
[2024-12-03T15:38:00.809+0000] {logging_mixin.py:120} INFO - [2024-12-03T15:38:00.809+0000] {dag.py:3340} INFO - Setting next_dagrun for dataset_consumes_unknown_never_scheduled to None, run_after=None
[2024-12-03T15:38:00.819+0000] {logging_mixin.py:120} INFO - [2024-12-03T15:38:00.819+0000] {dag.py:3340} INFO - Setting next_dagrun for dataset_produces_1 to 2024-12-02T00:00:00+00:00, run_after=2024-12-03T00:00:00+00:00
[2024-12-03T15:38:00.824+0000] {logging_mixin.py:120} INFO - [2024-12-03T15:38:00.823+0000] {dag.py:3340} INFO - Setting next_dagrun for dataset_produces_2 to None, run_after=None
[2024-12-03T15:38:00.901+0000] {processor.py:176} INFO - Processing /home/airflow/.local/lib/python3.7/site-packages/airflow/example_dags/example_datasets.py took 0.324 seconds
[2024-12-03T15:38:31.045+0000] {processor.py:154} INFO - Started process (PID=2437) to work on /home/airflow/.local/lib/python3.7/site-packages/airflow/example_dags/example_datasets.py
[2024-12-03T15:38:31.046+0000] {processor.py:756} INFO - Processing file /home/airflow/.local/lib/python3.7/site-packages/airflow/example_dags/example_datasets.py for tasks to queue
[2024-12-03T15:38:31.048+0000] {logging_mixin.py:120} INFO - [2024-12-03T15:38:31.048+0000] {dagbag.py:537} INFO - Filling up the DagBag from /home/airflow/.local/lib/python3.7/site-packages/airflow/example_dags/example_datasets.py
[2024-12-03T15:38:31.094+0000] {processor.py:766} INFO - DAG(s) dict_keys(['dataset_consumes_1_and_2', 'dataset_consumes_1_never_scheduled', 'dataset_consumes_1', 'dataset_produces_1', 'dataset_consumes_unknown_never_scheduled', 'dataset_produces_2']) retrieved from /home/airflow/.local/lib/python3.7/site-packages/airflow/example_dags/example_datasets.py
[2024-12-03T15:38:31.214+0000] {logging_mixin.py:120} INFO - [2024-12-03T15:38:31.213+0000] {dag.py:2585} INFO - Sync 6 DAGs
[2024-12-03T15:38:31.264+0000] {logging_mixin.py:120} INFO - [2024-12-03T15:38:31.264+0000] {dag.py:3340} INFO - Setting next_dagrun for dataset_consumes_1 to None, run_after=None
[2024-12-03T15:38:31.272+0000] {logging_mixin.py:120} INFO - [2024-12-03T15:38:31.271+0000] {dag.py:3340} INFO - Setting next_dagrun for dataset_consumes_1_and_2 to None, run_after=None
[2024-12-03T15:38:31.275+0000] {logging_mixin.py:120} INFO - [2024-12-03T15:38:31.274+0000] {dag.py:3340} INFO - Setting next_dagrun for dataset_consumes_1_never_scheduled to None, run_after=None
[2024-12-03T15:38:31.278+0000] {logging_mixin.py:120} INFO - [2024-12-03T15:38:31.278+0000] {dag.py:3340} INFO - Setting next_dagrun for dataset_consumes_unknown_never_scheduled to None, run_after=None
[2024-12-03T15:38:31.286+0000] {logging_mixin.py:120} INFO - [2024-12-03T15:38:31.286+0000] {dag.py:3340} INFO - Setting next_dagrun for dataset_produces_1 to 2024-12-02T00:00:00+00:00, run_after=2024-12-03T00:00:00+00:00
[2024-12-03T15:38:31.290+0000] {logging_mixin.py:120} INFO - [2024-12-03T15:38:31.289+0000] {dag.py:3340} INFO - Setting next_dagrun for dataset_produces_2 to None, run_after=None
[2024-12-03T15:38:31.357+0000] {processor.py:176} INFO - Processing /home/airflow/.local/lib/python3.7/site-packages/airflow/example_dags/example_datasets.py took 0.318 seconds
[2024-12-03T15:39:01.677+0000] {processor.py:154} INFO - Started process (PID=2501) to work on /home/airflow/.local/lib/python3.7/site-packages/airflow/example_dags/example_datasets.py
[2024-12-03T15:39:01.679+0000] {processor.py:756} INFO - Processing file /home/airflow/.local/lib/python3.7/site-packages/airflow/example_dags/example_datasets.py for tasks to queue
[2024-12-03T15:39:01.681+0000] {logging_mixin.py:120} INFO - [2024-12-03T15:39:01.681+0000] {dagbag.py:537} INFO - Filling up the DagBag from /home/airflow/.local/lib/python3.7/site-packages/airflow/example_dags/example_datasets.py
[2024-12-03T15:39:01.717+0000] {processor.py:766} INFO - DAG(s) dict_keys(['dataset_consumes_1', 'dataset_consumes_1_and_2', 'dataset_consumes_1_never_scheduled', 'dataset_produces_2', 'dataset_produces_1', 'dataset_consumes_unknown_never_scheduled']) retrieved from /home/airflow/.local/lib/python3.7/site-packages/airflow/example_dags/example_datasets.py
[2024-12-03T15:39:01.849+0000] {logging_mixin.py:120} INFO - [2024-12-03T15:39:01.848+0000] {dag.py:2585} INFO - Sync 6 DAGs
[2024-12-03T15:39:01.901+0000] {logging_mixin.py:120} INFO - [2024-12-03T15:39:01.900+0000] {dag.py:3340} INFO - Setting next_dagrun for dataset_consumes_1 to None, run_after=None
[2024-12-03T15:39:01.910+0000] {logging_mixin.py:120} INFO - [2024-12-03T15:39:01.910+0000] {dag.py:3340} INFO - Setting next_dagrun for dataset_consumes_1_and_2 to None, run_after=None
[2024-12-03T15:39:01.915+0000] {logging_mixin.py:120} INFO - [2024-12-03T15:39:01.914+0000] {dag.py:3340} INFO - Setting next_dagrun for dataset_consumes_1_never_scheduled to None, run_after=None
[2024-12-03T15:39:01.920+0000] {logging_mixin.py:120} INFO - [2024-12-03T15:39:01.919+0000] {dag.py:3340} INFO - Setting next_dagrun for dataset_consumes_unknown_never_scheduled to None, run_after=None
[2024-12-03T15:39:01.927+0000] {logging_mixin.py:120} INFO - [2024-12-03T15:39:01.927+0000] {dag.py:3340} INFO - Setting next_dagrun for dataset_produces_1 to 2024-12-02T00:00:00+00:00, run_after=2024-12-03T00:00:00+00:00
[2024-12-03T15:39:01.931+0000] {logging_mixin.py:120} INFO - [2024-12-03T15:39:01.931+0000] {dag.py:3340} INFO - Setting next_dagrun for dataset_produces_2 to None, run_after=None
[2024-12-03T15:39:01.995+0000] {processor.py:176} INFO - Processing /home/airflow/.local/lib/python3.7/site-packages/airflow/example_dags/example_datasets.py took 0.324 seconds
[2024-12-03T15:39:32.699+0000] {processor.py:154} INFO - Started process (PID=2556) to work on /home/airflow/.local/lib/python3.7/site-packages/airflow/example_dags/example_datasets.py
[2024-12-03T15:39:32.700+0000] {processor.py:756} INFO - Processing file /home/airflow/.local/lib/python3.7/site-packages/airflow/example_dags/example_datasets.py for tasks to queue
[2024-12-03T15:39:32.703+0000] {logging_mixin.py:120} INFO - [2024-12-03T15:39:32.702+0000] {dagbag.py:537} INFO - Filling up the DagBag from /home/airflow/.local/lib/python3.7/site-packages/airflow/example_dags/example_datasets.py
[2024-12-03T15:39:32.753+0000] {processor.py:766} INFO - DAG(s) dict_keys(['dataset_consumes_1_and_2', 'dataset_consumes_1', 'dataset_consumes_unknown_never_scheduled', 'dataset_consumes_1_never_scheduled', 'dataset_produces_2', 'dataset_produces_1']) retrieved from /home/airflow/.local/lib/python3.7/site-packages/airflow/example_dags/example_datasets.py
[2024-12-03T15:39:32.882+0000] {logging_mixin.py:120} INFO - [2024-12-03T15:39:32.882+0000] {dag.py:2585} INFO - Sync 6 DAGs
[2024-12-03T15:39:32.919+0000] {logging_mixin.py:120} INFO - [2024-12-03T15:39:32.918+0000] {dag.py:3340} INFO - Setting next_dagrun for dataset_consumes_1 to None, run_after=None
[2024-12-03T15:39:32.928+0000] {logging_mixin.py:120} INFO - [2024-12-03T15:39:32.927+0000] {dag.py:3340} INFO - Setting next_dagrun for dataset_consumes_1_and_2 to None, run_after=None
[2024-12-03T15:39:32.932+0000] {logging_mixin.py:120} INFO - [2024-12-03T15:39:32.931+0000] {dag.py:3340} INFO - Setting next_dagrun for dataset_consumes_1_never_scheduled to None, run_after=None
[2024-12-03T15:39:32.937+0000] {logging_mixin.py:120} INFO - [2024-12-03T15:39:32.937+0000] {dag.py:3340} INFO - Setting next_dagrun for dataset_consumes_unknown_never_scheduled to None, run_after=None
[2024-12-03T15:39:32.943+0000] {logging_mixin.py:120} INFO - [2024-12-03T15:39:32.943+0000] {dag.py:3340} INFO - Setting next_dagrun for dataset_produces_1 to 2024-12-02T00:00:00+00:00, run_after=2024-12-03T00:00:00+00:00
[2024-12-03T15:39:32.945+0000] {logging_mixin.py:120} INFO - [2024-12-03T15:39:32.945+0000] {dag.py:3340} INFO - Setting next_dagrun for dataset_produces_2 to None, run_after=None
[2024-12-03T15:39:33.001+0000] {processor.py:176} INFO - Processing /home/airflow/.local/lib/python3.7/site-packages/airflow/example_dags/example_datasets.py took 0.306 seconds
[2024-12-03T15:40:03.277+0000] {processor.py:154} INFO - Started process (PID=2621) to work on /home/airflow/.local/lib/python3.7/site-packages/airflow/example_dags/example_datasets.py
[2024-12-03T15:40:03.279+0000] {processor.py:756} INFO - Processing file /home/airflow/.local/lib/python3.7/site-packages/airflow/example_dags/example_datasets.py for tasks to queue
[2024-12-03T15:40:03.282+0000] {logging_mixin.py:120} INFO - [2024-12-03T15:40:03.280+0000] {dagbag.py:537} INFO - Filling up the DagBag from /home/airflow/.local/lib/python3.7/site-packages/airflow/example_dags/example_datasets.py
[2024-12-03T15:40:03.319+0000] {processor.py:766} INFO - DAG(s) dict_keys(['dataset_consumes_1', 'dataset_produces_1', 'dataset_consumes_1_and_2', 'dataset_consumes_1_never_scheduled', 'dataset_consumes_unknown_never_scheduled', 'dataset_produces_2']) retrieved from /home/airflow/.local/lib/python3.7/site-packages/airflow/example_dags/example_datasets.py
[2024-12-03T15:40:03.470+0000] {logging_mixin.py:120} INFO - [2024-12-03T15:40:03.470+0000] {dag.py:2585} INFO - Sync 6 DAGs
[2024-12-03T15:40:03.526+0000] {logging_mixin.py:120} INFO - [2024-12-03T15:40:03.525+0000] {dag.py:3340} INFO - Setting next_dagrun for dataset_consumes_1 to None, run_after=None
[2024-12-03T15:40:03.533+0000] {logging_mixin.py:120} INFO - [2024-12-03T15:40:03.533+0000] {dag.py:3340} INFO - Setting next_dagrun for dataset_consumes_1_and_2 to None, run_after=None
[2024-12-03T15:40:03.537+0000] {logging_mixin.py:120} INFO - [2024-12-03T15:40:03.537+0000] {dag.py:3340} INFO - Setting next_dagrun for dataset_consumes_1_never_scheduled to None, run_after=None
[2024-12-03T15:40:03.541+0000] {logging_mixin.py:120} INFO - [2024-12-03T15:40:03.541+0000] {dag.py:3340} INFO - Setting next_dagrun for dataset_consumes_unknown_never_scheduled to None, run_after=None
[2024-12-03T15:40:03.549+0000] {logging_mixin.py:120} INFO - [2024-12-03T15:40:03.548+0000] {dag.py:3340} INFO - Setting next_dagrun for dataset_produces_1 to 2024-12-02T00:00:00+00:00, run_after=2024-12-03T00:00:00+00:00
[2024-12-03T15:40:03.552+0000] {logging_mixin.py:120} INFO - [2024-12-03T15:40:03.552+0000] {dag.py:3340} INFO - Setting next_dagrun for dataset_produces_2 to None, run_after=None
[2024-12-03T15:40:03.648+0000] {processor.py:176} INFO - Processing /home/airflow/.local/lib/python3.7/site-packages/airflow/example_dags/example_datasets.py took 0.377 seconds
[2024-12-03T15:40:33.822+0000] {processor.py:154} INFO - Started process (PID=2675) to work on /home/airflow/.local/lib/python3.7/site-packages/airflow/example_dags/example_datasets.py
[2024-12-03T15:40:33.824+0000] {processor.py:756} INFO - Processing file /home/airflow/.local/lib/python3.7/site-packages/airflow/example_dags/example_datasets.py for tasks to queue
[2024-12-03T15:40:33.826+0000] {logging_mixin.py:120} INFO - [2024-12-03T15:40:33.826+0000] {dagbag.py:537} INFO - Filling up the DagBag from /home/airflow/.local/lib/python3.7/site-packages/airflow/example_dags/example_datasets.py
[2024-12-03T15:40:33.859+0000] {processor.py:766} INFO - DAG(s) dict_keys(['dataset_produces_1', 'dataset_produces_2', 'dataset_consumes_1_never_scheduled', 'dataset_consumes_1', 'dataset_consumes_1_and_2', 'dataset_consumes_unknown_never_scheduled']) retrieved from /home/airflow/.local/lib/python3.7/site-packages/airflow/example_dags/example_datasets.py
[2024-12-03T15:40:33.961+0000] {logging_mixin.py:120} INFO - [2024-12-03T15:40:33.960+0000] {dag.py:2585} INFO - Sync 6 DAGs
[2024-12-03T15:40:34.029+0000] {logging_mixin.py:120} INFO - [2024-12-03T15:40:34.028+0000] {dag.py:3340} INFO - Setting next_dagrun for dataset_consumes_1 to None, run_after=None
[2024-12-03T15:40:34.040+0000] {logging_mixin.py:120} INFO - [2024-12-03T15:40:34.039+0000] {dag.py:3340} INFO - Setting next_dagrun for dataset_consumes_1_and_2 to None, run_after=None
[2024-12-03T15:40:34.045+0000] {logging_mixin.py:120} INFO - [2024-12-03T15:40:34.044+0000] {dag.py:3340} INFO - Setting next_dagrun for dataset_consumes_1_never_scheduled to None, run_after=None
[2024-12-03T15:40:34.048+0000] {logging_mixin.py:120} INFO - [2024-12-03T15:40:34.048+0000] {dag.py:3340} INFO - Setting next_dagrun for dataset_consumes_unknown_never_scheduled to None, run_after=None
[2024-12-03T15:40:34.054+0000] {logging_mixin.py:120} INFO - [2024-12-03T15:40:34.054+0000] {dag.py:3340} INFO - Setting next_dagrun for dataset_produces_1 to 2024-12-02T00:00:00+00:00, run_after=2024-12-03T00:00:00+00:00
[2024-12-03T15:40:34.058+0000] {logging_mixin.py:120} INFO - [2024-12-03T15:40:34.058+0000] {dag.py:3340} INFO - Setting next_dagrun for dataset_produces_2 to None, run_after=None
[2024-12-03T15:40:34.134+0000] {processor.py:176} INFO - Processing /home/airflow/.local/lib/python3.7/site-packages/airflow/example_dags/example_datasets.py took 0.318 seconds
[2024-12-03T15:41:04.545+0000] {processor.py:154} INFO - Started process (PID=2730) to work on /home/airflow/.local/lib/python3.7/site-packages/airflow/example_dags/example_datasets.py
[2024-12-03T15:41:04.561+0000] {processor.py:756} INFO - Processing file /home/airflow/.local/lib/python3.7/site-packages/airflow/example_dags/example_datasets.py for tasks to queue
[2024-12-03T15:41:04.568+0000] {logging_mixin.py:120} INFO - [2024-12-03T15:41:04.568+0000] {dagbag.py:537} INFO - Filling up the DagBag from /home/airflow/.local/lib/python3.7/site-packages/airflow/example_dags/example_datasets.py
[2024-12-03T15:41:04.681+0000] {processor.py:766} INFO - DAG(s) dict_keys(['dataset_consumes_1_and_2', 'dataset_consumes_unknown_never_scheduled', 'dataset_produces_1', 'dataset_consumes_1', 'dataset_produces_2', 'dataset_consumes_1_never_scheduled']) retrieved from /home/airflow/.local/lib/python3.7/site-packages/airflow/example_dags/example_datasets.py
[2024-12-03T15:41:04.851+0000] {logging_mixin.py:120} INFO - [2024-12-03T15:41:04.851+0000] {dag.py:2585} INFO - Sync 6 DAGs
[2024-12-03T15:41:04.938+0000] {logging_mixin.py:120} INFO - [2024-12-03T15:41:04.938+0000] {dag.py:3340} INFO - Setting next_dagrun for dataset_consumes_1 to None, run_after=None
[2024-12-03T15:41:04.948+0000] {logging_mixin.py:120} INFO - [2024-12-03T15:41:04.947+0000] {dag.py:3340} INFO - Setting next_dagrun for dataset_consumes_1_and_2 to None, run_after=None
[2024-12-03T15:41:04.951+0000] {logging_mixin.py:120} INFO - [2024-12-03T15:41:04.951+0000] {dag.py:3340} INFO - Setting next_dagrun for dataset_consumes_1_never_scheduled to None, run_after=None
[2024-12-03T15:41:04.957+0000] {logging_mixin.py:120} INFO - [2024-12-03T15:41:04.957+0000] {dag.py:3340} INFO - Setting next_dagrun for dataset_consumes_unknown_never_scheduled to None, run_after=None
[2024-12-03T15:41:04.967+0000] {logging_mixin.py:120} INFO - [2024-12-03T15:41:04.966+0000] {dag.py:3340} INFO - Setting next_dagrun for dataset_produces_1 to 2024-12-02T00:00:00+00:00, run_after=2024-12-03T00:00:00+00:00
[2024-12-03T15:41:04.971+0000] {logging_mixin.py:120} INFO - [2024-12-03T15:41:04.971+0000] {dag.py:3340} INFO - Setting next_dagrun for dataset_produces_2 to None, run_after=None
[2024-12-03T15:41:05.081+0000] {processor.py:176} INFO - Processing /home/airflow/.local/lib/python3.7/site-packages/airflow/example_dags/example_datasets.py took 0.548 seconds
[2024-12-03T15:41:35.394+0000] {processor.py:154} INFO - Started process (PID=2794) to work on /home/airflow/.local/lib/python3.7/site-packages/airflow/example_dags/example_datasets.py
[2024-12-03T15:41:35.395+0000] {processor.py:756} INFO - Processing file /home/airflow/.local/lib/python3.7/site-packages/airflow/example_dags/example_datasets.py for tasks to queue
[2024-12-03T15:41:35.397+0000] {logging_mixin.py:120} INFO - [2024-12-03T15:41:35.397+0000] {dagbag.py:537} INFO - Filling up the DagBag from /home/airflow/.local/lib/python3.7/site-packages/airflow/example_dags/example_datasets.py
[2024-12-03T15:41:35.433+0000] {processor.py:766} INFO - DAG(s) dict_keys(['dataset_produces_1', 'dataset_consumes_1_and_2', 'dataset_produces_2', 'dataset_consumes_1', 'dataset_consumes_unknown_never_scheduled', 'dataset_consumes_1_never_scheduled']) retrieved from /home/airflow/.local/lib/python3.7/site-packages/airflow/example_dags/example_datasets.py
[2024-12-03T15:41:35.549+0000] {logging_mixin.py:120} INFO - [2024-12-03T15:41:35.549+0000] {dag.py:2585} INFO - Sync 6 DAGs
[2024-12-03T15:41:35.600+0000] {logging_mixin.py:120} INFO - [2024-12-03T15:41:35.599+0000] {dag.py:3340} INFO - Setting next_dagrun for dataset_consumes_1 to None, run_after=None
[2024-12-03T15:41:35.606+0000] {logging_mixin.py:120} INFO - [2024-12-03T15:41:35.606+0000] {dag.py:3340} INFO - Setting next_dagrun for dataset_consumes_1_and_2 to None, run_after=None
[2024-12-03T15:41:35.609+0000] {logging_mixin.py:120} INFO - [2024-12-03T15:41:35.609+0000] {dag.py:3340} INFO - Setting next_dagrun for dataset_consumes_1_never_scheduled to None, run_after=None
[2024-12-03T15:41:35.612+0000] {logging_mixin.py:120} INFO - [2024-12-03T15:41:35.612+0000] {dag.py:3340} INFO - Setting next_dagrun for dataset_consumes_unknown_never_scheduled to None, run_after=None
[2024-12-03T15:41:35.617+0000] {logging_mixin.py:120} INFO - [2024-12-03T15:41:35.617+0000] {dag.py:3340} INFO - Setting next_dagrun for dataset_produces_1 to 2024-12-02T00:00:00+00:00, run_after=2024-12-03T00:00:00+00:00
[2024-12-03T15:41:35.621+0000] {logging_mixin.py:120} INFO - [2024-12-03T15:41:35.620+0000] {dag.py:3340} INFO - Setting next_dagrun for dataset_produces_2 to None, run_after=None
[2024-12-03T15:41:35.691+0000] {processor.py:176} INFO - Processing /home/airflow/.local/lib/python3.7/site-packages/airflow/example_dags/example_datasets.py took 0.305 seconds
[2024-12-03T15:42:05.970+0000] {processor.py:154} INFO - Started process (PID=2849) to work on /home/airflow/.local/lib/python3.7/site-packages/airflow/example_dags/example_datasets.py
[2024-12-03T15:42:05.971+0000] {processor.py:756} INFO - Processing file /home/airflow/.local/lib/python3.7/site-packages/airflow/example_dags/example_datasets.py for tasks to queue
[2024-12-03T15:42:05.972+0000] {logging_mixin.py:120} INFO - [2024-12-03T15:42:05.972+0000] {dagbag.py:537} INFO - Filling up the DagBag from /home/airflow/.local/lib/python3.7/site-packages/airflow/example_dags/example_datasets.py
[2024-12-03T15:42:06.006+0000] {processor.py:766} INFO - DAG(s) dict_keys(['dataset_produces_2', 'dataset_produces_1', 'dataset_consumes_1', 'dataset_consumes_1_and_2', 'dataset_consumes_1_never_scheduled', 'dataset_consumes_unknown_never_scheduled']) retrieved from /home/airflow/.local/lib/python3.7/site-packages/airflow/example_dags/example_datasets.py
[2024-12-03T15:42:06.119+0000] {logging_mixin.py:120} INFO - [2024-12-03T15:42:06.119+0000] {dag.py:2585} INFO - Sync 6 DAGs
[2024-12-03T15:42:06.185+0000] {logging_mixin.py:120} INFO - [2024-12-03T15:42:06.184+0000] {dag.py:3340} INFO - Setting next_dagrun for dataset_consumes_1 to None, run_after=None
[2024-12-03T15:42:06.200+0000] {logging_mixin.py:120} INFO - [2024-12-03T15:42:06.200+0000] {dag.py:3340} INFO - Setting next_dagrun for dataset_consumes_1_and_2 to None, run_after=None
[2024-12-03T15:42:06.204+0000] {logging_mixin.py:120} INFO - [2024-12-03T15:42:06.203+0000] {dag.py:3340} INFO - Setting next_dagrun for dataset_consumes_1_never_scheduled to None, run_after=None
[2024-12-03T15:42:06.208+0000] {logging_mixin.py:120} INFO - [2024-12-03T15:42:06.208+0000] {dag.py:3340} INFO - Setting next_dagrun for dataset_consumes_unknown_never_scheduled to None, run_after=None
[2024-12-03T15:42:06.219+0000] {logging_mixin.py:120} INFO - [2024-12-03T15:42:06.219+0000] {dag.py:3340} INFO - Setting next_dagrun for dataset_produces_1 to 2024-12-02T00:00:00+00:00, run_after=2024-12-03T00:00:00+00:00
[2024-12-03T15:42:06.224+0000] {logging_mixin.py:120} INFO - [2024-12-03T15:42:06.223+0000] {dag.py:3340} INFO - Setting next_dagrun for dataset_produces_2 to None, run_after=None
[2024-12-03T15:42:06.328+0000] {processor.py:176} INFO - Processing /home/airflow/.local/lib/python3.7/site-packages/airflow/example_dags/example_datasets.py took 0.361 seconds
[2024-12-03T15:42:37.204+0000] {processor.py:154} INFO - Started process (PID=2913) to work on /home/airflow/.local/lib/python3.7/site-packages/airflow/example_dags/example_datasets.py
[2024-12-03T15:42:37.206+0000] {processor.py:756} INFO - Processing file /home/airflow/.local/lib/python3.7/site-packages/airflow/example_dags/example_datasets.py for tasks to queue
[2024-12-03T15:42:37.208+0000] {logging_mixin.py:120} INFO - [2024-12-03T15:42:37.208+0000] {dagbag.py:537} INFO - Filling up the DagBag from /home/airflow/.local/lib/python3.7/site-packages/airflow/example_dags/example_datasets.py
[2024-12-03T15:42:37.246+0000] {processor.py:766} INFO - DAG(s) dict_keys(['dataset_consumes_1_and_2', 'dataset_consumes_1', 'dataset_produces_2', 'dataset_produces_1', 'dataset_consumes_unknown_never_scheduled', 'dataset_consumes_1_never_scheduled']) retrieved from /home/airflow/.local/lib/python3.7/site-packages/airflow/example_dags/example_datasets.py
[2024-12-03T15:42:37.356+0000] {logging_mixin.py:120} INFO - [2024-12-03T15:42:37.355+0000] {dag.py:2585} INFO - Sync 6 DAGs
[2024-12-03T15:42:37.407+0000] {logging_mixin.py:120} INFO - [2024-12-03T15:42:37.407+0000] {dag.py:3340} INFO - Setting next_dagrun for dataset_consumes_1 to None, run_after=None
[2024-12-03T15:42:37.418+0000] {logging_mixin.py:120} INFO - [2024-12-03T15:42:37.417+0000] {dag.py:3340} INFO - Setting next_dagrun for dataset_consumes_1_and_2 to None, run_after=None
[2024-12-03T15:42:37.423+0000] {logging_mixin.py:120} INFO - [2024-12-03T15:42:37.423+0000] {dag.py:3340} INFO - Setting next_dagrun for dataset_consumes_1_never_scheduled to None, run_after=None
[2024-12-03T15:42:37.427+0000] {logging_mixin.py:120} INFO - [2024-12-03T15:42:37.427+0000] {dag.py:3340} INFO - Setting next_dagrun for dataset_consumes_unknown_never_scheduled to None, run_after=None
[2024-12-03T15:42:37.438+0000] {logging_mixin.py:120} INFO - [2024-12-03T15:42:37.437+0000] {dag.py:3340} INFO - Setting next_dagrun for dataset_produces_1 to 2024-12-02T00:00:00+00:00, run_after=2024-12-03T00:00:00+00:00
[2024-12-03T15:42:37.442+0000] {logging_mixin.py:120} INFO - [2024-12-03T15:42:37.442+0000] {dag.py:3340} INFO - Setting next_dagrun for dataset_produces_2 to None, run_after=None
[2024-12-03T15:42:37.523+0000] {processor.py:176} INFO - Processing /home/airflow/.local/lib/python3.7/site-packages/airflow/example_dags/example_datasets.py took 0.323 seconds
[2024-12-03T15:43:07.754+0000] {processor.py:154} INFO - Started process (PID=2968) to work on /home/airflow/.local/lib/python3.7/site-packages/airflow/example_dags/example_datasets.py
[2024-12-03T15:43:07.756+0000] {processor.py:756} INFO - Processing file /home/airflow/.local/lib/python3.7/site-packages/airflow/example_dags/example_datasets.py for tasks to queue
[2024-12-03T15:43:07.757+0000] {logging_mixin.py:120} INFO - [2024-12-03T15:43:07.757+0000] {dagbag.py:537} INFO - Filling up the DagBag from /home/airflow/.local/lib/python3.7/site-packages/airflow/example_dags/example_datasets.py
[2024-12-03T15:43:07.789+0000] {processor.py:766} INFO - DAG(s) dict_keys(['dataset_consumes_1', 'dataset_produces_1', 'dataset_consumes_unknown_never_scheduled', 'dataset_consumes_1_never_scheduled', 'dataset_consumes_1_and_2', 'dataset_produces_2']) retrieved from /home/airflow/.local/lib/python3.7/site-packages/airflow/example_dags/example_datasets.py
[2024-12-03T15:43:07.880+0000] {logging_mixin.py:120} INFO - [2024-12-03T15:43:07.879+0000] {dag.py:2585} INFO - Sync 6 DAGs
[2024-12-03T15:43:07.923+0000] {logging_mixin.py:120} INFO - [2024-12-03T15:43:07.923+0000] {dag.py:3340} INFO - Setting next_dagrun for dataset_consumes_1 to None, run_after=None
[2024-12-03T15:43:07.929+0000] {logging_mixin.py:120} INFO - [2024-12-03T15:43:07.929+0000] {dag.py:3340} INFO - Setting next_dagrun for dataset_consumes_1_and_2 to None, run_after=None
[2024-12-03T15:43:07.932+0000] {logging_mixin.py:120} INFO - [2024-12-03T15:43:07.932+0000] {dag.py:3340} INFO - Setting next_dagrun for dataset_consumes_1_never_scheduled to None, run_after=None
[2024-12-03T15:43:07.935+0000] {logging_mixin.py:120} INFO - [2024-12-03T15:43:07.935+0000] {dag.py:3340} INFO - Setting next_dagrun for dataset_consumes_unknown_never_scheduled to None, run_after=None
[2024-12-03T15:43:07.939+0000] {logging_mixin.py:120} INFO - [2024-12-03T15:43:07.939+0000] {dag.py:3340} INFO - Setting next_dagrun for dataset_produces_1 to 2024-12-02T00:00:00+00:00, run_after=2024-12-03T00:00:00+00:00
[2024-12-03T15:43:07.943+0000] {logging_mixin.py:120} INFO - [2024-12-03T15:43:07.942+0000] {dag.py:3340} INFO - Setting next_dagrun for dataset_produces_2 to None, run_after=None
[2024-12-03T15:43:08.000+0000] {processor.py:176} INFO - Processing /home/airflow/.local/lib/python3.7/site-packages/airflow/example_dags/example_datasets.py took 0.250 seconds
[2024-12-03T15:43:38.381+0000] {processor.py:154} INFO - Started process (PID=3033) to work on /home/airflow/.local/lib/python3.7/site-packages/airflow/example_dags/example_datasets.py
[2024-12-03T15:43:38.383+0000] {processor.py:756} INFO - Processing file /home/airflow/.local/lib/python3.7/site-packages/airflow/example_dags/example_datasets.py for tasks to queue
[2024-12-03T15:43:38.384+0000] {logging_mixin.py:120} INFO - [2024-12-03T15:43:38.384+0000] {dagbag.py:537} INFO - Filling up the DagBag from /home/airflow/.local/lib/python3.7/site-packages/airflow/example_dags/example_datasets.py
[2024-12-03T15:43:38.410+0000] {processor.py:766} INFO - DAG(s) dict_keys(['dataset_produces_1', 'dataset_consumes_1_never_scheduled', 'dataset_produces_2', 'dataset_consumes_1_and_2', 'dataset_consumes_1', 'dataset_consumes_unknown_never_scheduled']) retrieved from /home/airflow/.local/lib/python3.7/site-packages/airflow/example_dags/example_datasets.py
[2024-12-03T15:43:38.515+0000] {logging_mixin.py:120} INFO - [2024-12-03T15:43:38.514+0000] {dag.py:2585} INFO - Sync 6 DAGs
[2024-12-03T15:43:38.567+0000] {logging_mixin.py:120} INFO - [2024-12-03T15:43:38.567+0000] {dag.py:3340} INFO - Setting next_dagrun for dataset_consumes_1 to None, run_after=None
[2024-12-03T15:43:38.574+0000] {logging_mixin.py:120} INFO - [2024-12-03T15:43:38.574+0000] {dag.py:3340} INFO - Setting next_dagrun for dataset_consumes_1_and_2 to None, run_after=None
[2024-12-03T15:43:38.577+0000] {logging_mixin.py:120} INFO - [2024-12-03T15:43:38.577+0000] {dag.py:3340} INFO - Setting next_dagrun for dataset_consumes_1_never_scheduled to None, run_after=None
[2024-12-03T15:43:38.580+0000] {logging_mixin.py:120} INFO - [2024-12-03T15:43:38.580+0000] {dag.py:3340} INFO - Setting next_dagrun for dataset_consumes_unknown_never_scheduled to None, run_after=None
[2024-12-03T15:43:38.585+0000] {logging_mixin.py:120} INFO - [2024-12-03T15:43:38.585+0000] {dag.py:3340} INFO - Setting next_dagrun for dataset_produces_1 to 2024-12-02T00:00:00+00:00, run_after=2024-12-03T00:00:00+00:00
[2024-12-03T15:43:38.589+0000] {logging_mixin.py:120} INFO - [2024-12-03T15:43:38.589+0000] {dag.py:3340} INFO - Setting next_dagrun for dataset_produces_2 to None, run_after=None
[2024-12-03T15:43:38.644+0000] {processor.py:176} INFO - Processing /home/airflow/.local/lib/python3.7/site-packages/airflow/example_dags/example_datasets.py took 0.269 seconds
[2024-12-03T15:44:09.461+0000] {processor.py:154} INFO - Started process (PID=3088) to work on /home/airflow/.local/lib/python3.7/site-packages/airflow/example_dags/example_datasets.py
[2024-12-03T15:44:09.463+0000] {processor.py:756} INFO - Processing file /home/airflow/.local/lib/python3.7/site-packages/airflow/example_dags/example_datasets.py for tasks to queue
[2024-12-03T15:44:09.465+0000] {logging_mixin.py:120} INFO - [2024-12-03T15:44:09.464+0000] {dagbag.py:537} INFO - Filling up the DagBag from /home/airflow/.local/lib/python3.7/site-packages/airflow/example_dags/example_datasets.py
[2024-12-03T15:44:09.487+0000] {processor.py:766} INFO - DAG(s) dict_keys(['dataset_consumes_1_never_scheduled', 'dataset_consumes_1', 'dataset_consumes_unknown_never_scheduled', 'dataset_produces_1', 'dataset_consumes_1_and_2', 'dataset_produces_2']) retrieved from /home/airflow/.local/lib/python3.7/site-packages/airflow/example_dags/example_datasets.py
[2024-12-03T15:44:09.570+0000] {logging_mixin.py:120} INFO - [2024-12-03T15:44:09.569+0000] {dag.py:2585} INFO - Sync 6 DAGs
[2024-12-03T15:44:09.605+0000] {logging_mixin.py:120} INFO - [2024-12-03T15:44:09.605+0000] {dag.py:3340} INFO - Setting next_dagrun for dataset_consumes_1 to None, run_after=None
[2024-12-03T15:44:09.611+0000] {logging_mixin.py:120} INFO - [2024-12-03T15:44:09.610+0000] {dag.py:3340} INFO - Setting next_dagrun for dataset_consumes_1_and_2 to None, run_after=None
[2024-12-03T15:44:09.614+0000] {logging_mixin.py:120} INFO - [2024-12-03T15:44:09.613+0000] {dag.py:3340} INFO - Setting next_dagrun for dataset_consumes_1_never_scheduled to None, run_after=None
[2024-12-03T15:44:09.617+0000] {logging_mixin.py:120} INFO - [2024-12-03T15:44:09.616+0000] {dag.py:3340} INFO - Setting next_dagrun for dataset_consumes_unknown_never_scheduled to None, run_after=None
[2024-12-03T15:44:09.622+0000] {logging_mixin.py:120} INFO - [2024-12-03T15:44:09.621+0000] {dag.py:3340} INFO - Setting next_dagrun for dataset_produces_1 to 2024-12-02T00:00:00+00:00, run_after=2024-12-03T00:00:00+00:00
[2024-12-03T15:44:09.624+0000] {logging_mixin.py:120} INFO - [2024-12-03T15:44:09.624+0000] {dag.py:3340} INFO - Setting next_dagrun for dataset_produces_2 to None, run_after=None
[2024-12-03T15:44:09.678+0000] {processor.py:176} INFO - Processing /home/airflow/.local/lib/python3.7/site-packages/airflow/example_dags/example_datasets.py took 0.222 seconds
[2024-12-03T15:44:40.413+0000] {processor.py:154} INFO - Started process (PID=3152) to work on /home/airflow/.local/lib/python3.7/site-packages/airflow/example_dags/example_datasets.py
[2024-12-03T15:44:40.415+0000] {processor.py:756} INFO - Processing file /home/airflow/.local/lib/python3.7/site-packages/airflow/example_dags/example_datasets.py for tasks to queue
[2024-12-03T15:44:40.418+0000] {logging_mixin.py:120} INFO - [2024-12-03T15:44:40.417+0000] {dagbag.py:537} INFO - Filling up the DagBag from /home/airflow/.local/lib/python3.7/site-packages/airflow/example_dags/example_datasets.py
[2024-12-03T15:44:40.440+0000] {processor.py:766} INFO - DAG(s) dict_keys(['dataset_produces_2', 'dataset_consumes_1_never_scheduled', 'dataset_consumes_1_and_2', 'dataset_consumes_1', 'dataset_consumes_unknown_never_scheduled', 'dataset_produces_1']) retrieved from /home/airflow/.local/lib/python3.7/site-packages/airflow/example_dags/example_datasets.py
[2024-12-03T15:44:40.535+0000] {logging_mixin.py:120} INFO - [2024-12-03T15:44:40.535+0000] {dag.py:2585} INFO - Sync 6 DAGs
[2024-12-03T15:44:40.655+0000] {logging_mixin.py:120} INFO - [2024-12-03T15:44:40.655+0000] {dag.py:3340} INFO - Setting next_dagrun for dataset_consumes_1 to None, run_after=None
[2024-12-03T15:44:40.661+0000] {logging_mixin.py:120} INFO - [2024-12-03T15:44:40.661+0000] {dag.py:3340} INFO - Setting next_dagrun for dataset_consumes_1_and_2 to None, run_after=None
[2024-12-03T15:44:40.665+0000] {logging_mixin.py:120} INFO - [2024-12-03T15:44:40.665+0000] {dag.py:3340} INFO - Setting next_dagrun for dataset_consumes_1_never_scheduled to None, run_after=None
[2024-12-03T15:44:40.669+0000] {logging_mixin.py:120} INFO - [2024-12-03T15:44:40.669+0000] {dag.py:3340} INFO - Setting next_dagrun for dataset_consumes_unknown_never_scheduled to None, run_after=None
[2024-12-03T15:44:40.675+0000] {logging_mixin.py:120} INFO - [2024-12-03T15:44:40.674+0000] {dag.py:3340} INFO - Setting next_dagrun for dataset_produces_1 to 2024-12-02T00:00:00+00:00, run_after=2024-12-03T00:00:00+00:00
[2024-12-03T15:44:40.679+0000] {logging_mixin.py:120} INFO - [2024-12-03T15:44:40.679+0000] {dag.py:3340} INFO - Setting next_dagrun for dataset_produces_2 to None, run_after=None
[2024-12-03T15:44:40.746+0000] {processor.py:176} INFO - Processing /home/airflow/.local/lib/python3.7/site-packages/airflow/example_dags/example_datasets.py took 0.339 seconds
[2024-12-03T15:45:10.821+0000] {processor.py:154} INFO - Started process (PID=3208) to work on /home/airflow/.local/lib/python3.7/site-packages/airflow/example_dags/example_datasets.py
[2024-12-03T15:45:10.824+0000] {processor.py:756} INFO - Processing file /home/airflow/.local/lib/python3.7/site-packages/airflow/example_dags/example_datasets.py for tasks to queue
[2024-12-03T15:45:10.828+0000] {logging_mixin.py:120} INFO - [2024-12-03T15:45:10.827+0000] {dagbag.py:537} INFO - Filling up the DagBag from /home/airflow/.local/lib/python3.7/site-packages/airflow/example_dags/example_datasets.py
[2024-12-03T15:45:10.865+0000] {processor.py:766} INFO - DAG(s) dict_keys(['dataset_produces_1', 'dataset_consumes_1_and_2', 'dataset_produces_2', 'dataset_consumes_1', 'dataset_consumes_unknown_never_scheduled', 'dataset_consumes_1_never_scheduled']) retrieved from /home/airflow/.local/lib/python3.7/site-packages/airflow/example_dags/example_datasets.py
[2024-12-03T15:45:10.990+0000] {logging_mixin.py:120} INFO - [2024-12-03T15:45:10.990+0000] {dag.py:2585} INFO - Sync 6 DAGs
[2024-12-03T15:45:11.043+0000] {logging_mixin.py:120} INFO - [2024-12-03T15:45:11.043+0000] {dag.py:3340} INFO - Setting next_dagrun for dataset_consumes_1 to None, run_after=None
[2024-12-03T15:45:11.051+0000] {logging_mixin.py:120} INFO - [2024-12-03T15:45:11.051+0000] {dag.py:3340} INFO - Setting next_dagrun for dataset_consumes_1_and_2 to None, run_after=None
[2024-12-03T15:45:11.055+0000] {logging_mixin.py:120} INFO - [2024-12-03T15:45:11.055+0000] {dag.py:3340} INFO - Setting next_dagrun for dataset_consumes_1_never_scheduled to None, run_after=None
[2024-12-03T15:45:11.059+0000] {logging_mixin.py:120} INFO - [2024-12-03T15:45:11.059+0000] {dag.py:3340} INFO - Setting next_dagrun for dataset_consumes_unknown_never_scheduled to None, run_after=None
[2024-12-03T15:45:11.064+0000] {logging_mixin.py:120} INFO - [2024-12-03T15:45:11.064+0000] {dag.py:3340} INFO - Setting next_dagrun for dataset_produces_1 to 2024-12-02T00:00:00+00:00, run_after=2024-12-03T00:00:00+00:00
[2024-12-03T15:45:11.068+0000] {logging_mixin.py:120} INFO - [2024-12-03T15:45:11.067+0000] {dag.py:3340} INFO - Setting next_dagrun for dataset_produces_2 to None, run_after=None
[2024-12-03T15:45:11.127+0000] {processor.py:176} INFO - Processing /home/airflow/.local/lib/python3.7/site-packages/airflow/example_dags/example_datasets.py took 0.313 seconds
[2024-12-03T15:45:41.844+0000] {processor.py:154} INFO - Started process (PID=3271) to work on /home/airflow/.local/lib/python3.7/site-packages/airflow/example_dags/example_datasets.py
[2024-12-03T15:45:41.846+0000] {processor.py:756} INFO - Processing file /home/airflow/.local/lib/python3.7/site-packages/airflow/example_dags/example_datasets.py for tasks to queue
[2024-12-03T15:45:41.848+0000] {logging_mixin.py:120} INFO - [2024-12-03T15:45:41.847+0000] {dagbag.py:537} INFO - Filling up the DagBag from /home/airflow/.local/lib/python3.7/site-packages/airflow/example_dags/example_datasets.py
[2024-12-03T15:45:41.886+0000] {processor.py:766} INFO - DAG(s) dict_keys(['dataset_consumes_unknown_never_scheduled', 'dataset_produces_1', 'dataset_consumes_1', 'dataset_consumes_1_never_scheduled', 'dataset_produces_2', 'dataset_consumes_1_and_2']) retrieved from /home/airflow/.local/lib/python3.7/site-packages/airflow/example_dags/example_datasets.py
[2024-12-03T15:45:42.020+0000] {logging_mixin.py:120} INFO - [2024-12-03T15:45:42.020+0000] {dag.py:2585} INFO - Sync 6 DAGs
[2024-12-03T15:45:42.080+0000] {logging_mixin.py:120} INFO - [2024-12-03T15:45:42.080+0000] {dag.py:3340} INFO - Setting next_dagrun for dataset_consumes_1 to None, run_after=None
[2024-12-03T15:45:42.087+0000] {logging_mixin.py:120} INFO - [2024-12-03T15:45:42.086+0000] {dag.py:3340} INFO - Setting next_dagrun for dataset_consumes_1_and_2 to None, run_after=None
[2024-12-03T15:45:42.091+0000] {logging_mixin.py:120} INFO - [2024-12-03T15:45:42.091+0000] {dag.py:3340} INFO - Setting next_dagrun for dataset_consumes_1_never_scheduled to None, run_after=None
[2024-12-03T15:45:42.097+0000] {logging_mixin.py:120} INFO - [2024-12-03T15:45:42.096+0000] {dag.py:3340} INFO - Setting next_dagrun for dataset_consumes_unknown_never_scheduled to None, run_after=None
[2024-12-03T15:45:42.106+0000] {logging_mixin.py:120} INFO - [2024-12-03T15:45:42.106+0000] {dag.py:3340} INFO - Setting next_dagrun for dataset_produces_1 to 2024-12-02T00:00:00+00:00, run_after=2024-12-03T00:00:00+00:00
[2024-12-03T15:45:42.110+0000] {logging_mixin.py:120} INFO - [2024-12-03T15:45:42.110+0000] {dag.py:3340} INFO - Setting next_dagrun for dataset_produces_2 to None, run_after=None
[2024-12-03T15:45:42.181+0000] {processor.py:176} INFO - Processing /home/airflow/.local/lib/python3.7/site-packages/airflow/example_dags/example_datasets.py took 0.341 seconds
[2024-12-03T15:46:12.553+0000] {processor.py:154} INFO - Started process (PID=3326) to work on /home/airflow/.local/lib/python3.7/site-packages/airflow/example_dags/example_datasets.py
[2024-12-03T15:46:12.554+0000] {processor.py:756} INFO - Processing file /home/airflow/.local/lib/python3.7/site-packages/airflow/example_dags/example_datasets.py for tasks to queue
[2024-12-03T15:46:12.556+0000] {logging_mixin.py:120} INFO - [2024-12-03T15:46:12.556+0000] {dagbag.py:537} INFO - Filling up the DagBag from /home/airflow/.local/lib/python3.7/site-packages/airflow/example_dags/example_datasets.py
[2024-12-03T15:46:12.589+0000] {processor.py:766} INFO - DAG(s) dict_keys(['dataset_consumes_1_and_2', 'dataset_produces_2', 'dataset_consumes_1_never_scheduled', 'dataset_consumes_unknown_never_scheduled', 'dataset_consumes_1', 'dataset_produces_1']) retrieved from /home/airflow/.local/lib/python3.7/site-packages/airflow/example_dags/example_datasets.py
[2024-12-03T15:46:12.731+0000] {logging_mixin.py:120} INFO - [2024-12-03T15:46:12.731+0000] {dag.py:2585} INFO - Sync 6 DAGs
[2024-12-03T15:46:12.793+0000] {logging_mixin.py:120} INFO - [2024-12-03T15:46:12.793+0000] {dag.py:3340} INFO - Setting next_dagrun for dataset_consumes_1 to None, run_after=None
[2024-12-03T15:46:12.801+0000] {logging_mixin.py:120} INFO - [2024-12-03T15:46:12.801+0000] {dag.py:3340} INFO - Setting next_dagrun for dataset_consumes_1_and_2 to None, run_after=None
[2024-12-03T15:46:12.806+0000] {logging_mixin.py:120} INFO - [2024-12-03T15:46:12.805+0000] {dag.py:3340} INFO - Setting next_dagrun for dataset_consumes_1_never_scheduled to None, run_after=None
[2024-12-03T15:46:12.811+0000] {logging_mixin.py:120} INFO - [2024-12-03T15:46:12.811+0000] {dag.py:3340} INFO - Setting next_dagrun for dataset_consumes_unknown_never_scheduled to None, run_after=None
[2024-12-03T15:46:12.818+0000] {logging_mixin.py:120} INFO - [2024-12-03T15:46:12.818+0000] {dag.py:3340} INFO - Setting next_dagrun for dataset_produces_1 to 2024-12-02T00:00:00+00:00, run_after=2024-12-03T00:00:00+00:00
[2024-12-03T15:46:12.831+0000] {logging_mixin.py:120} INFO - [2024-12-03T15:46:12.831+0000] {dag.py:3340} INFO - Setting next_dagrun for dataset_produces_2 to None, run_after=None
[2024-12-03T15:46:12.913+0000] {processor.py:176} INFO - Processing /home/airflow/.local/lib/python3.7/site-packages/airflow/example_dags/example_datasets.py took 0.370 seconds
[2024-12-03T15:46:43.196+0000] {processor.py:154} INFO - Started process (PID=3391) to work on /home/airflow/.local/lib/python3.7/site-packages/airflow/example_dags/example_datasets.py
[2024-12-03T15:46:43.199+0000] {processor.py:756} INFO - Processing file /home/airflow/.local/lib/python3.7/site-packages/airflow/example_dags/example_datasets.py for tasks to queue
[2024-12-03T15:46:43.201+0000] {logging_mixin.py:120} INFO - [2024-12-03T15:46:43.201+0000] {dagbag.py:537} INFO - Filling up the DagBag from /home/airflow/.local/lib/python3.7/site-packages/airflow/example_dags/example_datasets.py
[2024-12-03T15:46:43.236+0000] {processor.py:766} INFO - DAG(s) dict_keys(['dataset_produces_2', 'dataset_consumes_1', 'dataset_produces_1', 'dataset_consumes_1_never_scheduled', 'dataset_consumes_1_and_2', 'dataset_consumes_unknown_never_scheduled']) retrieved from /home/airflow/.local/lib/python3.7/site-packages/airflow/example_dags/example_datasets.py
[2024-12-03T15:46:43.395+0000] {logging_mixin.py:120} INFO - [2024-12-03T15:46:43.394+0000] {dag.py:2585} INFO - Sync 6 DAGs
[2024-12-03T15:46:43.465+0000] {logging_mixin.py:120} INFO - [2024-12-03T15:46:43.464+0000] {dag.py:3340} INFO - Setting next_dagrun for dataset_consumes_1 to None, run_after=None
[2024-12-03T15:46:43.472+0000] {logging_mixin.py:120} INFO - [2024-12-03T15:46:43.472+0000] {dag.py:3340} INFO - Setting next_dagrun for dataset_consumes_1_and_2 to None, run_after=None
[2024-12-03T15:46:43.476+0000] {logging_mixin.py:120} INFO - [2024-12-03T15:46:43.475+0000] {dag.py:3340} INFO - Setting next_dagrun for dataset_consumes_1_never_scheduled to None, run_after=None
[2024-12-03T15:46:43.480+0000] {logging_mixin.py:120} INFO - [2024-12-03T15:46:43.479+0000] {dag.py:3340} INFO - Setting next_dagrun for dataset_consumes_unknown_never_scheduled to None, run_after=None
[2024-12-03T15:46:43.487+0000] {logging_mixin.py:120} INFO - [2024-12-03T15:46:43.487+0000] {dag.py:3340} INFO - Setting next_dagrun for dataset_produces_1 to 2024-12-02T00:00:00+00:00, run_after=2024-12-03T00:00:00+00:00
[2024-12-03T15:46:43.491+0000] {logging_mixin.py:120} INFO - [2024-12-03T15:46:43.490+0000] {dag.py:3340} INFO - Setting next_dagrun for dataset_produces_2 to None, run_after=None
[2024-12-03T15:46:43.567+0000] {processor.py:176} INFO - Processing /home/airflow/.local/lib/python3.7/site-packages/airflow/example_dags/example_datasets.py took 0.376 seconds
[2024-12-03T15:47:13.708+0000] {processor.py:154} INFO - Started process (PID=3446) to work on /home/airflow/.local/lib/python3.7/site-packages/airflow/example_dags/example_datasets.py
[2024-12-03T15:47:13.710+0000] {processor.py:756} INFO - Processing file /home/airflow/.local/lib/python3.7/site-packages/airflow/example_dags/example_datasets.py for tasks to queue
[2024-12-03T15:47:13.712+0000] {logging_mixin.py:120} INFO - [2024-12-03T15:47:13.712+0000] {dagbag.py:537} INFO - Filling up the DagBag from /home/airflow/.local/lib/python3.7/site-packages/airflow/example_dags/example_datasets.py
[2024-12-03T15:47:13.753+0000] {processor.py:766} INFO - DAG(s) dict_keys(['dataset_consumes_1_and_2', 'dataset_consumes_1', 'dataset_consumes_1_never_scheduled', 'dataset_produces_2', 'dataset_produces_1', 'dataset_consumes_unknown_never_scheduled']) retrieved from /home/airflow/.local/lib/python3.7/site-packages/airflow/example_dags/example_datasets.py
[2024-12-03T15:47:13.862+0000] {logging_mixin.py:120} INFO - [2024-12-03T15:47:13.861+0000] {dag.py:2585} INFO - Sync 6 DAGs
[2024-12-03T15:47:13.902+0000] {logging_mixin.py:120} INFO - [2024-12-03T15:47:13.901+0000] {dag.py:3340} INFO - Setting next_dagrun for dataset_consumes_1 to None, run_after=None
[2024-12-03T15:47:13.909+0000] {logging_mixin.py:120} INFO - [2024-12-03T15:47:13.909+0000] {dag.py:3340} INFO - Setting next_dagrun for dataset_consumes_1_and_2 to None, run_after=None
[2024-12-03T15:47:13.912+0000] {logging_mixin.py:120} INFO - [2024-12-03T15:47:13.912+0000] {dag.py:3340} INFO - Setting next_dagrun for dataset_consumes_1_never_scheduled to None, run_after=None
[2024-12-03T15:47:13.914+0000] {logging_mixin.py:120} INFO - [2024-12-03T15:47:13.914+0000] {dag.py:3340} INFO - Setting next_dagrun for dataset_consumes_unknown_never_scheduled to None, run_after=None
[2024-12-03T15:47:13.918+0000] {logging_mixin.py:120} INFO - [2024-12-03T15:47:13.918+0000] {dag.py:3340} INFO - Setting next_dagrun for dataset_produces_1 to 2024-12-02T00:00:00+00:00, run_after=2024-12-03T00:00:00+00:00
[2024-12-03T15:47:13.921+0000] {logging_mixin.py:120} INFO - [2024-12-03T15:47:13.921+0000] {dag.py:3340} INFO - Setting next_dagrun for dataset_produces_2 to None, run_after=None
[2024-12-03T15:47:13.974+0000] {processor.py:176} INFO - Processing /home/airflow/.local/lib/python3.7/site-packages/airflow/example_dags/example_datasets.py took 0.270 seconds
[2024-12-03T15:47:44.407+0000] {processor.py:154} INFO - Started process (PID=3501) to work on /home/airflow/.local/lib/python3.7/site-packages/airflow/example_dags/example_datasets.py
[2024-12-03T15:47:44.409+0000] {processor.py:756} INFO - Processing file /home/airflow/.local/lib/python3.7/site-packages/airflow/example_dags/example_datasets.py for tasks to queue
[2024-12-03T15:47:44.411+0000] {logging_mixin.py:120} INFO - [2024-12-03T15:47:44.411+0000] {dagbag.py:537} INFO - Filling up the DagBag from /home/airflow/.local/lib/python3.7/site-packages/airflow/example_dags/example_datasets.py
[2024-12-03T15:47:44.444+0000] {processor.py:766} INFO - DAG(s) dict_keys(['dataset_consumes_1', 'dataset_produces_2', 'dataset_produces_1', 'dataset_consumes_unknown_never_scheduled', 'dataset_consumes_1_never_scheduled', 'dataset_consumes_1_and_2']) retrieved from /home/airflow/.local/lib/python3.7/site-packages/airflow/example_dags/example_datasets.py
[2024-12-03T15:47:44.569+0000] {logging_mixin.py:120} INFO - [2024-12-03T15:47:44.569+0000] {dag.py:2585} INFO - Sync 6 DAGs
[2024-12-03T15:47:44.638+0000] {logging_mixin.py:120} INFO - [2024-12-03T15:47:44.638+0000] {dag.py:3340} INFO - Setting next_dagrun for dataset_consumes_1 to None, run_after=None
[2024-12-03T15:47:44.647+0000] {logging_mixin.py:120} INFO - [2024-12-03T15:47:44.647+0000] {dag.py:3340} INFO - Setting next_dagrun for dataset_consumes_1_and_2 to None, run_after=None
[2024-12-03T15:47:44.652+0000] {logging_mixin.py:120} INFO - [2024-12-03T15:47:44.652+0000] {dag.py:3340} INFO - Setting next_dagrun for dataset_consumes_1_never_scheduled to None, run_after=None
[2024-12-03T15:47:44.656+0000] {logging_mixin.py:120} INFO - [2024-12-03T15:47:44.656+0000] {dag.py:3340} INFO - Setting next_dagrun for dataset_consumes_unknown_never_scheduled to None, run_after=None
[2024-12-03T15:47:44.665+0000] {logging_mixin.py:120} INFO - [2024-12-03T15:47:44.665+0000] {dag.py:3340} INFO - Setting next_dagrun for dataset_produces_1 to 2024-12-02T00:00:00+00:00, run_after=2024-12-03T00:00:00+00:00
[2024-12-03T15:47:44.670+0000] {logging_mixin.py:120} INFO - [2024-12-03T15:47:44.670+0000] {dag.py:3340} INFO - Setting next_dagrun for dataset_produces_2 to None, run_after=None
[2024-12-03T15:47:44.744+0000] {processor.py:176} INFO - Processing /home/airflow/.local/lib/python3.7/site-packages/airflow/example_dags/example_datasets.py took 0.345 seconds
[2024-12-03T15:49:15.976+0000] {processor.py:154} INFO - Started process (PID=84) to work on /home/airflow/.local/lib/python3.7/site-packages/airflow/example_dags/example_datasets.py
[2024-12-03T15:49:16.007+0000] {processor.py:756} INFO - Processing file /home/airflow/.local/lib/python3.7/site-packages/airflow/example_dags/example_datasets.py for tasks to queue
[2024-12-03T15:49:16.022+0000] {logging_mixin.py:120} INFO - [2024-12-03T15:49:16.021+0000] {dagbag.py:537} INFO - Filling up the DagBag from /home/airflow/.local/lib/python3.7/site-packages/airflow/example_dags/example_datasets.py
[2024-12-03T15:49:16.328+0000] {processor.py:766} INFO - DAG(s) dict_keys(['dataset_consumes_1_never_scheduled', 'dataset_consumes_unknown_never_scheduled', 'dataset_produces_2', 'dataset_consumes_1', 'dataset_consumes_1_and_2', 'dataset_produces_1']) retrieved from /home/airflow/.local/lib/python3.7/site-packages/airflow/example_dags/example_datasets.py
[2024-12-03T15:49:16.686+0000] {logging_mixin.py:120} INFO - [2024-12-03T15:49:16.685+0000] {dag.py:2585} INFO - Sync 6 DAGs
[2024-12-03T15:49:17.039+0000] {logging_mixin.py:120} INFO - [2024-12-03T15:49:17.039+0000] {dag.py:3340} INFO - Setting next_dagrun for dataset_consumes_1 to None, run_after=None
[2024-12-03T15:49:17.066+0000] {logging_mixin.py:120} INFO - [2024-12-03T15:49:17.065+0000] {dag.py:3340} INFO - Setting next_dagrun for dataset_consumes_1_and_2 to None, run_after=None
[2024-12-03T15:49:17.070+0000] {logging_mixin.py:120} INFO - [2024-12-03T15:49:17.070+0000] {dag.py:3340} INFO - Setting next_dagrun for dataset_consumes_1_never_scheduled to None, run_after=None
[2024-12-03T15:49:17.075+0000] {logging_mixin.py:120} INFO - [2024-12-03T15:49:17.074+0000] {dag.py:3340} INFO - Setting next_dagrun for dataset_consumes_unknown_never_scheduled to None, run_after=None
[2024-12-03T15:49:17.092+0000] {logging_mixin.py:120} INFO - [2024-12-03T15:49:17.092+0000] {dag.py:3340} INFO - Setting next_dagrun for dataset_produces_1 to 2024-12-02T00:00:00+00:00, run_after=2024-12-03T00:00:00+00:00
[2024-12-03T15:49:17.097+0000] {logging_mixin.py:120} INFO - [2024-12-03T15:49:17.096+0000] {dag.py:3340} INFO - Setting next_dagrun for dataset_produces_2 to None, run_after=None
[2024-12-03T15:49:17.290+0000] {processor.py:176} INFO - Processing /home/airflow/.local/lib/python3.7/site-packages/airflow/example_dags/example_datasets.py took 1.444 seconds
[2024-12-03T15:50:05.738+0000] {processor.py:154} INFO - Started process (PID=140) to work on /home/airflow/.local/lib/python3.7/site-packages/airflow/example_dags/example_datasets.py
[2024-12-03T15:50:05.740+0000] {processor.py:756} INFO - Processing file /home/airflow/.local/lib/python3.7/site-packages/airflow/example_dags/example_datasets.py for tasks to queue
[2024-12-03T15:50:05.750+0000] {logging_mixin.py:120} INFO - [2024-12-03T15:50:05.749+0000] {dagbag.py:537} INFO - Filling up the DagBag from /home/airflow/.local/lib/python3.7/site-packages/airflow/example_dags/example_datasets.py
[2024-12-03T15:50:05.926+0000] {processor.py:766} INFO - DAG(s) dict_keys(['dataset_produces_2', 'dataset_consumes_1', 'dataset_consumes_1_and_2', 'dataset_consumes_unknown_never_scheduled', 'dataset_produces_1', 'dataset_consumes_1_never_scheduled']) retrieved from /home/airflow/.local/lib/python3.7/site-packages/airflow/example_dags/example_datasets.py
[2024-12-03T15:50:07.530+0000] {logging_mixin.py:120} INFO - [2024-12-03T15:50:07.526+0000] {dag.py:2585} INFO - Sync 6 DAGs
[2024-12-03T15:50:07.777+0000] {logging_mixin.py:120} INFO - [2024-12-03T15:50:07.776+0000] {dag.py:3340} INFO - Setting next_dagrun for dataset_consumes_1 to None, run_after=None
[2024-12-03T15:50:07.802+0000] {logging_mixin.py:120} INFO - [2024-12-03T15:50:07.801+0000] {dag.py:3340} INFO - Setting next_dagrun for dataset_consumes_1_and_2 to None, run_after=None
[2024-12-03T15:50:07.840+0000] {logging_mixin.py:120} INFO - [2024-12-03T15:50:07.840+0000] {dag.py:3340} INFO - Setting next_dagrun for dataset_consumes_1_never_scheduled to None, run_after=None
[2024-12-03T15:50:07.853+0000] {logging_mixin.py:120} INFO - [2024-12-03T15:50:07.852+0000] {dag.py:3340} INFO - Setting next_dagrun for dataset_consumes_unknown_never_scheduled to None, run_after=None
[2024-12-03T15:50:07.875+0000] {logging_mixin.py:120} INFO - [2024-12-03T15:50:07.874+0000] {dag.py:3340} INFO - Setting next_dagrun for dataset_produces_1 to 2024-12-02T00:00:00+00:00, run_after=2024-12-03T00:00:00+00:00
[2024-12-03T15:50:07.887+0000] {logging_mixin.py:120} INFO - [2024-12-03T15:50:07.886+0000] {dag.py:3340} INFO - Setting next_dagrun for dataset_produces_2 to None, run_after=None
[2024-12-03T15:50:08.143+0000] {processor.py:176} INFO - Processing /home/airflow/.local/lib/python3.7/site-packages/airflow/example_dags/example_datasets.py took 2.418 seconds
[2024-12-03T15:50:38.296+0000] {processor.py:154} INFO - Started process (PID=197) to work on /home/airflow/.local/lib/python3.7/site-packages/airflow/example_dags/example_datasets.py
[2024-12-03T15:50:38.311+0000] {processor.py:756} INFO - Processing file /home/airflow/.local/lib/python3.7/site-packages/airflow/example_dags/example_datasets.py for tasks to queue
[2024-12-03T15:50:38.313+0000] {logging_mixin.py:120} INFO - [2024-12-03T15:50:38.312+0000] {dagbag.py:537} INFO - Filling up the DagBag from /home/airflow/.local/lib/python3.7/site-packages/airflow/example_dags/example_datasets.py
[2024-12-03T15:50:38.427+0000] {processor.py:766} INFO - DAG(s) dict_keys(['dataset_produces_1', 'dataset_produces_2', 'dataset_consumes_1', 'dataset_consumes_unknown_never_scheduled', 'dataset_consumes_1_and_2', 'dataset_consumes_1_never_scheduled']) retrieved from /home/airflow/.local/lib/python3.7/site-packages/airflow/example_dags/example_datasets.py
[2024-12-03T15:50:38.577+0000] {logging_mixin.py:120} INFO - [2024-12-03T15:50:38.576+0000] {dag.py:2585} INFO - Sync 6 DAGs
[2024-12-03T15:50:38.626+0000] {logging_mixin.py:120} INFO - [2024-12-03T15:50:38.626+0000] {dag.py:3340} INFO - Setting next_dagrun for dataset_consumes_1 to None, run_after=None
[2024-12-03T15:50:38.636+0000] {logging_mixin.py:120} INFO - [2024-12-03T15:50:38.636+0000] {dag.py:3340} INFO - Setting next_dagrun for dataset_consumes_1_and_2 to None, run_after=None
[2024-12-03T15:50:38.647+0000] {logging_mixin.py:120} INFO - [2024-12-03T15:50:38.647+0000] {dag.py:3340} INFO - Setting next_dagrun for dataset_consumes_1_never_scheduled to None, run_after=None
[2024-12-03T15:50:38.650+0000] {logging_mixin.py:120} INFO - [2024-12-03T15:50:38.650+0000] {dag.py:3340} INFO - Setting next_dagrun for dataset_consumes_unknown_never_scheduled to None, run_after=None
[2024-12-03T15:50:38.656+0000] {logging_mixin.py:120} INFO - [2024-12-03T15:50:38.656+0000] {dag.py:3340} INFO - Setting next_dagrun for dataset_produces_1 to 2024-12-02T00:00:00+00:00, run_after=2024-12-03T00:00:00+00:00
[2024-12-03T15:50:38.661+0000] {logging_mixin.py:120} INFO - [2024-12-03T15:50:38.660+0000] {dag.py:3340} INFO - Setting next_dagrun for dataset_produces_2 to None, run_after=None
[2024-12-03T15:50:38.855+0000] {processor.py:176} INFO - Processing /home/airflow/.local/lib/python3.7/site-packages/airflow/example_dags/example_datasets.py took 0.564 seconds
[2024-12-03T15:51:09.209+0000] {processor.py:154} INFO - Started process (PID=261) to work on /home/airflow/.local/lib/python3.7/site-packages/airflow/example_dags/example_datasets.py
[2024-12-03T15:51:09.211+0000] {processor.py:756} INFO - Processing file /home/airflow/.local/lib/python3.7/site-packages/airflow/example_dags/example_datasets.py for tasks to queue
[2024-12-03T15:51:09.213+0000] {logging_mixin.py:120} INFO - [2024-12-03T15:51:09.213+0000] {dagbag.py:537} INFO - Filling up the DagBag from /home/airflow/.local/lib/python3.7/site-packages/airflow/example_dags/example_datasets.py
[2024-12-03T15:51:09.252+0000] {processor.py:766} INFO - DAG(s) dict_keys(['dataset_consumes_1_never_scheduled', 'dataset_consumes_unknown_never_scheduled', 'dataset_produces_2', 'dataset_consumes_1', 'dataset_produces_1', 'dataset_consumes_1_and_2']) retrieved from /home/airflow/.local/lib/python3.7/site-packages/airflow/example_dags/example_datasets.py
[2024-12-03T15:51:09.345+0000] {logging_mixin.py:120} INFO - [2024-12-03T15:51:09.344+0000] {dag.py:2585} INFO - Sync 6 DAGs
[2024-12-03T15:51:09.384+0000] {logging_mixin.py:120} INFO - [2024-12-03T15:51:09.383+0000] {dag.py:3340} INFO - Setting next_dagrun for dataset_consumes_1 to None, run_after=None
[2024-12-03T15:51:09.391+0000] {logging_mixin.py:120} INFO - [2024-12-03T15:51:09.391+0000] {dag.py:3340} INFO - Setting next_dagrun for dataset_consumes_1_and_2 to None, run_after=None
[2024-12-03T15:51:09.396+0000] {logging_mixin.py:120} INFO - [2024-12-03T15:51:09.396+0000] {dag.py:3340} INFO - Setting next_dagrun for dataset_consumes_1_never_scheduled to None, run_after=None
[2024-12-03T15:51:09.399+0000] {logging_mixin.py:120} INFO - [2024-12-03T15:51:09.399+0000] {dag.py:3340} INFO - Setting next_dagrun for dataset_consumes_unknown_never_scheduled to None, run_after=None
[2024-12-03T15:51:09.404+0000] {logging_mixin.py:120} INFO - [2024-12-03T15:51:09.404+0000] {dag.py:3340} INFO - Setting next_dagrun for dataset_produces_1 to 2024-12-02T00:00:00+00:00, run_after=2024-12-03T00:00:00+00:00
[2024-12-03T15:51:09.407+0000] {logging_mixin.py:120} INFO - [2024-12-03T15:51:09.407+0000] {dag.py:3340} INFO - Setting next_dagrun for dataset_produces_2 to None, run_after=None
[2024-12-03T15:51:09.467+0000] {processor.py:176} INFO - Processing /home/airflow/.local/lib/python3.7/site-packages/airflow/example_dags/example_datasets.py took 0.262 seconds
[2024-12-03T15:51:39.906+0000] {processor.py:154} INFO - Started process (PID=320) to work on /home/airflow/.local/lib/python3.7/site-packages/airflow/example_dags/example_datasets.py
[2024-12-03T15:51:39.909+0000] {processor.py:756} INFO - Processing file /home/airflow/.local/lib/python3.7/site-packages/airflow/example_dags/example_datasets.py for tasks to queue
[2024-12-03T15:51:39.914+0000] {logging_mixin.py:120} INFO - [2024-12-03T15:51:39.914+0000] {dagbag.py:537} INFO - Filling up the DagBag from /home/airflow/.local/lib/python3.7/site-packages/airflow/example_dags/example_datasets.py
[2024-12-03T15:51:39.948+0000] {processor.py:766} INFO - DAG(s) dict_keys(['dataset_consumes_1_and_2', 'dataset_produces_1', 'dataset_consumes_1_never_scheduled', 'dataset_produces_2', 'dataset_consumes_1', 'dataset_consumes_unknown_never_scheduled']) retrieved from /home/airflow/.local/lib/python3.7/site-packages/airflow/example_dags/example_datasets.py
[2024-12-03T15:51:40.072+0000] {logging_mixin.py:120} INFO - [2024-12-03T15:51:40.071+0000] {dag.py:2585} INFO - Sync 6 DAGs
[2024-12-03T15:51:40.127+0000] {logging_mixin.py:120} INFO - [2024-12-03T15:51:40.127+0000] {dag.py:3340} INFO - Setting next_dagrun for dataset_consumes_1 to None, run_after=None
[2024-12-03T15:51:40.140+0000] {logging_mixin.py:120} INFO - [2024-12-03T15:51:40.139+0000] {dag.py:3340} INFO - Setting next_dagrun for dataset_consumes_1_and_2 to None, run_after=None
[2024-12-03T15:51:40.143+0000] {logging_mixin.py:120} INFO - [2024-12-03T15:51:40.143+0000] {dag.py:3340} INFO - Setting next_dagrun for dataset_consumes_1_never_scheduled to None, run_after=None
[2024-12-03T15:51:40.147+0000] {logging_mixin.py:120} INFO - [2024-12-03T15:51:40.147+0000] {dag.py:3340} INFO - Setting next_dagrun for dataset_consumes_unknown_never_scheduled to None, run_after=None
[2024-12-03T15:51:40.153+0000] {logging_mixin.py:120} INFO - [2024-12-03T15:51:40.153+0000] {dag.py:3340} INFO - Setting next_dagrun for dataset_produces_1 to 2024-12-02T00:00:00+00:00, run_after=2024-12-03T00:00:00+00:00
[2024-12-03T15:51:40.157+0000] {logging_mixin.py:120} INFO - [2024-12-03T15:51:40.156+0000] {dag.py:3340} INFO - Setting next_dagrun for dataset_produces_2 to None, run_after=None
[2024-12-03T15:51:40.230+0000] {processor.py:176} INFO - Processing /home/airflow/.local/lib/python3.7/site-packages/airflow/example_dags/example_datasets.py took 0.332 seconds
[2024-12-03T15:53:06.048+0000] {processor.py:154} INFO - Started process (PID=72) to work on /home/airflow/.local/lib/python3.7/site-packages/airflow/example_dags/example_datasets.py
[2024-12-03T15:53:06.050+0000] {processor.py:756} INFO - Processing file /home/airflow/.local/lib/python3.7/site-packages/airflow/example_dags/example_datasets.py for tasks to queue
[2024-12-03T15:53:06.053+0000] {logging_mixin.py:120} INFO - [2024-12-03T15:53:06.052+0000] {dagbag.py:537} INFO - Filling up the DagBag from /home/airflow/.local/lib/python3.7/site-packages/airflow/example_dags/example_datasets.py
[2024-12-03T15:53:06.087+0000] {processor.py:766} INFO - DAG(s) dict_keys(['dataset_consumes_1_and_2', 'dataset_produces_2', 'dataset_consumes_unknown_never_scheduled', 'dataset_produces_1', 'dataset_consumes_1', 'dataset_consumes_1_never_scheduled']) retrieved from /home/airflow/.local/lib/python3.7/site-packages/airflow/example_dags/example_datasets.py
[2024-12-03T15:53:06.568+0000] {logging_mixin.py:120} INFO - [2024-12-03T15:53:06.568+0000] {dag.py:2585} INFO - Sync 6 DAGs
[2024-12-03T15:53:06.604+0000] {logging_mixin.py:120} INFO - [2024-12-03T15:53:06.604+0000] {dag.py:3340} INFO - Setting next_dagrun for dataset_consumes_1 to None, run_after=None
[2024-12-03T15:53:06.611+0000] {logging_mixin.py:120} INFO - [2024-12-03T15:53:06.611+0000] {dag.py:3340} INFO - Setting next_dagrun for dataset_consumes_1_and_2 to None, run_after=None
[2024-12-03T15:53:06.618+0000] {logging_mixin.py:120} INFO - [2024-12-03T15:53:06.617+0000] {dag.py:3340} INFO - Setting next_dagrun for dataset_consumes_1_never_scheduled to None, run_after=None
[2024-12-03T15:53:06.624+0000] {logging_mixin.py:120} INFO - [2024-12-03T15:53:06.623+0000] {dag.py:3340} INFO - Setting next_dagrun for dataset_consumes_unknown_never_scheduled to None, run_after=None
[2024-12-03T15:53:06.633+0000] {logging_mixin.py:120} INFO - [2024-12-03T15:53:06.633+0000] {dag.py:3340} INFO - Setting next_dagrun for dataset_produces_1 to 2024-12-02T00:00:00+00:00, run_after=2024-12-03T00:00:00+00:00
[2024-12-03T15:53:06.645+0000] {logging_mixin.py:120} INFO - [2024-12-03T15:53:06.645+0000] {dag.py:3340} INFO - Setting next_dagrun for dataset_produces_2 to None, run_after=None
[2024-12-03T15:53:06.738+0000] {processor.py:176} INFO - Processing /home/airflow/.local/lib/python3.7/site-packages/airflow/example_dags/example_datasets.py took 0.695 seconds
[2024-12-03T15:53:38.123+0000] {processor.py:154} INFO - Started process (PID=137) to work on /home/airflow/.local/lib/python3.7/site-packages/airflow/example_dags/example_datasets.py
[2024-12-03T15:53:38.125+0000] {processor.py:756} INFO - Processing file /home/airflow/.local/lib/python3.7/site-packages/airflow/example_dags/example_datasets.py for tasks to queue
[2024-12-03T15:53:38.127+0000] {logging_mixin.py:120} INFO - [2024-12-03T15:53:38.126+0000] {dagbag.py:537} INFO - Filling up the DagBag from /home/airflow/.local/lib/python3.7/site-packages/airflow/example_dags/example_datasets.py
[2024-12-03T15:53:38.171+0000] {processor.py:766} INFO - DAG(s) dict_keys(['dataset_consumes_1_and_2', 'dataset_consumes_1', 'dataset_produces_1', 'dataset_produces_2', 'dataset_consumes_1_never_scheduled', 'dataset_consumes_unknown_never_scheduled']) retrieved from /home/airflow/.local/lib/python3.7/site-packages/airflow/example_dags/example_datasets.py
[2024-12-03T15:53:38.306+0000] {logging_mixin.py:120} INFO - [2024-12-03T15:53:38.305+0000] {dag.py:2585} INFO - Sync 6 DAGs
[2024-12-03T15:53:38.379+0000] {logging_mixin.py:120} INFO - [2024-12-03T15:53:38.378+0000] {dag.py:3340} INFO - Setting next_dagrun for dataset_consumes_1 to None, run_after=None
[2024-12-03T15:53:38.390+0000] {logging_mixin.py:120} INFO - [2024-12-03T15:53:38.389+0000] {dag.py:3340} INFO - Setting next_dagrun for dataset_consumes_1_and_2 to None, run_after=None
[2024-12-03T15:53:38.393+0000] {logging_mixin.py:120} INFO - [2024-12-03T15:53:38.393+0000] {dag.py:3340} INFO - Setting next_dagrun for dataset_consumes_1_never_scheduled to None, run_after=None
[2024-12-03T15:53:38.396+0000] {logging_mixin.py:120} INFO - [2024-12-03T15:53:38.396+0000] {dag.py:3340} INFO - Setting next_dagrun for dataset_consumes_unknown_never_scheduled to None, run_after=None
[2024-12-03T15:53:38.403+0000] {logging_mixin.py:120} INFO - [2024-12-03T15:53:38.403+0000] {dag.py:3340} INFO - Setting next_dagrun for dataset_produces_1 to 2024-12-02T00:00:00+00:00, run_after=2024-12-03T00:00:00+00:00
[2024-12-03T15:53:38.407+0000] {logging_mixin.py:120} INFO - [2024-12-03T15:53:38.406+0000] {dag.py:3340} INFO - Setting next_dagrun for dataset_produces_2 to None, run_after=None
[2024-12-03T15:53:38.493+0000] {processor.py:176} INFO - Processing /home/airflow/.local/lib/python3.7/site-packages/airflow/example_dags/example_datasets.py took 0.375 seconds
[2024-12-03T15:54:09.156+0000] {processor.py:154} INFO - Started process (PID=195) to work on /home/airflow/.local/lib/python3.7/site-packages/airflow/example_dags/example_datasets.py
[2024-12-03T15:54:09.159+0000] {processor.py:756} INFO - Processing file /home/airflow/.local/lib/python3.7/site-packages/airflow/example_dags/example_datasets.py for tasks to queue
[2024-12-03T15:54:09.160+0000] {logging_mixin.py:120} INFO - [2024-12-03T15:54:09.160+0000] {dagbag.py:537} INFO - Filling up the DagBag from /home/airflow/.local/lib/python3.7/site-packages/airflow/example_dags/example_datasets.py
[2024-12-03T15:54:09.186+0000] {processor.py:766} INFO - DAG(s) dict_keys(['dataset_produces_1', 'dataset_consumes_1_and_2', 'dataset_produces_2', 'dataset_consumes_1', 'dataset_consumes_1_never_scheduled', 'dataset_consumes_unknown_never_scheduled']) retrieved from /home/airflow/.local/lib/python3.7/site-packages/airflow/example_dags/example_datasets.py
[2024-12-03T15:54:09.309+0000] {logging_mixin.py:120} INFO - [2024-12-03T15:54:09.308+0000] {dag.py:2585} INFO - Sync 6 DAGs
[2024-12-03T15:54:09.364+0000] {logging_mixin.py:120} INFO - [2024-12-03T15:54:09.364+0000] {dag.py:3340} INFO - Setting next_dagrun for dataset_consumes_1 to None, run_after=None
[2024-12-03T15:54:09.373+0000] {logging_mixin.py:120} INFO - [2024-12-03T15:54:09.373+0000] {dag.py:3340} INFO - Setting next_dagrun for dataset_consumes_1_and_2 to None, run_after=None
[2024-12-03T15:54:09.376+0000] {logging_mixin.py:120} INFO - [2024-12-03T15:54:09.376+0000] {dag.py:3340} INFO - Setting next_dagrun for dataset_consumes_1_never_scheduled to None, run_after=None
[2024-12-03T15:54:09.379+0000] {logging_mixin.py:120} INFO - [2024-12-03T15:54:09.378+0000] {dag.py:3340} INFO - Setting next_dagrun for dataset_consumes_unknown_never_scheduled to None, run_after=None
[2024-12-03T15:54:09.383+0000] {logging_mixin.py:120} INFO - [2024-12-03T15:54:09.383+0000] {dag.py:3340} INFO - Setting next_dagrun for dataset_produces_1 to 2024-12-02T00:00:00+00:00, run_after=2024-12-03T00:00:00+00:00
[2024-12-03T15:54:09.386+0000] {logging_mixin.py:120} INFO - [2024-12-03T15:54:09.386+0000] {dag.py:3340} INFO - Setting next_dagrun for dataset_produces_2 to None, run_after=None
[2024-12-03T15:54:09.447+0000] {processor.py:176} INFO - Processing /home/airflow/.local/lib/python3.7/site-packages/airflow/example_dags/example_datasets.py took 0.294 seconds
[2024-12-03T15:54:40.145+0000] {processor.py:154} INFO - Started process (PID=259) to work on /home/airflow/.local/lib/python3.7/site-packages/airflow/example_dags/example_datasets.py
[2024-12-03T15:54:40.148+0000] {processor.py:756} INFO - Processing file /home/airflow/.local/lib/python3.7/site-packages/airflow/example_dags/example_datasets.py for tasks to queue
[2024-12-03T15:54:40.150+0000] {logging_mixin.py:120} INFO - [2024-12-03T15:54:40.150+0000] {dagbag.py:537} INFO - Filling up the DagBag from /home/airflow/.local/lib/python3.7/site-packages/airflow/example_dags/example_datasets.py
[2024-12-03T15:54:40.178+0000] {processor.py:766} INFO - DAG(s) dict_keys(['dataset_consumes_1_and_2', 'dataset_consumes_1', 'dataset_produces_2', 'dataset_produces_1', 'dataset_consumes_unknown_never_scheduled', 'dataset_consumes_1_never_scheduled']) retrieved from /home/airflow/.local/lib/python3.7/site-packages/airflow/example_dags/example_datasets.py
[2024-12-03T15:54:40.315+0000] {logging_mixin.py:120} INFO - [2024-12-03T15:54:40.315+0000] {dag.py:2585} INFO - Sync 6 DAGs
[2024-12-03T15:54:40.374+0000] {logging_mixin.py:120} INFO - [2024-12-03T15:54:40.373+0000] {dag.py:3340} INFO - Setting next_dagrun for dataset_consumes_1 to None, run_after=None
[2024-12-03T15:54:40.384+0000] {logging_mixin.py:120} INFO - [2024-12-03T15:54:40.383+0000] {dag.py:3340} INFO - Setting next_dagrun for dataset_consumes_1_and_2 to None, run_after=None
[2024-12-03T15:54:40.389+0000] {logging_mixin.py:120} INFO - [2024-12-03T15:54:40.389+0000] {dag.py:3340} INFO - Setting next_dagrun for dataset_consumes_1_never_scheduled to None, run_after=None
[2024-12-03T15:54:40.394+0000] {logging_mixin.py:120} INFO - [2024-12-03T15:54:40.394+0000] {dag.py:3340} INFO - Setting next_dagrun for dataset_consumes_unknown_never_scheduled to None, run_after=None
[2024-12-03T15:54:40.400+0000] {logging_mixin.py:120} INFO - [2024-12-03T15:54:40.400+0000] {dag.py:3340} INFO - Setting next_dagrun for dataset_produces_1 to 2024-12-02T00:00:00+00:00, run_after=2024-12-03T00:00:00+00:00
[2024-12-03T15:54:40.404+0000] {logging_mixin.py:120} INFO - [2024-12-03T15:54:40.404+0000] {dag.py:3340} INFO - Setting next_dagrun for dataset_produces_2 to None, run_after=None
[2024-12-03T15:54:40.474+0000] {processor.py:176} INFO - Processing /home/airflow/.local/lib/python3.7/site-packages/airflow/example_dags/example_datasets.py took 0.335 seconds
[2024-12-03T15:55:10.558+0000] {processor.py:154} INFO - Started process (PID=314) to work on /home/airflow/.local/lib/python3.7/site-packages/airflow/example_dags/example_datasets.py
[2024-12-03T15:55:10.561+0000] {processor.py:756} INFO - Processing file /home/airflow/.local/lib/python3.7/site-packages/airflow/example_dags/example_datasets.py for tasks to queue
[2024-12-03T15:55:10.565+0000] {logging_mixin.py:120} INFO - [2024-12-03T15:55:10.564+0000] {dagbag.py:537} INFO - Filling up the DagBag from /home/airflow/.local/lib/python3.7/site-packages/airflow/example_dags/example_datasets.py
[2024-12-03T15:55:10.635+0000] {processor.py:766} INFO - DAG(s) dict_keys(['dataset_consumes_1_and_2', 'dataset_produces_2', 'dataset_produces_1', 'dataset_consumes_unknown_never_scheduled', 'dataset_consumes_1_never_scheduled', 'dataset_consumes_1']) retrieved from /home/airflow/.local/lib/python3.7/site-packages/airflow/example_dags/example_datasets.py
[2024-12-03T15:55:10.847+0000] {logging_mixin.py:120} INFO - [2024-12-03T15:55:10.847+0000] {dag.py:2585} INFO - Sync 6 DAGs
[2024-12-03T15:55:10.944+0000] {logging_mixin.py:120} INFO - [2024-12-03T15:55:10.944+0000] {dag.py:3340} INFO - Setting next_dagrun for dataset_consumes_1 to None, run_after=None
[2024-12-03T15:55:10.963+0000] {logging_mixin.py:120} INFO - [2024-12-03T15:55:10.962+0000] {dag.py:3340} INFO - Setting next_dagrun for dataset_consumes_1_and_2 to None, run_after=None
[2024-12-03T15:55:10.969+0000] {logging_mixin.py:120} INFO - [2024-12-03T15:55:10.969+0000] {dag.py:3340} INFO - Setting next_dagrun for dataset_consumes_1_never_scheduled to None, run_after=None
[2024-12-03T15:55:10.973+0000] {logging_mixin.py:120} INFO - [2024-12-03T15:55:10.972+0000] {dag.py:3340} INFO - Setting next_dagrun for dataset_consumes_unknown_never_scheduled to None, run_after=None
[2024-12-03T15:55:10.982+0000] {logging_mixin.py:120} INFO - [2024-12-03T15:55:10.981+0000] {dag.py:3340} INFO - Setting next_dagrun for dataset_produces_1 to 2024-12-02T00:00:00+00:00, run_after=2024-12-03T00:00:00+00:00
[2024-12-03T15:55:10.992+0000] {logging_mixin.py:120} INFO - [2024-12-03T15:55:10.992+0000] {dag.py:3340} INFO - Setting next_dagrun for dataset_produces_2 to None, run_after=None
[2024-12-03T15:55:11.113+0000] {processor.py:176} INFO - Processing /home/airflow/.local/lib/python3.7/site-packages/airflow/example_dags/example_datasets.py took 0.569 seconds
[2024-12-03T15:55:41.299+0000] {processor.py:154} INFO - Started process (PID=369) to work on /home/airflow/.local/lib/python3.7/site-packages/airflow/example_dags/example_datasets.py
[2024-12-03T15:55:41.301+0000] {processor.py:756} INFO - Processing file /home/airflow/.local/lib/python3.7/site-packages/airflow/example_dags/example_datasets.py for tasks to queue
[2024-12-03T15:55:41.302+0000] {logging_mixin.py:120} INFO - [2024-12-03T15:55:41.302+0000] {dagbag.py:537} INFO - Filling up the DagBag from /home/airflow/.local/lib/python3.7/site-packages/airflow/example_dags/example_datasets.py
[2024-12-03T15:55:41.329+0000] {processor.py:766} INFO - DAG(s) dict_keys(['dataset_consumes_1_never_scheduled', 'dataset_consumes_1', 'dataset_consumes_unknown_never_scheduled', 'dataset_produces_1', 'dataset_consumes_1_and_2', 'dataset_produces_2']) retrieved from /home/airflow/.local/lib/python3.7/site-packages/airflow/example_dags/example_datasets.py
[2024-12-03T15:55:41.412+0000] {logging_mixin.py:120} INFO - [2024-12-03T15:55:41.412+0000] {dag.py:2585} INFO - Sync 6 DAGs
[2024-12-03T15:55:41.461+0000] {logging_mixin.py:120} INFO - [2024-12-03T15:55:41.461+0000] {dag.py:3340} INFO - Setting next_dagrun for dataset_consumes_1 to None, run_after=None
[2024-12-03T15:55:41.466+0000] {logging_mixin.py:120} INFO - [2024-12-03T15:55:41.466+0000] {dag.py:3340} INFO - Setting next_dagrun for dataset_consumes_1_and_2 to None, run_after=None
[2024-12-03T15:55:41.469+0000] {logging_mixin.py:120} INFO - [2024-12-03T15:55:41.469+0000] {dag.py:3340} INFO - Setting next_dagrun for dataset_consumes_1_never_scheduled to None, run_after=None
[2024-12-03T15:55:41.472+0000] {logging_mixin.py:120} INFO - [2024-12-03T15:55:41.472+0000] {dag.py:3340} INFO - Setting next_dagrun for dataset_consumes_unknown_never_scheduled to None, run_after=None
[2024-12-03T15:55:41.476+0000] {logging_mixin.py:120} INFO - [2024-12-03T15:55:41.476+0000] {dag.py:3340} INFO - Setting next_dagrun for dataset_produces_1 to 2024-12-02T00:00:00+00:00, run_after=2024-12-03T00:00:00+00:00
[2024-12-03T15:55:41.479+0000] {logging_mixin.py:120} INFO - [2024-12-03T15:55:41.479+0000] {dag.py:3340} INFO - Setting next_dagrun for dataset_produces_2 to None, run_after=None
[2024-12-03T15:55:41.533+0000] {processor.py:176} INFO - Processing /home/airflow/.local/lib/python3.7/site-packages/airflow/example_dags/example_datasets.py took 0.239 seconds
[2024-12-03T15:56:12.837+0000] {processor.py:154} INFO - Started process (PID=433) to work on /home/airflow/.local/lib/python3.7/site-packages/airflow/example_dags/example_datasets.py
[2024-12-03T15:56:12.840+0000] {processor.py:756} INFO - Processing file /home/airflow/.local/lib/python3.7/site-packages/airflow/example_dags/example_datasets.py for tasks to queue
[2024-12-03T15:56:12.843+0000] {logging_mixin.py:120} INFO - [2024-12-03T15:56:12.842+0000] {dagbag.py:537} INFO - Filling up the DagBag from /home/airflow/.local/lib/python3.7/site-packages/airflow/example_dags/example_datasets.py
[2024-12-03T15:56:12.895+0000] {processor.py:766} INFO - DAG(s) dict_keys(['dataset_produces_2', 'dataset_produces_1', 'dataset_consumes_unknown_never_scheduled', 'dataset_consumes_1_and_2', 'dataset_consumes_1', 'dataset_consumes_1_never_scheduled']) retrieved from /home/airflow/.local/lib/python3.7/site-packages/airflow/example_dags/example_datasets.py
[2024-12-03T15:56:13.055+0000] {logging_mixin.py:120} INFO - [2024-12-03T15:56:13.054+0000] {dag.py:2585} INFO - Sync 6 DAGs
[2024-12-03T15:56:13.155+0000] {logging_mixin.py:120} INFO - [2024-12-03T15:56:13.155+0000] {dag.py:3340} INFO - Setting next_dagrun for dataset_consumes_1 to None, run_after=None
[2024-12-03T15:56:13.171+0000] {logging_mixin.py:120} INFO - [2024-12-03T15:56:13.170+0000] {dag.py:3340} INFO - Setting next_dagrun for dataset_consumes_1_and_2 to None, run_after=None
[2024-12-03T15:56:13.176+0000] {logging_mixin.py:120} INFO - [2024-12-03T15:56:13.176+0000] {dag.py:3340} INFO - Setting next_dagrun for dataset_consumes_1_never_scheduled to None, run_after=None
[2024-12-03T15:56:13.182+0000] {logging_mixin.py:120} INFO - [2024-12-03T15:56:13.182+0000] {dag.py:3340} INFO - Setting next_dagrun for dataset_consumes_unknown_never_scheduled to None, run_after=None
[2024-12-03T15:56:13.190+0000] {logging_mixin.py:120} INFO - [2024-12-03T15:56:13.190+0000] {dag.py:3340} INFO - Setting next_dagrun for dataset_produces_1 to 2024-12-02T00:00:00+00:00, run_after=2024-12-03T00:00:00+00:00
[2024-12-03T15:56:13.195+0000] {logging_mixin.py:120} INFO - [2024-12-03T15:56:13.194+0000] {dag.py:3340} INFO - Setting next_dagrun for dataset_produces_2 to None, run_after=None
[2024-12-03T15:56:13.332+0000] {processor.py:176} INFO - Processing /home/airflow/.local/lib/python3.7/site-packages/airflow/example_dags/example_datasets.py took 0.503 seconds
[2024-12-03T15:56:43.715+0000] {processor.py:154} INFO - Started process (PID=488) to work on /home/airflow/.local/lib/python3.7/site-packages/airflow/example_dags/example_datasets.py
[2024-12-03T15:56:43.718+0000] {processor.py:756} INFO - Processing file /home/airflow/.local/lib/python3.7/site-packages/airflow/example_dags/example_datasets.py for tasks to queue
[2024-12-03T15:56:43.720+0000] {logging_mixin.py:120} INFO - [2024-12-03T15:56:43.720+0000] {dagbag.py:537} INFO - Filling up the DagBag from /home/airflow/.local/lib/python3.7/site-packages/airflow/example_dags/example_datasets.py
[2024-12-03T15:56:43.795+0000] {processor.py:766} INFO - DAG(s) dict_keys(['dataset_consumes_1', 'dataset_consumes_unknown_never_scheduled', 'dataset_consumes_1_and_2', 'dataset_consumes_1_never_scheduled', 'dataset_produces_2', 'dataset_produces_1']) retrieved from /home/airflow/.local/lib/python3.7/site-packages/airflow/example_dags/example_datasets.py
[2024-12-03T15:56:43.951+0000] {logging_mixin.py:120} INFO - [2024-12-03T15:56:43.951+0000] {dag.py:2585} INFO - Sync 6 DAGs
[2024-12-03T15:56:44.067+0000] {logging_mixin.py:120} INFO - [2024-12-03T15:56:44.066+0000] {dag.py:3340} INFO - Setting next_dagrun for dataset_consumes_1 to None, run_after=None
[2024-12-03T15:56:44.080+0000] {logging_mixin.py:120} INFO - [2024-12-03T15:56:44.080+0000] {dag.py:3340} INFO - Setting next_dagrun for dataset_consumes_1_and_2 to None, run_after=None
[2024-12-03T15:56:44.085+0000] {logging_mixin.py:120} INFO - [2024-12-03T15:56:44.085+0000] {dag.py:3340} INFO - Setting next_dagrun for dataset_consumes_1_never_scheduled to None, run_after=None
[2024-12-03T15:56:44.099+0000] {logging_mixin.py:120} INFO - [2024-12-03T15:56:44.098+0000] {dag.py:3340} INFO - Setting next_dagrun for dataset_consumes_unknown_never_scheduled to None, run_after=None
[2024-12-03T15:56:44.112+0000] {logging_mixin.py:120} INFO - [2024-12-03T15:56:44.111+0000] {dag.py:3340} INFO - Setting next_dagrun for dataset_produces_1 to 2024-12-02T00:00:00+00:00, run_after=2024-12-03T00:00:00+00:00
[2024-12-03T15:56:44.125+0000] {logging_mixin.py:120} INFO - [2024-12-03T15:56:44.124+0000] {dag.py:3340} INFO - Setting next_dagrun for dataset_produces_2 to None, run_after=None
[2024-12-03T15:56:44.361+0000] {processor.py:176} INFO - Processing /home/airflow/.local/lib/python3.7/site-packages/airflow/example_dags/example_datasets.py took 0.656 seconds
[2024-12-03T15:57:14.743+0000] {processor.py:154} INFO - Started process (PID=547) to work on /home/airflow/.local/lib/python3.7/site-packages/airflow/example_dags/example_datasets.py
[2024-12-03T15:57:14.744+0000] {processor.py:756} INFO - Processing file /home/airflow/.local/lib/python3.7/site-packages/airflow/example_dags/example_datasets.py for tasks to queue
[2024-12-03T15:57:14.747+0000] {logging_mixin.py:120} INFO - [2024-12-03T15:57:14.746+0000] {dagbag.py:537} INFO - Filling up the DagBag from /home/airflow/.local/lib/python3.7/site-packages/airflow/example_dags/example_datasets.py
[2024-12-03T15:57:14.774+0000] {processor.py:766} INFO - DAG(s) dict_keys(['dataset_produces_2', 'dataset_consumes_1', 'dataset_consumes_unknown_never_scheduled', 'dataset_consumes_1_never_scheduled', 'dataset_produces_1', 'dataset_consumes_1_and_2']) retrieved from /home/airflow/.local/lib/python3.7/site-packages/airflow/example_dags/example_datasets.py
[2024-12-03T15:57:14.887+0000] {logging_mixin.py:120} INFO - [2024-12-03T15:57:14.887+0000] {dag.py:2585} INFO - Sync 6 DAGs
[2024-12-03T15:57:14.934+0000] {logging_mixin.py:120} INFO - [2024-12-03T15:57:14.934+0000] {dag.py:3340} INFO - Setting next_dagrun for dataset_consumes_1 to None, run_after=None
[2024-12-03T15:57:14.942+0000] {logging_mixin.py:120} INFO - [2024-12-03T15:57:14.942+0000] {dag.py:3340} INFO - Setting next_dagrun for dataset_consumes_1_and_2 to None, run_after=None
[2024-12-03T15:57:14.946+0000] {logging_mixin.py:120} INFO - [2024-12-03T15:57:14.946+0000] {dag.py:3340} INFO - Setting next_dagrun for dataset_consumes_1_never_scheduled to None, run_after=None
[2024-12-03T15:57:14.951+0000] {logging_mixin.py:120} INFO - [2024-12-03T15:57:14.950+0000] {dag.py:3340} INFO - Setting next_dagrun for dataset_consumes_unknown_never_scheduled to None, run_after=None
[2024-12-03T15:57:14.956+0000] {logging_mixin.py:120} INFO - [2024-12-03T15:57:14.956+0000] {dag.py:3340} INFO - Setting next_dagrun for dataset_produces_1 to 2024-12-02T00:00:00+00:00, run_after=2024-12-03T00:00:00+00:00
[2024-12-03T15:57:14.960+0000] {logging_mixin.py:120} INFO - [2024-12-03T15:57:14.960+0000] {dag.py:3340} INFO - Setting next_dagrun for dataset_produces_2 to None, run_after=None
[2024-12-03T15:57:15.041+0000] {processor.py:176} INFO - Processing /home/airflow/.local/lib/python3.7/site-packages/airflow/example_dags/example_datasets.py took 0.303 seconds
[2024-12-03T15:57:45.544+0000] {processor.py:154} INFO - Started process (PID=611) to work on /home/airflow/.local/lib/python3.7/site-packages/airflow/example_dags/example_datasets.py
[2024-12-03T15:57:45.546+0000] {processor.py:756} INFO - Processing file /home/airflow/.local/lib/python3.7/site-packages/airflow/example_dags/example_datasets.py for tasks to queue
[2024-12-03T15:57:45.549+0000] {logging_mixin.py:120} INFO - [2024-12-03T15:57:45.548+0000] {dagbag.py:537} INFO - Filling up the DagBag from /home/airflow/.local/lib/python3.7/site-packages/airflow/example_dags/example_datasets.py
[2024-12-03T15:57:45.580+0000] {processor.py:766} INFO - DAG(s) dict_keys(['dataset_consumes_1', 'dataset_consumes_1_and_2', 'dataset_consumes_unknown_never_scheduled', 'dataset_consumes_1_never_scheduled', 'dataset_produces_2', 'dataset_produces_1']) retrieved from /home/airflow/.local/lib/python3.7/site-packages/airflow/example_dags/example_datasets.py
[2024-12-03T15:57:45.712+0000] {logging_mixin.py:120} INFO - [2024-12-03T15:57:45.711+0000] {dag.py:2585} INFO - Sync 6 DAGs
[2024-12-03T15:57:45.783+0000] {logging_mixin.py:120} INFO - [2024-12-03T15:57:45.782+0000] {dag.py:3340} INFO - Setting next_dagrun for dataset_consumes_1 to None, run_after=None
[2024-12-03T15:57:45.790+0000] {logging_mixin.py:120} INFO - [2024-12-03T15:57:45.789+0000] {dag.py:3340} INFO - Setting next_dagrun for dataset_consumes_1_and_2 to None, run_after=None
[2024-12-03T15:57:45.794+0000] {logging_mixin.py:120} INFO - [2024-12-03T15:57:45.794+0000] {dag.py:3340} INFO - Setting next_dagrun for dataset_consumes_1_never_scheduled to None, run_after=None
[2024-12-03T15:57:45.797+0000] {logging_mixin.py:120} INFO - [2024-12-03T15:57:45.797+0000] {dag.py:3340} INFO - Setting next_dagrun for dataset_consumes_unknown_never_scheduled to None, run_after=None
[2024-12-03T15:57:45.803+0000] {logging_mixin.py:120} INFO - [2024-12-03T15:57:45.803+0000] {dag.py:3340} INFO - Setting next_dagrun for dataset_produces_1 to 2024-12-02T00:00:00+00:00, run_after=2024-12-03T00:00:00+00:00
[2024-12-03T15:57:45.807+0000] {logging_mixin.py:120} INFO - [2024-12-03T15:57:45.807+0000] {dag.py:3340} INFO - Setting next_dagrun for dataset_produces_2 to None, run_after=None
[2024-12-03T15:57:45.874+0000] {processor.py:176} INFO - Processing /home/airflow/.local/lib/python3.7/site-packages/airflow/example_dags/example_datasets.py took 0.334 seconds
[2024-12-03T15:58:16.148+0000] {processor.py:154} INFO - Started process (PID=682) to work on /home/airflow/.local/lib/python3.7/site-packages/airflow/example_dags/example_datasets.py
[2024-12-03T15:58:16.150+0000] {processor.py:756} INFO - Processing file /home/airflow/.local/lib/python3.7/site-packages/airflow/example_dags/example_datasets.py for tasks to queue
[2024-12-03T15:58:16.151+0000] {logging_mixin.py:120} INFO - [2024-12-03T15:58:16.151+0000] {dagbag.py:537} INFO - Filling up the DagBag from /home/airflow/.local/lib/python3.7/site-packages/airflow/example_dags/example_datasets.py
[2024-12-03T15:58:16.176+0000] {processor.py:766} INFO - DAG(s) dict_keys(['dataset_consumes_unknown_never_scheduled', 'dataset_produces_1', 'dataset_consumes_1', 'dataset_produces_2', 'dataset_consumes_1_never_scheduled', 'dataset_consumes_1_and_2']) retrieved from /home/airflow/.local/lib/python3.7/site-packages/airflow/example_dags/example_datasets.py
[2024-12-03T15:58:16.292+0000] {logging_mixin.py:120} INFO - [2024-12-03T15:58:16.292+0000] {dag.py:2585} INFO - Sync 6 DAGs
[2024-12-03T15:58:16.336+0000] {logging_mixin.py:120} INFO - [2024-12-03T15:58:16.336+0000] {dag.py:3340} INFO - Setting next_dagrun for dataset_consumes_1 to None, run_after=None
[2024-12-03T15:58:16.342+0000] {logging_mixin.py:120} INFO - [2024-12-03T15:58:16.342+0000] {dag.py:3340} INFO - Setting next_dagrun for dataset_consumes_1_and_2 to None, run_after=None
[2024-12-03T15:58:16.345+0000] {logging_mixin.py:120} INFO - [2024-12-03T15:58:16.345+0000] {dag.py:3340} INFO - Setting next_dagrun for dataset_consumes_1_never_scheduled to None, run_after=None
[2024-12-03T15:58:16.348+0000] {logging_mixin.py:120} INFO - [2024-12-03T15:58:16.348+0000] {dag.py:3340} INFO - Setting next_dagrun for dataset_consumes_unknown_never_scheduled to None, run_after=None
[2024-12-03T15:58:16.353+0000] {logging_mixin.py:120} INFO - [2024-12-03T15:58:16.353+0000] {dag.py:3340} INFO - Setting next_dagrun for dataset_produces_1 to 2024-12-02T00:00:00+00:00, run_after=2024-12-03T00:00:00+00:00
[2024-12-03T15:58:16.356+0000] {logging_mixin.py:120} INFO - [2024-12-03T15:58:16.356+0000] {dag.py:3340} INFO - Setting next_dagrun for dataset_produces_2 to None, run_after=None
[2024-12-03T15:58:16.428+0000] {processor.py:176} INFO - Processing /home/airflow/.local/lib/python3.7/site-packages/airflow/example_dags/example_datasets.py took 0.284 seconds
[2024-12-03T15:58:46.793+0000] {processor.py:154} INFO - Started process (PID=737) to work on /home/airflow/.local/lib/python3.7/site-packages/airflow/example_dags/example_datasets.py
[2024-12-03T15:58:46.795+0000] {processor.py:756} INFO - Processing file /home/airflow/.local/lib/python3.7/site-packages/airflow/example_dags/example_datasets.py for tasks to queue
[2024-12-03T15:58:46.797+0000] {logging_mixin.py:120} INFO - [2024-12-03T15:58:46.796+0000] {dagbag.py:537} INFO - Filling up the DagBag from /home/airflow/.local/lib/python3.7/site-packages/airflow/example_dags/example_datasets.py
[2024-12-03T15:58:46.823+0000] {processor.py:766} INFO - DAG(s) dict_keys(['dataset_produces_2', 'dataset_consumes_1_and_2', 'dataset_produces_1', 'dataset_consumes_unknown_never_scheduled', 'dataset_consumes_1_never_scheduled', 'dataset_consumes_1']) retrieved from /home/airflow/.local/lib/python3.7/site-packages/airflow/example_dags/example_datasets.py
[2024-12-03T15:58:46.930+0000] {logging_mixin.py:120} INFO - [2024-12-03T15:58:46.930+0000] {dag.py:2585} INFO - Sync 6 DAGs
[2024-12-03T15:58:46.978+0000] {logging_mixin.py:120} INFO - [2024-12-03T15:58:46.978+0000] {dag.py:3340} INFO - Setting next_dagrun for dataset_consumes_1 to None, run_after=None
[2024-12-03T15:58:46.984+0000] {logging_mixin.py:120} INFO - [2024-12-03T15:58:46.984+0000] {dag.py:3340} INFO - Setting next_dagrun for dataset_consumes_1_and_2 to None, run_after=None
[2024-12-03T15:58:46.988+0000] {logging_mixin.py:120} INFO - [2024-12-03T15:58:46.988+0000] {dag.py:3340} INFO - Setting next_dagrun for dataset_consumes_1_never_scheduled to None, run_after=None
[2024-12-03T15:58:46.992+0000] {logging_mixin.py:120} INFO - [2024-12-03T15:58:46.991+0000] {dag.py:3340} INFO - Setting next_dagrun for dataset_consumes_unknown_never_scheduled to None, run_after=None
[2024-12-03T15:58:46.999+0000] {logging_mixin.py:120} INFO - [2024-12-03T15:58:46.999+0000] {dag.py:3340} INFO - Setting next_dagrun for dataset_produces_1 to 2024-12-02T00:00:00+00:00, run_after=2024-12-03T00:00:00+00:00
[2024-12-03T15:58:47.003+0000] {logging_mixin.py:120} INFO - [2024-12-03T15:58:47.002+0000] {dag.py:3340} INFO - Setting next_dagrun for dataset_produces_2 to None, run_after=None
[2024-12-03T15:58:47.077+0000] {processor.py:176} INFO - Processing /home/airflow/.local/lib/python3.7/site-packages/airflow/example_dags/example_datasets.py took 0.291 seconds
[2024-12-03T15:59:17.961+0000] {processor.py:154} INFO - Started process (PID=801) to work on /home/airflow/.local/lib/python3.7/site-packages/airflow/example_dags/example_datasets.py
[2024-12-03T15:59:17.964+0000] {processor.py:756} INFO - Processing file /home/airflow/.local/lib/python3.7/site-packages/airflow/example_dags/example_datasets.py for tasks to queue
[2024-12-03T15:59:17.966+0000] {logging_mixin.py:120} INFO - [2024-12-03T15:59:17.965+0000] {dagbag.py:537} INFO - Filling up the DagBag from /home/airflow/.local/lib/python3.7/site-packages/airflow/example_dags/example_datasets.py
[2024-12-03T15:59:17.991+0000] {processor.py:766} INFO - DAG(s) dict_keys(['dataset_produces_1', 'dataset_consumes_1_never_scheduled', 'dataset_consumes_unknown_never_scheduled', 'dataset_consumes_1', 'dataset_consumes_1_and_2', 'dataset_produces_2']) retrieved from /home/airflow/.local/lib/python3.7/site-packages/airflow/example_dags/example_datasets.py
[2024-12-03T15:59:18.122+0000] {logging_mixin.py:120} INFO - [2024-12-03T15:59:18.120+0000] {dag.py:2585} INFO - Sync 6 DAGs
[2024-12-03T15:59:18.172+0000] {logging_mixin.py:120} INFO - [2024-12-03T15:59:18.172+0000] {dag.py:3340} INFO - Setting next_dagrun for dataset_consumes_1 to None, run_after=None
[2024-12-03T15:59:18.179+0000] {logging_mixin.py:120} INFO - [2024-12-03T15:59:18.179+0000] {dag.py:3340} INFO - Setting next_dagrun for dataset_consumes_1_and_2 to None, run_after=None
[2024-12-03T15:59:18.183+0000] {logging_mixin.py:120} INFO - [2024-12-03T15:59:18.183+0000] {dag.py:3340} INFO - Setting next_dagrun for dataset_consumes_1_never_scheduled to None, run_after=None
[2024-12-03T15:59:18.187+0000] {logging_mixin.py:120} INFO - [2024-12-03T15:59:18.186+0000] {dag.py:3340} INFO - Setting next_dagrun for dataset_consumes_unknown_never_scheduled to None, run_after=None
[2024-12-03T15:59:18.191+0000] {logging_mixin.py:120} INFO - [2024-12-03T15:59:18.191+0000] {dag.py:3340} INFO - Setting next_dagrun for dataset_produces_1 to 2024-12-02T00:00:00+00:00, run_after=2024-12-03T00:00:00+00:00
[2024-12-03T15:59:18.194+0000] {logging_mixin.py:120} INFO - [2024-12-03T15:59:18.194+0000] {dag.py:3340} INFO - Setting next_dagrun for dataset_produces_2 to None, run_after=None
[2024-12-03T15:59:18.259+0000] {processor.py:176} INFO - Processing /home/airflow/.local/lib/python3.7/site-packages/airflow/example_dags/example_datasets.py took 0.302 seconds
[2024-12-03T15:59:48.658+0000] {processor.py:154} INFO - Started process (PID=857) to work on /home/airflow/.local/lib/python3.7/site-packages/airflow/example_dags/example_datasets.py
[2024-12-03T15:59:48.662+0000] {processor.py:756} INFO - Processing file /home/airflow/.local/lib/python3.7/site-packages/airflow/example_dags/example_datasets.py for tasks to queue
[2024-12-03T15:59:48.665+0000] {logging_mixin.py:120} INFO - [2024-12-03T15:59:48.664+0000] {dagbag.py:537} INFO - Filling up the DagBag from /home/airflow/.local/lib/python3.7/site-packages/airflow/example_dags/example_datasets.py
[2024-12-03T15:59:48.713+0000] {processor.py:766} INFO - DAG(s) dict_keys(['dataset_consumes_1', 'dataset_produces_2', 'dataset_consumes_1_and_2', 'dataset_consumes_unknown_never_scheduled', 'dataset_produces_1', 'dataset_consumes_1_never_scheduled']) retrieved from /home/airflow/.local/lib/python3.7/site-packages/airflow/example_dags/example_datasets.py
[2024-12-03T15:59:48.833+0000] {logging_mixin.py:120} INFO - [2024-12-03T15:59:48.833+0000] {dag.py:2585} INFO - Sync 6 DAGs
[2024-12-03T15:59:48.885+0000] {logging_mixin.py:120} INFO - [2024-12-03T15:59:48.885+0000] {dag.py:3340} INFO - Setting next_dagrun for dataset_consumes_1 to None, run_after=None
[2024-12-03T15:59:48.894+0000] {logging_mixin.py:120} INFO - [2024-12-03T15:59:48.894+0000] {dag.py:3340} INFO - Setting next_dagrun for dataset_consumes_1_and_2 to None, run_after=None
[2024-12-03T15:59:48.899+0000] {logging_mixin.py:120} INFO - [2024-12-03T15:59:48.899+0000] {dag.py:3340} INFO - Setting next_dagrun for dataset_consumes_1_never_scheduled to None, run_after=None
[2024-12-03T15:59:48.903+0000] {logging_mixin.py:120} INFO - [2024-12-03T15:59:48.902+0000] {dag.py:3340} INFO - Setting next_dagrun for dataset_consumes_unknown_never_scheduled to None, run_after=None
[2024-12-03T15:59:48.910+0000] {logging_mixin.py:120} INFO - [2024-12-03T15:59:48.910+0000] {dag.py:3340} INFO - Setting next_dagrun for dataset_produces_1 to 2024-12-02T00:00:00+00:00, run_after=2024-12-03T00:00:00+00:00
[2024-12-03T15:59:48.914+0000] {logging_mixin.py:120} INFO - [2024-12-03T15:59:48.913+0000] {dag.py:3340} INFO - Setting next_dagrun for dataset_produces_2 to None, run_after=None
[2024-12-03T15:59:48.983+0000] {processor.py:176} INFO - Processing /home/airflow/.local/lib/python3.7/site-packages/airflow/example_dags/example_datasets.py took 0.330 seconds
[2024-12-03T16:00:19.767+0000] {processor.py:154} INFO - Started process (PID=921) to work on /home/airflow/.local/lib/python3.7/site-packages/airflow/example_dags/example_datasets.py
[2024-12-03T16:00:19.770+0000] {processor.py:756} INFO - Processing file /home/airflow/.local/lib/python3.7/site-packages/airflow/example_dags/example_datasets.py for tasks to queue
[2024-12-03T16:00:19.772+0000] {logging_mixin.py:120} INFO - [2024-12-03T16:00:19.772+0000] {dagbag.py:537} INFO - Filling up the DagBag from /home/airflow/.local/lib/python3.7/site-packages/airflow/example_dags/example_datasets.py
[2024-12-03T16:00:19.809+0000] {processor.py:766} INFO - DAG(s) dict_keys(['dataset_produces_1', 'dataset_produces_2', 'dataset_consumes_1_never_scheduled', 'dataset_consumes_1', 'dataset_consumes_unknown_never_scheduled', 'dataset_consumes_1_and_2']) retrieved from /home/airflow/.local/lib/python3.7/site-packages/airflow/example_dags/example_datasets.py
[2024-12-03T16:00:19.955+0000] {logging_mixin.py:120} INFO - [2024-12-03T16:00:19.955+0000] {dag.py:2585} INFO - Sync 6 DAGs
[2024-12-03T16:00:20.031+0000] {logging_mixin.py:120} INFO - [2024-12-03T16:00:20.031+0000] {dag.py:3340} INFO - Setting next_dagrun for dataset_consumes_1 to None, run_after=None
[2024-12-03T16:00:20.038+0000] {logging_mixin.py:120} INFO - [2024-12-03T16:00:20.038+0000] {dag.py:3340} INFO - Setting next_dagrun for dataset_consumes_1_and_2 to None, run_after=None
[2024-12-03T16:00:20.041+0000] {logging_mixin.py:120} INFO - [2024-12-03T16:00:20.041+0000] {dag.py:3340} INFO - Setting next_dagrun for dataset_consumes_1_never_scheduled to None, run_after=None
[2024-12-03T16:00:20.045+0000] {logging_mixin.py:120} INFO - [2024-12-03T16:00:20.044+0000] {dag.py:3340} INFO - Setting next_dagrun for dataset_consumes_unknown_never_scheduled to None, run_after=None
[2024-12-03T16:00:20.052+0000] {logging_mixin.py:120} INFO - [2024-12-03T16:00:20.051+0000] {dag.py:3340} INFO - Setting next_dagrun for dataset_produces_1 to 2024-12-02T00:00:00+00:00, run_after=2024-12-03T00:00:00+00:00
[2024-12-03T16:00:20.059+0000] {logging_mixin.py:120} INFO - [2024-12-03T16:00:20.058+0000] {dag.py:3340} INFO - Setting next_dagrun for dataset_produces_2 to None, run_after=None
[2024-12-03T16:00:20.140+0000] {processor.py:176} INFO - Processing /home/airflow/.local/lib/python3.7/site-packages/airflow/example_dags/example_datasets.py took 0.378 seconds
[2024-12-03T16:00:50.288+0000] {processor.py:154} INFO - Started process (PID=976) to work on /home/airflow/.local/lib/python3.7/site-packages/airflow/example_dags/example_datasets.py
[2024-12-03T16:00:50.292+0000] {processor.py:756} INFO - Processing file /home/airflow/.local/lib/python3.7/site-packages/airflow/example_dags/example_datasets.py for tasks to queue
[2024-12-03T16:00:50.299+0000] {logging_mixin.py:120} INFO - [2024-12-03T16:00:50.295+0000] {dagbag.py:537} INFO - Filling up the DagBag from /home/airflow/.local/lib/python3.7/site-packages/airflow/example_dags/example_datasets.py
[2024-12-03T16:00:50.371+0000] {processor.py:766} INFO - DAG(s) dict_keys(['dataset_consumes_1', 'dataset_consumes_1_never_scheduled', 'dataset_produces_1', 'dataset_produces_2', 'dataset_consumes_1_and_2', 'dataset_consumes_unknown_never_scheduled']) retrieved from /home/airflow/.local/lib/python3.7/site-packages/airflow/example_dags/example_datasets.py
[2024-12-03T16:00:50.591+0000] {logging_mixin.py:120} INFO - [2024-12-03T16:00:50.589+0000] {dag.py:2585} INFO - Sync 6 DAGs
[2024-12-03T16:00:50.665+0000] {logging_mixin.py:120} INFO - [2024-12-03T16:00:50.665+0000] {dag.py:3340} INFO - Setting next_dagrun for dataset_consumes_1 to None, run_after=None
[2024-12-03T16:00:50.679+0000] {logging_mixin.py:120} INFO - [2024-12-03T16:00:50.678+0000] {dag.py:3340} INFO - Setting next_dagrun for dataset_consumes_1_and_2 to None, run_after=None
[2024-12-03T16:00:50.685+0000] {logging_mixin.py:120} INFO - [2024-12-03T16:00:50.685+0000] {dag.py:3340} INFO - Setting next_dagrun for dataset_consumes_1_never_scheduled to None, run_after=None
[2024-12-03T16:00:50.689+0000] {logging_mixin.py:120} INFO - [2024-12-03T16:00:50.689+0000] {dag.py:3340} INFO - Setting next_dagrun for dataset_consumes_unknown_never_scheduled to None, run_after=None
[2024-12-03T16:00:50.697+0000] {logging_mixin.py:120} INFO - [2024-12-03T16:00:50.697+0000] {dag.py:3340} INFO - Setting next_dagrun for dataset_produces_1 to 2024-12-02T00:00:00+00:00, run_after=2024-12-03T00:00:00+00:00
[2024-12-03T16:00:50.711+0000] {logging_mixin.py:120} INFO - [2024-12-03T16:00:50.707+0000] {dag.py:3340} INFO - Setting next_dagrun for dataset_produces_2 to None, run_after=None
[2024-12-03T16:00:50.808+0000] {processor.py:176} INFO - Processing /home/airflow/.local/lib/python3.7/site-packages/airflow/example_dags/example_datasets.py took 0.537 seconds
[2024-12-03T16:01:21.017+0000] {processor.py:154} INFO - Started process (PID=1038) to work on /home/airflow/.local/lib/python3.7/site-packages/airflow/example_dags/example_datasets.py
[2024-12-03T16:01:21.021+0000] {processor.py:756} INFO - Processing file /home/airflow/.local/lib/python3.7/site-packages/airflow/example_dags/example_datasets.py for tasks to queue
[2024-12-03T16:01:21.023+0000] {logging_mixin.py:120} INFO - [2024-12-03T16:01:21.023+0000] {dagbag.py:537} INFO - Filling up the DagBag from /home/airflow/.local/lib/python3.7/site-packages/airflow/example_dags/example_datasets.py
[2024-12-03T16:01:21.054+0000] {processor.py:766} INFO - DAG(s) dict_keys(['dataset_consumes_1_never_scheduled', 'dataset_consumes_1_and_2', 'dataset_consumes_1', 'dataset_produces_1', 'dataset_consumes_unknown_never_scheduled', 'dataset_produces_2']) retrieved from /home/airflow/.local/lib/python3.7/site-packages/airflow/example_dags/example_datasets.py
[2024-12-03T16:01:21.168+0000] {logging_mixin.py:120} INFO - [2024-12-03T16:01:21.168+0000] {dag.py:2585} INFO - Sync 6 DAGs
[2024-12-03T16:01:21.236+0000] {logging_mixin.py:120} INFO - [2024-12-03T16:01:21.236+0000] {dag.py:3340} INFO - Setting next_dagrun for dataset_consumes_1 to None, run_after=None
[2024-12-03T16:01:21.244+0000] {logging_mixin.py:120} INFO - [2024-12-03T16:01:21.244+0000] {dag.py:3340} INFO - Setting next_dagrun for dataset_consumes_1_and_2 to None, run_after=None
[2024-12-03T16:01:21.248+0000] {logging_mixin.py:120} INFO - [2024-12-03T16:01:21.248+0000] {dag.py:3340} INFO - Setting next_dagrun for dataset_consumes_1_never_scheduled to None, run_after=None
[2024-12-03T16:01:21.252+0000] {logging_mixin.py:120} INFO - [2024-12-03T16:01:21.252+0000] {dag.py:3340} INFO - Setting next_dagrun for dataset_consumes_unknown_never_scheduled to None, run_after=None
[2024-12-03T16:01:21.258+0000] {logging_mixin.py:120} INFO - [2024-12-03T16:01:21.258+0000] {dag.py:3340} INFO - Setting next_dagrun for dataset_produces_1 to 2024-12-02T00:00:00+00:00, run_after=2024-12-03T00:00:00+00:00
[2024-12-03T16:01:21.263+0000] {logging_mixin.py:120} INFO - [2024-12-03T16:01:21.262+0000] {dag.py:3340} INFO - Setting next_dagrun for dataset_produces_2 to None, run_after=None
[2024-12-03T16:01:21.344+0000] {processor.py:176} INFO - Processing /home/airflow/.local/lib/python3.7/site-packages/airflow/example_dags/example_datasets.py took 0.332 seconds
[2024-12-03T16:01:51.774+0000] {processor.py:154} INFO - Started process (PID=1095) to work on /home/airflow/.local/lib/python3.7/site-packages/airflow/example_dags/example_datasets.py
[2024-12-03T16:01:51.776+0000] {processor.py:756} INFO - Processing file /home/airflow/.local/lib/python3.7/site-packages/airflow/example_dags/example_datasets.py for tasks to queue
[2024-12-03T16:01:51.778+0000] {logging_mixin.py:120} INFO - [2024-12-03T16:01:51.777+0000] {dagbag.py:537} INFO - Filling up the DagBag from /home/airflow/.local/lib/python3.7/site-packages/airflow/example_dags/example_datasets.py
[2024-12-03T16:01:51.800+0000] {processor.py:766} INFO - DAG(s) dict_keys(['dataset_produces_1', 'dataset_consumes_1_never_scheduled', 'dataset_consumes_1', 'dataset_consumes_1_and_2', 'dataset_consumes_unknown_never_scheduled', 'dataset_produces_2']) retrieved from /home/airflow/.local/lib/python3.7/site-packages/airflow/example_dags/example_datasets.py
[2024-12-03T16:01:51.892+0000] {logging_mixin.py:120} INFO - [2024-12-03T16:01:51.891+0000] {dag.py:2585} INFO - Sync 6 DAGs
[2024-12-03T16:01:51.935+0000] {logging_mixin.py:120} INFO - [2024-12-03T16:01:51.935+0000] {dag.py:3340} INFO - Setting next_dagrun for dataset_consumes_1 to None, run_after=None
[2024-12-03T16:01:51.945+0000] {logging_mixin.py:120} INFO - [2024-12-03T16:01:51.945+0000] {dag.py:3340} INFO - Setting next_dagrun for dataset_consumes_1_and_2 to None, run_after=None
[2024-12-03T16:01:51.949+0000] {logging_mixin.py:120} INFO - [2024-12-03T16:01:51.949+0000] {dag.py:3340} INFO - Setting next_dagrun for dataset_consumes_1_never_scheduled to None, run_after=None
[2024-12-03T16:01:51.952+0000] {logging_mixin.py:120} INFO - [2024-12-03T16:01:51.952+0000] {dag.py:3340} INFO - Setting next_dagrun for dataset_consumes_unknown_never_scheduled to None, run_after=None
[2024-12-03T16:01:51.959+0000] {logging_mixin.py:120} INFO - [2024-12-03T16:01:51.959+0000] {dag.py:3340} INFO - Setting next_dagrun for dataset_produces_1 to 2024-12-02T00:00:00+00:00, run_after=2024-12-03T00:00:00+00:00
[2024-12-03T16:01:51.963+0000] {logging_mixin.py:120} INFO - [2024-12-03T16:01:51.962+0000] {dag.py:3340} INFO - Setting next_dagrun for dataset_produces_2 to None, run_after=None
[2024-12-03T16:01:52.065+0000] {processor.py:176} INFO - Processing /home/airflow/.local/lib/python3.7/site-packages/airflow/example_dags/example_datasets.py took 0.293 seconds
[2024-12-03T16:02:22.258+0000] {processor.py:154} INFO - Started process (PID=1150) to work on /home/airflow/.local/lib/python3.7/site-packages/airflow/example_dags/example_datasets.py
[2024-12-03T16:02:22.260+0000] {processor.py:756} INFO - Processing file /home/airflow/.local/lib/python3.7/site-packages/airflow/example_dags/example_datasets.py for tasks to queue
[2024-12-03T16:02:22.262+0000] {logging_mixin.py:120} INFO - [2024-12-03T16:02:22.261+0000] {dagbag.py:537} INFO - Filling up the DagBag from /home/airflow/.local/lib/python3.7/site-packages/airflow/example_dags/example_datasets.py
[2024-12-03T16:02:22.294+0000] {processor.py:766} INFO - DAG(s) dict_keys(['dataset_consumes_1_never_scheduled', 'dataset_produces_1', 'dataset_consumes_1', 'dataset_consumes_1_and_2', 'dataset_consumes_unknown_never_scheduled', 'dataset_produces_2']) retrieved from /home/airflow/.local/lib/python3.7/site-packages/airflow/example_dags/example_datasets.py
[2024-12-03T16:02:22.405+0000] {logging_mixin.py:120} INFO - [2024-12-03T16:02:22.405+0000] {dag.py:2585} INFO - Sync 6 DAGs
[2024-12-03T16:02:22.457+0000] {logging_mixin.py:120} INFO - [2024-12-03T16:02:22.457+0000] {dag.py:3340} INFO - Setting next_dagrun for dataset_consumes_1 to None, run_after=None
[2024-12-03T16:02:22.465+0000] {logging_mixin.py:120} INFO - [2024-12-03T16:02:22.465+0000] {dag.py:3340} INFO - Setting next_dagrun for dataset_consumes_1_and_2 to None, run_after=None
[2024-12-03T16:02:22.469+0000] {logging_mixin.py:120} INFO - [2024-12-03T16:02:22.468+0000] {dag.py:3340} INFO - Setting next_dagrun for dataset_consumes_1_never_scheduled to None, run_after=None
[2024-12-03T16:02:22.472+0000] {logging_mixin.py:120} INFO - [2024-12-03T16:02:22.472+0000] {dag.py:3340} INFO - Setting next_dagrun for dataset_consumes_unknown_never_scheduled to None, run_after=None
[2024-12-03T16:02:22.479+0000] {logging_mixin.py:120} INFO - [2024-12-03T16:02:22.478+0000] {dag.py:3340} INFO - Setting next_dagrun for dataset_produces_1 to 2024-12-02T00:00:00+00:00, run_after=2024-12-03T00:00:00+00:00
[2024-12-03T16:02:22.482+0000] {logging_mixin.py:120} INFO - [2024-12-03T16:02:22.482+0000] {dag.py:3340} INFO - Setting next_dagrun for dataset_produces_2 to None, run_after=None
[2024-12-03T16:02:22.550+0000] {processor.py:176} INFO - Processing /home/airflow/.local/lib/python3.7/site-packages/airflow/example_dags/example_datasets.py took 0.296 seconds
[2024-12-03T16:02:53.036+0000] {processor.py:154} INFO - Started process (PID=1215) to work on /home/airflow/.local/lib/python3.7/site-packages/airflow/example_dags/example_datasets.py
[2024-12-03T16:02:53.037+0000] {processor.py:756} INFO - Processing file /home/airflow/.local/lib/python3.7/site-packages/airflow/example_dags/example_datasets.py for tasks to queue
[2024-12-03T16:02:53.040+0000] {logging_mixin.py:120} INFO - [2024-12-03T16:02:53.039+0000] {dagbag.py:537} INFO - Filling up the DagBag from /home/airflow/.local/lib/python3.7/site-packages/airflow/example_dags/example_datasets.py
[2024-12-03T16:02:53.071+0000] {processor.py:766} INFO - DAG(s) dict_keys(['dataset_consumes_1_never_scheduled', 'dataset_consumes_unknown_never_scheduled', 'dataset_consumes_1', 'dataset_produces_1', 'dataset_produces_2', 'dataset_consumes_1_and_2']) retrieved from /home/airflow/.local/lib/python3.7/site-packages/airflow/example_dags/example_datasets.py
[2024-12-03T16:02:53.194+0000] {logging_mixin.py:120} INFO - [2024-12-03T16:02:53.193+0000] {dag.py:2585} INFO - Sync 6 DAGs
[2024-12-03T16:02:53.248+0000] {logging_mixin.py:120} INFO - [2024-12-03T16:02:53.248+0000] {dag.py:3340} INFO - Setting next_dagrun for dataset_consumes_1 to None, run_after=None
[2024-12-03T16:02:53.255+0000] {logging_mixin.py:120} INFO - [2024-12-03T16:02:53.255+0000] {dag.py:3340} INFO - Setting next_dagrun for dataset_consumes_1_and_2 to None, run_after=None
[2024-12-03T16:02:53.262+0000] {logging_mixin.py:120} INFO - [2024-12-03T16:02:53.261+0000] {dag.py:3340} INFO - Setting next_dagrun for dataset_consumes_1_never_scheduled to None, run_after=None
[2024-12-03T16:02:53.266+0000] {logging_mixin.py:120} INFO - [2024-12-03T16:02:53.266+0000] {dag.py:3340} INFO - Setting next_dagrun for dataset_consumes_unknown_never_scheduled to None, run_after=None
[2024-12-03T16:02:53.273+0000] {logging_mixin.py:120} INFO - [2024-12-03T16:02:53.273+0000] {dag.py:3340} INFO - Setting next_dagrun for dataset_produces_1 to 2024-12-02T00:00:00+00:00, run_after=2024-12-03T00:00:00+00:00
[2024-12-03T16:02:53.278+0000] {logging_mixin.py:120} INFO - [2024-12-03T16:02:53.277+0000] {dag.py:3340} INFO - Setting next_dagrun for dataset_produces_2 to None, run_after=None
[2024-12-03T16:02:53.348+0000] {processor.py:176} INFO - Processing /home/airflow/.local/lib/python3.7/site-packages/airflow/example_dags/example_datasets.py took 0.318 seconds
[2024-12-03T16:03:23.520+0000] {processor.py:154} INFO - Started process (PID=1282) to work on /home/airflow/.local/lib/python3.7/site-packages/airflow/example_dags/example_datasets.py
[2024-12-03T16:03:23.522+0000] {processor.py:756} INFO - Processing file /home/airflow/.local/lib/python3.7/site-packages/airflow/example_dags/example_datasets.py for tasks to queue
[2024-12-03T16:03:23.525+0000] {logging_mixin.py:120} INFO - [2024-12-03T16:03:23.524+0000] {dagbag.py:537} INFO - Filling up the DagBag from /home/airflow/.local/lib/python3.7/site-packages/airflow/example_dags/example_datasets.py
[2024-12-03T16:03:23.564+0000] {processor.py:766} INFO - DAG(s) dict_keys(['dataset_consumes_1', 'dataset_produces_1', 'dataset_consumes_1_and_2', 'dataset_consumes_unknown_never_scheduled', 'dataset_consumes_1_never_scheduled', 'dataset_produces_2']) retrieved from /home/airflow/.local/lib/python3.7/site-packages/airflow/example_dags/example_datasets.py
[2024-12-03T16:03:23.713+0000] {logging_mixin.py:120} INFO - [2024-12-03T16:03:23.712+0000] {dag.py:2585} INFO - Sync 6 DAGs
[2024-12-03T16:03:23.776+0000] {logging_mixin.py:120} INFO - [2024-12-03T16:03:23.776+0000] {dag.py:3340} INFO - Setting next_dagrun for dataset_consumes_1 to None, run_after=None
[2024-12-03T16:03:23.785+0000] {logging_mixin.py:120} INFO - [2024-12-03T16:03:23.785+0000] {dag.py:3340} INFO - Setting next_dagrun for dataset_consumes_1_and_2 to None, run_after=None
[2024-12-03T16:03:23.790+0000] {logging_mixin.py:120} INFO - [2024-12-03T16:03:23.790+0000] {dag.py:3340} INFO - Setting next_dagrun for dataset_consumes_1_never_scheduled to None, run_after=None
[2024-12-03T16:03:23.795+0000] {logging_mixin.py:120} INFO - [2024-12-03T16:03:23.795+0000] {dag.py:3340} INFO - Setting next_dagrun for dataset_consumes_unknown_never_scheduled to None, run_after=None
[2024-12-03T16:03:23.802+0000] {logging_mixin.py:120} INFO - [2024-12-03T16:03:23.801+0000] {dag.py:3340} INFO - Setting next_dagrun for dataset_produces_1 to 2024-12-02T00:00:00+00:00, run_after=2024-12-03T00:00:00+00:00
[2024-12-03T16:03:23.806+0000] {logging_mixin.py:120} INFO - [2024-12-03T16:03:23.805+0000] {dag.py:3340} INFO - Setting next_dagrun for dataset_produces_2 to None, run_after=None
[2024-12-03T16:03:23.912+0000] {processor.py:176} INFO - Processing /home/airflow/.local/lib/python3.7/site-packages/airflow/example_dags/example_datasets.py took 0.398 seconds
[2024-12-03T16:03:54.020+0000] {processor.py:154} INFO - Started process (PID=1347) to work on /home/airflow/.local/lib/python3.7/site-packages/airflow/example_dags/example_datasets.py
[2024-12-03T16:03:54.022+0000] {processor.py:756} INFO - Processing file /home/airflow/.local/lib/python3.7/site-packages/airflow/example_dags/example_datasets.py for tasks to queue
[2024-12-03T16:03:54.024+0000] {logging_mixin.py:120} INFO - [2024-12-03T16:03:54.023+0000] {dagbag.py:537} INFO - Filling up the DagBag from /home/airflow/.local/lib/python3.7/site-packages/airflow/example_dags/example_datasets.py
[2024-12-03T16:03:54.061+0000] {processor.py:766} INFO - DAG(s) dict_keys(['dataset_consumes_unknown_never_scheduled', 'dataset_consumes_1_never_scheduled', 'dataset_produces_1', 'dataset_consumes_1', 'dataset_produces_2', 'dataset_consumes_1_and_2']) retrieved from /home/airflow/.local/lib/python3.7/site-packages/airflow/example_dags/example_datasets.py
[2024-12-03T16:03:54.185+0000] {logging_mixin.py:120} INFO - [2024-12-03T16:03:54.185+0000] {dag.py:2585} INFO - Sync 6 DAGs
[2024-12-03T16:03:54.238+0000] {logging_mixin.py:120} INFO - [2024-12-03T16:03:54.238+0000] {dag.py:3340} INFO - Setting next_dagrun for dataset_consumes_1 to None, run_after=None
[2024-12-03T16:03:54.250+0000] {logging_mixin.py:120} INFO - [2024-12-03T16:03:54.250+0000] {dag.py:3340} INFO - Setting next_dagrun for dataset_consumes_1_and_2 to None, run_after=None
[2024-12-03T16:03:54.254+0000] {logging_mixin.py:120} INFO - [2024-12-03T16:03:54.254+0000] {dag.py:3340} INFO - Setting next_dagrun for dataset_consumes_1_never_scheduled to None, run_after=None
[2024-12-03T16:03:54.260+0000] {logging_mixin.py:120} INFO - [2024-12-03T16:03:54.259+0000] {dag.py:3340} INFO - Setting next_dagrun for dataset_consumes_unknown_never_scheduled to None, run_after=None
[2024-12-03T16:03:54.268+0000] {logging_mixin.py:120} INFO - [2024-12-03T16:03:54.268+0000] {dag.py:3340} INFO - Setting next_dagrun for dataset_produces_1 to 2024-12-02T00:00:00+00:00, run_after=2024-12-03T00:00:00+00:00
[2024-12-03T16:03:54.272+0000] {logging_mixin.py:120} INFO - [2024-12-03T16:03:54.271+0000] {dag.py:3340} INFO - Setting next_dagrun for dataset_produces_2 to None, run_after=None
[2024-12-03T16:03:54.350+0000] {processor.py:176} INFO - Processing /home/airflow/.local/lib/python3.7/site-packages/airflow/example_dags/example_datasets.py took 0.336 seconds
[2024-12-03T16:04:24.967+0000] {processor.py:154} INFO - Started process (PID=1403) to work on /home/airflow/.local/lib/python3.7/site-packages/airflow/example_dags/example_datasets.py
[2024-12-03T16:04:24.970+0000] {processor.py:756} INFO - Processing file /home/airflow/.local/lib/python3.7/site-packages/airflow/example_dags/example_datasets.py for tasks to queue
[2024-12-03T16:04:24.974+0000] {logging_mixin.py:120} INFO - [2024-12-03T16:04:24.973+0000] {dagbag.py:537} INFO - Filling up the DagBag from /home/airflow/.local/lib/python3.7/site-packages/airflow/example_dags/example_datasets.py
[2024-12-03T16:04:25.063+0000] {processor.py:766} INFO - DAG(s) dict_keys(['dataset_produces_2', 'dataset_consumes_unknown_never_scheduled', 'dataset_consumes_1_and_2', 'dataset_consumes_1_never_scheduled', 'dataset_produces_1', 'dataset_consumes_1']) retrieved from /home/airflow/.local/lib/python3.7/site-packages/airflow/example_dags/example_datasets.py
[2024-12-03T16:04:25.325+0000] {logging_mixin.py:120} INFO - [2024-12-03T16:04:25.324+0000] {dag.py:2585} INFO - Sync 6 DAGs
[2024-12-03T16:04:25.435+0000] {logging_mixin.py:120} INFO - [2024-12-03T16:04:25.435+0000] {dag.py:3340} INFO - Setting next_dagrun for dataset_consumes_1 to None, run_after=None
[2024-12-03T16:04:25.456+0000] {logging_mixin.py:120} INFO - [2024-12-03T16:04:25.455+0000] {dag.py:3340} INFO - Setting next_dagrun for dataset_consumes_1_and_2 to None, run_after=None
[2024-12-03T16:04:25.461+0000] {logging_mixin.py:120} INFO - [2024-12-03T16:04:25.460+0000] {dag.py:3340} INFO - Setting next_dagrun for dataset_consumes_1_never_scheduled to None, run_after=None
[2024-12-03T16:04:25.468+0000] {logging_mixin.py:120} INFO - [2024-12-03T16:04:25.467+0000] {dag.py:3340} INFO - Setting next_dagrun for dataset_consumes_unknown_never_scheduled to None, run_after=None
[2024-12-03T16:04:25.479+0000] {logging_mixin.py:120} INFO - [2024-12-03T16:04:25.478+0000] {dag.py:3340} INFO - Setting next_dagrun for dataset_produces_1 to 2024-12-02T00:00:00+00:00, run_after=2024-12-03T00:00:00+00:00
[2024-12-03T16:04:25.484+0000] {logging_mixin.py:120} INFO - [2024-12-03T16:04:25.484+0000] {dag.py:3340} INFO - Setting next_dagrun for dataset_produces_2 to None, run_after=None
[2024-12-03T16:04:25.588+0000] {processor.py:176} INFO - Processing /home/airflow/.local/lib/python3.7/site-packages/airflow/example_dags/example_datasets.py took 0.639 seconds
[2024-12-03T16:04:56.090+0000] {processor.py:154} INFO - Started process (PID=1458) to work on /home/airflow/.local/lib/python3.7/site-packages/airflow/example_dags/example_datasets.py
[2024-12-03T16:04:56.094+0000] {processor.py:756} INFO - Processing file /home/airflow/.local/lib/python3.7/site-packages/airflow/example_dags/example_datasets.py for tasks to queue
[2024-12-03T16:04:56.097+0000] {logging_mixin.py:120} INFO - [2024-12-03T16:04:56.096+0000] {dagbag.py:537} INFO - Filling up the DagBag from /home/airflow/.local/lib/python3.7/site-packages/airflow/example_dags/example_datasets.py
[2024-12-03T16:04:56.132+0000] {processor.py:766} INFO - DAG(s) dict_keys(['dataset_consumes_1_never_scheduled', 'dataset_consumes_1', 'dataset_consumes_1_and_2', 'dataset_consumes_unknown_never_scheduled', 'dataset_produces_2', 'dataset_produces_1']) retrieved from /home/airflow/.local/lib/python3.7/site-packages/airflow/example_dags/example_datasets.py
[2024-12-03T16:04:56.269+0000] {logging_mixin.py:120} INFO - [2024-12-03T16:04:56.269+0000] {dag.py:2585} INFO - Sync 6 DAGs
[2024-12-03T16:04:56.355+0000] {logging_mixin.py:120} INFO - [2024-12-03T16:04:56.355+0000] {dag.py:3340} INFO - Setting next_dagrun for dataset_consumes_1 to None, run_after=None
[2024-12-03T16:04:56.367+0000] {logging_mixin.py:120} INFO - [2024-12-03T16:04:56.366+0000] {dag.py:3340} INFO - Setting next_dagrun for dataset_consumes_1_and_2 to None, run_after=None
[2024-12-03T16:04:56.371+0000] {logging_mixin.py:120} INFO - [2024-12-03T16:04:56.370+0000] {dag.py:3340} INFO - Setting next_dagrun for dataset_consumes_1_never_scheduled to None, run_after=None
[2024-12-03T16:04:56.375+0000] {logging_mixin.py:120} INFO - [2024-12-03T16:04:56.375+0000] {dag.py:3340} INFO - Setting next_dagrun for dataset_consumes_unknown_never_scheduled to None, run_after=None
[2024-12-03T16:04:56.386+0000] {logging_mixin.py:120} INFO - [2024-12-03T16:04:56.385+0000] {dag.py:3340} INFO - Setting next_dagrun for dataset_produces_1 to 2024-12-02T00:00:00+00:00, run_after=2024-12-03T00:00:00+00:00
[2024-12-03T16:04:56.395+0000] {logging_mixin.py:120} INFO - [2024-12-03T16:04:56.394+0000] {dag.py:3340} INFO - Setting next_dagrun for dataset_produces_2 to None, run_after=None
[2024-12-03T16:04:56.507+0000] {processor.py:176} INFO - Processing /home/airflow/.local/lib/python3.7/site-packages/airflow/example_dags/example_datasets.py took 0.425 seconds
[2024-12-03T16:05:26.795+0000] {processor.py:154} INFO - Started process (PID=1513) to work on /home/airflow/.local/lib/python3.7/site-packages/airflow/example_dags/example_datasets.py
[2024-12-03T16:05:26.798+0000] {processor.py:756} INFO - Processing file /home/airflow/.local/lib/python3.7/site-packages/airflow/example_dags/example_datasets.py for tasks to queue
[2024-12-03T16:05:26.801+0000] {logging_mixin.py:120} INFO - [2024-12-03T16:05:26.800+0000] {dagbag.py:537} INFO - Filling up the DagBag from /home/airflow/.local/lib/python3.7/site-packages/airflow/example_dags/example_datasets.py
[2024-12-03T16:05:26.842+0000] {processor.py:766} INFO - DAG(s) dict_keys(['dataset_consumes_1_never_scheduled', 'dataset_consumes_1_and_2', 'dataset_produces_1', 'dataset_consumes_unknown_never_scheduled', 'dataset_produces_2', 'dataset_consumes_1']) retrieved from /home/airflow/.local/lib/python3.7/site-packages/airflow/example_dags/example_datasets.py
[2024-12-03T16:05:26.993+0000] {logging_mixin.py:120} INFO - [2024-12-03T16:05:26.993+0000] {dag.py:2585} INFO - Sync 6 DAGs
[2024-12-03T16:05:27.064+0000] {logging_mixin.py:120} INFO - [2024-12-03T16:05:27.064+0000] {dag.py:3340} INFO - Setting next_dagrun for dataset_consumes_1 to None, run_after=None
[2024-12-03T16:05:27.078+0000] {logging_mixin.py:120} INFO - [2024-12-03T16:05:27.077+0000] {dag.py:3340} INFO - Setting next_dagrun for dataset_consumes_1_and_2 to None, run_after=None
[2024-12-03T16:05:27.083+0000] {logging_mixin.py:120} INFO - [2024-12-03T16:05:27.082+0000] {dag.py:3340} INFO - Setting next_dagrun for dataset_consumes_1_never_scheduled to None, run_after=None
[2024-12-03T16:05:27.088+0000] {logging_mixin.py:120} INFO - [2024-12-03T16:05:27.088+0000] {dag.py:3340} INFO - Setting next_dagrun for dataset_consumes_unknown_never_scheduled to None, run_after=None
[2024-12-03T16:05:27.096+0000] {logging_mixin.py:120} INFO - [2024-12-03T16:05:27.096+0000] {dag.py:3340} INFO - Setting next_dagrun for dataset_produces_1 to 2024-12-02T00:00:00+00:00, run_after=2024-12-03T00:00:00+00:00
[2024-12-03T16:05:27.101+0000] {logging_mixin.py:120} INFO - [2024-12-03T16:05:27.100+0000] {dag.py:3340} INFO - Setting next_dagrun for dataset_produces_2 to None, run_after=None
[2024-12-03T16:05:27.206+0000] {processor.py:176} INFO - Processing /home/airflow/.local/lib/python3.7/site-packages/airflow/example_dags/example_datasets.py took 0.419 seconds
[2024-12-03T16:05:58.449+0000] {processor.py:154} INFO - Started process (PID=1568) to work on /home/airflow/.local/lib/python3.7/site-packages/airflow/example_dags/example_datasets.py
[2024-12-03T16:05:58.452+0000] {processor.py:756} INFO - Processing file /home/airflow/.local/lib/python3.7/site-packages/airflow/example_dags/example_datasets.py for tasks to queue
[2024-12-03T16:05:58.454+0000] {logging_mixin.py:120} INFO - [2024-12-03T16:05:58.454+0000] {dagbag.py:537} INFO - Filling up the DagBag from /home/airflow/.local/lib/python3.7/site-packages/airflow/example_dags/example_datasets.py
[2024-12-03T16:05:58.536+0000] {processor.py:766} INFO - DAG(s) dict_keys(['dataset_consumes_1', 'dataset_consumes_1_and_2', 'dataset_consumes_1_never_scheduled', 'dataset_produces_1', 'dataset_consumes_unknown_never_scheduled', 'dataset_produces_2']) retrieved from /home/airflow/.local/lib/python3.7/site-packages/airflow/example_dags/example_datasets.py
[2024-12-03T16:05:58.869+0000] {logging_mixin.py:120} INFO - [2024-12-03T16:05:58.869+0000] {dag.py:2585} INFO - Sync 6 DAGs
[2024-12-03T16:05:59.014+0000] {logging_mixin.py:120} INFO - [2024-12-03T16:05:59.011+0000] {dag.py:3340} INFO - Setting next_dagrun for dataset_consumes_1 to None, run_after=None
[2024-12-03T16:05:59.026+0000] {logging_mixin.py:120} INFO - [2024-12-03T16:05:59.026+0000] {dag.py:3340} INFO - Setting next_dagrun for dataset_consumes_1_and_2 to None, run_after=None
[2024-12-03T16:05:59.033+0000] {logging_mixin.py:120} INFO - [2024-12-03T16:05:59.032+0000] {dag.py:3340} INFO - Setting next_dagrun for dataset_consumes_1_never_scheduled to None, run_after=None
[2024-12-03T16:05:59.043+0000] {logging_mixin.py:120} INFO - [2024-12-03T16:05:59.043+0000] {dag.py:3340} INFO - Setting next_dagrun for dataset_consumes_unknown_never_scheduled to None, run_after=None
[2024-12-03T16:05:59.062+0000] {logging_mixin.py:120} INFO - [2024-12-03T16:05:59.062+0000] {dag.py:3340} INFO - Setting next_dagrun for dataset_produces_1 to 2024-12-02T00:00:00+00:00, run_after=2024-12-03T00:00:00+00:00
[2024-12-03T16:05:59.076+0000] {logging_mixin.py:120} INFO - [2024-12-03T16:05:59.073+0000] {dag.py:3340} INFO - Setting next_dagrun for dataset_produces_2 to None, run_after=None
[2024-12-03T16:05:59.277+0000] {processor.py:176} INFO - Processing /home/airflow/.local/lib/python3.7/site-packages/airflow/example_dags/example_datasets.py took 0.839 seconds
[2024-12-03T16:06:29.515+0000] {processor.py:154} INFO - Started process (PID=1631) to work on /home/airflow/.local/lib/python3.7/site-packages/airflow/example_dags/example_datasets.py
[2024-12-03T16:06:29.518+0000] {processor.py:756} INFO - Processing file /home/airflow/.local/lib/python3.7/site-packages/airflow/example_dags/example_datasets.py for tasks to queue
[2024-12-03T16:06:29.522+0000] {logging_mixin.py:120} INFO - [2024-12-03T16:06:29.522+0000] {dagbag.py:537} INFO - Filling up the DagBag from /home/airflow/.local/lib/python3.7/site-packages/airflow/example_dags/example_datasets.py
[2024-12-03T16:06:29.564+0000] {processor.py:766} INFO - DAG(s) dict_keys(['dataset_consumes_1', 'dataset_produces_1', 'dataset_consumes_unknown_never_scheduled', 'dataset_consumes_1_never_scheduled', 'dataset_produces_2', 'dataset_consumes_1_and_2']) retrieved from /home/airflow/.local/lib/python3.7/site-packages/airflow/example_dags/example_datasets.py
[2024-12-03T16:06:29.734+0000] {logging_mixin.py:120} INFO - [2024-12-03T16:06:29.733+0000] {dag.py:2585} INFO - Sync 6 DAGs
[2024-12-03T16:06:29.825+0000] {logging_mixin.py:120} INFO - [2024-12-03T16:06:29.824+0000] {dag.py:3340} INFO - Setting next_dagrun for dataset_consumes_1 to None, run_after=None
[2024-12-03T16:06:29.834+0000] {logging_mixin.py:120} INFO - [2024-12-03T16:06:29.834+0000] {dag.py:3340} INFO - Setting next_dagrun for dataset_consumes_1_and_2 to None, run_after=None
[2024-12-03T16:06:29.838+0000] {logging_mixin.py:120} INFO - [2024-12-03T16:06:29.837+0000] {dag.py:3340} INFO - Setting next_dagrun for dataset_consumes_1_never_scheduled to None, run_after=None
[2024-12-03T16:06:29.844+0000] {logging_mixin.py:120} INFO - [2024-12-03T16:06:29.844+0000] {dag.py:3340} INFO - Setting next_dagrun for dataset_consumes_unknown_never_scheduled to None, run_after=None
[2024-12-03T16:06:29.855+0000] {logging_mixin.py:120} INFO - [2024-12-03T16:06:29.854+0000] {dag.py:3340} INFO - Setting next_dagrun for dataset_produces_1 to 2024-12-02T00:00:00+00:00, run_after=2024-12-03T00:00:00+00:00
[2024-12-03T16:06:29.859+0000] {logging_mixin.py:120} INFO - [2024-12-03T16:06:29.859+0000] {dag.py:3340} INFO - Setting next_dagrun for dataset_produces_2 to None, run_after=None
[2024-12-03T16:06:29.971+0000] {processor.py:176} INFO - Processing /home/airflow/.local/lib/python3.7/site-packages/airflow/example_dags/example_datasets.py took 0.466 seconds
[2024-12-03T16:07:00.512+0000] {processor.py:154} INFO - Started process (PID=1688) to work on /home/airflow/.local/lib/python3.7/site-packages/airflow/example_dags/example_datasets.py
[2024-12-03T16:07:00.516+0000] {processor.py:756} INFO - Processing file /home/airflow/.local/lib/python3.7/site-packages/airflow/example_dags/example_datasets.py for tasks to queue
[2024-12-03T16:07:00.520+0000] {logging_mixin.py:120} INFO - [2024-12-03T16:07:00.520+0000] {dagbag.py:537} INFO - Filling up the DagBag from /home/airflow/.local/lib/python3.7/site-packages/airflow/example_dags/example_datasets.py
[2024-12-03T16:07:00.577+0000] {processor.py:766} INFO - DAG(s) dict_keys(['dataset_consumes_1_and_2', 'dataset_consumes_unknown_never_scheduled', 'dataset_produces_1', 'dataset_produces_2', 'dataset_consumes_1', 'dataset_consumes_1_never_scheduled']) retrieved from /home/airflow/.local/lib/python3.7/site-packages/airflow/example_dags/example_datasets.py
[2024-12-03T16:07:00.797+0000] {logging_mixin.py:120} INFO - [2024-12-03T16:07:00.796+0000] {dag.py:2585} INFO - Sync 6 DAGs
[2024-12-03T16:07:00.918+0000] {logging_mixin.py:120} INFO - [2024-12-03T16:07:00.917+0000] {dag.py:3340} INFO - Setting next_dagrun for dataset_consumes_1 to None, run_after=None
[2024-12-03T16:07:00.932+0000] {logging_mixin.py:120} INFO - [2024-12-03T16:07:00.931+0000] {dag.py:3340} INFO - Setting next_dagrun for dataset_consumes_1_and_2 to None, run_after=None
[2024-12-03T16:07:00.937+0000] {logging_mixin.py:120} INFO - [2024-12-03T16:07:00.936+0000] {dag.py:3340} INFO - Setting next_dagrun for dataset_consumes_1_never_scheduled to None, run_after=None
[2024-12-03T16:07:00.945+0000] {logging_mixin.py:120} INFO - [2024-12-03T16:07:00.945+0000] {dag.py:3340} INFO - Setting next_dagrun for dataset_consumes_unknown_never_scheduled to None, run_after=None
[2024-12-03T16:07:00.958+0000] {logging_mixin.py:120} INFO - [2024-12-03T16:07:00.957+0000] {dag.py:3340} INFO - Setting next_dagrun for dataset_produces_1 to 2024-12-02T00:00:00+00:00, run_after=2024-12-03T00:00:00+00:00
[2024-12-03T16:07:00.967+0000] {logging_mixin.py:120} INFO - [2024-12-03T16:07:00.967+0000] {dag.py:3340} INFO - Setting next_dagrun for dataset_produces_2 to None, run_after=None
[2024-12-03T16:07:01.083+0000] {processor.py:176} INFO - Processing /home/airflow/.local/lib/python3.7/site-packages/airflow/example_dags/example_datasets.py took 0.578 seconds
[2024-12-03T16:07:32.830+0000] {processor.py:154} INFO - Started process (PID=1743) to work on /home/airflow/.local/lib/python3.7/site-packages/airflow/example_dags/example_datasets.py
[2024-12-03T16:07:32.833+0000] {processor.py:756} INFO - Processing file /home/airflow/.local/lib/python3.7/site-packages/airflow/example_dags/example_datasets.py for tasks to queue
[2024-12-03T16:07:32.836+0000] {logging_mixin.py:120} INFO - [2024-12-03T16:07:32.836+0000] {dagbag.py:537} INFO - Filling up the DagBag from /home/airflow/.local/lib/python3.7/site-packages/airflow/example_dags/example_datasets.py
[2024-12-03T16:07:32.932+0000] {processor.py:766} INFO - DAG(s) dict_keys(['dataset_produces_1', 'dataset_produces_2', 'dataset_consumes_unknown_never_scheduled', 'dataset_consumes_1_and_2', 'dataset_consumes_1', 'dataset_consumes_1_never_scheduled']) retrieved from /home/airflow/.local/lib/python3.7/site-packages/airflow/example_dags/example_datasets.py
[2024-12-03T16:07:33.162+0000] {logging_mixin.py:120} INFO - [2024-12-03T16:07:33.160+0000] {dag.py:2585} INFO - Sync 6 DAGs
[2024-12-03T16:07:33.341+0000] {logging_mixin.py:120} INFO - [2024-12-03T16:07:33.340+0000] {dag.py:3340} INFO - Setting next_dagrun for dataset_consumes_1 to None, run_after=None
[2024-12-03T16:07:33.363+0000] {logging_mixin.py:120} INFO - [2024-12-03T16:07:33.361+0000] {dag.py:3340} INFO - Setting next_dagrun for dataset_consumes_1_and_2 to None, run_after=None
[2024-12-03T16:07:33.371+0000] {logging_mixin.py:120} INFO - [2024-12-03T16:07:33.371+0000] {dag.py:3340} INFO - Setting next_dagrun for dataset_consumes_1_never_scheduled to None, run_after=None
[2024-12-03T16:07:33.379+0000] {logging_mixin.py:120} INFO - [2024-12-03T16:07:33.378+0000] {dag.py:3340} INFO - Setting next_dagrun for dataset_consumes_unknown_never_scheduled to None, run_after=None
[2024-12-03T16:07:33.401+0000] {logging_mixin.py:120} INFO - [2024-12-03T16:07:33.400+0000] {dag.py:3340} INFO - Setting next_dagrun for dataset_produces_1 to 2024-12-02T00:00:00+00:00, run_after=2024-12-03T00:00:00+00:00
[2024-12-03T16:07:33.410+0000] {logging_mixin.py:120} INFO - [2024-12-03T16:07:33.410+0000] {dag.py:3340} INFO - Setting next_dagrun for dataset_produces_2 to None, run_after=None
[2024-12-03T16:07:33.569+0000] {processor.py:176} INFO - Processing /home/airflow/.local/lib/python3.7/site-packages/airflow/example_dags/example_datasets.py took 0.751 seconds
[2024-12-03T16:08:03.994+0000] {processor.py:154} INFO - Started process (PID=1802) to work on /home/airflow/.local/lib/python3.7/site-packages/airflow/example_dags/example_datasets.py
[2024-12-03T16:08:03.997+0000] {processor.py:756} INFO - Processing file /home/airflow/.local/lib/python3.7/site-packages/airflow/example_dags/example_datasets.py for tasks to queue
[2024-12-03T16:08:04.000+0000] {logging_mixin.py:120} INFO - [2024-12-03T16:08:03.999+0000] {dagbag.py:537} INFO - Filling up the DagBag from /home/airflow/.local/lib/python3.7/site-packages/airflow/example_dags/example_datasets.py
[2024-12-03T16:08:04.079+0000] {processor.py:766} INFO - DAG(s) dict_keys(['dataset_consumes_1_and_2', 'dataset_consumes_unknown_never_scheduled', 'dataset_produces_2', 'dataset_consumes_1', 'dataset_produces_1', 'dataset_consumes_1_never_scheduled']) retrieved from /home/airflow/.local/lib/python3.7/site-packages/airflow/example_dags/example_datasets.py
[2024-12-03T16:08:04.458+0000] {logging_mixin.py:120} INFO - [2024-12-03T16:08:04.457+0000] {dag.py:2585} INFO - Sync 6 DAGs
[2024-12-03T16:08:04.640+0000] {logging_mixin.py:120} INFO - [2024-12-03T16:08:04.639+0000] {dag.py:3340} INFO - Setting next_dagrun for dataset_consumes_1 to None, run_after=None
[2024-12-03T16:08:04.672+0000] {logging_mixin.py:120} INFO - [2024-12-03T16:08:04.671+0000] {dag.py:3340} INFO - Setting next_dagrun for dataset_consumes_1_and_2 to None, run_after=None
[2024-12-03T16:08:04.682+0000] {logging_mixin.py:120} INFO - [2024-12-03T16:08:04.682+0000] {dag.py:3340} INFO - Setting next_dagrun for dataset_consumes_1_never_scheduled to None, run_after=None
[2024-12-03T16:08:04.688+0000] {logging_mixin.py:120} INFO - [2024-12-03T16:08:04.687+0000] {dag.py:3340} INFO - Setting next_dagrun for dataset_consumes_unknown_never_scheduled to None, run_after=None
[2024-12-03T16:08:04.710+0000] {logging_mixin.py:120} INFO - [2024-12-03T16:08:04.709+0000] {dag.py:3340} INFO - Setting next_dagrun for dataset_produces_1 to 2024-12-02T00:00:00+00:00, run_after=2024-12-03T00:00:00+00:00
[2024-12-03T16:08:04.718+0000] {logging_mixin.py:120} INFO - [2024-12-03T16:08:04.718+0000] {dag.py:3340} INFO - Setting next_dagrun for dataset_produces_2 to None, run_after=None
[2024-12-03T16:08:04.887+0000] {processor.py:176} INFO - Processing /home/airflow/.local/lib/python3.7/site-packages/airflow/example_dags/example_datasets.py took 0.902 seconds
[2024-12-03T16:08:35.284+0000] {processor.py:154} INFO - Started process (PID=1861) to work on /home/airflow/.local/lib/python3.7/site-packages/airflow/example_dags/example_datasets.py
[2024-12-03T16:08:35.287+0000] {processor.py:756} INFO - Processing file /home/airflow/.local/lib/python3.7/site-packages/airflow/example_dags/example_datasets.py for tasks to queue
[2024-12-03T16:08:35.290+0000] {logging_mixin.py:120} INFO - [2024-12-03T16:08:35.290+0000] {dagbag.py:537} INFO - Filling up the DagBag from /home/airflow/.local/lib/python3.7/site-packages/airflow/example_dags/example_datasets.py
[2024-12-03T16:08:35.341+0000] {processor.py:766} INFO - DAG(s) dict_keys(['dataset_produces_2', 'dataset_produces_1', 'dataset_consumes_unknown_never_scheduled', 'dataset_consumes_1', 'dataset_consumes_1_never_scheduled', 'dataset_consumes_1_and_2']) retrieved from /home/airflow/.local/lib/python3.7/site-packages/airflow/example_dags/example_datasets.py
[2024-12-03T16:08:35.502+0000] {logging_mixin.py:120} INFO - [2024-12-03T16:08:35.502+0000] {dag.py:2585} INFO - Sync 6 DAGs
[2024-12-03T16:08:35.565+0000] {logging_mixin.py:120} INFO - [2024-12-03T16:08:35.565+0000] {dag.py:3340} INFO - Setting next_dagrun for dataset_consumes_1 to None, run_after=None
[2024-12-03T16:08:35.574+0000] {logging_mixin.py:120} INFO - [2024-12-03T16:08:35.574+0000] {dag.py:3340} INFO - Setting next_dagrun for dataset_consumes_1_and_2 to None, run_after=None
[2024-12-03T16:08:35.578+0000] {logging_mixin.py:120} INFO - [2024-12-03T16:08:35.578+0000] {dag.py:3340} INFO - Setting next_dagrun for dataset_consumes_1_never_scheduled to None, run_after=None
[2024-12-03T16:08:35.582+0000] {logging_mixin.py:120} INFO - [2024-12-03T16:08:35.582+0000] {dag.py:3340} INFO - Setting next_dagrun for dataset_consumes_unknown_never_scheduled to None, run_after=None
[2024-12-03T16:08:35.591+0000] {logging_mixin.py:120} INFO - [2024-12-03T16:08:35.591+0000] {dag.py:3340} INFO - Setting next_dagrun for dataset_produces_1 to 2024-12-02T00:00:00+00:00, run_after=2024-12-03T00:00:00+00:00
[2024-12-03T16:08:35.597+0000] {logging_mixin.py:120} INFO - [2024-12-03T16:08:35.596+0000] {dag.py:3340} INFO - Setting next_dagrun for dataset_produces_2 to None, run_after=None
[2024-12-03T16:08:35.685+0000] {processor.py:176} INFO - Processing /home/airflow/.local/lib/python3.7/site-packages/airflow/example_dags/example_datasets.py took 0.407 seconds
[2024-12-03T16:09:07.879+0000] {processor.py:154} INFO - Started process (PID=1929) to work on /home/airflow/.local/lib/python3.7/site-packages/airflow/example_dags/example_datasets.py
[2024-12-03T16:09:07.886+0000] {processor.py:756} INFO - Processing file /home/airflow/.local/lib/python3.7/site-packages/airflow/example_dags/example_datasets.py for tasks to queue
[2024-12-03T16:09:07.890+0000] {logging_mixin.py:120} INFO - [2024-12-03T16:09:07.889+0000] {dagbag.py:537} INFO - Filling up the DagBag from /home/airflow/.local/lib/python3.7/site-packages/airflow/example_dags/example_datasets.py
[2024-12-03T16:09:07.991+0000] {processor.py:766} INFO - DAG(s) dict_keys(['dataset_produces_1', 'dataset_consumes_unknown_never_scheduled', 'dataset_produces_2', 'dataset_consumes_1_never_scheduled', 'dataset_consumes_1_and_2', 'dataset_consumes_1']) retrieved from /home/airflow/.local/lib/python3.7/site-packages/airflow/example_dags/example_datasets.py
[2024-12-03T16:09:08.306+0000] {logging_mixin.py:120} INFO - [2024-12-03T16:09:08.306+0000] {dag.py:2585} INFO - Sync 6 DAGs
[2024-12-03T16:09:08.491+0000] {logging_mixin.py:120} INFO - [2024-12-03T16:09:08.491+0000] {dag.py:3340} INFO - Setting next_dagrun for dataset_consumes_1 to None, run_after=None
[2024-12-03T16:09:08.519+0000] {logging_mixin.py:120} INFO - [2024-12-03T16:09:08.519+0000] {dag.py:3340} INFO - Setting next_dagrun for dataset_consumes_1_and_2 to None, run_after=None
[2024-12-03T16:09:08.528+0000] {logging_mixin.py:120} INFO - [2024-12-03T16:09:08.527+0000] {dag.py:3340} INFO - Setting next_dagrun for dataset_consumes_1_never_scheduled to None, run_after=None
[2024-12-03T16:09:08.539+0000] {logging_mixin.py:120} INFO - [2024-12-03T16:09:08.539+0000] {dag.py:3340} INFO - Setting next_dagrun for dataset_consumes_unknown_never_scheduled to None, run_after=None
[2024-12-03T16:09:08.560+0000] {logging_mixin.py:120} INFO - [2024-12-03T16:09:08.560+0000] {dag.py:3340} INFO - Setting next_dagrun for dataset_produces_1 to 2024-12-02T00:00:00+00:00, run_after=2024-12-03T00:00:00+00:00
[2024-12-03T16:09:08.567+0000] {logging_mixin.py:120} INFO - [2024-12-03T16:09:08.566+0000] {dag.py:3340} INFO - Setting next_dagrun for dataset_produces_2 to None, run_after=None
[2024-12-03T16:09:08.762+0000] {processor.py:176} INFO - Processing /home/airflow/.local/lib/python3.7/site-packages/airflow/example_dags/example_datasets.py took 0.896 seconds
[2024-12-03T16:09:39.635+0000] {processor.py:154} INFO - Started process (PID=1984) to work on /home/airflow/.local/lib/python3.7/site-packages/airflow/example_dags/example_datasets.py
[2024-12-03T16:09:39.641+0000] {processor.py:756} INFO - Processing file /home/airflow/.local/lib/python3.7/site-packages/airflow/example_dags/example_datasets.py for tasks to queue
[2024-12-03T16:09:39.643+0000] {logging_mixin.py:120} INFO - [2024-12-03T16:09:39.643+0000] {dagbag.py:537} INFO - Filling up the DagBag from /home/airflow/.local/lib/python3.7/site-packages/airflow/example_dags/example_datasets.py
[2024-12-03T16:09:39.700+0000] {processor.py:766} INFO - DAG(s) dict_keys(['dataset_consumes_1_never_scheduled', 'dataset_consumes_1', 'dataset_consumes_1_and_2', 'dataset_consumes_unknown_never_scheduled', 'dataset_produces_1', 'dataset_produces_2']) retrieved from /home/airflow/.local/lib/python3.7/site-packages/airflow/example_dags/example_datasets.py
[2024-12-03T16:09:39.880+0000] {logging_mixin.py:120} INFO - [2024-12-03T16:09:39.880+0000] {dag.py:2585} INFO - Sync 6 DAGs
[2024-12-03T16:09:39.972+0000] {logging_mixin.py:120} INFO - [2024-12-03T16:09:39.972+0000] {dag.py:3340} INFO - Setting next_dagrun for dataset_consumes_1 to None, run_after=None
[2024-12-03T16:09:39.984+0000] {logging_mixin.py:120} INFO - [2024-12-03T16:09:39.984+0000] {dag.py:3340} INFO - Setting next_dagrun for dataset_consumes_1_and_2 to None, run_after=None
[2024-12-03T16:09:39.990+0000] {logging_mixin.py:120} INFO - [2024-12-03T16:09:39.989+0000] {dag.py:3340} INFO - Setting next_dagrun for dataset_consumes_1_never_scheduled to None, run_after=None
[2024-12-03T16:09:39.996+0000] {logging_mixin.py:120} INFO - [2024-12-03T16:09:39.996+0000] {dag.py:3340} INFO - Setting next_dagrun for dataset_consumes_unknown_never_scheduled to None, run_after=None
[2024-12-03T16:09:40.008+0000] {logging_mixin.py:120} INFO - [2024-12-03T16:09:40.008+0000] {dag.py:3340} INFO - Setting next_dagrun for dataset_produces_1 to 2024-12-02T00:00:00+00:00, run_after=2024-12-03T00:00:00+00:00
[2024-12-03T16:09:40.015+0000] {logging_mixin.py:120} INFO - [2024-12-03T16:09:40.014+0000] {dag.py:3340} INFO - Setting next_dagrun for dataset_produces_2 to None, run_after=None
[2024-12-03T16:09:40.131+0000] {processor.py:176} INFO - Processing /home/airflow/.local/lib/python3.7/site-packages/airflow/example_dags/example_datasets.py took 0.501 seconds
[2024-12-03T16:10:10.339+0000] {processor.py:154} INFO - Started process (PID=2049) to work on /home/airflow/.local/lib/python3.7/site-packages/airflow/example_dags/example_datasets.py
[2024-12-03T16:10:10.342+0000] {processor.py:756} INFO - Processing file /home/airflow/.local/lib/python3.7/site-packages/airflow/example_dags/example_datasets.py for tasks to queue
[2024-12-03T16:10:10.347+0000] {logging_mixin.py:120} INFO - [2024-12-03T16:10:10.346+0000] {dagbag.py:537} INFO - Filling up the DagBag from /home/airflow/.local/lib/python3.7/site-packages/airflow/example_dags/example_datasets.py
[2024-12-03T16:10:10.407+0000] {processor.py:766} INFO - DAG(s) dict_keys(['dataset_consumes_1_never_scheduled', 'dataset_produces_2', 'dataset_consumes_unknown_never_scheduled', 'dataset_produces_1', 'dataset_consumes_1_and_2', 'dataset_consumes_1']) retrieved from /home/airflow/.local/lib/python3.7/site-packages/airflow/example_dags/example_datasets.py
[2024-12-03T16:10:10.631+0000] {logging_mixin.py:120} INFO - [2024-12-03T16:10:10.630+0000] {dag.py:2585} INFO - Sync 6 DAGs
[2024-12-03T16:10:10.743+0000] {logging_mixin.py:120} INFO - [2024-12-03T16:10:10.743+0000] {dag.py:3340} INFO - Setting next_dagrun for dataset_consumes_1 to None, run_after=None
[2024-12-03T16:10:10.757+0000] {logging_mixin.py:120} INFO - [2024-12-03T16:10:10.757+0000] {dag.py:3340} INFO - Setting next_dagrun for dataset_consumes_1_and_2 to None, run_after=None
[2024-12-03T16:10:10.762+0000] {logging_mixin.py:120} INFO - [2024-12-03T16:10:10.761+0000] {dag.py:3340} INFO - Setting next_dagrun for dataset_consumes_1_never_scheduled to None, run_after=None
[2024-12-03T16:10:10.766+0000] {logging_mixin.py:120} INFO - [2024-12-03T16:10:10.765+0000] {dag.py:3340} INFO - Setting next_dagrun for dataset_consumes_unknown_never_scheduled to None, run_after=None
[2024-12-03T16:10:10.776+0000] {logging_mixin.py:120} INFO - [2024-12-03T16:10:10.776+0000] {dag.py:3340} INFO - Setting next_dagrun for dataset_produces_1 to 2024-12-02T00:00:00+00:00, run_after=2024-12-03T00:00:00+00:00
[2024-12-03T16:10:10.783+0000] {logging_mixin.py:120} INFO - [2024-12-03T16:10:10.783+0000] {dag.py:3340} INFO - Setting next_dagrun for dataset_produces_2 to None, run_after=None
[2024-12-03T16:10:10.896+0000] {processor.py:176} INFO - Processing /home/airflow/.local/lib/python3.7/site-packages/airflow/example_dags/example_datasets.py took 0.566 seconds
[2024-12-03T16:10:41.263+0000] {processor.py:154} INFO - Started process (PID=2103) to work on /home/airflow/.local/lib/python3.7/site-packages/airflow/example_dags/example_datasets.py
[2024-12-03T16:10:41.266+0000] {processor.py:756} INFO - Processing file /home/airflow/.local/lib/python3.7/site-packages/airflow/example_dags/example_datasets.py for tasks to queue
[2024-12-03T16:10:41.269+0000] {logging_mixin.py:120} INFO - [2024-12-03T16:10:41.268+0000] {dagbag.py:537} INFO - Filling up the DagBag from /home/airflow/.local/lib/python3.7/site-packages/airflow/example_dags/example_datasets.py
[2024-12-03T16:10:41.310+0000] {processor.py:766} INFO - DAG(s) dict_keys(['dataset_produces_2', 'dataset_produces_1', 'dataset_consumes_1_and_2', 'dataset_consumes_1', 'dataset_consumes_1_never_scheduled', 'dataset_consumes_unknown_never_scheduled']) retrieved from /home/airflow/.local/lib/python3.7/site-packages/airflow/example_dags/example_datasets.py
[2024-12-03T16:10:41.473+0000] {logging_mixin.py:120} INFO - [2024-12-03T16:10:41.472+0000] {dag.py:2585} INFO - Sync 6 DAGs
[2024-12-03T16:10:41.544+0000] {logging_mixin.py:120} INFO - [2024-12-03T16:10:41.544+0000] {dag.py:3340} INFO - Setting next_dagrun for dataset_consumes_1 to None, run_after=None
[2024-12-03T16:10:41.554+0000] {logging_mixin.py:120} INFO - [2024-12-03T16:10:41.553+0000] {dag.py:3340} INFO - Setting next_dagrun for dataset_consumes_1_and_2 to None, run_after=None
[2024-12-03T16:10:41.557+0000] {logging_mixin.py:120} INFO - [2024-12-03T16:10:41.557+0000] {dag.py:3340} INFO - Setting next_dagrun for dataset_consumes_1_never_scheduled to None, run_after=None
[2024-12-03T16:10:41.562+0000] {logging_mixin.py:120} INFO - [2024-12-03T16:10:41.561+0000] {dag.py:3340} INFO - Setting next_dagrun for dataset_consumes_unknown_never_scheduled to None, run_after=None
[2024-12-03T16:10:41.574+0000] {logging_mixin.py:120} INFO - [2024-12-03T16:10:41.573+0000] {dag.py:3340} INFO - Setting next_dagrun for dataset_produces_1 to 2024-12-02T00:00:00+00:00, run_after=2024-12-03T00:00:00+00:00
[2024-12-03T16:10:41.579+0000] {logging_mixin.py:120} INFO - [2024-12-03T16:10:41.578+0000] {dag.py:3340} INFO - Setting next_dagrun for dataset_produces_2 to None, run_after=None
[2024-12-03T16:10:41.658+0000] {processor.py:176} INFO - Processing /home/airflow/.local/lib/python3.7/site-packages/airflow/example_dags/example_datasets.py took 0.405 seconds
[2024-12-03T16:11:11.930+0000] {processor.py:154} INFO - Started process (PID=2158) to work on /home/airflow/.local/lib/python3.7/site-packages/airflow/example_dags/example_datasets.py
[2024-12-03T16:11:11.932+0000] {processor.py:756} INFO - Processing file /home/airflow/.local/lib/python3.7/site-packages/airflow/example_dags/example_datasets.py for tasks to queue
[2024-12-03T16:11:11.936+0000] {logging_mixin.py:120} INFO - [2024-12-03T16:11:11.935+0000] {dagbag.py:537} INFO - Filling up the DagBag from /home/airflow/.local/lib/python3.7/site-packages/airflow/example_dags/example_datasets.py
[2024-12-03T16:11:12.039+0000] {processor.py:766} INFO - DAG(s) dict_keys(['dataset_consumes_1', 'dataset_produces_2', 'dataset_consumes_unknown_never_scheduled', 'dataset_consumes_1_never_scheduled', 'dataset_consumes_1_and_2', 'dataset_produces_1']) retrieved from /home/airflow/.local/lib/python3.7/site-packages/airflow/example_dags/example_datasets.py
[2024-12-03T16:11:12.286+0000] {logging_mixin.py:120} INFO - [2024-12-03T16:11:12.286+0000] {dag.py:2585} INFO - Sync 6 DAGs
[2024-12-03T16:11:12.368+0000] {logging_mixin.py:120} INFO - [2024-12-03T16:11:12.367+0000] {dag.py:3340} INFO - Setting next_dagrun for dataset_consumes_1 to None, run_after=None
[2024-12-03T16:11:12.383+0000] {logging_mixin.py:120} INFO - [2024-12-03T16:11:12.383+0000] {dag.py:3340} INFO - Setting next_dagrun for dataset_consumes_1_and_2 to None, run_after=None
[2024-12-03T16:11:12.400+0000] {logging_mixin.py:120} INFO - [2024-12-03T16:11:12.392+0000] {dag.py:3340} INFO - Setting next_dagrun for dataset_consumes_1_never_scheduled to None, run_after=None
[2024-12-03T16:11:12.430+0000] {logging_mixin.py:120} INFO - [2024-12-03T16:11:12.430+0000] {dag.py:3340} INFO - Setting next_dagrun for dataset_consumes_unknown_never_scheduled to None, run_after=None
[2024-12-03T16:11:12.471+0000] {logging_mixin.py:120} INFO - [2024-12-03T16:11:12.470+0000] {dag.py:3340} INFO - Setting next_dagrun for dataset_produces_1 to 2024-12-02T00:00:00+00:00, run_after=2024-12-03T00:00:00+00:00
[2024-12-03T16:11:12.478+0000] {logging_mixin.py:120} INFO - [2024-12-03T16:11:12.478+0000] {dag.py:3340} INFO - Setting next_dagrun for dataset_produces_2 to None, run_after=None
[2024-12-03T16:11:12.603+0000] {processor.py:176} INFO - Processing /home/airflow/.local/lib/python3.7/site-packages/airflow/example_dags/example_datasets.py took 0.687 seconds
[2024-12-03T16:11:42.757+0000] {processor.py:154} INFO - Started process (PID=2213) to work on /home/airflow/.local/lib/python3.7/site-packages/airflow/example_dags/example_datasets.py
[2024-12-03T16:11:42.759+0000] {processor.py:756} INFO - Processing file /home/airflow/.local/lib/python3.7/site-packages/airflow/example_dags/example_datasets.py for tasks to queue
[2024-12-03T16:11:42.761+0000] {logging_mixin.py:120} INFO - [2024-12-03T16:11:42.761+0000] {dagbag.py:537} INFO - Filling up the DagBag from /home/airflow/.local/lib/python3.7/site-packages/airflow/example_dags/example_datasets.py
[2024-12-03T16:11:42.799+0000] {processor.py:766} INFO - DAG(s) dict_keys(['dataset_produces_2', 'dataset_consumes_unknown_never_scheduled', 'dataset_consumes_1_never_scheduled', 'dataset_consumes_1', 'dataset_produces_1', 'dataset_consumes_1_and_2']) retrieved from /home/airflow/.local/lib/python3.7/site-packages/airflow/example_dags/example_datasets.py
[2024-12-03T16:11:42.968+0000] {logging_mixin.py:120} INFO - [2024-12-03T16:11:42.968+0000] {dag.py:2585} INFO - Sync 6 DAGs
[2024-12-03T16:11:43.042+0000] {logging_mixin.py:120} INFO - [2024-12-03T16:11:43.042+0000] {dag.py:3340} INFO - Setting next_dagrun for dataset_consumes_1 to None, run_after=None
[2024-12-03T16:11:43.051+0000] {logging_mixin.py:120} INFO - [2024-12-03T16:11:43.051+0000] {dag.py:3340} INFO - Setting next_dagrun for dataset_consumes_1_and_2 to None, run_after=None
[2024-12-03T16:11:43.056+0000] {logging_mixin.py:120} INFO - [2024-12-03T16:11:43.056+0000] {dag.py:3340} INFO - Setting next_dagrun for dataset_consumes_1_never_scheduled to None, run_after=None
[2024-12-03T16:11:43.062+0000] {logging_mixin.py:120} INFO - [2024-12-03T16:11:43.061+0000] {dag.py:3340} INFO - Setting next_dagrun for dataset_consumes_unknown_never_scheduled to None, run_after=None
[2024-12-03T16:11:43.073+0000] {logging_mixin.py:120} INFO - [2024-12-03T16:11:43.072+0000] {dag.py:3340} INFO - Setting next_dagrun for dataset_produces_1 to 2024-12-02T00:00:00+00:00, run_after=2024-12-03T00:00:00+00:00
[2024-12-03T16:11:43.078+0000] {logging_mixin.py:120} INFO - [2024-12-03T16:11:43.077+0000] {dag.py:3340} INFO - Setting next_dagrun for dataset_produces_2 to None, run_after=None
[2024-12-03T16:11:43.173+0000] {processor.py:176} INFO - Processing /home/airflow/.local/lib/python3.7/site-packages/airflow/example_dags/example_datasets.py took 0.423 seconds
[2024-12-03T16:12:13.556+0000] {processor.py:154} INFO - Started process (PID=2268) to work on /home/airflow/.local/lib/python3.7/site-packages/airflow/example_dags/example_datasets.py
[2024-12-03T16:12:13.558+0000] {processor.py:756} INFO - Processing file /home/airflow/.local/lib/python3.7/site-packages/airflow/example_dags/example_datasets.py for tasks to queue
[2024-12-03T16:12:13.561+0000] {logging_mixin.py:120} INFO - [2024-12-03T16:12:13.560+0000] {dagbag.py:537} INFO - Filling up the DagBag from /home/airflow/.local/lib/python3.7/site-packages/airflow/example_dags/example_datasets.py
[2024-12-03T16:12:13.600+0000] {processor.py:766} INFO - DAG(s) dict_keys(['dataset_consumes_1', 'dataset_consumes_1_and_2', 'dataset_produces_2', 'dataset_consumes_1_never_scheduled', 'dataset_consumes_unknown_never_scheduled', 'dataset_produces_1']) retrieved from /home/airflow/.local/lib/python3.7/site-packages/airflow/example_dags/example_datasets.py
[2024-12-03T16:12:13.733+0000] {logging_mixin.py:120} INFO - [2024-12-03T16:12:13.733+0000] {dag.py:2585} INFO - Sync 6 DAGs
[2024-12-03T16:12:13.806+0000] {logging_mixin.py:120} INFO - [2024-12-03T16:12:13.805+0000] {dag.py:3340} INFO - Setting next_dagrun for dataset_consumes_1 to None, run_after=None
[2024-12-03T16:12:13.821+0000] {logging_mixin.py:120} INFO - [2024-12-03T16:12:13.820+0000] {dag.py:3340} INFO - Setting next_dagrun for dataset_consumes_1_and_2 to None, run_after=None
[2024-12-03T16:12:13.825+0000] {logging_mixin.py:120} INFO - [2024-12-03T16:12:13.825+0000] {dag.py:3340} INFO - Setting next_dagrun for dataset_consumes_1_never_scheduled to None, run_after=None
[2024-12-03T16:12:13.834+0000] {logging_mixin.py:120} INFO - [2024-12-03T16:12:13.833+0000] {dag.py:3340} INFO - Setting next_dagrun for dataset_consumes_unknown_never_scheduled to None, run_after=None
[2024-12-03T16:12:13.852+0000] {logging_mixin.py:120} INFO - [2024-12-03T16:12:13.852+0000] {dag.py:3340} INFO - Setting next_dagrun for dataset_produces_1 to 2024-12-02T00:00:00+00:00, run_after=2024-12-03T00:00:00+00:00
[2024-12-03T16:12:13.857+0000] {logging_mixin.py:120} INFO - [2024-12-03T16:12:13.857+0000] {dag.py:3340} INFO - Setting next_dagrun for dataset_produces_2 to None, run_after=None
[2024-12-03T16:12:13.980+0000] {processor.py:176} INFO - Processing /home/airflow/.local/lib/python3.7/site-packages/airflow/example_dags/example_datasets.py took 0.430 seconds
[2024-12-03T16:12:44.192+0000] {processor.py:154} INFO - Started process (PID=2323) to work on /home/airflow/.local/lib/python3.7/site-packages/airflow/example_dags/example_datasets.py
[2024-12-03T16:12:44.194+0000] {processor.py:756} INFO - Processing file /home/airflow/.local/lib/python3.7/site-packages/airflow/example_dags/example_datasets.py for tasks to queue
[2024-12-03T16:12:44.197+0000] {logging_mixin.py:120} INFO - [2024-12-03T16:12:44.197+0000] {dagbag.py:537} INFO - Filling up the DagBag from /home/airflow/.local/lib/python3.7/site-packages/airflow/example_dags/example_datasets.py
[2024-12-03T16:12:44.270+0000] {processor.py:766} INFO - DAG(s) dict_keys(['dataset_consumes_unknown_never_scheduled', 'dataset_consumes_1_never_scheduled', 'dataset_consumes_1', 'dataset_produces_1', 'dataset_produces_2', 'dataset_consumes_1_and_2']) retrieved from /home/airflow/.local/lib/python3.7/site-packages/airflow/example_dags/example_datasets.py
[2024-12-03T16:12:44.455+0000] {logging_mixin.py:120} INFO - [2024-12-03T16:12:44.454+0000] {dag.py:2585} INFO - Sync 6 DAGs
[2024-12-03T16:12:44.593+0000] {logging_mixin.py:120} INFO - [2024-12-03T16:12:44.593+0000] {dag.py:3340} INFO - Setting next_dagrun for dataset_consumes_1 to None, run_after=None
[2024-12-03T16:12:44.606+0000] {logging_mixin.py:120} INFO - [2024-12-03T16:12:44.606+0000] {dag.py:3340} INFO - Setting next_dagrun for dataset_consumes_1_and_2 to None, run_after=None
[2024-12-03T16:12:44.613+0000] {logging_mixin.py:120} INFO - [2024-12-03T16:12:44.613+0000] {dag.py:3340} INFO - Setting next_dagrun for dataset_consumes_1_never_scheduled to None, run_after=None
[2024-12-03T16:12:44.620+0000] {logging_mixin.py:120} INFO - [2024-12-03T16:12:44.620+0000] {dag.py:3340} INFO - Setting next_dagrun for dataset_consumes_unknown_never_scheduled to None, run_after=None
[2024-12-03T16:12:44.632+0000] {logging_mixin.py:120} INFO - [2024-12-03T16:12:44.631+0000] {dag.py:3340} INFO - Setting next_dagrun for dataset_produces_1 to 2024-12-02T00:00:00+00:00, run_after=2024-12-03T00:00:00+00:00
[2024-12-03T16:12:44.638+0000] {logging_mixin.py:120} INFO - [2024-12-03T16:12:44.638+0000] {dag.py:3340} INFO - Setting next_dagrun for dataset_produces_2 to None, run_after=None
[2024-12-03T16:12:44.751+0000] {processor.py:176} INFO - Processing /home/airflow/.local/lib/python3.7/site-packages/airflow/example_dags/example_datasets.py took 0.571 seconds
[2024-12-03T16:13:14.878+0000] {processor.py:154} INFO - Started process (PID=2379) to work on /home/airflow/.local/lib/python3.7/site-packages/airflow/example_dags/example_datasets.py
[2024-12-03T16:13:14.881+0000] {processor.py:756} INFO - Processing file /home/airflow/.local/lib/python3.7/site-packages/airflow/example_dags/example_datasets.py for tasks to queue
[2024-12-03T16:13:14.884+0000] {logging_mixin.py:120} INFO - [2024-12-03T16:13:14.884+0000] {dagbag.py:537} INFO - Filling up the DagBag from /home/airflow/.local/lib/python3.7/site-packages/airflow/example_dags/example_datasets.py
[2024-12-03T16:13:14.956+0000] {processor.py:766} INFO - DAG(s) dict_keys(['dataset_produces_1', 'dataset_consumes_unknown_never_scheduled', 'dataset_consumes_1', 'dataset_produces_2', 'dataset_consumes_1_never_scheduled', 'dataset_consumes_1_and_2']) retrieved from /home/airflow/.local/lib/python3.7/site-packages/airflow/example_dags/example_datasets.py
[2024-12-03T16:13:15.146+0000] {logging_mixin.py:120} INFO - [2024-12-03T16:13:15.145+0000] {dag.py:2585} INFO - Sync 6 DAGs
[2024-12-03T16:13:15.247+0000] {logging_mixin.py:120} INFO - [2024-12-03T16:13:15.246+0000] {dag.py:3340} INFO - Setting next_dagrun for dataset_consumes_1 to None, run_after=None
[2024-12-03T16:13:15.269+0000] {logging_mixin.py:120} INFO - [2024-12-03T16:13:15.267+0000] {dag.py:3340} INFO - Setting next_dagrun for dataset_consumes_1_and_2 to None, run_after=None
[2024-12-03T16:13:15.275+0000] {logging_mixin.py:120} INFO - [2024-12-03T16:13:15.274+0000] {dag.py:3340} INFO - Setting next_dagrun for dataset_consumes_1_never_scheduled to None, run_after=None
[2024-12-03T16:13:15.283+0000] {logging_mixin.py:120} INFO - [2024-12-03T16:13:15.283+0000] {dag.py:3340} INFO - Setting next_dagrun for dataset_consumes_unknown_never_scheduled to None, run_after=None
[2024-12-03T16:13:15.291+0000] {logging_mixin.py:120} INFO - [2024-12-03T16:13:15.290+0000] {dag.py:3340} INFO - Setting next_dagrun for dataset_produces_1 to 2024-12-02T00:00:00+00:00, run_after=2024-12-03T00:00:00+00:00
[2024-12-03T16:13:15.297+0000] {logging_mixin.py:120} INFO - [2024-12-03T16:13:15.296+0000] {dag.py:3340} INFO - Setting next_dagrun for dataset_produces_2 to None, run_after=None
[2024-12-03T16:13:15.430+0000] {processor.py:176} INFO - Processing /home/airflow/.local/lib/python3.7/site-packages/airflow/example_dags/example_datasets.py took 0.562 seconds
[2024-12-03T16:13:45.851+0000] {processor.py:154} INFO - Started process (PID=2434) to work on /home/airflow/.local/lib/python3.7/site-packages/airflow/example_dags/example_datasets.py
[2024-12-03T16:13:45.853+0000] {processor.py:756} INFO - Processing file /home/airflow/.local/lib/python3.7/site-packages/airflow/example_dags/example_datasets.py for tasks to queue
[2024-12-03T16:13:45.857+0000] {logging_mixin.py:120} INFO - [2024-12-03T16:13:45.856+0000] {dagbag.py:537} INFO - Filling up the DagBag from /home/airflow/.local/lib/python3.7/site-packages/airflow/example_dags/example_datasets.py
[2024-12-03T16:13:45.940+0000] {processor.py:766} INFO - DAG(s) dict_keys(['dataset_consumes_1', 'dataset_consumes_1_never_scheduled', 'dataset_consumes_1_and_2', 'dataset_produces_2', 'dataset_produces_1', 'dataset_consumes_unknown_never_scheduled']) retrieved from /home/airflow/.local/lib/python3.7/site-packages/airflow/example_dags/example_datasets.py
[2024-12-03T16:13:46.159+0000] {logging_mixin.py:120} INFO - [2024-12-03T16:13:46.158+0000] {dag.py:2585} INFO - Sync 6 DAGs
[2024-12-03T16:13:46.293+0000] {logging_mixin.py:120} INFO - [2024-12-03T16:13:46.293+0000] {dag.py:3340} INFO - Setting next_dagrun for dataset_consumes_1 to None, run_after=None
[2024-12-03T16:13:46.313+0000] {logging_mixin.py:120} INFO - [2024-12-03T16:13:46.313+0000] {dag.py:3340} INFO - Setting next_dagrun for dataset_consumes_1_and_2 to None, run_after=None
[2024-12-03T16:13:46.320+0000] {logging_mixin.py:120} INFO - [2024-12-03T16:13:46.319+0000] {dag.py:3340} INFO - Setting next_dagrun for dataset_consumes_1_never_scheduled to None, run_after=None
[2024-12-03T16:13:46.327+0000] {logging_mixin.py:120} INFO - [2024-12-03T16:13:46.327+0000] {dag.py:3340} INFO - Setting next_dagrun for dataset_consumes_unknown_never_scheduled to None, run_after=None
[2024-12-03T16:13:46.342+0000] {logging_mixin.py:120} INFO - [2024-12-03T16:13:46.341+0000] {dag.py:3340} INFO - Setting next_dagrun for dataset_produces_1 to 2024-12-02T00:00:00+00:00, run_after=2024-12-03T00:00:00+00:00
[2024-12-03T16:13:46.347+0000] {logging_mixin.py:120} INFO - [2024-12-03T16:13:46.346+0000] {dag.py:3340} INFO - Setting next_dagrun for dataset_produces_2 to None, run_after=None
[2024-12-03T16:13:46.454+0000] {processor.py:176} INFO - Processing /home/airflow/.local/lib/python3.7/site-packages/airflow/example_dags/example_datasets.py took 0.610 seconds
[2024-12-03T16:14:16.932+0000] {processor.py:154} INFO - Started process (PID=2510) to work on /home/airflow/.local/lib/python3.7/site-packages/airflow/example_dags/example_datasets.py
[2024-12-03T16:14:16.935+0000] {processor.py:756} INFO - Processing file /home/airflow/.local/lib/python3.7/site-packages/airflow/example_dags/example_datasets.py for tasks to queue
[2024-12-03T16:14:16.938+0000] {logging_mixin.py:120} INFO - [2024-12-03T16:14:16.937+0000] {dagbag.py:537} INFO - Filling up the DagBag from /home/airflow/.local/lib/python3.7/site-packages/airflow/example_dags/example_datasets.py
[2024-12-03T16:14:17.042+0000] {processor.py:766} INFO - DAG(s) dict_keys(['dataset_produces_1', 'dataset_produces_2', 'dataset_consumes_unknown_never_scheduled', 'dataset_consumes_1_and_2', 'dataset_consumes_1', 'dataset_consumes_1_never_scheduled']) retrieved from /home/airflow/.local/lib/python3.7/site-packages/airflow/example_dags/example_datasets.py
[2024-12-03T16:14:17.396+0000] {logging_mixin.py:120} INFO - [2024-12-03T16:14:17.395+0000] {dag.py:2585} INFO - Sync 6 DAGs
[2024-12-03T16:14:17.566+0000] {logging_mixin.py:120} INFO - [2024-12-03T16:14:17.566+0000] {dag.py:3340} INFO - Setting next_dagrun for dataset_consumes_1 to None, run_after=None
[2024-12-03T16:14:17.583+0000] {logging_mixin.py:120} INFO - [2024-12-03T16:14:17.582+0000] {dag.py:3340} INFO - Setting next_dagrun for dataset_consumes_1_and_2 to None, run_after=None
[2024-12-03T16:14:17.590+0000] {logging_mixin.py:120} INFO - [2024-12-03T16:14:17.590+0000] {dag.py:3340} INFO - Setting next_dagrun for dataset_consumes_1_never_scheduled to None, run_after=None
[2024-12-03T16:14:17.595+0000] {logging_mixin.py:120} INFO - [2024-12-03T16:14:17.595+0000] {dag.py:3340} INFO - Setting next_dagrun for dataset_consumes_unknown_never_scheduled to None, run_after=None
[2024-12-03T16:14:17.605+0000] {logging_mixin.py:120} INFO - [2024-12-03T16:14:17.605+0000] {dag.py:3340} INFO - Setting next_dagrun for dataset_produces_1 to 2024-12-02T00:00:00+00:00, run_after=2024-12-03T00:00:00+00:00
[2024-12-03T16:14:17.610+0000] {logging_mixin.py:120} INFO - [2024-12-03T16:14:17.610+0000] {dag.py:3340} INFO - Setting next_dagrun for dataset_produces_2 to None, run_after=None
[2024-12-03T16:14:17.769+0000] {processor.py:176} INFO - Processing /home/airflow/.local/lib/python3.7/site-packages/airflow/example_dags/example_datasets.py took 0.850 seconds
[2024-12-03T16:14:47.887+0000] {processor.py:154} INFO - Started process (PID=2565) to work on /home/airflow/.local/lib/python3.7/site-packages/airflow/example_dags/example_datasets.py
[2024-12-03T16:14:47.892+0000] {processor.py:756} INFO - Processing file /home/airflow/.local/lib/python3.7/site-packages/airflow/example_dags/example_datasets.py for tasks to queue
[2024-12-03T16:14:47.896+0000] {logging_mixin.py:120} INFO - [2024-12-03T16:14:47.895+0000] {dagbag.py:537} INFO - Filling up the DagBag from /home/airflow/.local/lib/python3.7/site-packages/airflow/example_dags/example_datasets.py
[2024-12-03T16:14:47.950+0000] {processor.py:766} INFO - DAG(s) dict_keys(['dataset_consumes_1', 'dataset_consumes_1_never_scheduled', 'dataset_consumes_unknown_never_scheduled', 'dataset_produces_1', 'dataset_consumes_1_and_2', 'dataset_produces_2']) retrieved from /home/airflow/.local/lib/python3.7/site-packages/airflow/example_dags/example_datasets.py
[2024-12-03T16:14:48.131+0000] {logging_mixin.py:120} INFO - [2024-12-03T16:14:48.130+0000] {dag.py:2585} INFO - Sync 6 DAGs
[2024-12-03T16:14:48.225+0000] {logging_mixin.py:120} INFO - [2024-12-03T16:14:48.225+0000] {dag.py:3340} INFO - Setting next_dagrun for dataset_consumes_1 to None, run_after=None
[2024-12-03T16:14:48.239+0000] {logging_mixin.py:120} INFO - [2024-12-03T16:14:48.239+0000] {dag.py:3340} INFO - Setting next_dagrun for dataset_consumes_1_and_2 to None, run_after=None
[2024-12-03T16:14:48.247+0000] {logging_mixin.py:120} INFO - [2024-12-03T16:14:48.246+0000] {dag.py:3340} INFO - Setting next_dagrun for dataset_consumes_1_never_scheduled to None, run_after=None
[2024-12-03T16:14:48.252+0000] {logging_mixin.py:120} INFO - [2024-12-03T16:14:48.251+0000] {dag.py:3340} INFO - Setting next_dagrun for dataset_consumes_unknown_never_scheduled to None, run_after=None
[2024-12-03T16:14:48.272+0000] {logging_mixin.py:120} INFO - [2024-12-03T16:14:48.272+0000] {dag.py:3340} INFO - Setting next_dagrun for dataset_produces_1 to 2024-12-02T00:00:00+00:00, run_after=2024-12-03T00:00:00+00:00
[2024-12-03T16:14:48.283+0000] {logging_mixin.py:120} INFO - [2024-12-03T16:14:48.282+0000] {dag.py:3340} INFO - Setting next_dagrun for dataset_produces_2 to None, run_after=None
[2024-12-03T16:14:48.417+0000] {processor.py:176} INFO - Processing /home/airflow/.local/lib/python3.7/site-packages/airflow/example_dags/example_datasets.py took 0.540 seconds
[2024-12-03T16:15:18.709+0000] {processor.py:154} INFO - Started process (PID=2620) to work on /home/airflow/.local/lib/python3.7/site-packages/airflow/example_dags/example_datasets.py
[2024-12-03T16:15:18.712+0000] {processor.py:756} INFO - Processing file /home/airflow/.local/lib/python3.7/site-packages/airflow/example_dags/example_datasets.py for tasks to queue
[2024-12-03T16:15:18.714+0000] {logging_mixin.py:120} INFO - [2024-12-03T16:15:18.713+0000] {dagbag.py:537} INFO - Filling up the DagBag from /home/airflow/.local/lib/python3.7/site-packages/airflow/example_dags/example_datasets.py
[2024-12-03T16:15:18.752+0000] {processor.py:766} INFO - DAG(s) dict_keys(['dataset_consumes_1', 'dataset_produces_2', 'dataset_consumes_unknown_never_scheduled', 'dataset_consumes_1_and_2', 'dataset_consumes_1_never_scheduled', 'dataset_produces_1']) retrieved from /home/airflow/.local/lib/python3.7/site-packages/airflow/example_dags/example_datasets.py
[2024-12-03T16:15:18.921+0000] {logging_mixin.py:120} INFO - [2024-12-03T16:15:18.921+0000] {dag.py:2585} INFO - Sync 6 DAGs
[2024-12-03T16:15:18.999+0000] {logging_mixin.py:120} INFO - [2024-12-03T16:15:18.999+0000] {dag.py:3340} INFO - Setting next_dagrun for dataset_consumes_1 to None, run_after=None
[2024-12-03T16:15:19.010+0000] {logging_mixin.py:120} INFO - [2024-12-03T16:15:19.010+0000] {dag.py:3340} INFO - Setting next_dagrun for dataset_consumes_1_and_2 to None, run_after=None
[2024-12-03T16:15:19.016+0000] {logging_mixin.py:120} INFO - [2024-12-03T16:15:19.015+0000] {dag.py:3340} INFO - Setting next_dagrun for dataset_consumes_1_never_scheduled to None, run_after=None
[2024-12-03T16:15:19.021+0000] {logging_mixin.py:120} INFO - [2024-12-03T16:15:19.021+0000] {dag.py:3340} INFO - Setting next_dagrun for dataset_consumes_unknown_never_scheduled to None, run_after=None
[2024-12-03T16:15:19.036+0000] {logging_mixin.py:120} INFO - [2024-12-03T16:15:19.036+0000] {dag.py:3340} INFO - Setting next_dagrun for dataset_produces_1 to 2024-12-02T00:00:00+00:00, run_after=2024-12-03T00:00:00+00:00
[2024-12-03T16:15:19.041+0000] {logging_mixin.py:120} INFO - [2024-12-03T16:15:19.041+0000] {dag.py:3340} INFO - Setting next_dagrun for dataset_produces_2 to None, run_after=None
[2024-12-03T16:15:19.127+0000] {processor.py:176} INFO - Processing /home/airflow/.local/lib/python3.7/site-packages/airflow/example_dags/example_datasets.py took 0.424 seconds
[2024-12-03T16:15:49.397+0000] {processor.py:154} INFO - Started process (PID=2676) to work on /home/airflow/.local/lib/python3.7/site-packages/airflow/example_dags/example_datasets.py
[2024-12-03T16:15:49.401+0000] {processor.py:756} INFO - Processing file /home/airflow/.local/lib/python3.7/site-packages/airflow/example_dags/example_datasets.py for tasks to queue
[2024-12-03T16:15:49.404+0000] {logging_mixin.py:120} INFO - [2024-12-03T16:15:49.404+0000] {dagbag.py:537} INFO - Filling up the DagBag from /home/airflow/.local/lib/python3.7/site-packages/airflow/example_dags/example_datasets.py
[2024-12-03T16:15:49.446+0000] {processor.py:766} INFO - DAG(s) dict_keys(['dataset_consumes_1_never_scheduled', 'dataset_produces_2', 'dataset_consumes_unknown_never_scheduled', 'dataset_consumes_1', 'dataset_produces_1', 'dataset_consumes_1_and_2']) retrieved from /home/airflow/.local/lib/python3.7/site-packages/airflow/example_dags/example_datasets.py
[2024-12-03T16:15:49.604+0000] {logging_mixin.py:120} INFO - [2024-12-03T16:15:49.604+0000] {dag.py:2585} INFO - Sync 6 DAGs
[2024-12-03T16:15:49.712+0000] {logging_mixin.py:120} INFO - [2024-12-03T16:15:49.711+0000] {dag.py:3340} INFO - Setting next_dagrun for dataset_consumes_1 to None, run_after=None
[2024-12-03T16:15:49.724+0000] {logging_mixin.py:120} INFO - [2024-12-03T16:15:49.723+0000] {dag.py:3340} INFO - Setting next_dagrun for dataset_consumes_1_and_2 to None, run_after=None
[2024-12-03T16:15:49.732+0000] {logging_mixin.py:120} INFO - [2024-12-03T16:15:49.731+0000] {dag.py:3340} INFO - Setting next_dagrun for dataset_consumes_1_never_scheduled to None, run_after=None
[2024-12-03T16:15:49.740+0000] {logging_mixin.py:120} INFO - [2024-12-03T16:15:49.740+0000] {dag.py:3340} INFO - Setting next_dagrun for dataset_consumes_unknown_never_scheduled to None, run_after=None
[2024-12-03T16:15:49.752+0000] {logging_mixin.py:120} INFO - [2024-12-03T16:15:49.752+0000] {dag.py:3340} INFO - Setting next_dagrun for dataset_produces_1 to 2024-12-02T00:00:00+00:00, run_after=2024-12-03T00:00:00+00:00
[2024-12-03T16:15:49.756+0000] {logging_mixin.py:120} INFO - [2024-12-03T16:15:49.756+0000] {dag.py:3340} INFO - Setting next_dagrun for dataset_produces_2 to None, run_after=None
[2024-12-03T16:15:49.868+0000] {processor.py:176} INFO - Processing /home/airflow/.local/lib/python3.7/site-packages/airflow/example_dags/example_datasets.py took 0.480 seconds
[2024-12-03T16:16:20.094+0000] {processor.py:154} INFO - Started process (PID=2732) to work on /home/airflow/.local/lib/python3.7/site-packages/airflow/example_dags/example_datasets.py
[2024-12-03T16:16:20.097+0000] {processor.py:756} INFO - Processing file /home/airflow/.local/lib/python3.7/site-packages/airflow/example_dags/example_datasets.py for tasks to queue
[2024-12-03T16:16:20.099+0000] {logging_mixin.py:120} INFO - [2024-12-03T16:16:20.098+0000] {dagbag.py:537} INFO - Filling up the DagBag from /home/airflow/.local/lib/python3.7/site-packages/airflow/example_dags/example_datasets.py
[2024-12-03T16:16:20.157+0000] {processor.py:766} INFO - DAG(s) dict_keys(['dataset_consumes_1_and_2', 'dataset_consumes_1', 'dataset_produces_1', 'dataset_consumes_1_never_scheduled', 'dataset_consumes_unknown_never_scheduled', 'dataset_produces_2']) retrieved from /home/airflow/.local/lib/python3.7/site-packages/airflow/example_dags/example_datasets.py
[2024-12-03T16:16:20.388+0000] {logging_mixin.py:120} INFO - [2024-12-03T16:16:20.388+0000] {dag.py:2585} INFO - Sync 6 DAGs
[2024-12-03T16:16:20.505+0000] {logging_mixin.py:120} INFO - [2024-12-03T16:16:20.504+0000] {dag.py:3340} INFO - Setting next_dagrun for dataset_consumes_1 to None, run_after=None
[2024-12-03T16:16:20.515+0000] {logging_mixin.py:120} INFO - [2024-12-03T16:16:20.514+0000] {dag.py:3340} INFO - Setting next_dagrun for dataset_consumes_1_and_2 to None, run_after=None
[2024-12-03T16:16:20.519+0000] {logging_mixin.py:120} INFO - [2024-12-03T16:16:20.519+0000] {dag.py:3340} INFO - Setting next_dagrun for dataset_consumes_1_never_scheduled to None, run_after=None
[2024-12-03T16:16:20.525+0000] {logging_mixin.py:120} INFO - [2024-12-03T16:16:20.525+0000] {dag.py:3340} INFO - Setting next_dagrun for dataset_consumes_unknown_never_scheduled to None, run_after=None
[2024-12-03T16:16:20.535+0000] {logging_mixin.py:120} INFO - [2024-12-03T16:16:20.534+0000] {dag.py:3340} INFO - Setting next_dagrun for dataset_produces_1 to 2024-12-02T00:00:00+00:00, run_after=2024-12-03T00:00:00+00:00
[2024-12-03T16:16:20.542+0000] {logging_mixin.py:120} INFO - [2024-12-03T16:16:20.541+0000] {dag.py:3340} INFO - Setting next_dagrun for dataset_produces_2 to None, run_after=None
[2024-12-03T16:16:20.655+0000] {processor.py:176} INFO - Processing /home/airflow/.local/lib/python3.7/site-packages/airflow/example_dags/example_datasets.py took 0.568 seconds
[2024-12-03T16:16:51.217+0000] {processor.py:154} INFO - Started process (PID=2787) to work on /home/airflow/.local/lib/python3.7/site-packages/airflow/example_dags/example_datasets.py
[2024-12-03T16:16:51.221+0000] {processor.py:756} INFO - Processing file /home/airflow/.local/lib/python3.7/site-packages/airflow/example_dags/example_datasets.py for tasks to queue
[2024-12-03T16:16:51.224+0000] {logging_mixin.py:120} INFO - [2024-12-03T16:16:51.223+0000] {dagbag.py:537} INFO - Filling up the DagBag from /home/airflow/.local/lib/python3.7/site-packages/airflow/example_dags/example_datasets.py
[2024-12-03T16:16:51.278+0000] {processor.py:766} INFO - DAG(s) dict_keys(['dataset_consumes_1_and_2', 'dataset_consumes_1_never_scheduled', 'dataset_consumes_1', 'dataset_consumes_unknown_never_scheduled', 'dataset_produces_2', 'dataset_produces_1']) retrieved from /home/airflow/.local/lib/python3.7/site-packages/airflow/example_dags/example_datasets.py
[2024-12-03T16:16:51.462+0000] {logging_mixin.py:120} INFO - [2024-12-03T16:16:51.461+0000] {dag.py:2585} INFO - Sync 6 DAGs
[2024-12-03T16:16:51.569+0000] {logging_mixin.py:120} INFO - [2024-12-03T16:16:51.569+0000] {dag.py:3340} INFO - Setting next_dagrun for dataset_consumes_1 to None, run_after=None
[2024-12-03T16:16:51.582+0000] {logging_mixin.py:120} INFO - [2024-12-03T16:16:51.581+0000] {dag.py:3340} INFO - Setting next_dagrun for dataset_consumes_1_and_2 to None, run_after=None
[2024-12-03T16:16:51.586+0000] {logging_mixin.py:120} INFO - [2024-12-03T16:16:51.586+0000] {dag.py:3340} INFO - Setting next_dagrun for dataset_consumes_1_never_scheduled to None, run_after=None
[2024-12-03T16:16:51.591+0000] {logging_mixin.py:120} INFO - [2024-12-03T16:16:51.590+0000] {dag.py:3340} INFO - Setting next_dagrun for dataset_consumes_unknown_never_scheduled to None, run_after=None
[2024-12-03T16:16:51.598+0000] {logging_mixin.py:120} INFO - [2024-12-03T16:16:51.598+0000] {dag.py:3340} INFO - Setting next_dagrun for dataset_produces_1 to 2024-12-02T00:00:00+00:00, run_after=2024-12-03T00:00:00+00:00
[2024-12-03T16:16:51.603+0000] {logging_mixin.py:120} INFO - [2024-12-03T16:16:51.602+0000] {dag.py:3340} INFO - Setting next_dagrun for dataset_produces_2 to None, run_after=None
[2024-12-03T16:16:51.699+0000] {processor.py:176} INFO - Processing /home/airflow/.local/lib/python3.7/site-packages/airflow/example_dags/example_datasets.py took 0.490 seconds
[2024-12-03T16:17:21.919+0000] {processor.py:154} INFO - Started process (PID=2852) to work on /home/airflow/.local/lib/python3.7/site-packages/airflow/example_dags/example_datasets.py
[2024-12-03T16:17:21.921+0000] {processor.py:756} INFO - Processing file /home/airflow/.local/lib/python3.7/site-packages/airflow/example_dags/example_datasets.py for tasks to queue
[2024-12-03T16:17:21.924+0000] {logging_mixin.py:120} INFO - [2024-12-03T16:17:21.923+0000] {dagbag.py:537} INFO - Filling up the DagBag from /home/airflow/.local/lib/python3.7/site-packages/airflow/example_dags/example_datasets.py
[2024-12-03T16:17:21.991+0000] {processor.py:766} INFO - DAG(s) dict_keys(['dataset_consumes_1', 'dataset_consumes_1_and_2', 'dataset_consumes_1_never_scheduled', 'dataset_produces_1', 'dataset_produces_2', 'dataset_consumes_unknown_never_scheduled']) retrieved from /home/airflow/.local/lib/python3.7/site-packages/airflow/example_dags/example_datasets.py
[2024-12-03T16:17:22.173+0000] {logging_mixin.py:120} INFO - [2024-12-03T16:17:22.172+0000] {dag.py:2585} INFO - Sync 6 DAGs
[2024-12-03T16:17:22.270+0000] {logging_mixin.py:120} INFO - [2024-12-03T16:17:22.269+0000] {dag.py:3340} INFO - Setting next_dagrun for dataset_consumes_1 to None, run_after=None
[2024-12-03T16:17:22.283+0000] {logging_mixin.py:120} INFO - [2024-12-03T16:17:22.283+0000] {dag.py:3340} INFO - Setting next_dagrun for dataset_consumes_1_and_2 to None, run_after=None
[2024-12-03T16:17:22.289+0000] {logging_mixin.py:120} INFO - [2024-12-03T16:17:22.288+0000] {dag.py:3340} INFO - Setting next_dagrun for dataset_consumes_1_never_scheduled to None, run_after=None
[2024-12-03T16:17:22.297+0000] {logging_mixin.py:120} INFO - [2024-12-03T16:17:22.297+0000] {dag.py:3340} INFO - Setting next_dagrun for dataset_consumes_unknown_never_scheduled to None, run_after=None
[2024-12-03T16:17:22.310+0000] {logging_mixin.py:120} INFO - [2024-12-03T16:17:22.310+0000] {dag.py:3340} INFO - Setting next_dagrun for dataset_produces_1 to 2024-12-02T00:00:00+00:00, run_after=2024-12-03T00:00:00+00:00
[2024-12-03T16:17:22.315+0000] {logging_mixin.py:120} INFO - [2024-12-03T16:17:22.315+0000] {dag.py:3340} INFO - Setting next_dagrun for dataset_produces_2 to None, run_after=None
[2024-12-03T16:17:22.442+0000] {processor.py:176} INFO - Processing /home/airflow/.local/lib/python3.7/site-packages/airflow/example_dags/example_datasets.py took 0.529 seconds
[2024-12-03T16:17:52.756+0000] {processor.py:154} INFO - Started process (PID=2908) to work on /home/airflow/.local/lib/python3.7/site-packages/airflow/example_dags/example_datasets.py
[2024-12-03T16:17:52.758+0000] {processor.py:756} INFO - Processing file /home/airflow/.local/lib/python3.7/site-packages/airflow/example_dags/example_datasets.py for tasks to queue
[2024-12-03T16:17:52.761+0000] {logging_mixin.py:120} INFO - [2024-12-03T16:17:52.761+0000] {dagbag.py:537} INFO - Filling up the DagBag from /home/airflow/.local/lib/python3.7/site-packages/airflow/example_dags/example_datasets.py
[2024-12-03T16:17:52.817+0000] {processor.py:766} INFO - DAG(s) dict_keys(['dataset_produces_1', 'dataset_consumes_1_and_2', 'dataset_consumes_unknown_never_scheduled', 'dataset_consumes_1', 'dataset_produces_2', 'dataset_consumes_1_never_scheduled']) retrieved from /home/airflow/.local/lib/python3.7/site-packages/airflow/example_dags/example_datasets.py
[2024-12-03T16:17:52.997+0000] {logging_mixin.py:120} INFO - [2024-12-03T16:17:52.996+0000] {dag.py:2585} INFO - Sync 6 DAGs
[2024-12-03T16:17:53.071+0000] {logging_mixin.py:120} INFO - [2024-12-03T16:17:53.071+0000] {dag.py:3340} INFO - Setting next_dagrun for dataset_consumes_1 to None, run_after=None
[2024-12-03T16:17:53.080+0000] {logging_mixin.py:120} INFO - [2024-12-03T16:17:53.080+0000] {dag.py:3340} INFO - Setting next_dagrun for dataset_consumes_1_and_2 to None, run_after=None
[2024-12-03T16:17:53.085+0000] {logging_mixin.py:120} INFO - [2024-12-03T16:17:53.085+0000] {dag.py:3340} INFO - Setting next_dagrun for dataset_consumes_1_never_scheduled to None, run_after=None
[2024-12-03T16:17:53.092+0000] {logging_mixin.py:120} INFO - [2024-12-03T16:17:53.091+0000] {dag.py:3340} INFO - Setting next_dagrun for dataset_consumes_unknown_never_scheduled to None, run_after=None
[2024-12-03T16:17:53.100+0000] {logging_mixin.py:120} INFO - [2024-12-03T16:17:53.100+0000] {dag.py:3340} INFO - Setting next_dagrun for dataset_produces_1 to 2024-12-02T00:00:00+00:00, run_after=2024-12-03T00:00:00+00:00
[2024-12-03T16:17:53.104+0000] {logging_mixin.py:120} INFO - [2024-12-03T16:17:53.104+0000] {dag.py:3340} INFO - Setting next_dagrun for dataset_produces_2 to None, run_after=None
[2024-12-03T16:17:53.197+0000] {processor.py:176} INFO - Processing /home/airflow/.local/lib/python3.7/site-packages/airflow/example_dags/example_datasets.py took 0.447 seconds
[2024-12-03T16:18:23.622+0000] {processor.py:154} INFO - Started process (PID=2967) to work on /home/airflow/.local/lib/python3.7/site-packages/airflow/example_dags/example_datasets.py
[2024-12-03T16:18:23.624+0000] {processor.py:756} INFO - Processing file /home/airflow/.local/lib/python3.7/site-packages/airflow/example_dags/example_datasets.py for tasks to queue
[2024-12-03T16:18:23.626+0000] {logging_mixin.py:120} INFO - [2024-12-03T16:18:23.626+0000] {dagbag.py:537} INFO - Filling up the DagBag from /home/airflow/.local/lib/python3.7/site-packages/airflow/example_dags/example_datasets.py
[2024-12-03T16:18:23.669+0000] {processor.py:766} INFO - DAG(s) dict_keys(['dataset_consumes_unknown_never_scheduled', 'dataset_consumes_1', 'dataset_consumes_1_never_scheduled', 'dataset_produces_1', 'dataset_consumes_1_and_2', 'dataset_produces_2']) retrieved from /home/airflow/.local/lib/python3.7/site-packages/airflow/example_dags/example_datasets.py
[2024-12-03T16:18:23.834+0000] {logging_mixin.py:120} INFO - [2024-12-03T16:18:23.833+0000] {dag.py:2585} INFO - Sync 6 DAGs
[2024-12-03T16:18:23.936+0000] {logging_mixin.py:120} INFO - [2024-12-03T16:18:23.936+0000] {dag.py:3340} INFO - Setting next_dagrun for dataset_consumes_1 to None, run_after=None
[2024-12-03T16:18:23.947+0000] {logging_mixin.py:120} INFO - [2024-12-03T16:18:23.946+0000] {dag.py:3340} INFO - Setting next_dagrun for dataset_consumes_1_and_2 to None, run_after=None
[2024-12-03T16:18:23.953+0000] {logging_mixin.py:120} INFO - [2024-12-03T16:18:23.952+0000] {dag.py:3340} INFO - Setting next_dagrun for dataset_consumes_1_never_scheduled to None, run_after=None
[2024-12-03T16:18:23.958+0000] {logging_mixin.py:120} INFO - [2024-12-03T16:18:23.957+0000] {dag.py:3340} INFO - Setting next_dagrun for dataset_consumes_unknown_never_scheduled to None, run_after=None
[2024-12-03T16:18:23.965+0000] {logging_mixin.py:120} INFO - [2024-12-03T16:18:23.964+0000] {dag.py:3340} INFO - Setting next_dagrun for dataset_produces_1 to 2024-12-02T00:00:00+00:00, run_after=2024-12-03T00:00:00+00:00
[2024-12-03T16:18:23.970+0000] {logging_mixin.py:120} INFO - [2024-12-03T16:18:23.969+0000] {dag.py:3340} INFO - Setting next_dagrun for dataset_produces_2 to None, run_after=None
[2024-12-03T16:18:24.055+0000] {processor.py:176} INFO - Processing /home/airflow/.local/lib/python3.7/site-packages/airflow/example_dags/example_datasets.py took 0.440 seconds
[2024-12-03T16:18:54.651+0000] {processor.py:154} INFO - Started process (PID=3022) to work on /home/airflow/.local/lib/python3.7/site-packages/airflow/example_dags/example_datasets.py
[2024-12-03T16:18:54.653+0000] {processor.py:756} INFO - Processing file /home/airflow/.local/lib/python3.7/site-packages/airflow/example_dags/example_datasets.py for tasks to queue
[2024-12-03T16:18:54.654+0000] {logging_mixin.py:120} INFO - [2024-12-03T16:18:54.654+0000] {dagbag.py:537} INFO - Filling up the DagBag from /home/airflow/.local/lib/python3.7/site-packages/airflow/example_dags/example_datasets.py
[2024-12-03T16:18:54.681+0000] {processor.py:766} INFO - DAG(s) dict_keys(['dataset_produces_2', 'dataset_produces_1', 'dataset_consumes_1_never_scheduled', 'dataset_consumes_1_and_2', 'dataset_consumes_unknown_never_scheduled', 'dataset_consumes_1']) retrieved from /home/airflow/.local/lib/python3.7/site-packages/airflow/example_dags/example_datasets.py
[2024-12-03T16:18:54.798+0000] {logging_mixin.py:120} INFO - [2024-12-03T16:18:54.797+0000] {dag.py:2585} INFO - Sync 6 DAGs
[2024-12-03T16:18:54.862+0000] {logging_mixin.py:120} INFO - [2024-12-03T16:18:54.861+0000] {dag.py:3340} INFO - Setting next_dagrun for dataset_consumes_1 to None, run_after=None
[2024-12-03T16:18:54.868+0000] {logging_mixin.py:120} INFO - [2024-12-03T16:18:54.868+0000] {dag.py:3340} INFO - Setting next_dagrun for dataset_consumes_1_and_2 to None, run_after=None
[2024-12-03T16:18:54.870+0000] {logging_mixin.py:120} INFO - [2024-12-03T16:18:54.870+0000] {dag.py:3340} INFO - Setting next_dagrun for dataset_consumes_1_never_scheduled to None, run_after=None
[2024-12-03T16:18:54.873+0000] {logging_mixin.py:120} INFO - [2024-12-03T16:18:54.873+0000] {dag.py:3340} INFO - Setting next_dagrun for dataset_consumes_unknown_never_scheduled to None, run_after=None
[2024-12-03T16:18:54.879+0000] {logging_mixin.py:120} INFO - [2024-12-03T16:18:54.878+0000] {dag.py:3340} INFO - Setting next_dagrun for dataset_produces_1 to 2024-12-02T00:00:00+00:00, run_after=2024-12-03T00:00:00+00:00
[2024-12-03T16:18:54.883+0000] {logging_mixin.py:120} INFO - [2024-12-03T16:18:54.882+0000] {dag.py:3340} INFO - Setting next_dagrun for dataset_produces_2 to None, run_after=None
[2024-12-03T16:18:54.939+0000] {processor.py:176} INFO - Processing /home/airflow/.local/lib/python3.7/site-packages/airflow/example_dags/example_datasets.py took 0.292 seconds
[2024-12-03T16:19:25.825+0000] {processor.py:154} INFO - Started process (PID=3095) to work on /home/airflow/.local/lib/python3.7/site-packages/airflow/example_dags/example_datasets.py
[2024-12-03T16:19:25.828+0000] {processor.py:756} INFO - Processing file /home/airflow/.local/lib/python3.7/site-packages/airflow/example_dags/example_datasets.py for tasks to queue
[2024-12-03T16:19:25.830+0000] {logging_mixin.py:120} INFO - [2024-12-03T16:19:25.830+0000] {dagbag.py:537} INFO - Filling up the DagBag from /home/airflow/.local/lib/python3.7/site-packages/airflow/example_dags/example_datasets.py
[2024-12-03T16:19:25.871+0000] {processor.py:766} INFO - DAG(s) dict_keys(['dataset_produces_1', 'dataset_consumes_unknown_never_scheduled', 'dataset_consumes_1_never_scheduled', 'dataset_produces_2', 'dataset_consumes_1_and_2', 'dataset_consumes_1']) retrieved from /home/airflow/.local/lib/python3.7/site-packages/airflow/example_dags/example_datasets.py
[2024-12-03T16:19:25.999+0000] {logging_mixin.py:120} INFO - [2024-12-03T16:19:25.999+0000] {dag.py:2585} INFO - Sync 6 DAGs
[2024-12-03T16:19:26.053+0000] {logging_mixin.py:120} INFO - [2024-12-03T16:19:26.053+0000] {dag.py:3340} INFO - Setting next_dagrun for dataset_consumes_1 to None, run_after=None
[2024-12-03T16:19:26.059+0000] {logging_mixin.py:120} INFO - [2024-12-03T16:19:26.059+0000] {dag.py:3340} INFO - Setting next_dagrun for dataset_consumes_1_and_2 to None, run_after=None
[2024-12-03T16:19:26.064+0000] {logging_mixin.py:120} INFO - [2024-12-03T16:19:26.064+0000] {dag.py:3340} INFO - Setting next_dagrun for dataset_consumes_1_never_scheduled to None, run_after=None
[2024-12-03T16:19:26.067+0000] {logging_mixin.py:120} INFO - [2024-12-03T16:19:26.067+0000] {dag.py:3340} INFO - Setting next_dagrun for dataset_consumes_unknown_never_scheduled to None, run_after=None
[2024-12-03T16:19:26.075+0000] {logging_mixin.py:120} INFO - [2024-12-03T16:19:26.075+0000] {dag.py:3340} INFO - Setting next_dagrun for dataset_produces_1 to 2024-12-02T00:00:00+00:00, run_after=2024-12-03T00:00:00+00:00
[2024-12-03T16:19:26.081+0000] {logging_mixin.py:120} INFO - [2024-12-03T16:19:26.081+0000] {dag.py:3340} INFO - Setting next_dagrun for dataset_produces_2 to None, run_after=None
[2024-12-03T16:19:26.179+0000] {processor.py:176} INFO - Processing /home/airflow/.local/lib/python3.7/site-packages/airflow/example_dags/example_datasets.py took 0.359 seconds
[2024-12-03T16:19:56.649+0000] {processor.py:154} INFO - Started process (PID=3164) to work on /home/airflow/.local/lib/python3.7/site-packages/airflow/example_dags/example_datasets.py
[2024-12-03T16:19:56.651+0000] {processor.py:756} INFO - Processing file /home/airflow/.local/lib/python3.7/site-packages/airflow/example_dags/example_datasets.py for tasks to queue
[2024-12-03T16:19:56.653+0000] {logging_mixin.py:120} INFO - [2024-12-03T16:19:56.652+0000] {dagbag.py:537} INFO - Filling up the DagBag from /home/airflow/.local/lib/python3.7/site-packages/airflow/example_dags/example_datasets.py
[2024-12-03T16:19:56.687+0000] {processor.py:766} INFO - DAG(s) dict_keys(['dataset_produces_1', 'dataset_consumes_1_never_scheduled', 'dataset_consumes_unknown_never_scheduled', 'dataset_consumes_1', 'dataset_consumes_1_and_2', 'dataset_produces_2']) retrieved from /home/airflow/.local/lib/python3.7/site-packages/airflow/example_dags/example_datasets.py
[2024-12-03T16:19:56.855+0000] {logging_mixin.py:120} INFO - [2024-12-03T16:19:56.854+0000] {dag.py:2585} INFO - Sync 6 DAGs
[2024-12-03T16:19:56.904+0000] {logging_mixin.py:120} INFO - [2024-12-03T16:19:56.904+0000] {dag.py:3340} INFO - Setting next_dagrun for dataset_consumes_1 to None, run_after=None
[2024-12-03T16:19:56.911+0000] {logging_mixin.py:120} INFO - [2024-12-03T16:19:56.910+0000] {dag.py:3340} INFO - Setting next_dagrun for dataset_consumes_1_and_2 to None, run_after=None
[2024-12-03T16:19:56.913+0000] {logging_mixin.py:120} INFO - [2024-12-03T16:19:56.913+0000] {dag.py:3340} INFO - Setting next_dagrun for dataset_consumes_1_never_scheduled to None, run_after=None
[2024-12-03T16:19:56.917+0000] {logging_mixin.py:120} INFO - [2024-12-03T16:19:56.917+0000] {dag.py:3340} INFO - Setting next_dagrun for dataset_consumes_unknown_never_scheduled to None, run_after=None
[2024-12-03T16:19:56.924+0000] {logging_mixin.py:120} INFO - [2024-12-03T16:19:56.924+0000] {dag.py:3340} INFO - Setting next_dagrun for dataset_produces_1 to 2024-12-02T00:00:00+00:00, run_after=2024-12-03T00:00:00+00:00
[2024-12-03T16:19:56.931+0000] {logging_mixin.py:120} INFO - [2024-12-03T16:19:56.929+0000] {dag.py:3340} INFO - Setting next_dagrun for dataset_produces_2 to None, run_after=None
[2024-12-03T16:19:57.034+0000] {processor.py:176} INFO - Processing /home/airflow/.local/lib/python3.7/site-packages/airflow/example_dags/example_datasets.py took 0.394 seconds
[2024-12-03T16:20:27.374+0000] {processor.py:154} INFO - Started process (PID=3227) to work on /home/airflow/.local/lib/python3.7/site-packages/airflow/example_dags/example_datasets.py
[2024-12-03T16:20:27.376+0000] {processor.py:756} INFO - Processing file /home/airflow/.local/lib/python3.7/site-packages/airflow/example_dags/example_datasets.py for tasks to queue
[2024-12-03T16:20:27.378+0000] {logging_mixin.py:120} INFO - [2024-12-03T16:20:27.377+0000] {dagbag.py:537} INFO - Filling up the DagBag from /home/airflow/.local/lib/python3.7/site-packages/airflow/example_dags/example_datasets.py
[2024-12-03T16:20:27.401+0000] {processor.py:766} INFO - DAG(s) dict_keys(['dataset_consumes_1', 'dataset_consumes_1_never_scheduled', 'dataset_produces_2', 'dataset_consumes_unknown_never_scheduled', 'dataset_produces_1', 'dataset_consumes_1_and_2']) retrieved from /home/airflow/.local/lib/python3.7/site-packages/airflow/example_dags/example_datasets.py
[2024-12-03T16:20:27.511+0000] {logging_mixin.py:120} INFO - [2024-12-03T16:20:27.510+0000] {dag.py:2585} INFO - Sync 6 DAGs
[2024-12-03T16:20:27.564+0000] {logging_mixin.py:120} INFO - [2024-12-03T16:20:27.564+0000] {dag.py:3340} INFO - Setting next_dagrun for dataset_consumes_1 to None, run_after=None
[2024-12-03T16:20:27.572+0000] {logging_mixin.py:120} INFO - [2024-12-03T16:20:27.572+0000] {dag.py:3340} INFO - Setting next_dagrun for dataset_consumes_1_and_2 to None, run_after=None
[2024-12-03T16:20:27.576+0000] {logging_mixin.py:120} INFO - [2024-12-03T16:20:27.576+0000] {dag.py:3340} INFO - Setting next_dagrun for dataset_consumes_1_never_scheduled to None, run_after=None
[2024-12-03T16:20:27.579+0000] {logging_mixin.py:120} INFO - [2024-12-03T16:20:27.578+0000] {dag.py:3340} INFO - Setting next_dagrun for dataset_consumes_unknown_never_scheduled to None, run_after=None
[2024-12-03T16:20:27.583+0000] {logging_mixin.py:120} INFO - [2024-12-03T16:20:27.583+0000] {dag.py:3340} INFO - Setting next_dagrun for dataset_produces_1 to 2024-12-02T00:00:00+00:00, run_after=2024-12-03T00:00:00+00:00
[2024-12-03T16:20:27.588+0000] {logging_mixin.py:120} INFO - [2024-12-03T16:20:27.587+0000] {dag.py:3340} INFO - Setting next_dagrun for dataset_produces_2 to None, run_after=None
[2024-12-03T16:20:27.649+0000] {processor.py:176} INFO - Processing /home/airflow/.local/lib/python3.7/site-packages/airflow/example_dags/example_datasets.py took 0.279 seconds
[2024-12-03T16:20:58.129+0000] {processor.py:154} INFO - Started process (PID=3282) to work on /home/airflow/.local/lib/python3.7/site-packages/airflow/example_dags/example_datasets.py
[2024-12-03T16:20:58.131+0000] {processor.py:756} INFO - Processing file /home/airflow/.local/lib/python3.7/site-packages/airflow/example_dags/example_datasets.py for tasks to queue
[2024-12-03T16:20:58.133+0000] {logging_mixin.py:120} INFO - [2024-12-03T16:20:58.133+0000] {dagbag.py:537} INFO - Filling up the DagBag from /home/airflow/.local/lib/python3.7/site-packages/airflow/example_dags/example_datasets.py
[2024-12-03T16:20:58.155+0000] {processor.py:766} INFO - DAG(s) dict_keys(['dataset_consumes_1_and_2', 'dataset_consumes_1_never_scheduled', 'dataset_consumes_unknown_never_scheduled', 'dataset_produces_2', 'dataset_consumes_1', 'dataset_produces_1']) retrieved from /home/airflow/.local/lib/python3.7/site-packages/airflow/example_dags/example_datasets.py
[2024-12-03T16:20:58.231+0000] {logging_mixin.py:120} INFO - [2024-12-03T16:20:58.231+0000] {dag.py:2585} INFO - Sync 6 DAGs
[2024-12-03T16:20:58.265+0000] {logging_mixin.py:120} INFO - [2024-12-03T16:20:58.264+0000] {dag.py:3340} INFO - Setting next_dagrun for dataset_consumes_1 to None, run_after=None
[2024-12-03T16:20:58.271+0000] {logging_mixin.py:120} INFO - [2024-12-03T16:20:58.271+0000] {dag.py:3340} INFO - Setting next_dagrun for dataset_consumes_1_and_2 to None, run_after=None
[2024-12-03T16:20:58.274+0000] {logging_mixin.py:120} INFO - [2024-12-03T16:20:58.274+0000] {dag.py:3340} INFO - Setting next_dagrun for dataset_consumes_1_never_scheduled to None, run_after=None
[2024-12-03T16:20:58.277+0000] {logging_mixin.py:120} INFO - [2024-12-03T16:20:58.277+0000] {dag.py:3340} INFO - Setting next_dagrun for dataset_consumes_unknown_never_scheduled to None, run_after=None
[2024-12-03T16:20:58.281+0000] {logging_mixin.py:120} INFO - [2024-12-03T16:20:58.281+0000] {dag.py:3340} INFO - Setting next_dagrun for dataset_produces_1 to 2024-12-02T00:00:00+00:00, run_after=2024-12-03T00:00:00+00:00
[2024-12-03T16:20:58.284+0000] {logging_mixin.py:120} INFO - [2024-12-03T16:20:58.283+0000] {dag.py:3340} INFO - Setting next_dagrun for dataset_produces_2 to None, run_after=None
[2024-12-03T16:20:58.331+0000] {processor.py:176} INFO - Processing /home/airflow/.local/lib/python3.7/site-packages/airflow/example_dags/example_datasets.py took 0.208 seconds
[2024-12-03T16:21:28.520+0000] {processor.py:154} INFO - Started process (PID=3346) to work on /home/airflow/.local/lib/python3.7/site-packages/airflow/example_dags/example_datasets.py
[2024-12-03T16:21:28.521+0000] {processor.py:756} INFO - Processing file /home/airflow/.local/lib/python3.7/site-packages/airflow/example_dags/example_datasets.py for tasks to queue
[2024-12-03T16:21:28.522+0000] {logging_mixin.py:120} INFO - [2024-12-03T16:21:28.522+0000] {dagbag.py:537} INFO - Filling up the DagBag from /home/airflow/.local/lib/python3.7/site-packages/airflow/example_dags/example_datasets.py
[2024-12-03T16:21:28.555+0000] {processor.py:766} INFO - DAG(s) dict_keys(['dataset_consumes_1_never_scheduled', 'dataset_produces_1', 'dataset_consumes_unknown_never_scheduled', 'dataset_produces_2', 'dataset_consumes_1', 'dataset_consumes_1_and_2']) retrieved from /home/airflow/.local/lib/python3.7/site-packages/airflow/example_dags/example_datasets.py
[2024-12-03T16:21:28.686+0000] {logging_mixin.py:120} INFO - [2024-12-03T16:21:28.686+0000] {dag.py:2585} INFO - Sync 6 DAGs
[2024-12-03T16:21:28.750+0000] {logging_mixin.py:120} INFO - [2024-12-03T16:21:28.749+0000] {dag.py:3340} INFO - Setting next_dagrun for dataset_consumes_1 to None, run_after=None
[2024-12-03T16:21:28.759+0000] {logging_mixin.py:120} INFO - [2024-12-03T16:21:28.759+0000] {dag.py:3340} INFO - Setting next_dagrun for dataset_consumes_1_and_2 to None, run_after=None
[2024-12-03T16:21:28.764+0000] {logging_mixin.py:120} INFO - [2024-12-03T16:21:28.764+0000] {dag.py:3340} INFO - Setting next_dagrun for dataset_consumes_1_never_scheduled to None, run_after=None
[2024-12-03T16:21:28.768+0000] {logging_mixin.py:120} INFO - [2024-12-03T16:21:28.768+0000] {dag.py:3340} INFO - Setting next_dagrun for dataset_consumes_unknown_never_scheduled to None, run_after=None
[2024-12-03T16:21:28.773+0000] {logging_mixin.py:120} INFO - [2024-12-03T16:21:28.772+0000] {dag.py:3340} INFO - Setting next_dagrun for dataset_produces_1 to 2024-12-02T00:00:00+00:00, run_after=2024-12-03T00:00:00+00:00
[2024-12-03T16:21:28.775+0000] {logging_mixin.py:120} INFO - [2024-12-03T16:21:28.775+0000] {dag.py:3340} INFO - Setting next_dagrun for dataset_produces_2 to None, run_after=None
[2024-12-03T16:21:28.834+0000] {processor.py:176} INFO - Processing /home/airflow/.local/lib/python3.7/site-packages/airflow/example_dags/example_datasets.py took 0.320 seconds
[2024-12-03T16:21:59.177+0000] {processor.py:154} INFO - Started process (PID=3401) to work on /home/airflow/.local/lib/python3.7/site-packages/airflow/example_dags/example_datasets.py
[2024-12-03T16:21:59.179+0000] {processor.py:756} INFO - Processing file /home/airflow/.local/lib/python3.7/site-packages/airflow/example_dags/example_datasets.py for tasks to queue
[2024-12-03T16:21:59.183+0000] {logging_mixin.py:120} INFO - [2024-12-03T16:21:59.183+0000] {dagbag.py:537} INFO - Filling up the DagBag from /home/airflow/.local/lib/python3.7/site-packages/airflow/example_dags/example_datasets.py
[2024-12-03T16:21:59.205+0000] {processor.py:766} INFO - DAG(s) dict_keys(['dataset_consumes_1_never_scheduled', 'dataset_consumes_unknown_never_scheduled', 'dataset_produces_2', 'dataset_consumes_1', 'dataset_consumes_1_and_2', 'dataset_produces_1']) retrieved from /home/airflow/.local/lib/python3.7/site-packages/airflow/example_dags/example_datasets.py
[2024-12-03T16:21:59.289+0000] {logging_mixin.py:120} INFO - [2024-12-03T16:21:59.289+0000] {dag.py:2585} INFO - Sync 6 DAGs
[2024-12-03T16:21:59.326+0000] {logging_mixin.py:120} INFO - [2024-12-03T16:21:59.326+0000] {dag.py:3340} INFO - Setting next_dagrun for dataset_consumes_1 to None, run_after=None
[2024-12-03T16:21:59.332+0000] {logging_mixin.py:120} INFO - [2024-12-03T16:21:59.332+0000] {dag.py:3340} INFO - Setting next_dagrun for dataset_consumes_1_and_2 to None, run_after=None
[2024-12-03T16:21:59.335+0000] {logging_mixin.py:120} INFO - [2024-12-03T16:21:59.335+0000] {dag.py:3340} INFO - Setting next_dagrun for dataset_consumes_1_never_scheduled to None, run_after=None
[2024-12-03T16:21:59.337+0000] {logging_mixin.py:120} INFO - [2024-12-03T16:21:59.337+0000] {dag.py:3340} INFO - Setting next_dagrun for dataset_consumes_unknown_never_scheduled to None, run_after=None
[2024-12-03T16:21:59.343+0000] {logging_mixin.py:120} INFO - [2024-12-03T16:21:59.342+0000] {dag.py:3340} INFO - Setting next_dagrun for dataset_produces_1 to 2024-12-02T00:00:00+00:00, run_after=2024-12-03T00:00:00+00:00
[2024-12-03T16:21:59.347+0000] {logging_mixin.py:120} INFO - [2024-12-03T16:21:59.347+0000] {dag.py:3340} INFO - Setting next_dagrun for dataset_produces_2 to None, run_after=None
[2024-12-03T16:21:59.397+0000] {processor.py:176} INFO - Processing /home/airflow/.local/lib/python3.7/site-packages/airflow/example_dags/example_datasets.py took 0.226 seconds
[2024-12-03T16:22:29.448+0000] {processor.py:154} INFO - Started process (PID=3465) to work on /home/airflow/.local/lib/python3.7/site-packages/airflow/example_dags/example_datasets.py
[2024-12-03T16:22:29.450+0000] {processor.py:756} INFO - Processing file /home/airflow/.local/lib/python3.7/site-packages/airflow/example_dags/example_datasets.py for tasks to queue
[2024-12-03T16:22:29.451+0000] {logging_mixin.py:120} INFO - [2024-12-03T16:22:29.451+0000] {dagbag.py:537} INFO - Filling up the DagBag from /home/airflow/.local/lib/python3.7/site-packages/airflow/example_dags/example_datasets.py
[2024-12-03T16:22:29.470+0000] {processor.py:766} INFO - DAG(s) dict_keys(['dataset_consumes_1_never_scheduled', 'dataset_produces_1', 'dataset_consumes_1_and_2', 'dataset_consumes_unknown_never_scheduled', 'dataset_consumes_1', 'dataset_produces_2']) retrieved from /home/airflow/.local/lib/python3.7/site-packages/airflow/example_dags/example_datasets.py
[2024-12-03T16:22:29.551+0000] {logging_mixin.py:120} INFO - [2024-12-03T16:22:29.550+0000] {dag.py:2585} INFO - Sync 6 DAGs
[2024-12-03T16:22:29.583+0000] {logging_mixin.py:120} INFO - [2024-12-03T16:22:29.583+0000] {dag.py:3340} INFO - Setting next_dagrun for dataset_consumes_1 to None, run_after=None
[2024-12-03T16:22:29.589+0000] {logging_mixin.py:120} INFO - [2024-12-03T16:22:29.589+0000] {dag.py:3340} INFO - Setting next_dagrun for dataset_consumes_1_and_2 to None, run_after=None
[2024-12-03T16:22:29.591+0000] {logging_mixin.py:120} INFO - [2024-12-03T16:22:29.591+0000] {dag.py:3340} INFO - Setting next_dagrun for dataset_consumes_1_never_scheduled to None, run_after=None
[2024-12-03T16:22:29.594+0000] {logging_mixin.py:120} INFO - [2024-12-03T16:22:29.594+0000] {dag.py:3340} INFO - Setting next_dagrun for dataset_consumes_unknown_never_scheduled to None, run_after=None
[2024-12-03T16:22:29.598+0000] {logging_mixin.py:120} INFO - [2024-12-03T16:22:29.597+0000] {dag.py:3340} INFO - Setting next_dagrun for dataset_produces_1 to 2024-12-02T00:00:00+00:00, run_after=2024-12-03T00:00:00+00:00
[2024-12-03T16:22:29.601+0000] {logging_mixin.py:120} INFO - [2024-12-03T16:22:29.601+0000] {dag.py:3340} INFO - Setting next_dagrun for dataset_produces_2 to None, run_after=None
[2024-12-03T16:22:29.655+0000] {processor.py:176} INFO - Processing /home/airflow/.local/lib/python3.7/site-packages/airflow/example_dags/example_datasets.py took 0.210 seconds
[2024-12-03T16:22:59.769+0000] {processor.py:154} INFO - Started process (PID=3520) to work on /home/airflow/.local/lib/python3.7/site-packages/airflow/example_dags/example_datasets.py
[2024-12-03T16:22:59.770+0000] {processor.py:756} INFO - Processing file /home/airflow/.local/lib/python3.7/site-packages/airflow/example_dags/example_datasets.py for tasks to queue
[2024-12-03T16:22:59.772+0000] {logging_mixin.py:120} INFO - [2024-12-03T16:22:59.772+0000] {dagbag.py:537} INFO - Filling up the DagBag from /home/airflow/.local/lib/python3.7/site-packages/airflow/example_dags/example_datasets.py
[2024-12-03T16:22:59.791+0000] {processor.py:766} INFO - DAG(s) dict_keys(['dataset_consumes_1_never_scheduled', 'dataset_consumes_unknown_never_scheduled', 'dataset_produces_2', 'dataset_consumes_1', 'dataset_consumes_1_and_2', 'dataset_produces_1']) retrieved from /home/airflow/.local/lib/python3.7/site-packages/airflow/example_dags/example_datasets.py
[2024-12-03T16:22:59.866+0000] {logging_mixin.py:120} INFO - [2024-12-03T16:22:59.866+0000] {dag.py:2585} INFO - Sync 6 DAGs
[2024-12-03T16:22:59.902+0000] {logging_mixin.py:120} INFO - [2024-12-03T16:22:59.902+0000] {dag.py:3340} INFO - Setting next_dagrun for dataset_consumes_1 to None, run_after=None
[2024-12-03T16:22:59.908+0000] {logging_mixin.py:120} INFO - [2024-12-03T16:22:59.907+0000] {dag.py:3340} INFO - Setting next_dagrun for dataset_consumes_1_and_2 to None, run_after=None
[2024-12-03T16:22:59.910+0000] {logging_mixin.py:120} INFO - [2024-12-03T16:22:59.910+0000] {dag.py:3340} INFO - Setting next_dagrun for dataset_consumes_1_never_scheduled to None, run_after=None
[2024-12-03T16:22:59.913+0000] {logging_mixin.py:120} INFO - [2024-12-03T16:22:59.913+0000] {dag.py:3340} INFO - Setting next_dagrun for dataset_consumes_unknown_never_scheduled to None, run_after=None
[2024-12-03T16:22:59.917+0000] {logging_mixin.py:120} INFO - [2024-12-03T16:22:59.917+0000] {dag.py:3340} INFO - Setting next_dagrun for dataset_produces_1 to 2024-12-02T00:00:00+00:00, run_after=2024-12-03T00:00:00+00:00
[2024-12-03T16:22:59.920+0000] {logging_mixin.py:120} INFO - [2024-12-03T16:22:59.920+0000] {dag.py:3340} INFO - Setting next_dagrun for dataset_produces_2 to None, run_after=None
[2024-12-03T16:22:59.969+0000] {processor.py:176} INFO - Processing /home/airflow/.local/lib/python3.7/site-packages/airflow/example_dags/example_datasets.py took 0.203 seconds
[2024-12-03T16:23:30.625+0000] {processor.py:154} INFO - Started process (PID=3584) to work on /home/airflow/.local/lib/python3.7/site-packages/airflow/example_dags/example_datasets.py
[2024-12-03T16:23:30.627+0000] {processor.py:756} INFO - Processing file /home/airflow/.local/lib/python3.7/site-packages/airflow/example_dags/example_datasets.py for tasks to queue
[2024-12-03T16:23:30.629+0000] {logging_mixin.py:120} INFO - [2024-12-03T16:23:30.629+0000] {dagbag.py:537} INFO - Filling up the DagBag from /home/airflow/.local/lib/python3.7/site-packages/airflow/example_dags/example_datasets.py
[2024-12-03T16:23:30.657+0000] {processor.py:766} INFO - DAG(s) dict_keys(['dataset_produces_1', 'dataset_consumes_1', 'dataset_produces_2', 'dataset_consumes_1_and_2', 'dataset_consumes_unknown_never_scheduled', 'dataset_consumes_1_never_scheduled']) retrieved from /home/airflow/.local/lib/python3.7/site-packages/airflow/example_dags/example_datasets.py
[2024-12-03T16:23:30.763+0000] {logging_mixin.py:120} INFO - [2024-12-03T16:23:30.763+0000] {dag.py:2585} INFO - Sync 6 DAGs
[2024-12-03T16:23:30.805+0000] {logging_mixin.py:120} INFO - [2024-12-03T16:23:30.805+0000] {dag.py:3340} INFO - Setting next_dagrun for dataset_consumes_1 to None, run_after=None
[2024-12-03T16:23:30.812+0000] {logging_mixin.py:120} INFO - [2024-12-03T16:23:30.811+0000] {dag.py:3340} INFO - Setting next_dagrun for dataset_consumes_1_and_2 to None, run_after=None
[2024-12-03T16:23:30.814+0000] {logging_mixin.py:120} INFO - [2024-12-03T16:23:30.814+0000] {dag.py:3340} INFO - Setting next_dagrun for dataset_consumes_1_never_scheduled to None, run_after=None
[2024-12-03T16:23:30.817+0000] {logging_mixin.py:120} INFO - [2024-12-03T16:23:30.817+0000] {dag.py:3340} INFO - Setting next_dagrun for dataset_consumes_unknown_never_scheduled to None, run_after=None
[2024-12-03T16:23:30.824+0000] {logging_mixin.py:120} INFO - [2024-12-03T16:23:30.824+0000] {dag.py:3340} INFO - Setting next_dagrun for dataset_produces_1 to 2024-12-02T00:00:00+00:00, run_after=2024-12-03T00:00:00+00:00
[2024-12-03T16:23:30.827+0000] {logging_mixin.py:120} INFO - [2024-12-03T16:23:30.827+0000] {dag.py:3340} INFO - Setting next_dagrun for dataset_produces_2 to None, run_after=None
[2024-12-03T16:23:30.905+0000] {processor.py:176} INFO - Processing /home/airflow/.local/lib/python3.7/site-packages/airflow/example_dags/example_datasets.py took 0.287 seconds
[2024-12-03T16:24:00.984+0000] {processor.py:154} INFO - Started process (PID=3646) to work on /home/airflow/.local/lib/python3.7/site-packages/airflow/example_dags/example_datasets.py
[2024-12-03T16:24:00.986+0000] {processor.py:756} INFO - Processing file /home/airflow/.local/lib/python3.7/site-packages/airflow/example_dags/example_datasets.py for tasks to queue
[2024-12-03T16:24:00.988+0000] {logging_mixin.py:120} INFO - [2024-12-03T16:24:00.988+0000] {dagbag.py:537} INFO - Filling up the DagBag from /home/airflow/.local/lib/python3.7/site-packages/airflow/example_dags/example_datasets.py
[2024-12-03T16:24:01.022+0000] {processor.py:766} INFO - DAG(s) dict_keys(['dataset_consumes_1', 'dataset_produces_2', 'dataset_consumes_1_and_2', 'dataset_produces_1', 'dataset_consumes_unknown_never_scheduled', 'dataset_consumes_1_never_scheduled']) retrieved from /home/airflow/.local/lib/python3.7/site-packages/airflow/example_dags/example_datasets.py
[2024-12-03T16:24:01.129+0000] {logging_mixin.py:120} INFO - [2024-12-03T16:24:01.129+0000] {dag.py:2585} INFO - Sync 6 DAGs
[2024-12-03T16:24:01.170+0000] {logging_mixin.py:120} INFO - [2024-12-03T16:24:01.170+0000] {dag.py:3340} INFO - Setting next_dagrun for dataset_consumes_1 to None, run_after=None
[2024-12-03T16:24:01.181+0000] {logging_mixin.py:120} INFO - [2024-12-03T16:24:01.181+0000] {dag.py:3340} INFO - Setting next_dagrun for dataset_consumes_1_and_2 to None, run_after=None
[2024-12-03T16:24:01.186+0000] {logging_mixin.py:120} INFO - [2024-12-03T16:24:01.186+0000] {dag.py:3340} INFO - Setting next_dagrun for dataset_consumes_1_never_scheduled to None, run_after=None
[2024-12-03T16:24:01.190+0000] {logging_mixin.py:120} INFO - [2024-12-03T16:24:01.190+0000] {dag.py:3340} INFO - Setting next_dagrun for dataset_consumes_unknown_never_scheduled to None, run_after=None
[2024-12-03T16:24:01.194+0000] {logging_mixin.py:120} INFO - [2024-12-03T16:24:01.194+0000] {dag.py:3340} INFO - Setting next_dagrun for dataset_produces_1 to 2024-12-02T00:00:00+00:00, run_after=2024-12-03T00:00:00+00:00
[2024-12-03T16:24:01.197+0000] {logging_mixin.py:120} INFO - [2024-12-03T16:24:01.197+0000] {dag.py:3340} INFO - Setting next_dagrun for dataset_produces_2 to None, run_after=None
[2024-12-03T16:24:01.264+0000] {processor.py:176} INFO - Processing /home/airflow/.local/lib/python3.7/site-packages/airflow/example_dags/example_datasets.py took 0.284 seconds
[2024-12-03T16:24:31.396+0000] {processor.py:154} INFO - Started process (PID=3707) to work on /home/airflow/.local/lib/python3.7/site-packages/airflow/example_dags/example_datasets.py
[2024-12-03T16:24:31.397+0000] {processor.py:756} INFO - Processing file /home/airflow/.local/lib/python3.7/site-packages/airflow/example_dags/example_datasets.py for tasks to queue
[2024-12-03T16:24:31.399+0000] {logging_mixin.py:120} INFO - [2024-12-03T16:24:31.398+0000] {dagbag.py:537} INFO - Filling up the DagBag from /home/airflow/.local/lib/python3.7/site-packages/airflow/example_dags/example_datasets.py
[2024-12-03T16:24:31.424+0000] {processor.py:766} INFO - DAG(s) dict_keys(['dataset_consumes_1_and_2', 'dataset_produces_1', 'dataset_produces_2', 'dataset_consumes_1', 'dataset_consumes_1_never_scheduled', 'dataset_consumes_unknown_never_scheduled']) retrieved from /home/airflow/.local/lib/python3.7/site-packages/airflow/example_dags/example_datasets.py
[2024-12-03T16:24:31.513+0000] {logging_mixin.py:120} INFO - [2024-12-03T16:24:31.513+0000] {dag.py:2585} INFO - Sync 6 DAGs
[2024-12-03T16:24:31.551+0000] {logging_mixin.py:120} INFO - [2024-12-03T16:24:31.551+0000] {dag.py:3340} INFO - Setting next_dagrun for dataset_consumes_1 to None, run_after=None
[2024-12-03T16:24:31.558+0000] {logging_mixin.py:120} INFO - [2024-12-03T16:24:31.558+0000] {dag.py:3340} INFO - Setting next_dagrun for dataset_consumes_1_and_2 to None, run_after=None
[2024-12-03T16:24:31.562+0000] {logging_mixin.py:120} INFO - [2024-12-03T16:24:31.562+0000] {dag.py:3340} INFO - Setting next_dagrun for dataset_consumes_1_never_scheduled to None, run_after=None
[2024-12-03T16:24:31.565+0000] {logging_mixin.py:120} INFO - [2024-12-03T16:24:31.564+0000] {dag.py:3340} INFO - Setting next_dagrun for dataset_consumes_unknown_never_scheduled to None, run_after=None
[2024-12-03T16:24:31.569+0000] {logging_mixin.py:120} INFO - [2024-12-03T16:24:31.569+0000] {dag.py:3340} INFO - Setting next_dagrun for dataset_produces_1 to 2024-12-02T00:00:00+00:00, run_after=2024-12-03T00:00:00+00:00
[2024-12-03T16:24:31.572+0000] {logging_mixin.py:120} INFO - [2024-12-03T16:24:31.572+0000] {dag.py:3340} INFO - Setting next_dagrun for dataset_produces_2 to None, run_after=None
[2024-12-03T16:24:31.632+0000] {processor.py:176} INFO - Processing /home/airflow/.local/lib/python3.7/site-packages/airflow/example_dags/example_datasets.py took 0.239 seconds
[2024-12-03T16:25:02.448+0000] {processor.py:154} INFO - Started process (PID=3771) to work on /home/airflow/.local/lib/python3.7/site-packages/airflow/example_dags/example_datasets.py
[2024-12-03T16:25:02.449+0000] {processor.py:756} INFO - Processing file /home/airflow/.local/lib/python3.7/site-packages/airflow/example_dags/example_datasets.py for tasks to queue
[2024-12-03T16:25:02.451+0000] {logging_mixin.py:120} INFO - [2024-12-03T16:25:02.451+0000] {dagbag.py:537} INFO - Filling up the DagBag from /home/airflow/.local/lib/python3.7/site-packages/airflow/example_dags/example_datasets.py
[2024-12-03T16:25:02.472+0000] {processor.py:766} INFO - DAG(s) dict_keys(['dataset_consumes_1_and_2', 'dataset_produces_2', 'dataset_consumes_unknown_never_scheduled', 'dataset_consumes_1', 'dataset_consumes_1_never_scheduled', 'dataset_produces_1']) retrieved from /home/airflow/.local/lib/python3.7/site-packages/airflow/example_dags/example_datasets.py
[2024-12-03T16:25:02.557+0000] {logging_mixin.py:120} INFO - [2024-12-03T16:25:02.556+0000] {dag.py:2585} INFO - Sync 6 DAGs
[2024-12-03T16:25:02.591+0000] {logging_mixin.py:120} INFO - [2024-12-03T16:25:02.591+0000] {dag.py:3340} INFO - Setting next_dagrun for dataset_consumes_1 to None, run_after=None
[2024-12-03T16:25:02.597+0000] {logging_mixin.py:120} INFO - [2024-12-03T16:25:02.596+0000] {dag.py:3340} INFO - Setting next_dagrun for dataset_consumes_1_and_2 to None, run_after=None
[2024-12-03T16:25:02.601+0000] {logging_mixin.py:120} INFO - [2024-12-03T16:25:02.600+0000] {dag.py:3340} INFO - Setting next_dagrun for dataset_consumes_1_never_scheduled to None, run_after=None
[2024-12-03T16:25:02.604+0000] {logging_mixin.py:120} INFO - [2024-12-03T16:25:02.604+0000] {dag.py:3340} INFO - Setting next_dagrun for dataset_consumes_unknown_never_scheduled to None, run_after=None
[2024-12-03T16:25:02.609+0000] {logging_mixin.py:120} INFO - [2024-12-03T16:25:02.609+0000] {dag.py:3340} INFO - Setting next_dagrun for dataset_produces_1 to 2024-12-02T00:00:00+00:00, run_after=2024-12-03T00:00:00+00:00
[2024-12-03T16:25:02.612+0000] {logging_mixin.py:120} INFO - [2024-12-03T16:25:02.612+0000] {dag.py:3340} INFO - Setting next_dagrun for dataset_produces_2 to None, run_after=None
[2024-12-03T16:25:02.663+0000] {processor.py:176} INFO - Processing /home/airflow/.local/lib/python3.7/site-packages/airflow/example_dags/example_datasets.py took 0.219 seconds
[2024-12-03T16:25:33.521+0000] {processor.py:154} INFO - Started process (PID=3847) to work on /home/airflow/.local/lib/python3.7/site-packages/airflow/example_dags/example_datasets.py
[2024-12-03T16:25:33.522+0000] {processor.py:756} INFO - Processing file /home/airflow/.local/lib/python3.7/site-packages/airflow/example_dags/example_datasets.py for tasks to queue
[2024-12-03T16:25:33.524+0000] {logging_mixin.py:120} INFO - [2024-12-03T16:25:33.523+0000] {dagbag.py:537} INFO - Filling up the DagBag from /home/airflow/.local/lib/python3.7/site-packages/airflow/example_dags/example_datasets.py
[2024-12-03T16:25:33.551+0000] {processor.py:766} INFO - DAG(s) dict_keys(['dataset_consumes_unknown_never_scheduled', 'dataset_produces_2', 'dataset_produces_1', 'dataset_consumes_1', 'dataset_consumes_1_and_2', 'dataset_consumes_1_never_scheduled']) retrieved from /home/airflow/.local/lib/python3.7/site-packages/airflow/example_dags/example_datasets.py
[2024-12-03T16:25:33.639+0000] {logging_mixin.py:120} INFO - [2024-12-03T16:25:33.639+0000] {dag.py:2585} INFO - Sync 6 DAGs
[2024-12-03T16:25:33.684+0000] {logging_mixin.py:120} INFO - [2024-12-03T16:25:33.683+0000] {dag.py:3340} INFO - Setting next_dagrun for dataset_consumes_1 to None, run_after=None
[2024-12-03T16:25:33.689+0000] {logging_mixin.py:120} INFO - [2024-12-03T16:25:33.689+0000] {dag.py:3340} INFO - Setting next_dagrun for dataset_consumes_1_and_2 to None, run_after=None
[2024-12-03T16:25:33.692+0000] {logging_mixin.py:120} INFO - [2024-12-03T16:25:33.692+0000] {dag.py:3340} INFO - Setting next_dagrun for dataset_consumes_1_never_scheduled to None, run_after=None
[2024-12-03T16:25:33.695+0000] {logging_mixin.py:120} INFO - [2024-12-03T16:25:33.695+0000] {dag.py:3340} INFO - Setting next_dagrun for dataset_consumes_unknown_never_scheduled to None, run_after=None
[2024-12-03T16:25:33.701+0000] {logging_mixin.py:120} INFO - [2024-12-03T16:25:33.701+0000] {dag.py:3340} INFO - Setting next_dagrun for dataset_produces_1 to 2024-12-02T00:00:00+00:00, run_after=2024-12-03T00:00:00+00:00
[2024-12-03T16:25:33.705+0000] {logging_mixin.py:120} INFO - [2024-12-03T16:25:33.704+0000] {dag.py:3340} INFO - Setting next_dagrun for dataset_produces_2 to None, run_after=None
[2024-12-03T16:25:33.769+0000] {processor.py:176} INFO - Processing /home/airflow/.local/lib/python3.7/site-packages/airflow/example_dags/example_datasets.py took 0.254 seconds
[2024-12-03T16:26:03.954+0000] {processor.py:154} INFO - Started process (PID=3903) to work on /home/airflow/.local/lib/python3.7/site-packages/airflow/example_dags/example_datasets.py
[2024-12-03T16:26:03.958+0000] {processor.py:756} INFO - Processing file /home/airflow/.local/lib/python3.7/site-packages/airflow/example_dags/example_datasets.py for tasks to queue
[2024-12-03T16:26:03.960+0000] {logging_mixin.py:120} INFO - [2024-12-03T16:26:03.959+0000] {dagbag.py:537} INFO - Filling up the DagBag from /home/airflow/.local/lib/python3.7/site-packages/airflow/example_dags/example_datasets.py
[2024-12-03T16:26:04.005+0000] {processor.py:766} INFO - DAG(s) dict_keys(['dataset_consumes_1_and_2', 'dataset_produces_2', 'dataset_consumes_1', 'dataset_consumes_unknown_never_scheduled', 'dataset_produces_1', 'dataset_consumes_1_never_scheduled']) retrieved from /home/airflow/.local/lib/python3.7/site-packages/airflow/example_dags/example_datasets.py
[2024-12-03T16:26:04.171+0000] {logging_mixin.py:120} INFO - [2024-12-03T16:26:04.170+0000] {dag.py:2585} INFO - Sync 6 DAGs
[2024-12-03T16:26:04.244+0000] {logging_mixin.py:120} INFO - [2024-12-03T16:26:04.244+0000] {dag.py:3340} INFO - Setting next_dagrun for dataset_consumes_1 to None, run_after=None
[2024-12-03T16:26:04.253+0000] {logging_mixin.py:120} INFO - [2024-12-03T16:26:04.252+0000] {dag.py:3340} INFO - Setting next_dagrun for dataset_consumes_1_and_2 to None, run_after=None
[2024-12-03T16:26:04.262+0000] {logging_mixin.py:120} INFO - [2024-12-03T16:26:04.261+0000] {dag.py:3340} INFO - Setting next_dagrun for dataset_consumes_1_never_scheduled to None, run_after=None
[2024-12-03T16:26:04.265+0000] {logging_mixin.py:120} INFO - [2024-12-03T16:26:04.265+0000] {dag.py:3340} INFO - Setting next_dagrun for dataset_consumes_unknown_never_scheduled to None, run_after=None
[2024-12-03T16:26:04.272+0000] {logging_mixin.py:120} INFO - [2024-12-03T16:26:04.272+0000] {dag.py:3340} INFO - Setting next_dagrun for dataset_produces_1 to 2024-12-02T00:00:00+00:00, run_after=2024-12-03T00:00:00+00:00
[2024-12-03T16:26:04.277+0000] {logging_mixin.py:120} INFO - [2024-12-03T16:26:04.277+0000] {dag.py:3340} INFO - Setting next_dagrun for dataset_produces_2 to None, run_after=None
[2024-12-03T16:26:04.336+0000] {processor.py:176} INFO - Processing /home/airflow/.local/lib/python3.7/site-packages/airflow/example_dags/example_datasets.py took 0.389 seconds
[2024-12-03T16:26:34.440+0000] {processor.py:154} INFO - Started process (PID=3967) to work on /home/airflow/.local/lib/python3.7/site-packages/airflow/example_dags/example_datasets.py
[2024-12-03T16:26:34.442+0000] {processor.py:756} INFO - Processing file /home/airflow/.local/lib/python3.7/site-packages/airflow/example_dags/example_datasets.py for tasks to queue
[2024-12-03T16:26:34.443+0000] {logging_mixin.py:120} INFO - [2024-12-03T16:26:34.443+0000] {dagbag.py:537} INFO - Filling up the DagBag from /home/airflow/.local/lib/python3.7/site-packages/airflow/example_dags/example_datasets.py
[2024-12-03T16:26:34.460+0000] {processor.py:766} INFO - DAG(s) dict_keys(['dataset_consumes_1', 'dataset_consumes_unknown_never_scheduled', 'dataset_produces_1', 'dataset_consumes_1_never_scheduled', 'dataset_produces_2', 'dataset_consumes_1_and_2']) retrieved from /home/airflow/.local/lib/python3.7/site-packages/airflow/example_dags/example_datasets.py
[2024-12-03T16:26:34.540+0000] {logging_mixin.py:120} INFO - [2024-12-03T16:26:34.539+0000] {dag.py:2585} INFO - Sync 6 DAGs
[2024-12-03T16:26:34.571+0000] {logging_mixin.py:120} INFO - [2024-12-03T16:26:34.571+0000] {dag.py:3340} INFO - Setting next_dagrun for dataset_consumes_1 to None, run_after=None
[2024-12-03T16:26:34.576+0000] {logging_mixin.py:120} INFO - [2024-12-03T16:26:34.576+0000] {dag.py:3340} INFO - Setting next_dagrun for dataset_consumes_1_and_2 to None, run_after=None
[2024-12-03T16:26:34.579+0000] {logging_mixin.py:120} INFO - [2024-12-03T16:26:34.579+0000] {dag.py:3340} INFO - Setting next_dagrun for dataset_consumes_1_never_scheduled to None, run_after=None
[2024-12-03T16:26:34.582+0000] {logging_mixin.py:120} INFO - [2024-12-03T16:26:34.582+0000] {dag.py:3340} INFO - Setting next_dagrun for dataset_consumes_unknown_never_scheduled to None, run_after=None
[2024-12-03T16:26:34.586+0000] {logging_mixin.py:120} INFO - [2024-12-03T16:26:34.586+0000] {dag.py:3340} INFO - Setting next_dagrun for dataset_produces_1 to 2024-12-02T00:00:00+00:00, run_after=2024-12-03T00:00:00+00:00
[2024-12-03T16:26:34.589+0000] {logging_mixin.py:120} INFO - [2024-12-03T16:26:34.588+0000] {dag.py:3340} INFO - Setting next_dagrun for dataset_produces_2 to None, run_after=None
[2024-12-03T16:26:34.639+0000] {processor.py:176} INFO - Processing /home/airflow/.local/lib/python3.7/site-packages/airflow/example_dags/example_datasets.py took 0.202 seconds
[2024-12-03T16:27:05.168+0000] {processor.py:154} INFO - Started process (PID=4031) to work on /home/airflow/.local/lib/python3.7/site-packages/airflow/example_dags/example_datasets.py
[2024-12-03T16:27:05.170+0000] {processor.py:756} INFO - Processing file /home/airflow/.local/lib/python3.7/site-packages/airflow/example_dags/example_datasets.py for tasks to queue
[2024-12-03T16:27:05.172+0000] {logging_mixin.py:120} INFO - [2024-12-03T16:27:05.172+0000] {dagbag.py:537} INFO - Filling up the DagBag from /home/airflow/.local/lib/python3.7/site-packages/airflow/example_dags/example_datasets.py
[2024-12-03T16:27:05.201+0000] {processor.py:766} INFO - DAG(s) dict_keys(['dataset_consumes_1', 'dataset_consumes_1_and_2', 'dataset_consumes_unknown_never_scheduled', 'dataset_produces_2', 'dataset_consumes_1_never_scheduled', 'dataset_produces_1']) retrieved from /home/airflow/.local/lib/python3.7/site-packages/airflow/example_dags/example_datasets.py
[2024-12-03T16:27:05.333+0000] {logging_mixin.py:120} INFO - [2024-12-03T16:27:05.332+0000] {dag.py:2585} INFO - Sync 6 DAGs
[2024-12-03T16:27:05.406+0000] {logging_mixin.py:120} INFO - [2024-12-03T16:27:05.406+0000] {dag.py:3340} INFO - Setting next_dagrun for dataset_consumes_1 to None, run_after=None
[2024-12-03T16:27:05.418+0000] {logging_mixin.py:120} INFO - [2024-12-03T16:27:05.418+0000] {dag.py:3340} INFO - Setting next_dagrun for dataset_consumes_1_and_2 to None, run_after=None
[2024-12-03T16:27:05.424+0000] {logging_mixin.py:120} INFO - [2024-12-03T16:27:05.423+0000] {dag.py:3340} INFO - Setting next_dagrun for dataset_consumes_1_never_scheduled to None, run_after=None
[2024-12-03T16:27:05.429+0000] {logging_mixin.py:120} INFO - [2024-12-03T16:27:05.429+0000] {dag.py:3340} INFO - Setting next_dagrun for dataset_consumes_unknown_never_scheduled to None, run_after=None
[2024-12-03T16:27:05.436+0000] {logging_mixin.py:120} INFO - [2024-12-03T16:27:05.435+0000] {dag.py:3340} INFO - Setting next_dagrun for dataset_produces_1 to 2024-12-02T00:00:00+00:00, run_after=2024-12-03T00:00:00+00:00
[2024-12-03T16:27:05.439+0000] {logging_mixin.py:120} INFO - [2024-12-03T16:27:05.438+0000] {dag.py:3340} INFO - Setting next_dagrun for dataset_produces_2 to None, run_after=None
[2024-12-03T16:27:05.505+0000] {processor.py:176} INFO - Processing /home/airflow/.local/lib/python3.7/site-packages/airflow/example_dags/example_datasets.py took 0.340 seconds
[2024-12-03T16:27:35.732+0000] {processor.py:154} INFO - Started process (PID=4087) to work on /home/airflow/.local/lib/python3.7/site-packages/airflow/example_dags/example_datasets.py
[2024-12-03T16:27:35.733+0000] {processor.py:756} INFO - Processing file /home/airflow/.local/lib/python3.7/site-packages/airflow/example_dags/example_datasets.py for tasks to queue
[2024-12-03T16:27:35.735+0000] {logging_mixin.py:120} INFO - [2024-12-03T16:27:35.735+0000] {dagbag.py:537} INFO - Filling up the DagBag from /home/airflow/.local/lib/python3.7/site-packages/airflow/example_dags/example_datasets.py
[2024-12-03T16:27:35.753+0000] {processor.py:766} INFO - DAG(s) dict_keys(['dataset_consumes_1_never_scheduled', 'dataset_produces_1', 'dataset_consumes_unknown_never_scheduled', 'dataset_produces_2', 'dataset_consumes_1_and_2', 'dataset_consumes_1']) retrieved from /home/airflow/.local/lib/python3.7/site-packages/airflow/example_dags/example_datasets.py
[2024-12-03T16:27:35.828+0000] {logging_mixin.py:120} INFO - [2024-12-03T16:27:35.828+0000] {dag.py:2585} INFO - Sync 6 DAGs
[2024-12-03T16:27:35.866+0000] {logging_mixin.py:120} INFO - [2024-12-03T16:27:35.866+0000] {dag.py:3340} INFO - Setting next_dagrun for dataset_consumes_1 to None, run_after=None
[2024-12-03T16:27:35.871+0000] {logging_mixin.py:120} INFO - [2024-12-03T16:27:35.871+0000] {dag.py:3340} INFO - Setting next_dagrun for dataset_consumes_1_and_2 to None, run_after=None
[2024-12-03T16:27:35.875+0000] {logging_mixin.py:120} INFO - [2024-12-03T16:27:35.875+0000] {dag.py:3340} INFO - Setting next_dagrun for dataset_consumes_1_never_scheduled to None, run_after=None
[2024-12-03T16:27:35.878+0000] {logging_mixin.py:120} INFO - [2024-12-03T16:27:35.878+0000] {dag.py:3340} INFO - Setting next_dagrun for dataset_consumes_unknown_never_scheduled to None, run_after=None
[2024-12-03T16:27:35.883+0000] {logging_mixin.py:120} INFO - [2024-12-03T16:27:35.883+0000] {dag.py:3340} INFO - Setting next_dagrun for dataset_produces_1 to 2024-12-02T00:00:00+00:00, run_after=2024-12-03T00:00:00+00:00
[2024-12-03T16:27:35.887+0000] {logging_mixin.py:120} INFO - [2024-12-03T16:27:35.887+0000] {dag.py:3340} INFO - Setting next_dagrun for dataset_produces_2 to None, run_after=None
[2024-12-03T16:27:35.937+0000] {processor.py:176} INFO - Processing /home/airflow/.local/lib/python3.7/site-packages/airflow/example_dags/example_datasets.py took 0.209 seconds
[2024-12-03T16:28:05.997+0000] {processor.py:154} INFO - Started process (PID=4150) to work on /home/airflow/.local/lib/python3.7/site-packages/airflow/example_dags/example_datasets.py
[2024-12-03T16:28:05.998+0000] {processor.py:756} INFO - Processing file /home/airflow/.local/lib/python3.7/site-packages/airflow/example_dags/example_datasets.py for tasks to queue
[2024-12-03T16:28:06.000+0000] {logging_mixin.py:120} INFO - [2024-12-03T16:28:05.999+0000] {dagbag.py:537} INFO - Filling up the DagBag from /home/airflow/.local/lib/python3.7/site-packages/airflow/example_dags/example_datasets.py
[2024-12-03T16:28:06.027+0000] {processor.py:766} INFO - DAG(s) dict_keys(['dataset_produces_1', 'dataset_consumes_1_never_scheduled', 'dataset_produces_2', 'dataset_consumes_1', 'dataset_consumes_1_and_2', 'dataset_consumes_unknown_never_scheduled']) retrieved from /home/airflow/.local/lib/python3.7/site-packages/airflow/example_dags/example_datasets.py
[2024-12-03T16:28:06.146+0000] {logging_mixin.py:120} INFO - [2024-12-03T16:28:06.145+0000] {dag.py:2585} INFO - Sync 6 DAGs
[2024-12-03T16:28:06.192+0000] {logging_mixin.py:120} INFO - [2024-12-03T16:28:06.192+0000] {dag.py:3340} INFO - Setting next_dagrun for dataset_consumes_1 to None, run_after=None
[2024-12-03T16:28:06.200+0000] {logging_mixin.py:120} INFO - [2024-12-03T16:28:06.200+0000] {dag.py:3340} INFO - Setting next_dagrun for dataset_consumes_1_and_2 to None, run_after=None
[2024-12-03T16:28:06.204+0000] {logging_mixin.py:120} INFO - [2024-12-03T16:28:06.204+0000] {dag.py:3340} INFO - Setting next_dagrun for dataset_consumes_1_never_scheduled to None, run_after=None
[2024-12-03T16:28:06.207+0000] {logging_mixin.py:120} INFO - [2024-12-03T16:28:06.207+0000] {dag.py:3340} INFO - Setting next_dagrun for dataset_consumes_unknown_never_scheduled to None, run_after=None
[2024-12-03T16:28:06.216+0000] {logging_mixin.py:120} INFO - [2024-12-03T16:28:06.215+0000] {dag.py:3340} INFO - Setting next_dagrun for dataset_produces_1 to 2024-12-02T00:00:00+00:00, run_after=2024-12-03T00:00:00+00:00
[2024-12-03T16:28:06.221+0000] {logging_mixin.py:120} INFO - [2024-12-03T16:28:06.221+0000] {dag.py:3340} INFO - Setting next_dagrun for dataset_produces_2 to None, run_after=None
[2024-12-03T16:28:06.296+0000] {processor.py:176} INFO - Processing /home/airflow/.local/lib/python3.7/site-packages/airflow/example_dags/example_datasets.py took 0.303 seconds
[2024-12-03T16:28:36.631+0000] {processor.py:154} INFO - Started process (PID=4205) to work on /home/airflow/.local/lib/python3.7/site-packages/airflow/example_dags/example_datasets.py
[2024-12-03T16:28:36.634+0000] {processor.py:756} INFO - Processing file /home/airflow/.local/lib/python3.7/site-packages/airflow/example_dags/example_datasets.py for tasks to queue
[2024-12-03T16:28:36.635+0000] {logging_mixin.py:120} INFO - [2024-12-03T16:28:36.635+0000] {dagbag.py:537} INFO - Filling up the DagBag from /home/airflow/.local/lib/python3.7/site-packages/airflow/example_dags/example_datasets.py
[2024-12-03T16:28:36.656+0000] {processor.py:766} INFO - DAG(s) dict_keys(['dataset_produces_1', 'dataset_consumes_unknown_never_scheduled', 'dataset_produces_2', 'dataset_consumes_1', 'dataset_consumes_1_and_2', 'dataset_consumes_1_never_scheduled']) retrieved from /home/airflow/.local/lib/python3.7/site-packages/airflow/example_dags/example_datasets.py
[2024-12-03T16:28:36.761+0000] {logging_mixin.py:120} INFO - [2024-12-03T16:28:36.760+0000] {dag.py:2585} INFO - Sync 6 DAGs
[2024-12-03T16:28:36.803+0000] {logging_mixin.py:120} INFO - [2024-12-03T16:28:36.803+0000] {dag.py:3340} INFO - Setting next_dagrun for dataset_consumes_1 to None, run_after=None
[2024-12-03T16:28:36.811+0000] {logging_mixin.py:120} INFO - [2024-12-03T16:28:36.810+0000] {dag.py:3340} INFO - Setting next_dagrun for dataset_consumes_1_and_2 to None, run_after=None
[2024-12-03T16:28:36.814+0000] {logging_mixin.py:120} INFO - [2024-12-03T16:28:36.814+0000] {dag.py:3340} INFO - Setting next_dagrun for dataset_consumes_1_never_scheduled to None, run_after=None
[2024-12-03T16:28:36.817+0000] {logging_mixin.py:120} INFO - [2024-12-03T16:28:36.816+0000] {dag.py:3340} INFO - Setting next_dagrun for dataset_consumes_unknown_never_scheduled to None, run_after=None
[2024-12-03T16:28:36.821+0000] {logging_mixin.py:120} INFO - [2024-12-03T16:28:36.821+0000] {dag.py:3340} INFO - Setting next_dagrun for dataset_produces_1 to 2024-12-02T00:00:00+00:00, run_after=2024-12-03T00:00:00+00:00
[2024-12-03T16:28:36.825+0000] {logging_mixin.py:120} INFO - [2024-12-03T16:28:36.825+0000] {dag.py:3340} INFO - Setting next_dagrun for dataset_produces_2 to None, run_after=None
[2024-12-03T16:28:36.897+0000] {processor.py:176} INFO - Processing /home/airflow/.local/lib/python3.7/site-packages/airflow/example_dags/example_datasets.py took 0.271 seconds
[2024-12-03T16:29:07.403+0000] {processor.py:154} INFO - Started process (PID=4275) to work on /home/airflow/.local/lib/python3.7/site-packages/airflow/example_dags/example_datasets.py
[2024-12-03T16:29:07.406+0000] {processor.py:756} INFO - Processing file /home/airflow/.local/lib/python3.7/site-packages/airflow/example_dags/example_datasets.py for tasks to queue
[2024-12-03T16:29:07.408+0000] {logging_mixin.py:120} INFO - [2024-12-03T16:29:07.407+0000] {dagbag.py:537} INFO - Filling up the DagBag from /home/airflow/.local/lib/python3.7/site-packages/airflow/example_dags/example_datasets.py
[2024-12-03T16:29:07.454+0000] {processor.py:766} INFO - DAG(s) dict_keys(['dataset_consumes_unknown_never_scheduled', 'dataset_produces_2', 'dataset_consumes_1_and_2', 'dataset_consumes_1', 'dataset_consumes_1_never_scheduled', 'dataset_produces_1']) retrieved from /home/airflow/.local/lib/python3.7/site-packages/airflow/example_dags/example_datasets.py
[2024-12-03T16:29:07.630+0000] {logging_mixin.py:120} INFO - [2024-12-03T16:29:07.630+0000] {dag.py:2585} INFO - Sync 6 DAGs
[2024-12-03T16:29:07.696+0000] {logging_mixin.py:120} INFO - [2024-12-03T16:29:07.696+0000] {dag.py:3340} INFO - Setting next_dagrun for dataset_consumes_1 to None, run_after=None
[2024-12-03T16:29:07.705+0000] {logging_mixin.py:120} INFO - [2024-12-03T16:29:07.705+0000] {dag.py:3340} INFO - Setting next_dagrun for dataset_consumes_1_and_2 to None, run_after=None
[2024-12-03T16:29:07.710+0000] {logging_mixin.py:120} INFO - [2024-12-03T16:29:07.710+0000] {dag.py:3340} INFO - Setting next_dagrun for dataset_consumes_1_never_scheduled to None, run_after=None
[2024-12-03T16:29:07.716+0000] {logging_mixin.py:120} INFO - [2024-12-03T16:29:07.716+0000] {dag.py:3340} INFO - Setting next_dagrun for dataset_consumes_unknown_never_scheduled to None, run_after=None
[2024-12-03T16:29:07.728+0000] {logging_mixin.py:120} INFO - [2024-12-03T16:29:07.727+0000] {dag.py:3340} INFO - Setting next_dagrun for dataset_produces_1 to 2024-12-02T00:00:00+00:00, run_after=2024-12-03T00:00:00+00:00
[2024-12-03T16:29:07.733+0000] {logging_mixin.py:120} INFO - [2024-12-03T16:29:07.732+0000] {dag.py:3340} INFO - Setting next_dagrun for dataset_produces_2 to None, run_after=None
[2024-12-03T16:29:07.824+0000] {processor.py:176} INFO - Processing /home/airflow/.local/lib/python3.7/site-packages/airflow/example_dags/example_datasets.py took 0.433 seconds
[2024-12-03T16:29:38.341+0000] {processor.py:154} INFO - Started process (PID=4335) to work on /home/airflow/.local/lib/python3.7/site-packages/airflow/example_dags/example_datasets.py
[2024-12-03T16:29:38.343+0000] {processor.py:756} INFO - Processing file /home/airflow/.local/lib/python3.7/site-packages/airflow/example_dags/example_datasets.py for tasks to queue
[2024-12-03T16:29:38.345+0000] {logging_mixin.py:120} INFO - [2024-12-03T16:29:38.344+0000] {dagbag.py:537} INFO - Filling up the DagBag from /home/airflow/.local/lib/python3.7/site-packages/airflow/example_dags/example_datasets.py
[2024-12-03T16:29:38.372+0000] {processor.py:766} INFO - DAG(s) dict_keys(['dataset_consumes_1_and_2', 'dataset_consumes_unknown_never_scheduled', 'dataset_consumes_1_never_scheduled', 'dataset_produces_2', 'dataset_produces_1', 'dataset_consumes_1']) retrieved from /home/airflow/.local/lib/python3.7/site-packages/airflow/example_dags/example_datasets.py
[2024-12-03T16:29:38.466+0000] {logging_mixin.py:120} INFO - [2024-12-03T16:29:38.465+0000] {dag.py:2585} INFO - Sync 6 DAGs
[2024-12-03T16:29:38.507+0000] {logging_mixin.py:120} INFO - [2024-12-03T16:29:38.506+0000] {dag.py:3340} INFO - Setting next_dagrun for dataset_consumes_1 to None, run_after=None
[2024-12-03T16:29:38.512+0000] {logging_mixin.py:120} INFO - [2024-12-03T16:29:38.512+0000] {dag.py:3340} INFO - Setting next_dagrun for dataset_consumes_1_and_2 to None, run_after=None
[2024-12-03T16:29:38.515+0000] {logging_mixin.py:120} INFO - [2024-12-03T16:29:38.515+0000] {dag.py:3340} INFO - Setting next_dagrun for dataset_consumes_1_never_scheduled to None, run_after=None
[2024-12-03T16:29:38.519+0000] {logging_mixin.py:120} INFO - [2024-12-03T16:29:38.518+0000] {dag.py:3340} INFO - Setting next_dagrun for dataset_consumes_unknown_never_scheduled to None, run_after=None
[2024-12-03T16:29:38.525+0000] {logging_mixin.py:120} INFO - [2024-12-03T16:29:38.525+0000] {dag.py:3340} INFO - Setting next_dagrun for dataset_produces_1 to 2024-12-02T00:00:00+00:00, run_after=2024-12-03T00:00:00+00:00
[2024-12-03T16:29:38.529+0000] {logging_mixin.py:120} INFO - [2024-12-03T16:29:38.529+0000] {dag.py:3340} INFO - Setting next_dagrun for dataset_produces_2 to None, run_after=None
[2024-12-03T16:29:38.587+0000] {processor.py:176} INFO - Processing /home/airflow/.local/lib/python3.7/site-packages/airflow/example_dags/example_datasets.py took 0.250 seconds
[2024-12-03T16:30:08.734+0000] {processor.py:154} INFO - Started process (PID=4398) to work on /home/airflow/.local/lib/python3.7/site-packages/airflow/example_dags/example_datasets.py
[2024-12-03T16:30:08.736+0000] {processor.py:756} INFO - Processing file /home/airflow/.local/lib/python3.7/site-packages/airflow/example_dags/example_datasets.py for tasks to queue
[2024-12-03T16:30:08.738+0000] {logging_mixin.py:120} INFO - [2024-12-03T16:30:08.738+0000] {dagbag.py:537} INFO - Filling up the DagBag from /home/airflow/.local/lib/python3.7/site-packages/airflow/example_dags/example_datasets.py
[2024-12-03T16:30:08.763+0000] {processor.py:766} INFO - DAG(s) dict_keys(['dataset_produces_1', 'dataset_consumes_1_and_2', 'dataset_produces_2', 'dataset_consumes_unknown_never_scheduled', 'dataset_consumes_1_never_scheduled', 'dataset_consumes_1']) retrieved from /home/airflow/.local/lib/python3.7/site-packages/airflow/example_dags/example_datasets.py
[2024-12-03T16:30:08.922+0000] {logging_mixin.py:120} INFO - [2024-12-03T16:30:08.921+0000] {dag.py:2585} INFO - Sync 6 DAGs
[2024-12-03T16:30:08.994+0000] {logging_mixin.py:120} INFO - [2024-12-03T16:30:08.994+0000] {dag.py:3340} INFO - Setting next_dagrun for dataset_consumes_1 to None, run_after=None
[2024-12-03T16:30:09.012+0000] {logging_mixin.py:120} INFO - [2024-12-03T16:30:09.011+0000] {dag.py:3340} INFO - Setting next_dagrun for dataset_consumes_1_and_2 to None, run_after=None
[2024-12-03T16:30:09.019+0000] {logging_mixin.py:120} INFO - [2024-12-03T16:30:09.019+0000] {dag.py:3340} INFO - Setting next_dagrun for dataset_consumes_1_never_scheduled to None, run_after=None
[2024-12-03T16:30:09.026+0000] {logging_mixin.py:120} INFO - [2024-12-03T16:30:09.026+0000] {dag.py:3340} INFO - Setting next_dagrun for dataset_consumes_unknown_never_scheduled to None, run_after=None
[2024-12-03T16:30:09.034+0000] {logging_mixin.py:120} INFO - [2024-12-03T16:30:09.033+0000] {dag.py:3340} INFO - Setting next_dagrun for dataset_produces_1 to 2024-12-02T00:00:00+00:00, run_after=2024-12-03T00:00:00+00:00
[2024-12-03T16:30:09.039+0000] {logging_mixin.py:120} INFO - [2024-12-03T16:30:09.039+0000] {dag.py:3340} INFO - Setting next_dagrun for dataset_produces_2 to None, run_after=None
[2024-12-03T16:30:09.129+0000] {processor.py:176} INFO - Processing /home/airflow/.local/lib/python3.7/site-packages/airflow/example_dags/example_datasets.py took 0.398 seconds
[2024-12-03T16:30:39.838+0000] {processor.py:154} INFO - Started process (PID=4476) to work on /home/airflow/.local/lib/python3.7/site-packages/airflow/example_dags/example_datasets.py
[2024-12-03T16:30:39.840+0000] {processor.py:756} INFO - Processing file /home/airflow/.local/lib/python3.7/site-packages/airflow/example_dags/example_datasets.py for tasks to queue
[2024-12-03T16:30:39.842+0000] {logging_mixin.py:120} INFO - [2024-12-03T16:30:39.842+0000] {dagbag.py:537} INFO - Filling up the DagBag from /home/airflow/.local/lib/python3.7/site-packages/airflow/example_dags/example_datasets.py
[2024-12-03T16:30:39.866+0000] {processor.py:766} INFO - DAG(s) dict_keys(['dataset_produces_2', 'dataset_produces_1', 'dataset_consumes_1_and_2', 'dataset_consumes_1', 'dataset_consumes_1_never_scheduled', 'dataset_consumes_unknown_never_scheduled']) retrieved from /home/airflow/.local/lib/python3.7/site-packages/airflow/example_dags/example_datasets.py
[2024-12-03T16:30:39.946+0000] {logging_mixin.py:120} INFO - [2024-12-03T16:30:39.946+0000] {dag.py:2585} INFO - Sync 6 DAGs
[2024-12-03T16:30:39.980+0000] {logging_mixin.py:120} INFO - [2024-12-03T16:30:39.980+0000] {dag.py:3340} INFO - Setting next_dagrun for dataset_consumes_1 to None, run_after=None
[2024-12-03T16:30:39.986+0000] {logging_mixin.py:120} INFO - [2024-12-03T16:30:39.985+0000] {dag.py:3340} INFO - Setting next_dagrun for dataset_consumes_1_and_2 to None, run_after=None
[2024-12-03T16:30:39.988+0000] {logging_mixin.py:120} INFO - [2024-12-03T16:30:39.988+0000] {dag.py:3340} INFO - Setting next_dagrun for dataset_consumes_1_never_scheduled to None, run_after=None
[2024-12-03T16:30:39.991+0000] {logging_mixin.py:120} INFO - [2024-12-03T16:30:39.991+0000] {dag.py:3340} INFO - Setting next_dagrun for dataset_consumes_unknown_never_scheduled to None, run_after=None
[2024-12-03T16:30:39.995+0000] {logging_mixin.py:120} INFO - [2024-12-03T16:30:39.995+0000] {dag.py:3340} INFO - Setting next_dagrun for dataset_produces_1 to 2024-12-02T00:00:00+00:00, run_after=2024-12-03T00:00:00+00:00
[2024-12-03T16:30:39.998+0000] {logging_mixin.py:120} INFO - [2024-12-03T16:30:39.998+0000] {dag.py:3340} INFO - Setting next_dagrun for dataset_produces_2 to None, run_after=None
[2024-12-03T16:30:40.054+0000] {processor.py:176} INFO - Processing /home/airflow/.local/lib/python3.7/site-packages/airflow/example_dags/example_datasets.py took 0.220 seconds
[2024-12-03T16:31:10.424+0000] {processor.py:154} INFO - Started process (PID=4540) to work on /home/airflow/.local/lib/python3.7/site-packages/airflow/example_dags/example_datasets.py
[2024-12-03T16:31:10.426+0000] {processor.py:756} INFO - Processing file /home/airflow/.local/lib/python3.7/site-packages/airflow/example_dags/example_datasets.py for tasks to queue
[2024-12-03T16:31:10.428+0000] {logging_mixin.py:120} INFO - [2024-12-03T16:31:10.428+0000] {dagbag.py:537} INFO - Filling up the DagBag from /home/airflow/.local/lib/python3.7/site-packages/airflow/example_dags/example_datasets.py
[2024-12-03T16:31:10.471+0000] {processor.py:766} INFO - DAG(s) dict_keys(['dataset_consumes_1_and_2', 'dataset_consumes_1', 'dataset_produces_1', 'dataset_consumes_unknown_never_scheduled', 'dataset_produces_2', 'dataset_consumes_1_never_scheduled']) retrieved from /home/airflow/.local/lib/python3.7/site-packages/airflow/example_dags/example_datasets.py
[2024-12-03T16:31:10.600+0000] {logging_mixin.py:120} INFO - [2024-12-03T16:31:10.600+0000] {dag.py:2585} INFO - Sync 6 DAGs
[2024-12-03T16:31:10.662+0000] {logging_mixin.py:120} INFO - [2024-12-03T16:31:10.662+0000] {dag.py:3340} INFO - Setting next_dagrun for dataset_consumes_1 to None, run_after=None
[2024-12-03T16:31:10.667+0000] {logging_mixin.py:120} INFO - [2024-12-03T16:31:10.667+0000] {dag.py:3340} INFO - Setting next_dagrun for dataset_consumes_1_and_2 to None, run_after=None
[2024-12-03T16:31:10.671+0000] {logging_mixin.py:120} INFO - [2024-12-03T16:31:10.670+0000] {dag.py:3340} INFO - Setting next_dagrun for dataset_consumes_1_never_scheduled to None, run_after=None
[2024-12-03T16:31:10.674+0000] {logging_mixin.py:120} INFO - [2024-12-03T16:31:10.673+0000] {dag.py:3340} INFO - Setting next_dagrun for dataset_consumes_unknown_never_scheduled to None, run_after=None
[2024-12-03T16:31:10.678+0000] {logging_mixin.py:120} INFO - [2024-12-03T16:31:10.678+0000] {dag.py:3340} INFO - Setting next_dagrun for dataset_produces_1 to 2024-12-02T00:00:00+00:00, run_after=2024-12-03T00:00:00+00:00
[2024-12-03T16:31:10.682+0000] {logging_mixin.py:120} INFO - [2024-12-03T16:31:10.681+0000] {dag.py:3340} INFO - Setting next_dagrun for dataset_produces_2 to None, run_after=None
[2024-12-03T16:31:10.745+0000] {processor.py:176} INFO - Processing /home/airflow/.local/lib/python3.7/site-packages/airflow/example_dags/example_datasets.py took 0.327 seconds
[2024-12-03T16:31:40.803+0000] {processor.py:154} INFO - Started process (PID=4595) to work on /home/airflow/.local/lib/python3.7/site-packages/airflow/example_dags/example_datasets.py
[2024-12-03T16:31:40.805+0000] {processor.py:756} INFO - Processing file /home/airflow/.local/lib/python3.7/site-packages/airflow/example_dags/example_datasets.py for tasks to queue
[2024-12-03T16:31:40.807+0000] {logging_mixin.py:120} INFO - [2024-12-03T16:31:40.806+0000] {dagbag.py:537} INFO - Filling up the DagBag from /home/airflow/.local/lib/python3.7/site-packages/airflow/example_dags/example_datasets.py
[2024-12-03T16:31:40.823+0000] {processor.py:766} INFO - DAG(s) dict_keys(['dataset_consumes_1_and_2', 'dataset_consumes_1_never_scheduled', 'dataset_produces_1', 'dataset_produces_2', 'dataset_consumes_1', 'dataset_consumes_unknown_never_scheduled']) retrieved from /home/airflow/.local/lib/python3.7/site-packages/airflow/example_dags/example_datasets.py
[2024-12-03T16:31:40.900+0000] {logging_mixin.py:120} INFO - [2024-12-03T16:31:40.899+0000] {dag.py:2585} INFO - Sync 6 DAGs
[2024-12-03T16:31:40.931+0000] {logging_mixin.py:120} INFO - [2024-12-03T16:31:40.931+0000] {dag.py:3340} INFO - Setting next_dagrun for dataset_consumes_1 to None, run_after=None
[2024-12-03T16:31:40.937+0000] {logging_mixin.py:120} INFO - [2024-12-03T16:31:40.937+0000] {dag.py:3340} INFO - Setting next_dagrun for dataset_consumes_1_and_2 to None, run_after=None
[2024-12-03T16:31:40.941+0000] {logging_mixin.py:120} INFO - [2024-12-03T16:31:40.940+0000] {dag.py:3340} INFO - Setting next_dagrun for dataset_consumes_1_never_scheduled to None, run_after=None
[2024-12-03T16:31:40.943+0000] {logging_mixin.py:120} INFO - [2024-12-03T16:31:40.943+0000] {dag.py:3340} INFO - Setting next_dagrun for dataset_consumes_unknown_never_scheduled to None, run_after=None
[2024-12-03T16:31:40.948+0000] {logging_mixin.py:120} INFO - [2024-12-03T16:31:40.947+0000] {dag.py:3340} INFO - Setting next_dagrun for dataset_produces_1 to 2024-12-02T00:00:00+00:00, run_after=2024-12-03T00:00:00+00:00
[2024-12-03T16:31:40.950+0000] {logging_mixin.py:120} INFO - [2024-12-03T16:31:40.950+0000] {dag.py:3340} INFO - Setting next_dagrun for dataset_produces_2 to None, run_after=None
[2024-12-03T16:31:40.998+0000] {processor.py:176} INFO - Processing /home/airflow/.local/lib/python3.7/site-packages/airflow/example_dags/example_datasets.py took 0.199 seconds
[2024-12-03T16:32:11.162+0000] {processor.py:154} INFO - Started process (PID=4651) to work on /home/airflow/.local/lib/python3.7/site-packages/airflow/example_dags/example_datasets.py
[2024-12-03T16:32:11.164+0000] {processor.py:756} INFO - Processing file /home/airflow/.local/lib/python3.7/site-packages/airflow/example_dags/example_datasets.py for tasks to queue
[2024-12-03T16:32:11.164+0000] {logging_mixin.py:120} INFO - [2024-12-03T16:32:11.164+0000] {dagbag.py:537} INFO - Filling up the DagBag from /home/airflow/.local/lib/python3.7/site-packages/airflow/example_dags/example_datasets.py
[2024-12-03T16:32:11.184+0000] {processor.py:766} INFO - DAG(s) dict_keys(['dataset_consumes_unknown_never_scheduled', 'dataset_produces_2', 'dataset_consumes_1_never_scheduled', 'dataset_consumes_1_and_2', 'dataset_consumes_1', 'dataset_produces_1']) retrieved from /home/airflow/.local/lib/python3.7/site-packages/airflow/example_dags/example_datasets.py
[2024-12-03T16:32:11.261+0000] {logging_mixin.py:120} INFO - [2024-12-03T16:32:11.261+0000] {dag.py:2585} INFO - Sync 6 DAGs
[2024-12-03T16:32:11.293+0000] {logging_mixin.py:120} INFO - [2024-12-03T16:32:11.293+0000] {dag.py:3340} INFO - Setting next_dagrun for dataset_consumes_1 to None, run_after=None
[2024-12-03T16:32:11.298+0000] {logging_mixin.py:120} INFO - [2024-12-03T16:32:11.298+0000] {dag.py:3340} INFO - Setting next_dagrun for dataset_consumes_1_and_2 to None, run_after=None
[2024-12-03T16:32:11.301+0000] {logging_mixin.py:120} INFO - [2024-12-03T16:32:11.300+0000] {dag.py:3340} INFO - Setting next_dagrun for dataset_consumes_1_never_scheduled to None, run_after=None
[2024-12-03T16:32:11.304+0000] {logging_mixin.py:120} INFO - [2024-12-03T16:32:11.304+0000] {dag.py:3340} INFO - Setting next_dagrun for dataset_consumes_unknown_never_scheduled to None, run_after=None
[2024-12-03T16:32:11.308+0000] {logging_mixin.py:120} INFO - [2024-12-03T16:32:11.308+0000] {dag.py:3340} INFO - Setting next_dagrun for dataset_produces_1 to 2024-12-02T00:00:00+00:00, run_after=2024-12-03T00:00:00+00:00
[2024-12-03T16:32:11.311+0000] {logging_mixin.py:120} INFO - [2024-12-03T16:32:11.311+0000] {dag.py:3340} INFO - Setting next_dagrun for dataset_produces_2 to None, run_after=None
[2024-12-03T16:32:11.362+0000] {processor.py:176} INFO - Processing /home/airflow/.local/lib/python3.7/site-packages/airflow/example_dags/example_datasets.py took 0.203 seconds
[2024-12-03T16:32:41.843+0000] {processor.py:154} INFO - Started process (PID=4715) to work on /home/airflow/.local/lib/python3.7/site-packages/airflow/example_dags/example_datasets.py
[2024-12-03T16:32:41.845+0000] {processor.py:756} INFO - Processing file /home/airflow/.local/lib/python3.7/site-packages/airflow/example_dags/example_datasets.py for tasks to queue
[2024-12-03T16:32:41.847+0000] {logging_mixin.py:120} INFO - [2024-12-03T16:32:41.846+0000] {dagbag.py:537} INFO - Filling up the DagBag from /home/airflow/.local/lib/python3.7/site-packages/airflow/example_dags/example_datasets.py
[2024-12-03T16:32:41.874+0000] {processor.py:766} INFO - DAG(s) dict_keys(['dataset_consumes_1_never_scheduled', 'dataset_consumes_1', 'dataset_consumes_1_and_2', 'dataset_consumes_unknown_never_scheduled', 'dataset_produces_2', 'dataset_produces_1']) retrieved from /home/airflow/.local/lib/python3.7/site-packages/airflow/example_dags/example_datasets.py
[2024-12-03T16:32:41.971+0000] {logging_mixin.py:120} INFO - [2024-12-03T16:32:41.970+0000] {dag.py:2585} INFO - Sync 6 DAGs
[2024-12-03T16:32:42.007+0000] {logging_mixin.py:120} INFO - [2024-12-03T16:32:42.006+0000] {dag.py:3340} INFO - Setting next_dagrun for dataset_consumes_1 to None, run_after=None
[2024-12-03T16:32:42.015+0000] {logging_mixin.py:120} INFO - [2024-12-03T16:32:42.015+0000] {dag.py:3340} INFO - Setting next_dagrun for dataset_consumes_1_and_2 to None, run_after=None
[2024-12-03T16:32:42.019+0000] {logging_mixin.py:120} INFO - [2024-12-03T16:32:42.019+0000] {dag.py:3340} INFO - Setting next_dagrun for dataset_consumes_1_never_scheduled to None, run_after=None
[2024-12-03T16:32:42.024+0000] {logging_mixin.py:120} INFO - [2024-12-03T16:32:42.023+0000] {dag.py:3340} INFO - Setting next_dagrun for dataset_consumes_unknown_never_scheduled to None, run_after=None
[2024-12-03T16:32:42.030+0000] {logging_mixin.py:120} INFO - [2024-12-03T16:32:42.030+0000] {dag.py:3340} INFO - Setting next_dagrun for dataset_produces_1 to 2024-12-02T00:00:00+00:00, run_after=2024-12-03T00:00:00+00:00
[2024-12-03T16:32:42.034+0000] {logging_mixin.py:120} INFO - [2024-12-03T16:32:42.034+0000] {dag.py:3340} INFO - Setting next_dagrun for dataset_produces_2 to None, run_after=None
[2024-12-03T16:32:42.093+0000] {processor.py:176} INFO - Processing /home/airflow/.local/lib/python3.7/site-packages/airflow/example_dags/example_datasets.py took 0.253 seconds
[2024-12-03T16:33:12.505+0000] {processor.py:154} INFO - Started process (PID=4779) to work on /home/airflow/.local/lib/python3.7/site-packages/airflow/example_dags/example_datasets.py
[2024-12-03T16:33:12.506+0000] {processor.py:756} INFO - Processing file /home/airflow/.local/lib/python3.7/site-packages/airflow/example_dags/example_datasets.py for tasks to queue
[2024-12-03T16:33:12.509+0000] {logging_mixin.py:120} INFO - [2024-12-03T16:33:12.508+0000] {dagbag.py:537} INFO - Filling up the DagBag from /home/airflow/.local/lib/python3.7/site-packages/airflow/example_dags/example_datasets.py
[2024-12-03T16:33:12.540+0000] {processor.py:766} INFO - DAG(s) dict_keys(['dataset_consumes_1', 'dataset_produces_2', 'dataset_consumes_1_never_scheduled', 'dataset_produces_1', 'dataset_consumes_unknown_never_scheduled', 'dataset_consumes_1_and_2']) retrieved from /home/airflow/.local/lib/python3.7/site-packages/airflow/example_dags/example_datasets.py
[2024-12-03T16:33:12.706+0000] {logging_mixin.py:120} INFO - [2024-12-03T16:33:12.706+0000] {dag.py:2585} INFO - Sync 6 DAGs
[2024-12-03T16:33:12.764+0000] {logging_mixin.py:120} INFO - [2024-12-03T16:33:12.763+0000] {dag.py:3340} INFO - Setting next_dagrun for dataset_consumes_1 to None, run_after=None
[2024-12-03T16:33:12.775+0000] {logging_mixin.py:120} INFO - [2024-12-03T16:33:12.775+0000] {dag.py:3340} INFO - Setting next_dagrun for dataset_consumes_1_and_2 to None, run_after=None
[2024-12-03T16:33:12.780+0000] {logging_mixin.py:120} INFO - [2024-12-03T16:33:12.780+0000] {dag.py:3340} INFO - Setting next_dagrun for dataset_consumes_1_never_scheduled to None, run_after=None
[2024-12-03T16:33:12.784+0000] {logging_mixin.py:120} INFO - [2024-12-03T16:33:12.784+0000] {dag.py:3340} INFO - Setting next_dagrun for dataset_consumes_unknown_never_scheduled to None, run_after=None
[2024-12-03T16:33:12.793+0000] {logging_mixin.py:120} INFO - [2024-12-03T16:33:12.793+0000] {dag.py:3340} INFO - Setting next_dagrun for dataset_produces_1 to 2024-12-02T00:00:00+00:00, run_after=2024-12-03T00:00:00+00:00
[2024-12-03T16:33:12.798+0000] {logging_mixin.py:120} INFO - [2024-12-03T16:33:12.798+0000] {dag.py:3340} INFO - Setting next_dagrun for dataset_produces_2 to None, run_after=None
[2024-12-03T16:33:12.887+0000] {processor.py:176} INFO - Processing /home/airflow/.local/lib/python3.7/site-packages/airflow/example_dags/example_datasets.py took 0.387 seconds
[2024-12-03T16:33:43.438+0000] {processor.py:154} INFO - Started process (PID=4834) to work on /home/airflow/.local/lib/python3.7/site-packages/airflow/example_dags/example_datasets.py
[2024-12-03T16:33:43.441+0000] {processor.py:756} INFO - Processing file /home/airflow/.local/lib/python3.7/site-packages/airflow/example_dags/example_datasets.py for tasks to queue
[2024-12-03T16:33:43.444+0000] {logging_mixin.py:120} INFO - [2024-12-03T16:33:43.443+0000] {dagbag.py:537} INFO - Filling up the DagBag from /home/airflow/.local/lib/python3.7/site-packages/airflow/example_dags/example_datasets.py
[2024-12-03T16:33:43.475+0000] {processor.py:766} INFO - DAG(s) dict_keys(['dataset_consumes_1_never_scheduled', 'dataset_produces_1', 'dataset_consumes_unknown_never_scheduled', 'dataset_produces_2', 'dataset_consumes_1', 'dataset_consumes_1_and_2']) retrieved from /home/airflow/.local/lib/python3.7/site-packages/airflow/example_dags/example_datasets.py
[2024-12-03T16:33:43.599+0000] {logging_mixin.py:120} INFO - [2024-12-03T16:33:43.599+0000] {dag.py:2585} INFO - Sync 6 DAGs
[2024-12-03T16:33:43.651+0000] {logging_mixin.py:120} INFO - [2024-12-03T16:33:43.650+0000] {dag.py:3340} INFO - Setting next_dagrun for dataset_consumes_1 to None, run_after=None
[2024-12-03T16:33:43.659+0000] {logging_mixin.py:120} INFO - [2024-12-03T16:33:43.659+0000] {dag.py:3340} INFO - Setting next_dagrun for dataset_consumes_1_and_2 to None, run_after=None
[2024-12-03T16:33:43.662+0000] {logging_mixin.py:120} INFO - [2024-12-03T16:33:43.662+0000] {dag.py:3340} INFO - Setting next_dagrun for dataset_consumes_1_never_scheduled to None, run_after=None
[2024-12-03T16:33:43.665+0000] {logging_mixin.py:120} INFO - [2024-12-03T16:33:43.665+0000] {dag.py:3340} INFO - Setting next_dagrun for dataset_consumes_unknown_never_scheduled to None, run_after=None
[2024-12-03T16:33:43.675+0000] {logging_mixin.py:120} INFO - [2024-12-03T16:33:43.674+0000] {dag.py:3340} INFO - Setting next_dagrun for dataset_produces_1 to 2024-12-02T00:00:00+00:00, run_after=2024-12-03T00:00:00+00:00
[2024-12-03T16:33:43.679+0000] {logging_mixin.py:120} INFO - [2024-12-03T16:33:43.679+0000] {dag.py:3340} INFO - Setting next_dagrun for dataset_produces_2 to None, run_after=None
[2024-12-03T16:33:43.764+0000] {processor.py:176} INFO - Processing /home/airflow/.local/lib/python3.7/site-packages/airflow/example_dags/example_datasets.py took 0.332 seconds
[2024-12-03T16:34:14.234+0000] {processor.py:154} INFO - Started process (PID=4898) to work on /home/airflow/.local/lib/python3.7/site-packages/airflow/example_dags/example_datasets.py
[2024-12-03T16:34:14.239+0000] {processor.py:756} INFO - Processing file /home/airflow/.local/lib/python3.7/site-packages/airflow/example_dags/example_datasets.py for tasks to queue
[2024-12-03T16:34:14.242+0000] {logging_mixin.py:120} INFO - [2024-12-03T16:34:14.241+0000] {dagbag.py:537} INFO - Filling up the DagBag from /home/airflow/.local/lib/python3.7/site-packages/airflow/example_dags/example_datasets.py
[2024-12-03T16:34:14.285+0000] {processor.py:766} INFO - DAG(s) dict_keys(['dataset_produces_1', 'dataset_consumes_1_never_scheduled', 'dataset_produces_2', 'dataset_consumes_1', 'dataset_consumes_1_and_2', 'dataset_consumes_unknown_never_scheduled']) retrieved from /home/airflow/.local/lib/python3.7/site-packages/airflow/example_dags/example_datasets.py
[2024-12-03T16:34:14.446+0000] {logging_mixin.py:120} INFO - [2024-12-03T16:34:14.446+0000] {dag.py:2585} INFO - Sync 6 DAGs
[2024-12-03T16:34:14.531+0000] {logging_mixin.py:120} INFO - [2024-12-03T16:34:14.530+0000] {dag.py:3340} INFO - Setting next_dagrun for dataset_consumes_1 to None, run_after=None
[2024-12-03T16:34:14.549+0000] {logging_mixin.py:120} INFO - [2024-12-03T16:34:14.546+0000] {dag.py:3340} INFO - Setting next_dagrun for dataset_consumes_1_and_2 to None, run_after=None
[2024-12-03T16:34:14.554+0000] {logging_mixin.py:120} INFO - [2024-12-03T16:34:14.554+0000] {dag.py:3340} INFO - Setting next_dagrun for dataset_consumes_1_never_scheduled to None, run_after=None
[2024-12-03T16:34:14.561+0000] {logging_mixin.py:120} INFO - [2024-12-03T16:34:14.561+0000] {dag.py:3340} INFO - Setting next_dagrun for dataset_consumes_unknown_never_scheduled to None, run_after=None
[2024-12-03T16:34:14.571+0000] {logging_mixin.py:120} INFO - [2024-12-03T16:34:14.570+0000] {dag.py:3340} INFO - Setting next_dagrun for dataset_produces_1 to 2024-12-02T00:00:00+00:00, run_after=2024-12-03T00:00:00+00:00
[2024-12-03T16:34:14.578+0000] {logging_mixin.py:120} INFO - [2024-12-03T16:34:14.577+0000] {dag.py:3340} INFO - Setting next_dagrun for dataset_produces_2 to None, run_after=None
[2024-12-03T16:34:14.656+0000] {processor.py:176} INFO - Processing /home/airflow/.local/lib/python3.7/site-packages/airflow/example_dags/example_datasets.py took 0.430 seconds
[2024-12-03T16:34:45.450+0000] {processor.py:154} INFO - Started process (PID=4963) to work on /home/airflow/.local/lib/python3.7/site-packages/airflow/example_dags/example_datasets.py
[2024-12-03T16:34:45.452+0000] {processor.py:756} INFO - Processing file /home/airflow/.local/lib/python3.7/site-packages/airflow/example_dags/example_datasets.py for tasks to queue
[2024-12-03T16:34:45.454+0000] {logging_mixin.py:120} INFO - [2024-12-03T16:34:45.453+0000] {dagbag.py:537} INFO - Filling up the DagBag from /home/airflow/.local/lib/python3.7/site-packages/airflow/example_dags/example_datasets.py
[2024-12-03T16:34:45.494+0000] {processor.py:766} INFO - DAG(s) dict_keys(['dataset_consumes_unknown_never_scheduled', 'dataset_consumes_1_and_2', 'dataset_consumes_1', 'dataset_produces_2', 'dataset_produces_1', 'dataset_consumes_1_never_scheduled']) retrieved from /home/airflow/.local/lib/python3.7/site-packages/airflow/example_dags/example_datasets.py
[2024-12-03T16:34:45.675+0000] {logging_mixin.py:120} INFO - [2024-12-03T16:34:45.674+0000] {dag.py:2585} INFO - Sync 6 DAGs
[2024-12-03T16:34:45.768+0000] {logging_mixin.py:120} INFO - [2024-12-03T16:34:45.767+0000] {dag.py:3340} INFO - Setting next_dagrun for dataset_consumes_1 to None, run_after=None
[2024-12-03T16:34:45.779+0000] {logging_mixin.py:120} INFO - [2024-12-03T16:34:45.778+0000] {dag.py:3340} INFO - Setting next_dagrun for dataset_consumes_1_and_2 to None, run_after=None
[2024-12-03T16:34:45.785+0000] {logging_mixin.py:120} INFO - [2024-12-03T16:34:45.784+0000] {dag.py:3340} INFO - Setting next_dagrun for dataset_consumes_1_never_scheduled to None, run_after=None
[2024-12-03T16:34:45.789+0000] {logging_mixin.py:120} INFO - [2024-12-03T16:34:45.789+0000] {dag.py:3340} INFO - Setting next_dagrun for dataset_consumes_unknown_never_scheduled to None, run_after=None
[2024-12-03T16:34:45.797+0000] {logging_mixin.py:120} INFO - [2024-12-03T16:34:45.797+0000] {dag.py:3340} INFO - Setting next_dagrun for dataset_produces_1 to 2024-12-02T00:00:00+00:00, run_after=2024-12-03T00:00:00+00:00
[2024-12-03T16:34:45.801+0000] {logging_mixin.py:120} INFO - [2024-12-03T16:34:45.801+0000] {dag.py:3340} INFO - Setting next_dagrun for dataset_produces_2 to None, run_after=None
[2024-12-03T16:34:45.910+0000] {processor.py:176} INFO - Processing /home/airflow/.local/lib/python3.7/site-packages/airflow/example_dags/example_datasets.py took 0.469 seconds
[2024-12-03T16:35:16.154+0000] {processor.py:154} INFO - Started process (PID=5019) to work on /home/airflow/.local/lib/python3.7/site-packages/airflow/example_dags/example_datasets.py
[2024-12-03T16:35:16.157+0000] {processor.py:756} INFO - Processing file /home/airflow/.local/lib/python3.7/site-packages/airflow/example_dags/example_datasets.py for tasks to queue
[2024-12-03T16:35:16.159+0000] {logging_mixin.py:120} INFO - [2024-12-03T16:35:16.159+0000] {dagbag.py:537} INFO - Filling up the DagBag from /home/airflow/.local/lib/python3.7/site-packages/airflow/example_dags/example_datasets.py
[2024-12-03T16:35:16.189+0000] {processor.py:766} INFO - DAG(s) dict_keys(['dataset_consumes_1_and_2', 'dataset_produces_1', 'dataset_consumes_1_never_scheduled', 'dataset_consumes_1', 'dataset_consumes_unknown_never_scheduled', 'dataset_produces_2']) retrieved from /home/airflow/.local/lib/python3.7/site-packages/airflow/example_dags/example_datasets.py
[2024-12-03T16:35:16.288+0000] {logging_mixin.py:120} INFO - [2024-12-03T16:35:16.287+0000] {dag.py:2585} INFO - Sync 6 DAGs
[2024-12-03T16:35:16.326+0000] {logging_mixin.py:120} INFO - [2024-12-03T16:35:16.325+0000] {dag.py:3340} INFO - Setting next_dagrun for dataset_consumes_1 to None, run_after=None
[2024-12-03T16:35:16.334+0000] {logging_mixin.py:120} INFO - [2024-12-03T16:35:16.334+0000] {dag.py:3340} INFO - Setting next_dagrun for dataset_consumes_1_and_2 to None, run_after=None
[2024-12-03T16:35:16.338+0000] {logging_mixin.py:120} INFO - [2024-12-03T16:35:16.338+0000] {dag.py:3340} INFO - Setting next_dagrun for dataset_consumes_1_never_scheduled to None, run_after=None
[2024-12-03T16:35:16.341+0000] {logging_mixin.py:120} INFO - [2024-12-03T16:35:16.341+0000] {dag.py:3340} INFO - Setting next_dagrun for dataset_consumes_unknown_never_scheduled to None, run_after=None
[2024-12-03T16:35:16.347+0000] {logging_mixin.py:120} INFO - [2024-12-03T16:35:16.347+0000] {dag.py:3340} INFO - Setting next_dagrun for dataset_produces_1 to 2024-12-02T00:00:00+00:00, run_after=2024-12-03T00:00:00+00:00
[2024-12-03T16:35:16.351+0000] {logging_mixin.py:120} INFO - [2024-12-03T16:35:16.350+0000] {dag.py:3340} INFO - Setting next_dagrun for dataset_produces_2 to None, run_after=None
[2024-12-03T16:35:16.407+0000] {processor.py:176} INFO - Processing /home/airflow/.local/lib/python3.7/site-packages/airflow/example_dags/example_datasets.py took 0.259 seconds
[2024-12-03T16:35:46.622+0000] {processor.py:154} INFO - Started process (PID=5085) to work on /home/airflow/.local/lib/python3.7/site-packages/airflow/example_dags/example_datasets.py
[2024-12-03T16:35:46.624+0000] {processor.py:756} INFO - Processing file /home/airflow/.local/lib/python3.7/site-packages/airflow/example_dags/example_datasets.py for tasks to queue
[2024-12-03T16:35:46.627+0000] {logging_mixin.py:120} INFO - [2024-12-03T16:35:46.627+0000] {dagbag.py:537} INFO - Filling up the DagBag from /home/airflow/.local/lib/python3.7/site-packages/airflow/example_dags/example_datasets.py
[2024-12-03T16:35:46.667+0000] {processor.py:766} INFO - DAG(s) dict_keys(['dataset_consumes_1', 'dataset_consumes_unknown_never_scheduled', 'dataset_produces_2', 'dataset_produces_1', 'dataset_consumes_1_and_2', 'dataset_consumes_1_never_scheduled']) retrieved from /home/airflow/.local/lib/python3.7/site-packages/airflow/example_dags/example_datasets.py
[2024-12-03T16:35:46.831+0000] {logging_mixin.py:120} INFO - [2024-12-03T16:35:46.830+0000] {dag.py:2585} INFO - Sync 6 DAGs
[2024-12-03T16:35:46.899+0000] {logging_mixin.py:120} INFO - [2024-12-03T16:35:46.899+0000] {dag.py:3340} INFO - Setting next_dagrun for dataset_consumes_1 to None, run_after=None
[2024-12-03T16:35:46.909+0000] {logging_mixin.py:120} INFO - [2024-12-03T16:35:46.909+0000] {dag.py:3340} INFO - Setting next_dagrun for dataset_consumes_1_and_2 to None, run_after=None
[2024-12-03T16:35:46.914+0000] {logging_mixin.py:120} INFO - [2024-12-03T16:35:46.914+0000] {dag.py:3340} INFO - Setting next_dagrun for dataset_consumes_1_never_scheduled to None, run_after=None
[2024-12-03T16:35:46.918+0000] {logging_mixin.py:120} INFO - [2024-12-03T16:35:46.918+0000] {dag.py:3340} INFO - Setting next_dagrun for dataset_consumes_unknown_never_scheduled to None, run_after=None
[2024-12-03T16:35:46.930+0000] {logging_mixin.py:120} INFO - [2024-12-03T16:35:46.930+0000] {dag.py:3340} INFO - Setting next_dagrun for dataset_produces_1 to 2024-12-02T00:00:00+00:00, run_after=2024-12-03T00:00:00+00:00
[2024-12-03T16:35:46.933+0000] {logging_mixin.py:120} INFO - [2024-12-03T16:35:46.933+0000] {dag.py:3340} INFO - Setting next_dagrun for dataset_produces_2 to None, run_after=None
[2024-12-03T16:35:47.009+0000] {processor.py:176} INFO - Processing /home/airflow/.local/lib/python3.7/site-packages/airflow/example_dags/example_datasets.py took 0.395 seconds
[2024-12-03T16:36:17.382+0000] {processor.py:154} INFO - Started process (PID=5146) to work on /home/airflow/.local/lib/python3.7/site-packages/airflow/example_dags/example_datasets.py
[2024-12-03T16:36:17.383+0000] {processor.py:756} INFO - Processing file /home/airflow/.local/lib/python3.7/site-packages/airflow/example_dags/example_datasets.py for tasks to queue
[2024-12-03T16:36:17.384+0000] {logging_mixin.py:120} INFO - [2024-12-03T16:36:17.384+0000] {dagbag.py:537} INFO - Filling up the DagBag from /home/airflow/.local/lib/python3.7/site-packages/airflow/example_dags/example_datasets.py
[2024-12-03T16:36:17.403+0000] {processor.py:766} INFO - DAG(s) dict_keys(['dataset_consumes_unknown_never_scheduled', 'dataset_produces_2', 'dataset_consumes_1', 'dataset_consumes_1_never_scheduled', 'dataset_produces_1', 'dataset_consumes_1_and_2']) retrieved from /home/airflow/.local/lib/python3.7/site-packages/airflow/example_dags/example_datasets.py
[2024-12-03T16:36:17.480+0000] {logging_mixin.py:120} INFO - [2024-12-03T16:36:17.480+0000] {dag.py:2585} INFO - Sync 6 DAGs
[2024-12-03T16:36:17.514+0000] {logging_mixin.py:120} INFO - [2024-12-03T16:36:17.514+0000] {dag.py:3340} INFO - Setting next_dagrun for dataset_consumes_1 to None, run_after=None
[2024-12-03T16:36:17.520+0000] {logging_mixin.py:120} INFO - [2024-12-03T16:36:17.520+0000] {dag.py:3340} INFO - Setting next_dagrun for dataset_consumes_1_and_2 to None, run_after=None
[2024-12-03T16:36:17.524+0000] {logging_mixin.py:120} INFO - [2024-12-03T16:36:17.524+0000] {dag.py:3340} INFO - Setting next_dagrun for dataset_consumes_1_never_scheduled to None, run_after=None
[2024-12-03T16:36:17.526+0000] {logging_mixin.py:120} INFO - [2024-12-03T16:36:17.526+0000] {dag.py:3340} INFO - Setting next_dagrun for dataset_consumes_unknown_never_scheduled to None, run_after=None
[2024-12-03T16:36:17.531+0000] {logging_mixin.py:120} INFO - [2024-12-03T16:36:17.531+0000] {dag.py:3340} INFO - Setting next_dagrun for dataset_produces_1 to 2024-12-02T00:00:00+00:00, run_after=2024-12-03T00:00:00+00:00
[2024-12-03T16:36:17.535+0000] {logging_mixin.py:120} INFO - [2024-12-03T16:36:17.535+0000] {dag.py:3340} INFO - Setting next_dagrun for dataset_produces_2 to None, run_after=None
[2024-12-03T16:36:17.584+0000] {processor.py:176} INFO - Processing /home/airflow/.local/lib/python3.7/site-packages/airflow/example_dags/example_datasets.py took 0.205 seconds
[2024-12-03T16:36:47.834+0000] {processor.py:154} INFO - Started process (PID=5208) to work on /home/airflow/.local/lib/python3.7/site-packages/airflow/example_dags/example_datasets.py
[2024-12-03T16:36:47.840+0000] {processor.py:756} INFO - Processing file /home/airflow/.local/lib/python3.7/site-packages/airflow/example_dags/example_datasets.py for tasks to queue
[2024-12-03T16:36:47.844+0000] {logging_mixin.py:120} INFO - [2024-12-03T16:36:47.844+0000] {dagbag.py:537} INFO - Filling up the DagBag from /home/airflow/.local/lib/python3.7/site-packages/airflow/example_dags/example_datasets.py
[2024-12-03T16:36:47.894+0000] {processor.py:766} INFO - DAG(s) dict_keys(['dataset_produces_2', 'dataset_consumes_unknown_never_scheduled', 'dataset_consumes_1_and_2', 'dataset_produces_1', 'dataset_consumes_1', 'dataset_consumes_1_never_scheduled']) retrieved from /home/airflow/.local/lib/python3.7/site-packages/airflow/example_dags/example_datasets.py
[2024-12-03T16:36:48.068+0000] {logging_mixin.py:120} INFO - [2024-12-03T16:36:48.067+0000] {dag.py:2585} INFO - Sync 6 DAGs
[2024-12-03T16:36:48.137+0000] {logging_mixin.py:120} INFO - [2024-12-03T16:36:48.137+0000] {dag.py:3340} INFO - Setting next_dagrun for dataset_consumes_1 to None, run_after=None
[2024-12-03T16:36:48.146+0000] {logging_mixin.py:120} INFO - [2024-12-03T16:36:48.146+0000] {dag.py:3340} INFO - Setting next_dagrun for dataset_consumes_1_and_2 to None, run_after=None
[2024-12-03T16:36:48.151+0000] {logging_mixin.py:120} INFO - [2024-12-03T16:36:48.150+0000] {dag.py:3340} INFO - Setting next_dagrun for dataset_consumes_1_never_scheduled to None, run_after=None
[2024-12-03T16:36:48.155+0000] {logging_mixin.py:120} INFO - [2024-12-03T16:36:48.155+0000] {dag.py:3340} INFO - Setting next_dagrun for dataset_consumes_unknown_never_scheduled to None, run_after=None
[2024-12-03T16:36:48.164+0000] {logging_mixin.py:120} INFO - [2024-12-03T16:36:48.164+0000] {dag.py:3340} INFO - Setting next_dagrun for dataset_produces_1 to 2024-12-02T00:00:00+00:00, run_after=2024-12-03T00:00:00+00:00
[2024-12-03T16:36:48.173+0000] {logging_mixin.py:120} INFO - [2024-12-03T16:36:48.173+0000] {dag.py:3340} INFO - Setting next_dagrun for dataset_produces_2 to None, run_after=None
[2024-12-03T16:36:48.295+0000] {processor.py:176} INFO - Processing /home/airflow/.local/lib/python3.7/site-packages/airflow/example_dags/example_datasets.py took 0.467 seconds
[2024-12-03T16:37:18.457+0000] {processor.py:154} INFO - Started process (PID=5266) to work on /home/airflow/.local/lib/python3.7/site-packages/airflow/example_dags/example_datasets.py
[2024-12-03T16:37:18.458+0000] {processor.py:756} INFO - Processing file /home/airflow/.local/lib/python3.7/site-packages/airflow/example_dags/example_datasets.py for tasks to queue
[2024-12-03T16:37:18.460+0000] {logging_mixin.py:120} INFO - [2024-12-03T16:37:18.459+0000] {dagbag.py:537} INFO - Filling up the DagBag from /home/airflow/.local/lib/python3.7/site-packages/airflow/example_dags/example_datasets.py
[2024-12-03T16:37:18.478+0000] {processor.py:766} INFO - DAG(s) dict_keys(['dataset_consumes_unknown_never_scheduled', 'dataset_produces_1', 'dataset_produces_2', 'dataset_consumes_1_and_2', 'dataset_consumes_1', 'dataset_consumes_1_never_scheduled']) retrieved from /home/airflow/.local/lib/python3.7/site-packages/airflow/example_dags/example_datasets.py
[2024-12-03T16:37:18.568+0000] {logging_mixin.py:120} INFO - [2024-12-03T16:37:18.567+0000] {dag.py:2585} INFO - Sync 6 DAGs
[2024-12-03T16:37:18.607+0000] {logging_mixin.py:120} INFO - [2024-12-03T16:37:18.607+0000] {dag.py:3340} INFO - Setting next_dagrun for dataset_consumes_1 to None, run_after=None
[2024-12-03T16:37:18.612+0000] {logging_mixin.py:120} INFO - [2024-12-03T16:37:18.612+0000] {dag.py:3340} INFO - Setting next_dagrun for dataset_consumes_1_and_2 to None, run_after=None
[2024-12-03T16:37:18.615+0000] {logging_mixin.py:120} INFO - [2024-12-03T16:37:18.614+0000] {dag.py:3340} INFO - Setting next_dagrun for dataset_consumes_1_never_scheduled to None, run_after=None
[2024-12-03T16:37:18.617+0000] {logging_mixin.py:120} INFO - [2024-12-03T16:37:18.617+0000] {dag.py:3340} INFO - Setting next_dagrun for dataset_consumes_unknown_never_scheduled to None, run_after=None
[2024-12-03T16:37:18.622+0000] {logging_mixin.py:120} INFO - [2024-12-03T16:37:18.622+0000] {dag.py:3340} INFO - Setting next_dagrun for dataset_produces_1 to 2024-12-02T00:00:00+00:00, run_after=2024-12-03T00:00:00+00:00
[2024-12-03T16:37:18.625+0000] {logging_mixin.py:120} INFO - [2024-12-03T16:37:18.625+0000] {dag.py:3340} INFO - Setting next_dagrun for dataset_produces_2 to None, run_after=None
[2024-12-03T16:37:18.678+0000] {processor.py:176} INFO - Processing /home/airflow/.local/lib/python3.7/site-packages/airflow/example_dags/example_datasets.py took 0.223 seconds
[2024-12-03T16:37:48.862+0000] {processor.py:154} INFO - Started process (PID=5320) to work on /home/airflow/.local/lib/python3.7/site-packages/airflow/example_dags/example_datasets.py
[2024-12-03T16:37:48.864+0000] {processor.py:756} INFO - Processing file /home/airflow/.local/lib/python3.7/site-packages/airflow/example_dags/example_datasets.py for tasks to queue
[2024-12-03T16:37:48.865+0000] {logging_mixin.py:120} INFO - [2024-12-03T16:37:48.865+0000] {dagbag.py:537} INFO - Filling up the DagBag from /home/airflow/.local/lib/python3.7/site-packages/airflow/example_dags/example_datasets.py
[2024-12-03T16:37:48.889+0000] {processor.py:766} INFO - DAG(s) dict_keys(['dataset_consumes_1', 'dataset_consumes_1_never_scheduled', 'dataset_produces_2', 'dataset_produces_1', 'dataset_consumes_unknown_never_scheduled', 'dataset_consumes_1_and_2']) retrieved from /home/airflow/.local/lib/python3.7/site-packages/airflow/example_dags/example_datasets.py
[2024-12-03T16:37:48.980+0000] {logging_mixin.py:120} INFO - [2024-12-03T16:37:48.980+0000] {dag.py:2585} INFO - Sync 6 DAGs
[2024-12-03T16:37:49.025+0000] {logging_mixin.py:120} INFO - [2024-12-03T16:37:49.025+0000] {dag.py:3340} INFO - Setting next_dagrun for dataset_consumes_1 to None, run_after=None
[2024-12-03T16:37:49.031+0000] {logging_mixin.py:120} INFO - [2024-12-03T16:37:49.031+0000] {dag.py:3340} INFO - Setting next_dagrun for dataset_consumes_1_and_2 to None, run_after=None
[2024-12-03T16:37:49.034+0000] {logging_mixin.py:120} INFO - [2024-12-03T16:37:49.034+0000] {dag.py:3340} INFO - Setting next_dagrun for dataset_consumes_1_never_scheduled to None, run_after=None
[2024-12-03T16:37:49.037+0000] {logging_mixin.py:120} INFO - [2024-12-03T16:37:49.036+0000] {dag.py:3340} INFO - Setting next_dagrun for dataset_consumes_unknown_never_scheduled to None, run_after=None
[2024-12-03T16:37:49.043+0000] {logging_mixin.py:120} INFO - [2024-12-03T16:37:49.043+0000] {dag.py:3340} INFO - Setting next_dagrun for dataset_produces_1 to 2024-12-02T00:00:00+00:00, run_after=2024-12-03T00:00:00+00:00
[2024-12-03T16:37:49.047+0000] {logging_mixin.py:120} INFO - [2024-12-03T16:37:49.046+0000] {dag.py:3340} INFO - Setting next_dagrun for dataset_produces_2 to None, run_after=None
[2024-12-03T16:37:49.138+0000] {processor.py:176} INFO - Processing /home/airflow/.local/lib/python3.7/site-packages/airflow/example_dags/example_datasets.py took 0.279 seconds
[2024-12-03T16:38:22.553+0000] {processor.py:154} INFO - Started process (PID=5384) to work on /home/airflow/.local/lib/python3.7/site-packages/airflow/example_dags/example_datasets.py
[2024-12-03T16:38:22.559+0000] {processor.py:756} INFO - Processing file /home/airflow/.local/lib/python3.7/site-packages/airflow/example_dags/example_datasets.py for tasks to queue
[2024-12-03T16:38:22.561+0000] {logging_mixin.py:120} INFO - [2024-12-03T16:38:22.561+0000] {dagbag.py:537} INFO - Filling up the DagBag from /home/airflow/.local/lib/python3.7/site-packages/airflow/example_dags/example_datasets.py
[2024-12-03T16:38:22.643+0000] {processor.py:766} INFO - DAG(s) dict_keys(['dataset_consumes_unknown_never_scheduled', 'dataset_produces_1', 'dataset_consumes_1', 'dataset_consumes_1_never_scheduled', 'dataset_produces_2', 'dataset_consumes_1_and_2']) retrieved from /home/airflow/.local/lib/python3.7/site-packages/airflow/example_dags/example_datasets.py
[2024-12-03T16:38:22.872+0000] {logging_mixin.py:120} INFO - [2024-12-03T16:38:22.870+0000] {dag.py:2585} INFO - Sync 6 DAGs
[2024-12-03T16:38:22.970+0000] {logging_mixin.py:120} INFO - [2024-12-03T16:38:22.970+0000] {dag.py:3340} INFO - Setting next_dagrun for dataset_consumes_1 to None, run_after=None
[2024-12-03T16:38:22.989+0000] {logging_mixin.py:120} INFO - [2024-12-03T16:38:22.989+0000] {dag.py:3340} INFO - Setting next_dagrun for dataset_consumes_1_and_2 to None, run_after=None
[2024-12-03T16:38:22.995+0000] {logging_mixin.py:120} INFO - [2024-12-03T16:38:22.994+0000] {dag.py:3340} INFO - Setting next_dagrun for dataset_consumes_1_never_scheduled to None, run_after=None
[2024-12-03T16:38:22.999+0000] {logging_mixin.py:120} INFO - [2024-12-03T16:38:22.998+0000] {dag.py:3340} INFO - Setting next_dagrun for dataset_consumes_unknown_never_scheduled to None, run_after=None
[2024-12-03T16:38:23.010+0000] {logging_mixin.py:120} INFO - [2024-12-03T16:38:23.010+0000] {dag.py:3340} INFO - Setting next_dagrun for dataset_produces_1 to 2024-12-02T00:00:00+00:00, run_after=2024-12-03T00:00:00+00:00
[2024-12-03T16:38:23.016+0000] {logging_mixin.py:120} INFO - [2024-12-03T16:38:23.015+0000] {dag.py:3340} INFO - Setting next_dagrun for dataset_produces_2 to None, run_after=None
[2024-12-03T16:38:23.120+0000] {processor.py:176} INFO - Processing /home/airflow/.local/lib/python3.7/site-packages/airflow/example_dags/example_datasets.py took 0.576 seconds
[2024-12-03T16:38:54.030+0000] {processor.py:154} INFO - Started process (PID=5439) to work on /home/airflow/.local/lib/python3.7/site-packages/airflow/example_dags/example_datasets.py
[2024-12-03T16:38:54.031+0000] {processor.py:756} INFO - Processing file /home/airflow/.local/lib/python3.7/site-packages/airflow/example_dags/example_datasets.py for tasks to queue
[2024-12-03T16:38:54.034+0000] {logging_mixin.py:120} INFO - [2024-12-03T16:38:54.033+0000] {dagbag.py:537} INFO - Filling up the DagBag from /home/airflow/.local/lib/python3.7/site-packages/airflow/example_dags/example_datasets.py
[2024-12-03T16:38:54.052+0000] {processor.py:766} INFO - DAG(s) dict_keys(['dataset_produces_1', 'dataset_consumes_unknown_never_scheduled', 'dataset_consumes_1_and_2', 'dataset_consumes_1_never_scheduled', 'dataset_produces_2', 'dataset_consumes_1']) retrieved from /home/airflow/.local/lib/python3.7/site-packages/airflow/example_dags/example_datasets.py
[2024-12-03T16:38:54.126+0000] {logging_mixin.py:120} INFO - [2024-12-03T16:38:54.126+0000] {dag.py:2585} INFO - Sync 6 DAGs
[2024-12-03T16:38:54.157+0000] {logging_mixin.py:120} INFO - [2024-12-03T16:38:54.157+0000] {dag.py:3340} INFO - Setting next_dagrun for dataset_consumes_1 to None, run_after=None
[2024-12-03T16:38:54.163+0000] {logging_mixin.py:120} INFO - [2024-12-03T16:38:54.162+0000] {dag.py:3340} INFO - Setting next_dagrun for dataset_consumes_1_and_2 to None, run_after=None
[2024-12-03T16:38:54.166+0000] {logging_mixin.py:120} INFO - [2024-12-03T16:38:54.166+0000] {dag.py:3340} INFO - Setting next_dagrun for dataset_consumes_1_never_scheduled to None, run_after=None
[2024-12-03T16:38:54.168+0000] {logging_mixin.py:120} INFO - [2024-12-03T16:38:54.168+0000] {dag.py:3340} INFO - Setting next_dagrun for dataset_consumes_unknown_never_scheduled to None, run_after=None
[2024-12-03T16:38:54.173+0000] {logging_mixin.py:120} INFO - [2024-12-03T16:38:54.173+0000] {dag.py:3340} INFO - Setting next_dagrun for dataset_produces_1 to 2024-12-02T00:00:00+00:00, run_after=2024-12-03T00:00:00+00:00
[2024-12-03T16:38:54.175+0000] {logging_mixin.py:120} INFO - [2024-12-03T16:38:54.175+0000] {dag.py:3340} INFO - Setting next_dagrun for dataset_produces_2 to None, run_after=None
[2024-12-03T16:38:54.227+0000] {processor.py:176} INFO - Processing /home/airflow/.local/lib/python3.7/site-packages/airflow/example_dags/example_datasets.py took 0.201 seconds
[2024-12-03T16:39:25.124+0000] {processor.py:154} INFO - Started process (PID=5504) to work on /home/airflow/.local/lib/python3.7/site-packages/airflow/example_dags/example_datasets.py
[2024-12-03T16:39:25.126+0000] {processor.py:756} INFO - Processing file /home/airflow/.local/lib/python3.7/site-packages/airflow/example_dags/example_datasets.py for tasks to queue
[2024-12-03T16:39:25.127+0000] {logging_mixin.py:120} INFO - [2024-12-03T16:39:25.127+0000] {dagbag.py:537} INFO - Filling up the DagBag from /home/airflow/.local/lib/python3.7/site-packages/airflow/example_dags/example_datasets.py
[2024-12-03T16:39:25.157+0000] {processor.py:766} INFO - DAG(s) dict_keys(['dataset_produces_1', 'dataset_consumes_1', 'dataset_consumes_1_never_scheduled', 'dataset_produces_2', 'dataset_consumes_1_and_2', 'dataset_consumes_unknown_never_scheduled']) retrieved from /home/airflow/.local/lib/python3.7/site-packages/airflow/example_dags/example_datasets.py
[2024-12-03T16:39:25.254+0000] {logging_mixin.py:120} INFO - [2024-12-03T16:39:25.254+0000] {dag.py:2585} INFO - Sync 6 DAGs
[2024-12-03T16:39:25.305+0000] {logging_mixin.py:120} INFO - [2024-12-03T16:39:25.304+0000] {dag.py:3340} INFO - Setting next_dagrun for dataset_consumes_1 to None, run_after=None
[2024-12-03T16:39:25.314+0000] {logging_mixin.py:120} INFO - [2024-12-03T16:39:25.313+0000] {dag.py:3340} INFO - Setting next_dagrun for dataset_consumes_1_and_2 to None, run_after=None
[2024-12-03T16:39:25.317+0000] {logging_mixin.py:120} INFO - [2024-12-03T16:39:25.317+0000] {dag.py:3340} INFO - Setting next_dagrun for dataset_consumes_1_never_scheduled to None, run_after=None
[2024-12-03T16:39:25.321+0000] {logging_mixin.py:120} INFO - [2024-12-03T16:39:25.321+0000] {dag.py:3340} INFO - Setting next_dagrun for dataset_consumes_unknown_never_scheduled to None, run_after=None
[2024-12-03T16:39:25.326+0000] {logging_mixin.py:120} INFO - [2024-12-03T16:39:25.326+0000] {dag.py:3340} INFO - Setting next_dagrun for dataset_produces_1 to 2024-12-02T00:00:00+00:00, run_after=2024-12-03T00:00:00+00:00
[2024-12-03T16:39:25.330+0000] {logging_mixin.py:120} INFO - [2024-12-03T16:39:25.329+0000] {dag.py:3340} INFO - Setting next_dagrun for dataset_produces_2 to None, run_after=None
[2024-12-03T16:39:25.401+0000] {processor.py:176} INFO - Processing /home/airflow/.local/lib/python3.7/site-packages/airflow/example_dags/example_datasets.py took 0.280 seconds
[2024-12-03T16:39:56.358+0000] {processor.py:154} INFO - Started process (PID=5563) to work on /home/airflow/.local/lib/python3.7/site-packages/airflow/example_dags/example_datasets.py
[2024-12-03T16:39:56.360+0000] {processor.py:756} INFO - Processing file /home/airflow/.local/lib/python3.7/site-packages/airflow/example_dags/example_datasets.py for tasks to queue
[2024-12-03T16:39:56.362+0000] {logging_mixin.py:120} INFO - [2024-12-03T16:39:56.362+0000] {dagbag.py:537} INFO - Filling up the DagBag from /home/airflow/.local/lib/python3.7/site-packages/airflow/example_dags/example_datasets.py
[2024-12-03T16:39:56.384+0000] {processor.py:766} INFO - DAG(s) dict_keys(['dataset_consumes_unknown_never_scheduled', 'dataset_consumes_1_never_scheduled', 'dataset_consumes_1', 'dataset_produces_1', 'dataset_produces_2', 'dataset_consumes_1_and_2']) retrieved from /home/airflow/.local/lib/python3.7/site-packages/airflow/example_dags/example_datasets.py
[2024-12-03T16:39:56.475+0000] {logging_mixin.py:120} INFO - [2024-12-03T16:39:56.474+0000] {dag.py:2585} INFO - Sync 6 DAGs
[2024-12-03T16:39:56.519+0000] {logging_mixin.py:120} INFO - [2024-12-03T16:39:56.519+0000] {dag.py:3340} INFO - Setting next_dagrun for dataset_consumes_1 to None, run_after=None
[2024-12-03T16:39:56.525+0000] {logging_mixin.py:120} INFO - [2024-12-03T16:39:56.524+0000] {dag.py:3340} INFO - Setting next_dagrun for dataset_consumes_1_and_2 to None, run_after=None
[2024-12-03T16:39:56.527+0000] {logging_mixin.py:120} INFO - [2024-12-03T16:39:56.527+0000] {dag.py:3340} INFO - Setting next_dagrun for dataset_consumes_1_never_scheduled to None, run_after=None
[2024-12-03T16:39:56.530+0000] {logging_mixin.py:120} INFO - [2024-12-03T16:39:56.530+0000] {dag.py:3340} INFO - Setting next_dagrun for dataset_consumes_unknown_never_scheduled to None, run_after=None
[2024-12-03T16:39:56.534+0000] {logging_mixin.py:120} INFO - [2024-12-03T16:39:56.534+0000] {dag.py:3340} INFO - Setting next_dagrun for dataset_produces_1 to 2024-12-02T00:00:00+00:00, run_after=2024-12-03T00:00:00+00:00
[2024-12-03T16:39:56.538+0000] {logging_mixin.py:120} INFO - [2024-12-03T16:39:56.538+0000] {dag.py:3340} INFO - Setting next_dagrun for dataset_produces_2 to None, run_after=None
[2024-12-03T16:39:56.593+0000] {processor.py:176} INFO - Processing /home/airflow/.local/lib/python3.7/site-packages/airflow/example_dags/example_datasets.py took 0.238 seconds
[2024-12-03T16:40:26.855+0000] {processor.py:154} INFO - Started process (PID=5631) to work on /home/airflow/.local/lib/python3.7/site-packages/airflow/example_dags/example_datasets.py
[2024-12-03T16:40:26.859+0000] {processor.py:756} INFO - Processing file /home/airflow/.local/lib/python3.7/site-packages/airflow/example_dags/example_datasets.py for tasks to queue
[2024-12-03T16:40:26.864+0000] {logging_mixin.py:120} INFO - [2024-12-03T16:40:26.863+0000] {dagbag.py:537} INFO - Filling up the DagBag from /home/airflow/.local/lib/python3.7/site-packages/airflow/example_dags/example_datasets.py
[2024-12-03T16:40:26.911+0000] {processor.py:766} INFO - DAG(s) dict_keys(['dataset_consumes_1_never_scheduled', 'dataset_consumes_unknown_never_scheduled', 'dataset_consumes_1_and_2', 'dataset_produces_2', 'dataset_produces_1', 'dataset_consumes_1']) retrieved from /home/airflow/.local/lib/python3.7/site-packages/airflow/example_dags/example_datasets.py
[2024-12-03T16:40:27.099+0000] {logging_mixin.py:120} INFO - [2024-12-03T16:40:27.098+0000] {dag.py:2585} INFO - Sync 6 DAGs
[2024-12-03T16:40:27.175+0000] {logging_mixin.py:120} INFO - [2024-12-03T16:40:27.174+0000] {dag.py:3340} INFO - Setting next_dagrun for dataset_consumes_1 to None, run_after=None
[2024-12-03T16:40:27.184+0000] {logging_mixin.py:120} INFO - [2024-12-03T16:40:27.183+0000] {dag.py:3340} INFO - Setting next_dagrun for dataset_consumes_1_and_2 to None, run_after=None
[2024-12-03T16:40:27.190+0000] {logging_mixin.py:120} INFO - [2024-12-03T16:40:27.189+0000] {dag.py:3340} INFO - Setting next_dagrun for dataset_consumes_1_never_scheduled to None, run_after=None
[2024-12-03T16:40:27.194+0000] {logging_mixin.py:120} INFO - [2024-12-03T16:40:27.194+0000] {dag.py:3340} INFO - Setting next_dagrun for dataset_consumes_unknown_never_scheduled to None, run_after=None
[2024-12-03T16:40:27.211+0000] {logging_mixin.py:120} INFO - [2024-12-03T16:40:27.210+0000] {dag.py:3340} INFO - Setting next_dagrun for dataset_produces_1 to 2024-12-02T00:00:00+00:00, run_after=2024-12-03T00:00:00+00:00
[2024-12-03T16:40:27.217+0000] {logging_mixin.py:120} INFO - [2024-12-03T16:40:27.216+0000] {dag.py:3340} INFO - Setting next_dagrun for dataset_produces_2 to None, run_after=None
[2024-12-03T16:40:27.351+0000] {processor.py:176} INFO - Processing /home/airflow/.local/lib/python3.7/site-packages/airflow/example_dags/example_datasets.py took 0.503 seconds
[2024-12-03T16:40:57.567+0000] {processor.py:154} INFO - Started process (PID=5695) to work on /home/airflow/.local/lib/python3.7/site-packages/airflow/example_dags/example_datasets.py
[2024-12-03T16:40:57.571+0000] {processor.py:756} INFO - Processing file /home/airflow/.local/lib/python3.7/site-packages/airflow/example_dags/example_datasets.py for tasks to queue
[2024-12-03T16:40:57.573+0000] {logging_mixin.py:120} INFO - [2024-12-03T16:40:57.572+0000] {dagbag.py:537} INFO - Filling up the DagBag from /home/airflow/.local/lib/python3.7/site-packages/airflow/example_dags/example_datasets.py
[2024-12-03T16:40:57.621+0000] {processor.py:766} INFO - DAG(s) dict_keys(['dataset_consumes_1_and_2', 'dataset_produces_2', 'dataset_consumes_1_never_scheduled', 'dataset_consumes_unknown_never_scheduled', 'dataset_consumes_1', 'dataset_produces_1']) retrieved from /home/airflow/.local/lib/python3.7/site-packages/airflow/example_dags/example_datasets.py
[2024-12-03T16:40:57.718+0000] {logging_mixin.py:120} INFO - [2024-12-03T16:40:57.718+0000] {dag.py:2585} INFO - Sync 6 DAGs
[2024-12-03T16:40:57.775+0000] {logging_mixin.py:120} INFO - [2024-12-03T16:40:57.775+0000] {dag.py:3340} INFO - Setting next_dagrun for dataset_consumes_1 to None, run_after=None
[2024-12-03T16:40:57.784+0000] {logging_mixin.py:120} INFO - [2024-12-03T16:40:57.783+0000] {dag.py:3340} INFO - Setting next_dagrun for dataset_consumes_1_and_2 to None, run_after=None
[2024-12-03T16:40:57.787+0000] {logging_mixin.py:120} INFO - [2024-12-03T16:40:57.787+0000] {dag.py:3340} INFO - Setting next_dagrun for dataset_consumes_1_never_scheduled to None, run_after=None
[2024-12-03T16:40:57.792+0000] {logging_mixin.py:120} INFO - [2024-12-03T16:40:57.791+0000] {dag.py:3340} INFO - Setting next_dagrun for dataset_consumes_unknown_never_scheduled to None, run_after=None
[2024-12-03T16:40:57.800+0000] {logging_mixin.py:120} INFO - [2024-12-03T16:40:57.799+0000] {dag.py:3340} INFO - Setting next_dagrun for dataset_produces_1 to 2024-12-02T00:00:00+00:00, run_after=2024-12-03T00:00:00+00:00
[2024-12-03T16:40:57.805+0000] {logging_mixin.py:120} INFO - [2024-12-03T16:40:57.805+0000] {dag.py:3340} INFO - Setting next_dagrun for dataset_produces_2 to None, run_after=None
[2024-12-03T16:40:57.875+0000] {processor.py:176} INFO - Processing /home/airflow/.local/lib/python3.7/site-packages/airflow/example_dags/example_datasets.py took 0.313 seconds
[2024-12-03T16:41:28.643+0000] {processor.py:154} INFO - Started process (PID=5766) to work on /home/airflow/.local/lib/python3.7/site-packages/airflow/example_dags/example_datasets.py
[2024-12-03T16:41:28.645+0000] {processor.py:756} INFO - Processing file /home/airflow/.local/lib/python3.7/site-packages/airflow/example_dags/example_datasets.py for tasks to queue
[2024-12-03T16:41:28.647+0000] {logging_mixin.py:120} INFO - [2024-12-03T16:41:28.646+0000] {dagbag.py:537} INFO - Filling up the DagBag from /home/airflow/.local/lib/python3.7/site-packages/airflow/example_dags/example_datasets.py
[2024-12-03T16:41:28.671+0000] {processor.py:766} INFO - DAG(s) dict_keys(['dataset_consumes_1', 'dataset_produces_2', 'dataset_consumes_1_and_2', 'dataset_consumes_unknown_never_scheduled', 'dataset_consumes_1_never_scheduled', 'dataset_produces_1']) retrieved from /home/airflow/.local/lib/python3.7/site-packages/airflow/example_dags/example_datasets.py
[2024-12-03T16:41:28.755+0000] {logging_mixin.py:120} INFO - [2024-12-03T16:41:28.755+0000] {dag.py:2585} INFO - Sync 6 DAGs
[2024-12-03T16:41:28.794+0000] {logging_mixin.py:120} INFO - [2024-12-03T16:41:28.794+0000] {dag.py:3340} INFO - Setting next_dagrun for dataset_consumes_1 to None, run_after=None
[2024-12-03T16:41:28.799+0000] {logging_mixin.py:120} INFO - [2024-12-03T16:41:28.798+0000] {dag.py:3340} INFO - Setting next_dagrun for dataset_consumes_1_and_2 to None, run_after=None
[2024-12-03T16:41:28.802+0000] {logging_mixin.py:120} INFO - [2024-12-03T16:41:28.801+0000] {dag.py:3340} INFO - Setting next_dagrun for dataset_consumes_1_never_scheduled to None, run_after=None
[2024-12-03T16:41:28.804+0000] {logging_mixin.py:120} INFO - [2024-12-03T16:41:28.804+0000] {dag.py:3340} INFO - Setting next_dagrun for dataset_consumes_unknown_never_scheduled to None, run_after=None
[2024-12-03T16:41:28.809+0000] {logging_mixin.py:120} INFO - [2024-12-03T16:41:28.809+0000] {dag.py:3340} INFO - Setting next_dagrun for dataset_produces_1 to 2024-12-02T00:00:00+00:00, run_after=2024-12-03T00:00:00+00:00
[2024-12-03T16:41:28.812+0000] {logging_mixin.py:120} INFO - [2024-12-03T16:41:28.812+0000] {dag.py:3340} INFO - Setting next_dagrun for dataset_produces_2 to None, run_after=None
[2024-12-03T16:41:28.863+0000] {processor.py:176} INFO - Processing /home/airflow/.local/lib/python3.7/site-packages/airflow/example_dags/example_datasets.py took 0.224 seconds
[2024-12-03T16:41:59.636+0000] {processor.py:154} INFO - Started process (PID=5821) to work on /home/airflow/.local/lib/python3.7/site-packages/airflow/example_dags/example_datasets.py
[2024-12-03T16:41:59.638+0000] {processor.py:756} INFO - Processing file /home/airflow/.local/lib/python3.7/site-packages/airflow/example_dags/example_datasets.py for tasks to queue
[2024-12-03T16:41:59.639+0000] {logging_mixin.py:120} INFO - [2024-12-03T16:41:59.639+0000] {dagbag.py:537} INFO - Filling up the DagBag from /home/airflow/.local/lib/python3.7/site-packages/airflow/example_dags/example_datasets.py
[2024-12-03T16:41:59.661+0000] {processor.py:766} INFO - DAG(s) dict_keys(['dataset_consumes_1', 'dataset_consumes_1_and_2', 'dataset_consumes_1_never_scheduled', 'dataset_consumes_unknown_never_scheduled', 'dataset_produces_2', 'dataset_produces_1']) retrieved from /home/airflow/.local/lib/python3.7/site-packages/airflow/example_dags/example_datasets.py
[2024-12-03T16:41:59.753+0000] {logging_mixin.py:120} INFO - [2024-12-03T16:41:59.752+0000] {dag.py:2585} INFO - Sync 6 DAGs
[2024-12-03T16:41:59.790+0000] {logging_mixin.py:120} INFO - [2024-12-03T16:41:59.790+0000] {dag.py:3340} INFO - Setting next_dagrun for dataset_consumes_1 to None, run_after=None
[2024-12-03T16:41:59.795+0000] {logging_mixin.py:120} INFO - [2024-12-03T16:41:59.795+0000] {dag.py:3340} INFO - Setting next_dagrun for dataset_consumes_1_and_2 to None, run_after=None
[2024-12-03T16:41:59.798+0000] {logging_mixin.py:120} INFO - [2024-12-03T16:41:59.798+0000] {dag.py:3340} INFO - Setting next_dagrun for dataset_consumes_1_never_scheduled to None, run_after=None
[2024-12-03T16:41:59.802+0000] {logging_mixin.py:120} INFO - [2024-12-03T16:41:59.801+0000] {dag.py:3340} INFO - Setting next_dagrun for dataset_consumes_unknown_never_scheduled to None, run_after=None
[2024-12-03T16:41:59.808+0000] {logging_mixin.py:120} INFO - [2024-12-03T16:41:59.808+0000] {dag.py:3340} INFO - Setting next_dagrun for dataset_produces_1 to 2024-12-02T00:00:00+00:00, run_after=2024-12-03T00:00:00+00:00
[2024-12-03T16:41:59.810+0000] {logging_mixin.py:120} INFO - [2024-12-03T16:41:59.810+0000] {dag.py:3340} INFO - Setting next_dagrun for dataset_produces_2 to None, run_after=None
[2024-12-03T16:41:59.875+0000] {processor.py:176} INFO - Processing /home/airflow/.local/lib/python3.7/site-packages/airflow/example_dags/example_datasets.py took 0.242 seconds
[2024-12-03T16:42:30.453+0000] {processor.py:154} INFO - Started process (PID=5885) to work on /home/airflow/.local/lib/python3.7/site-packages/airflow/example_dags/example_datasets.py
[2024-12-03T16:42:30.455+0000] {processor.py:756} INFO - Processing file /home/airflow/.local/lib/python3.7/site-packages/airflow/example_dags/example_datasets.py for tasks to queue
[2024-12-03T16:42:30.457+0000] {logging_mixin.py:120} INFO - [2024-12-03T16:42:30.456+0000] {dagbag.py:537} INFO - Filling up the DagBag from /home/airflow/.local/lib/python3.7/site-packages/airflow/example_dags/example_datasets.py
[2024-12-03T16:42:30.481+0000] {processor.py:766} INFO - DAG(s) dict_keys(['dataset_produces_2', 'dataset_consumes_1_never_scheduled', 'dataset_consumes_1_and_2', 'dataset_consumes_unknown_never_scheduled', 'dataset_consumes_1', 'dataset_produces_1']) retrieved from /home/airflow/.local/lib/python3.7/site-packages/airflow/example_dags/example_datasets.py
[2024-12-03T16:42:30.573+0000] {logging_mixin.py:120} INFO - [2024-12-03T16:42:30.573+0000] {dag.py:2585} INFO - Sync 6 DAGs
[2024-12-03T16:42:30.619+0000] {logging_mixin.py:120} INFO - [2024-12-03T16:42:30.619+0000] {dag.py:3340} INFO - Setting next_dagrun for dataset_consumes_1 to None, run_after=None
[2024-12-03T16:42:30.626+0000] {logging_mixin.py:120} INFO - [2024-12-03T16:42:30.626+0000] {dag.py:3340} INFO - Setting next_dagrun for dataset_consumes_1_and_2 to None, run_after=None
[2024-12-03T16:42:30.630+0000] {logging_mixin.py:120} INFO - [2024-12-03T16:42:30.629+0000] {dag.py:3340} INFO - Setting next_dagrun for dataset_consumes_1_never_scheduled to None, run_after=None
[2024-12-03T16:42:30.633+0000] {logging_mixin.py:120} INFO - [2024-12-03T16:42:30.633+0000] {dag.py:3340} INFO - Setting next_dagrun for dataset_consumes_unknown_never_scheduled to None, run_after=None
[2024-12-03T16:42:30.638+0000] {logging_mixin.py:120} INFO - [2024-12-03T16:42:30.638+0000] {dag.py:3340} INFO - Setting next_dagrun for dataset_produces_1 to 2024-12-02T00:00:00+00:00, run_after=2024-12-03T00:00:00+00:00
[2024-12-03T16:42:30.642+0000] {logging_mixin.py:120} INFO - [2024-12-03T16:42:30.641+0000] {dag.py:3340} INFO - Setting next_dagrun for dataset_produces_2 to None, run_after=None
[2024-12-03T16:42:30.720+0000] {processor.py:176} INFO - Processing /home/airflow/.local/lib/python3.7/site-packages/airflow/example_dags/example_datasets.py took 0.276 seconds
[2024-12-03T16:43:00.911+0000] {processor.py:154} INFO - Started process (PID=5940) to work on /home/airflow/.local/lib/python3.7/site-packages/airflow/example_dags/example_datasets.py
[2024-12-03T16:43:00.913+0000] {processor.py:756} INFO - Processing file /home/airflow/.local/lib/python3.7/site-packages/airflow/example_dags/example_datasets.py for tasks to queue
[2024-12-03T16:43:00.915+0000] {logging_mixin.py:120} INFO - [2024-12-03T16:43:00.914+0000] {dagbag.py:537} INFO - Filling up the DagBag from /home/airflow/.local/lib/python3.7/site-packages/airflow/example_dags/example_datasets.py
[2024-12-03T16:43:00.954+0000] {processor.py:766} INFO - DAG(s) dict_keys(['dataset_produces_1', 'dataset_consumes_1_never_scheduled', 'dataset_consumes_1_and_2', 'dataset_consumes_1', 'dataset_produces_2', 'dataset_consumes_unknown_never_scheduled']) retrieved from /home/airflow/.local/lib/python3.7/site-packages/airflow/example_dags/example_datasets.py
[2024-12-03T16:43:01.109+0000] {logging_mixin.py:120} INFO - [2024-12-03T16:43:01.109+0000] {dag.py:2585} INFO - Sync 6 DAGs
[2024-12-03T16:43:01.173+0000] {logging_mixin.py:120} INFO - [2024-12-03T16:43:01.172+0000] {dag.py:3340} INFO - Setting next_dagrun for dataset_consumes_1 to None, run_after=None
[2024-12-03T16:43:01.182+0000] {logging_mixin.py:120} INFO - [2024-12-03T16:43:01.182+0000] {dag.py:3340} INFO - Setting next_dagrun for dataset_consumes_1_and_2 to None, run_after=None
[2024-12-03T16:43:01.187+0000] {logging_mixin.py:120} INFO - [2024-12-03T16:43:01.186+0000] {dag.py:3340} INFO - Setting next_dagrun for dataset_consumes_1_never_scheduled to None, run_after=None
[2024-12-03T16:43:01.192+0000] {logging_mixin.py:120} INFO - [2024-12-03T16:43:01.192+0000] {dag.py:3340} INFO - Setting next_dagrun for dataset_consumes_unknown_never_scheduled to None, run_after=None
[2024-12-03T16:43:01.202+0000] {logging_mixin.py:120} INFO - [2024-12-03T16:43:01.201+0000] {dag.py:3340} INFO - Setting next_dagrun for dataset_produces_1 to 2024-12-02T00:00:00+00:00, run_after=2024-12-03T00:00:00+00:00
[2024-12-03T16:43:01.206+0000] {logging_mixin.py:120} INFO - [2024-12-03T16:43:01.206+0000] {dag.py:3340} INFO - Setting next_dagrun for dataset_produces_2 to None, run_after=None
[2024-12-03T16:43:01.315+0000] {processor.py:176} INFO - Processing /home/airflow/.local/lib/python3.7/site-packages/airflow/example_dags/example_datasets.py took 0.407 seconds
[2024-12-03T16:43:32.208+0000] {processor.py:154} INFO - Started process (PID=6004) to work on /home/airflow/.local/lib/python3.7/site-packages/airflow/example_dags/example_datasets.py
[2024-12-03T16:43:32.211+0000] {processor.py:756} INFO - Processing file /home/airflow/.local/lib/python3.7/site-packages/airflow/example_dags/example_datasets.py for tasks to queue
[2024-12-03T16:43:32.213+0000] {logging_mixin.py:120} INFO - [2024-12-03T16:43:32.213+0000] {dagbag.py:537} INFO - Filling up the DagBag from /home/airflow/.local/lib/python3.7/site-packages/airflow/example_dags/example_datasets.py
[2024-12-03T16:43:32.263+0000] {processor.py:766} INFO - DAG(s) dict_keys(['dataset_produces_2', 'dataset_produces_1', 'dataset_consumes_unknown_never_scheduled', 'dataset_consumes_1', 'dataset_consumes_1_never_scheduled', 'dataset_consumes_1_and_2']) retrieved from /home/airflow/.local/lib/python3.7/site-packages/airflow/example_dags/example_datasets.py
[2024-12-03T16:43:32.411+0000] {logging_mixin.py:120} INFO - [2024-12-03T16:43:32.411+0000] {dag.py:2585} INFO - Sync 6 DAGs
[2024-12-03T16:43:32.478+0000] {logging_mixin.py:120} INFO - [2024-12-03T16:43:32.478+0000] {dag.py:3340} INFO - Setting next_dagrun for dataset_consumes_1 to None, run_after=None
[2024-12-03T16:43:32.486+0000] {logging_mixin.py:120} INFO - [2024-12-03T16:43:32.486+0000] {dag.py:3340} INFO - Setting next_dagrun for dataset_consumes_1_and_2 to None, run_after=None
[2024-12-03T16:43:32.491+0000] {logging_mixin.py:120} INFO - [2024-12-03T16:43:32.490+0000] {dag.py:3340} INFO - Setting next_dagrun for dataset_consumes_1_never_scheduled to None, run_after=None
[2024-12-03T16:43:32.494+0000] {logging_mixin.py:120} INFO - [2024-12-03T16:43:32.494+0000] {dag.py:3340} INFO - Setting next_dagrun for dataset_consumes_unknown_never_scheduled to None, run_after=None
[2024-12-03T16:43:32.499+0000] {logging_mixin.py:120} INFO - [2024-12-03T16:43:32.499+0000] {dag.py:3340} INFO - Setting next_dagrun for dataset_produces_1 to 2024-12-02T00:00:00+00:00, run_after=2024-12-03T00:00:00+00:00
[2024-12-03T16:43:32.505+0000] {logging_mixin.py:120} INFO - [2024-12-03T16:43:32.504+0000] {dag.py:3340} INFO - Setting next_dagrun for dataset_produces_2 to None, run_after=None
[2024-12-03T16:43:32.605+0000] {processor.py:176} INFO - Processing /home/airflow/.local/lib/python3.7/site-packages/airflow/example_dags/example_datasets.py took 0.412 seconds
[2024-12-03T16:44:02.675+0000] {processor.py:154} INFO - Started process (PID=6059) to work on /home/airflow/.local/lib/python3.7/site-packages/airflow/example_dags/example_datasets.py
[2024-12-03T16:44:02.678+0000] {processor.py:756} INFO - Processing file /home/airflow/.local/lib/python3.7/site-packages/airflow/example_dags/example_datasets.py for tasks to queue
[2024-12-03T16:44:02.680+0000] {logging_mixin.py:120} INFO - [2024-12-03T16:44:02.680+0000] {dagbag.py:537} INFO - Filling up the DagBag from /home/airflow/.local/lib/python3.7/site-packages/airflow/example_dags/example_datasets.py
[2024-12-03T16:44:02.721+0000] {processor.py:766} INFO - DAG(s) dict_keys(['dataset_consumes_1_and_2', 'dataset_consumes_1', 'dataset_produces_1', 'dataset_produces_2', 'dataset_consumes_1_never_scheduled', 'dataset_consumes_unknown_never_scheduled']) retrieved from /home/airflow/.local/lib/python3.7/site-packages/airflow/example_dags/example_datasets.py
[2024-12-03T16:44:02.838+0000] {logging_mixin.py:120} INFO - [2024-12-03T16:44:02.838+0000] {dag.py:2585} INFO - Sync 6 DAGs
[2024-12-03T16:44:02.899+0000] {logging_mixin.py:120} INFO - [2024-12-03T16:44:02.899+0000] {dag.py:3340} INFO - Setting next_dagrun for dataset_consumes_1 to None, run_after=None
[2024-12-03T16:44:02.907+0000] {logging_mixin.py:120} INFO - [2024-12-03T16:44:02.907+0000] {dag.py:3340} INFO - Setting next_dagrun for dataset_consumes_1_and_2 to None, run_after=None
[2024-12-03T16:44:02.913+0000] {logging_mixin.py:120} INFO - [2024-12-03T16:44:02.913+0000] {dag.py:3340} INFO - Setting next_dagrun for dataset_consumes_1_never_scheduled to None, run_after=None
[2024-12-03T16:44:02.916+0000] {logging_mixin.py:120} INFO - [2024-12-03T16:44:02.916+0000] {dag.py:3340} INFO - Setting next_dagrun for dataset_consumes_unknown_never_scheduled to None, run_after=None
[2024-12-03T16:44:02.922+0000] {logging_mixin.py:120} INFO - [2024-12-03T16:44:02.921+0000] {dag.py:3340} INFO - Setting next_dagrun for dataset_produces_1 to 2024-12-02T00:00:00+00:00, run_after=2024-12-03T00:00:00+00:00
[2024-12-03T16:44:02.926+0000] {logging_mixin.py:120} INFO - [2024-12-03T16:44:02.926+0000] {dag.py:3340} INFO - Setting next_dagrun for dataset_produces_2 to None, run_after=None
[2024-12-03T16:44:02.998+0000] {processor.py:176} INFO - Processing /home/airflow/.local/lib/python3.7/site-packages/airflow/example_dags/example_datasets.py took 0.331 seconds
[2024-12-03T16:44:33.374+0000] {processor.py:154} INFO - Started process (PID=6123) to work on /home/airflow/.local/lib/python3.7/site-packages/airflow/example_dags/example_datasets.py
[2024-12-03T16:44:33.375+0000] {processor.py:756} INFO - Processing file /home/airflow/.local/lib/python3.7/site-packages/airflow/example_dags/example_datasets.py for tasks to queue
[2024-12-03T16:44:33.376+0000] {logging_mixin.py:120} INFO - [2024-12-03T16:44:33.376+0000] {dagbag.py:537} INFO - Filling up the DagBag from /home/airflow/.local/lib/python3.7/site-packages/airflow/example_dags/example_datasets.py
[2024-12-03T16:44:33.396+0000] {processor.py:766} INFO - DAG(s) dict_keys(['dataset_consumes_unknown_never_scheduled', 'dataset_consumes_1', 'dataset_produces_2', 'dataset_produces_1', 'dataset_consumes_1_and_2', 'dataset_consumes_1_never_scheduled']) retrieved from /home/airflow/.local/lib/python3.7/site-packages/airflow/example_dags/example_datasets.py
[2024-12-03T16:44:33.477+0000] {logging_mixin.py:120} INFO - [2024-12-03T16:44:33.476+0000] {dag.py:2585} INFO - Sync 6 DAGs
[2024-12-03T16:44:33.529+0000] {logging_mixin.py:120} INFO - [2024-12-03T16:44:33.529+0000] {dag.py:3340} INFO - Setting next_dagrun for dataset_consumes_1 to None, run_after=None
[2024-12-03T16:44:33.534+0000] {logging_mixin.py:120} INFO - [2024-12-03T16:44:33.534+0000] {dag.py:3340} INFO - Setting next_dagrun for dataset_consumes_1_and_2 to None, run_after=None
[2024-12-03T16:44:33.537+0000] {logging_mixin.py:120} INFO - [2024-12-03T16:44:33.537+0000] {dag.py:3340} INFO - Setting next_dagrun for dataset_consumes_1_never_scheduled to None, run_after=None
[2024-12-03T16:44:33.540+0000] {logging_mixin.py:120} INFO - [2024-12-03T16:44:33.540+0000] {dag.py:3340} INFO - Setting next_dagrun for dataset_consumes_unknown_never_scheduled to None, run_after=None
[2024-12-03T16:44:33.545+0000] {logging_mixin.py:120} INFO - [2024-12-03T16:44:33.545+0000] {dag.py:3340} INFO - Setting next_dagrun for dataset_produces_1 to 2024-12-02T00:00:00+00:00, run_after=2024-12-03T00:00:00+00:00
[2024-12-03T16:44:33.549+0000] {logging_mixin.py:120} INFO - [2024-12-03T16:44:33.549+0000] {dag.py:3340} INFO - Setting next_dagrun for dataset_produces_2 to None, run_after=None
[2024-12-03T16:44:33.608+0000] {processor.py:176} INFO - Processing /home/airflow/.local/lib/python3.7/site-packages/airflow/example_dags/example_datasets.py took 0.238 seconds
[2024-12-03T16:45:04.125+0000] {processor.py:154} INFO - Started process (PID=6182) to work on /home/airflow/.local/lib/python3.7/site-packages/airflow/example_dags/example_datasets.py
[2024-12-03T16:45:04.127+0000] {processor.py:756} INFO - Processing file /home/airflow/.local/lib/python3.7/site-packages/airflow/example_dags/example_datasets.py for tasks to queue
[2024-12-03T16:45:04.129+0000] {logging_mixin.py:120} INFO - [2024-12-03T16:45:04.129+0000] {dagbag.py:537} INFO - Filling up the DagBag from /home/airflow/.local/lib/python3.7/site-packages/airflow/example_dags/example_datasets.py
[2024-12-03T16:45:04.173+0000] {processor.py:766} INFO - DAG(s) dict_keys(['dataset_consumes_1_never_scheduled', 'dataset_consumes_unknown_never_scheduled', 'dataset_consumes_1_and_2', 'dataset_consumes_1', 'dataset_produces_2', 'dataset_produces_1']) retrieved from /home/airflow/.local/lib/python3.7/site-packages/airflow/example_dags/example_datasets.py
[2024-12-03T16:45:04.304+0000] {logging_mixin.py:120} INFO - [2024-12-03T16:45:04.303+0000] {dag.py:2585} INFO - Sync 6 DAGs
[2024-12-03T16:45:04.351+0000] {logging_mixin.py:120} INFO - [2024-12-03T16:45:04.351+0000] {dag.py:3340} INFO - Setting next_dagrun for dataset_consumes_1 to None, run_after=None
[2024-12-03T16:45:04.358+0000] {logging_mixin.py:120} INFO - [2024-12-03T16:45:04.358+0000] {dag.py:3340} INFO - Setting next_dagrun for dataset_consumes_1_and_2 to None, run_after=None
[2024-12-03T16:45:04.361+0000] {logging_mixin.py:120} INFO - [2024-12-03T16:45:04.360+0000] {dag.py:3340} INFO - Setting next_dagrun for dataset_consumes_1_never_scheduled to None, run_after=None
[2024-12-03T16:45:04.365+0000] {logging_mixin.py:120} INFO - [2024-12-03T16:45:04.364+0000] {dag.py:3340} INFO - Setting next_dagrun for dataset_consumes_unknown_never_scheduled to None, run_after=None
[2024-12-03T16:45:04.369+0000] {logging_mixin.py:120} INFO - [2024-12-03T16:45:04.369+0000] {dag.py:3340} INFO - Setting next_dagrun for dataset_produces_1 to 2024-12-02T00:00:00+00:00, run_after=2024-12-03T00:00:00+00:00
[2024-12-03T16:45:04.373+0000] {logging_mixin.py:120} INFO - [2024-12-03T16:45:04.372+0000] {dag.py:3340} INFO - Setting next_dagrun for dataset_produces_2 to None, run_after=None
[2024-12-03T16:45:04.438+0000] {processor.py:176} INFO - Processing /home/airflow/.local/lib/python3.7/site-packages/airflow/example_dags/example_datasets.py took 0.324 seconds
[2024-12-03T16:45:34.509+0000] {processor.py:154} INFO - Started process (PID=6250) to work on /home/airflow/.local/lib/python3.7/site-packages/airflow/example_dags/example_datasets.py
[2024-12-03T16:45:34.511+0000] {processor.py:756} INFO - Processing file /home/airflow/.local/lib/python3.7/site-packages/airflow/example_dags/example_datasets.py for tasks to queue
[2024-12-03T16:45:34.512+0000] {logging_mixin.py:120} INFO - [2024-12-03T16:45:34.512+0000] {dagbag.py:537} INFO - Filling up the DagBag from /home/airflow/.local/lib/python3.7/site-packages/airflow/example_dags/example_datasets.py
[2024-12-03T16:45:34.537+0000] {processor.py:766} INFO - DAG(s) dict_keys(['dataset_produces_1', 'dataset_consumes_1_and_2', 'dataset_produces_2', 'dataset_consumes_unknown_never_scheduled', 'dataset_consumes_1', 'dataset_consumes_1_never_scheduled']) retrieved from /home/airflow/.local/lib/python3.7/site-packages/airflow/example_dags/example_datasets.py
[2024-12-03T16:45:34.616+0000] {logging_mixin.py:120} INFO - [2024-12-03T16:45:34.616+0000] {dag.py:2585} INFO - Sync 6 DAGs
[2024-12-03T16:45:34.650+0000] {logging_mixin.py:120} INFO - [2024-12-03T16:45:34.650+0000] {dag.py:3340} INFO - Setting next_dagrun for dataset_consumes_1 to None, run_after=None
[2024-12-03T16:45:34.657+0000] {logging_mixin.py:120} INFO - [2024-12-03T16:45:34.656+0000] {dag.py:3340} INFO - Setting next_dagrun for dataset_consumes_1_and_2 to None, run_after=None
[2024-12-03T16:45:34.660+0000] {logging_mixin.py:120} INFO - [2024-12-03T16:45:34.660+0000] {dag.py:3340} INFO - Setting next_dagrun for dataset_consumes_1_never_scheduled to None, run_after=None
[2024-12-03T16:45:34.663+0000] {logging_mixin.py:120} INFO - [2024-12-03T16:45:34.663+0000] {dag.py:3340} INFO - Setting next_dagrun for dataset_consumes_unknown_never_scheduled to None, run_after=None
[2024-12-03T16:45:34.666+0000] {logging_mixin.py:120} INFO - [2024-12-03T16:45:34.666+0000] {dag.py:3340} INFO - Setting next_dagrun for dataset_produces_1 to 2024-12-02T00:00:00+00:00, run_after=2024-12-03T00:00:00+00:00
[2024-12-03T16:45:34.670+0000] {logging_mixin.py:120} INFO - [2024-12-03T16:45:34.669+0000] {dag.py:3340} INFO - Setting next_dagrun for dataset_produces_2 to None, run_after=None
[2024-12-03T16:45:34.720+0000] {processor.py:176} INFO - Processing /home/airflow/.local/lib/python3.7/site-packages/airflow/example_dags/example_datasets.py took 0.214 seconds
[2024-12-03T16:46:05.160+0000] {processor.py:154} INFO - Started process (PID=6305) to work on /home/airflow/.local/lib/python3.7/site-packages/airflow/example_dags/example_datasets.py
[2024-12-03T16:46:05.161+0000] {processor.py:756} INFO - Processing file /home/airflow/.local/lib/python3.7/site-packages/airflow/example_dags/example_datasets.py for tasks to queue
[2024-12-03T16:46:05.162+0000] {logging_mixin.py:120} INFO - [2024-12-03T16:46:05.162+0000] {dagbag.py:537} INFO - Filling up the DagBag from /home/airflow/.local/lib/python3.7/site-packages/airflow/example_dags/example_datasets.py
[2024-12-03T16:46:05.184+0000] {processor.py:766} INFO - DAG(s) dict_keys(['dataset_consumes_unknown_never_scheduled', 'dataset_consumes_1_never_scheduled', 'dataset_consumes_1_and_2', 'dataset_produces_2', 'dataset_produces_1', 'dataset_consumes_1']) retrieved from /home/airflow/.local/lib/python3.7/site-packages/airflow/example_dags/example_datasets.py
[2024-12-03T16:46:05.301+0000] {logging_mixin.py:120} INFO - [2024-12-03T16:46:05.301+0000] {dag.py:2585} INFO - Sync 6 DAGs
[2024-12-03T16:46:05.361+0000] {logging_mixin.py:120} INFO - [2024-12-03T16:46:05.360+0000] {dag.py:3340} INFO - Setting next_dagrun for dataset_consumes_1 to None, run_after=None
[2024-12-03T16:46:05.372+0000] {logging_mixin.py:120} INFO - [2024-12-03T16:46:05.372+0000] {dag.py:3340} INFO - Setting next_dagrun for dataset_consumes_1_and_2 to None, run_after=None
[2024-12-03T16:46:05.375+0000] {logging_mixin.py:120} INFO - [2024-12-03T16:46:05.375+0000] {dag.py:3340} INFO - Setting next_dagrun for dataset_consumes_1_never_scheduled to None, run_after=None
[2024-12-03T16:46:05.379+0000] {logging_mixin.py:120} INFO - [2024-12-03T16:46:05.379+0000] {dag.py:3340} INFO - Setting next_dagrun for dataset_consumes_unknown_never_scheduled to None, run_after=None
[2024-12-03T16:46:05.385+0000] {logging_mixin.py:120} INFO - [2024-12-03T16:46:05.385+0000] {dag.py:3340} INFO - Setting next_dagrun for dataset_produces_1 to 2024-12-02T00:00:00+00:00, run_after=2024-12-03T00:00:00+00:00
[2024-12-03T16:46:05.389+0000] {logging_mixin.py:120} INFO - [2024-12-03T16:46:05.389+0000] {dag.py:3340} INFO - Setting next_dagrun for dataset_produces_2 to None, run_after=None
[2024-12-03T16:46:05.488+0000] {processor.py:176} INFO - Processing /home/airflow/.local/lib/python3.7/site-packages/airflow/example_dags/example_datasets.py took 0.332 seconds
[2024-12-03T16:46:36.936+0000] {processor.py:154} INFO - Started process (PID=6382) to work on /home/airflow/.local/lib/python3.7/site-packages/airflow/example_dags/example_datasets.py
[2024-12-03T16:46:36.939+0000] {processor.py:756} INFO - Processing file /home/airflow/.local/lib/python3.7/site-packages/airflow/example_dags/example_datasets.py for tasks to queue
[2024-12-03T16:46:36.941+0000] {logging_mixin.py:120} INFO - [2024-12-03T16:46:36.941+0000] {dagbag.py:537} INFO - Filling up the DagBag from /home/airflow/.local/lib/python3.7/site-packages/airflow/example_dags/example_datasets.py
[2024-12-03T16:46:36.986+0000] {processor.py:766} INFO - DAG(s) dict_keys(['dataset_produces_1', 'dataset_consumes_1_never_scheduled', 'dataset_consumes_unknown_never_scheduled', 'dataset_produces_2', 'dataset_consumes_1_and_2', 'dataset_consumes_1']) retrieved from /home/airflow/.local/lib/python3.7/site-packages/airflow/example_dags/example_datasets.py
[2024-12-03T16:46:37.130+0000] {logging_mixin.py:120} INFO - [2024-12-03T16:46:37.129+0000] {dag.py:2585} INFO - Sync 6 DAGs
[2024-12-03T16:46:37.229+0000] {logging_mixin.py:120} INFO - [2024-12-03T16:46:37.228+0000] {dag.py:3340} INFO - Setting next_dagrun for dataset_consumes_1 to None, run_after=None
[2024-12-03T16:46:37.252+0000] {logging_mixin.py:120} INFO - [2024-12-03T16:46:37.251+0000] {dag.py:3340} INFO - Setting next_dagrun for dataset_consumes_1_and_2 to None, run_after=None
[2024-12-03T16:46:37.257+0000] {logging_mixin.py:120} INFO - [2024-12-03T16:46:37.256+0000] {dag.py:3340} INFO - Setting next_dagrun for dataset_consumes_1_never_scheduled to None, run_after=None
[2024-12-03T16:46:37.263+0000] {logging_mixin.py:120} INFO - [2024-12-03T16:46:37.263+0000] {dag.py:3340} INFO - Setting next_dagrun for dataset_consumes_unknown_never_scheduled to None, run_after=None
[2024-12-03T16:46:37.284+0000] {logging_mixin.py:120} INFO - [2024-12-03T16:46:37.284+0000] {dag.py:3340} INFO - Setting next_dagrun for dataset_produces_1 to 2024-12-02T00:00:00+00:00, run_after=2024-12-03T00:00:00+00:00
[2024-12-03T16:46:37.292+0000] {logging_mixin.py:120} INFO - [2024-12-03T16:46:37.292+0000] {dag.py:3340} INFO - Setting next_dagrun for dataset_produces_2 to None, run_after=None
[2024-12-03T16:46:37.395+0000] {processor.py:176} INFO - Processing /home/airflow/.local/lib/python3.7/site-packages/airflow/example_dags/example_datasets.py took 0.471 seconds
[2024-12-03T16:47:08.342+0000] {processor.py:154} INFO - Started process (PID=6451) to work on /home/airflow/.local/lib/python3.7/site-packages/airflow/example_dags/example_datasets.py
[2024-12-03T16:47:08.349+0000] {processor.py:756} INFO - Processing file /home/airflow/.local/lib/python3.7/site-packages/airflow/example_dags/example_datasets.py for tasks to queue
[2024-12-03T16:47:08.353+0000] {logging_mixin.py:120} INFO - [2024-12-03T16:47:08.353+0000] {dagbag.py:537} INFO - Filling up the DagBag from /home/airflow/.local/lib/python3.7/site-packages/airflow/example_dags/example_datasets.py
[2024-12-03T16:47:08.422+0000] {processor.py:766} INFO - DAG(s) dict_keys(['dataset_consumes_1_and_2', 'dataset_produces_1', 'dataset_produces_2', 'dataset_consumes_1', 'dataset_consumes_1_never_scheduled', 'dataset_consumes_unknown_never_scheduled']) retrieved from /home/airflow/.local/lib/python3.7/site-packages/airflow/example_dags/example_datasets.py
[2024-12-03T16:47:08.593+0000] {logging_mixin.py:120} INFO - [2024-12-03T16:47:08.593+0000] {dag.py:2585} INFO - Sync 6 DAGs
[2024-12-03T16:47:08.666+0000] {logging_mixin.py:120} INFO - [2024-12-03T16:47:08.665+0000] {dag.py:3340} INFO - Setting next_dagrun for dataset_consumes_1 to None, run_after=None
[2024-12-03T16:47:08.675+0000] {logging_mixin.py:120} INFO - [2024-12-03T16:47:08.674+0000] {dag.py:3340} INFO - Setting next_dagrun for dataset_consumes_1_and_2 to None, run_after=None
[2024-12-03T16:47:08.680+0000] {logging_mixin.py:120} INFO - [2024-12-03T16:47:08.679+0000] {dag.py:3340} INFO - Setting next_dagrun for dataset_consumes_1_never_scheduled to None, run_after=None
[2024-12-03T16:47:08.683+0000] {logging_mixin.py:120} INFO - [2024-12-03T16:47:08.683+0000] {dag.py:3340} INFO - Setting next_dagrun for dataset_consumes_unknown_never_scheduled to None, run_after=None
[2024-12-03T16:47:08.688+0000] {logging_mixin.py:120} INFO - [2024-12-03T16:47:08.688+0000] {dag.py:3340} INFO - Setting next_dagrun for dataset_produces_1 to 2024-12-02T00:00:00+00:00, run_after=2024-12-03T00:00:00+00:00
[2024-12-03T16:47:08.692+0000] {logging_mixin.py:120} INFO - [2024-12-03T16:47:08.692+0000] {dag.py:3340} INFO - Setting next_dagrun for dataset_produces_2 to None, run_after=None
[2024-12-03T16:47:08.766+0000] {processor.py:176} INFO - Processing /home/airflow/.local/lib/python3.7/site-packages/airflow/example_dags/example_datasets.py took 0.433 seconds
[2024-12-03T16:47:39.589+0000] {processor.py:154} INFO - Started process (PID=6507) to work on /home/airflow/.local/lib/python3.7/site-packages/airflow/example_dags/example_datasets.py
[2024-12-03T16:47:39.590+0000] {processor.py:756} INFO - Processing file /home/airflow/.local/lib/python3.7/site-packages/airflow/example_dags/example_datasets.py for tasks to queue
[2024-12-03T16:47:39.591+0000] {logging_mixin.py:120} INFO - [2024-12-03T16:47:39.591+0000] {dagbag.py:537} INFO - Filling up the DagBag from /home/airflow/.local/lib/python3.7/site-packages/airflow/example_dags/example_datasets.py
[2024-12-03T16:47:39.610+0000] {processor.py:766} INFO - DAG(s) dict_keys(['dataset_produces_2', 'dataset_consumes_1_never_scheduled', 'dataset_consumes_1', 'dataset_produces_1', 'dataset_consumes_unknown_never_scheduled', 'dataset_consumes_1_and_2']) retrieved from /home/airflow/.local/lib/python3.7/site-packages/airflow/example_dags/example_datasets.py
[2024-12-03T16:47:39.693+0000] {logging_mixin.py:120} INFO - [2024-12-03T16:47:39.693+0000] {dag.py:2585} INFO - Sync 6 DAGs
[2024-12-03T16:47:39.729+0000] {logging_mixin.py:120} INFO - [2024-12-03T16:47:39.729+0000] {dag.py:3340} INFO - Setting next_dagrun for dataset_consumes_1 to None, run_after=None
[2024-12-03T16:47:39.735+0000] {logging_mixin.py:120} INFO - [2024-12-03T16:47:39.735+0000] {dag.py:3340} INFO - Setting next_dagrun for dataset_consumes_1_and_2 to None, run_after=None
[2024-12-03T16:47:39.739+0000] {logging_mixin.py:120} INFO - [2024-12-03T16:47:39.738+0000] {dag.py:3340} INFO - Setting next_dagrun for dataset_consumes_1_never_scheduled to None, run_after=None
[2024-12-03T16:47:39.742+0000] {logging_mixin.py:120} INFO - [2024-12-03T16:47:39.741+0000] {dag.py:3340} INFO - Setting next_dagrun for dataset_consumes_unknown_never_scheduled to None, run_after=None
[2024-12-03T16:47:39.746+0000] {logging_mixin.py:120} INFO - [2024-12-03T16:47:39.746+0000] {dag.py:3340} INFO - Setting next_dagrun for dataset_produces_1 to 2024-12-02T00:00:00+00:00, run_after=2024-12-03T00:00:00+00:00
[2024-12-03T16:47:39.750+0000] {logging_mixin.py:120} INFO - [2024-12-03T16:47:39.749+0000] {dag.py:3340} INFO - Setting next_dagrun for dataset_produces_2 to None, run_after=None
[2024-12-03T16:47:39.811+0000] {processor.py:176} INFO - Processing /home/airflow/.local/lib/python3.7/site-packages/airflow/example_dags/example_datasets.py took 0.227 seconds
[2024-12-03T16:48:10.079+0000] {processor.py:154} INFO - Started process (PID=6571) to work on /home/airflow/.local/lib/python3.7/site-packages/airflow/example_dags/example_datasets.py
[2024-12-03T16:48:10.081+0000] {processor.py:756} INFO - Processing file /home/airflow/.local/lib/python3.7/site-packages/airflow/example_dags/example_datasets.py for tasks to queue
[2024-12-03T16:48:10.083+0000] {logging_mixin.py:120} INFO - [2024-12-03T16:48:10.082+0000] {dagbag.py:537} INFO - Filling up the DagBag from /home/airflow/.local/lib/python3.7/site-packages/airflow/example_dags/example_datasets.py
[2024-12-03T16:48:10.105+0000] {processor.py:766} INFO - DAG(s) dict_keys(['dataset_consumes_1_never_scheduled', 'dataset_produces_1', 'dataset_produces_2', 'dataset_consumes_1_and_2', 'dataset_consumes_unknown_never_scheduled', 'dataset_consumes_1']) retrieved from /home/airflow/.local/lib/python3.7/site-packages/airflow/example_dags/example_datasets.py
[2024-12-03T16:48:10.185+0000] {logging_mixin.py:120} INFO - [2024-12-03T16:48:10.185+0000] {dag.py:2585} INFO - Sync 6 DAGs
[2024-12-03T16:48:10.217+0000] {logging_mixin.py:120} INFO - [2024-12-03T16:48:10.217+0000] {dag.py:3340} INFO - Setting next_dagrun for dataset_consumes_1 to None, run_after=None
[2024-12-03T16:48:10.222+0000] {logging_mixin.py:120} INFO - [2024-12-03T16:48:10.222+0000] {dag.py:3340} INFO - Setting next_dagrun for dataset_consumes_1_and_2 to None, run_after=None
[2024-12-03T16:48:10.225+0000] {logging_mixin.py:120} INFO - [2024-12-03T16:48:10.224+0000] {dag.py:3340} INFO - Setting next_dagrun for dataset_consumes_1_never_scheduled to None, run_after=None
[2024-12-03T16:48:10.228+0000] {logging_mixin.py:120} INFO - [2024-12-03T16:48:10.228+0000] {dag.py:3340} INFO - Setting next_dagrun for dataset_consumes_unknown_never_scheduled to None, run_after=None
[2024-12-03T16:48:10.232+0000] {logging_mixin.py:120} INFO - [2024-12-03T16:48:10.232+0000] {dag.py:3340} INFO - Setting next_dagrun for dataset_produces_1 to 2024-12-02T00:00:00+00:00, run_after=2024-12-03T00:00:00+00:00
[2024-12-03T16:48:10.235+0000] {logging_mixin.py:120} INFO - [2024-12-03T16:48:10.235+0000] {dag.py:3340} INFO - Setting next_dagrun for dataset_produces_2 to None, run_after=None
[2024-12-03T16:48:10.283+0000] {processor.py:176} INFO - Processing /home/airflow/.local/lib/python3.7/site-packages/airflow/example_dags/example_datasets.py took 0.208 seconds
[2024-12-03T16:48:41.052+0000] {processor.py:154} INFO - Started process (PID=6627) to work on /home/airflow/.local/lib/python3.7/site-packages/airflow/example_dags/example_datasets.py
[2024-12-03T16:48:41.056+0000] {processor.py:756} INFO - Processing file /home/airflow/.local/lib/python3.7/site-packages/airflow/example_dags/example_datasets.py for tasks to queue
[2024-12-03T16:48:41.059+0000] {logging_mixin.py:120} INFO - [2024-12-03T16:48:41.058+0000] {dagbag.py:537} INFO - Filling up the DagBag from /home/airflow/.local/lib/python3.7/site-packages/airflow/example_dags/example_datasets.py
[2024-12-03T16:48:41.088+0000] {processor.py:766} INFO - DAG(s) dict_keys(['dataset_consumes_1_never_scheduled', 'dataset_consumes_unknown_never_scheduled', 'dataset_produces_2', 'dataset_consumes_1', 'dataset_consumes_1_and_2', 'dataset_produces_1']) retrieved from /home/airflow/.local/lib/python3.7/site-packages/airflow/example_dags/example_datasets.py
[2024-12-03T16:48:41.205+0000] {logging_mixin.py:120} INFO - [2024-12-03T16:48:41.205+0000] {dag.py:2585} INFO - Sync 6 DAGs
[2024-12-03T16:48:41.254+0000] {logging_mixin.py:120} INFO - [2024-12-03T16:48:41.254+0000] {dag.py:3340} INFO - Setting next_dagrun for dataset_consumes_1 to None, run_after=None
[2024-12-03T16:48:41.261+0000] {logging_mixin.py:120} INFO - [2024-12-03T16:48:41.260+0000] {dag.py:3340} INFO - Setting next_dagrun for dataset_consumes_1_and_2 to None, run_after=None
[2024-12-03T16:48:41.265+0000] {logging_mixin.py:120} INFO - [2024-12-03T16:48:41.265+0000] {dag.py:3340} INFO - Setting next_dagrun for dataset_consumes_1_never_scheduled to None, run_after=None
[2024-12-03T16:48:41.269+0000] {logging_mixin.py:120} INFO - [2024-12-03T16:48:41.269+0000] {dag.py:3340} INFO - Setting next_dagrun for dataset_consumes_unknown_never_scheduled to None, run_after=None
[2024-12-03T16:48:41.274+0000] {logging_mixin.py:120} INFO - [2024-12-03T16:48:41.274+0000] {dag.py:3340} INFO - Setting next_dagrun for dataset_produces_1 to 2024-12-02T00:00:00+00:00, run_after=2024-12-03T00:00:00+00:00
[2024-12-03T16:48:41.278+0000] {logging_mixin.py:120} INFO - [2024-12-03T16:48:41.277+0000] {dag.py:3340} INFO - Setting next_dagrun for dataset_produces_2 to None, run_after=None
[2024-12-03T16:48:41.344+0000] {processor.py:176} INFO - Processing /home/airflow/.local/lib/python3.7/site-packages/airflow/example_dags/example_datasets.py took 0.297 seconds
[2024-12-03T16:49:11.394+0000] {processor.py:154} INFO - Started process (PID=6691) to work on /home/airflow/.local/lib/python3.7/site-packages/airflow/example_dags/example_datasets.py
[2024-12-03T16:49:11.395+0000] {processor.py:756} INFO - Processing file /home/airflow/.local/lib/python3.7/site-packages/airflow/example_dags/example_datasets.py for tasks to queue
[2024-12-03T16:49:11.397+0000] {logging_mixin.py:120} INFO - [2024-12-03T16:49:11.397+0000] {dagbag.py:537} INFO - Filling up the DagBag from /home/airflow/.local/lib/python3.7/site-packages/airflow/example_dags/example_datasets.py
[2024-12-03T16:49:11.417+0000] {processor.py:766} INFO - DAG(s) dict_keys(['dataset_produces_1', 'dataset_consumes_1', 'dataset_consumes_1_and_2', 'dataset_consumes_unknown_never_scheduled', 'dataset_consumes_1_never_scheduled', 'dataset_produces_2']) retrieved from /home/airflow/.local/lib/python3.7/site-packages/airflow/example_dags/example_datasets.py
[2024-12-03T16:49:11.497+0000] {logging_mixin.py:120} INFO - [2024-12-03T16:49:11.497+0000] {dag.py:2585} INFO - Sync 6 DAGs
[2024-12-03T16:49:11.531+0000] {logging_mixin.py:120} INFO - [2024-12-03T16:49:11.530+0000] {dag.py:3340} INFO - Setting next_dagrun for dataset_consumes_1 to None, run_after=None
[2024-12-03T16:49:11.538+0000] {logging_mixin.py:120} INFO - [2024-12-03T16:49:11.537+0000] {dag.py:3340} INFO - Setting next_dagrun for dataset_consumes_1_and_2 to None, run_after=None
[2024-12-03T16:49:11.541+0000] {logging_mixin.py:120} INFO - [2024-12-03T16:49:11.541+0000] {dag.py:3340} INFO - Setting next_dagrun for dataset_consumes_1_never_scheduled to None, run_after=None
[2024-12-03T16:49:11.544+0000] {logging_mixin.py:120} INFO - [2024-12-03T16:49:11.543+0000] {dag.py:3340} INFO - Setting next_dagrun for dataset_consumes_unknown_never_scheduled to None, run_after=None
[2024-12-03T16:49:11.550+0000] {logging_mixin.py:120} INFO - [2024-12-03T16:49:11.550+0000] {dag.py:3340} INFO - Setting next_dagrun for dataset_produces_1 to 2024-12-02T00:00:00+00:00, run_after=2024-12-03T00:00:00+00:00
[2024-12-03T16:49:11.553+0000] {logging_mixin.py:120} INFO - [2024-12-03T16:49:11.553+0000] {dag.py:3340} INFO - Setting next_dagrun for dataset_produces_2 to None, run_after=None
[2024-12-03T16:49:11.604+0000] {processor.py:176} INFO - Processing /home/airflow/.local/lib/python3.7/site-packages/airflow/example_dags/example_datasets.py took 0.213 seconds
[2024-12-03T16:49:41.851+0000] {processor.py:154} INFO - Started process (PID=6746) to work on /home/airflow/.local/lib/python3.7/site-packages/airflow/example_dags/example_datasets.py
[2024-12-03T16:49:41.853+0000] {processor.py:756} INFO - Processing file /home/airflow/.local/lib/python3.7/site-packages/airflow/example_dags/example_datasets.py for tasks to queue
[2024-12-03T16:49:41.855+0000] {logging_mixin.py:120} INFO - [2024-12-03T16:49:41.855+0000] {dagbag.py:537} INFO - Filling up the DagBag from /home/airflow/.local/lib/python3.7/site-packages/airflow/example_dags/example_datasets.py
[2024-12-03T16:49:41.884+0000] {processor.py:766} INFO - DAG(s) dict_keys(['dataset_produces_2', 'dataset_produces_1', 'dataset_consumes_1_and_2', 'dataset_consumes_unknown_never_scheduled', 'dataset_consumes_1_never_scheduled', 'dataset_consumes_1']) retrieved from /home/airflow/.local/lib/python3.7/site-packages/airflow/example_dags/example_datasets.py
[2024-12-03T16:49:41.998+0000] {logging_mixin.py:120} INFO - [2024-12-03T16:49:41.997+0000] {dag.py:2585} INFO - Sync 6 DAGs
[2024-12-03T16:49:42.050+0000] {logging_mixin.py:120} INFO - [2024-12-03T16:49:42.050+0000] {dag.py:3340} INFO - Setting next_dagrun for dataset_consumes_1 to None, run_after=None
[2024-12-03T16:49:42.059+0000] {logging_mixin.py:120} INFO - [2024-12-03T16:49:42.059+0000] {dag.py:3340} INFO - Setting next_dagrun for dataset_consumes_1_and_2 to None, run_after=None
[2024-12-03T16:49:42.062+0000] {logging_mixin.py:120} INFO - [2024-12-03T16:49:42.062+0000] {dag.py:3340} INFO - Setting next_dagrun for dataset_consumes_1_never_scheduled to None, run_after=None
[2024-12-03T16:49:42.069+0000] {logging_mixin.py:120} INFO - [2024-12-03T16:49:42.068+0000] {dag.py:3340} INFO - Setting next_dagrun for dataset_consumes_unknown_never_scheduled to None, run_after=None
[2024-12-03T16:49:42.076+0000] {logging_mixin.py:120} INFO - [2024-12-03T16:49:42.076+0000] {dag.py:3340} INFO - Setting next_dagrun for dataset_produces_1 to 2024-12-02T00:00:00+00:00, run_after=2024-12-03T00:00:00+00:00
[2024-12-03T16:49:42.080+0000] {logging_mixin.py:120} INFO - [2024-12-03T16:49:42.080+0000] {dag.py:3340} INFO - Setting next_dagrun for dataset_produces_2 to None, run_after=None
[2024-12-03T16:49:42.138+0000] {processor.py:176} INFO - Processing /home/airflow/.local/lib/python3.7/site-packages/airflow/example_dags/example_datasets.py took 0.292 seconds
[2024-12-03T16:50:12.337+0000] {processor.py:154} INFO - Started process (PID=6810) to work on /home/airflow/.local/lib/python3.7/site-packages/airflow/example_dags/example_datasets.py
[2024-12-03T16:50:12.339+0000] {processor.py:756} INFO - Processing file /home/airflow/.local/lib/python3.7/site-packages/airflow/example_dags/example_datasets.py for tasks to queue
[2024-12-03T16:50:12.340+0000] {logging_mixin.py:120} INFO - [2024-12-03T16:50:12.340+0000] {dagbag.py:537} INFO - Filling up the DagBag from /home/airflow/.local/lib/python3.7/site-packages/airflow/example_dags/example_datasets.py
[2024-12-03T16:50:12.364+0000] {processor.py:766} INFO - DAG(s) dict_keys(['dataset_consumes_unknown_never_scheduled', 'dataset_consumes_1', 'dataset_consumes_1_never_scheduled', 'dataset_produces_2', 'dataset_consumes_1_and_2', 'dataset_produces_1']) retrieved from /home/airflow/.local/lib/python3.7/site-packages/airflow/example_dags/example_datasets.py
[2024-12-03T16:50:12.448+0000] {logging_mixin.py:120} INFO - [2024-12-03T16:50:12.448+0000] {dag.py:2585} INFO - Sync 6 DAGs
[2024-12-03T16:50:12.489+0000] {logging_mixin.py:120} INFO - [2024-12-03T16:50:12.489+0000] {dag.py:3340} INFO - Setting next_dagrun for dataset_consumes_1 to None, run_after=None
[2024-12-03T16:50:12.499+0000] {logging_mixin.py:120} INFO - [2024-12-03T16:50:12.497+0000] {dag.py:3340} INFO - Setting next_dagrun for dataset_consumes_1_and_2 to None, run_after=None
[2024-12-03T16:50:12.502+0000] {logging_mixin.py:120} INFO - [2024-12-03T16:50:12.502+0000] {dag.py:3340} INFO - Setting next_dagrun for dataset_consumes_1_never_scheduled to None, run_after=None
[2024-12-03T16:50:12.505+0000] {logging_mixin.py:120} INFO - [2024-12-03T16:50:12.505+0000] {dag.py:3340} INFO - Setting next_dagrun for dataset_consumes_unknown_never_scheduled to None, run_after=None
[2024-12-03T16:50:12.510+0000] {logging_mixin.py:120} INFO - [2024-12-03T16:50:12.509+0000] {dag.py:3340} INFO - Setting next_dagrun for dataset_produces_1 to 2024-12-02T00:00:00+00:00, run_after=2024-12-03T00:00:00+00:00
[2024-12-03T16:50:12.512+0000] {logging_mixin.py:120} INFO - [2024-12-03T16:50:12.512+0000] {dag.py:3340} INFO - Setting next_dagrun for dataset_produces_2 to None, run_after=None
[2024-12-03T16:50:12.568+0000] {processor.py:176} INFO - Processing /home/airflow/.local/lib/python3.7/site-packages/airflow/example_dags/example_datasets.py took 0.233 seconds
[2024-12-03T16:50:42.684+0000] {processor.py:154} INFO - Started process (PID=6874) to work on /home/airflow/.local/lib/python3.7/site-packages/airflow/example_dags/example_datasets.py
[2024-12-03T16:50:42.686+0000] {processor.py:756} INFO - Processing file /home/airflow/.local/lib/python3.7/site-packages/airflow/example_dags/example_datasets.py for tasks to queue
[2024-12-03T16:50:42.689+0000] {logging_mixin.py:120} INFO - [2024-12-03T16:50:42.689+0000] {dagbag.py:537} INFO - Filling up the DagBag from /home/airflow/.local/lib/python3.7/site-packages/airflow/example_dags/example_datasets.py
[2024-12-03T16:50:42.709+0000] {processor.py:766} INFO - DAG(s) dict_keys(['dataset_produces_1', 'dataset_consumes_1', 'dataset_consumes_1_never_scheduled', 'dataset_produces_2', 'dataset_consumes_1_and_2', 'dataset_consumes_unknown_never_scheduled']) retrieved from /home/airflow/.local/lib/python3.7/site-packages/airflow/example_dags/example_datasets.py
[2024-12-03T16:50:42.827+0000] {logging_mixin.py:120} INFO - [2024-12-03T16:50:42.827+0000] {dag.py:2585} INFO - Sync 6 DAGs
[2024-12-03T16:50:42.869+0000] {logging_mixin.py:120} INFO - [2024-12-03T16:50:42.869+0000] {dag.py:3340} INFO - Setting next_dagrun for dataset_consumes_1 to None, run_after=None
[2024-12-03T16:50:42.881+0000] {logging_mixin.py:120} INFO - [2024-12-03T16:50:42.880+0000] {dag.py:3340} INFO - Setting next_dagrun for dataset_consumes_1_and_2 to None, run_after=None
[2024-12-03T16:50:42.884+0000] {logging_mixin.py:120} INFO - [2024-12-03T16:50:42.884+0000] {dag.py:3340} INFO - Setting next_dagrun for dataset_consumes_1_never_scheduled to None, run_after=None
[2024-12-03T16:50:42.888+0000] {logging_mixin.py:120} INFO - [2024-12-03T16:50:42.887+0000] {dag.py:3340} INFO - Setting next_dagrun for dataset_consumes_unknown_never_scheduled to None, run_after=None
[2024-12-03T16:50:42.893+0000] {logging_mixin.py:120} INFO - [2024-12-03T16:50:42.893+0000] {dag.py:3340} INFO - Setting next_dagrun for dataset_produces_1 to 2024-12-02T00:00:00+00:00, run_after=2024-12-03T00:00:00+00:00
[2024-12-03T16:50:42.896+0000] {logging_mixin.py:120} INFO - [2024-12-03T16:50:42.896+0000] {dag.py:3340} INFO - Setting next_dagrun for dataset_produces_2 to None, run_after=None
[2024-12-03T16:50:42.952+0000] {processor.py:176} INFO - Processing /home/airflow/.local/lib/python3.7/site-packages/airflow/example_dags/example_datasets.py took 0.274 seconds
[2024-12-03T16:51:13.829+0000] {processor.py:154} INFO - Started process (PID=6938) to work on /home/airflow/.local/lib/python3.7/site-packages/airflow/example_dags/example_datasets.py
[2024-12-03T16:51:13.833+0000] {processor.py:756} INFO - Processing file /home/airflow/.local/lib/python3.7/site-packages/airflow/example_dags/example_datasets.py for tasks to queue
[2024-12-03T16:51:13.839+0000] {logging_mixin.py:120} INFO - [2024-12-03T16:51:13.838+0000] {dagbag.py:537} INFO - Filling up the DagBag from /home/airflow/.local/lib/python3.7/site-packages/airflow/example_dags/example_datasets.py
[2024-12-03T16:51:13.894+0000] {processor.py:766} INFO - DAG(s) dict_keys(['dataset_consumes_1', 'dataset_produces_1', 'dataset_produces_2', 'dataset_consumes_1_and_2', 'dataset_consumes_1_never_scheduled', 'dataset_consumes_unknown_never_scheduled']) retrieved from /home/airflow/.local/lib/python3.7/site-packages/airflow/example_dags/example_datasets.py
[2024-12-03T16:51:14.318+0000] {logging_mixin.py:120} INFO - [2024-12-03T16:51:14.315+0000] {dag.py:2585} INFO - Sync 6 DAGs
[2024-12-03T16:51:14.491+0000] {logging_mixin.py:120} INFO - [2024-12-03T16:51:14.490+0000] {dag.py:3340} INFO - Setting next_dagrun for dataset_consumes_1 to None, run_after=None
[2024-12-03T16:51:14.516+0000] {logging_mixin.py:120} INFO - [2024-12-03T16:51:14.516+0000] {dag.py:3340} INFO - Setting next_dagrun for dataset_consumes_1_and_2 to None, run_after=None
[2024-12-03T16:51:14.522+0000] {logging_mixin.py:120} INFO - [2024-12-03T16:51:14.522+0000] {dag.py:3340} INFO - Setting next_dagrun for dataset_consumes_1_never_scheduled to None, run_after=None
[2024-12-03T16:51:14.528+0000] {logging_mixin.py:120} INFO - [2024-12-03T16:51:14.528+0000] {dag.py:3340} INFO - Setting next_dagrun for dataset_consumes_unknown_never_scheduled to None, run_after=None
[2024-12-03T16:51:14.538+0000] {logging_mixin.py:120} INFO - [2024-12-03T16:51:14.537+0000] {dag.py:3340} INFO - Setting next_dagrun for dataset_produces_1 to 2024-12-02T00:00:00+00:00, run_after=2024-12-03T00:00:00+00:00
[2024-12-03T16:51:14.546+0000] {logging_mixin.py:120} INFO - [2024-12-03T16:51:14.545+0000] {dag.py:3340} INFO - Setting next_dagrun for dataset_produces_2 to None, run_after=None
[2024-12-03T16:51:14.650+0000] {processor.py:176} INFO - Processing /home/airflow/.local/lib/python3.7/site-packages/airflow/example_dags/example_datasets.py took 0.832 seconds
[2024-12-03T16:51:45.074+0000] {processor.py:154} INFO - Started process (PID=6997) to work on /home/airflow/.local/lib/python3.7/site-packages/airflow/example_dags/example_datasets.py
[2024-12-03T16:51:45.077+0000] {processor.py:756} INFO - Processing file /home/airflow/.local/lib/python3.7/site-packages/airflow/example_dags/example_datasets.py for tasks to queue
[2024-12-03T16:51:45.079+0000] {logging_mixin.py:120} INFO - [2024-12-03T16:51:45.079+0000] {dagbag.py:537} INFO - Filling up the DagBag from /home/airflow/.local/lib/python3.7/site-packages/airflow/example_dags/example_datasets.py
[2024-12-03T16:51:45.140+0000] {processor.py:766} INFO - DAG(s) dict_keys(['dataset_produces_1', 'dataset_consumes_1_never_scheduled', 'dataset_consumes_unknown_never_scheduled', 'dataset_produces_2', 'dataset_consumes_1', 'dataset_consumes_1_and_2']) retrieved from /home/airflow/.local/lib/python3.7/site-packages/airflow/example_dags/example_datasets.py
[2024-12-03T16:51:45.304+0000] {logging_mixin.py:120} INFO - [2024-12-03T16:51:45.304+0000] {dag.py:2585} INFO - Sync 6 DAGs
[2024-12-03T16:51:45.383+0000] {logging_mixin.py:120} INFO - [2024-12-03T16:51:45.383+0000] {dag.py:3340} INFO - Setting next_dagrun for dataset_consumes_1 to None, run_after=None
[2024-12-03T16:51:45.401+0000] {logging_mixin.py:120} INFO - [2024-12-03T16:51:45.400+0000] {dag.py:3340} INFO - Setting next_dagrun for dataset_consumes_1_and_2 to None, run_after=None
[2024-12-03T16:51:45.406+0000] {logging_mixin.py:120} INFO - [2024-12-03T16:51:45.405+0000] {dag.py:3340} INFO - Setting next_dagrun for dataset_consumes_1_never_scheduled to None, run_after=None
[2024-12-03T16:51:45.412+0000] {logging_mixin.py:120} INFO - [2024-12-03T16:51:45.412+0000] {dag.py:3340} INFO - Setting next_dagrun for dataset_consumes_unknown_never_scheduled to None, run_after=None
[2024-12-03T16:51:45.418+0000] {logging_mixin.py:120} INFO - [2024-12-03T16:51:45.418+0000] {dag.py:3340} INFO - Setting next_dagrun for dataset_produces_1 to 2024-12-02T00:00:00+00:00, run_after=2024-12-03T00:00:00+00:00
[2024-12-03T16:51:45.421+0000] {logging_mixin.py:120} INFO - [2024-12-03T16:51:45.421+0000] {dag.py:3340} INFO - Setting next_dagrun for dataset_produces_2 to None, run_after=None
[2024-12-03T16:51:45.497+0000] {processor.py:176} INFO - Processing /home/airflow/.local/lib/python3.7/site-packages/airflow/example_dags/example_datasets.py took 0.429 seconds
[2024-12-03T16:52:15.917+0000] {processor.py:154} INFO - Started process (PID=7060) to work on /home/airflow/.local/lib/python3.7/site-packages/airflow/example_dags/example_datasets.py
[2024-12-03T16:52:15.919+0000] {processor.py:756} INFO - Processing file /home/airflow/.local/lib/python3.7/site-packages/airflow/example_dags/example_datasets.py for tasks to queue
[2024-12-03T16:52:15.920+0000] {logging_mixin.py:120} INFO - [2024-12-03T16:52:15.920+0000] {dagbag.py:537} INFO - Filling up the DagBag from /home/airflow/.local/lib/python3.7/site-packages/airflow/example_dags/example_datasets.py
[2024-12-03T16:52:15.948+0000] {processor.py:766} INFO - DAG(s) dict_keys(['dataset_consumes_1_never_scheduled', 'dataset_consumes_1', 'dataset_produces_1', 'dataset_produces_2', 'dataset_consumes_1_and_2', 'dataset_consumes_unknown_never_scheduled']) retrieved from /home/airflow/.local/lib/python3.7/site-packages/airflow/example_dags/example_datasets.py
[2024-12-03T16:52:16.048+0000] {logging_mixin.py:120} INFO - [2024-12-03T16:52:16.048+0000] {dag.py:2585} INFO - Sync 6 DAGs
[2024-12-03T16:52:16.096+0000] {logging_mixin.py:120} INFO - [2024-12-03T16:52:16.095+0000] {dag.py:3340} INFO - Setting next_dagrun for dataset_consumes_1 to None, run_after=None
[2024-12-03T16:52:16.103+0000] {logging_mixin.py:120} INFO - [2024-12-03T16:52:16.103+0000] {dag.py:3340} INFO - Setting next_dagrun for dataset_consumes_1_and_2 to None, run_after=None
[2024-12-03T16:52:16.107+0000] {logging_mixin.py:120} INFO - [2024-12-03T16:52:16.107+0000] {dag.py:3340} INFO - Setting next_dagrun for dataset_consumes_1_never_scheduled to None, run_after=None
[2024-12-03T16:52:16.110+0000] {logging_mixin.py:120} INFO - [2024-12-03T16:52:16.110+0000] {dag.py:3340} INFO - Setting next_dagrun for dataset_consumes_unknown_never_scheduled to None, run_after=None
[2024-12-03T16:52:16.124+0000] {logging_mixin.py:120} INFO - [2024-12-03T16:52:16.123+0000] {dag.py:3340} INFO - Setting next_dagrun for dataset_produces_1 to 2024-12-02T00:00:00+00:00, run_after=2024-12-03T00:00:00+00:00
[2024-12-03T16:52:16.131+0000] {logging_mixin.py:120} INFO - [2024-12-03T16:52:16.130+0000] {dag.py:3340} INFO - Setting next_dagrun for dataset_produces_2 to None, run_after=None
[2024-12-03T16:52:16.206+0000] {processor.py:176} INFO - Processing /home/airflow/.local/lib/python3.7/site-packages/airflow/example_dags/example_datasets.py took 0.293 seconds
[2024-12-03T16:52:46.509+0000] {processor.py:154} INFO - Started process (PID=7124) to work on /home/airflow/.local/lib/python3.7/site-packages/airflow/example_dags/example_datasets.py
[2024-12-03T16:52:46.512+0000] {processor.py:756} INFO - Processing file /home/airflow/.local/lib/python3.7/site-packages/airflow/example_dags/example_datasets.py for tasks to queue
[2024-12-03T16:52:46.514+0000] {logging_mixin.py:120} INFO - [2024-12-03T16:52:46.514+0000] {dagbag.py:537} INFO - Filling up the DagBag from /home/airflow/.local/lib/python3.7/site-packages/airflow/example_dags/example_datasets.py
[2024-12-03T16:52:46.549+0000] {processor.py:766} INFO - DAG(s) dict_keys(['dataset_produces_1', 'dataset_consumes_1_and_2', 'dataset_produces_2', 'dataset_consumes_unknown_never_scheduled', 'dataset_consumes_1', 'dataset_consumes_1_never_scheduled']) retrieved from /home/airflow/.local/lib/python3.7/site-packages/airflow/example_dags/example_datasets.py
[2024-12-03T16:52:46.661+0000] {logging_mixin.py:120} INFO - [2024-12-03T16:52:46.661+0000] {dag.py:2585} INFO - Sync 6 DAGs
[2024-12-03T16:52:46.716+0000] {logging_mixin.py:120} INFO - [2024-12-03T16:52:46.716+0000] {dag.py:3340} INFO - Setting next_dagrun for dataset_consumes_1 to None, run_after=None
[2024-12-03T16:52:46.723+0000] {logging_mixin.py:120} INFO - [2024-12-03T16:52:46.723+0000] {dag.py:3340} INFO - Setting next_dagrun for dataset_consumes_1_and_2 to None, run_after=None
[2024-12-03T16:52:46.726+0000] {logging_mixin.py:120} INFO - [2024-12-03T16:52:46.726+0000] {dag.py:3340} INFO - Setting next_dagrun for dataset_consumes_1_never_scheduled to None, run_after=None
[2024-12-03T16:52:46.730+0000] {logging_mixin.py:120} INFO - [2024-12-03T16:52:46.730+0000] {dag.py:3340} INFO - Setting next_dagrun for dataset_consumes_unknown_never_scheduled to None, run_after=None
[2024-12-03T16:52:46.738+0000] {logging_mixin.py:120} INFO - [2024-12-03T16:52:46.738+0000] {dag.py:3340} INFO - Setting next_dagrun for dataset_produces_1 to 2024-12-02T00:00:00+00:00, run_after=2024-12-03T00:00:00+00:00
[2024-12-03T16:52:46.742+0000] {logging_mixin.py:120} INFO - [2024-12-03T16:52:46.742+0000] {dag.py:3340} INFO - Setting next_dagrun for dataset_produces_2 to None, run_after=None
[2024-12-03T16:52:46.814+0000] {processor.py:176} INFO - Processing /home/airflow/.local/lib/python3.7/site-packages/airflow/example_dags/example_datasets.py took 0.309 seconds
[2024-12-03T16:53:17.000+0000] {processor.py:154} INFO - Started process (PID=7180) to work on /home/airflow/.local/lib/python3.7/site-packages/airflow/example_dags/example_datasets.py
[2024-12-03T16:53:17.001+0000] {processor.py:756} INFO - Processing file /home/airflow/.local/lib/python3.7/site-packages/airflow/example_dags/example_datasets.py for tasks to queue
[2024-12-03T16:53:17.002+0000] {logging_mixin.py:120} INFO - [2024-12-03T16:53:17.002+0000] {dagbag.py:537} INFO - Filling up the DagBag from /home/airflow/.local/lib/python3.7/site-packages/airflow/example_dags/example_datasets.py
[2024-12-03T16:53:17.034+0000] {processor.py:766} INFO - DAG(s) dict_keys(['dataset_consumes_1_and_2', 'dataset_produces_2', 'dataset_consumes_1', 'dataset_consumes_1_never_scheduled', 'dataset_produces_1', 'dataset_consumes_unknown_never_scheduled']) retrieved from /home/airflow/.local/lib/python3.7/site-packages/airflow/example_dags/example_datasets.py
[2024-12-03T16:53:17.120+0000] {logging_mixin.py:120} INFO - [2024-12-03T16:53:17.120+0000] {dag.py:2585} INFO - Sync 6 DAGs
[2024-12-03T16:53:17.183+0000] {logging_mixin.py:120} INFO - [2024-12-03T16:53:17.183+0000] {dag.py:3340} INFO - Setting next_dagrun for dataset_consumes_1 to None, run_after=None
[2024-12-03T16:53:17.190+0000] {logging_mixin.py:120} INFO - [2024-12-03T16:53:17.190+0000] {dag.py:3340} INFO - Setting next_dagrun for dataset_consumes_1_and_2 to None, run_after=None
[2024-12-03T16:53:17.199+0000] {logging_mixin.py:120} INFO - [2024-12-03T16:53:17.198+0000] {dag.py:3340} INFO - Setting next_dagrun for dataset_consumes_1_never_scheduled to None, run_after=None
[2024-12-03T16:53:17.203+0000] {logging_mixin.py:120} INFO - [2024-12-03T16:53:17.203+0000] {dag.py:3340} INFO - Setting next_dagrun for dataset_consumes_unknown_never_scheduled to None, run_after=None
[2024-12-03T16:53:17.209+0000] {logging_mixin.py:120} INFO - [2024-12-03T16:53:17.208+0000] {dag.py:3340} INFO - Setting next_dagrun for dataset_produces_1 to 2024-12-02T00:00:00+00:00, run_after=2024-12-03T00:00:00+00:00
[2024-12-03T16:53:17.212+0000] {logging_mixin.py:120} INFO - [2024-12-03T16:53:17.212+0000] {dag.py:3340} INFO - Setting next_dagrun for dataset_produces_2 to None, run_after=None
[2024-12-03T16:53:17.278+0000] {processor.py:176} INFO - Processing /home/airflow/.local/lib/python3.7/site-packages/airflow/example_dags/example_datasets.py took 0.281 seconds
[2024-12-03T16:53:47.753+0000] {processor.py:154} INFO - Started process (PID=7244) to work on /home/airflow/.local/lib/python3.7/site-packages/airflow/example_dags/example_datasets.py
[2024-12-03T16:53:47.755+0000] {processor.py:756} INFO - Processing file /home/airflow/.local/lib/python3.7/site-packages/airflow/example_dags/example_datasets.py for tasks to queue
[2024-12-03T16:53:47.757+0000] {logging_mixin.py:120} INFO - [2024-12-03T16:53:47.757+0000] {dagbag.py:537} INFO - Filling up the DagBag from /home/airflow/.local/lib/python3.7/site-packages/airflow/example_dags/example_datasets.py
[2024-12-03T16:53:47.783+0000] {processor.py:766} INFO - DAG(s) dict_keys(['dataset_consumes_1', 'dataset_consumes_unknown_never_scheduled', 'dataset_produces_2', 'dataset_consumes_1_never_scheduled', 'dataset_produces_1', 'dataset_consumes_1_and_2']) retrieved from /home/airflow/.local/lib/python3.7/site-packages/airflow/example_dags/example_datasets.py
[2024-12-03T16:53:47.884+0000] {logging_mixin.py:120} INFO - [2024-12-03T16:53:47.884+0000] {dag.py:2585} INFO - Sync 6 DAGs
[2024-12-03T16:53:47.923+0000] {logging_mixin.py:120} INFO - [2024-12-03T16:53:47.923+0000] {dag.py:3340} INFO - Setting next_dagrun for dataset_consumes_1 to None, run_after=None
[2024-12-03T16:53:47.929+0000] {logging_mixin.py:120} INFO - [2024-12-03T16:53:47.929+0000] {dag.py:3340} INFO - Setting next_dagrun for dataset_consumes_1_and_2 to None, run_after=None
[2024-12-03T16:53:47.932+0000] {logging_mixin.py:120} INFO - [2024-12-03T16:53:47.932+0000] {dag.py:3340} INFO - Setting next_dagrun for dataset_consumes_1_never_scheduled to None, run_after=None
[2024-12-03T16:53:47.935+0000] {logging_mixin.py:120} INFO - [2024-12-03T16:53:47.935+0000] {dag.py:3340} INFO - Setting next_dagrun for dataset_consumes_unknown_never_scheduled to None, run_after=None
[2024-12-03T16:53:47.942+0000] {logging_mixin.py:120} INFO - [2024-12-03T16:53:47.942+0000] {dag.py:3340} INFO - Setting next_dagrun for dataset_produces_1 to 2024-12-02T00:00:00+00:00, run_after=2024-12-03T00:00:00+00:00
[2024-12-03T16:53:47.946+0000] {logging_mixin.py:120} INFO - [2024-12-03T16:53:47.946+0000] {dag.py:3340} INFO - Setting next_dagrun for dataset_produces_2 to None, run_after=None
[2024-12-03T16:53:48.005+0000] {processor.py:176} INFO - Processing /home/airflow/.local/lib/python3.7/site-packages/airflow/example_dags/example_datasets.py took 0.255 seconds
[2024-12-03T16:54:18.073+0000] {processor.py:154} INFO - Started process (PID=7299) to work on /home/airflow/.local/lib/python3.7/site-packages/airflow/example_dags/example_datasets.py
[2024-12-03T16:54:18.075+0000] {processor.py:756} INFO - Processing file /home/airflow/.local/lib/python3.7/site-packages/airflow/example_dags/example_datasets.py for tasks to queue
[2024-12-03T16:54:18.076+0000] {logging_mixin.py:120} INFO - [2024-12-03T16:54:18.076+0000] {dagbag.py:537} INFO - Filling up the DagBag from /home/airflow/.local/lib/python3.7/site-packages/airflow/example_dags/example_datasets.py
[2024-12-03T16:54:18.099+0000] {processor.py:766} INFO - DAG(s) dict_keys(['dataset_produces_2', 'dataset_consumes_1_never_scheduled', 'dataset_produces_1', 'dataset_consumes_1', 'dataset_consumes_unknown_never_scheduled', 'dataset_consumes_1_and_2']) retrieved from /home/airflow/.local/lib/python3.7/site-packages/airflow/example_dags/example_datasets.py
[2024-12-03T16:54:18.184+0000] {logging_mixin.py:120} INFO - [2024-12-03T16:54:18.184+0000] {dag.py:2585} INFO - Sync 6 DAGs
[2024-12-03T16:54:18.219+0000] {logging_mixin.py:120} INFO - [2024-12-03T16:54:18.218+0000] {dag.py:3340} INFO - Setting next_dagrun for dataset_consumes_1 to None, run_after=None
[2024-12-03T16:54:18.224+0000] {logging_mixin.py:120} INFO - [2024-12-03T16:54:18.224+0000] {dag.py:3340} INFO - Setting next_dagrun for dataset_consumes_1_and_2 to None, run_after=None
[2024-12-03T16:54:18.227+0000] {logging_mixin.py:120} INFO - [2024-12-03T16:54:18.227+0000] {dag.py:3340} INFO - Setting next_dagrun for dataset_consumes_1_never_scheduled to None, run_after=None
[2024-12-03T16:54:18.230+0000] {logging_mixin.py:120} INFO - [2024-12-03T16:54:18.229+0000] {dag.py:3340} INFO - Setting next_dagrun for dataset_consumes_unknown_never_scheduled to None, run_after=None
[2024-12-03T16:54:18.234+0000] {logging_mixin.py:120} INFO - [2024-12-03T16:54:18.233+0000] {dag.py:3340} INFO - Setting next_dagrun for dataset_produces_1 to 2024-12-02T00:00:00+00:00, run_after=2024-12-03T00:00:00+00:00
[2024-12-03T16:54:18.236+0000] {logging_mixin.py:120} INFO - [2024-12-03T16:54:18.236+0000] {dag.py:3340} INFO - Setting next_dagrun for dataset_produces_2 to None, run_after=None
[2024-12-03T16:54:18.294+0000] {processor.py:176} INFO - Processing /home/airflow/.local/lib/python3.7/site-packages/airflow/example_dags/example_datasets.py took 0.226 seconds
[2024-12-03T16:54:48.389+0000] {processor.py:154} INFO - Started process (PID=7363) to work on /home/airflow/.local/lib/python3.7/site-packages/airflow/example_dags/example_datasets.py
[2024-12-03T16:54:48.392+0000] {processor.py:756} INFO - Processing file /home/airflow/.local/lib/python3.7/site-packages/airflow/example_dags/example_datasets.py for tasks to queue
[2024-12-03T16:54:48.395+0000] {logging_mixin.py:120} INFO - [2024-12-03T16:54:48.395+0000] {dagbag.py:537} INFO - Filling up the DagBag from /home/airflow/.local/lib/python3.7/site-packages/airflow/example_dags/example_datasets.py
[2024-12-03T16:54:48.461+0000] {processor.py:766} INFO - DAG(s) dict_keys(['dataset_consumes_1_never_scheduled', 'dataset_produces_1', 'dataset_consumes_1', 'dataset_consumes_1_and_2', 'dataset_consumes_unknown_never_scheduled', 'dataset_produces_2']) retrieved from /home/airflow/.local/lib/python3.7/site-packages/airflow/example_dags/example_datasets.py
[2024-12-03T16:54:48.613+0000] {logging_mixin.py:120} INFO - [2024-12-03T16:54:48.613+0000] {dag.py:2585} INFO - Sync 6 DAGs
[2024-12-03T16:54:48.671+0000] {logging_mixin.py:120} INFO - [2024-12-03T16:54:48.670+0000] {dag.py:3340} INFO - Setting next_dagrun for dataset_consumes_1 to None, run_after=None
[2024-12-03T16:54:48.681+0000] {logging_mixin.py:120} INFO - [2024-12-03T16:54:48.680+0000] {dag.py:3340} INFO - Setting next_dagrun for dataset_consumes_1_and_2 to None, run_after=None
[2024-12-03T16:54:48.685+0000] {logging_mixin.py:120} INFO - [2024-12-03T16:54:48.684+0000] {dag.py:3340} INFO - Setting next_dagrun for dataset_consumes_1_never_scheduled to None, run_after=None
[2024-12-03T16:54:48.688+0000] {logging_mixin.py:120} INFO - [2024-12-03T16:54:48.688+0000] {dag.py:3340} INFO - Setting next_dagrun for dataset_consumes_unknown_never_scheduled to None, run_after=None
[2024-12-03T16:54:48.694+0000] {logging_mixin.py:120} INFO - [2024-12-03T16:54:48.694+0000] {dag.py:3340} INFO - Setting next_dagrun for dataset_produces_1 to 2024-12-02T00:00:00+00:00, run_after=2024-12-03T00:00:00+00:00
[2024-12-03T16:54:48.697+0000] {logging_mixin.py:120} INFO - [2024-12-03T16:54:48.697+0000] {dag.py:3340} INFO - Setting next_dagrun for dataset_produces_2 to None, run_after=None
[2024-12-03T16:54:48.763+0000] {processor.py:176} INFO - Processing /home/airflow/.local/lib/python3.7/site-packages/airflow/example_dags/example_datasets.py took 0.394 seconds
[2024-12-03T16:55:19.049+0000] {processor.py:154} INFO - Started process (PID=7418) to work on /home/airflow/.local/lib/python3.7/site-packages/airflow/example_dags/example_datasets.py
[2024-12-03T16:55:19.053+0000] {processor.py:756} INFO - Processing file /home/airflow/.local/lib/python3.7/site-packages/airflow/example_dags/example_datasets.py for tasks to queue
[2024-12-03T16:55:19.055+0000] {logging_mixin.py:120} INFO - [2024-12-03T16:55:19.054+0000] {dagbag.py:537} INFO - Filling up the DagBag from /home/airflow/.local/lib/python3.7/site-packages/airflow/example_dags/example_datasets.py
[2024-12-03T16:55:19.099+0000] {processor.py:766} INFO - DAG(s) dict_keys(['dataset_consumes_1_never_scheduled', 'dataset_consumes_1', 'dataset_produces_1', 'dataset_produces_2', 'dataset_consumes_1_and_2', 'dataset_consumes_unknown_never_scheduled']) retrieved from /home/airflow/.local/lib/python3.7/site-packages/airflow/example_dags/example_datasets.py
[2024-12-03T16:55:19.289+0000] {logging_mixin.py:120} INFO - [2024-12-03T16:55:19.289+0000] {dag.py:2585} INFO - Sync 6 DAGs
[2024-12-03T16:55:19.384+0000] {logging_mixin.py:120} INFO - [2024-12-03T16:55:19.384+0000] {dag.py:3340} INFO - Setting next_dagrun for dataset_consumes_1 to None, run_after=None
[2024-12-03T16:55:19.395+0000] {logging_mixin.py:120} INFO - [2024-12-03T16:55:19.395+0000] {dag.py:3340} INFO - Setting next_dagrun for dataset_consumes_1_and_2 to None, run_after=None
[2024-12-03T16:55:19.401+0000] {logging_mixin.py:120} INFO - [2024-12-03T16:55:19.401+0000] {dag.py:3340} INFO - Setting next_dagrun for dataset_consumes_1_never_scheduled to None, run_after=None
[2024-12-03T16:55:19.407+0000] {logging_mixin.py:120} INFO - [2024-12-03T16:55:19.406+0000] {dag.py:3340} INFO - Setting next_dagrun for dataset_consumes_unknown_never_scheduled to None, run_after=None
[2024-12-03T16:55:19.417+0000] {logging_mixin.py:120} INFO - [2024-12-03T16:55:19.417+0000] {dag.py:3340} INFO - Setting next_dagrun for dataset_produces_1 to 2024-12-02T00:00:00+00:00, run_after=2024-12-03T00:00:00+00:00
[2024-12-03T16:55:19.420+0000] {logging_mixin.py:120} INFO - [2024-12-03T16:55:19.420+0000] {dag.py:3340} INFO - Setting next_dagrun for dataset_produces_2 to None, run_after=None
[2024-12-03T16:55:19.489+0000] {processor.py:176} INFO - Processing /home/airflow/.local/lib/python3.7/site-packages/airflow/example_dags/example_datasets.py took 0.448 seconds
[2024-12-03T16:55:49.864+0000] {processor.py:154} INFO - Started process (PID=7487) to work on /home/airflow/.local/lib/python3.7/site-packages/airflow/example_dags/example_datasets.py
[2024-12-03T16:55:49.865+0000] {processor.py:756} INFO - Processing file /home/airflow/.local/lib/python3.7/site-packages/airflow/example_dags/example_datasets.py for tasks to queue
[2024-12-03T16:55:49.867+0000] {logging_mixin.py:120} INFO - [2024-12-03T16:55:49.866+0000] {dagbag.py:537} INFO - Filling up the DagBag from /home/airflow/.local/lib/python3.7/site-packages/airflow/example_dags/example_datasets.py
[2024-12-03T16:55:49.884+0000] {processor.py:766} INFO - DAG(s) dict_keys(['dataset_produces_1', 'dataset_consumes_1_never_scheduled', 'dataset_consumes_unknown_never_scheduled', 'dataset_produces_2', 'dataset_consumes_1_and_2', 'dataset_consumes_1']) retrieved from /home/airflow/.local/lib/python3.7/site-packages/airflow/example_dags/example_datasets.py
[2024-12-03T16:55:49.955+0000] {logging_mixin.py:120} INFO - [2024-12-03T16:55:49.955+0000] {dag.py:2585} INFO - Sync 6 DAGs
[2024-12-03T16:55:49.986+0000] {logging_mixin.py:120} INFO - [2024-12-03T16:55:49.986+0000] {dag.py:3340} INFO - Setting next_dagrun for dataset_consumes_1 to None, run_after=None
[2024-12-03T16:55:49.992+0000] {logging_mixin.py:120} INFO - [2024-12-03T16:55:49.992+0000] {dag.py:3340} INFO - Setting next_dagrun for dataset_consumes_1_and_2 to None, run_after=None
[2024-12-03T16:55:49.995+0000] {logging_mixin.py:120} INFO - [2024-12-03T16:55:49.994+0000] {dag.py:3340} INFO - Setting next_dagrun for dataset_consumes_1_never_scheduled to None, run_after=None
[2024-12-03T16:55:49.997+0000] {logging_mixin.py:120} INFO - [2024-12-03T16:55:49.997+0000] {dag.py:3340} INFO - Setting next_dagrun for dataset_consumes_unknown_never_scheduled to None, run_after=None
[2024-12-03T16:55:50.002+0000] {logging_mixin.py:120} INFO - [2024-12-03T16:55:50.001+0000] {dag.py:3340} INFO - Setting next_dagrun for dataset_produces_1 to 2024-12-02T00:00:00+00:00, run_after=2024-12-03T00:00:00+00:00
[2024-12-03T16:55:50.005+0000] {logging_mixin.py:120} INFO - [2024-12-03T16:55:50.005+0000] {dag.py:3340} INFO - Setting next_dagrun for dataset_produces_2 to None, run_after=None
[2024-12-03T16:55:50.050+0000] {processor.py:176} INFO - Processing /home/airflow/.local/lib/python3.7/site-packages/airflow/example_dags/example_datasets.py took 0.190 seconds
[2024-12-03T16:56:20.149+0000] {processor.py:154} INFO - Started process (PID=7544) to work on /home/airflow/.local/lib/python3.7/site-packages/airflow/example_dags/example_datasets.py
[2024-12-03T16:56:20.150+0000] {processor.py:756} INFO - Processing file /home/airflow/.local/lib/python3.7/site-packages/airflow/example_dags/example_datasets.py for tasks to queue
[2024-12-03T16:56:20.151+0000] {logging_mixin.py:120} INFO - [2024-12-03T16:56:20.151+0000] {dagbag.py:537} INFO - Filling up the DagBag from /home/airflow/.local/lib/python3.7/site-packages/airflow/example_dags/example_datasets.py
[2024-12-03T16:56:20.173+0000] {processor.py:766} INFO - DAG(s) dict_keys(['dataset_consumes_1_and_2', 'dataset_produces_1', 'dataset_produces_2', 'dataset_consumes_unknown_never_scheduled', 'dataset_consumes_1', 'dataset_consumes_1_never_scheduled']) retrieved from /home/airflow/.local/lib/python3.7/site-packages/airflow/example_dags/example_datasets.py
[2024-12-03T16:56:20.254+0000] {logging_mixin.py:120} INFO - [2024-12-03T16:56:20.253+0000] {dag.py:2585} INFO - Sync 6 DAGs
[2024-12-03T16:56:20.287+0000] {logging_mixin.py:120} INFO - [2024-12-03T16:56:20.287+0000] {dag.py:3340} INFO - Setting next_dagrun for dataset_consumes_1 to None, run_after=None
[2024-12-03T16:56:20.294+0000] {logging_mixin.py:120} INFO - [2024-12-03T16:56:20.293+0000] {dag.py:3340} INFO - Setting next_dagrun for dataset_consumes_1_and_2 to None, run_after=None
[2024-12-03T16:56:20.298+0000] {logging_mixin.py:120} INFO - [2024-12-03T16:56:20.297+0000] {dag.py:3340} INFO - Setting next_dagrun for dataset_consumes_1_never_scheduled to None, run_after=None
[2024-12-03T16:56:20.300+0000] {logging_mixin.py:120} INFO - [2024-12-03T16:56:20.300+0000] {dag.py:3340} INFO - Setting next_dagrun for dataset_consumes_unknown_never_scheduled to None, run_after=None
[2024-12-03T16:56:20.306+0000] {logging_mixin.py:120} INFO - [2024-12-03T16:56:20.306+0000] {dag.py:3340} INFO - Setting next_dagrun for dataset_produces_1 to 2024-12-02T00:00:00+00:00, run_after=2024-12-03T00:00:00+00:00
[2024-12-03T16:56:20.311+0000] {logging_mixin.py:120} INFO - [2024-12-03T16:56:20.310+0000] {dag.py:3340} INFO - Setting next_dagrun for dataset_produces_2 to None, run_after=None
[2024-12-03T16:56:20.365+0000] {processor.py:176} INFO - Processing /home/airflow/.local/lib/python3.7/site-packages/airflow/example_dags/example_datasets.py took 0.219 seconds
