[2024-12-03T15:07:54.790+0000] {processor.py:154} INFO - Started process (PID=98) to work on /home/airflow/.local/lib/python3.7/site-packages/airflow/example_dags/example_dag_decorator.py
[2024-12-03T15:07:54.793+0000] {processor.py:756} INFO - Processing file /home/airflow/.local/lib/python3.7/site-packages/airflow/example_dags/example_dag_decorator.py for tasks to queue
[2024-12-03T15:07:54.795+0000] {logging_mixin.py:120} INFO - [2024-12-03T15:07:54.795+0000] {dagbag.py:537} INFO - Filling up the DagBag from /home/airflow/.local/lib/python3.7/site-packages/airflow/example_dags/example_dag_decorator.py
[2024-12-03T15:07:54.840+0000] {logging_mixin.py:120} INFO - [2024-12-03T15:07:54.839+0000] {taskmixin.py:205} WARNING - Dependency <Task(_PythonDecoratedOperator): prepare_email>, send_email already registered for DAG: example_dag_decorator
[2024-12-03T15:07:54.841+0000] {logging_mixin.py:120} INFO - [2024-12-03T15:07:54.841+0000] {taskmixin.py:205} WARNING - Dependency <Task(EmailOperator): send_email>, prepare_email already registered for DAG: example_dag_decorator
[2024-12-03T15:07:54.908+0000] {processor.py:766} INFO - DAG(s) dict_keys(['example_dag_decorator']) retrieved from /home/airflow/.local/lib/python3.7/site-packages/airflow/example_dags/example_dag_decorator.py
[2024-12-03T15:07:55.165+0000] {logging_mixin.py:120} INFO - [2024-12-03T15:07:55.164+0000] {manager.py:507} INFO - Created Permission View: can read on DAG:example_dag_decorator
[2024-12-03T15:07:55.191+0000] {logging_mixin.py:120} INFO - [2024-12-03T15:07:55.190+0000] {manager.py:507} INFO - Created Permission View: can delete on DAG:example_dag_decorator
[2024-12-03T15:07:55.210+0000] {logging_mixin.py:120} INFO - [2024-12-03T15:07:55.210+0000] {manager.py:507} INFO - Created Permission View: can edit on DAG:example_dag_decorator
[2024-12-03T15:07:55.212+0000] {logging_mixin.py:120} INFO - [2024-12-03T15:07:55.212+0000] {dag.py:2585} INFO - Sync 1 DAGs
[2024-12-03T15:07:55.247+0000] {logging_mixin.py:120} INFO - [2024-12-03T15:07:55.247+0000] {dag.py:2606} INFO - Creating ORM DAG for example_dag_decorator
[2024-12-03T15:07:55.269+0000] {logging_mixin.py:120} INFO - [2024-12-03T15:07:55.269+0000] {dag.py:3340} INFO - Setting next_dagrun for example_dag_decorator to None, run_after=None
[2024-12-03T15:07:55.313+0000] {processor.py:176} INFO - Processing /home/airflow/.local/lib/python3.7/site-packages/airflow/example_dags/example_dag_decorator.py took 0.529 seconds
[2024-12-03T15:08:25.419+0000] {processor.py:154} INFO - Started process (PID=153) to work on /home/airflow/.local/lib/python3.7/site-packages/airflow/example_dags/example_dag_decorator.py
[2024-12-03T15:08:25.421+0000] {processor.py:756} INFO - Processing file /home/airflow/.local/lib/python3.7/site-packages/airflow/example_dags/example_dag_decorator.py for tasks to queue
[2024-12-03T15:08:25.423+0000] {logging_mixin.py:120} INFO - [2024-12-03T15:08:25.423+0000] {dagbag.py:537} INFO - Filling up the DagBag from /home/airflow/.local/lib/python3.7/site-packages/airflow/example_dags/example_dag_decorator.py
[2024-12-03T15:08:25.463+0000] {logging_mixin.py:120} INFO - [2024-12-03T15:08:25.463+0000] {taskmixin.py:205} WARNING - Dependency <Task(_PythonDecoratedOperator): prepare_email>, send_email already registered for DAG: example_dag_decorator
[2024-12-03T15:08:25.464+0000] {logging_mixin.py:120} INFO - [2024-12-03T15:08:25.464+0000] {taskmixin.py:205} WARNING - Dependency <Task(EmailOperator): send_email>, prepare_email already registered for DAG: example_dag_decorator
[2024-12-03T15:08:25.491+0000] {processor.py:766} INFO - DAG(s) dict_keys(['example_dag_decorator']) retrieved from /home/airflow/.local/lib/python3.7/site-packages/airflow/example_dags/example_dag_decorator.py
[2024-12-03T15:08:25.655+0000] {logging_mixin.py:120} INFO - [2024-12-03T15:08:25.655+0000] {dag.py:2585} INFO - Sync 1 DAGs
[2024-12-03T15:08:25.705+0000] {logging_mixin.py:120} INFO - [2024-12-03T15:08:25.705+0000] {dag.py:3340} INFO - Setting next_dagrun for example_dag_decorator to None, run_after=None
[2024-12-03T15:08:25.755+0000] {processor.py:176} INFO - Processing /home/airflow/.local/lib/python3.7/site-packages/airflow/example_dags/example_dag_decorator.py took 0.343 seconds
[2024-12-03T15:08:56.722+0000] {processor.py:154} INFO - Started process (PID=218) to work on /home/airflow/.local/lib/python3.7/site-packages/airflow/example_dags/example_dag_decorator.py
[2024-12-03T15:08:56.725+0000] {processor.py:756} INFO - Processing file /home/airflow/.local/lib/python3.7/site-packages/airflow/example_dags/example_dag_decorator.py for tasks to queue
[2024-12-03T15:08:56.727+0000] {logging_mixin.py:120} INFO - [2024-12-03T15:08:56.727+0000] {dagbag.py:537} INFO - Filling up the DagBag from /home/airflow/.local/lib/python3.7/site-packages/airflow/example_dags/example_dag_decorator.py
[2024-12-03T15:08:56.759+0000] {logging_mixin.py:120} INFO - [2024-12-03T15:08:56.758+0000] {taskmixin.py:205} WARNING - Dependency <Task(_PythonDecoratedOperator): prepare_email>, send_email already registered for DAG: example_dag_decorator
[2024-12-03T15:08:56.760+0000] {logging_mixin.py:120} INFO - [2024-12-03T15:08:56.760+0000] {taskmixin.py:205} WARNING - Dependency <Task(EmailOperator): send_email>, prepare_email already registered for DAG: example_dag_decorator
[2024-12-03T15:08:56.783+0000] {processor.py:766} INFO - DAG(s) dict_keys(['example_dag_decorator']) retrieved from /home/airflow/.local/lib/python3.7/site-packages/airflow/example_dags/example_dag_decorator.py
[2024-12-03T15:08:56.959+0000] {logging_mixin.py:120} INFO - [2024-12-03T15:08:56.958+0000] {dag.py:2585} INFO - Sync 1 DAGs
[2024-12-03T15:08:57.040+0000] {logging_mixin.py:120} INFO - [2024-12-03T15:08:57.040+0000] {dag.py:3340} INFO - Setting next_dagrun for example_dag_decorator to None, run_after=None
[2024-12-03T15:08:57.134+0000] {processor.py:176} INFO - Processing /home/airflow/.local/lib/python3.7/site-packages/airflow/example_dags/example_dag_decorator.py took 0.417 seconds
[2024-12-03T15:09:29.102+0000] {processor.py:154} INFO - Started process (PID=273) to work on /home/airflow/.local/lib/python3.7/site-packages/airflow/example_dags/example_dag_decorator.py
[2024-12-03T15:09:29.104+0000] {processor.py:756} INFO - Processing file /home/airflow/.local/lib/python3.7/site-packages/airflow/example_dags/example_dag_decorator.py for tasks to queue
[2024-12-03T15:09:29.108+0000] {logging_mixin.py:120} INFO - [2024-12-03T15:09:29.107+0000] {dagbag.py:537} INFO - Filling up the DagBag from /home/airflow/.local/lib/python3.7/site-packages/airflow/example_dags/example_dag_decorator.py
[2024-12-03T15:09:29.153+0000] {logging_mixin.py:120} INFO - [2024-12-03T15:09:29.152+0000] {taskmixin.py:205} WARNING - Dependency <Task(_PythonDecoratedOperator): prepare_email>, send_email already registered for DAG: example_dag_decorator
[2024-12-03T15:09:29.154+0000] {logging_mixin.py:120} INFO - [2024-12-03T15:09:29.154+0000] {taskmixin.py:205} WARNING - Dependency <Task(EmailOperator): send_email>, prepare_email already registered for DAG: example_dag_decorator
[2024-12-03T15:09:29.186+0000] {processor.py:766} INFO - DAG(s) dict_keys(['example_dag_decorator']) retrieved from /home/airflow/.local/lib/python3.7/site-packages/airflow/example_dags/example_dag_decorator.py
[2024-12-03T15:09:29.373+0000] {logging_mixin.py:120} INFO - [2024-12-03T15:09:29.373+0000] {dag.py:2585} INFO - Sync 1 DAGs
[2024-12-03T15:09:29.436+0000] {logging_mixin.py:120} INFO - [2024-12-03T15:09:29.435+0000] {dag.py:3340} INFO - Setting next_dagrun for example_dag_decorator to None, run_after=None
[2024-12-03T15:09:29.484+0000] {processor.py:176} INFO - Processing /home/airflow/.local/lib/python3.7/site-packages/airflow/example_dags/example_dag_decorator.py took 0.391 seconds
[2024-12-03T15:10:00.636+0000] {processor.py:154} INFO - Started process (PID=329) to work on /home/airflow/.local/lib/python3.7/site-packages/airflow/example_dags/example_dag_decorator.py
[2024-12-03T15:10:00.638+0000] {processor.py:756} INFO - Processing file /home/airflow/.local/lib/python3.7/site-packages/airflow/example_dags/example_dag_decorator.py for tasks to queue
[2024-12-03T15:10:00.640+0000] {logging_mixin.py:120} INFO - [2024-12-03T15:10:00.640+0000] {dagbag.py:537} INFO - Filling up the DagBag from /home/airflow/.local/lib/python3.7/site-packages/airflow/example_dags/example_dag_decorator.py
[2024-12-03T15:10:00.664+0000] {logging_mixin.py:120} INFO - [2024-12-03T15:10:00.664+0000] {taskmixin.py:205} WARNING - Dependency <Task(_PythonDecoratedOperator): prepare_email>, send_email already registered for DAG: example_dag_decorator
[2024-12-03T15:10:00.665+0000] {logging_mixin.py:120} INFO - [2024-12-03T15:10:00.665+0000] {taskmixin.py:205} WARNING - Dependency <Task(EmailOperator): send_email>, prepare_email already registered for DAG: example_dag_decorator
[2024-12-03T15:10:00.689+0000] {processor.py:766} INFO - DAG(s) dict_keys(['example_dag_decorator']) retrieved from /home/airflow/.local/lib/python3.7/site-packages/airflow/example_dags/example_dag_decorator.py
[2024-12-03T15:10:00.830+0000] {logging_mixin.py:120} INFO - [2024-12-03T15:10:00.830+0000] {dag.py:2585} INFO - Sync 1 DAGs
[2024-12-03T15:10:00.867+0000] {logging_mixin.py:120} INFO - [2024-12-03T15:10:00.867+0000] {dag.py:3340} INFO - Setting next_dagrun for example_dag_decorator to None, run_after=None
[2024-12-03T15:10:00.913+0000] {processor.py:176} INFO - Processing /home/airflow/.local/lib/python3.7/site-packages/airflow/example_dags/example_dag_decorator.py took 0.282 seconds
[2024-12-03T15:10:31.706+0000] {processor.py:154} INFO - Started process (PID=395) to work on /home/airflow/.local/lib/python3.7/site-packages/airflow/example_dags/example_dag_decorator.py
[2024-12-03T15:10:31.708+0000] {processor.py:756} INFO - Processing file /home/airflow/.local/lib/python3.7/site-packages/airflow/example_dags/example_dag_decorator.py for tasks to queue
[2024-12-03T15:10:31.709+0000] {logging_mixin.py:120} INFO - [2024-12-03T15:10:31.709+0000] {dagbag.py:537} INFO - Filling up the DagBag from /home/airflow/.local/lib/python3.7/site-packages/airflow/example_dags/example_dag_decorator.py
[2024-12-03T15:10:31.730+0000] {logging_mixin.py:120} INFO - [2024-12-03T15:10:31.730+0000] {taskmixin.py:205} WARNING - Dependency <Task(_PythonDecoratedOperator): prepare_email>, send_email already registered for DAG: example_dag_decorator
[2024-12-03T15:10:31.731+0000] {logging_mixin.py:120} INFO - [2024-12-03T15:10:31.731+0000] {taskmixin.py:205} WARNING - Dependency <Task(EmailOperator): send_email>, prepare_email already registered for DAG: example_dag_decorator
[2024-12-03T15:10:31.752+0000] {processor.py:766} INFO - DAG(s) dict_keys(['example_dag_decorator']) retrieved from /home/airflow/.local/lib/python3.7/site-packages/airflow/example_dags/example_dag_decorator.py
[2024-12-03T15:10:31.888+0000] {logging_mixin.py:120} INFO - [2024-12-03T15:10:31.887+0000] {dag.py:2585} INFO - Sync 1 DAGs
[2024-12-03T15:10:31.925+0000] {logging_mixin.py:120} INFO - [2024-12-03T15:10:31.925+0000] {dag.py:3340} INFO - Setting next_dagrun for example_dag_decorator to None, run_after=None
[2024-12-03T15:10:31.966+0000] {processor.py:176} INFO - Processing /home/airflow/.local/lib/python3.7/site-packages/airflow/example_dags/example_dag_decorator.py took 0.266 seconds
[2024-12-03T15:11:02.427+0000] {processor.py:154} INFO - Started process (PID=448) to work on /home/airflow/.local/lib/python3.7/site-packages/airflow/example_dags/example_dag_decorator.py
[2024-12-03T15:11:02.429+0000] {processor.py:756} INFO - Processing file /home/airflow/.local/lib/python3.7/site-packages/airflow/example_dags/example_dag_decorator.py for tasks to queue
[2024-12-03T15:11:02.434+0000] {logging_mixin.py:120} INFO - [2024-12-03T15:11:02.434+0000] {dagbag.py:537} INFO - Filling up the DagBag from /home/airflow/.local/lib/python3.7/site-packages/airflow/example_dags/example_dag_decorator.py
[2024-12-03T15:11:02.468+0000] {logging_mixin.py:120} INFO - [2024-12-03T15:11:02.468+0000] {taskmixin.py:205} WARNING - Dependency <Task(_PythonDecoratedOperator): prepare_email>, send_email already registered for DAG: example_dag_decorator
[2024-12-03T15:11:02.470+0000] {logging_mixin.py:120} INFO - [2024-12-03T15:11:02.469+0000] {taskmixin.py:205} WARNING - Dependency <Task(EmailOperator): send_email>, prepare_email already registered for DAG: example_dag_decorator
[2024-12-03T15:11:02.492+0000] {processor.py:766} INFO - DAG(s) dict_keys(['example_dag_decorator']) retrieved from /home/airflow/.local/lib/python3.7/site-packages/airflow/example_dags/example_dag_decorator.py
[2024-12-03T15:11:02.684+0000] {logging_mixin.py:120} INFO - [2024-12-03T15:11:02.684+0000] {dag.py:2585} INFO - Sync 1 DAGs
[2024-12-03T15:11:02.747+0000] {logging_mixin.py:120} INFO - [2024-12-03T15:11:02.746+0000] {dag.py:3340} INFO - Setting next_dagrun for example_dag_decorator to None, run_after=None
[2024-12-03T15:11:02.797+0000] {processor.py:176} INFO - Processing /home/airflow/.local/lib/python3.7/site-packages/airflow/example_dags/example_dag_decorator.py took 0.374 seconds
[2024-12-03T15:11:33.838+0000] {processor.py:154} INFO - Started process (PID=513) to work on /home/airflow/.local/lib/python3.7/site-packages/airflow/example_dags/example_dag_decorator.py
[2024-12-03T15:11:33.843+0000] {processor.py:756} INFO - Processing file /home/airflow/.local/lib/python3.7/site-packages/airflow/example_dags/example_dag_decorator.py for tasks to queue
[2024-12-03T15:11:33.846+0000] {logging_mixin.py:120} INFO - [2024-12-03T15:11:33.845+0000] {dagbag.py:537} INFO - Filling up the DagBag from /home/airflow/.local/lib/python3.7/site-packages/airflow/example_dags/example_dag_decorator.py
[2024-12-03T15:11:33.907+0000] {logging_mixin.py:120} INFO - [2024-12-03T15:11:33.906+0000] {taskmixin.py:205} WARNING - Dependency <Task(_PythonDecoratedOperator): prepare_email>, send_email already registered for DAG: example_dag_decorator
[2024-12-03T15:11:33.909+0000] {logging_mixin.py:120} INFO - [2024-12-03T15:11:33.908+0000] {taskmixin.py:205} WARNING - Dependency <Task(EmailOperator): send_email>, prepare_email already registered for DAG: example_dag_decorator
[2024-12-03T15:11:33.952+0000] {processor.py:766} INFO - DAG(s) dict_keys(['example_dag_decorator']) retrieved from /home/airflow/.local/lib/python3.7/site-packages/airflow/example_dags/example_dag_decorator.py
[2024-12-03T15:11:34.170+0000] {logging_mixin.py:120} INFO - [2024-12-03T15:11:34.169+0000] {dag.py:2585} INFO - Sync 1 DAGs
[2024-12-03T15:11:34.240+0000] {logging_mixin.py:120} INFO - [2024-12-03T15:11:34.239+0000] {dag.py:3340} INFO - Setting next_dagrun for example_dag_decorator to None, run_after=None
[2024-12-03T15:11:34.304+0000] {processor.py:176} INFO - Processing /home/airflow/.local/lib/python3.7/site-packages/airflow/example_dags/example_dag_decorator.py took 0.477 seconds
[2024-12-03T15:12:04.722+0000] {processor.py:154} INFO - Started process (PID=569) to work on /home/airflow/.local/lib/python3.7/site-packages/airflow/example_dags/example_dag_decorator.py
[2024-12-03T15:12:04.723+0000] {processor.py:756} INFO - Processing file /home/airflow/.local/lib/python3.7/site-packages/airflow/example_dags/example_dag_decorator.py for tasks to queue
[2024-12-03T15:12:04.725+0000] {logging_mixin.py:120} INFO - [2024-12-03T15:12:04.725+0000] {dagbag.py:537} INFO - Filling up the DagBag from /home/airflow/.local/lib/python3.7/site-packages/airflow/example_dags/example_dag_decorator.py
[2024-12-03T15:12:04.823+0000] {logging_mixin.py:120} INFO - [2024-12-03T15:12:04.822+0000] {taskmixin.py:205} WARNING - Dependency <Task(_PythonDecoratedOperator): prepare_email>, send_email already registered for DAG: example_dag_decorator
[2024-12-03T15:12:04.824+0000] {logging_mixin.py:120} INFO - [2024-12-03T15:12:04.824+0000] {taskmixin.py:205} WARNING - Dependency <Task(EmailOperator): send_email>, prepare_email already registered for DAG: example_dag_decorator
[2024-12-03T15:12:04.856+0000] {processor.py:766} INFO - DAG(s) dict_keys(['example_dag_decorator']) retrieved from /home/airflow/.local/lib/python3.7/site-packages/airflow/example_dags/example_dag_decorator.py
[2024-12-03T15:12:05.186+0000] {logging_mixin.py:120} INFO - [2024-12-03T15:12:05.182+0000] {dag.py:2585} INFO - Sync 1 DAGs
[2024-12-03T15:12:05.288+0000] {logging_mixin.py:120} INFO - [2024-12-03T15:12:05.287+0000] {dag.py:3340} INFO - Setting next_dagrun for example_dag_decorator to None, run_after=None
[2024-12-03T15:12:05.355+0000] {processor.py:176} INFO - Processing /home/airflow/.local/lib/python3.7/site-packages/airflow/example_dags/example_dag_decorator.py took 0.639 seconds
[2024-12-03T15:12:35.962+0000] {processor.py:154} INFO - Started process (PID=633) to work on /home/airflow/.local/lib/python3.7/site-packages/airflow/example_dags/example_dag_decorator.py
[2024-12-03T15:12:35.964+0000] {processor.py:756} INFO - Processing file /home/airflow/.local/lib/python3.7/site-packages/airflow/example_dags/example_dag_decorator.py for tasks to queue
[2024-12-03T15:12:35.966+0000] {logging_mixin.py:120} INFO - [2024-12-03T15:12:35.966+0000] {dagbag.py:537} INFO - Filling up the DagBag from /home/airflow/.local/lib/python3.7/site-packages/airflow/example_dags/example_dag_decorator.py
[2024-12-03T15:12:36.002+0000] {logging_mixin.py:120} INFO - [2024-12-03T15:12:36.002+0000] {taskmixin.py:205} WARNING - Dependency <Task(_PythonDecoratedOperator): prepare_email>, send_email already registered for DAG: example_dag_decorator
[2024-12-03T15:12:36.004+0000] {logging_mixin.py:120} INFO - [2024-12-03T15:12:36.003+0000] {taskmixin.py:205} WARNING - Dependency <Task(EmailOperator): send_email>, prepare_email already registered for DAG: example_dag_decorator
[2024-12-03T15:12:36.037+0000] {processor.py:766} INFO - DAG(s) dict_keys(['example_dag_decorator']) retrieved from /home/airflow/.local/lib/python3.7/site-packages/airflow/example_dags/example_dag_decorator.py
[2024-12-03T15:12:36.217+0000] {logging_mixin.py:120} INFO - [2024-12-03T15:12:36.217+0000] {dag.py:2585} INFO - Sync 1 DAGs
[2024-12-03T15:12:36.264+0000] {logging_mixin.py:120} INFO - [2024-12-03T15:12:36.264+0000] {dag.py:3340} INFO - Setting next_dagrun for example_dag_decorator to None, run_after=None
[2024-12-03T15:12:36.311+0000] {processor.py:176} INFO - Processing /home/airflow/.local/lib/python3.7/site-packages/airflow/example_dags/example_dag_decorator.py took 0.355 seconds
[2024-12-03T15:13:06.774+0000] {processor.py:154} INFO - Started process (PID=688) to work on /home/airflow/.local/lib/python3.7/site-packages/airflow/example_dags/example_dag_decorator.py
[2024-12-03T15:13:06.776+0000] {processor.py:756} INFO - Processing file /home/airflow/.local/lib/python3.7/site-packages/airflow/example_dags/example_dag_decorator.py for tasks to queue
[2024-12-03T15:13:06.778+0000] {logging_mixin.py:120} INFO - [2024-12-03T15:13:06.777+0000] {dagbag.py:537} INFO - Filling up the DagBag from /home/airflow/.local/lib/python3.7/site-packages/airflow/example_dags/example_dag_decorator.py
[2024-12-03T15:13:06.808+0000] {logging_mixin.py:120} INFO - [2024-12-03T15:13:06.808+0000] {taskmixin.py:205} WARNING - Dependency <Task(_PythonDecoratedOperator): prepare_email>, send_email already registered for DAG: example_dag_decorator
[2024-12-03T15:13:06.810+0000] {logging_mixin.py:120} INFO - [2024-12-03T15:13:06.809+0000] {taskmixin.py:205} WARNING - Dependency <Task(EmailOperator): send_email>, prepare_email already registered for DAG: example_dag_decorator
[2024-12-03T15:13:06.833+0000] {processor.py:766} INFO - DAG(s) dict_keys(['example_dag_decorator']) retrieved from /home/airflow/.local/lib/python3.7/site-packages/airflow/example_dags/example_dag_decorator.py
[2024-12-03T15:13:07.045+0000] {logging_mixin.py:120} INFO - [2024-12-03T15:13:07.044+0000] {dag.py:2585} INFO - Sync 1 DAGs
[2024-12-03T15:13:07.087+0000] {logging_mixin.py:120} INFO - [2024-12-03T15:13:07.087+0000] {dag.py:3340} INFO - Setting next_dagrun for example_dag_decorator to None, run_after=None
[2024-12-03T15:13:07.139+0000] {processor.py:176} INFO - Processing /home/airflow/.local/lib/python3.7/site-packages/airflow/example_dags/example_dag_decorator.py took 0.371 seconds
[2024-12-03T15:13:37.794+0000] {processor.py:154} INFO - Started process (PID=744) to work on /home/airflow/.local/lib/python3.7/site-packages/airflow/example_dags/example_dag_decorator.py
[2024-12-03T15:13:37.797+0000] {processor.py:756} INFO - Processing file /home/airflow/.local/lib/python3.7/site-packages/airflow/example_dags/example_dag_decorator.py for tasks to queue
[2024-12-03T15:13:37.799+0000] {logging_mixin.py:120} INFO - [2024-12-03T15:13:37.798+0000] {dagbag.py:537} INFO - Filling up the DagBag from /home/airflow/.local/lib/python3.7/site-packages/airflow/example_dags/example_dag_decorator.py
[2024-12-03T15:13:37.850+0000] {logging_mixin.py:120} INFO - [2024-12-03T15:13:37.850+0000] {taskmixin.py:205} WARNING - Dependency <Task(_PythonDecoratedOperator): prepare_email>, send_email already registered for DAG: example_dag_decorator
[2024-12-03T15:13:37.851+0000] {logging_mixin.py:120} INFO - [2024-12-03T15:13:37.851+0000] {taskmixin.py:205} WARNING - Dependency <Task(EmailOperator): send_email>, prepare_email already registered for DAG: example_dag_decorator
[2024-12-03T15:13:37.883+0000] {processor.py:766} INFO - DAG(s) dict_keys(['example_dag_decorator']) retrieved from /home/airflow/.local/lib/python3.7/site-packages/airflow/example_dags/example_dag_decorator.py
[2024-12-03T15:13:38.123+0000] {logging_mixin.py:120} INFO - [2024-12-03T15:13:38.123+0000] {dag.py:2585} INFO - Sync 1 DAGs
[2024-12-03T15:13:38.205+0000] {logging_mixin.py:120} INFO - [2024-12-03T15:13:38.204+0000] {dag.py:3340} INFO - Setting next_dagrun for example_dag_decorator to None, run_after=None
[2024-12-03T15:13:38.271+0000] {processor.py:176} INFO - Processing /home/airflow/.local/lib/python3.7/site-packages/airflow/example_dags/example_dag_decorator.py took 0.485 seconds
[2024-12-03T15:14:08.626+0000] {processor.py:154} INFO - Started process (PID=808) to work on /home/airflow/.local/lib/python3.7/site-packages/airflow/example_dags/example_dag_decorator.py
[2024-12-03T15:14:08.633+0000] {processor.py:756} INFO - Processing file /home/airflow/.local/lib/python3.7/site-packages/airflow/example_dags/example_dag_decorator.py for tasks to queue
[2024-12-03T15:14:08.636+0000] {logging_mixin.py:120} INFO - [2024-12-03T15:14:08.636+0000] {dagbag.py:537} INFO - Filling up the DagBag from /home/airflow/.local/lib/python3.7/site-packages/airflow/example_dags/example_dag_decorator.py
[2024-12-03T15:14:08.695+0000] {logging_mixin.py:120} INFO - [2024-12-03T15:14:08.695+0000] {taskmixin.py:205} WARNING - Dependency <Task(_PythonDecoratedOperator): prepare_email>, send_email already registered for DAG: example_dag_decorator
[2024-12-03T15:14:08.697+0000] {logging_mixin.py:120} INFO - [2024-12-03T15:14:08.696+0000] {taskmixin.py:205} WARNING - Dependency <Task(EmailOperator): send_email>, prepare_email already registered for DAG: example_dag_decorator
[2024-12-03T15:14:08.760+0000] {processor.py:766} INFO - DAG(s) dict_keys(['example_dag_decorator']) retrieved from /home/airflow/.local/lib/python3.7/site-packages/airflow/example_dags/example_dag_decorator.py
[2024-12-03T15:14:08.912+0000] {logging_mixin.py:120} INFO - [2024-12-03T15:14:08.911+0000] {dag.py:2585} INFO - Sync 1 DAGs
[2024-12-03T15:14:09.000+0000] {logging_mixin.py:120} INFO - [2024-12-03T15:14:08.999+0000] {dag.py:3340} INFO - Setting next_dagrun for example_dag_decorator to None, run_after=None
[2024-12-03T15:14:09.097+0000] {processor.py:176} INFO - Processing /home/airflow/.local/lib/python3.7/site-packages/airflow/example_dags/example_dag_decorator.py took 0.490 seconds
[2024-12-03T15:14:39.260+0000] {processor.py:154} INFO - Started process (PID=862) to work on /home/airflow/.local/lib/python3.7/site-packages/airflow/example_dags/example_dag_decorator.py
[2024-12-03T15:14:39.263+0000] {processor.py:756} INFO - Processing file /home/airflow/.local/lib/python3.7/site-packages/airflow/example_dags/example_dag_decorator.py for tasks to queue
[2024-12-03T15:14:39.265+0000] {logging_mixin.py:120} INFO - [2024-12-03T15:14:39.265+0000] {dagbag.py:537} INFO - Filling up the DagBag from /home/airflow/.local/lib/python3.7/site-packages/airflow/example_dags/example_dag_decorator.py
[2024-12-03T15:14:39.313+0000] {logging_mixin.py:120} INFO - [2024-12-03T15:14:39.312+0000] {taskmixin.py:205} WARNING - Dependency <Task(_PythonDecoratedOperator): prepare_email>, send_email already registered for DAG: example_dag_decorator
[2024-12-03T15:14:39.315+0000] {logging_mixin.py:120} INFO - [2024-12-03T15:14:39.314+0000] {taskmixin.py:205} WARNING - Dependency <Task(EmailOperator): send_email>, prepare_email already registered for DAG: example_dag_decorator
[2024-12-03T15:14:39.371+0000] {processor.py:766} INFO - DAG(s) dict_keys(['example_dag_decorator']) retrieved from /home/airflow/.local/lib/python3.7/site-packages/airflow/example_dags/example_dag_decorator.py
[2024-12-03T15:14:39.642+0000] {logging_mixin.py:120} INFO - [2024-12-03T15:14:39.641+0000] {dag.py:2585} INFO - Sync 1 DAGs
[2024-12-03T15:14:39.702+0000] {logging_mixin.py:120} INFO - [2024-12-03T15:14:39.702+0000] {dag.py:3340} INFO - Setting next_dagrun for example_dag_decorator to None, run_after=None
[2024-12-03T15:14:39.760+0000] {processor.py:176} INFO - Processing /home/airflow/.local/lib/python3.7/site-packages/airflow/example_dags/example_dag_decorator.py took 0.507 seconds
[2024-12-03T15:15:10.110+0000] {processor.py:154} INFO - Started process (PID=917) to work on /home/airflow/.local/lib/python3.7/site-packages/airflow/example_dags/example_dag_decorator.py
[2024-12-03T15:15:10.112+0000] {processor.py:756} INFO - Processing file /home/airflow/.local/lib/python3.7/site-packages/airflow/example_dags/example_dag_decorator.py for tasks to queue
[2024-12-03T15:15:10.114+0000] {logging_mixin.py:120} INFO - [2024-12-03T15:15:10.114+0000] {dagbag.py:537} INFO - Filling up the DagBag from /home/airflow/.local/lib/python3.7/site-packages/airflow/example_dags/example_dag_decorator.py
[2024-12-03T15:15:10.140+0000] {logging_mixin.py:120} INFO - [2024-12-03T15:15:10.140+0000] {taskmixin.py:205} WARNING - Dependency <Task(_PythonDecoratedOperator): prepare_email>, send_email already registered for DAG: example_dag_decorator
[2024-12-03T15:15:10.142+0000] {logging_mixin.py:120} INFO - [2024-12-03T15:15:10.141+0000] {taskmixin.py:205} WARNING - Dependency <Task(EmailOperator): send_email>, prepare_email already registered for DAG: example_dag_decorator
[2024-12-03T15:15:10.163+0000] {processor.py:766} INFO - DAG(s) dict_keys(['example_dag_decorator']) retrieved from /home/airflow/.local/lib/python3.7/site-packages/airflow/example_dags/example_dag_decorator.py
[2024-12-03T15:15:10.318+0000] {logging_mixin.py:120} INFO - [2024-12-03T15:15:10.318+0000] {dag.py:2585} INFO - Sync 1 DAGs
[2024-12-03T15:15:10.360+0000] {logging_mixin.py:120} INFO - [2024-12-03T15:15:10.360+0000] {dag.py:3340} INFO - Setting next_dagrun for example_dag_decorator to None, run_after=None
[2024-12-03T15:15:10.409+0000] {processor.py:176} INFO - Processing /home/airflow/.local/lib/python3.7/site-packages/airflow/example_dags/example_dag_decorator.py took 0.303 seconds
[2024-12-03T15:15:40.849+0000] {processor.py:154} INFO - Started process (PID=983) to work on /home/airflow/.local/lib/python3.7/site-packages/airflow/example_dags/example_dag_decorator.py
[2024-12-03T15:15:40.851+0000] {processor.py:756} INFO - Processing file /home/airflow/.local/lib/python3.7/site-packages/airflow/example_dags/example_dag_decorator.py for tasks to queue
[2024-12-03T15:15:40.853+0000] {logging_mixin.py:120} INFO - [2024-12-03T15:15:40.852+0000] {dagbag.py:537} INFO - Filling up the DagBag from /home/airflow/.local/lib/python3.7/site-packages/airflow/example_dags/example_dag_decorator.py
[2024-12-03T15:15:40.882+0000] {logging_mixin.py:120} INFO - [2024-12-03T15:15:40.882+0000] {taskmixin.py:205} WARNING - Dependency <Task(_PythonDecoratedOperator): prepare_email>, send_email already registered for DAG: example_dag_decorator
[2024-12-03T15:15:40.884+0000] {logging_mixin.py:120} INFO - [2024-12-03T15:15:40.883+0000] {taskmixin.py:205} WARNING - Dependency <Task(EmailOperator): send_email>, prepare_email already registered for DAG: example_dag_decorator
[2024-12-03T15:15:40.912+0000] {processor.py:766} INFO - DAG(s) dict_keys(['example_dag_decorator']) retrieved from /home/airflow/.local/lib/python3.7/site-packages/airflow/example_dags/example_dag_decorator.py
[2024-12-03T15:15:41.104+0000] {logging_mixin.py:120} INFO - [2024-12-03T15:15:41.104+0000] {dag.py:2585} INFO - Sync 1 DAGs
[2024-12-03T15:15:41.160+0000] {logging_mixin.py:120} INFO - [2024-12-03T15:15:41.160+0000] {dag.py:3340} INFO - Setting next_dagrun for example_dag_decorator to None, run_after=None
[2024-12-03T15:15:41.212+0000] {processor.py:176} INFO - Processing /home/airflow/.local/lib/python3.7/site-packages/airflow/example_dags/example_dag_decorator.py took 0.369 seconds
[2024-12-03T15:16:12.401+0000] {processor.py:154} INFO - Started process (PID=1039) to work on /home/airflow/.local/lib/python3.7/site-packages/airflow/example_dags/example_dag_decorator.py
[2024-12-03T15:16:12.403+0000] {processor.py:756} INFO - Processing file /home/airflow/.local/lib/python3.7/site-packages/airflow/example_dags/example_dag_decorator.py for tasks to queue
[2024-12-03T15:16:12.405+0000] {logging_mixin.py:120} INFO - [2024-12-03T15:16:12.405+0000] {dagbag.py:537} INFO - Filling up the DagBag from /home/airflow/.local/lib/python3.7/site-packages/airflow/example_dags/example_dag_decorator.py
[2024-12-03T15:16:12.431+0000] {logging_mixin.py:120} INFO - [2024-12-03T15:16:12.431+0000] {taskmixin.py:205} WARNING - Dependency <Task(_PythonDecoratedOperator): prepare_email>, send_email already registered for DAG: example_dag_decorator
[2024-12-03T15:16:12.433+0000] {logging_mixin.py:120} INFO - [2024-12-03T15:16:12.433+0000] {taskmixin.py:205} WARNING - Dependency <Task(EmailOperator): send_email>, prepare_email already registered for DAG: example_dag_decorator
[2024-12-03T15:16:12.469+0000] {processor.py:766} INFO - DAG(s) dict_keys(['example_dag_decorator']) retrieved from /home/airflow/.local/lib/python3.7/site-packages/airflow/example_dags/example_dag_decorator.py
[2024-12-03T15:16:12.658+0000] {logging_mixin.py:120} INFO - [2024-12-03T15:16:12.658+0000] {dag.py:2585} INFO - Sync 1 DAGs
[2024-12-03T15:16:12.710+0000] {logging_mixin.py:120} INFO - [2024-12-03T15:16:12.710+0000] {dag.py:3340} INFO - Setting next_dagrun for example_dag_decorator to None, run_after=None
[2024-12-03T15:16:12.760+0000] {processor.py:176} INFO - Processing /home/airflow/.local/lib/python3.7/site-packages/airflow/example_dags/example_dag_decorator.py took 0.363 seconds
[2024-12-03T15:16:43.191+0000] {processor.py:154} INFO - Started process (PID=1095) to work on /home/airflow/.local/lib/python3.7/site-packages/airflow/example_dags/example_dag_decorator.py
[2024-12-03T15:16:43.193+0000] {processor.py:756} INFO - Processing file /home/airflow/.local/lib/python3.7/site-packages/airflow/example_dags/example_dag_decorator.py for tasks to queue
[2024-12-03T15:16:43.195+0000] {logging_mixin.py:120} INFO - [2024-12-03T15:16:43.194+0000] {dagbag.py:537} INFO - Filling up the DagBag from /home/airflow/.local/lib/python3.7/site-packages/airflow/example_dags/example_dag_decorator.py
[2024-12-03T15:16:43.243+0000] {logging_mixin.py:120} INFO - [2024-12-03T15:16:43.243+0000] {taskmixin.py:205} WARNING - Dependency <Task(_PythonDecoratedOperator): prepare_email>, send_email already registered for DAG: example_dag_decorator
[2024-12-03T15:16:43.244+0000] {logging_mixin.py:120} INFO - [2024-12-03T15:16:43.244+0000] {taskmixin.py:205} WARNING - Dependency <Task(EmailOperator): send_email>, prepare_email already registered for DAG: example_dag_decorator
[2024-12-03T15:16:43.274+0000] {processor.py:766} INFO - DAG(s) dict_keys(['example_dag_decorator']) retrieved from /home/airflow/.local/lib/python3.7/site-packages/airflow/example_dags/example_dag_decorator.py
[2024-12-03T15:16:43.349+0000] {logging_mixin.py:120} INFO - [2024-12-03T15:16:43.349+0000] {dag.py:2585} INFO - Sync 1 DAGs
[2024-12-03T15:16:43.403+0000] {logging_mixin.py:120} INFO - [2024-12-03T15:16:43.402+0000] {dag.py:3340} INFO - Setting next_dagrun for example_dag_decorator to None, run_after=None
[2024-12-03T15:16:43.451+0000] {processor.py:176} INFO - Processing /home/airflow/.local/lib/python3.7/site-packages/airflow/example_dags/example_dag_decorator.py took 0.267 seconds
[2024-12-03T15:17:14.497+0000] {processor.py:154} INFO - Started process (PID=1159) to work on /home/airflow/.local/lib/python3.7/site-packages/airflow/example_dags/example_dag_decorator.py
[2024-12-03T15:17:14.498+0000] {processor.py:756} INFO - Processing file /home/airflow/.local/lib/python3.7/site-packages/airflow/example_dags/example_dag_decorator.py for tasks to queue
[2024-12-03T15:17:14.499+0000] {logging_mixin.py:120} INFO - [2024-12-03T15:17:14.499+0000] {dagbag.py:537} INFO - Filling up the DagBag from /home/airflow/.local/lib/python3.7/site-packages/airflow/example_dags/example_dag_decorator.py
[2024-12-03T15:17:14.537+0000] {logging_mixin.py:120} INFO - [2024-12-03T15:17:14.537+0000] {taskmixin.py:205} WARNING - Dependency <Task(_PythonDecoratedOperator): prepare_email>, send_email already registered for DAG: example_dag_decorator
[2024-12-03T15:17:14.537+0000] {logging_mixin.py:120} INFO - [2024-12-03T15:17:14.537+0000] {taskmixin.py:205} WARNING - Dependency <Task(EmailOperator): send_email>, prepare_email already registered for DAG: example_dag_decorator
[2024-12-03T15:17:14.564+0000] {processor.py:766} INFO - DAG(s) dict_keys(['example_dag_decorator']) retrieved from /home/airflow/.local/lib/python3.7/site-packages/airflow/example_dags/example_dag_decorator.py
[2024-12-03T15:17:14.704+0000] {logging_mixin.py:120} INFO - [2024-12-03T15:17:14.703+0000] {dag.py:2585} INFO - Sync 1 DAGs
[2024-12-03T15:17:14.742+0000] {logging_mixin.py:120} INFO - [2024-12-03T15:17:14.741+0000] {dag.py:3340} INFO - Setting next_dagrun for example_dag_decorator to None, run_after=None
[2024-12-03T15:17:14.780+0000] {processor.py:176} INFO - Processing /home/airflow/.local/lib/python3.7/site-packages/airflow/example_dags/example_dag_decorator.py took 0.288 seconds
[2024-12-03T15:18:00.772+0000] {processor.py:154} INFO - Started process (PID=80) to work on /home/airflow/.local/lib/python3.7/site-packages/airflow/example_dags/example_dag_decorator.py
[2024-12-03T15:18:00.774+0000] {processor.py:756} INFO - Processing file /home/airflow/.local/lib/python3.7/site-packages/airflow/example_dags/example_dag_decorator.py for tasks to queue
[2024-12-03T15:18:00.776+0000] {logging_mixin.py:120} INFO - [2024-12-03T15:18:00.775+0000] {dagbag.py:537} INFO - Filling up the DagBag from /home/airflow/.local/lib/python3.7/site-packages/airflow/example_dags/example_dag_decorator.py
[2024-12-03T15:18:00.798+0000] {logging_mixin.py:120} INFO - [2024-12-03T15:18:00.798+0000] {taskmixin.py:205} WARNING - Dependency <Task(_PythonDecoratedOperator): prepare_email>, send_email already registered for DAG: example_dag_decorator
[2024-12-03T15:18:00.804+0000] {logging_mixin.py:120} INFO - [2024-12-03T15:18:00.804+0000] {taskmixin.py:205} WARNING - Dependency <Task(EmailOperator): send_email>, prepare_email already registered for DAG: example_dag_decorator
[2024-12-03T15:18:00.825+0000] {processor.py:766} INFO - DAG(s) dict_keys(['example_dag_decorator']) retrieved from /home/airflow/.local/lib/python3.7/site-packages/airflow/example_dags/example_dag_decorator.py
[2024-12-03T15:18:00.956+0000] {logging_mixin.py:120} INFO - [2024-12-03T15:18:00.956+0000] {dag.py:2585} INFO - Sync 1 DAGs
[2024-12-03T15:18:01.041+0000] {logging_mixin.py:120} INFO - [2024-12-03T15:18:01.040+0000] {dag.py:3340} INFO - Setting next_dagrun for example_dag_decorator to None, run_after=None
[2024-12-03T15:18:01.111+0000] {processor.py:176} INFO - Processing /home/airflow/.local/lib/python3.7/site-packages/airflow/example_dags/example_dag_decorator.py took 0.344 seconds
[2024-12-03T15:18:32.878+0000] {processor.py:154} INFO - Started process (PID=144) to work on /home/airflow/.local/lib/python3.7/site-packages/airflow/example_dags/example_dag_decorator.py
[2024-12-03T15:18:32.880+0000] {processor.py:756} INFO - Processing file /home/airflow/.local/lib/python3.7/site-packages/airflow/example_dags/example_dag_decorator.py for tasks to queue
[2024-12-03T15:18:32.884+0000] {logging_mixin.py:120} INFO - [2024-12-03T15:18:32.883+0000] {dagbag.py:537} INFO - Filling up the DagBag from /home/airflow/.local/lib/python3.7/site-packages/airflow/example_dags/example_dag_decorator.py
[2024-12-03T15:18:32.931+0000] {logging_mixin.py:120} INFO - [2024-12-03T15:18:32.931+0000] {taskmixin.py:205} WARNING - Dependency <Task(_PythonDecoratedOperator): prepare_email>, send_email already registered for DAG: example_dag_decorator
[2024-12-03T15:18:32.934+0000] {logging_mixin.py:120} INFO - [2024-12-03T15:18:32.934+0000] {taskmixin.py:205} WARNING - Dependency <Task(EmailOperator): send_email>, prepare_email already registered for DAG: example_dag_decorator
[2024-12-03T15:18:32.976+0000] {processor.py:766} INFO - DAG(s) dict_keys(['example_dag_decorator']) retrieved from /home/airflow/.local/lib/python3.7/site-packages/airflow/example_dags/example_dag_decorator.py
[2024-12-03T15:18:33.072+0000] {logging_mixin.py:120} INFO - [2024-12-03T15:18:33.072+0000] {dag.py:2585} INFO - Sync 1 DAGs
[2024-12-03T15:18:33.140+0000] {logging_mixin.py:120} INFO - [2024-12-03T15:18:33.140+0000] {dag.py:3340} INFO - Setting next_dagrun for example_dag_decorator to None, run_after=None
[2024-12-03T15:18:33.186+0000] {processor.py:176} INFO - Processing /home/airflow/.local/lib/python3.7/site-packages/airflow/example_dags/example_dag_decorator.py took 0.315 seconds
[2024-12-03T15:19:03.765+0000] {processor.py:154} INFO - Started process (PID=201) to work on /home/airflow/.local/lib/python3.7/site-packages/airflow/example_dags/example_dag_decorator.py
[2024-12-03T15:19:03.767+0000] {processor.py:756} INFO - Processing file /home/airflow/.local/lib/python3.7/site-packages/airflow/example_dags/example_dag_decorator.py for tasks to queue
[2024-12-03T15:19:03.768+0000] {logging_mixin.py:120} INFO - [2024-12-03T15:19:03.768+0000] {dagbag.py:537} INFO - Filling up the DagBag from /home/airflow/.local/lib/python3.7/site-packages/airflow/example_dags/example_dag_decorator.py
[2024-12-03T15:19:03.787+0000] {logging_mixin.py:120} INFO - [2024-12-03T15:19:03.787+0000] {taskmixin.py:205} WARNING - Dependency <Task(_PythonDecoratedOperator): prepare_email>, send_email already registered for DAG: example_dag_decorator
[2024-12-03T15:19:03.788+0000] {logging_mixin.py:120} INFO - [2024-12-03T15:19:03.788+0000] {taskmixin.py:205} WARNING - Dependency <Task(EmailOperator): send_email>, prepare_email already registered for DAG: example_dag_decorator
[2024-12-03T15:19:03.806+0000] {processor.py:766} INFO - DAG(s) dict_keys(['example_dag_decorator']) retrieved from /home/airflow/.local/lib/python3.7/site-packages/airflow/example_dags/example_dag_decorator.py
[2024-12-03T15:19:03.872+0000] {logging_mixin.py:120} INFO - [2024-12-03T15:19:03.871+0000] {dag.py:2585} INFO - Sync 1 DAGs
[2024-12-03T15:19:03.922+0000] {logging_mixin.py:120} INFO - [2024-12-03T15:19:03.922+0000] {dag.py:3340} INFO - Setting next_dagrun for example_dag_decorator to None, run_after=None
[2024-12-03T15:19:03.962+0000] {processor.py:176} INFO - Processing /home/airflow/.local/lib/python3.7/site-packages/airflow/example_dags/example_dag_decorator.py took 0.200 seconds
[2024-12-03T15:19:34.815+0000] {processor.py:154} INFO - Started process (PID=265) to work on /home/airflow/.local/lib/python3.7/site-packages/airflow/example_dags/example_dag_decorator.py
[2024-12-03T15:19:34.817+0000] {processor.py:756} INFO - Processing file /home/airflow/.local/lib/python3.7/site-packages/airflow/example_dags/example_dag_decorator.py for tasks to queue
[2024-12-03T15:19:34.819+0000] {logging_mixin.py:120} INFO - [2024-12-03T15:19:34.818+0000] {dagbag.py:537} INFO - Filling up the DagBag from /home/airflow/.local/lib/python3.7/site-packages/airflow/example_dags/example_dag_decorator.py
[2024-12-03T15:19:34.846+0000] {logging_mixin.py:120} INFO - [2024-12-03T15:19:34.845+0000] {taskmixin.py:205} WARNING - Dependency <Task(_PythonDecoratedOperator): prepare_email>, send_email already registered for DAG: example_dag_decorator
[2024-12-03T15:19:34.846+0000] {logging_mixin.py:120} INFO - [2024-12-03T15:19:34.846+0000] {taskmixin.py:205} WARNING - Dependency <Task(EmailOperator): send_email>, prepare_email already registered for DAG: example_dag_decorator
[2024-12-03T15:19:34.873+0000] {processor.py:766} INFO - DAG(s) dict_keys(['example_dag_decorator']) retrieved from /home/airflow/.local/lib/python3.7/site-packages/airflow/example_dags/example_dag_decorator.py
[2024-12-03T15:19:35.035+0000] {logging_mixin.py:120} INFO - [2024-12-03T15:19:35.034+0000] {dag.py:2585} INFO - Sync 1 DAGs
[2024-12-03T15:19:35.074+0000] {logging_mixin.py:120} INFO - [2024-12-03T15:19:35.073+0000] {dag.py:3340} INFO - Setting next_dagrun for example_dag_decorator to None, run_after=None
[2024-12-03T15:19:35.129+0000] {processor.py:176} INFO - Processing /home/airflow/.local/lib/python3.7/site-packages/airflow/example_dags/example_dag_decorator.py took 0.318 seconds
[2024-12-03T15:20:06.071+0000] {processor.py:154} INFO - Started process (PID=320) to work on /home/airflow/.local/lib/python3.7/site-packages/airflow/example_dags/example_dag_decorator.py
[2024-12-03T15:20:06.073+0000] {processor.py:756} INFO - Processing file /home/airflow/.local/lib/python3.7/site-packages/airflow/example_dags/example_dag_decorator.py for tasks to queue
[2024-12-03T15:20:06.074+0000] {logging_mixin.py:120} INFO - [2024-12-03T15:20:06.074+0000] {dagbag.py:537} INFO - Filling up the DagBag from /home/airflow/.local/lib/python3.7/site-packages/airflow/example_dags/example_dag_decorator.py
[2024-12-03T15:20:06.100+0000] {logging_mixin.py:120} INFO - [2024-12-03T15:20:06.100+0000] {taskmixin.py:205} WARNING - Dependency <Task(_PythonDecoratedOperator): prepare_email>, send_email already registered for DAG: example_dag_decorator
[2024-12-03T15:20:06.102+0000] {logging_mixin.py:120} INFO - [2024-12-03T15:20:06.101+0000] {taskmixin.py:205} WARNING - Dependency <Task(EmailOperator): send_email>, prepare_email already registered for DAG: example_dag_decorator
[2024-12-03T15:20:06.125+0000] {processor.py:766} INFO - DAG(s) dict_keys(['example_dag_decorator']) retrieved from /home/airflow/.local/lib/python3.7/site-packages/airflow/example_dags/example_dag_decorator.py
[2024-12-03T15:20:06.330+0000] {logging_mixin.py:120} INFO - [2024-12-03T15:20:06.330+0000] {dag.py:2585} INFO - Sync 1 DAGs
[2024-12-03T15:20:06.381+0000] {logging_mixin.py:120} INFO - [2024-12-03T15:20:06.380+0000] {dag.py:3340} INFO - Setting next_dagrun for example_dag_decorator to None, run_after=None
[2024-12-03T15:20:06.434+0000] {processor.py:176} INFO - Processing /home/airflow/.local/lib/python3.7/site-packages/airflow/example_dags/example_dag_decorator.py took 0.367 seconds
[2024-12-03T15:20:37.018+0000] {processor.py:154} INFO - Started process (PID=385) to work on /home/airflow/.local/lib/python3.7/site-packages/airflow/example_dags/example_dag_decorator.py
[2024-12-03T15:20:37.019+0000] {processor.py:756} INFO - Processing file /home/airflow/.local/lib/python3.7/site-packages/airflow/example_dags/example_dag_decorator.py for tasks to queue
[2024-12-03T15:20:37.021+0000] {logging_mixin.py:120} INFO - [2024-12-03T15:20:37.020+0000] {dagbag.py:537} INFO - Filling up the DagBag from /home/airflow/.local/lib/python3.7/site-packages/airflow/example_dags/example_dag_decorator.py
[2024-12-03T15:20:37.039+0000] {logging_mixin.py:120} INFO - [2024-12-03T15:20:37.038+0000] {taskmixin.py:205} WARNING - Dependency <Task(_PythonDecoratedOperator): prepare_email>, send_email already registered for DAG: example_dag_decorator
[2024-12-03T15:20:37.039+0000] {logging_mixin.py:120} INFO - [2024-12-03T15:20:37.039+0000] {taskmixin.py:205} WARNING - Dependency <Task(EmailOperator): send_email>, prepare_email already registered for DAG: example_dag_decorator
[2024-12-03T15:20:37.053+0000] {processor.py:766} INFO - DAG(s) dict_keys(['example_dag_decorator']) retrieved from /home/airflow/.local/lib/python3.7/site-packages/airflow/example_dags/example_dag_decorator.py
[2024-12-03T15:20:37.129+0000] {logging_mixin.py:120} INFO - [2024-12-03T15:20:37.128+0000] {dag.py:2585} INFO - Sync 1 DAGs
[2024-12-03T15:20:37.174+0000] {logging_mixin.py:120} INFO - [2024-12-03T15:20:37.174+0000] {dag.py:3340} INFO - Setting next_dagrun for example_dag_decorator to None, run_after=None
[2024-12-03T15:20:37.213+0000] {processor.py:176} INFO - Processing /home/airflow/.local/lib/python3.7/site-packages/airflow/example_dags/example_dag_decorator.py took 0.200 seconds
[2024-12-03T15:21:07.940+0000] {processor.py:154} INFO - Started process (PID=440) to work on /home/airflow/.local/lib/python3.7/site-packages/airflow/example_dags/example_dag_decorator.py
[2024-12-03T15:21:07.942+0000] {processor.py:756} INFO - Processing file /home/airflow/.local/lib/python3.7/site-packages/airflow/example_dags/example_dag_decorator.py for tasks to queue
[2024-12-03T15:21:07.943+0000] {logging_mixin.py:120} INFO - [2024-12-03T15:21:07.943+0000] {dagbag.py:537} INFO - Filling up the DagBag from /home/airflow/.local/lib/python3.7/site-packages/airflow/example_dags/example_dag_decorator.py
[2024-12-03T15:21:07.962+0000] {logging_mixin.py:120} INFO - [2024-12-03T15:21:07.962+0000] {taskmixin.py:205} WARNING - Dependency <Task(_PythonDecoratedOperator): prepare_email>, send_email already registered for DAG: example_dag_decorator
[2024-12-03T15:21:07.963+0000] {logging_mixin.py:120} INFO - [2024-12-03T15:21:07.963+0000] {taskmixin.py:205} WARNING - Dependency <Task(EmailOperator): send_email>, prepare_email already registered for DAG: example_dag_decorator
[2024-12-03T15:21:07.979+0000] {processor.py:766} INFO - DAG(s) dict_keys(['example_dag_decorator']) retrieved from /home/airflow/.local/lib/python3.7/site-packages/airflow/example_dags/example_dag_decorator.py
[2024-12-03T15:21:08.106+0000] {logging_mixin.py:120} INFO - [2024-12-03T15:21:08.105+0000] {dag.py:2585} INFO - Sync 1 DAGs
[2024-12-03T15:21:08.139+0000] {logging_mixin.py:120} INFO - [2024-12-03T15:21:08.139+0000] {dag.py:3340} INFO - Setting next_dagrun for example_dag_decorator to None, run_after=None
[2024-12-03T15:21:08.178+0000] {processor.py:176} INFO - Processing /home/airflow/.local/lib/python3.7/site-packages/airflow/example_dags/example_dag_decorator.py took 0.242 seconds
[2024-12-03T15:21:40.526+0000] {processor.py:154} INFO - Started process (PID=505) to work on /home/airflow/.local/lib/python3.7/site-packages/airflow/example_dags/example_dag_decorator.py
[2024-12-03T15:21:40.528+0000] {processor.py:756} INFO - Processing file /home/airflow/.local/lib/python3.7/site-packages/airflow/example_dags/example_dag_decorator.py for tasks to queue
[2024-12-03T15:21:40.530+0000] {logging_mixin.py:120} INFO - [2024-12-03T15:21:40.530+0000] {dagbag.py:537} INFO - Filling up the DagBag from /home/airflow/.local/lib/python3.7/site-packages/airflow/example_dags/example_dag_decorator.py
[2024-12-03T15:21:40.554+0000] {logging_mixin.py:120} INFO - [2024-12-03T15:21:40.554+0000] {taskmixin.py:205} WARNING - Dependency <Task(_PythonDecoratedOperator): prepare_email>, send_email already registered for DAG: example_dag_decorator
[2024-12-03T15:21:40.555+0000] {logging_mixin.py:120} INFO - [2024-12-03T15:21:40.555+0000] {taskmixin.py:205} WARNING - Dependency <Task(EmailOperator): send_email>, prepare_email already registered for DAG: example_dag_decorator
[2024-12-03T15:21:40.579+0000] {processor.py:766} INFO - DAG(s) dict_keys(['example_dag_decorator']) retrieved from /home/airflow/.local/lib/python3.7/site-packages/airflow/example_dags/example_dag_decorator.py
[2024-12-03T15:21:40.744+0000] {logging_mixin.py:120} INFO - [2024-12-03T15:21:40.744+0000] {dag.py:2585} INFO - Sync 1 DAGs
[2024-12-03T15:21:40.809+0000] {logging_mixin.py:120} INFO - [2024-12-03T15:21:40.808+0000] {dag.py:3340} INFO - Setting next_dagrun for example_dag_decorator to None, run_after=None
[2024-12-03T15:21:40.864+0000] {processor.py:176} INFO - Processing /home/airflow/.local/lib/python3.7/site-packages/airflow/example_dags/example_dag_decorator.py took 0.342 seconds
[2024-12-03T15:22:11.323+0000] {processor.py:154} INFO - Started process (PID=561) to work on /home/airflow/.local/lib/python3.7/site-packages/airflow/example_dags/example_dag_decorator.py
[2024-12-03T15:22:11.325+0000] {processor.py:756} INFO - Processing file /home/airflow/.local/lib/python3.7/site-packages/airflow/example_dags/example_dag_decorator.py for tasks to queue
[2024-12-03T15:22:11.327+0000] {logging_mixin.py:120} INFO - [2024-12-03T15:22:11.326+0000] {dagbag.py:537} INFO - Filling up the DagBag from /home/airflow/.local/lib/python3.7/site-packages/airflow/example_dags/example_dag_decorator.py
[2024-12-03T15:22:11.351+0000] {logging_mixin.py:120} INFO - [2024-12-03T15:22:11.350+0000] {taskmixin.py:205} WARNING - Dependency <Task(_PythonDecoratedOperator): prepare_email>, send_email already registered for DAG: example_dag_decorator
[2024-12-03T15:22:11.351+0000] {logging_mixin.py:120} INFO - [2024-12-03T15:22:11.351+0000] {taskmixin.py:205} WARNING - Dependency <Task(EmailOperator): send_email>, prepare_email already registered for DAG: example_dag_decorator
[2024-12-03T15:22:11.368+0000] {processor.py:766} INFO - DAG(s) dict_keys(['example_dag_decorator']) retrieved from /home/airflow/.local/lib/python3.7/site-packages/airflow/example_dags/example_dag_decorator.py
[2024-12-03T15:22:11.519+0000] {logging_mixin.py:120} INFO - [2024-12-03T15:22:11.519+0000] {dag.py:2585} INFO - Sync 1 DAGs
[2024-12-03T15:22:11.556+0000] {logging_mixin.py:120} INFO - [2024-12-03T15:22:11.556+0000] {dag.py:3340} INFO - Setting next_dagrun for example_dag_decorator to None, run_after=None
[2024-12-03T15:22:11.610+0000] {processor.py:176} INFO - Processing /home/airflow/.local/lib/python3.7/site-packages/airflow/example_dags/example_dag_decorator.py took 0.289 seconds
[2024-12-03T15:22:42.532+0000] {processor.py:154} INFO - Started process (PID=616) to work on /home/airflow/.local/lib/python3.7/site-packages/airflow/example_dags/example_dag_decorator.py
[2024-12-03T15:22:42.533+0000] {processor.py:756} INFO - Processing file /home/airflow/.local/lib/python3.7/site-packages/airflow/example_dags/example_dag_decorator.py for tasks to queue
[2024-12-03T15:22:42.536+0000] {logging_mixin.py:120} INFO - [2024-12-03T15:22:42.535+0000] {dagbag.py:537} INFO - Filling up the DagBag from /home/airflow/.local/lib/python3.7/site-packages/airflow/example_dags/example_dag_decorator.py
[2024-12-03T15:22:42.565+0000] {logging_mixin.py:120} INFO - [2024-12-03T15:22:42.565+0000] {taskmixin.py:205} WARNING - Dependency <Task(_PythonDecoratedOperator): prepare_email>, send_email already registered for DAG: example_dag_decorator
[2024-12-03T15:22:42.567+0000] {logging_mixin.py:120} INFO - [2024-12-03T15:22:42.566+0000] {taskmixin.py:205} WARNING - Dependency <Task(EmailOperator): send_email>, prepare_email already registered for DAG: example_dag_decorator
[2024-12-03T15:22:42.593+0000] {processor.py:766} INFO - DAG(s) dict_keys(['example_dag_decorator']) retrieved from /home/airflow/.local/lib/python3.7/site-packages/airflow/example_dags/example_dag_decorator.py
[2024-12-03T15:22:42.768+0000] {logging_mixin.py:120} INFO - [2024-12-03T15:22:42.768+0000] {dag.py:2585} INFO - Sync 1 DAGs
[2024-12-03T15:22:42.816+0000] {logging_mixin.py:120} INFO - [2024-12-03T15:22:42.815+0000] {dag.py:3340} INFO - Setting next_dagrun for example_dag_decorator to None, run_after=None
[2024-12-03T15:22:42.882+0000] {processor.py:176} INFO - Processing /home/airflow/.local/lib/python3.7/site-packages/airflow/example_dags/example_dag_decorator.py took 0.355 seconds
[2024-12-03T15:23:13.050+0000] {processor.py:154} INFO - Started process (PID=680) to work on /home/airflow/.local/lib/python3.7/site-packages/airflow/example_dags/example_dag_decorator.py
[2024-12-03T15:23:13.052+0000] {processor.py:756} INFO - Processing file /home/airflow/.local/lib/python3.7/site-packages/airflow/example_dags/example_dag_decorator.py for tasks to queue
[2024-12-03T15:23:13.055+0000] {logging_mixin.py:120} INFO - [2024-12-03T15:23:13.054+0000] {dagbag.py:537} INFO - Filling up the DagBag from /home/airflow/.local/lib/python3.7/site-packages/airflow/example_dags/example_dag_decorator.py
[2024-12-03T15:23:13.081+0000] {logging_mixin.py:120} INFO - [2024-12-03T15:23:13.081+0000] {taskmixin.py:205} WARNING - Dependency <Task(_PythonDecoratedOperator): prepare_email>, send_email already registered for DAG: example_dag_decorator
[2024-12-03T15:23:13.082+0000] {logging_mixin.py:120} INFO - [2024-12-03T15:23:13.082+0000] {taskmixin.py:205} WARNING - Dependency <Task(EmailOperator): send_email>, prepare_email already registered for DAG: example_dag_decorator
[2024-12-03T15:23:13.110+0000] {processor.py:766} INFO - DAG(s) dict_keys(['example_dag_decorator']) retrieved from /home/airflow/.local/lib/python3.7/site-packages/airflow/example_dags/example_dag_decorator.py
[2024-12-03T15:23:13.229+0000] {logging_mixin.py:120} INFO - [2024-12-03T15:23:13.229+0000] {dag.py:2585} INFO - Sync 1 DAGs
[2024-12-03T15:23:13.272+0000] {logging_mixin.py:120} INFO - [2024-12-03T15:23:13.271+0000] {dag.py:3340} INFO - Setting next_dagrun for example_dag_decorator to None, run_after=None
[2024-12-03T15:23:13.327+0000] {processor.py:176} INFO - Processing /home/airflow/.local/lib/python3.7/site-packages/airflow/example_dags/example_dag_decorator.py took 0.282 seconds
[2024-12-03T15:23:43.718+0000] {processor.py:154} INFO - Started process (PID=735) to work on /home/airflow/.local/lib/python3.7/site-packages/airflow/example_dags/example_dag_decorator.py
[2024-12-03T15:23:43.720+0000] {processor.py:756} INFO - Processing file /home/airflow/.local/lib/python3.7/site-packages/airflow/example_dags/example_dag_decorator.py for tasks to queue
[2024-12-03T15:23:43.723+0000] {logging_mixin.py:120} INFO - [2024-12-03T15:23:43.722+0000] {dagbag.py:537} INFO - Filling up the DagBag from /home/airflow/.local/lib/python3.7/site-packages/airflow/example_dags/example_dag_decorator.py
[2024-12-03T15:23:43.757+0000] {logging_mixin.py:120} INFO - [2024-12-03T15:23:43.756+0000] {taskmixin.py:205} WARNING - Dependency <Task(_PythonDecoratedOperator): prepare_email>, send_email already registered for DAG: example_dag_decorator
[2024-12-03T15:23:43.759+0000] {logging_mixin.py:120} INFO - [2024-12-03T15:23:43.758+0000] {taskmixin.py:205} WARNING - Dependency <Task(EmailOperator): send_email>, prepare_email already registered for DAG: example_dag_decorator
[2024-12-03T15:23:43.779+0000] {processor.py:766} INFO - DAG(s) dict_keys(['example_dag_decorator']) retrieved from /home/airflow/.local/lib/python3.7/site-packages/airflow/example_dags/example_dag_decorator.py
[2024-12-03T15:23:43.962+0000] {logging_mixin.py:120} INFO - [2024-12-03T15:23:43.961+0000] {dag.py:2585} INFO - Sync 1 DAGs
[2024-12-03T15:23:44.016+0000] {logging_mixin.py:120} INFO - [2024-12-03T15:23:44.015+0000] {dag.py:3340} INFO - Setting next_dagrun for example_dag_decorator to None, run_after=None
[2024-12-03T15:23:44.064+0000] {processor.py:176} INFO - Processing /home/airflow/.local/lib/python3.7/site-packages/airflow/example_dags/example_dag_decorator.py took 0.351 seconds
[2024-12-03T15:24:14.440+0000] {processor.py:154} INFO - Started process (PID=799) to work on /home/airflow/.local/lib/python3.7/site-packages/airflow/example_dags/example_dag_decorator.py
[2024-12-03T15:24:14.443+0000] {processor.py:756} INFO - Processing file /home/airflow/.local/lib/python3.7/site-packages/airflow/example_dags/example_dag_decorator.py for tasks to queue
[2024-12-03T15:24:14.445+0000] {logging_mixin.py:120} INFO - [2024-12-03T15:24:14.445+0000] {dagbag.py:537} INFO - Filling up the DagBag from /home/airflow/.local/lib/python3.7/site-packages/airflow/example_dags/example_dag_decorator.py
[2024-12-03T15:24:14.479+0000] {logging_mixin.py:120} INFO - [2024-12-03T15:24:14.479+0000] {taskmixin.py:205} WARNING - Dependency <Task(_PythonDecoratedOperator): prepare_email>, send_email already registered for DAG: example_dag_decorator
[2024-12-03T15:24:14.480+0000] {logging_mixin.py:120} INFO - [2024-12-03T15:24:14.480+0000] {taskmixin.py:205} WARNING - Dependency <Task(EmailOperator): send_email>, prepare_email already registered for DAG: example_dag_decorator
[2024-12-03T15:24:14.505+0000] {processor.py:766} INFO - DAG(s) dict_keys(['example_dag_decorator']) retrieved from /home/airflow/.local/lib/python3.7/site-packages/airflow/example_dags/example_dag_decorator.py
[2024-12-03T15:24:14.648+0000] {logging_mixin.py:120} INFO - [2024-12-03T15:24:14.647+0000] {dag.py:2585} INFO - Sync 1 DAGs
[2024-12-03T15:24:14.699+0000] {logging_mixin.py:120} INFO - [2024-12-03T15:24:14.698+0000] {dag.py:3340} INFO - Setting next_dagrun for example_dag_decorator to None, run_after=None
[2024-12-03T15:24:14.747+0000] {processor.py:176} INFO - Processing /home/airflow/.local/lib/python3.7/site-packages/airflow/example_dags/example_dag_decorator.py took 0.313 seconds
[2024-12-03T15:24:45.363+0000] {processor.py:154} INFO - Started process (PID=854) to work on /home/airflow/.local/lib/python3.7/site-packages/airflow/example_dags/example_dag_decorator.py
[2024-12-03T15:24:45.365+0000] {processor.py:756} INFO - Processing file /home/airflow/.local/lib/python3.7/site-packages/airflow/example_dags/example_dag_decorator.py for tasks to queue
[2024-12-03T15:24:45.367+0000] {logging_mixin.py:120} INFO - [2024-12-03T15:24:45.367+0000] {dagbag.py:537} INFO - Filling up the DagBag from /home/airflow/.local/lib/python3.7/site-packages/airflow/example_dags/example_dag_decorator.py
[2024-12-03T15:24:45.391+0000] {logging_mixin.py:120} INFO - [2024-12-03T15:24:45.391+0000] {taskmixin.py:205} WARNING - Dependency <Task(_PythonDecoratedOperator): prepare_email>, send_email already registered for DAG: example_dag_decorator
[2024-12-03T15:24:45.393+0000] {logging_mixin.py:120} INFO - [2024-12-03T15:24:45.392+0000] {taskmixin.py:205} WARNING - Dependency <Task(EmailOperator): send_email>, prepare_email already registered for DAG: example_dag_decorator
[2024-12-03T15:24:45.413+0000] {processor.py:766} INFO - DAG(s) dict_keys(['example_dag_decorator']) retrieved from /home/airflow/.local/lib/python3.7/site-packages/airflow/example_dags/example_dag_decorator.py
[2024-12-03T15:24:45.567+0000] {logging_mixin.py:120} INFO - [2024-12-03T15:24:45.567+0000] {dag.py:2585} INFO - Sync 1 DAGs
[2024-12-03T15:24:45.621+0000] {logging_mixin.py:120} INFO - [2024-12-03T15:24:45.621+0000] {dag.py:3340} INFO - Setting next_dagrun for example_dag_decorator to None, run_after=None
[2024-12-03T15:24:45.672+0000] {processor.py:176} INFO - Processing /home/airflow/.local/lib/python3.7/site-packages/airflow/example_dags/example_dag_decorator.py took 0.313 seconds
[2024-12-03T15:25:17.186+0000] {processor.py:154} INFO - Started process (PID=918) to work on /home/airflow/.local/lib/python3.7/site-packages/airflow/example_dags/example_dag_decorator.py
[2024-12-03T15:25:17.188+0000] {processor.py:756} INFO - Processing file /home/airflow/.local/lib/python3.7/site-packages/airflow/example_dags/example_dag_decorator.py for tasks to queue
[2024-12-03T15:25:17.190+0000] {logging_mixin.py:120} INFO - [2024-12-03T15:25:17.190+0000] {dagbag.py:537} INFO - Filling up the DagBag from /home/airflow/.local/lib/python3.7/site-packages/airflow/example_dags/example_dag_decorator.py
[2024-12-03T15:25:17.228+0000] {logging_mixin.py:120} INFO - [2024-12-03T15:25:17.227+0000] {taskmixin.py:205} WARNING - Dependency <Task(_PythonDecoratedOperator): prepare_email>, send_email already registered for DAG: example_dag_decorator
[2024-12-03T15:25:17.230+0000] {logging_mixin.py:120} INFO - [2024-12-03T15:25:17.229+0000] {taskmixin.py:205} WARNING - Dependency <Task(EmailOperator): send_email>, prepare_email already registered for DAG: example_dag_decorator
[2024-12-03T15:25:17.256+0000] {processor.py:766} INFO - DAG(s) dict_keys(['example_dag_decorator']) retrieved from /home/airflow/.local/lib/python3.7/site-packages/airflow/example_dags/example_dag_decorator.py
[2024-12-03T15:25:17.433+0000] {logging_mixin.py:120} INFO - [2024-12-03T15:25:17.433+0000] {dag.py:2585} INFO - Sync 1 DAGs
[2024-12-03T15:25:17.478+0000] {logging_mixin.py:120} INFO - [2024-12-03T15:25:17.477+0000] {dag.py:3340} INFO - Setting next_dagrun for example_dag_decorator to None, run_after=None
[2024-12-03T15:25:17.520+0000] {processor.py:176} INFO - Processing /home/airflow/.local/lib/python3.7/site-packages/airflow/example_dags/example_dag_decorator.py took 0.340 seconds
[2024-12-03T15:25:48.564+0000] {processor.py:154} INFO - Started process (PID=974) to work on /home/airflow/.local/lib/python3.7/site-packages/airflow/example_dags/example_dag_decorator.py
[2024-12-03T15:25:48.566+0000] {processor.py:756} INFO - Processing file /home/airflow/.local/lib/python3.7/site-packages/airflow/example_dags/example_dag_decorator.py for tasks to queue
[2024-12-03T15:25:48.568+0000] {logging_mixin.py:120} INFO - [2024-12-03T15:25:48.568+0000] {dagbag.py:537} INFO - Filling up the DagBag from /home/airflow/.local/lib/python3.7/site-packages/airflow/example_dags/example_dag_decorator.py
[2024-12-03T15:25:48.622+0000] {logging_mixin.py:120} INFO - [2024-12-03T15:25:48.622+0000] {taskmixin.py:205} WARNING - Dependency <Task(_PythonDecoratedOperator): prepare_email>, send_email already registered for DAG: example_dag_decorator
[2024-12-03T15:25:48.623+0000] {logging_mixin.py:120} INFO - [2024-12-03T15:25:48.623+0000] {taskmixin.py:205} WARNING - Dependency <Task(EmailOperator): send_email>, prepare_email already registered for DAG: example_dag_decorator
[2024-12-03T15:25:48.677+0000] {processor.py:766} INFO - DAG(s) dict_keys(['example_dag_decorator']) retrieved from /home/airflow/.local/lib/python3.7/site-packages/airflow/example_dags/example_dag_decorator.py
[2024-12-03T15:25:48.959+0000] {logging_mixin.py:120} INFO - [2024-12-03T15:25:48.958+0000] {dag.py:2585} INFO - Sync 1 DAGs
[2024-12-03T15:25:49.051+0000] {logging_mixin.py:120} INFO - [2024-12-03T15:25:49.050+0000] {dag.py:3340} INFO - Setting next_dagrun for example_dag_decorator to None, run_after=None
[2024-12-03T15:25:49.113+0000] {processor.py:176} INFO - Processing /home/airflow/.local/lib/python3.7/site-packages/airflow/example_dags/example_dag_decorator.py took 0.557 seconds
[2024-12-03T15:26:19.433+0000] {processor.py:154} INFO - Started process (PID=1038) to work on /home/airflow/.local/lib/python3.7/site-packages/airflow/example_dags/example_dag_decorator.py
[2024-12-03T15:26:19.436+0000] {processor.py:756} INFO - Processing file /home/airflow/.local/lib/python3.7/site-packages/airflow/example_dags/example_dag_decorator.py for tasks to queue
[2024-12-03T15:26:19.439+0000] {logging_mixin.py:120} INFO - [2024-12-03T15:26:19.438+0000] {dagbag.py:537} INFO - Filling up the DagBag from /home/airflow/.local/lib/python3.7/site-packages/airflow/example_dags/example_dag_decorator.py
[2024-12-03T15:26:19.472+0000] {logging_mixin.py:120} INFO - [2024-12-03T15:26:19.472+0000] {taskmixin.py:205} WARNING - Dependency <Task(_PythonDecoratedOperator): prepare_email>, send_email already registered for DAG: example_dag_decorator
[2024-12-03T15:26:19.474+0000] {logging_mixin.py:120} INFO - [2024-12-03T15:26:19.474+0000] {taskmixin.py:205} WARNING - Dependency <Task(EmailOperator): send_email>, prepare_email already registered for DAG: example_dag_decorator
[2024-12-03T15:26:19.512+0000] {processor.py:766} INFO - DAG(s) dict_keys(['example_dag_decorator']) retrieved from /home/airflow/.local/lib/python3.7/site-packages/airflow/example_dags/example_dag_decorator.py
[2024-12-03T15:26:19.744+0000] {logging_mixin.py:120} INFO - [2024-12-03T15:26:19.744+0000] {dag.py:2585} INFO - Sync 1 DAGs
[2024-12-03T15:26:19.842+0000] {logging_mixin.py:120} INFO - [2024-12-03T15:26:19.842+0000] {dag.py:3340} INFO - Setting next_dagrun for example_dag_decorator to None, run_after=None
[2024-12-03T15:26:19.912+0000] {processor.py:176} INFO - Processing /home/airflow/.local/lib/python3.7/site-packages/airflow/example_dags/example_dag_decorator.py took 0.486 seconds
[2024-12-03T15:26:49.982+0000] {processor.py:154} INFO - Started process (PID=1093) to work on /home/airflow/.local/lib/python3.7/site-packages/airflow/example_dags/example_dag_decorator.py
[2024-12-03T15:26:49.984+0000] {processor.py:756} INFO - Processing file /home/airflow/.local/lib/python3.7/site-packages/airflow/example_dags/example_dag_decorator.py for tasks to queue
[2024-12-03T15:26:49.985+0000] {logging_mixin.py:120} INFO - [2024-12-03T15:26:49.985+0000] {dagbag.py:537} INFO - Filling up the DagBag from /home/airflow/.local/lib/python3.7/site-packages/airflow/example_dags/example_dag_decorator.py
[2024-12-03T15:26:50.006+0000] {logging_mixin.py:120} INFO - [2024-12-03T15:26:50.006+0000] {taskmixin.py:205} WARNING - Dependency <Task(_PythonDecoratedOperator): prepare_email>, send_email already registered for DAG: example_dag_decorator
[2024-12-03T15:26:50.007+0000] {logging_mixin.py:120} INFO - [2024-12-03T15:26:50.007+0000] {taskmixin.py:205} WARNING - Dependency <Task(EmailOperator): send_email>, prepare_email already registered for DAG: example_dag_decorator
[2024-12-03T15:26:50.022+0000] {processor.py:766} INFO - DAG(s) dict_keys(['example_dag_decorator']) retrieved from /home/airflow/.local/lib/python3.7/site-packages/airflow/example_dags/example_dag_decorator.py
[2024-12-03T15:26:50.149+0000] {logging_mixin.py:120} INFO - [2024-12-03T15:26:50.149+0000] {dag.py:2585} INFO - Sync 1 DAGs
[2024-12-03T15:26:50.179+0000] {logging_mixin.py:120} INFO - [2024-12-03T15:26:50.179+0000] {dag.py:3340} INFO - Setting next_dagrun for example_dag_decorator to None, run_after=None
[2024-12-03T15:26:50.217+0000] {processor.py:176} INFO - Processing /home/airflow/.local/lib/python3.7/site-packages/airflow/example_dags/example_dag_decorator.py took 0.238 seconds
[2024-12-03T15:27:20.863+0000] {processor.py:154} INFO - Started process (PID=1149) to work on /home/airflow/.local/lib/python3.7/site-packages/airflow/example_dags/example_dag_decorator.py
[2024-12-03T15:27:20.866+0000] {processor.py:756} INFO - Processing file /home/airflow/.local/lib/python3.7/site-packages/airflow/example_dags/example_dag_decorator.py for tasks to queue
[2024-12-03T15:27:20.870+0000] {logging_mixin.py:120} INFO - [2024-12-03T15:27:20.869+0000] {dagbag.py:537} INFO - Filling up the DagBag from /home/airflow/.local/lib/python3.7/site-packages/airflow/example_dags/example_dag_decorator.py
[2024-12-03T15:27:20.906+0000] {logging_mixin.py:120} INFO - [2024-12-03T15:27:20.905+0000] {taskmixin.py:205} WARNING - Dependency <Task(_PythonDecoratedOperator): prepare_email>, send_email already registered for DAG: example_dag_decorator
[2024-12-03T15:27:20.907+0000] {logging_mixin.py:120} INFO - [2024-12-03T15:27:20.907+0000] {taskmixin.py:205} WARNING - Dependency <Task(EmailOperator): send_email>, prepare_email already registered for DAG: example_dag_decorator
[2024-12-03T15:27:20.939+0000] {processor.py:766} INFO - DAG(s) dict_keys(['example_dag_decorator']) retrieved from /home/airflow/.local/lib/python3.7/site-packages/airflow/example_dags/example_dag_decorator.py
[2024-12-03T15:27:21.194+0000] {logging_mixin.py:120} INFO - [2024-12-03T15:27:21.194+0000] {dag.py:2585} INFO - Sync 1 DAGs
[2024-12-03T15:27:21.256+0000] {logging_mixin.py:120} INFO - [2024-12-03T15:27:21.254+0000] {dag.py:3340} INFO - Setting next_dagrun for example_dag_decorator to None, run_after=None
[2024-12-03T15:27:21.320+0000] {processor.py:176} INFO - Processing /home/airflow/.local/lib/python3.7/site-packages/airflow/example_dags/example_dag_decorator.py took 0.465 seconds
[2024-12-03T15:27:51.503+0000] {processor.py:154} INFO - Started process (PID=1213) to work on /home/airflow/.local/lib/python3.7/site-packages/airflow/example_dags/example_dag_decorator.py
[2024-12-03T15:27:51.504+0000] {processor.py:756} INFO - Processing file /home/airflow/.local/lib/python3.7/site-packages/airflow/example_dags/example_dag_decorator.py for tasks to queue
[2024-12-03T15:27:51.506+0000] {logging_mixin.py:120} INFO - [2024-12-03T15:27:51.506+0000] {dagbag.py:537} INFO - Filling up the DagBag from /home/airflow/.local/lib/python3.7/site-packages/airflow/example_dags/example_dag_decorator.py
[2024-12-03T15:27:51.528+0000] {logging_mixin.py:120} INFO - [2024-12-03T15:27:51.528+0000] {taskmixin.py:205} WARNING - Dependency <Task(_PythonDecoratedOperator): prepare_email>, send_email already registered for DAG: example_dag_decorator
[2024-12-03T15:27:51.529+0000] {logging_mixin.py:120} INFO - [2024-12-03T15:27:51.529+0000] {taskmixin.py:205} WARNING - Dependency <Task(EmailOperator): send_email>, prepare_email already registered for DAG: example_dag_decorator
[2024-12-03T15:27:51.547+0000] {processor.py:766} INFO - DAG(s) dict_keys(['example_dag_decorator']) retrieved from /home/airflow/.local/lib/python3.7/site-packages/airflow/example_dags/example_dag_decorator.py
[2024-12-03T15:27:51.687+0000] {logging_mixin.py:120} INFO - [2024-12-03T15:27:51.687+0000] {dag.py:2585} INFO - Sync 1 DAGs
[2024-12-03T15:27:51.728+0000] {logging_mixin.py:120} INFO - [2024-12-03T15:27:51.728+0000] {dag.py:3340} INFO - Setting next_dagrun for example_dag_decorator to None, run_after=None
[2024-12-03T15:27:51.775+0000] {processor.py:176} INFO - Processing /home/airflow/.local/lib/python3.7/site-packages/airflow/example_dags/example_dag_decorator.py took 0.275 seconds
[2024-12-03T15:28:21.937+0000] {processor.py:154} INFO - Started process (PID=1268) to work on /home/airflow/.local/lib/python3.7/site-packages/airflow/example_dags/example_dag_decorator.py
[2024-12-03T15:28:21.939+0000] {processor.py:756} INFO - Processing file /home/airflow/.local/lib/python3.7/site-packages/airflow/example_dags/example_dag_decorator.py for tasks to queue
[2024-12-03T15:28:21.940+0000] {logging_mixin.py:120} INFO - [2024-12-03T15:28:21.940+0000] {dagbag.py:537} INFO - Filling up the DagBag from /home/airflow/.local/lib/python3.7/site-packages/airflow/example_dags/example_dag_decorator.py
[2024-12-03T15:28:21.957+0000] {logging_mixin.py:120} INFO - [2024-12-03T15:28:21.956+0000] {taskmixin.py:205} WARNING - Dependency <Task(_PythonDecoratedOperator): prepare_email>, send_email already registered for DAG: example_dag_decorator
[2024-12-03T15:28:21.958+0000] {logging_mixin.py:120} INFO - [2024-12-03T15:28:21.957+0000] {taskmixin.py:205} WARNING - Dependency <Task(EmailOperator): send_email>, prepare_email already registered for DAG: example_dag_decorator
[2024-12-03T15:28:21.975+0000] {processor.py:766} INFO - DAG(s) dict_keys(['example_dag_decorator']) retrieved from /home/airflow/.local/lib/python3.7/site-packages/airflow/example_dags/example_dag_decorator.py
[2024-12-03T15:28:22.092+0000] {logging_mixin.py:120} INFO - [2024-12-03T15:28:22.091+0000] {dag.py:2585} INFO - Sync 1 DAGs
[2024-12-03T15:28:22.142+0000] {logging_mixin.py:120} INFO - [2024-12-03T15:28:22.141+0000] {dag.py:3340} INFO - Setting next_dagrun for example_dag_decorator to None, run_after=None
[2024-12-03T15:28:22.192+0000] {processor.py:176} INFO - Processing /home/airflow/.local/lib/python3.7/site-packages/airflow/example_dags/example_dag_decorator.py took 0.259 seconds
[2024-12-03T15:28:52.552+0000] {processor.py:154} INFO - Started process (PID=1332) to work on /home/airflow/.local/lib/python3.7/site-packages/airflow/example_dags/example_dag_decorator.py
[2024-12-03T15:28:52.554+0000] {processor.py:756} INFO - Processing file /home/airflow/.local/lib/python3.7/site-packages/airflow/example_dags/example_dag_decorator.py for tasks to queue
[2024-12-03T15:28:52.555+0000] {logging_mixin.py:120} INFO - [2024-12-03T15:28:52.555+0000] {dagbag.py:537} INFO - Filling up the DagBag from /home/airflow/.local/lib/python3.7/site-packages/airflow/example_dags/example_dag_decorator.py
[2024-12-03T15:28:52.573+0000] {logging_mixin.py:120} INFO - [2024-12-03T15:28:52.573+0000] {taskmixin.py:205} WARNING - Dependency <Task(_PythonDecoratedOperator): prepare_email>, send_email already registered for DAG: example_dag_decorator
[2024-12-03T15:28:52.574+0000] {logging_mixin.py:120} INFO - [2024-12-03T15:28:52.573+0000] {taskmixin.py:205} WARNING - Dependency <Task(EmailOperator): send_email>, prepare_email already registered for DAG: example_dag_decorator
[2024-12-03T15:28:52.590+0000] {processor.py:766} INFO - DAG(s) dict_keys(['example_dag_decorator']) retrieved from /home/airflow/.local/lib/python3.7/site-packages/airflow/example_dags/example_dag_decorator.py
[2024-12-03T15:28:52.734+0000] {logging_mixin.py:120} INFO - [2024-12-03T15:28:52.734+0000] {dag.py:2585} INFO - Sync 1 DAGs
[2024-12-03T15:28:52.786+0000] {logging_mixin.py:120} INFO - [2024-12-03T15:28:52.786+0000] {dag.py:3340} INFO - Setting next_dagrun for example_dag_decorator to None, run_after=None
[2024-12-03T15:28:52.828+0000] {processor.py:176} INFO - Processing /home/airflow/.local/lib/python3.7/site-packages/airflow/example_dags/example_dag_decorator.py took 0.279 seconds
[2024-12-03T15:29:23.168+0000] {processor.py:154} INFO - Started process (PID=1388) to work on /home/airflow/.local/lib/python3.7/site-packages/airflow/example_dags/example_dag_decorator.py
[2024-12-03T15:29:23.171+0000] {processor.py:756} INFO - Processing file /home/airflow/.local/lib/python3.7/site-packages/airflow/example_dags/example_dag_decorator.py for tasks to queue
[2024-12-03T15:29:23.173+0000] {logging_mixin.py:120} INFO - [2024-12-03T15:29:23.172+0000] {dagbag.py:537} INFO - Filling up the DagBag from /home/airflow/.local/lib/python3.7/site-packages/airflow/example_dags/example_dag_decorator.py
[2024-12-03T15:29:23.196+0000] {logging_mixin.py:120} INFO - [2024-12-03T15:29:23.196+0000] {taskmixin.py:205} WARNING - Dependency <Task(_PythonDecoratedOperator): prepare_email>, send_email already registered for DAG: example_dag_decorator
[2024-12-03T15:29:23.197+0000] {logging_mixin.py:120} INFO - [2024-12-03T15:29:23.197+0000] {taskmixin.py:205} WARNING - Dependency <Task(EmailOperator): send_email>, prepare_email already registered for DAG: example_dag_decorator
[2024-12-03T15:29:23.217+0000] {processor.py:766} INFO - DAG(s) dict_keys(['example_dag_decorator']) retrieved from /home/airflow/.local/lib/python3.7/site-packages/airflow/example_dags/example_dag_decorator.py
[2024-12-03T15:29:23.391+0000] {logging_mixin.py:120} INFO - [2024-12-03T15:29:23.391+0000] {dag.py:2585} INFO - Sync 1 DAGs
[2024-12-03T15:29:23.436+0000] {logging_mixin.py:120} INFO - [2024-12-03T15:29:23.436+0000] {dag.py:3340} INFO - Setting next_dagrun for example_dag_decorator to None, run_after=None
[2024-12-03T15:29:23.483+0000] {processor.py:176} INFO - Processing /home/airflow/.local/lib/python3.7/site-packages/airflow/example_dags/example_dag_decorator.py took 0.320 seconds
[2024-12-03T15:29:53.598+0000] {processor.py:154} INFO - Started process (PID=1451) to work on /home/airflow/.local/lib/python3.7/site-packages/airflow/example_dags/example_dag_decorator.py
[2024-12-03T15:29:53.600+0000] {processor.py:756} INFO - Processing file /home/airflow/.local/lib/python3.7/site-packages/airflow/example_dags/example_dag_decorator.py for tasks to queue
[2024-12-03T15:29:53.602+0000] {logging_mixin.py:120} INFO - [2024-12-03T15:29:53.602+0000] {dagbag.py:537} INFO - Filling up the DagBag from /home/airflow/.local/lib/python3.7/site-packages/airflow/example_dags/example_dag_decorator.py
[2024-12-03T15:29:53.633+0000] {logging_mixin.py:120} INFO - [2024-12-03T15:29:53.633+0000] {taskmixin.py:205} WARNING - Dependency <Task(_PythonDecoratedOperator): prepare_email>, send_email already registered for DAG: example_dag_decorator
[2024-12-03T15:29:53.634+0000] {logging_mixin.py:120} INFO - [2024-12-03T15:29:53.634+0000] {taskmixin.py:205} WARNING - Dependency <Task(EmailOperator): send_email>, prepare_email already registered for DAG: example_dag_decorator
[2024-12-03T15:29:53.661+0000] {processor.py:766} INFO - DAG(s) dict_keys(['example_dag_decorator']) retrieved from /home/airflow/.local/lib/python3.7/site-packages/airflow/example_dags/example_dag_decorator.py
[2024-12-03T15:29:53.839+0000] {logging_mixin.py:120} INFO - [2024-12-03T15:29:53.839+0000] {dag.py:2585} INFO - Sync 1 DAGs
[2024-12-03T15:29:53.891+0000] {logging_mixin.py:120} INFO - [2024-12-03T15:29:53.890+0000] {dag.py:3340} INFO - Setting next_dagrun for example_dag_decorator to None, run_after=None
[2024-12-03T15:29:53.964+0000] {processor.py:176} INFO - Processing /home/airflow/.local/lib/python3.7/site-packages/airflow/example_dags/example_dag_decorator.py took 0.371 seconds
[2024-12-03T15:30:24.339+0000] {processor.py:154} INFO - Started process (PID=1507) to work on /home/airflow/.local/lib/python3.7/site-packages/airflow/example_dags/example_dag_decorator.py
[2024-12-03T15:30:24.341+0000] {processor.py:756} INFO - Processing file /home/airflow/.local/lib/python3.7/site-packages/airflow/example_dags/example_dag_decorator.py for tasks to queue
[2024-12-03T15:30:24.343+0000] {logging_mixin.py:120} INFO - [2024-12-03T15:30:24.343+0000] {dagbag.py:537} INFO - Filling up the DagBag from /home/airflow/.local/lib/python3.7/site-packages/airflow/example_dags/example_dag_decorator.py
[2024-12-03T15:30:24.375+0000] {logging_mixin.py:120} INFO - [2024-12-03T15:30:24.374+0000] {taskmixin.py:205} WARNING - Dependency <Task(_PythonDecoratedOperator): prepare_email>, send_email already registered for DAG: example_dag_decorator
[2024-12-03T15:30:24.376+0000] {logging_mixin.py:120} INFO - [2024-12-03T15:30:24.376+0000] {taskmixin.py:205} WARNING - Dependency <Task(EmailOperator): send_email>, prepare_email already registered for DAG: example_dag_decorator
[2024-12-03T15:30:24.394+0000] {processor.py:766} INFO - DAG(s) dict_keys(['example_dag_decorator']) retrieved from /home/airflow/.local/lib/python3.7/site-packages/airflow/example_dags/example_dag_decorator.py
[2024-12-03T15:30:24.591+0000] {logging_mixin.py:120} INFO - [2024-12-03T15:30:24.591+0000] {dag.py:2585} INFO - Sync 1 DAGs
[2024-12-03T15:30:24.652+0000] {logging_mixin.py:120} INFO - [2024-12-03T15:30:24.652+0000] {dag.py:3340} INFO - Setting next_dagrun for example_dag_decorator to None, run_after=None
[2024-12-03T15:30:24.710+0000] {processor.py:176} INFO - Processing /home/airflow/.local/lib/python3.7/site-packages/airflow/example_dags/example_dag_decorator.py took 0.378 seconds
[2024-12-03T15:30:54.947+0000] {processor.py:154} INFO - Started process (PID=1570) to work on /home/airflow/.local/lib/python3.7/site-packages/airflow/example_dags/example_dag_decorator.py
[2024-12-03T15:30:54.951+0000] {processor.py:756} INFO - Processing file /home/airflow/.local/lib/python3.7/site-packages/airflow/example_dags/example_dag_decorator.py for tasks to queue
[2024-12-03T15:30:54.954+0000] {logging_mixin.py:120} INFO - [2024-12-03T15:30:54.953+0000] {dagbag.py:537} INFO - Filling up the DagBag from /home/airflow/.local/lib/python3.7/site-packages/airflow/example_dags/example_dag_decorator.py
[2024-12-03T15:30:54.984+0000] {logging_mixin.py:120} INFO - [2024-12-03T15:30:54.983+0000] {taskmixin.py:205} WARNING - Dependency <Task(_PythonDecoratedOperator): prepare_email>, send_email already registered for DAG: example_dag_decorator
[2024-12-03T15:30:54.984+0000] {logging_mixin.py:120} INFO - [2024-12-03T15:30:54.984+0000] {taskmixin.py:205} WARNING - Dependency <Task(EmailOperator): send_email>, prepare_email already registered for DAG: example_dag_decorator
[2024-12-03T15:30:55.011+0000] {processor.py:766} INFO - DAG(s) dict_keys(['example_dag_decorator']) retrieved from /home/airflow/.local/lib/python3.7/site-packages/airflow/example_dags/example_dag_decorator.py
[2024-12-03T15:30:55.151+0000] {logging_mixin.py:120} INFO - [2024-12-03T15:30:55.151+0000] {dag.py:2585} INFO - Sync 1 DAGs
[2024-12-03T15:30:55.199+0000] {logging_mixin.py:120} INFO - [2024-12-03T15:30:55.198+0000] {dag.py:3340} INFO - Setting next_dagrun for example_dag_decorator to None, run_after=None
[2024-12-03T15:30:55.246+0000] {processor.py:176} INFO - Processing /home/airflow/.local/lib/python3.7/site-packages/airflow/example_dags/example_dag_decorator.py took 0.305 seconds
[2024-12-03T15:31:25.431+0000] {processor.py:154} INFO - Started process (PID=1624) to work on /home/airflow/.local/lib/python3.7/site-packages/airflow/example_dags/example_dag_decorator.py
[2024-12-03T15:31:25.433+0000] {processor.py:756} INFO - Processing file /home/airflow/.local/lib/python3.7/site-packages/airflow/example_dags/example_dag_decorator.py for tasks to queue
[2024-12-03T15:31:25.436+0000] {logging_mixin.py:120} INFO - [2024-12-03T15:31:25.435+0000] {dagbag.py:537} INFO - Filling up the DagBag from /home/airflow/.local/lib/python3.7/site-packages/airflow/example_dags/example_dag_decorator.py
[2024-12-03T15:31:25.468+0000] {logging_mixin.py:120} INFO - [2024-12-03T15:31:25.467+0000] {taskmixin.py:205} WARNING - Dependency <Task(_PythonDecoratedOperator): prepare_email>, send_email already registered for DAG: example_dag_decorator
[2024-12-03T15:31:25.469+0000] {logging_mixin.py:120} INFO - [2024-12-03T15:31:25.469+0000] {taskmixin.py:205} WARNING - Dependency <Task(EmailOperator): send_email>, prepare_email already registered for DAG: example_dag_decorator
[2024-12-03T15:31:25.489+0000] {processor.py:766} INFO - DAG(s) dict_keys(['example_dag_decorator']) retrieved from /home/airflow/.local/lib/python3.7/site-packages/airflow/example_dags/example_dag_decorator.py
[2024-12-03T15:31:25.692+0000] {logging_mixin.py:120} INFO - [2024-12-03T15:31:25.692+0000] {dag.py:2585} INFO - Sync 1 DAGs
[2024-12-03T15:31:25.738+0000] {logging_mixin.py:120} INFO - [2024-12-03T15:31:25.738+0000] {dag.py:3340} INFO - Setting next_dagrun for example_dag_decorator to None, run_after=None
[2024-12-03T15:31:25.795+0000] {processor.py:176} INFO - Processing /home/airflow/.local/lib/python3.7/site-packages/airflow/example_dags/example_dag_decorator.py took 0.368 seconds
[2024-12-03T15:31:56.944+0000] {processor.py:154} INFO - Started process (PID=1690) to work on /home/airflow/.local/lib/python3.7/site-packages/airflow/example_dags/example_dag_decorator.py
[2024-12-03T15:31:56.946+0000] {processor.py:756} INFO - Processing file /home/airflow/.local/lib/python3.7/site-packages/airflow/example_dags/example_dag_decorator.py for tasks to queue
[2024-12-03T15:31:56.948+0000] {logging_mixin.py:120} INFO - [2024-12-03T15:31:56.948+0000] {dagbag.py:537} INFO - Filling up the DagBag from /home/airflow/.local/lib/python3.7/site-packages/airflow/example_dags/example_dag_decorator.py
[2024-12-03T15:31:56.970+0000] {logging_mixin.py:120} INFO - [2024-12-03T15:31:56.970+0000] {taskmixin.py:205} WARNING - Dependency <Task(_PythonDecoratedOperator): prepare_email>, send_email already registered for DAG: example_dag_decorator
[2024-12-03T15:31:56.971+0000] {logging_mixin.py:120} INFO - [2024-12-03T15:31:56.971+0000] {taskmixin.py:205} WARNING - Dependency <Task(EmailOperator): send_email>, prepare_email already registered for DAG: example_dag_decorator
[2024-12-03T15:31:56.993+0000] {processor.py:766} INFO - DAG(s) dict_keys(['example_dag_decorator']) retrieved from /home/airflow/.local/lib/python3.7/site-packages/airflow/example_dags/example_dag_decorator.py
[2024-12-03T15:31:57.175+0000] {logging_mixin.py:120} INFO - [2024-12-03T15:31:57.174+0000] {dag.py:2585} INFO - Sync 1 DAGs
[2024-12-03T15:31:57.220+0000] {logging_mixin.py:120} INFO - [2024-12-03T15:31:57.219+0000] {dag.py:3340} INFO - Setting next_dagrun for example_dag_decorator to None, run_after=None
[2024-12-03T15:31:57.275+0000] {processor.py:176} INFO - Processing /home/airflow/.local/lib/python3.7/site-packages/airflow/example_dags/example_dag_decorator.py took 0.335 seconds
[2024-12-03T15:32:27.601+0000] {processor.py:154} INFO - Started process (PID=1745) to work on /home/airflow/.local/lib/python3.7/site-packages/airflow/example_dags/example_dag_decorator.py
[2024-12-03T15:32:27.603+0000] {processor.py:756} INFO - Processing file /home/airflow/.local/lib/python3.7/site-packages/airflow/example_dags/example_dag_decorator.py for tasks to queue
[2024-12-03T15:32:27.605+0000] {logging_mixin.py:120} INFO - [2024-12-03T15:32:27.605+0000] {dagbag.py:537} INFO - Filling up the DagBag from /home/airflow/.local/lib/python3.7/site-packages/airflow/example_dags/example_dag_decorator.py
[2024-12-03T15:32:27.626+0000] {logging_mixin.py:120} INFO - [2024-12-03T15:32:27.626+0000] {taskmixin.py:205} WARNING - Dependency <Task(_PythonDecoratedOperator): prepare_email>, send_email already registered for DAG: example_dag_decorator
[2024-12-03T15:32:27.628+0000] {logging_mixin.py:120} INFO - [2024-12-03T15:32:27.627+0000] {taskmixin.py:205} WARNING - Dependency <Task(EmailOperator): send_email>, prepare_email already registered for DAG: example_dag_decorator
[2024-12-03T15:32:27.644+0000] {processor.py:766} INFO - DAG(s) dict_keys(['example_dag_decorator']) retrieved from /home/airflow/.local/lib/python3.7/site-packages/airflow/example_dags/example_dag_decorator.py
[2024-12-03T15:32:27.774+0000] {logging_mixin.py:120} INFO - [2024-12-03T15:32:27.773+0000] {dag.py:2585} INFO - Sync 1 DAGs
[2024-12-03T15:32:27.813+0000] {logging_mixin.py:120} INFO - [2024-12-03T15:32:27.813+0000] {dag.py:3340} INFO - Setting next_dagrun for example_dag_decorator to None, run_after=None
[2024-12-03T15:32:27.871+0000] {processor.py:176} INFO - Processing /home/airflow/.local/lib/python3.7/site-packages/airflow/example_dags/example_dag_decorator.py took 0.280 seconds
[2024-12-03T15:32:58.303+0000] {processor.py:154} INFO - Started process (PID=1809) to work on /home/airflow/.local/lib/python3.7/site-packages/airflow/example_dags/example_dag_decorator.py
[2024-12-03T15:32:58.304+0000] {processor.py:756} INFO - Processing file /home/airflow/.local/lib/python3.7/site-packages/airflow/example_dags/example_dag_decorator.py for tasks to queue
[2024-12-03T15:32:58.307+0000] {logging_mixin.py:120} INFO - [2024-12-03T15:32:58.306+0000] {dagbag.py:537} INFO - Filling up the DagBag from /home/airflow/.local/lib/python3.7/site-packages/airflow/example_dags/example_dag_decorator.py
[2024-12-03T15:32:58.331+0000] {logging_mixin.py:120} INFO - [2024-12-03T15:32:58.331+0000] {taskmixin.py:205} WARNING - Dependency <Task(_PythonDecoratedOperator): prepare_email>, send_email already registered for DAG: example_dag_decorator
[2024-12-03T15:32:58.332+0000] {logging_mixin.py:120} INFO - [2024-12-03T15:32:58.332+0000] {taskmixin.py:205} WARNING - Dependency <Task(EmailOperator): send_email>, prepare_email already registered for DAG: example_dag_decorator
[2024-12-03T15:32:58.353+0000] {processor.py:766} INFO - DAG(s) dict_keys(['example_dag_decorator']) retrieved from /home/airflow/.local/lib/python3.7/site-packages/airflow/example_dags/example_dag_decorator.py
[2024-12-03T15:32:58.514+0000] {logging_mixin.py:120} INFO - [2024-12-03T15:32:58.514+0000] {dag.py:2585} INFO - Sync 1 DAGs
[2024-12-03T15:32:58.559+0000] {logging_mixin.py:120} INFO - [2024-12-03T15:32:58.559+0000] {dag.py:3340} INFO - Setting next_dagrun for example_dag_decorator to None, run_after=None
[2024-12-03T15:32:58.618+0000] {processor.py:176} INFO - Processing /home/airflow/.local/lib/python3.7/site-packages/airflow/example_dags/example_dag_decorator.py took 0.321 seconds
[2024-12-03T15:33:28.939+0000] {processor.py:154} INFO - Started process (PID=1864) to work on /home/airflow/.local/lib/python3.7/site-packages/airflow/example_dags/example_dag_decorator.py
[2024-12-03T15:33:28.940+0000] {processor.py:756} INFO - Processing file /home/airflow/.local/lib/python3.7/site-packages/airflow/example_dags/example_dag_decorator.py for tasks to queue
[2024-12-03T15:33:28.942+0000] {logging_mixin.py:120} INFO - [2024-12-03T15:33:28.942+0000] {dagbag.py:537} INFO - Filling up the DagBag from /home/airflow/.local/lib/python3.7/site-packages/airflow/example_dags/example_dag_decorator.py
[2024-12-03T15:33:28.967+0000] {logging_mixin.py:120} INFO - [2024-12-03T15:33:28.967+0000] {taskmixin.py:205} WARNING - Dependency <Task(_PythonDecoratedOperator): prepare_email>, send_email already registered for DAG: example_dag_decorator
[2024-12-03T15:33:28.968+0000] {logging_mixin.py:120} INFO - [2024-12-03T15:33:28.968+0000] {taskmixin.py:205} WARNING - Dependency <Task(EmailOperator): send_email>, prepare_email already registered for DAG: example_dag_decorator
[2024-12-03T15:33:28.992+0000] {processor.py:766} INFO - DAG(s) dict_keys(['example_dag_decorator']) retrieved from /home/airflow/.local/lib/python3.7/site-packages/airflow/example_dags/example_dag_decorator.py
[2024-12-03T15:33:29.170+0000] {logging_mixin.py:120} INFO - [2024-12-03T15:33:29.169+0000] {dag.py:2585} INFO - Sync 1 DAGs
[2024-12-03T15:33:29.212+0000] {logging_mixin.py:120} INFO - [2024-12-03T15:33:29.212+0000] {dag.py:3340} INFO - Setting next_dagrun for example_dag_decorator to None, run_after=None
[2024-12-03T15:33:29.269+0000] {processor.py:176} INFO - Processing /home/airflow/.local/lib/python3.7/site-packages/airflow/example_dags/example_dag_decorator.py took 0.335 seconds
[2024-12-03T15:33:59.765+0000] {processor.py:154} INFO - Started process (PID=1930) to work on /home/airflow/.local/lib/python3.7/site-packages/airflow/example_dags/example_dag_decorator.py
[2024-12-03T15:33:59.767+0000] {processor.py:756} INFO - Processing file /home/airflow/.local/lib/python3.7/site-packages/airflow/example_dags/example_dag_decorator.py for tasks to queue
[2024-12-03T15:33:59.769+0000] {logging_mixin.py:120} INFO - [2024-12-03T15:33:59.768+0000] {dagbag.py:537} INFO - Filling up the DagBag from /home/airflow/.local/lib/python3.7/site-packages/airflow/example_dags/example_dag_decorator.py
[2024-12-03T15:33:59.798+0000] {logging_mixin.py:120} INFO - [2024-12-03T15:33:59.797+0000] {taskmixin.py:205} WARNING - Dependency <Task(_PythonDecoratedOperator): prepare_email>, send_email already registered for DAG: example_dag_decorator
[2024-12-03T15:33:59.799+0000] {logging_mixin.py:120} INFO - [2024-12-03T15:33:59.799+0000] {taskmixin.py:205} WARNING - Dependency <Task(EmailOperator): send_email>, prepare_email already registered for DAG: example_dag_decorator
[2024-12-03T15:33:59.820+0000] {processor.py:766} INFO - DAG(s) dict_keys(['example_dag_decorator']) retrieved from /home/airflow/.local/lib/python3.7/site-packages/airflow/example_dags/example_dag_decorator.py
[2024-12-03T15:34:00.007+0000] {logging_mixin.py:120} INFO - [2024-12-03T15:34:00.007+0000] {dag.py:2585} INFO - Sync 1 DAGs
[2024-12-03T15:34:00.075+0000] {logging_mixin.py:120} INFO - [2024-12-03T15:34:00.074+0000] {dag.py:3340} INFO - Setting next_dagrun for example_dag_decorator to None, run_after=None
[2024-12-03T15:34:00.135+0000] {processor.py:176} INFO - Processing /home/airflow/.local/lib/python3.7/site-packages/airflow/example_dags/example_dag_decorator.py took 0.378 seconds
[2024-12-03T15:34:30.330+0000] {processor.py:154} INFO - Started process (PID=1985) to work on /home/airflow/.local/lib/python3.7/site-packages/airflow/example_dags/example_dag_decorator.py
[2024-12-03T15:34:30.331+0000] {processor.py:756} INFO - Processing file /home/airflow/.local/lib/python3.7/site-packages/airflow/example_dags/example_dag_decorator.py for tasks to queue
[2024-12-03T15:34:30.333+0000] {logging_mixin.py:120} INFO - [2024-12-03T15:34:30.332+0000] {dagbag.py:537} INFO - Filling up the DagBag from /home/airflow/.local/lib/python3.7/site-packages/airflow/example_dags/example_dag_decorator.py
[2024-12-03T15:34:30.357+0000] {logging_mixin.py:120} INFO - [2024-12-03T15:34:30.357+0000] {taskmixin.py:205} WARNING - Dependency <Task(_PythonDecoratedOperator): prepare_email>, send_email already registered for DAG: example_dag_decorator
[2024-12-03T15:34:30.359+0000] {logging_mixin.py:120} INFO - [2024-12-03T15:34:30.359+0000] {taskmixin.py:205} WARNING - Dependency <Task(EmailOperator): send_email>, prepare_email already registered for DAG: example_dag_decorator
[2024-12-03T15:34:30.379+0000] {processor.py:766} INFO - DAG(s) dict_keys(['example_dag_decorator']) retrieved from /home/airflow/.local/lib/python3.7/site-packages/airflow/example_dags/example_dag_decorator.py
[2024-12-03T15:34:30.540+0000] {logging_mixin.py:120} INFO - [2024-12-03T15:34:30.540+0000] {dag.py:2585} INFO - Sync 1 DAGs
[2024-12-03T15:34:30.588+0000] {logging_mixin.py:120} INFO - [2024-12-03T15:34:30.588+0000] {dag.py:3340} INFO - Setting next_dagrun for example_dag_decorator to None, run_after=None
[2024-12-03T15:34:30.637+0000] {processor.py:176} INFO - Processing /home/airflow/.local/lib/python3.7/site-packages/airflow/example_dags/example_dag_decorator.py took 0.312 seconds
[2024-12-03T15:35:01.281+0000] {processor.py:154} INFO - Started process (PID=2040) to work on /home/airflow/.local/lib/python3.7/site-packages/airflow/example_dags/example_dag_decorator.py
[2024-12-03T15:35:01.283+0000] {processor.py:756} INFO - Processing file /home/airflow/.local/lib/python3.7/site-packages/airflow/example_dags/example_dag_decorator.py for tasks to queue
[2024-12-03T15:35:01.285+0000] {logging_mixin.py:120} INFO - [2024-12-03T15:35:01.285+0000] {dagbag.py:537} INFO - Filling up the DagBag from /home/airflow/.local/lib/python3.7/site-packages/airflow/example_dags/example_dag_decorator.py
[2024-12-03T15:35:01.309+0000] {logging_mixin.py:120} INFO - [2024-12-03T15:35:01.309+0000] {taskmixin.py:205} WARNING - Dependency <Task(_PythonDecoratedOperator): prepare_email>, send_email already registered for DAG: example_dag_decorator
[2024-12-03T15:35:01.310+0000] {logging_mixin.py:120} INFO - [2024-12-03T15:35:01.310+0000] {taskmixin.py:205} WARNING - Dependency <Task(EmailOperator): send_email>, prepare_email already registered for DAG: example_dag_decorator
[2024-12-03T15:35:01.330+0000] {processor.py:766} INFO - DAG(s) dict_keys(['example_dag_decorator']) retrieved from /home/airflow/.local/lib/python3.7/site-packages/airflow/example_dags/example_dag_decorator.py
[2024-12-03T15:35:01.538+0000] {logging_mixin.py:120} INFO - [2024-12-03T15:35:01.537+0000] {dag.py:2585} INFO - Sync 1 DAGs
[2024-12-03T15:35:01.590+0000] {logging_mixin.py:120} INFO - [2024-12-03T15:35:01.590+0000] {dag.py:3340} INFO - Setting next_dagrun for example_dag_decorator to None, run_after=None
[2024-12-03T15:35:01.650+0000] {processor.py:176} INFO - Processing /home/airflow/.local/lib/python3.7/site-packages/airflow/example_dags/example_dag_decorator.py took 0.374 seconds
[2024-12-03T15:35:32.116+0000] {processor.py:154} INFO - Started process (PID=2103) to work on /home/airflow/.local/lib/python3.7/site-packages/airflow/example_dags/example_dag_decorator.py
[2024-12-03T15:35:32.118+0000] {processor.py:756} INFO - Processing file /home/airflow/.local/lib/python3.7/site-packages/airflow/example_dags/example_dag_decorator.py for tasks to queue
[2024-12-03T15:35:32.121+0000] {logging_mixin.py:120} INFO - [2024-12-03T15:35:32.121+0000] {dagbag.py:537} INFO - Filling up the DagBag from /home/airflow/.local/lib/python3.7/site-packages/airflow/example_dags/example_dag_decorator.py
[2024-12-03T15:35:32.155+0000] {logging_mixin.py:120} INFO - [2024-12-03T15:35:32.155+0000] {taskmixin.py:205} WARNING - Dependency <Task(_PythonDecoratedOperator): prepare_email>, send_email already registered for DAG: example_dag_decorator
[2024-12-03T15:35:32.156+0000] {logging_mixin.py:120} INFO - [2024-12-03T15:35:32.156+0000] {taskmixin.py:205} WARNING - Dependency <Task(EmailOperator): send_email>, prepare_email already registered for DAG: example_dag_decorator
[2024-12-03T15:35:32.185+0000] {processor.py:766} INFO - DAG(s) dict_keys(['example_dag_decorator']) retrieved from /home/airflow/.local/lib/python3.7/site-packages/airflow/example_dags/example_dag_decorator.py
[2024-12-03T15:35:32.375+0000] {logging_mixin.py:120} INFO - [2024-12-03T15:35:32.374+0000] {dag.py:2585} INFO - Sync 1 DAGs
[2024-12-03T15:35:32.420+0000] {logging_mixin.py:120} INFO - [2024-12-03T15:35:32.419+0000] {dag.py:3340} INFO - Setting next_dagrun for example_dag_decorator to None, run_after=None
[2024-12-03T15:35:32.465+0000] {processor.py:176} INFO - Processing /home/airflow/.local/lib/python3.7/site-packages/airflow/example_dags/example_dag_decorator.py took 0.354 seconds
[2024-12-03T15:36:03.331+0000] {processor.py:154} INFO - Started process (PID=2158) to work on /home/airflow/.local/lib/python3.7/site-packages/airflow/example_dags/example_dag_decorator.py
[2024-12-03T15:36:03.333+0000] {processor.py:756} INFO - Processing file /home/airflow/.local/lib/python3.7/site-packages/airflow/example_dags/example_dag_decorator.py for tasks to queue
[2024-12-03T15:36:03.335+0000] {logging_mixin.py:120} INFO - [2024-12-03T15:36:03.335+0000] {dagbag.py:537} INFO - Filling up the DagBag from /home/airflow/.local/lib/python3.7/site-packages/airflow/example_dags/example_dag_decorator.py
[2024-12-03T15:36:03.364+0000] {logging_mixin.py:120} INFO - [2024-12-03T15:36:03.364+0000] {taskmixin.py:205} WARNING - Dependency <Task(_PythonDecoratedOperator): prepare_email>, send_email already registered for DAG: example_dag_decorator
[2024-12-03T15:36:03.365+0000] {logging_mixin.py:120} INFO - [2024-12-03T15:36:03.365+0000] {taskmixin.py:205} WARNING - Dependency <Task(EmailOperator): send_email>, prepare_email already registered for DAG: example_dag_decorator
[2024-12-03T15:36:03.394+0000] {processor.py:766} INFO - DAG(s) dict_keys(['example_dag_decorator']) retrieved from /home/airflow/.local/lib/python3.7/site-packages/airflow/example_dags/example_dag_decorator.py
[2024-12-03T15:36:03.620+0000] {logging_mixin.py:120} INFO - [2024-12-03T15:36:03.620+0000] {dag.py:2585} INFO - Sync 1 DAGs
[2024-12-03T15:36:03.717+0000] {logging_mixin.py:120} INFO - [2024-12-03T15:36:03.717+0000] {dag.py:3340} INFO - Setting next_dagrun for example_dag_decorator to None, run_after=None
[2024-12-03T15:36:03.778+0000] {processor.py:176} INFO - Processing /home/airflow/.local/lib/python3.7/site-packages/airflow/example_dags/example_dag_decorator.py took 0.453 seconds
[2024-12-03T15:36:34.519+0000] {processor.py:154} INFO - Started process (PID=2223) to work on /home/airflow/.local/lib/python3.7/site-packages/airflow/example_dags/example_dag_decorator.py
[2024-12-03T15:36:34.521+0000] {processor.py:756} INFO - Processing file /home/airflow/.local/lib/python3.7/site-packages/airflow/example_dags/example_dag_decorator.py for tasks to queue
[2024-12-03T15:36:34.523+0000] {logging_mixin.py:120} INFO - [2024-12-03T15:36:34.523+0000] {dagbag.py:537} INFO - Filling up the DagBag from /home/airflow/.local/lib/python3.7/site-packages/airflow/example_dags/example_dag_decorator.py
[2024-12-03T15:36:34.548+0000] {logging_mixin.py:120} INFO - [2024-12-03T15:36:34.547+0000] {taskmixin.py:205} WARNING - Dependency <Task(_PythonDecoratedOperator): prepare_email>, send_email already registered for DAG: example_dag_decorator
[2024-12-03T15:36:34.549+0000] {logging_mixin.py:120} INFO - [2024-12-03T15:36:34.549+0000] {taskmixin.py:205} WARNING - Dependency <Task(EmailOperator): send_email>, prepare_email already registered for DAG: example_dag_decorator
[2024-12-03T15:36:34.572+0000] {processor.py:766} INFO - DAG(s) dict_keys(['example_dag_decorator']) retrieved from /home/airflow/.local/lib/python3.7/site-packages/airflow/example_dags/example_dag_decorator.py
[2024-12-03T15:36:34.717+0000] {logging_mixin.py:120} INFO - [2024-12-03T15:36:34.717+0000] {dag.py:2585} INFO - Sync 1 DAGs
[2024-12-03T15:36:34.906+0000] {logging_mixin.py:120} INFO - [2024-12-03T15:36:34.905+0000] {dag.py:3340} INFO - Setting next_dagrun for example_dag_decorator to None, run_after=None
[2024-12-03T15:36:35.044+0000] {processor.py:176} INFO - Processing /home/airflow/.local/lib/python3.7/site-packages/airflow/example_dags/example_dag_decorator.py took 0.531 seconds
[2024-12-03T15:37:06.172+0000] {processor.py:154} INFO - Started process (PID=2279) to work on /home/airflow/.local/lib/python3.7/site-packages/airflow/example_dags/example_dag_decorator.py
[2024-12-03T15:37:06.174+0000] {processor.py:756} INFO - Processing file /home/airflow/.local/lib/python3.7/site-packages/airflow/example_dags/example_dag_decorator.py for tasks to queue
[2024-12-03T15:37:06.176+0000] {logging_mixin.py:120} INFO - [2024-12-03T15:37:06.175+0000] {dagbag.py:537} INFO - Filling up the DagBag from /home/airflow/.local/lib/python3.7/site-packages/airflow/example_dags/example_dag_decorator.py
[2024-12-03T15:37:06.201+0000] {logging_mixin.py:120} INFO - [2024-12-03T15:37:06.201+0000] {taskmixin.py:205} WARNING - Dependency <Task(_PythonDecoratedOperator): prepare_email>, send_email already registered for DAG: example_dag_decorator
[2024-12-03T15:37:06.203+0000] {logging_mixin.py:120} INFO - [2024-12-03T15:37:06.202+0000] {taskmixin.py:205} WARNING - Dependency <Task(EmailOperator): send_email>, prepare_email already registered for DAG: example_dag_decorator
[2024-12-03T15:37:06.228+0000] {processor.py:766} INFO - DAG(s) dict_keys(['example_dag_decorator']) retrieved from /home/airflow/.local/lib/python3.7/site-packages/airflow/example_dags/example_dag_decorator.py
[2024-12-03T15:37:06.404+0000] {logging_mixin.py:120} INFO - [2024-12-03T15:37:06.404+0000] {dag.py:2585} INFO - Sync 1 DAGs
[2024-12-03T15:37:06.461+0000] {logging_mixin.py:120} INFO - [2024-12-03T15:37:06.461+0000] {dag.py:3340} INFO - Setting next_dagrun for example_dag_decorator to None, run_after=None
[2024-12-03T15:37:06.523+0000] {processor.py:176} INFO - Processing /home/airflow/.local/lib/python3.7/site-packages/airflow/example_dags/example_dag_decorator.py took 0.358 seconds
[2024-12-03T15:37:37.408+0000] {processor.py:154} INFO - Started process (PID=2343) to work on /home/airflow/.local/lib/python3.7/site-packages/airflow/example_dags/example_dag_decorator.py
[2024-12-03T15:37:37.410+0000] {processor.py:756} INFO - Processing file /home/airflow/.local/lib/python3.7/site-packages/airflow/example_dags/example_dag_decorator.py for tasks to queue
[2024-12-03T15:37:37.411+0000] {logging_mixin.py:120} INFO - [2024-12-03T15:37:37.411+0000] {dagbag.py:537} INFO - Filling up the DagBag from /home/airflow/.local/lib/python3.7/site-packages/airflow/example_dags/example_dag_decorator.py
[2024-12-03T15:37:37.434+0000] {logging_mixin.py:120} INFO - [2024-12-03T15:37:37.434+0000] {taskmixin.py:205} WARNING - Dependency <Task(_PythonDecoratedOperator): prepare_email>, send_email already registered for DAG: example_dag_decorator
[2024-12-03T15:37:37.435+0000] {logging_mixin.py:120} INFO - [2024-12-03T15:37:37.435+0000] {taskmixin.py:205} WARNING - Dependency <Task(EmailOperator): send_email>, prepare_email already registered for DAG: example_dag_decorator
[2024-12-03T15:37:37.456+0000] {processor.py:766} INFO - DAG(s) dict_keys(['example_dag_decorator']) retrieved from /home/airflow/.local/lib/python3.7/site-packages/airflow/example_dags/example_dag_decorator.py
[2024-12-03T15:37:37.604+0000] {logging_mixin.py:120} INFO - [2024-12-03T15:37:37.604+0000] {dag.py:2585} INFO - Sync 1 DAGs
[2024-12-03T15:37:37.653+0000] {logging_mixin.py:120} INFO - [2024-12-03T15:37:37.653+0000] {dag.py:3340} INFO - Setting next_dagrun for example_dag_decorator to None, run_after=None
[2024-12-03T15:37:37.730+0000] {processor.py:176} INFO - Processing /home/airflow/.local/lib/python3.7/site-packages/airflow/example_dags/example_dag_decorator.py took 0.326 seconds
[2024-12-03T15:38:08.783+0000] {processor.py:154} INFO - Started process (PID=2398) to work on /home/airflow/.local/lib/python3.7/site-packages/airflow/example_dags/example_dag_decorator.py
[2024-12-03T15:38:08.788+0000] {processor.py:756} INFO - Processing file /home/airflow/.local/lib/python3.7/site-packages/airflow/example_dags/example_dag_decorator.py for tasks to queue
[2024-12-03T15:38:08.792+0000] {logging_mixin.py:120} INFO - [2024-12-03T15:38:08.792+0000] {dagbag.py:537} INFO - Filling up the DagBag from /home/airflow/.local/lib/python3.7/site-packages/airflow/example_dags/example_dag_decorator.py
[2024-12-03T15:38:08.852+0000] {logging_mixin.py:120} INFO - [2024-12-03T15:38:08.851+0000] {taskmixin.py:205} WARNING - Dependency <Task(_PythonDecoratedOperator): prepare_email>, send_email already registered for DAG: example_dag_decorator
[2024-12-03T15:38:08.853+0000] {logging_mixin.py:120} INFO - [2024-12-03T15:38:08.853+0000] {taskmixin.py:205} WARNING - Dependency <Task(EmailOperator): send_email>, prepare_email already registered for DAG: example_dag_decorator
[2024-12-03T15:38:08.884+0000] {processor.py:766} INFO - DAG(s) dict_keys(['example_dag_decorator']) retrieved from /home/airflow/.local/lib/python3.7/site-packages/airflow/example_dags/example_dag_decorator.py
[2024-12-03T15:38:09.066+0000] {logging_mixin.py:120} INFO - [2024-12-03T15:38:09.066+0000] {dag.py:2585} INFO - Sync 1 DAGs
[2024-12-03T15:38:09.109+0000] {logging_mixin.py:120} INFO - [2024-12-03T15:38:09.108+0000] {dag.py:3340} INFO - Setting next_dagrun for example_dag_decorator to None, run_after=None
[2024-12-03T15:38:09.158+0000] {processor.py:176} INFO - Processing /home/airflow/.local/lib/python3.7/site-packages/airflow/example_dags/example_dag_decorator.py took 0.383 seconds
[2024-12-03T15:38:39.460+0000] {processor.py:154} INFO - Started process (PID=2462) to work on /home/airflow/.local/lib/python3.7/site-packages/airflow/example_dags/example_dag_decorator.py
[2024-12-03T15:38:39.462+0000] {processor.py:756} INFO - Processing file /home/airflow/.local/lib/python3.7/site-packages/airflow/example_dags/example_dag_decorator.py for tasks to queue
[2024-12-03T15:38:39.464+0000] {logging_mixin.py:120} INFO - [2024-12-03T15:38:39.464+0000] {dagbag.py:537} INFO - Filling up the DagBag from /home/airflow/.local/lib/python3.7/site-packages/airflow/example_dags/example_dag_decorator.py
[2024-12-03T15:38:39.497+0000] {logging_mixin.py:120} INFO - [2024-12-03T15:38:39.496+0000] {taskmixin.py:205} WARNING - Dependency <Task(_PythonDecoratedOperator): prepare_email>, send_email already registered for DAG: example_dag_decorator
[2024-12-03T15:38:39.498+0000] {logging_mixin.py:120} INFO - [2024-12-03T15:38:39.498+0000] {taskmixin.py:205} WARNING - Dependency <Task(EmailOperator): send_email>, prepare_email already registered for DAG: example_dag_decorator
[2024-12-03T15:38:39.523+0000] {processor.py:766} INFO - DAG(s) dict_keys(['example_dag_decorator']) retrieved from /home/airflow/.local/lib/python3.7/site-packages/airflow/example_dags/example_dag_decorator.py
[2024-12-03T15:38:39.665+0000] {logging_mixin.py:120} INFO - [2024-12-03T15:38:39.664+0000] {dag.py:2585} INFO - Sync 1 DAGs
[2024-12-03T15:38:39.706+0000] {logging_mixin.py:120} INFO - [2024-12-03T15:38:39.706+0000] {dag.py:3340} INFO - Setting next_dagrun for example_dag_decorator to None, run_after=None
[2024-12-03T15:38:39.758+0000] {processor.py:176} INFO - Processing /home/airflow/.local/lib/python3.7/site-packages/airflow/example_dags/example_dag_decorator.py took 0.303 seconds
[2024-12-03T15:39:10.598+0000] {processor.py:154} INFO - Started process (PID=2517) to work on /home/airflow/.local/lib/python3.7/site-packages/airflow/example_dags/example_dag_decorator.py
[2024-12-03T15:39:10.600+0000] {processor.py:756} INFO - Processing file /home/airflow/.local/lib/python3.7/site-packages/airflow/example_dags/example_dag_decorator.py for tasks to queue
[2024-12-03T15:39:10.602+0000] {logging_mixin.py:120} INFO - [2024-12-03T15:39:10.602+0000] {dagbag.py:537} INFO - Filling up the DagBag from /home/airflow/.local/lib/python3.7/site-packages/airflow/example_dags/example_dag_decorator.py
[2024-12-03T15:39:10.635+0000] {logging_mixin.py:120} INFO - [2024-12-03T15:39:10.635+0000] {taskmixin.py:205} WARNING - Dependency <Task(_PythonDecoratedOperator): prepare_email>, send_email already registered for DAG: example_dag_decorator
[2024-12-03T15:39:10.637+0000] {logging_mixin.py:120} INFO - [2024-12-03T15:39:10.636+0000] {taskmixin.py:205} WARNING - Dependency <Task(EmailOperator): send_email>, prepare_email already registered for DAG: example_dag_decorator
[2024-12-03T15:39:10.658+0000] {processor.py:766} INFO - DAG(s) dict_keys(['example_dag_decorator']) retrieved from /home/airflow/.local/lib/python3.7/site-packages/airflow/example_dags/example_dag_decorator.py
[2024-12-03T15:39:10.820+0000] {logging_mixin.py:120} INFO - [2024-12-03T15:39:10.819+0000] {dag.py:2585} INFO - Sync 1 DAGs
[2024-12-03T15:39:10.870+0000] {logging_mixin.py:120} INFO - [2024-12-03T15:39:10.870+0000] {dag.py:3340} INFO - Setting next_dagrun for example_dag_decorator to None, run_after=None
[2024-12-03T15:39:10.915+0000] {processor.py:176} INFO - Processing /home/airflow/.local/lib/python3.7/site-packages/airflow/example_dags/example_dag_decorator.py took 0.323 seconds
[2024-12-03T15:39:41.568+0000] {processor.py:154} INFO - Started process (PID=2581) to work on /home/airflow/.local/lib/python3.7/site-packages/airflow/example_dags/example_dag_decorator.py
[2024-12-03T15:39:41.569+0000] {processor.py:756} INFO - Processing file /home/airflow/.local/lib/python3.7/site-packages/airflow/example_dags/example_dag_decorator.py for tasks to queue
[2024-12-03T15:39:41.570+0000] {logging_mixin.py:120} INFO - [2024-12-03T15:39:41.570+0000] {dagbag.py:537} INFO - Filling up the DagBag from /home/airflow/.local/lib/python3.7/site-packages/airflow/example_dags/example_dag_decorator.py
[2024-12-03T15:39:41.596+0000] {logging_mixin.py:120} INFO - [2024-12-03T15:39:41.596+0000] {taskmixin.py:205} WARNING - Dependency <Task(_PythonDecoratedOperator): prepare_email>, send_email already registered for DAG: example_dag_decorator
[2024-12-03T15:39:41.597+0000] {logging_mixin.py:120} INFO - [2024-12-03T15:39:41.597+0000] {taskmixin.py:205} WARNING - Dependency <Task(EmailOperator): send_email>, prepare_email already registered for DAG: example_dag_decorator
[2024-12-03T15:39:41.618+0000] {processor.py:766} INFO - DAG(s) dict_keys(['example_dag_decorator']) retrieved from /home/airflow/.local/lib/python3.7/site-packages/airflow/example_dags/example_dag_decorator.py
[2024-12-03T15:39:41.770+0000] {logging_mixin.py:120} INFO - [2024-12-03T15:39:41.770+0000] {dag.py:2585} INFO - Sync 1 DAGs
[2024-12-03T15:39:41.808+0000] {logging_mixin.py:120} INFO - [2024-12-03T15:39:41.807+0000] {dag.py:3340} INFO - Setting next_dagrun for example_dag_decorator to None, run_after=None
[2024-12-03T15:39:41.853+0000] {processor.py:176} INFO - Processing /home/airflow/.local/lib/python3.7/site-packages/airflow/example_dags/example_dag_decorator.py took 0.289 seconds
[2024-12-03T15:40:12.326+0000] {processor.py:154} INFO - Started process (PID=2636) to work on /home/airflow/.local/lib/python3.7/site-packages/airflow/example_dags/example_dag_decorator.py
[2024-12-03T15:40:12.328+0000] {processor.py:756} INFO - Processing file /home/airflow/.local/lib/python3.7/site-packages/airflow/example_dags/example_dag_decorator.py for tasks to queue
[2024-12-03T15:40:12.331+0000] {logging_mixin.py:120} INFO - [2024-12-03T15:40:12.330+0000] {dagbag.py:537} INFO - Filling up the DagBag from /home/airflow/.local/lib/python3.7/site-packages/airflow/example_dags/example_dag_decorator.py
[2024-12-03T15:40:12.361+0000] {logging_mixin.py:120} INFO - [2024-12-03T15:40:12.360+0000] {taskmixin.py:205} WARNING - Dependency <Task(_PythonDecoratedOperator): prepare_email>, send_email already registered for DAG: example_dag_decorator
[2024-12-03T15:40:12.362+0000] {logging_mixin.py:120} INFO - [2024-12-03T15:40:12.362+0000] {taskmixin.py:205} WARNING - Dependency <Task(EmailOperator): send_email>, prepare_email already registered for DAG: example_dag_decorator
[2024-12-03T15:40:12.389+0000] {processor.py:766} INFO - DAG(s) dict_keys(['example_dag_decorator']) retrieved from /home/airflow/.local/lib/python3.7/site-packages/airflow/example_dags/example_dag_decorator.py
[2024-12-03T15:40:12.558+0000] {logging_mixin.py:120} INFO - [2024-12-03T15:40:12.558+0000] {dag.py:2585} INFO - Sync 1 DAGs
[2024-12-03T15:40:12.604+0000] {logging_mixin.py:120} INFO - [2024-12-03T15:40:12.603+0000] {dag.py:3340} INFO - Setting next_dagrun for example_dag_decorator to None, run_after=None
[2024-12-03T15:40:12.663+0000] {processor.py:176} INFO - Processing /home/airflow/.local/lib/python3.7/site-packages/airflow/example_dags/example_dag_decorator.py took 0.342 seconds
[2024-12-03T15:40:44.067+0000] {processor.py:154} INFO - Started process (PID=2700) to work on /home/airflow/.local/lib/python3.7/site-packages/airflow/example_dags/example_dag_decorator.py
[2024-12-03T15:40:44.068+0000] {processor.py:756} INFO - Processing file /home/airflow/.local/lib/python3.7/site-packages/airflow/example_dags/example_dag_decorator.py for tasks to queue
[2024-12-03T15:40:44.070+0000] {logging_mixin.py:120} INFO - [2024-12-03T15:40:44.070+0000] {dagbag.py:537} INFO - Filling up the DagBag from /home/airflow/.local/lib/python3.7/site-packages/airflow/example_dags/example_dag_decorator.py
[2024-12-03T15:40:44.107+0000] {logging_mixin.py:120} INFO - [2024-12-03T15:40:44.106+0000] {taskmixin.py:205} WARNING - Dependency <Task(_PythonDecoratedOperator): prepare_email>, send_email already registered for DAG: example_dag_decorator
[2024-12-03T15:40:44.108+0000] {logging_mixin.py:120} INFO - [2024-12-03T15:40:44.108+0000] {taskmixin.py:205} WARNING - Dependency <Task(EmailOperator): send_email>, prepare_email already registered for DAG: example_dag_decorator
[2024-12-03T15:40:44.137+0000] {processor.py:766} INFO - DAG(s) dict_keys(['example_dag_decorator']) retrieved from /home/airflow/.local/lib/python3.7/site-packages/airflow/example_dags/example_dag_decorator.py
[2024-12-03T15:40:44.333+0000] {logging_mixin.py:120} INFO - [2024-12-03T15:40:44.333+0000] {dag.py:2585} INFO - Sync 1 DAGs
[2024-12-03T15:40:44.394+0000] {logging_mixin.py:120} INFO - [2024-12-03T15:40:44.394+0000] {dag.py:3340} INFO - Setting next_dagrun for example_dag_decorator to None, run_after=None
[2024-12-03T15:40:44.438+0000] {processor.py:176} INFO - Processing /home/airflow/.local/lib/python3.7/site-packages/airflow/example_dags/example_dag_decorator.py took 0.377 seconds
[2024-12-03T15:41:14.997+0000] {processor.py:154} INFO - Started process (PID=2755) to work on /home/airflow/.local/lib/python3.7/site-packages/airflow/example_dags/example_dag_decorator.py
[2024-12-03T15:41:14.999+0000] {processor.py:756} INFO - Processing file /home/airflow/.local/lib/python3.7/site-packages/airflow/example_dags/example_dag_decorator.py for tasks to queue
[2024-12-03T15:41:15.001+0000] {logging_mixin.py:120} INFO - [2024-12-03T15:41:15.001+0000] {dagbag.py:537} INFO - Filling up the DagBag from /home/airflow/.local/lib/python3.7/site-packages/airflow/example_dags/example_dag_decorator.py
[2024-12-03T15:41:15.049+0000] {logging_mixin.py:120} INFO - [2024-12-03T15:41:15.048+0000] {taskmixin.py:205} WARNING - Dependency <Task(_PythonDecoratedOperator): prepare_email>, send_email already registered for DAG: example_dag_decorator
[2024-12-03T15:41:15.051+0000] {logging_mixin.py:120} INFO - [2024-12-03T15:41:15.050+0000] {taskmixin.py:205} WARNING - Dependency <Task(EmailOperator): send_email>, prepare_email already registered for DAG: example_dag_decorator
[2024-12-03T15:41:15.077+0000] {processor.py:766} INFO - DAG(s) dict_keys(['example_dag_decorator']) retrieved from /home/airflow/.local/lib/python3.7/site-packages/airflow/example_dags/example_dag_decorator.py
[2024-12-03T15:41:15.233+0000] {logging_mixin.py:120} INFO - [2024-12-03T15:41:15.232+0000] {dag.py:2585} INFO - Sync 1 DAGs
[2024-12-03T15:41:15.282+0000] {logging_mixin.py:120} INFO - [2024-12-03T15:41:15.281+0000] {dag.py:3340} INFO - Setting next_dagrun for example_dag_decorator to None, run_after=None
[2024-12-03T15:41:15.325+0000] {processor.py:176} INFO - Processing /home/airflow/.local/lib/python3.7/site-packages/airflow/example_dags/example_dag_decorator.py took 0.334 seconds
[2024-12-03T15:41:45.627+0000] {processor.py:154} INFO - Started process (PID=2819) to work on /home/airflow/.local/lib/python3.7/site-packages/airflow/example_dags/example_dag_decorator.py
[2024-12-03T15:41:45.635+0000] {processor.py:756} INFO - Processing file /home/airflow/.local/lib/python3.7/site-packages/airflow/example_dags/example_dag_decorator.py for tasks to queue
[2024-12-03T15:41:45.636+0000] {logging_mixin.py:120} INFO - [2024-12-03T15:41:45.636+0000] {dagbag.py:537} INFO - Filling up the DagBag from /home/airflow/.local/lib/python3.7/site-packages/airflow/example_dags/example_dag_decorator.py
[2024-12-03T15:41:45.667+0000] {logging_mixin.py:120} INFO - [2024-12-03T15:41:45.667+0000] {taskmixin.py:205} WARNING - Dependency <Task(_PythonDecoratedOperator): prepare_email>, send_email already registered for DAG: example_dag_decorator
[2024-12-03T15:41:45.668+0000] {logging_mixin.py:120} INFO - [2024-12-03T15:41:45.668+0000] {taskmixin.py:205} WARNING - Dependency <Task(EmailOperator): send_email>, prepare_email already registered for DAG: example_dag_decorator
[2024-12-03T15:41:45.694+0000] {processor.py:766} INFO - DAG(s) dict_keys(['example_dag_decorator']) retrieved from /home/airflow/.local/lib/python3.7/site-packages/airflow/example_dags/example_dag_decorator.py
[2024-12-03T15:41:45.845+0000] {logging_mixin.py:120} INFO - [2024-12-03T15:41:45.845+0000] {dag.py:2585} INFO - Sync 1 DAGs
[2024-12-03T15:41:45.898+0000] {logging_mixin.py:120} INFO - [2024-12-03T15:41:45.898+0000] {dag.py:3340} INFO - Setting next_dagrun for example_dag_decorator to None, run_after=None
[2024-12-03T15:41:45.954+0000] {processor.py:176} INFO - Processing /home/airflow/.local/lib/python3.7/site-packages/airflow/example_dags/example_dag_decorator.py took 0.333 seconds
[2024-12-03T15:42:16.568+0000] {processor.py:154} INFO - Started process (PID=2874) to work on /home/airflow/.local/lib/python3.7/site-packages/airflow/example_dags/example_dag_decorator.py
[2024-12-03T15:42:16.570+0000] {processor.py:756} INFO - Processing file /home/airflow/.local/lib/python3.7/site-packages/airflow/example_dags/example_dag_decorator.py for tasks to queue
[2024-12-03T15:42:16.573+0000] {logging_mixin.py:120} INFO - [2024-12-03T15:42:16.573+0000] {dagbag.py:537} INFO - Filling up the DagBag from /home/airflow/.local/lib/python3.7/site-packages/airflow/example_dags/example_dag_decorator.py
[2024-12-03T15:42:16.601+0000] {logging_mixin.py:120} INFO - [2024-12-03T15:42:16.600+0000] {taskmixin.py:205} WARNING - Dependency <Task(_PythonDecoratedOperator): prepare_email>, send_email already registered for DAG: example_dag_decorator
[2024-12-03T15:42:16.602+0000] {logging_mixin.py:120} INFO - [2024-12-03T15:42:16.602+0000] {taskmixin.py:205} WARNING - Dependency <Task(EmailOperator): send_email>, prepare_email already registered for DAG: example_dag_decorator
[2024-12-03T15:42:16.633+0000] {processor.py:766} INFO - DAG(s) dict_keys(['example_dag_decorator']) retrieved from /home/airflow/.local/lib/python3.7/site-packages/airflow/example_dags/example_dag_decorator.py
[2024-12-03T15:42:16.804+0000] {logging_mixin.py:120} INFO - [2024-12-03T15:42:16.804+0000] {dag.py:2585} INFO - Sync 1 DAGs
[2024-12-03T15:42:16.848+0000] {logging_mixin.py:120} INFO - [2024-12-03T15:42:16.848+0000] {dag.py:3340} INFO - Setting next_dagrun for example_dag_decorator to None, run_after=None
[2024-12-03T15:42:16.897+0000] {processor.py:176} INFO - Processing /home/airflow/.local/lib/python3.7/site-packages/airflow/example_dags/example_dag_decorator.py took 0.334 seconds
[2024-12-03T15:42:47.513+0000] {processor.py:154} INFO - Started process (PID=2938) to work on /home/airflow/.local/lib/python3.7/site-packages/airflow/example_dags/example_dag_decorator.py
[2024-12-03T15:42:47.518+0000] {processor.py:756} INFO - Processing file /home/airflow/.local/lib/python3.7/site-packages/airflow/example_dags/example_dag_decorator.py for tasks to queue
[2024-12-03T15:42:47.522+0000] {logging_mixin.py:120} INFO - [2024-12-03T15:42:47.521+0000] {dagbag.py:537} INFO - Filling up the DagBag from /home/airflow/.local/lib/python3.7/site-packages/airflow/example_dags/example_dag_decorator.py
[2024-12-03T15:42:47.565+0000] {logging_mixin.py:120} INFO - [2024-12-03T15:42:47.565+0000] {taskmixin.py:205} WARNING - Dependency <Task(_PythonDecoratedOperator): prepare_email>, send_email already registered for DAG: example_dag_decorator
[2024-12-03T15:42:47.567+0000] {logging_mixin.py:120} INFO - [2024-12-03T15:42:47.566+0000] {taskmixin.py:205} WARNING - Dependency <Task(EmailOperator): send_email>, prepare_email already registered for DAG: example_dag_decorator
[2024-12-03T15:42:47.596+0000] {processor.py:766} INFO - DAG(s) dict_keys(['example_dag_decorator']) retrieved from /home/airflow/.local/lib/python3.7/site-packages/airflow/example_dags/example_dag_decorator.py
[2024-12-03T15:42:47.839+0000] {logging_mixin.py:120} INFO - [2024-12-03T15:42:47.839+0000] {dag.py:2585} INFO - Sync 1 DAGs
[2024-12-03T15:42:47.908+0000] {logging_mixin.py:120} INFO - [2024-12-03T15:42:47.907+0000] {dag.py:3340} INFO - Setting next_dagrun for example_dag_decorator to None, run_after=None
[2024-12-03T15:42:47.974+0000] {processor.py:176} INFO - Processing /home/airflow/.local/lib/python3.7/site-packages/airflow/example_dags/example_dag_decorator.py took 0.471 seconds
[2024-12-03T15:43:18.056+0000] {processor.py:154} INFO - Started process (PID=2993) to work on /home/airflow/.local/lib/python3.7/site-packages/airflow/example_dags/example_dag_decorator.py
[2024-12-03T15:43:18.057+0000] {processor.py:756} INFO - Processing file /home/airflow/.local/lib/python3.7/site-packages/airflow/example_dags/example_dag_decorator.py for tasks to queue
[2024-12-03T15:43:18.059+0000] {logging_mixin.py:120} INFO - [2024-12-03T15:43:18.058+0000] {dagbag.py:537} INFO - Filling up the DagBag from /home/airflow/.local/lib/python3.7/site-packages/airflow/example_dags/example_dag_decorator.py
[2024-12-03T15:43:18.082+0000] {logging_mixin.py:120} INFO - [2024-12-03T15:43:18.082+0000] {taskmixin.py:205} WARNING - Dependency <Task(_PythonDecoratedOperator): prepare_email>, send_email already registered for DAG: example_dag_decorator
[2024-12-03T15:43:18.085+0000] {logging_mixin.py:120} INFO - [2024-12-03T15:43:18.084+0000] {taskmixin.py:205} WARNING - Dependency <Task(EmailOperator): send_email>, prepare_email already registered for DAG: example_dag_decorator
[2024-12-03T15:43:18.103+0000] {processor.py:766} INFO - DAG(s) dict_keys(['example_dag_decorator']) retrieved from /home/airflow/.local/lib/python3.7/site-packages/airflow/example_dags/example_dag_decorator.py
[2024-12-03T15:43:18.216+0000] {logging_mixin.py:120} INFO - [2024-12-03T15:43:18.215+0000] {dag.py:2585} INFO - Sync 1 DAGs
[2024-12-03T15:43:18.249+0000] {logging_mixin.py:120} INFO - [2024-12-03T15:43:18.248+0000] {dag.py:3340} INFO - Setting next_dagrun for example_dag_decorator to None, run_after=None
[2024-12-03T15:43:18.287+0000] {processor.py:176} INFO - Processing /home/airflow/.local/lib/python3.7/site-packages/airflow/example_dags/example_dag_decorator.py took 0.238 seconds
[2024-12-03T15:43:50.034+0000] {processor.py:154} INFO - Started process (PID=3058) to work on /home/airflow/.local/lib/python3.7/site-packages/airflow/example_dags/example_dag_decorator.py
[2024-12-03T15:43:50.036+0000] {processor.py:756} INFO - Processing file /home/airflow/.local/lib/python3.7/site-packages/airflow/example_dags/example_dag_decorator.py for tasks to queue
[2024-12-03T15:43:50.039+0000] {logging_mixin.py:120} INFO - [2024-12-03T15:43:50.039+0000] {dagbag.py:537} INFO - Filling up the DagBag from /home/airflow/.local/lib/python3.7/site-packages/airflow/example_dags/example_dag_decorator.py
[2024-12-03T15:43:50.081+0000] {logging_mixin.py:120} INFO - [2024-12-03T15:43:50.080+0000] {taskmixin.py:205} WARNING - Dependency <Task(_PythonDecoratedOperator): prepare_email>, send_email already registered for DAG: example_dag_decorator
[2024-12-03T15:43:50.082+0000] {logging_mixin.py:120} INFO - [2024-12-03T15:43:50.081+0000] {taskmixin.py:205} WARNING - Dependency <Task(EmailOperator): send_email>, prepare_email already registered for DAG: example_dag_decorator
[2024-12-03T15:43:50.109+0000] {processor.py:766} INFO - DAG(s) dict_keys(['example_dag_decorator']) retrieved from /home/airflow/.local/lib/python3.7/site-packages/airflow/example_dags/example_dag_decorator.py
[2024-12-03T15:43:50.304+0000] {logging_mixin.py:120} INFO - [2024-12-03T15:43:50.304+0000] {dag.py:2585} INFO - Sync 1 DAGs
[2024-12-03T15:43:50.349+0000] {logging_mixin.py:120} INFO - [2024-12-03T15:43:50.349+0000] {dag.py:3340} INFO - Setting next_dagrun for example_dag_decorator to None, run_after=None
[2024-12-03T15:43:50.398+0000] {processor.py:176} INFO - Processing /home/airflow/.local/lib/python3.7/site-packages/airflow/example_dags/example_dag_decorator.py took 0.372 seconds
[2024-12-03T15:44:20.794+0000] {processor.py:154} INFO - Started process (PID=3113) to work on /home/airflow/.local/lib/python3.7/site-packages/airflow/example_dags/example_dag_decorator.py
[2024-12-03T15:44:20.796+0000] {processor.py:756} INFO - Processing file /home/airflow/.local/lib/python3.7/site-packages/airflow/example_dags/example_dag_decorator.py for tasks to queue
[2024-12-03T15:44:20.798+0000] {logging_mixin.py:120} INFO - [2024-12-03T15:44:20.797+0000] {dagbag.py:537} INFO - Filling up the DagBag from /home/airflow/.local/lib/python3.7/site-packages/airflow/example_dags/example_dag_decorator.py
[2024-12-03T15:44:20.824+0000] {logging_mixin.py:120} INFO - [2024-12-03T15:44:20.824+0000] {taskmixin.py:205} WARNING - Dependency <Task(_PythonDecoratedOperator): prepare_email>, send_email already registered for DAG: example_dag_decorator
[2024-12-03T15:44:20.825+0000] {logging_mixin.py:120} INFO - [2024-12-03T15:44:20.825+0000] {taskmixin.py:205} WARNING - Dependency <Task(EmailOperator): send_email>, prepare_email already registered for DAG: example_dag_decorator
[2024-12-03T15:44:20.848+0000] {processor.py:766} INFO - DAG(s) dict_keys(['example_dag_decorator']) retrieved from /home/airflow/.local/lib/python3.7/site-packages/airflow/example_dags/example_dag_decorator.py
[2024-12-03T15:44:21.006+0000] {logging_mixin.py:120} INFO - [2024-12-03T15:44:21.006+0000] {dag.py:2585} INFO - Sync 1 DAGs
[2024-12-03T15:44:21.063+0000] {logging_mixin.py:120} INFO - [2024-12-03T15:44:21.063+0000] {dag.py:3340} INFO - Setting next_dagrun for example_dag_decorator to None, run_after=None
[2024-12-03T15:44:21.113+0000] {processor.py:176} INFO - Processing /home/airflow/.local/lib/python3.7/site-packages/airflow/example_dags/example_dag_decorator.py took 0.324 seconds
[2024-12-03T15:44:51.800+0000] {processor.py:154} INFO - Started process (PID=3177) to work on /home/airflow/.local/lib/python3.7/site-packages/airflow/example_dags/example_dag_decorator.py
[2024-12-03T15:44:51.802+0000] {processor.py:756} INFO - Processing file /home/airflow/.local/lib/python3.7/site-packages/airflow/example_dags/example_dag_decorator.py for tasks to queue
[2024-12-03T15:44:51.805+0000] {logging_mixin.py:120} INFO - [2024-12-03T15:44:51.804+0000] {dagbag.py:537} INFO - Filling up the DagBag from /home/airflow/.local/lib/python3.7/site-packages/airflow/example_dags/example_dag_decorator.py
[2024-12-03T15:44:51.831+0000] {logging_mixin.py:120} INFO - [2024-12-03T15:44:51.831+0000] {taskmixin.py:205} WARNING - Dependency <Task(_PythonDecoratedOperator): prepare_email>, send_email already registered for DAG: example_dag_decorator
[2024-12-03T15:44:51.832+0000] {logging_mixin.py:120} INFO - [2024-12-03T15:44:51.832+0000] {taskmixin.py:205} WARNING - Dependency <Task(EmailOperator): send_email>, prepare_email already registered for DAG: example_dag_decorator
[2024-12-03T15:44:51.859+0000] {processor.py:766} INFO - DAG(s) dict_keys(['example_dag_decorator']) retrieved from /home/airflow/.local/lib/python3.7/site-packages/airflow/example_dags/example_dag_decorator.py
[2024-12-03T15:44:52.032+0000] {logging_mixin.py:120} INFO - [2024-12-03T15:44:52.032+0000] {dag.py:2585} INFO - Sync 1 DAGs
[2024-12-03T15:44:52.089+0000] {logging_mixin.py:120} INFO - [2024-12-03T15:44:52.089+0000] {dag.py:3340} INFO - Setting next_dagrun for example_dag_decorator to None, run_after=None
[2024-12-03T15:44:52.141+0000] {processor.py:176} INFO - Processing /home/airflow/.local/lib/python3.7/site-packages/airflow/example_dags/example_dag_decorator.py took 0.347 seconds
[2024-12-03T15:45:23.147+0000] {processor.py:154} INFO - Started process (PID=3232) to work on /home/airflow/.local/lib/python3.7/site-packages/airflow/example_dags/example_dag_decorator.py
[2024-12-03T15:45:23.149+0000] {processor.py:756} INFO - Processing file /home/airflow/.local/lib/python3.7/site-packages/airflow/example_dags/example_dag_decorator.py for tasks to queue
[2024-12-03T15:45:23.151+0000] {logging_mixin.py:120} INFO - [2024-12-03T15:45:23.150+0000] {dagbag.py:537} INFO - Filling up the DagBag from /home/airflow/.local/lib/python3.7/site-packages/airflow/example_dags/example_dag_decorator.py
[2024-12-03T15:45:23.174+0000] {logging_mixin.py:120} INFO - [2024-12-03T15:45:23.173+0000] {taskmixin.py:205} WARNING - Dependency <Task(_PythonDecoratedOperator): prepare_email>, send_email already registered for DAG: example_dag_decorator
[2024-12-03T15:45:23.175+0000] {logging_mixin.py:120} INFO - [2024-12-03T15:45:23.175+0000] {taskmixin.py:205} WARNING - Dependency <Task(EmailOperator): send_email>, prepare_email already registered for DAG: example_dag_decorator
[2024-12-03T15:45:23.192+0000] {processor.py:766} INFO - DAG(s) dict_keys(['example_dag_decorator']) retrieved from /home/airflow/.local/lib/python3.7/site-packages/airflow/example_dags/example_dag_decorator.py
[2024-12-03T15:45:23.307+0000] {logging_mixin.py:120} INFO - [2024-12-03T15:45:23.307+0000] {dag.py:2585} INFO - Sync 1 DAGs
[2024-12-03T15:45:23.345+0000] {logging_mixin.py:120} INFO - [2024-12-03T15:45:23.345+0000] {dag.py:3340} INFO - Setting next_dagrun for example_dag_decorator to None, run_after=None
[2024-12-03T15:45:23.401+0000] {processor.py:176} INFO - Processing /home/airflow/.local/lib/python3.7/site-packages/airflow/example_dags/example_dag_decorator.py took 0.258 seconds
[2024-12-03T15:45:54.133+0000] {processor.py:154} INFO - Started process (PID=3296) to work on /home/airflow/.local/lib/python3.7/site-packages/airflow/example_dags/example_dag_decorator.py
[2024-12-03T15:45:54.135+0000] {processor.py:756} INFO - Processing file /home/airflow/.local/lib/python3.7/site-packages/airflow/example_dags/example_dag_decorator.py for tasks to queue
[2024-12-03T15:45:54.139+0000] {logging_mixin.py:120} INFO - [2024-12-03T15:45:54.138+0000] {dagbag.py:537} INFO - Filling up the DagBag from /home/airflow/.local/lib/python3.7/site-packages/airflow/example_dags/example_dag_decorator.py
[2024-12-03T15:45:54.169+0000] {logging_mixin.py:120} INFO - [2024-12-03T15:45:54.169+0000] {taskmixin.py:205} WARNING - Dependency <Task(_PythonDecoratedOperator): prepare_email>, send_email already registered for DAG: example_dag_decorator
[2024-12-03T15:45:54.170+0000] {logging_mixin.py:120} INFO - [2024-12-03T15:45:54.170+0000] {taskmixin.py:205} WARNING - Dependency <Task(EmailOperator): send_email>, prepare_email already registered for DAG: example_dag_decorator
[2024-12-03T15:45:54.195+0000] {processor.py:766} INFO - DAG(s) dict_keys(['example_dag_decorator']) retrieved from /home/airflow/.local/lib/python3.7/site-packages/airflow/example_dags/example_dag_decorator.py
[2024-12-03T15:45:54.368+0000] {logging_mixin.py:120} INFO - [2024-12-03T15:45:54.368+0000] {dag.py:2585} INFO - Sync 1 DAGs
[2024-12-03T15:45:54.418+0000] {logging_mixin.py:120} INFO - [2024-12-03T15:45:54.417+0000] {dag.py:3340} INFO - Setting next_dagrun for example_dag_decorator to None, run_after=None
[2024-12-03T15:45:54.475+0000] {processor.py:176} INFO - Processing /home/airflow/.local/lib/python3.7/site-packages/airflow/example_dags/example_dag_decorator.py took 0.351 seconds
[2024-12-03T15:46:25.773+0000] {processor.py:154} INFO - Started process (PID=3351) to work on /home/airflow/.local/lib/python3.7/site-packages/airflow/example_dags/example_dag_decorator.py
[2024-12-03T15:46:25.779+0000] {processor.py:756} INFO - Processing file /home/airflow/.local/lib/python3.7/site-packages/airflow/example_dags/example_dag_decorator.py for tasks to queue
[2024-12-03T15:46:25.782+0000] {logging_mixin.py:120} INFO - [2024-12-03T15:46:25.782+0000] {dagbag.py:537} INFO - Filling up the DagBag from /home/airflow/.local/lib/python3.7/site-packages/airflow/example_dags/example_dag_decorator.py
[2024-12-03T15:46:25.816+0000] {logging_mixin.py:120} INFO - [2024-12-03T15:46:25.816+0000] {taskmixin.py:205} WARNING - Dependency <Task(_PythonDecoratedOperator): prepare_email>, send_email already registered for DAG: example_dag_decorator
[2024-12-03T15:46:25.817+0000] {logging_mixin.py:120} INFO - [2024-12-03T15:46:25.817+0000] {taskmixin.py:205} WARNING - Dependency <Task(EmailOperator): send_email>, prepare_email already registered for DAG: example_dag_decorator
[2024-12-03T15:46:25.867+0000] {processor.py:766} INFO - DAG(s) dict_keys(['example_dag_decorator']) retrieved from /home/airflow/.local/lib/python3.7/site-packages/airflow/example_dags/example_dag_decorator.py
[2024-12-03T15:46:26.095+0000] {logging_mixin.py:120} INFO - [2024-12-03T15:46:26.094+0000] {dag.py:2585} INFO - Sync 1 DAGs
[2024-12-03T15:46:26.157+0000] {logging_mixin.py:120} INFO - [2024-12-03T15:46:26.157+0000] {dag.py:3340} INFO - Setting next_dagrun for example_dag_decorator to None, run_after=None
[2024-12-03T15:46:26.252+0000] {processor.py:176} INFO - Processing /home/airflow/.local/lib/python3.7/site-packages/airflow/example_dags/example_dag_decorator.py took 0.488 seconds
[2024-12-03T15:46:56.914+0000] {processor.py:154} INFO - Started process (PID=3416) to work on /home/airflow/.local/lib/python3.7/site-packages/airflow/example_dags/example_dag_decorator.py
[2024-12-03T15:46:56.918+0000] {processor.py:756} INFO - Processing file /home/airflow/.local/lib/python3.7/site-packages/airflow/example_dags/example_dag_decorator.py for tasks to queue
[2024-12-03T15:46:56.920+0000] {logging_mixin.py:120} INFO - [2024-12-03T15:46:56.919+0000] {dagbag.py:537} INFO - Filling up the DagBag from /home/airflow/.local/lib/python3.7/site-packages/airflow/example_dags/example_dag_decorator.py
[2024-12-03T15:46:56.958+0000] {logging_mixin.py:120} INFO - [2024-12-03T15:46:56.958+0000] {taskmixin.py:205} WARNING - Dependency <Task(_PythonDecoratedOperator): prepare_email>, send_email already registered for DAG: example_dag_decorator
[2024-12-03T15:46:56.961+0000] {logging_mixin.py:120} INFO - [2024-12-03T15:46:56.960+0000] {taskmixin.py:205} WARNING - Dependency <Task(EmailOperator): send_email>, prepare_email already registered for DAG: example_dag_decorator
[2024-12-03T15:46:56.991+0000] {processor.py:766} INFO - DAG(s) dict_keys(['example_dag_decorator']) retrieved from /home/airflow/.local/lib/python3.7/site-packages/airflow/example_dags/example_dag_decorator.py
[2024-12-03T15:46:57.166+0000] {logging_mixin.py:120} INFO - [2024-12-03T15:46:57.165+0000] {dag.py:2585} INFO - Sync 1 DAGs
[2024-12-03T15:46:57.215+0000] {logging_mixin.py:120} INFO - [2024-12-03T15:46:57.215+0000] {dag.py:3340} INFO - Setting next_dagrun for example_dag_decorator to None, run_after=None
[2024-12-03T15:46:57.273+0000] {processor.py:176} INFO - Processing /home/airflow/.local/lib/python3.7/site-packages/airflow/example_dags/example_dag_decorator.py took 0.365 seconds
[2024-12-03T15:47:27.438+0000] {processor.py:154} INFO - Started process (PID=3470) to work on /home/airflow/.local/lib/python3.7/site-packages/airflow/example_dags/example_dag_decorator.py
[2024-12-03T15:47:27.444+0000] {processor.py:756} INFO - Processing file /home/airflow/.local/lib/python3.7/site-packages/airflow/example_dags/example_dag_decorator.py for tasks to queue
[2024-12-03T15:47:27.447+0000] {logging_mixin.py:120} INFO - [2024-12-03T15:47:27.446+0000] {dagbag.py:537} INFO - Filling up the DagBag from /home/airflow/.local/lib/python3.7/site-packages/airflow/example_dags/example_dag_decorator.py
[2024-12-03T15:47:27.470+0000] {logging_mixin.py:120} INFO - [2024-12-03T15:47:27.469+0000] {taskmixin.py:205} WARNING - Dependency <Task(_PythonDecoratedOperator): prepare_email>, send_email already registered for DAG: example_dag_decorator
[2024-12-03T15:47:27.471+0000] {logging_mixin.py:120} INFO - [2024-12-03T15:47:27.471+0000] {taskmixin.py:205} WARNING - Dependency <Task(EmailOperator): send_email>, prepare_email already registered for DAG: example_dag_decorator
[2024-12-03T15:47:27.493+0000] {processor.py:766} INFO - DAG(s) dict_keys(['example_dag_decorator']) retrieved from /home/airflow/.local/lib/python3.7/site-packages/airflow/example_dags/example_dag_decorator.py
[2024-12-03T15:47:27.664+0000] {logging_mixin.py:120} INFO - [2024-12-03T15:47:27.664+0000] {dag.py:2585} INFO - Sync 1 DAGs
[2024-12-03T15:47:27.700+0000] {logging_mixin.py:120} INFO - [2024-12-03T15:47:27.699+0000] {dag.py:3340} INFO - Setting next_dagrun for example_dag_decorator to None, run_after=None
[2024-12-03T15:47:27.748+0000] {processor.py:176} INFO - Processing /home/airflow/.local/lib/python3.7/site-packages/airflow/example_dags/example_dag_decorator.py took 0.317 seconds
[2024-12-03T15:47:58.665+0000] {processor.py:154} INFO - Started process (PID=3526) to work on /home/airflow/.local/lib/python3.7/site-packages/airflow/example_dags/example_dag_decorator.py
[2024-12-03T15:47:58.667+0000] {processor.py:756} INFO - Processing file /home/airflow/.local/lib/python3.7/site-packages/airflow/example_dags/example_dag_decorator.py for tasks to queue
[2024-12-03T15:47:58.670+0000] {logging_mixin.py:120} INFO - [2024-12-03T15:47:58.669+0000] {dagbag.py:537} INFO - Filling up the DagBag from /home/airflow/.local/lib/python3.7/site-packages/airflow/example_dags/example_dag_decorator.py
[2024-12-03T15:47:58.700+0000] {logging_mixin.py:120} INFO - [2024-12-03T15:47:58.700+0000] {taskmixin.py:205} WARNING - Dependency <Task(_PythonDecoratedOperator): prepare_email>, send_email already registered for DAG: example_dag_decorator
[2024-12-03T15:47:58.701+0000] {logging_mixin.py:120} INFO - [2024-12-03T15:47:58.701+0000] {taskmixin.py:205} WARNING - Dependency <Task(EmailOperator): send_email>, prepare_email already registered for DAG: example_dag_decorator
[2024-12-03T15:47:58.727+0000] {processor.py:766} INFO - DAG(s) dict_keys(['example_dag_decorator']) retrieved from /home/airflow/.local/lib/python3.7/site-packages/airflow/example_dags/example_dag_decorator.py
[2024-12-03T15:47:58.877+0000] {logging_mixin.py:120} INFO - [2024-12-03T15:47:58.877+0000] {dag.py:2585} INFO - Sync 1 DAGs
[2024-12-03T15:47:58.920+0000] {logging_mixin.py:120} INFO - [2024-12-03T15:47:58.919+0000] {dag.py:3340} INFO - Setting next_dagrun for example_dag_decorator to None, run_after=None
[2024-12-03T15:47:58.962+0000] {processor.py:176} INFO - Processing /home/airflow/.local/lib/python3.7/site-packages/airflow/example_dags/example_dag_decorator.py took 0.304 seconds
[2024-12-03T15:49:26.423+0000] {processor.py:154} INFO - Started process (PID=98) to work on /home/airflow/.local/lib/python3.7/site-packages/airflow/example_dags/example_dag_decorator.py
[2024-12-03T15:49:26.480+0000] {processor.py:756} INFO - Processing file /home/airflow/.local/lib/python3.7/site-packages/airflow/example_dags/example_dag_decorator.py for tasks to queue
[2024-12-03T15:49:26.489+0000] {logging_mixin.py:120} INFO - [2024-12-03T15:49:26.488+0000] {dagbag.py:537} INFO - Filling up the DagBag from /home/airflow/.local/lib/python3.7/site-packages/airflow/example_dags/example_dag_decorator.py
[2024-12-03T15:49:27.420+0000] {logging_mixin.py:120} INFO - [2024-12-03T15:49:27.412+0000] {taskmixin.py:205} WARNING - Dependency <Task(_PythonDecoratedOperator): prepare_email>, send_email already registered for DAG: example_dag_decorator
[2024-12-03T15:49:27.423+0000] {logging_mixin.py:120} INFO - [2024-12-03T15:49:27.423+0000] {taskmixin.py:205} WARNING - Dependency <Task(EmailOperator): send_email>, prepare_email already registered for DAG: example_dag_decorator
[2024-12-03T15:49:28.685+0000] {processor.py:766} INFO - DAG(s) dict_keys(['example_dag_decorator']) retrieved from /home/airflow/.local/lib/python3.7/site-packages/airflow/example_dags/example_dag_decorator.py
[2024-12-03T15:49:29.819+0000] {logging_mixin.py:120} INFO - [2024-12-03T15:49:29.818+0000] {dag.py:2585} INFO - Sync 1 DAGs
[2024-12-03T15:49:30.016+0000] {logging_mixin.py:120} INFO - [2024-12-03T15:49:30.016+0000] {dag.py:3340} INFO - Setting next_dagrun for example_dag_decorator to None, run_after=None
[2024-12-03T15:49:30.239+0000] {processor.py:176} INFO - Processing /home/airflow/.local/lib/python3.7/site-packages/airflow/example_dags/example_dag_decorator.py took 3.953 seconds
[2024-12-03T15:50:11.222+0000] {processor.py:154} INFO - Started process (PID=152) to work on /home/airflow/.local/lib/python3.7/site-packages/airflow/example_dags/example_dag_decorator.py
[2024-12-03T15:50:11.250+0000] {processor.py:756} INFO - Processing file /home/airflow/.local/lib/python3.7/site-packages/airflow/example_dags/example_dag_decorator.py for tasks to queue
[2024-12-03T15:50:11.253+0000] {logging_mixin.py:120} INFO - [2024-12-03T15:50:11.253+0000] {dagbag.py:537} INFO - Filling up the DagBag from /home/airflow/.local/lib/python3.7/site-packages/airflow/example_dags/example_dag_decorator.py
[2024-12-03T15:50:11.311+0000] {logging_mixin.py:120} INFO - [2024-12-03T15:50:11.310+0000] {taskmixin.py:205} WARNING - Dependency <Task(_PythonDecoratedOperator): prepare_email>, send_email already registered for DAG: example_dag_decorator
[2024-12-03T15:50:11.312+0000] {logging_mixin.py:120} INFO - [2024-12-03T15:50:11.312+0000] {taskmixin.py:205} WARNING - Dependency <Task(EmailOperator): send_email>, prepare_email already registered for DAG: example_dag_decorator
[2024-12-03T15:50:12.243+0000] {processor.py:766} INFO - DAG(s) dict_keys(['example_dag_decorator']) retrieved from /home/airflow/.local/lib/python3.7/site-packages/airflow/example_dags/example_dag_decorator.py
[2024-12-03T15:50:12.569+0000] {logging_mixin.py:120} INFO - [2024-12-03T15:50:12.569+0000] {dag.py:2585} INFO - Sync 1 DAGs
[2024-12-03T15:50:12.656+0000] {logging_mixin.py:120} INFO - [2024-12-03T15:50:12.656+0000] {dag.py:3340} INFO - Setting next_dagrun for example_dag_decorator to None, run_after=None
[2024-12-03T15:50:12.727+0000] {processor.py:176} INFO - Processing /home/airflow/.local/lib/python3.7/site-packages/airflow/example_dags/example_dag_decorator.py took 1.511 seconds
[2024-12-03T15:50:42.810+0000] {processor.py:154} INFO - Started process (PID=208) to work on /home/airflow/.local/lib/python3.7/site-packages/airflow/example_dags/example_dag_decorator.py
[2024-12-03T15:50:42.812+0000] {processor.py:756} INFO - Processing file /home/airflow/.local/lib/python3.7/site-packages/airflow/example_dags/example_dag_decorator.py for tasks to queue
[2024-12-03T15:50:42.814+0000] {logging_mixin.py:120} INFO - [2024-12-03T15:50:42.814+0000] {dagbag.py:537} INFO - Filling up the DagBag from /home/airflow/.local/lib/python3.7/site-packages/airflow/example_dags/example_dag_decorator.py
[2024-12-03T15:50:42.849+0000] {logging_mixin.py:120} INFO - [2024-12-03T15:50:42.849+0000] {taskmixin.py:205} WARNING - Dependency <Task(_PythonDecoratedOperator): prepare_email>, send_email already registered for DAG: example_dag_decorator
[2024-12-03T15:50:42.851+0000] {logging_mixin.py:120} INFO - [2024-12-03T15:50:42.851+0000] {taskmixin.py:205} WARNING - Dependency <Task(EmailOperator): send_email>, prepare_email already registered for DAG: example_dag_decorator
[2024-12-03T15:50:42.902+0000] {processor.py:766} INFO - DAG(s) dict_keys(['example_dag_decorator']) retrieved from /home/airflow/.local/lib/python3.7/site-packages/airflow/example_dags/example_dag_decorator.py
[2024-12-03T15:50:43.079+0000] {logging_mixin.py:120} INFO - [2024-12-03T15:50:43.079+0000] {dag.py:2585} INFO - Sync 1 DAGs
[2024-12-03T15:50:43.125+0000] {logging_mixin.py:120} INFO - [2024-12-03T15:50:43.125+0000] {dag.py:3340} INFO - Setting next_dagrun for example_dag_decorator to None, run_after=None
[2024-12-03T15:50:43.168+0000] {processor.py:176} INFO - Processing /home/airflow/.local/lib/python3.7/site-packages/airflow/example_dags/example_dag_decorator.py took 0.365 seconds
[2024-12-03T15:51:13.287+0000] {processor.py:154} INFO - Started process (PID=272) to work on /home/airflow/.local/lib/python3.7/site-packages/airflow/example_dags/example_dag_decorator.py
[2024-12-03T15:51:13.289+0000] {processor.py:756} INFO - Processing file /home/airflow/.local/lib/python3.7/site-packages/airflow/example_dags/example_dag_decorator.py for tasks to queue
[2024-12-03T15:51:13.291+0000] {logging_mixin.py:120} INFO - [2024-12-03T15:51:13.291+0000] {dagbag.py:537} INFO - Filling up the DagBag from /home/airflow/.local/lib/python3.7/site-packages/airflow/example_dags/example_dag_decorator.py
[2024-12-03T15:51:13.317+0000] {logging_mixin.py:120} INFO - [2024-12-03T15:51:13.317+0000] {taskmixin.py:205} WARNING - Dependency <Task(_PythonDecoratedOperator): prepare_email>, send_email already registered for DAG: example_dag_decorator
[2024-12-03T15:51:13.318+0000] {logging_mixin.py:120} INFO - [2024-12-03T15:51:13.318+0000] {taskmixin.py:205} WARNING - Dependency <Task(EmailOperator): send_email>, prepare_email already registered for DAG: example_dag_decorator
[2024-12-03T15:51:13.341+0000] {processor.py:766} INFO - DAG(s) dict_keys(['example_dag_decorator']) retrieved from /home/airflow/.local/lib/python3.7/site-packages/airflow/example_dags/example_dag_decorator.py
[2024-12-03T15:51:13.502+0000] {logging_mixin.py:120} INFO - [2024-12-03T15:51:13.502+0000] {dag.py:2585} INFO - Sync 1 DAGs
[2024-12-03T15:51:13.549+0000] {logging_mixin.py:120} INFO - [2024-12-03T15:51:13.549+0000] {dag.py:3340} INFO - Setting next_dagrun for example_dag_decorator to None, run_after=None
[2024-12-03T15:51:13.603+0000] {processor.py:176} INFO - Processing /home/airflow/.local/lib/python3.7/site-packages/airflow/example_dags/example_dag_decorator.py took 0.320 seconds
[2024-12-03T15:51:45.053+0000] {processor.py:154} INFO - Started process (PID=331) to work on /home/airflow/.local/lib/python3.7/site-packages/airflow/example_dags/example_dag_decorator.py
[2024-12-03T15:51:45.058+0000] {processor.py:756} INFO - Processing file /home/airflow/.local/lib/python3.7/site-packages/airflow/example_dags/example_dag_decorator.py for tasks to queue
[2024-12-03T15:51:45.063+0000] {logging_mixin.py:120} INFO - [2024-12-03T15:51:45.062+0000] {dagbag.py:537} INFO - Filling up the DagBag from /home/airflow/.local/lib/python3.7/site-packages/airflow/example_dags/example_dag_decorator.py
[2024-12-03T15:51:45.201+0000] {logging_mixin.py:120} INFO - [2024-12-03T15:51:45.200+0000] {taskmixin.py:205} WARNING - Dependency <Task(_PythonDecoratedOperator): prepare_email>, send_email already registered for DAG: example_dag_decorator
[2024-12-03T15:51:45.203+0000] {logging_mixin.py:120} INFO - [2024-12-03T15:51:45.202+0000] {taskmixin.py:205} WARNING - Dependency <Task(EmailOperator): send_email>, prepare_email already registered for DAG: example_dag_decorator
[2024-12-03T15:51:45.286+0000] {processor.py:766} INFO - DAG(s) dict_keys(['example_dag_decorator']) retrieved from /home/airflow/.local/lib/python3.7/site-packages/airflow/example_dags/example_dag_decorator.py
[2024-12-03T15:51:45.863+0000] {logging_mixin.py:120} INFO - [2024-12-03T15:51:45.863+0000] {dag.py:2585} INFO - Sync 1 DAGs
[2024-12-03T15:51:46.191+0000] {logging_mixin.py:120} INFO - [2024-12-03T15:51:46.191+0000] {dag.py:3340} INFO - Setting next_dagrun for example_dag_decorator to None, run_after=None
[2024-12-03T15:51:46.345+0000] {processor.py:176} INFO - Processing /home/airflow/.local/lib/python3.7/site-packages/airflow/example_dags/example_dag_decorator.py took 1.301 seconds
[2024-12-03T15:53:09.146+0000] {processor.py:154} INFO - Started process (PID=93) to work on /home/airflow/.local/lib/python3.7/site-packages/airflow/example_dags/example_dag_decorator.py
[2024-12-03T15:53:09.150+0000] {processor.py:756} INFO - Processing file /home/airflow/.local/lib/python3.7/site-packages/airflow/example_dags/example_dag_decorator.py for tasks to queue
[2024-12-03T15:53:09.153+0000] {logging_mixin.py:120} INFO - [2024-12-03T15:53:09.152+0000] {dagbag.py:537} INFO - Filling up the DagBag from /home/airflow/.local/lib/python3.7/site-packages/airflow/example_dags/example_dag_decorator.py
[2024-12-03T15:53:09.185+0000] {logging_mixin.py:120} INFO - [2024-12-03T15:53:09.185+0000] {taskmixin.py:205} WARNING - Dependency <Task(_PythonDecoratedOperator): prepare_email>, send_email already registered for DAG: example_dag_decorator
[2024-12-03T15:53:09.187+0000] {logging_mixin.py:120} INFO - [2024-12-03T15:53:09.187+0000] {taskmixin.py:205} WARNING - Dependency <Task(EmailOperator): send_email>, prepare_email already registered for DAG: example_dag_decorator
[2024-12-03T15:53:09.213+0000] {processor.py:766} INFO - DAG(s) dict_keys(['example_dag_decorator']) retrieved from /home/airflow/.local/lib/python3.7/site-packages/airflow/example_dags/example_dag_decorator.py
[2024-12-03T15:53:09.420+0000] {logging_mixin.py:120} INFO - [2024-12-03T15:53:09.419+0000] {dag.py:2585} INFO - Sync 1 DAGs
[2024-12-03T15:53:09.477+0000] {logging_mixin.py:120} INFO - [2024-12-03T15:53:09.477+0000] {dag.py:3340} INFO - Setting next_dagrun for example_dag_decorator to None, run_after=None
[2024-12-03T15:53:09.533+0000] {processor.py:176} INFO - Processing /home/airflow/.local/lib/python3.7/site-packages/airflow/example_dags/example_dag_decorator.py took 0.395 seconds
[2024-12-03T15:53:40.098+0000] {processor.py:154} INFO - Started process (PID=149) to work on /home/airflow/.local/lib/python3.7/site-packages/airflow/example_dags/example_dag_decorator.py
[2024-12-03T15:53:40.100+0000] {processor.py:756} INFO - Processing file /home/airflow/.local/lib/python3.7/site-packages/airflow/example_dags/example_dag_decorator.py for tasks to queue
[2024-12-03T15:53:40.102+0000] {logging_mixin.py:120} INFO - [2024-12-03T15:53:40.101+0000] {dagbag.py:537} INFO - Filling up the DagBag from /home/airflow/.local/lib/python3.7/site-packages/airflow/example_dags/example_dag_decorator.py
[2024-12-03T15:53:40.128+0000] {logging_mixin.py:120} INFO - [2024-12-03T15:53:40.127+0000] {taskmixin.py:205} WARNING - Dependency <Task(_PythonDecoratedOperator): prepare_email>, send_email already registered for DAG: example_dag_decorator
[2024-12-03T15:53:40.130+0000] {logging_mixin.py:120} INFO - [2024-12-03T15:53:40.129+0000] {taskmixin.py:205} WARNING - Dependency <Task(EmailOperator): send_email>, prepare_email already registered for DAG: example_dag_decorator
[2024-12-03T15:53:40.148+0000] {processor.py:766} INFO - DAG(s) dict_keys(['example_dag_decorator']) retrieved from /home/airflow/.local/lib/python3.7/site-packages/airflow/example_dags/example_dag_decorator.py
[2024-12-03T15:53:40.301+0000] {logging_mixin.py:120} INFO - [2024-12-03T15:53:40.300+0000] {dag.py:2585} INFO - Sync 1 DAGs
[2024-12-03T15:53:40.345+0000] {logging_mixin.py:120} INFO - [2024-12-03T15:53:40.345+0000] {dag.py:3340} INFO - Setting next_dagrun for example_dag_decorator to None, run_after=None
[2024-12-03T15:53:40.421+0000] {processor.py:176} INFO - Processing /home/airflow/.local/lib/python3.7/site-packages/airflow/example_dags/example_dag_decorator.py took 0.326 seconds
[2024-12-03T15:54:11.011+0000] {processor.py:154} INFO - Started process (PID=207) to work on /home/airflow/.local/lib/python3.7/site-packages/airflow/example_dags/example_dag_decorator.py
[2024-12-03T15:54:11.013+0000] {processor.py:756} INFO - Processing file /home/airflow/.local/lib/python3.7/site-packages/airflow/example_dags/example_dag_decorator.py for tasks to queue
[2024-12-03T15:54:11.014+0000] {logging_mixin.py:120} INFO - [2024-12-03T15:54:11.014+0000] {dagbag.py:537} INFO - Filling up the DagBag from /home/airflow/.local/lib/python3.7/site-packages/airflow/example_dags/example_dag_decorator.py
[2024-12-03T15:54:11.043+0000] {logging_mixin.py:120} INFO - [2024-12-03T15:54:11.043+0000] {taskmixin.py:205} WARNING - Dependency <Task(_PythonDecoratedOperator): prepare_email>, send_email already registered for DAG: example_dag_decorator
[2024-12-03T15:54:11.044+0000] {logging_mixin.py:120} INFO - [2024-12-03T15:54:11.044+0000] {taskmixin.py:205} WARNING - Dependency <Task(EmailOperator): send_email>, prepare_email already registered for DAG: example_dag_decorator
[2024-12-03T15:54:11.060+0000] {processor.py:766} INFO - DAG(s) dict_keys(['example_dag_decorator']) retrieved from /home/airflow/.local/lib/python3.7/site-packages/airflow/example_dags/example_dag_decorator.py
[2024-12-03T15:54:11.204+0000] {logging_mixin.py:120} INFO - [2024-12-03T15:54:11.204+0000] {dag.py:2585} INFO - Sync 1 DAGs
[2024-12-03T15:54:11.249+0000] {logging_mixin.py:120} INFO - [2024-12-03T15:54:11.248+0000] {dag.py:3340} INFO - Setting next_dagrun for example_dag_decorator to None, run_after=None
[2024-12-03T15:54:11.288+0000] {processor.py:176} INFO - Processing /home/airflow/.local/lib/python3.7/site-packages/airflow/example_dags/example_dag_decorator.py took 0.282 seconds
[2024-12-03T15:54:42.521+0000] {processor.py:154} INFO - Started process (PID=271) to work on /home/airflow/.local/lib/python3.7/site-packages/airflow/example_dags/example_dag_decorator.py
[2024-12-03T15:54:42.523+0000] {processor.py:756} INFO - Processing file /home/airflow/.local/lib/python3.7/site-packages/airflow/example_dags/example_dag_decorator.py for tasks to queue
[2024-12-03T15:54:42.526+0000] {logging_mixin.py:120} INFO - [2024-12-03T15:54:42.526+0000] {dagbag.py:537} INFO - Filling up the DagBag from /home/airflow/.local/lib/python3.7/site-packages/airflow/example_dags/example_dag_decorator.py
[2024-12-03T15:54:42.549+0000] {logging_mixin.py:120} INFO - [2024-12-03T15:54:42.549+0000] {taskmixin.py:205} WARNING - Dependency <Task(_PythonDecoratedOperator): prepare_email>, send_email already registered for DAG: example_dag_decorator
[2024-12-03T15:54:42.550+0000] {logging_mixin.py:120} INFO - [2024-12-03T15:54:42.550+0000] {taskmixin.py:205} WARNING - Dependency <Task(EmailOperator): send_email>, prepare_email already registered for DAG: example_dag_decorator
[2024-12-03T15:54:42.578+0000] {processor.py:766} INFO - DAG(s) dict_keys(['example_dag_decorator']) retrieved from /home/airflow/.local/lib/python3.7/site-packages/airflow/example_dags/example_dag_decorator.py
[2024-12-03T15:54:42.709+0000] {logging_mixin.py:120} INFO - [2024-12-03T15:54:42.709+0000] {dag.py:2585} INFO - Sync 1 DAGs
[2024-12-03T15:54:42.745+0000] {logging_mixin.py:120} INFO - [2024-12-03T15:54:42.744+0000] {dag.py:3340} INFO - Setting next_dagrun for example_dag_decorator to None, run_after=None
[2024-12-03T15:54:42.785+0000] {processor.py:176} INFO - Processing /home/airflow/.local/lib/python3.7/site-packages/airflow/example_dags/example_dag_decorator.py took 0.270 seconds
[2024-12-03T15:55:13.513+0000] {processor.py:154} INFO - Started process (PID=326) to work on /home/airflow/.local/lib/python3.7/site-packages/airflow/example_dags/example_dag_decorator.py
[2024-12-03T15:55:13.516+0000] {processor.py:756} INFO - Processing file /home/airflow/.local/lib/python3.7/site-packages/airflow/example_dags/example_dag_decorator.py for tasks to queue
[2024-12-03T15:55:13.518+0000] {logging_mixin.py:120} INFO - [2024-12-03T15:55:13.518+0000] {dagbag.py:537} INFO - Filling up the DagBag from /home/airflow/.local/lib/python3.7/site-packages/airflow/example_dags/example_dag_decorator.py
[2024-12-03T15:55:13.553+0000] {logging_mixin.py:120} INFO - [2024-12-03T15:55:13.553+0000] {taskmixin.py:205} WARNING - Dependency <Task(_PythonDecoratedOperator): prepare_email>, send_email already registered for DAG: example_dag_decorator
[2024-12-03T15:55:13.554+0000] {logging_mixin.py:120} INFO - [2024-12-03T15:55:13.554+0000] {taskmixin.py:205} WARNING - Dependency <Task(EmailOperator): send_email>, prepare_email already registered for DAG: example_dag_decorator
[2024-12-03T15:55:13.573+0000] {processor.py:766} INFO - DAG(s) dict_keys(['example_dag_decorator']) retrieved from /home/airflow/.local/lib/python3.7/site-packages/airflow/example_dags/example_dag_decorator.py
[2024-12-03T15:55:13.691+0000] {logging_mixin.py:120} INFO - [2024-12-03T15:55:13.691+0000] {dag.py:2585} INFO - Sync 1 DAGs
[2024-12-03T15:55:13.731+0000] {logging_mixin.py:120} INFO - [2024-12-03T15:55:13.731+0000] {dag.py:3340} INFO - Setting next_dagrun for example_dag_decorator to None, run_after=None
[2024-12-03T15:55:13.777+0000] {processor.py:176} INFO - Processing /home/airflow/.local/lib/python3.7/site-packages/airflow/example_dags/example_dag_decorator.py took 0.267 seconds
[2024-12-03T15:55:44.518+0000] {processor.py:154} INFO - Started process (PID=381) to work on /home/airflow/.local/lib/python3.7/site-packages/airflow/example_dags/example_dag_decorator.py
[2024-12-03T15:55:44.520+0000] {processor.py:756} INFO - Processing file /home/airflow/.local/lib/python3.7/site-packages/airflow/example_dags/example_dag_decorator.py for tasks to queue
[2024-12-03T15:55:44.522+0000] {logging_mixin.py:120} INFO - [2024-12-03T15:55:44.522+0000] {dagbag.py:537} INFO - Filling up the DagBag from /home/airflow/.local/lib/python3.7/site-packages/airflow/example_dags/example_dag_decorator.py
[2024-12-03T15:55:44.552+0000] {logging_mixin.py:120} INFO - [2024-12-03T15:55:44.552+0000] {taskmixin.py:205} WARNING - Dependency <Task(_PythonDecoratedOperator): prepare_email>, send_email already registered for DAG: example_dag_decorator
[2024-12-03T15:55:44.553+0000] {logging_mixin.py:120} INFO - [2024-12-03T15:55:44.553+0000] {taskmixin.py:205} WARNING - Dependency <Task(EmailOperator): send_email>, prepare_email already registered for DAG: example_dag_decorator
[2024-12-03T15:55:44.582+0000] {processor.py:766} INFO - DAG(s) dict_keys(['example_dag_decorator']) retrieved from /home/airflow/.local/lib/python3.7/site-packages/airflow/example_dags/example_dag_decorator.py
[2024-12-03T15:55:44.741+0000] {logging_mixin.py:120} INFO - [2024-12-03T15:55:44.741+0000] {dag.py:2585} INFO - Sync 1 DAGs
[2024-12-03T15:55:44.783+0000] {logging_mixin.py:120} INFO - [2024-12-03T15:55:44.783+0000] {dag.py:3340} INFO - Setting next_dagrun for example_dag_decorator to None, run_after=None
[2024-12-03T15:55:44.830+0000] {processor.py:176} INFO - Processing /home/airflow/.local/lib/python3.7/site-packages/airflow/example_dags/example_dag_decorator.py took 0.318 seconds
[2024-12-03T15:56:17.647+0000] {processor.py:154} INFO - Started process (PID=446) to work on /home/airflow/.local/lib/python3.7/site-packages/airflow/example_dags/example_dag_decorator.py
[2024-12-03T15:56:17.649+0000] {processor.py:756} INFO - Processing file /home/airflow/.local/lib/python3.7/site-packages/airflow/example_dags/example_dag_decorator.py for tasks to queue
[2024-12-03T15:56:17.651+0000] {logging_mixin.py:120} INFO - [2024-12-03T15:56:17.651+0000] {dagbag.py:537} INFO - Filling up the DagBag from /home/airflow/.local/lib/python3.7/site-packages/airflow/example_dags/example_dag_decorator.py
[2024-12-03T15:56:17.673+0000] {logging_mixin.py:120} INFO - [2024-12-03T15:56:17.672+0000] {taskmixin.py:205} WARNING - Dependency <Task(_PythonDecoratedOperator): prepare_email>, send_email already registered for DAG: example_dag_decorator
[2024-12-03T15:56:17.674+0000] {logging_mixin.py:120} INFO - [2024-12-03T15:56:17.674+0000] {taskmixin.py:205} WARNING - Dependency <Task(EmailOperator): send_email>, prepare_email already registered for DAG: example_dag_decorator
[2024-12-03T15:56:17.694+0000] {processor.py:766} INFO - DAG(s) dict_keys(['example_dag_decorator']) retrieved from /home/airflow/.local/lib/python3.7/site-packages/airflow/example_dags/example_dag_decorator.py
[2024-12-03T15:56:17.873+0000] {logging_mixin.py:120} INFO - [2024-12-03T15:56:17.873+0000] {dag.py:2585} INFO - Sync 1 DAGs
[2024-12-03T15:56:17.916+0000] {logging_mixin.py:120} INFO - [2024-12-03T15:56:17.916+0000] {dag.py:3340} INFO - Setting next_dagrun for example_dag_decorator to None, run_after=None
[2024-12-03T15:56:17.970+0000] {processor.py:176} INFO - Processing /home/airflow/.local/lib/python3.7/site-packages/airflow/example_dags/example_dag_decorator.py took 0.328 seconds
[2024-12-03T15:56:48.476+0000] {processor.py:154} INFO - Started process (PID=505) to work on /home/airflow/.local/lib/python3.7/site-packages/airflow/example_dags/example_dag_decorator.py
[2024-12-03T15:56:48.478+0000] {processor.py:756} INFO - Processing file /home/airflow/.local/lib/python3.7/site-packages/airflow/example_dags/example_dag_decorator.py for tasks to queue
[2024-12-03T15:56:48.479+0000] {logging_mixin.py:120} INFO - [2024-12-03T15:56:48.479+0000] {dagbag.py:537} INFO - Filling up the DagBag from /home/airflow/.local/lib/python3.7/site-packages/airflow/example_dags/example_dag_decorator.py
[2024-12-03T15:56:48.512+0000] {logging_mixin.py:120} INFO - [2024-12-03T15:56:48.511+0000] {taskmixin.py:205} WARNING - Dependency <Task(_PythonDecoratedOperator): prepare_email>, send_email already registered for DAG: example_dag_decorator
[2024-12-03T15:56:48.513+0000] {logging_mixin.py:120} INFO - [2024-12-03T15:56:48.512+0000] {taskmixin.py:205} WARNING - Dependency <Task(EmailOperator): send_email>, prepare_email already registered for DAG: example_dag_decorator
[2024-12-03T15:56:48.536+0000] {processor.py:766} INFO - DAG(s) dict_keys(['example_dag_decorator']) retrieved from /home/airflow/.local/lib/python3.7/site-packages/airflow/example_dags/example_dag_decorator.py
[2024-12-03T15:56:48.718+0000] {logging_mixin.py:120} INFO - [2024-12-03T15:56:48.718+0000] {dag.py:2585} INFO - Sync 1 DAGs
[2024-12-03T15:56:48.795+0000] {logging_mixin.py:120} INFO - [2024-12-03T15:56:48.795+0000] {dag.py:3340} INFO - Setting next_dagrun for example_dag_decorator to None, run_after=None
[2024-12-03T15:56:48.925+0000] {processor.py:176} INFO - Processing /home/airflow/.local/lib/python3.7/site-packages/airflow/example_dags/example_dag_decorator.py took 0.455 seconds
[2024-12-03T15:57:19.204+0000] {processor.py:154} INFO - Started process (PID=567) to work on /home/airflow/.local/lib/python3.7/site-packages/airflow/example_dags/example_dag_decorator.py
[2024-12-03T15:57:19.207+0000] {processor.py:756} INFO - Processing file /home/airflow/.local/lib/python3.7/site-packages/airflow/example_dags/example_dag_decorator.py for tasks to queue
[2024-12-03T15:57:19.209+0000] {logging_mixin.py:120} INFO - [2024-12-03T15:57:19.208+0000] {dagbag.py:537} INFO - Filling up the DagBag from /home/airflow/.local/lib/python3.7/site-packages/airflow/example_dags/example_dag_decorator.py
[2024-12-03T15:57:19.239+0000] {logging_mixin.py:120} INFO - [2024-12-03T15:57:19.239+0000] {taskmixin.py:205} WARNING - Dependency <Task(_PythonDecoratedOperator): prepare_email>, send_email already registered for DAG: example_dag_decorator
[2024-12-03T15:57:19.240+0000] {logging_mixin.py:120} INFO - [2024-12-03T15:57:19.240+0000] {taskmixin.py:205} WARNING - Dependency <Task(EmailOperator): send_email>, prepare_email already registered for DAG: example_dag_decorator
[2024-12-03T15:57:19.266+0000] {processor.py:766} INFO - DAG(s) dict_keys(['example_dag_decorator']) retrieved from /home/airflow/.local/lib/python3.7/site-packages/airflow/example_dags/example_dag_decorator.py
[2024-12-03T15:57:19.443+0000] {logging_mixin.py:120} INFO - [2024-12-03T15:57:19.442+0000] {dag.py:2585} INFO - Sync 1 DAGs
[2024-12-03T15:57:19.508+0000] {logging_mixin.py:120} INFO - [2024-12-03T15:57:19.507+0000] {dag.py:3340} INFO - Setting next_dagrun for example_dag_decorator to None, run_after=None
[2024-12-03T15:57:19.565+0000] {processor.py:176} INFO - Processing /home/airflow/.local/lib/python3.7/site-packages/airflow/example_dags/example_dag_decorator.py took 0.366 seconds
[2024-12-03T15:57:50.014+0000] {processor.py:154} INFO - Started process (PID=628) to work on /home/airflow/.local/lib/python3.7/site-packages/airflow/example_dags/example_dag_decorator.py
[2024-12-03T15:57:50.017+0000] {processor.py:756} INFO - Processing file /home/airflow/.local/lib/python3.7/site-packages/airflow/example_dags/example_dag_decorator.py for tasks to queue
[2024-12-03T15:57:50.019+0000] {logging_mixin.py:120} INFO - [2024-12-03T15:57:50.018+0000] {dagbag.py:537} INFO - Filling up the DagBag from /home/airflow/.local/lib/python3.7/site-packages/airflow/example_dags/example_dag_decorator.py
[2024-12-03T15:57:50.044+0000] {logging_mixin.py:120} INFO - [2024-12-03T15:57:50.044+0000] {taskmixin.py:205} WARNING - Dependency <Task(_PythonDecoratedOperator): prepare_email>, send_email already registered for DAG: example_dag_decorator
[2024-12-03T15:57:50.045+0000] {logging_mixin.py:120} INFO - [2024-12-03T15:57:50.045+0000] {taskmixin.py:205} WARNING - Dependency <Task(EmailOperator): send_email>, prepare_email already registered for DAG: example_dag_decorator
[2024-12-03T15:57:50.072+0000] {processor.py:766} INFO - DAG(s) dict_keys(['example_dag_decorator']) retrieved from /home/airflow/.local/lib/python3.7/site-packages/airflow/example_dags/example_dag_decorator.py
[2024-12-03T15:57:50.222+0000] {logging_mixin.py:120} INFO - [2024-12-03T15:57:50.222+0000] {dag.py:2585} INFO - Sync 1 DAGs
[2024-12-03T15:57:50.262+0000] {logging_mixin.py:120} INFO - [2024-12-03T15:57:50.262+0000] {dag.py:3340} INFO - Setting next_dagrun for example_dag_decorator to None, run_after=None
[2024-12-03T15:57:50.299+0000] {processor.py:176} INFO - Processing /home/airflow/.local/lib/python3.7/site-packages/airflow/example_dags/example_dag_decorator.py took 0.293 seconds
[2024-12-03T15:58:20.977+0000] {processor.py:154} INFO - Started process (PID=695) to work on /home/airflow/.local/lib/python3.7/site-packages/airflow/example_dags/example_dag_decorator.py
[2024-12-03T15:58:20.978+0000] {processor.py:756} INFO - Processing file /home/airflow/.local/lib/python3.7/site-packages/airflow/example_dags/example_dag_decorator.py for tasks to queue
[2024-12-03T15:58:20.982+0000] {logging_mixin.py:120} INFO - [2024-12-03T15:58:20.981+0000] {dagbag.py:537} INFO - Filling up the DagBag from /home/airflow/.local/lib/python3.7/site-packages/airflow/example_dags/example_dag_decorator.py
[2024-12-03T15:58:21.013+0000] {logging_mixin.py:120} INFO - [2024-12-03T15:58:21.013+0000] {taskmixin.py:205} WARNING - Dependency <Task(_PythonDecoratedOperator): prepare_email>, send_email already registered for DAG: example_dag_decorator
[2024-12-03T15:58:21.015+0000] {logging_mixin.py:120} INFO - [2024-12-03T15:58:21.015+0000] {taskmixin.py:205} WARNING - Dependency <Task(EmailOperator): send_email>, prepare_email already registered for DAG: example_dag_decorator
[2024-12-03T15:58:21.043+0000] {processor.py:766} INFO - DAG(s) dict_keys(['example_dag_decorator']) retrieved from /home/airflow/.local/lib/python3.7/site-packages/airflow/example_dags/example_dag_decorator.py
[2024-12-03T15:58:21.220+0000] {logging_mixin.py:120} INFO - [2024-12-03T15:58:21.220+0000] {dag.py:2585} INFO - Sync 1 DAGs
[2024-12-03T15:58:21.290+0000] {logging_mixin.py:120} INFO - [2024-12-03T15:58:21.289+0000] {dag.py:3340} INFO - Setting next_dagrun for example_dag_decorator to None, run_after=None
[2024-12-03T15:58:21.348+0000] {processor.py:176} INFO - Processing /home/airflow/.local/lib/python3.7/site-packages/airflow/example_dags/example_dag_decorator.py took 0.377 seconds
[2024-12-03T15:58:52.027+0000] {processor.py:154} INFO - Started process (PID=759) to work on /home/airflow/.local/lib/python3.7/site-packages/airflow/example_dags/example_dag_decorator.py
[2024-12-03T15:58:52.029+0000] {processor.py:756} INFO - Processing file /home/airflow/.local/lib/python3.7/site-packages/airflow/example_dags/example_dag_decorator.py for tasks to queue
[2024-12-03T15:58:52.031+0000] {logging_mixin.py:120} INFO - [2024-12-03T15:58:52.031+0000] {dagbag.py:537} INFO - Filling up the DagBag from /home/airflow/.local/lib/python3.7/site-packages/airflow/example_dags/example_dag_decorator.py
[2024-12-03T15:58:52.052+0000] {logging_mixin.py:120} INFO - [2024-12-03T15:58:52.052+0000] {taskmixin.py:205} WARNING - Dependency <Task(_PythonDecoratedOperator): prepare_email>, send_email already registered for DAG: example_dag_decorator
[2024-12-03T15:58:52.053+0000] {logging_mixin.py:120} INFO - [2024-12-03T15:58:52.053+0000] {taskmixin.py:205} WARNING - Dependency <Task(EmailOperator): send_email>, prepare_email already registered for DAG: example_dag_decorator
[2024-12-03T15:58:52.074+0000] {processor.py:766} INFO - DAG(s) dict_keys(['example_dag_decorator']) retrieved from /home/airflow/.local/lib/python3.7/site-packages/airflow/example_dags/example_dag_decorator.py
[2024-12-03T15:58:52.232+0000] {logging_mixin.py:120} INFO - [2024-12-03T15:58:52.231+0000] {dag.py:2585} INFO - Sync 1 DAGs
[2024-12-03T15:58:52.280+0000] {logging_mixin.py:120} INFO - [2024-12-03T15:58:52.279+0000] {dag.py:3340} INFO - Setting next_dagrun for example_dag_decorator to None, run_after=None
[2024-12-03T15:58:52.332+0000] {processor.py:176} INFO - Processing /home/airflow/.local/lib/python3.7/site-packages/airflow/example_dags/example_dag_decorator.py took 0.313 seconds
[2024-12-03T15:59:22.409+0000] {processor.py:154} INFO - Started process (PID=814) to work on /home/airflow/.local/lib/python3.7/site-packages/airflow/example_dags/example_dag_decorator.py
[2024-12-03T15:59:22.411+0000] {processor.py:756} INFO - Processing file /home/airflow/.local/lib/python3.7/site-packages/airflow/example_dags/example_dag_decorator.py for tasks to queue
[2024-12-03T15:59:22.413+0000] {logging_mixin.py:120} INFO - [2024-12-03T15:59:22.413+0000] {dagbag.py:537} INFO - Filling up the DagBag from /home/airflow/.local/lib/python3.7/site-packages/airflow/example_dags/example_dag_decorator.py
[2024-12-03T15:59:22.440+0000] {logging_mixin.py:120} INFO - [2024-12-03T15:59:22.440+0000] {taskmixin.py:205} WARNING - Dependency <Task(_PythonDecoratedOperator): prepare_email>, send_email already registered for DAG: example_dag_decorator
[2024-12-03T15:59:22.442+0000] {logging_mixin.py:120} INFO - [2024-12-03T15:59:22.441+0000] {taskmixin.py:205} WARNING - Dependency <Task(EmailOperator): send_email>, prepare_email already registered for DAG: example_dag_decorator
[2024-12-03T15:59:22.473+0000] {processor.py:766} INFO - DAG(s) dict_keys(['example_dag_decorator']) retrieved from /home/airflow/.local/lib/python3.7/site-packages/airflow/example_dags/example_dag_decorator.py
[2024-12-03T15:59:22.626+0000] {logging_mixin.py:120} INFO - [2024-12-03T15:59:22.625+0000] {dag.py:2585} INFO - Sync 1 DAGs
[2024-12-03T15:59:22.665+0000] {logging_mixin.py:120} INFO - [2024-12-03T15:59:22.664+0000] {dag.py:3340} INFO - Setting next_dagrun for example_dag_decorator to None, run_after=None
[2024-12-03T15:59:22.722+0000] {processor.py:176} INFO - Processing /home/airflow/.local/lib/python3.7/site-packages/airflow/example_dags/example_dag_decorator.py took 0.318 seconds
[2024-12-03T15:59:53.637+0000] {processor.py:154} INFO - Started process (PID=879) to work on /home/airflow/.local/lib/python3.7/site-packages/airflow/example_dags/example_dag_decorator.py
[2024-12-03T15:59:53.639+0000] {processor.py:756} INFO - Processing file /home/airflow/.local/lib/python3.7/site-packages/airflow/example_dags/example_dag_decorator.py for tasks to queue
[2024-12-03T15:59:53.642+0000] {logging_mixin.py:120} INFO - [2024-12-03T15:59:53.641+0000] {dagbag.py:537} INFO - Filling up the DagBag from /home/airflow/.local/lib/python3.7/site-packages/airflow/example_dags/example_dag_decorator.py
[2024-12-03T15:59:53.689+0000] {logging_mixin.py:120} INFO - [2024-12-03T15:59:53.688+0000] {taskmixin.py:205} WARNING - Dependency <Task(_PythonDecoratedOperator): prepare_email>, send_email already registered for DAG: example_dag_decorator
[2024-12-03T15:59:53.690+0000] {logging_mixin.py:120} INFO - [2024-12-03T15:59:53.690+0000] {taskmixin.py:205} WARNING - Dependency <Task(EmailOperator): send_email>, prepare_email already registered for DAG: example_dag_decorator
[2024-12-03T15:59:53.735+0000] {processor.py:766} INFO - DAG(s) dict_keys(['example_dag_decorator']) retrieved from /home/airflow/.local/lib/python3.7/site-packages/airflow/example_dags/example_dag_decorator.py
[2024-12-03T15:59:53.948+0000] {logging_mixin.py:120} INFO - [2024-12-03T15:59:53.948+0000] {dag.py:2585} INFO - Sync 1 DAGs
[2024-12-03T15:59:54.002+0000] {logging_mixin.py:120} INFO - [2024-12-03T15:59:54.001+0000] {dag.py:3340} INFO - Setting next_dagrun for example_dag_decorator to None, run_after=None
[2024-12-03T15:59:54.092+0000] {processor.py:176} INFO - Processing /home/airflow/.local/lib/python3.7/site-packages/airflow/example_dags/example_dag_decorator.py took 0.465 seconds
[2024-12-03T16:00:24.794+0000] {processor.py:154} INFO - Started process (PID=934) to work on /home/airflow/.local/lib/python3.7/site-packages/airflow/example_dags/example_dag_decorator.py
[2024-12-03T16:00:24.795+0000] {processor.py:756} INFO - Processing file /home/airflow/.local/lib/python3.7/site-packages/airflow/example_dags/example_dag_decorator.py for tasks to queue
[2024-12-03T16:00:24.797+0000] {logging_mixin.py:120} INFO - [2024-12-03T16:00:24.797+0000] {dagbag.py:537} INFO - Filling up the DagBag from /home/airflow/.local/lib/python3.7/site-packages/airflow/example_dags/example_dag_decorator.py
[2024-12-03T16:00:24.823+0000] {logging_mixin.py:120} INFO - [2024-12-03T16:00:24.823+0000] {taskmixin.py:205} WARNING - Dependency <Task(_PythonDecoratedOperator): prepare_email>, send_email already registered for DAG: example_dag_decorator
[2024-12-03T16:00:24.824+0000] {logging_mixin.py:120} INFO - [2024-12-03T16:00:24.824+0000] {taskmixin.py:205} WARNING - Dependency <Task(EmailOperator): send_email>, prepare_email already registered for DAG: example_dag_decorator
[2024-12-03T16:00:24.843+0000] {processor.py:766} INFO - DAG(s) dict_keys(['example_dag_decorator']) retrieved from /home/airflow/.local/lib/python3.7/site-packages/airflow/example_dags/example_dag_decorator.py
[2024-12-03T16:00:24.960+0000] {logging_mixin.py:120} INFO - [2024-12-03T16:00:24.960+0000] {dag.py:2585} INFO - Sync 1 DAGs
[2024-12-03T16:00:24.993+0000] {logging_mixin.py:120} INFO - [2024-12-03T16:00:24.993+0000] {dag.py:3340} INFO - Setting next_dagrun for example_dag_decorator to None, run_after=None
[2024-12-03T16:00:25.043+0000] {processor.py:176} INFO - Processing /home/airflow/.local/lib/python3.7/site-packages/airflow/example_dags/example_dag_decorator.py took 0.256 seconds
[2024-12-03T16:00:55.326+0000] {processor.py:154} INFO - Started process (PID=989) to work on /home/airflow/.local/lib/python3.7/site-packages/airflow/example_dags/example_dag_decorator.py
[2024-12-03T16:00:55.329+0000] {processor.py:756} INFO - Processing file /home/airflow/.local/lib/python3.7/site-packages/airflow/example_dags/example_dag_decorator.py for tasks to queue
[2024-12-03T16:00:55.332+0000] {logging_mixin.py:120} INFO - [2024-12-03T16:00:55.331+0000] {dagbag.py:537} INFO - Filling up the DagBag from /home/airflow/.local/lib/python3.7/site-packages/airflow/example_dags/example_dag_decorator.py
[2024-12-03T16:00:55.364+0000] {logging_mixin.py:120} INFO - [2024-12-03T16:00:55.364+0000] {taskmixin.py:205} WARNING - Dependency <Task(_PythonDecoratedOperator): prepare_email>, send_email already registered for DAG: example_dag_decorator
[2024-12-03T16:00:55.366+0000] {logging_mixin.py:120} INFO - [2024-12-03T16:00:55.366+0000] {taskmixin.py:205} WARNING - Dependency <Task(EmailOperator): send_email>, prepare_email already registered for DAG: example_dag_decorator
[2024-12-03T16:00:55.398+0000] {processor.py:766} INFO - DAG(s) dict_keys(['example_dag_decorator']) retrieved from /home/airflow/.local/lib/python3.7/site-packages/airflow/example_dags/example_dag_decorator.py
[2024-12-03T16:00:55.554+0000] {logging_mixin.py:120} INFO - [2024-12-03T16:00:55.554+0000] {dag.py:2585} INFO - Sync 1 DAGs
[2024-12-03T16:00:55.595+0000] {logging_mixin.py:120} INFO - [2024-12-03T16:00:55.595+0000] {dag.py:3340} INFO - Setting next_dagrun for example_dag_decorator to None, run_after=None
[2024-12-03T16:00:55.639+0000] {processor.py:176} INFO - Processing /home/airflow/.local/lib/python3.7/site-packages/airflow/example_dags/example_dag_decorator.py took 0.320 seconds
[2024-12-03T16:01:26.421+0000] {processor.py:154} INFO - Started process (PID=1053) to work on /home/airflow/.local/lib/python3.7/site-packages/airflow/example_dags/example_dag_decorator.py
[2024-12-03T16:01:26.423+0000] {processor.py:756} INFO - Processing file /home/airflow/.local/lib/python3.7/site-packages/airflow/example_dags/example_dag_decorator.py for tasks to queue
[2024-12-03T16:01:26.424+0000] {logging_mixin.py:120} INFO - [2024-12-03T16:01:26.424+0000] {dagbag.py:537} INFO - Filling up the DagBag from /home/airflow/.local/lib/python3.7/site-packages/airflow/example_dags/example_dag_decorator.py
[2024-12-03T16:01:26.458+0000] {logging_mixin.py:120} INFO - [2024-12-03T16:01:26.458+0000] {taskmixin.py:205} WARNING - Dependency <Task(_PythonDecoratedOperator): prepare_email>, send_email already registered for DAG: example_dag_decorator
[2024-12-03T16:01:26.460+0000] {logging_mixin.py:120} INFO - [2024-12-03T16:01:26.460+0000] {taskmixin.py:205} WARNING - Dependency <Task(EmailOperator): send_email>, prepare_email already registered for DAG: example_dag_decorator
[2024-12-03T16:01:26.481+0000] {processor.py:766} INFO - DAG(s) dict_keys(['example_dag_decorator']) retrieved from /home/airflow/.local/lib/python3.7/site-packages/airflow/example_dags/example_dag_decorator.py
[2024-12-03T16:01:26.635+0000] {logging_mixin.py:120} INFO - [2024-12-03T16:01:26.635+0000] {dag.py:2585} INFO - Sync 1 DAGs
[2024-12-03T16:01:26.716+0000] {logging_mixin.py:120} INFO - [2024-12-03T16:01:26.716+0000] {dag.py:3340} INFO - Setting next_dagrun for example_dag_decorator to None, run_after=None
[2024-12-03T16:01:26.785+0000] {processor.py:176} INFO - Processing /home/airflow/.local/lib/python3.7/site-packages/airflow/example_dags/example_dag_decorator.py took 0.370 seconds
[2024-12-03T16:01:57.338+0000] {processor.py:154} INFO - Started process (PID=1108) to work on /home/airflow/.local/lib/python3.7/site-packages/airflow/example_dags/example_dag_decorator.py
[2024-12-03T16:01:57.340+0000] {processor.py:756} INFO - Processing file /home/airflow/.local/lib/python3.7/site-packages/airflow/example_dags/example_dag_decorator.py for tasks to queue
[2024-12-03T16:01:57.343+0000] {logging_mixin.py:120} INFO - [2024-12-03T16:01:57.342+0000] {dagbag.py:537} INFO - Filling up the DagBag from /home/airflow/.local/lib/python3.7/site-packages/airflow/example_dags/example_dag_decorator.py
[2024-12-03T16:01:57.374+0000] {logging_mixin.py:120} INFO - [2024-12-03T16:01:57.374+0000] {taskmixin.py:205} WARNING - Dependency <Task(_PythonDecoratedOperator): prepare_email>, send_email already registered for DAG: example_dag_decorator
[2024-12-03T16:01:57.376+0000] {logging_mixin.py:120} INFO - [2024-12-03T16:01:57.375+0000] {taskmixin.py:205} WARNING - Dependency <Task(EmailOperator): send_email>, prepare_email already registered for DAG: example_dag_decorator
[2024-12-03T16:01:57.403+0000] {processor.py:766} INFO - DAG(s) dict_keys(['example_dag_decorator']) retrieved from /home/airflow/.local/lib/python3.7/site-packages/airflow/example_dags/example_dag_decorator.py
[2024-12-03T16:01:57.568+0000] {logging_mixin.py:120} INFO - [2024-12-03T16:01:57.568+0000] {dag.py:2585} INFO - Sync 1 DAGs
[2024-12-03T16:01:57.649+0000] {logging_mixin.py:120} INFO - [2024-12-03T16:01:57.648+0000] {dag.py:3340} INFO - Setting next_dagrun for example_dag_decorator to None, run_after=None
[2024-12-03T16:01:57.715+0000] {processor.py:176} INFO - Processing /home/airflow/.local/lib/python3.7/site-packages/airflow/example_dags/example_dag_decorator.py took 0.383 seconds
[2024-12-03T16:02:28.561+0000] {processor.py:154} INFO - Started process (PID=1174) to work on /home/airflow/.local/lib/python3.7/site-packages/airflow/example_dags/example_dag_decorator.py
[2024-12-03T16:02:28.563+0000] {processor.py:756} INFO - Processing file /home/airflow/.local/lib/python3.7/site-packages/airflow/example_dags/example_dag_decorator.py for tasks to queue
[2024-12-03T16:02:28.564+0000] {logging_mixin.py:120} INFO - [2024-12-03T16:02:28.564+0000] {dagbag.py:537} INFO - Filling up the DagBag from /home/airflow/.local/lib/python3.7/site-packages/airflow/example_dags/example_dag_decorator.py
[2024-12-03T16:02:28.599+0000] {logging_mixin.py:120} INFO - [2024-12-03T16:02:28.599+0000] {taskmixin.py:205} WARNING - Dependency <Task(_PythonDecoratedOperator): prepare_email>, send_email already registered for DAG: example_dag_decorator
[2024-12-03T16:02:28.600+0000] {logging_mixin.py:120} INFO - [2024-12-03T16:02:28.600+0000] {taskmixin.py:205} WARNING - Dependency <Task(EmailOperator): send_email>, prepare_email already registered for DAG: example_dag_decorator
[2024-12-03T16:02:28.626+0000] {processor.py:766} INFO - DAG(s) dict_keys(['example_dag_decorator']) retrieved from /home/airflow/.local/lib/python3.7/site-packages/airflow/example_dags/example_dag_decorator.py
[2024-12-03T16:02:28.801+0000] {logging_mixin.py:120} INFO - [2024-12-03T16:02:28.801+0000] {dag.py:2585} INFO - Sync 1 DAGs
[2024-12-03T16:02:28.848+0000] {logging_mixin.py:120} INFO - [2024-12-03T16:02:28.848+0000] {dag.py:3340} INFO - Setting next_dagrun for example_dag_decorator to None, run_after=None
[2024-12-03T16:02:28.906+0000] {processor.py:176} INFO - Processing /home/airflow/.local/lib/python3.7/site-packages/airflow/example_dags/example_dag_decorator.py took 0.350 seconds
[2024-12-03T16:02:59.824+0000] {processor.py:154} INFO - Started process (PID=1229) to work on /home/airflow/.local/lib/python3.7/site-packages/airflow/example_dags/example_dag_decorator.py
[2024-12-03T16:02:59.826+0000] {processor.py:756} INFO - Processing file /home/airflow/.local/lib/python3.7/site-packages/airflow/example_dags/example_dag_decorator.py for tasks to queue
[2024-12-03T16:02:59.831+0000] {logging_mixin.py:120} INFO - [2024-12-03T16:02:59.830+0000] {dagbag.py:537} INFO - Filling up the DagBag from /home/airflow/.local/lib/python3.7/site-packages/airflow/example_dags/example_dag_decorator.py
[2024-12-03T16:02:59.857+0000] {logging_mixin.py:120} INFO - [2024-12-03T16:02:59.857+0000] {taskmixin.py:205} WARNING - Dependency <Task(_PythonDecoratedOperator): prepare_email>, send_email already registered for DAG: example_dag_decorator
[2024-12-03T16:02:59.858+0000] {logging_mixin.py:120} INFO - [2024-12-03T16:02:59.858+0000] {taskmixin.py:205} WARNING - Dependency <Task(EmailOperator): send_email>, prepare_email already registered for DAG: example_dag_decorator
[2024-12-03T16:02:59.881+0000] {processor.py:766} INFO - DAG(s) dict_keys(['example_dag_decorator']) retrieved from /home/airflow/.local/lib/python3.7/site-packages/airflow/example_dags/example_dag_decorator.py
[2024-12-03T16:03:00.060+0000] {logging_mixin.py:120} INFO - [2024-12-03T16:03:00.060+0000] {dag.py:2585} INFO - Sync 1 DAGs
[2024-12-03T16:03:00.106+0000] {logging_mixin.py:120} INFO - [2024-12-03T16:03:00.106+0000] {dag.py:3340} INFO - Setting next_dagrun for example_dag_decorator to None, run_after=None
[2024-12-03T16:03:00.167+0000] {processor.py:176} INFO - Processing /home/airflow/.local/lib/python3.7/site-packages/airflow/example_dags/example_dag_decorator.py took 0.347 seconds
[2024-12-03T16:03:30.258+0000] {processor.py:154} INFO - Started process (PID=1305) to work on /home/airflow/.local/lib/python3.7/site-packages/airflow/example_dags/example_dag_decorator.py
[2024-12-03T16:03:30.260+0000] {processor.py:756} INFO - Processing file /home/airflow/.local/lib/python3.7/site-packages/airflow/example_dags/example_dag_decorator.py for tasks to queue
[2024-12-03T16:03:30.263+0000] {logging_mixin.py:120} INFO - [2024-12-03T16:03:30.262+0000] {dagbag.py:537} INFO - Filling up the DagBag from /home/airflow/.local/lib/python3.7/site-packages/airflow/example_dags/example_dag_decorator.py
[2024-12-03T16:03:30.290+0000] {logging_mixin.py:120} INFO - [2024-12-03T16:03:30.289+0000] {taskmixin.py:205} WARNING - Dependency <Task(_PythonDecoratedOperator): prepare_email>, send_email already registered for DAG: example_dag_decorator
[2024-12-03T16:03:30.291+0000] {logging_mixin.py:120} INFO - [2024-12-03T16:03:30.290+0000] {taskmixin.py:205} WARNING - Dependency <Task(EmailOperator): send_email>, prepare_email already registered for DAG: example_dag_decorator
[2024-12-03T16:03:30.313+0000] {processor.py:766} INFO - DAG(s) dict_keys(['example_dag_decorator']) retrieved from /home/airflow/.local/lib/python3.7/site-packages/airflow/example_dags/example_dag_decorator.py
[2024-12-03T16:03:30.447+0000] {logging_mixin.py:120} INFO - [2024-12-03T16:03:30.447+0000] {dag.py:2585} INFO - Sync 1 DAGs
[2024-12-03T16:03:30.496+0000] {logging_mixin.py:120} INFO - [2024-12-03T16:03:30.496+0000] {dag.py:3340} INFO - Setting next_dagrun for example_dag_decorator to None, run_after=None
[2024-12-03T16:03:30.543+0000] {processor.py:176} INFO - Processing /home/airflow/.local/lib/python3.7/site-packages/airflow/example_dags/example_dag_decorator.py took 0.290 seconds
[2024-12-03T16:04:00.690+0000] {processor.py:154} INFO - Started process (PID=1361) to work on /home/airflow/.local/lib/python3.7/site-packages/airflow/example_dags/example_dag_decorator.py
[2024-12-03T16:04:00.693+0000] {processor.py:756} INFO - Processing file /home/airflow/.local/lib/python3.7/site-packages/airflow/example_dags/example_dag_decorator.py for tasks to queue
[2024-12-03T16:04:00.695+0000] {logging_mixin.py:120} INFO - [2024-12-03T16:04:00.695+0000] {dagbag.py:537} INFO - Filling up the DagBag from /home/airflow/.local/lib/python3.7/site-packages/airflow/example_dags/example_dag_decorator.py
[2024-12-03T16:04:00.722+0000] {logging_mixin.py:120} INFO - [2024-12-03T16:04:00.722+0000] {taskmixin.py:205} WARNING - Dependency <Task(_PythonDecoratedOperator): prepare_email>, send_email already registered for DAG: example_dag_decorator
[2024-12-03T16:04:00.723+0000] {logging_mixin.py:120} INFO - [2024-12-03T16:04:00.723+0000] {taskmixin.py:205} WARNING - Dependency <Task(EmailOperator): send_email>, prepare_email already registered for DAG: example_dag_decorator
[2024-12-03T16:04:00.744+0000] {processor.py:766} INFO - DAG(s) dict_keys(['example_dag_decorator']) retrieved from /home/airflow/.local/lib/python3.7/site-packages/airflow/example_dags/example_dag_decorator.py
[2024-12-03T16:04:00.900+0000] {logging_mixin.py:120} INFO - [2024-12-03T16:04:00.900+0000] {dag.py:2585} INFO - Sync 1 DAGs
[2024-12-03T16:04:00.944+0000] {logging_mixin.py:120} INFO - [2024-12-03T16:04:00.944+0000] {dag.py:3340} INFO - Setting next_dagrun for example_dag_decorator to None, run_after=None
[2024-12-03T16:04:00.990+0000] {processor.py:176} INFO - Processing /home/airflow/.local/lib/python3.7/site-packages/airflow/example_dags/example_dag_decorator.py took 0.304 seconds
[2024-12-03T16:04:31.940+0000] {processor.py:154} INFO - Started process (PID=1417) to work on /home/airflow/.local/lib/python3.7/site-packages/airflow/example_dags/example_dag_decorator.py
[2024-12-03T16:04:31.943+0000] {processor.py:756} INFO - Processing file /home/airflow/.local/lib/python3.7/site-packages/airflow/example_dags/example_dag_decorator.py for tasks to queue
[2024-12-03T16:04:31.951+0000] {logging_mixin.py:120} INFO - [2024-12-03T16:04:31.950+0000] {dagbag.py:537} INFO - Filling up the DagBag from /home/airflow/.local/lib/python3.7/site-packages/airflow/example_dags/example_dag_decorator.py
[2024-12-03T16:04:32.016+0000] {logging_mixin.py:120} INFO - [2024-12-03T16:04:32.015+0000] {taskmixin.py:205} WARNING - Dependency <Task(_PythonDecoratedOperator): prepare_email>, send_email already registered for DAG: example_dag_decorator
[2024-12-03T16:04:32.018+0000] {logging_mixin.py:120} INFO - [2024-12-03T16:04:32.017+0000] {taskmixin.py:205} WARNING - Dependency <Task(EmailOperator): send_email>, prepare_email already registered for DAG: example_dag_decorator
[2024-12-03T16:04:32.070+0000] {processor.py:766} INFO - DAG(s) dict_keys(['example_dag_decorator']) retrieved from /home/airflow/.local/lib/python3.7/site-packages/airflow/example_dags/example_dag_decorator.py
[2024-12-03T16:04:32.368+0000] {logging_mixin.py:120} INFO - [2024-12-03T16:04:32.367+0000] {dag.py:2585} INFO - Sync 1 DAGs
[2024-12-03T16:04:32.432+0000] {logging_mixin.py:120} INFO - [2024-12-03T16:04:32.432+0000] {dag.py:3340} INFO - Setting next_dagrun for example_dag_decorator to None, run_after=None
[2024-12-03T16:04:32.498+0000] {processor.py:176} INFO - Processing /home/airflow/.local/lib/python3.7/site-packages/airflow/example_dags/example_dag_decorator.py took 0.576 seconds
[2024-12-03T16:05:03.081+0000] {processor.py:154} INFO - Started process (PID=1479) to work on /home/airflow/.local/lib/python3.7/site-packages/airflow/example_dags/example_dag_decorator.py
[2024-12-03T16:05:03.084+0000] {processor.py:756} INFO - Processing file /home/airflow/.local/lib/python3.7/site-packages/airflow/example_dags/example_dag_decorator.py for tasks to queue
[2024-12-03T16:05:03.088+0000] {logging_mixin.py:120} INFO - [2024-12-03T16:05:03.087+0000] {dagbag.py:537} INFO - Filling up the DagBag from /home/airflow/.local/lib/python3.7/site-packages/airflow/example_dags/example_dag_decorator.py
[2024-12-03T16:05:03.145+0000] {logging_mixin.py:120} INFO - [2024-12-03T16:05:03.145+0000] {taskmixin.py:205} WARNING - Dependency <Task(_PythonDecoratedOperator): prepare_email>, send_email already registered for DAG: example_dag_decorator
[2024-12-03T16:05:03.147+0000] {logging_mixin.py:120} INFO - [2024-12-03T16:05:03.146+0000] {taskmixin.py:205} WARNING - Dependency <Task(EmailOperator): send_email>, prepare_email already registered for DAG: example_dag_decorator
[2024-12-03T16:05:03.180+0000] {processor.py:766} INFO - DAG(s) dict_keys(['example_dag_decorator']) retrieved from /home/airflow/.local/lib/python3.7/site-packages/airflow/example_dags/example_dag_decorator.py
[2024-12-03T16:05:03.429+0000] {logging_mixin.py:120} INFO - [2024-12-03T16:05:03.428+0000] {dag.py:2585} INFO - Sync 1 DAGs
[2024-12-03T16:05:03.504+0000] {logging_mixin.py:120} INFO - [2024-12-03T16:05:03.503+0000] {dag.py:3340} INFO - Setting next_dagrun for example_dag_decorator to None, run_after=None
[2024-12-03T16:05:03.580+0000] {processor.py:176} INFO - Processing /home/airflow/.local/lib/python3.7/site-packages/airflow/example_dags/example_dag_decorator.py took 0.514 seconds
[2024-12-03T16:05:34.293+0000] {processor.py:154} INFO - Started process (PID=1536) to work on /home/airflow/.local/lib/python3.7/site-packages/airflow/example_dags/example_dag_decorator.py
[2024-12-03T16:05:34.297+0000] {processor.py:756} INFO - Processing file /home/airflow/.local/lib/python3.7/site-packages/airflow/example_dags/example_dag_decorator.py for tasks to queue
[2024-12-03T16:05:34.299+0000] {logging_mixin.py:120} INFO - [2024-12-03T16:05:34.299+0000] {dagbag.py:537} INFO - Filling up the DagBag from /home/airflow/.local/lib/python3.7/site-packages/airflow/example_dags/example_dag_decorator.py
[2024-12-03T16:05:34.343+0000] {logging_mixin.py:120} INFO - [2024-12-03T16:05:34.342+0000] {taskmixin.py:205} WARNING - Dependency <Task(_PythonDecoratedOperator): prepare_email>, send_email already registered for DAG: example_dag_decorator
[2024-12-03T16:05:34.345+0000] {logging_mixin.py:120} INFO - [2024-12-03T16:05:34.344+0000] {taskmixin.py:205} WARNING - Dependency <Task(EmailOperator): send_email>, prepare_email already registered for DAG: example_dag_decorator
[2024-12-03T16:05:34.381+0000] {processor.py:766} INFO - DAG(s) dict_keys(['example_dag_decorator']) retrieved from /home/airflow/.local/lib/python3.7/site-packages/airflow/example_dags/example_dag_decorator.py
[2024-12-03T16:05:34.725+0000] {logging_mixin.py:120} INFO - [2024-12-03T16:05:34.725+0000] {dag.py:2585} INFO - Sync 1 DAGs
[2024-12-03T16:05:34.801+0000] {logging_mixin.py:120} INFO - [2024-12-03T16:05:34.800+0000] {dag.py:3340} INFO - Setting next_dagrun for example_dag_decorator to None, run_after=None
[2024-12-03T16:05:34.880+0000] {processor.py:176} INFO - Processing /home/airflow/.local/lib/python3.7/site-packages/airflow/example_dags/example_dag_decorator.py took 0.597 seconds
[2024-12-03T16:06:05.869+0000] {processor.py:154} INFO - Started process (PID=1591) to work on /home/airflow/.local/lib/python3.7/site-packages/airflow/example_dags/example_dag_decorator.py
[2024-12-03T16:06:05.873+0000] {processor.py:756} INFO - Processing file /home/airflow/.local/lib/python3.7/site-packages/airflow/example_dags/example_dag_decorator.py for tasks to queue
[2024-12-03T16:06:05.877+0000] {logging_mixin.py:120} INFO - [2024-12-03T16:06:05.877+0000] {dagbag.py:537} INFO - Filling up the DagBag from /home/airflow/.local/lib/python3.7/site-packages/airflow/example_dags/example_dag_decorator.py
[2024-12-03T16:06:05.930+0000] {logging_mixin.py:120} INFO - [2024-12-03T16:06:05.930+0000] {taskmixin.py:205} WARNING - Dependency <Task(_PythonDecoratedOperator): prepare_email>, send_email already registered for DAG: example_dag_decorator
[2024-12-03T16:06:05.933+0000] {logging_mixin.py:120} INFO - [2024-12-03T16:06:05.933+0000] {taskmixin.py:205} WARNING - Dependency <Task(EmailOperator): send_email>, prepare_email already registered for DAG: example_dag_decorator
[2024-12-03T16:06:05.999+0000] {processor.py:766} INFO - DAG(s) dict_keys(['example_dag_decorator']) retrieved from /home/airflow/.local/lib/python3.7/site-packages/airflow/example_dags/example_dag_decorator.py
[2024-12-03T16:06:06.282+0000] {logging_mixin.py:120} INFO - [2024-12-03T16:06:06.282+0000] {dag.py:2585} INFO - Sync 1 DAGs
[2024-12-03T16:06:06.347+0000] {logging_mixin.py:120} INFO - [2024-12-03T16:06:06.347+0000] {dag.py:3340} INFO - Setting next_dagrun for example_dag_decorator to None, run_after=None
[2024-12-03T16:06:06.418+0000] {processor.py:176} INFO - Processing /home/airflow/.local/lib/python3.7/site-packages/airflow/example_dags/example_dag_decorator.py took 0.557 seconds
[2024-12-03T16:06:37.036+0000] {processor.py:154} INFO - Started process (PID=1647) to work on /home/airflow/.local/lib/python3.7/site-packages/airflow/example_dags/example_dag_decorator.py
[2024-12-03T16:06:37.039+0000] {processor.py:756} INFO - Processing file /home/airflow/.local/lib/python3.7/site-packages/airflow/example_dags/example_dag_decorator.py for tasks to queue
[2024-12-03T16:06:37.042+0000] {logging_mixin.py:120} INFO - [2024-12-03T16:06:37.041+0000] {dagbag.py:537} INFO - Filling up the DagBag from /home/airflow/.local/lib/python3.7/site-packages/airflow/example_dags/example_dag_decorator.py
[2024-12-03T16:06:37.083+0000] {logging_mixin.py:120} INFO - [2024-12-03T16:06:37.083+0000] {taskmixin.py:205} WARNING - Dependency <Task(_PythonDecoratedOperator): prepare_email>, send_email already registered for DAG: example_dag_decorator
[2024-12-03T16:06:37.084+0000] {logging_mixin.py:120} INFO - [2024-12-03T16:06:37.084+0000] {taskmixin.py:205} WARNING - Dependency <Task(EmailOperator): send_email>, prepare_email already registered for DAG: example_dag_decorator
[2024-12-03T16:06:37.116+0000] {processor.py:766} INFO - DAG(s) dict_keys(['example_dag_decorator']) retrieved from /home/airflow/.local/lib/python3.7/site-packages/airflow/example_dags/example_dag_decorator.py
[2024-12-03T16:06:37.320+0000] {logging_mixin.py:120} INFO - [2024-12-03T16:06:37.320+0000] {dag.py:2585} INFO - Sync 1 DAGs
[2024-12-03T16:06:37.416+0000] {logging_mixin.py:120} INFO - [2024-12-03T16:06:37.416+0000] {dag.py:3340} INFO - Setting next_dagrun for example_dag_decorator to None, run_after=None
[2024-12-03T16:06:37.494+0000] {processor.py:176} INFO - Processing /home/airflow/.local/lib/python3.7/site-packages/airflow/example_dags/example_dag_decorator.py took 0.464 seconds
[2024-12-03T16:07:08.665+0000] {processor.py:154} INFO - Started process (PID=1702) to work on /home/airflow/.local/lib/python3.7/site-packages/airflow/example_dags/example_dag_decorator.py
[2024-12-03T16:07:08.669+0000] {processor.py:756} INFO - Processing file /home/airflow/.local/lib/python3.7/site-packages/airflow/example_dags/example_dag_decorator.py for tasks to queue
[2024-12-03T16:07:08.673+0000] {logging_mixin.py:120} INFO - [2024-12-03T16:07:08.672+0000] {dagbag.py:537} INFO - Filling up the DagBag from /home/airflow/.local/lib/python3.7/site-packages/airflow/example_dags/example_dag_decorator.py
[2024-12-03T16:07:08.725+0000] {logging_mixin.py:120} INFO - [2024-12-03T16:07:08.725+0000] {taskmixin.py:205} WARNING - Dependency <Task(_PythonDecoratedOperator): prepare_email>, send_email already registered for DAG: example_dag_decorator
[2024-12-03T16:07:08.727+0000] {logging_mixin.py:120} INFO - [2024-12-03T16:07:08.726+0000] {taskmixin.py:205} WARNING - Dependency <Task(EmailOperator): send_email>, prepare_email already registered for DAG: example_dag_decorator
[2024-12-03T16:07:08.780+0000] {processor.py:766} INFO - DAG(s) dict_keys(['example_dag_decorator']) retrieved from /home/airflow/.local/lib/python3.7/site-packages/airflow/example_dags/example_dag_decorator.py
[2024-12-03T16:07:09.036+0000] {logging_mixin.py:120} INFO - [2024-12-03T16:07:09.035+0000] {dag.py:2585} INFO - Sync 1 DAGs
[2024-12-03T16:07:09.114+0000] {logging_mixin.py:120} INFO - [2024-12-03T16:07:09.113+0000] {dag.py:3340} INFO - Setting next_dagrun for example_dag_decorator to None, run_after=None
[2024-12-03T16:07:09.188+0000] {processor.py:176} INFO - Processing /home/airflow/.local/lib/python3.7/site-packages/airflow/example_dags/example_dag_decorator.py took 0.536 seconds
[2024-12-03T16:07:40.466+0000] {processor.py:154} INFO - Started process (PID=1757) to work on /home/airflow/.local/lib/python3.7/site-packages/airflow/example_dags/example_dag_decorator.py
[2024-12-03T16:07:40.468+0000] {processor.py:756} INFO - Processing file /home/airflow/.local/lib/python3.7/site-packages/airflow/example_dags/example_dag_decorator.py for tasks to queue
[2024-12-03T16:07:40.470+0000] {logging_mixin.py:120} INFO - [2024-12-03T16:07:40.469+0000] {dagbag.py:537} INFO - Filling up the DagBag from /home/airflow/.local/lib/python3.7/site-packages/airflow/example_dags/example_dag_decorator.py
[2024-12-03T16:07:40.510+0000] {logging_mixin.py:120} INFO - [2024-12-03T16:07:40.509+0000] {taskmixin.py:205} WARNING - Dependency <Task(_PythonDecoratedOperator): prepare_email>, send_email already registered for DAG: example_dag_decorator
[2024-12-03T16:07:40.511+0000] {logging_mixin.py:120} INFO - [2024-12-03T16:07:40.511+0000] {taskmixin.py:205} WARNING - Dependency <Task(EmailOperator): send_email>, prepare_email already registered for DAG: example_dag_decorator
[2024-12-03T16:07:40.541+0000] {processor.py:766} INFO - DAG(s) dict_keys(['example_dag_decorator']) retrieved from /home/airflow/.local/lib/python3.7/site-packages/airflow/example_dags/example_dag_decorator.py
[2024-12-03T16:07:40.746+0000] {logging_mixin.py:120} INFO - [2024-12-03T16:07:40.746+0000] {dag.py:2585} INFO - Sync 1 DAGs
[2024-12-03T16:07:40.812+0000] {logging_mixin.py:120} INFO - [2024-12-03T16:07:40.812+0000] {dag.py:3340} INFO - Setting next_dagrun for example_dag_decorator to None, run_after=None
[2024-12-03T16:07:40.879+0000] {processor.py:176} INFO - Processing /home/airflow/.local/lib/python3.7/site-packages/airflow/example_dags/example_dag_decorator.py took 0.419 seconds
[2024-12-03T16:08:11.958+0000] {processor.py:154} INFO - Started process (PID=1823) to work on /home/airflow/.local/lib/python3.7/site-packages/airflow/example_dags/example_dag_decorator.py
[2024-12-03T16:08:11.960+0000] {processor.py:756} INFO - Processing file /home/airflow/.local/lib/python3.7/site-packages/airflow/example_dags/example_dag_decorator.py for tasks to queue
[2024-12-03T16:08:11.964+0000] {logging_mixin.py:120} INFO - [2024-12-03T16:08:11.963+0000] {dagbag.py:537} INFO - Filling up the DagBag from /home/airflow/.local/lib/python3.7/site-packages/airflow/example_dags/example_dag_decorator.py
[2024-12-03T16:08:12.019+0000] {logging_mixin.py:120} INFO - [2024-12-03T16:08:12.019+0000] {taskmixin.py:205} WARNING - Dependency <Task(_PythonDecoratedOperator): prepare_email>, send_email already registered for DAG: example_dag_decorator
[2024-12-03T16:08:12.021+0000] {logging_mixin.py:120} INFO - [2024-12-03T16:08:12.021+0000] {taskmixin.py:205} WARNING - Dependency <Task(EmailOperator): send_email>, prepare_email already registered for DAG: example_dag_decorator
[2024-12-03T16:08:12.067+0000] {processor.py:766} INFO - DAG(s) dict_keys(['example_dag_decorator']) retrieved from /home/airflow/.local/lib/python3.7/site-packages/airflow/example_dags/example_dag_decorator.py
[2024-12-03T16:08:12.571+0000] {logging_mixin.py:120} INFO - [2024-12-03T16:08:12.571+0000] {dag.py:2585} INFO - Sync 1 DAGs
[2024-12-03T16:08:12.704+0000] {logging_mixin.py:120} INFO - [2024-12-03T16:08:12.703+0000] {dag.py:3340} INFO - Setting next_dagrun for example_dag_decorator to None, run_after=None
[2024-12-03T16:08:12.797+0000] {processor.py:176} INFO - Processing /home/airflow/.local/lib/python3.7/site-packages/airflow/example_dags/example_dag_decorator.py took 0.850 seconds
[2024-12-03T16:08:42.927+0000] {processor.py:154} INFO - Started process (PID=1884) to work on /home/airflow/.local/lib/python3.7/site-packages/airflow/example_dags/example_dag_decorator.py
[2024-12-03T16:08:42.930+0000] {processor.py:756} INFO - Processing file /home/airflow/.local/lib/python3.7/site-packages/airflow/example_dags/example_dag_decorator.py for tasks to queue
[2024-12-03T16:08:42.933+0000] {logging_mixin.py:120} INFO - [2024-12-03T16:08:42.932+0000] {dagbag.py:537} INFO - Filling up the DagBag from /home/airflow/.local/lib/python3.7/site-packages/airflow/example_dags/example_dag_decorator.py
[2024-12-03T16:08:42.979+0000] {logging_mixin.py:120} INFO - [2024-12-03T16:08:42.978+0000] {taskmixin.py:205} WARNING - Dependency <Task(_PythonDecoratedOperator): prepare_email>, send_email already registered for DAG: example_dag_decorator
[2024-12-03T16:08:42.980+0000] {logging_mixin.py:120} INFO - [2024-12-03T16:08:42.979+0000] {taskmixin.py:205} WARNING - Dependency <Task(EmailOperator): send_email>, prepare_email already registered for DAG: example_dag_decorator
[2024-12-03T16:08:43.022+0000] {processor.py:766} INFO - DAG(s) dict_keys(['example_dag_decorator']) retrieved from /home/airflow/.local/lib/python3.7/site-packages/airflow/example_dags/example_dag_decorator.py
[2024-12-03T16:08:43.363+0000] {logging_mixin.py:120} INFO - [2024-12-03T16:08:43.362+0000] {dag.py:2585} INFO - Sync 1 DAGs
[2024-12-03T16:08:43.462+0000] {logging_mixin.py:120} INFO - [2024-12-03T16:08:43.461+0000] {dag.py:3340} INFO - Setting next_dagrun for example_dag_decorator to None, run_after=None
[2024-12-03T16:08:43.543+0000] {processor.py:176} INFO - Processing /home/airflow/.local/lib/python3.7/site-packages/airflow/example_dags/example_dag_decorator.py took 0.623 seconds
[2024-12-03T16:09:14.999+0000] {processor.py:154} INFO - Started process (PID=1951) to work on /home/airflow/.local/lib/python3.7/site-packages/airflow/example_dags/example_dag_decorator.py
[2024-12-03T16:09:15.004+0000] {processor.py:756} INFO - Processing file /home/airflow/.local/lib/python3.7/site-packages/airflow/example_dags/example_dag_decorator.py for tasks to queue
[2024-12-03T16:09:15.007+0000] {logging_mixin.py:120} INFO - [2024-12-03T16:09:15.007+0000] {dagbag.py:537} INFO - Filling up the DagBag from /home/airflow/.local/lib/python3.7/site-packages/airflow/example_dags/example_dag_decorator.py
[2024-12-03T16:09:15.073+0000] {logging_mixin.py:120} INFO - [2024-12-03T16:09:15.072+0000] {taskmixin.py:205} WARNING - Dependency <Task(_PythonDecoratedOperator): prepare_email>, send_email already registered for DAG: example_dag_decorator
[2024-12-03T16:09:15.075+0000] {logging_mixin.py:120} INFO - [2024-12-03T16:09:15.074+0000] {taskmixin.py:205} WARNING - Dependency <Task(EmailOperator): send_email>, prepare_email already registered for DAG: example_dag_decorator
[2024-12-03T16:09:15.128+0000] {processor.py:766} INFO - DAG(s) dict_keys(['example_dag_decorator']) retrieved from /home/airflow/.local/lib/python3.7/site-packages/airflow/example_dags/example_dag_decorator.py
[2024-12-03T16:09:15.503+0000] {logging_mixin.py:120} INFO - [2024-12-03T16:09:15.502+0000] {dag.py:2585} INFO - Sync 1 DAGs
[2024-12-03T16:09:15.575+0000] {logging_mixin.py:120} INFO - [2024-12-03T16:09:15.574+0000] {dag.py:3340} INFO - Setting next_dagrun for example_dag_decorator to None, run_after=None
[2024-12-03T16:09:15.663+0000] {processor.py:176} INFO - Processing /home/airflow/.local/lib/python3.7/site-packages/airflow/example_dags/example_dag_decorator.py took 0.677 seconds
[2024-12-03T16:09:46.309+0000] {processor.py:154} INFO - Started process (PID=2006) to work on /home/airflow/.local/lib/python3.7/site-packages/airflow/example_dags/example_dag_decorator.py
[2024-12-03T16:09:46.311+0000] {processor.py:756} INFO - Processing file /home/airflow/.local/lib/python3.7/site-packages/airflow/example_dags/example_dag_decorator.py for tasks to queue
[2024-12-03T16:09:46.313+0000] {logging_mixin.py:120} INFO - [2024-12-03T16:09:46.313+0000] {dagbag.py:537} INFO - Filling up the DagBag from /home/airflow/.local/lib/python3.7/site-packages/airflow/example_dags/example_dag_decorator.py
[2024-12-03T16:09:46.354+0000] {logging_mixin.py:120} INFO - [2024-12-03T16:09:46.352+0000] {taskmixin.py:205} WARNING - Dependency <Task(_PythonDecoratedOperator): prepare_email>, send_email already registered for DAG: example_dag_decorator
[2024-12-03T16:09:46.357+0000] {logging_mixin.py:120} INFO - [2024-12-03T16:09:46.356+0000] {taskmixin.py:205} WARNING - Dependency <Task(EmailOperator): send_email>, prepare_email already registered for DAG: example_dag_decorator
[2024-12-03T16:09:46.396+0000] {processor.py:766} INFO - DAG(s) dict_keys(['example_dag_decorator']) retrieved from /home/airflow/.local/lib/python3.7/site-packages/airflow/example_dags/example_dag_decorator.py
[2024-12-03T16:09:46.662+0000] {logging_mixin.py:120} INFO - [2024-12-03T16:09:46.661+0000] {dag.py:2585} INFO - Sync 1 DAGs
[2024-12-03T16:09:46.736+0000] {logging_mixin.py:120} INFO - [2024-12-03T16:09:46.736+0000] {dag.py:3340} INFO - Setting next_dagrun for example_dag_decorator to None, run_after=None
[2024-12-03T16:09:46.820+0000] {processor.py:176} INFO - Processing /home/airflow/.local/lib/python3.7/site-packages/airflow/example_dags/example_dag_decorator.py took 0.518 seconds
[2024-12-03T16:10:17.628+0000] {processor.py:154} INFO - Started process (PID=2061) to work on /home/airflow/.local/lib/python3.7/site-packages/airflow/example_dags/example_dag_decorator.py
[2024-12-03T16:10:17.630+0000] {processor.py:756} INFO - Processing file /home/airflow/.local/lib/python3.7/site-packages/airflow/example_dags/example_dag_decorator.py for tasks to queue
[2024-12-03T16:10:17.633+0000] {logging_mixin.py:120} INFO - [2024-12-03T16:10:17.632+0000] {dagbag.py:537} INFO - Filling up the DagBag from /home/airflow/.local/lib/python3.7/site-packages/airflow/example_dags/example_dag_decorator.py
[2024-12-03T16:10:17.678+0000] {logging_mixin.py:120} INFO - [2024-12-03T16:10:17.677+0000] {taskmixin.py:205} WARNING - Dependency <Task(_PythonDecoratedOperator): prepare_email>, send_email already registered for DAG: example_dag_decorator
[2024-12-03T16:10:17.679+0000] {logging_mixin.py:120} INFO - [2024-12-03T16:10:17.679+0000] {taskmixin.py:205} WARNING - Dependency <Task(EmailOperator): send_email>, prepare_email already registered for DAG: example_dag_decorator
[2024-12-03T16:10:17.713+0000] {processor.py:766} INFO - DAG(s) dict_keys(['example_dag_decorator']) retrieved from /home/airflow/.local/lib/python3.7/site-packages/airflow/example_dags/example_dag_decorator.py
[2024-12-03T16:10:17.936+0000] {logging_mixin.py:120} INFO - [2024-12-03T16:10:17.936+0000] {dag.py:2585} INFO - Sync 1 DAGs
[2024-12-03T16:10:18.025+0000] {logging_mixin.py:120} INFO - [2024-12-03T16:10:18.024+0000] {dag.py:3340} INFO - Setting next_dagrun for example_dag_decorator to None, run_after=None
[2024-12-03T16:10:18.110+0000] {processor.py:176} INFO - Processing /home/airflow/.local/lib/python3.7/site-packages/airflow/example_dags/example_dag_decorator.py took 0.488 seconds
[2024-12-03T16:10:49.166+0000] {processor.py:154} INFO - Started process (PID=2116) to work on /home/airflow/.local/lib/python3.7/site-packages/airflow/example_dags/example_dag_decorator.py
[2024-12-03T16:10:49.172+0000] {processor.py:756} INFO - Processing file /home/airflow/.local/lib/python3.7/site-packages/airflow/example_dags/example_dag_decorator.py for tasks to queue
[2024-12-03T16:10:49.179+0000] {logging_mixin.py:120} INFO - [2024-12-03T16:10:49.179+0000] {dagbag.py:537} INFO - Filling up the DagBag from /home/airflow/.local/lib/python3.7/site-packages/airflow/example_dags/example_dag_decorator.py
[2024-12-03T16:10:49.231+0000] {logging_mixin.py:120} INFO - [2024-12-03T16:10:49.230+0000] {taskmixin.py:205} WARNING - Dependency <Task(_PythonDecoratedOperator): prepare_email>, send_email already registered for DAG: example_dag_decorator
[2024-12-03T16:10:49.232+0000] {logging_mixin.py:120} INFO - [2024-12-03T16:10:49.232+0000] {taskmixin.py:205} WARNING - Dependency <Task(EmailOperator): send_email>, prepare_email already registered for DAG: example_dag_decorator
[2024-12-03T16:10:49.273+0000] {processor.py:766} INFO - DAG(s) dict_keys(['example_dag_decorator']) retrieved from /home/airflow/.local/lib/python3.7/site-packages/airflow/example_dags/example_dag_decorator.py
[2024-12-03T16:10:49.562+0000] {logging_mixin.py:120} INFO - [2024-12-03T16:10:49.561+0000] {dag.py:2585} INFO - Sync 1 DAGs
[2024-12-03T16:10:49.652+0000] {logging_mixin.py:120} INFO - [2024-12-03T16:10:49.652+0000] {dag.py:3340} INFO - Setting next_dagrun for example_dag_decorator to None, run_after=None
[2024-12-03T16:10:49.734+0000] {processor.py:176} INFO - Processing /home/airflow/.local/lib/python3.7/site-packages/airflow/example_dags/example_dag_decorator.py took 0.580 seconds
[2024-12-03T16:11:20.791+0000] {processor.py:154} INFO - Started process (PID=2178) to work on /home/airflow/.local/lib/python3.7/site-packages/airflow/example_dags/example_dag_decorator.py
[2024-12-03T16:11:20.798+0000] {processor.py:756} INFO - Processing file /home/airflow/.local/lib/python3.7/site-packages/airflow/example_dags/example_dag_decorator.py for tasks to queue
[2024-12-03T16:11:20.804+0000] {logging_mixin.py:120} INFO - [2024-12-03T16:11:20.803+0000] {dagbag.py:537} INFO - Filling up the DagBag from /home/airflow/.local/lib/python3.7/site-packages/airflow/example_dags/example_dag_decorator.py
[2024-12-03T16:11:20.874+0000] {logging_mixin.py:120} INFO - [2024-12-03T16:11:20.873+0000] {taskmixin.py:205} WARNING - Dependency <Task(_PythonDecoratedOperator): prepare_email>, send_email already registered for DAG: example_dag_decorator
[2024-12-03T16:11:20.881+0000] {logging_mixin.py:120} INFO - [2024-12-03T16:11:20.880+0000] {taskmixin.py:205} WARNING - Dependency <Task(EmailOperator): send_email>, prepare_email already registered for DAG: example_dag_decorator
[2024-12-03T16:11:20.955+0000] {processor.py:766} INFO - DAG(s) dict_keys(['example_dag_decorator']) retrieved from /home/airflow/.local/lib/python3.7/site-packages/airflow/example_dags/example_dag_decorator.py
[2024-12-03T16:11:21.419+0000] {logging_mixin.py:120} INFO - [2024-12-03T16:11:21.418+0000] {dag.py:2585} INFO - Sync 1 DAGs
[2024-12-03T16:11:21.521+0000] {logging_mixin.py:120} INFO - [2024-12-03T16:11:21.520+0000] {dag.py:3340} INFO - Setting next_dagrun for example_dag_decorator to None, run_after=None
[2024-12-03T16:11:21.605+0000] {processor.py:176} INFO - Processing /home/airflow/.local/lib/python3.7/site-packages/airflow/example_dags/example_dag_decorator.py took 0.832 seconds
[2024-12-03T16:11:52.487+0000] {processor.py:154} INFO - Started process (PID=2235) to work on /home/airflow/.local/lib/python3.7/site-packages/airflow/example_dags/example_dag_decorator.py
[2024-12-03T16:11:52.491+0000] {processor.py:756} INFO - Processing file /home/airflow/.local/lib/python3.7/site-packages/airflow/example_dags/example_dag_decorator.py for tasks to queue
[2024-12-03T16:11:52.493+0000] {logging_mixin.py:120} INFO - [2024-12-03T16:11:52.493+0000] {dagbag.py:537} INFO - Filling up the DagBag from /home/airflow/.local/lib/python3.7/site-packages/airflow/example_dags/example_dag_decorator.py
[2024-12-03T16:11:52.549+0000] {logging_mixin.py:120} INFO - [2024-12-03T16:11:52.546+0000] {taskmixin.py:205} WARNING - Dependency <Task(_PythonDecoratedOperator): prepare_email>, send_email already registered for DAG: example_dag_decorator
[2024-12-03T16:11:52.551+0000] {logging_mixin.py:120} INFO - [2024-12-03T16:11:52.551+0000] {taskmixin.py:205} WARNING - Dependency <Task(EmailOperator): send_email>, prepare_email already registered for DAG: example_dag_decorator
[2024-12-03T16:11:52.596+0000] {processor.py:766} INFO - DAG(s) dict_keys(['example_dag_decorator']) retrieved from /home/airflow/.local/lib/python3.7/site-packages/airflow/example_dags/example_dag_decorator.py
[2024-12-03T16:11:52.905+0000] {logging_mixin.py:120} INFO - [2024-12-03T16:11:52.904+0000] {dag.py:2585} INFO - Sync 1 DAGs
[2024-12-03T16:11:53.042+0000] {logging_mixin.py:120} INFO - [2024-12-03T16:11:53.041+0000] {dag.py:3340} INFO - Setting next_dagrun for example_dag_decorator to None, run_after=None
[2024-12-03T16:11:53.137+0000] {processor.py:176} INFO - Processing /home/airflow/.local/lib/python3.7/site-packages/airflow/example_dags/example_dag_decorator.py took 0.662 seconds
[2024-12-03T16:12:24.037+0000] {processor.py:154} INFO - Started process (PID=2290) to work on /home/airflow/.local/lib/python3.7/site-packages/airflow/example_dags/example_dag_decorator.py
[2024-12-03T16:12:24.041+0000] {processor.py:756} INFO - Processing file /home/airflow/.local/lib/python3.7/site-packages/airflow/example_dags/example_dag_decorator.py for tasks to queue
[2024-12-03T16:12:24.045+0000] {logging_mixin.py:120} INFO - [2024-12-03T16:12:24.044+0000] {dagbag.py:537} INFO - Filling up the DagBag from /home/airflow/.local/lib/python3.7/site-packages/airflow/example_dags/example_dag_decorator.py
[2024-12-03T16:12:24.107+0000] {logging_mixin.py:120} INFO - [2024-12-03T16:12:24.106+0000] {taskmixin.py:205} WARNING - Dependency <Task(_PythonDecoratedOperator): prepare_email>, send_email already registered for DAG: example_dag_decorator
[2024-12-03T16:12:24.108+0000] {logging_mixin.py:120} INFO - [2024-12-03T16:12:24.108+0000] {taskmixin.py:205} WARNING - Dependency <Task(EmailOperator): send_email>, prepare_email already registered for DAG: example_dag_decorator
[2024-12-03T16:12:24.144+0000] {processor.py:766} INFO - DAG(s) dict_keys(['example_dag_decorator']) retrieved from /home/airflow/.local/lib/python3.7/site-packages/airflow/example_dags/example_dag_decorator.py
[2024-12-03T16:12:24.495+0000] {logging_mixin.py:120} INFO - [2024-12-03T16:12:24.494+0000] {dag.py:2585} INFO - Sync 1 DAGs
[2024-12-03T16:12:24.601+0000] {logging_mixin.py:120} INFO - [2024-12-03T16:12:24.600+0000] {dag.py:3340} INFO - Setting next_dagrun for example_dag_decorator to None, run_after=None
[2024-12-03T16:12:24.711+0000] {processor.py:176} INFO - Processing /home/airflow/.local/lib/python3.7/site-packages/airflow/example_dags/example_dag_decorator.py took 0.685 seconds
[2024-12-03T16:12:55.549+0000] {processor.py:154} INFO - Started process (PID=2346) to work on /home/airflow/.local/lib/python3.7/site-packages/airflow/example_dags/example_dag_decorator.py
[2024-12-03T16:12:55.552+0000] {processor.py:756} INFO - Processing file /home/airflow/.local/lib/python3.7/site-packages/airflow/example_dags/example_dag_decorator.py for tasks to queue
[2024-12-03T16:12:55.558+0000] {logging_mixin.py:120} INFO - [2024-12-03T16:12:55.558+0000] {dagbag.py:537} INFO - Filling up the DagBag from /home/airflow/.local/lib/python3.7/site-packages/airflow/example_dags/example_dag_decorator.py
[2024-12-03T16:12:55.598+0000] {logging_mixin.py:120} INFO - [2024-12-03T16:12:55.598+0000] {taskmixin.py:205} WARNING - Dependency <Task(_PythonDecoratedOperator): prepare_email>, send_email already registered for DAG: example_dag_decorator
[2024-12-03T16:12:55.600+0000] {logging_mixin.py:120} INFO - [2024-12-03T16:12:55.599+0000] {taskmixin.py:205} WARNING - Dependency <Task(EmailOperator): send_email>, prepare_email already registered for DAG: example_dag_decorator
[2024-12-03T16:12:55.630+0000] {processor.py:766} INFO - DAG(s) dict_keys(['example_dag_decorator']) retrieved from /home/airflow/.local/lib/python3.7/site-packages/airflow/example_dags/example_dag_decorator.py
[2024-12-03T16:12:55.893+0000] {logging_mixin.py:120} INFO - [2024-12-03T16:12:55.893+0000] {dag.py:2585} INFO - Sync 1 DAGs
[2024-12-03T16:12:55.965+0000] {logging_mixin.py:120} INFO - [2024-12-03T16:12:55.965+0000] {dag.py:3340} INFO - Setting next_dagrun for example_dag_decorator to None, run_after=None
[2024-12-03T16:12:56.041+0000] {processor.py:176} INFO - Processing /home/airflow/.local/lib/python3.7/site-packages/airflow/example_dags/example_dag_decorator.py took 0.504 seconds
[2024-12-03T16:13:26.272+0000] {processor.py:154} INFO - Started process (PID=2400) to work on /home/airflow/.local/lib/python3.7/site-packages/airflow/example_dags/example_dag_decorator.py
[2024-12-03T16:13:26.275+0000] {processor.py:756} INFO - Processing file /home/airflow/.local/lib/python3.7/site-packages/airflow/example_dags/example_dag_decorator.py for tasks to queue
[2024-12-03T16:13:26.277+0000] {logging_mixin.py:120} INFO - [2024-12-03T16:13:26.277+0000] {dagbag.py:537} INFO - Filling up the DagBag from /home/airflow/.local/lib/python3.7/site-packages/airflow/example_dags/example_dag_decorator.py
[2024-12-03T16:13:26.334+0000] {logging_mixin.py:120} INFO - [2024-12-03T16:13:26.333+0000] {taskmixin.py:205} WARNING - Dependency <Task(_PythonDecoratedOperator): prepare_email>, send_email already registered for DAG: example_dag_decorator
[2024-12-03T16:13:26.337+0000] {logging_mixin.py:120} INFO - [2024-12-03T16:13:26.336+0000] {taskmixin.py:205} WARNING - Dependency <Task(EmailOperator): send_email>, prepare_email already registered for DAG: example_dag_decorator
[2024-12-03T16:13:26.397+0000] {processor.py:766} INFO - DAG(s) dict_keys(['example_dag_decorator']) retrieved from /home/airflow/.local/lib/python3.7/site-packages/airflow/example_dags/example_dag_decorator.py
[2024-12-03T16:13:26.677+0000] {logging_mixin.py:120} INFO - [2024-12-03T16:13:26.676+0000] {dag.py:2585} INFO - Sync 1 DAGs
[2024-12-03T16:13:26.754+0000] {logging_mixin.py:120} INFO - [2024-12-03T16:13:26.754+0000] {dag.py:3340} INFO - Setting next_dagrun for example_dag_decorator to None, run_after=None
[2024-12-03T16:13:26.823+0000] {processor.py:176} INFO - Processing /home/airflow/.local/lib/python3.7/site-packages/airflow/example_dags/example_dag_decorator.py took 0.559 seconds
[2024-12-03T16:13:58.051+0000] {processor.py:154} INFO - Started process (PID=2456) to work on /home/airflow/.local/lib/python3.7/site-packages/airflow/example_dags/example_dag_decorator.py
[2024-12-03T16:13:58.055+0000] {processor.py:756} INFO - Processing file /home/airflow/.local/lib/python3.7/site-packages/airflow/example_dags/example_dag_decorator.py for tasks to queue
[2024-12-03T16:13:58.061+0000] {logging_mixin.py:120} INFO - [2024-12-03T16:13:58.060+0000] {dagbag.py:537} INFO - Filling up the DagBag from /home/airflow/.local/lib/python3.7/site-packages/airflow/example_dags/example_dag_decorator.py
[2024-12-03T16:13:58.101+0000] {logging_mixin.py:120} INFO - [2024-12-03T16:13:58.100+0000] {taskmixin.py:205} WARNING - Dependency <Task(_PythonDecoratedOperator): prepare_email>, send_email already registered for DAG: example_dag_decorator
[2024-12-03T16:13:58.103+0000] {logging_mixin.py:120} INFO - [2024-12-03T16:13:58.103+0000] {taskmixin.py:205} WARNING - Dependency <Task(EmailOperator): send_email>, prepare_email already registered for DAG: example_dag_decorator
[2024-12-03T16:13:58.132+0000] {processor.py:766} INFO - DAG(s) dict_keys(['example_dag_decorator']) retrieved from /home/airflow/.local/lib/python3.7/site-packages/airflow/example_dags/example_dag_decorator.py
[2024-12-03T16:13:58.366+0000] {logging_mixin.py:120} INFO - [2024-12-03T16:13:58.365+0000] {dag.py:2585} INFO - Sync 1 DAGs
[2024-12-03T16:13:58.432+0000] {logging_mixin.py:120} INFO - [2024-12-03T16:13:58.432+0000] {dag.py:3340} INFO - Setting next_dagrun for example_dag_decorator to None, run_after=None
[2024-12-03T16:13:58.495+0000] {processor.py:176} INFO - Processing /home/airflow/.local/lib/python3.7/site-packages/airflow/example_dags/example_dag_decorator.py took 0.450 seconds
[2024-12-03T16:14:29.983+0000] {processor.py:154} INFO - Started process (PID=2523) to work on /home/airflow/.local/lib/python3.7/site-packages/airflow/example_dags/example_dag_decorator.py
[2024-12-03T16:14:29.985+0000] {processor.py:756} INFO - Processing file /home/airflow/.local/lib/python3.7/site-packages/airflow/example_dags/example_dag_decorator.py for tasks to queue
[2024-12-03T16:14:29.988+0000] {logging_mixin.py:120} INFO - [2024-12-03T16:14:29.987+0000] {dagbag.py:537} INFO - Filling up the DagBag from /home/airflow/.local/lib/python3.7/site-packages/airflow/example_dags/example_dag_decorator.py
[2024-12-03T16:14:30.039+0000] {logging_mixin.py:120} INFO - [2024-12-03T16:14:30.039+0000] {taskmixin.py:205} WARNING - Dependency <Task(_PythonDecoratedOperator): prepare_email>, send_email already registered for DAG: example_dag_decorator
[2024-12-03T16:14:30.041+0000] {logging_mixin.py:120} INFO - [2024-12-03T16:14:30.040+0000] {taskmixin.py:205} WARNING - Dependency <Task(EmailOperator): send_email>, prepare_email already registered for DAG: example_dag_decorator
[2024-12-03T16:14:30.080+0000] {processor.py:766} INFO - DAG(s) dict_keys(['example_dag_decorator']) retrieved from /home/airflow/.local/lib/python3.7/site-packages/airflow/example_dags/example_dag_decorator.py
[2024-12-03T16:14:30.351+0000] {logging_mixin.py:120} INFO - [2024-12-03T16:14:30.351+0000] {dag.py:2585} INFO - Sync 1 DAGs
[2024-12-03T16:14:30.416+0000] {logging_mixin.py:120} INFO - [2024-12-03T16:14:30.415+0000] {dag.py:3340} INFO - Setting next_dagrun for example_dag_decorator to None, run_after=None
[2024-12-03T16:14:30.511+0000] {processor.py:176} INFO - Processing /home/airflow/.local/lib/python3.7/site-packages/airflow/example_dags/example_dag_decorator.py took 0.537 seconds
[2024-12-03T16:15:01.486+0000] {processor.py:154} INFO - Started process (PID=2587) to work on /home/airflow/.local/lib/python3.7/site-packages/airflow/example_dags/example_dag_decorator.py
[2024-12-03T16:15:01.489+0000] {processor.py:756} INFO - Processing file /home/airflow/.local/lib/python3.7/site-packages/airflow/example_dags/example_dag_decorator.py for tasks to queue
[2024-12-03T16:15:01.492+0000] {logging_mixin.py:120} INFO - [2024-12-03T16:15:01.491+0000] {dagbag.py:537} INFO - Filling up the DagBag from /home/airflow/.local/lib/python3.7/site-packages/airflow/example_dags/example_dag_decorator.py
[2024-12-03T16:15:01.545+0000] {logging_mixin.py:120} INFO - [2024-12-03T16:15:01.544+0000] {taskmixin.py:205} WARNING - Dependency <Task(_PythonDecoratedOperator): prepare_email>, send_email already registered for DAG: example_dag_decorator
[2024-12-03T16:15:01.547+0000] {logging_mixin.py:120} INFO - [2024-12-03T16:15:01.546+0000] {taskmixin.py:205} WARNING - Dependency <Task(EmailOperator): send_email>, prepare_email already registered for DAG: example_dag_decorator
[2024-12-03T16:15:01.596+0000] {processor.py:766} INFO - DAG(s) dict_keys(['example_dag_decorator']) retrieved from /home/airflow/.local/lib/python3.7/site-packages/airflow/example_dags/example_dag_decorator.py
[2024-12-03T16:15:01.880+0000] {logging_mixin.py:120} INFO - [2024-12-03T16:15:01.880+0000] {dag.py:2585} INFO - Sync 1 DAGs
[2024-12-03T16:15:01.961+0000] {logging_mixin.py:120} INFO - [2024-12-03T16:15:01.960+0000] {dag.py:3340} INFO - Setting next_dagrun for example_dag_decorator to None, run_after=None
[2024-12-03T16:15:02.064+0000] {processor.py:176} INFO - Processing /home/airflow/.local/lib/python3.7/site-packages/airflow/example_dags/example_dag_decorator.py took 0.592 seconds
[2024-12-03T16:15:32.542+0000] {processor.py:154} INFO - Started process (PID=2642) to work on /home/airflow/.local/lib/python3.7/site-packages/airflow/example_dags/example_dag_decorator.py
[2024-12-03T16:15:32.545+0000] {processor.py:756} INFO - Processing file /home/airflow/.local/lib/python3.7/site-packages/airflow/example_dags/example_dag_decorator.py for tasks to queue
[2024-12-03T16:15:32.549+0000] {logging_mixin.py:120} INFO - [2024-12-03T16:15:32.548+0000] {dagbag.py:537} INFO - Filling up the DagBag from /home/airflow/.local/lib/python3.7/site-packages/airflow/example_dags/example_dag_decorator.py
[2024-12-03T16:15:32.594+0000] {logging_mixin.py:120} INFO - [2024-12-03T16:15:32.594+0000] {taskmixin.py:205} WARNING - Dependency <Task(_PythonDecoratedOperator): prepare_email>, send_email already registered for DAG: example_dag_decorator
[2024-12-03T16:15:32.595+0000] {logging_mixin.py:120} INFO - [2024-12-03T16:15:32.595+0000] {taskmixin.py:205} WARNING - Dependency <Task(EmailOperator): send_email>, prepare_email already registered for DAG: example_dag_decorator
[2024-12-03T16:15:32.639+0000] {processor.py:766} INFO - DAG(s) dict_keys(['example_dag_decorator']) retrieved from /home/airflow/.local/lib/python3.7/site-packages/airflow/example_dags/example_dag_decorator.py
[2024-12-03T16:15:32.850+0000] {logging_mixin.py:120} INFO - [2024-12-03T16:15:32.849+0000] {dag.py:2585} INFO - Sync 1 DAGs
[2024-12-03T16:15:32.926+0000] {logging_mixin.py:120} INFO - [2024-12-03T16:15:32.926+0000] {dag.py:3340} INFO - Setting next_dagrun for example_dag_decorator to None, run_after=None
[2024-12-03T16:15:32.986+0000] {processor.py:176} INFO - Processing /home/airflow/.local/lib/python3.7/site-packages/airflow/example_dags/example_dag_decorator.py took 0.455 seconds
[2024-12-03T16:16:04.338+0000] {processor.py:154} INFO - Started process (PID=2698) to work on /home/airflow/.local/lib/python3.7/site-packages/airflow/example_dags/example_dag_decorator.py
[2024-12-03T16:16:04.340+0000] {processor.py:756} INFO - Processing file /home/airflow/.local/lib/python3.7/site-packages/airflow/example_dags/example_dag_decorator.py for tasks to queue
[2024-12-03T16:16:04.344+0000] {logging_mixin.py:120} INFO - [2024-12-03T16:16:04.343+0000] {dagbag.py:537} INFO - Filling up the DagBag from /home/airflow/.local/lib/python3.7/site-packages/airflow/example_dags/example_dag_decorator.py
[2024-12-03T16:16:04.400+0000] {logging_mixin.py:120} INFO - [2024-12-03T16:16:04.399+0000] {taskmixin.py:205} WARNING - Dependency <Task(_PythonDecoratedOperator): prepare_email>, send_email already registered for DAG: example_dag_decorator
[2024-12-03T16:16:04.401+0000] {logging_mixin.py:120} INFO - [2024-12-03T16:16:04.400+0000] {taskmixin.py:205} WARNING - Dependency <Task(EmailOperator): send_email>, prepare_email already registered for DAG: example_dag_decorator
[2024-12-03T16:16:04.447+0000] {processor.py:766} INFO - DAG(s) dict_keys(['example_dag_decorator']) retrieved from /home/airflow/.local/lib/python3.7/site-packages/airflow/example_dags/example_dag_decorator.py
[2024-12-03T16:16:04.713+0000] {logging_mixin.py:120} INFO - [2024-12-03T16:16:04.712+0000] {dag.py:2585} INFO - Sync 1 DAGs
[2024-12-03T16:16:04.798+0000] {logging_mixin.py:120} INFO - [2024-12-03T16:16:04.796+0000] {dag.py:3340} INFO - Setting next_dagrun for example_dag_decorator to None, run_after=None
[2024-12-03T16:16:04.868+0000] {processor.py:176} INFO - Processing /home/airflow/.local/lib/python3.7/site-packages/airflow/example_dags/example_dag_decorator.py took 0.537 seconds
[2024-12-03T16:16:35.307+0000] {processor.py:154} INFO - Started process (PID=2754) to work on /home/airflow/.local/lib/python3.7/site-packages/airflow/example_dags/example_dag_decorator.py
[2024-12-03T16:16:35.310+0000] {processor.py:756} INFO - Processing file /home/airflow/.local/lib/python3.7/site-packages/airflow/example_dags/example_dag_decorator.py for tasks to queue
[2024-12-03T16:16:35.314+0000] {logging_mixin.py:120} INFO - [2024-12-03T16:16:35.313+0000] {dagbag.py:537} INFO - Filling up the DagBag from /home/airflow/.local/lib/python3.7/site-packages/airflow/example_dags/example_dag_decorator.py
[2024-12-03T16:16:35.351+0000] {logging_mixin.py:120} INFO - [2024-12-03T16:16:35.350+0000] {taskmixin.py:205} WARNING - Dependency <Task(_PythonDecoratedOperator): prepare_email>, send_email already registered for DAG: example_dag_decorator
[2024-12-03T16:16:35.353+0000] {logging_mixin.py:120} INFO - [2024-12-03T16:16:35.353+0000] {taskmixin.py:205} WARNING - Dependency <Task(EmailOperator): send_email>, prepare_email already registered for DAG: example_dag_decorator
[2024-12-03T16:16:35.389+0000] {processor.py:766} INFO - DAG(s) dict_keys(['example_dag_decorator']) retrieved from /home/airflow/.local/lib/python3.7/site-packages/airflow/example_dags/example_dag_decorator.py
[2024-12-03T16:16:35.643+0000] {logging_mixin.py:120} INFO - [2024-12-03T16:16:35.643+0000] {dag.py:2585} INFO - Sync 1 DAGs
[2024-12-03T16:16:35.702+0000] {logging_mixin.py:120} INFO - [2024-12-03T16:16:35.701+0000] {dag.py:3340} INFO - Setting next_dagrun for example_dag_decorator to None, run_after=None
[2024-12-03T16:16:35.761+0000] {processor.py:176} INFO - Processing /home/airflow/.local/lib/python3.7/site-packages/airflow/example_dags/example_dag_decorator.py took 0.467 seconds
[2024-12-03T16:17:06.772+0000] {processor.py:154} INFO - Started process (PID=2819) to work on /home/airflow/.local/lib/python3.7/site-packages/airflow/example_dags/example_dag_decorator.py
[2024-12-03T16:17:06.775+0000] {processor.py:756} INFO - Processing file /home/airflow/.local/lib/python3.7/site-packages/airflow/example_dags/example_dag_decorator.py for tasks to queue
[2024-12-03T16:17:06.777+0000] {logging_mixin.py:120} INFO - [2024-12-03T16:17:06.777+0000] {dagbag.py:537} INFO - Filling up the DagBag from /home/airflow/.local/lib/python3.7/site-packages/airflow/example_dags/example_dag_decorator.py
[2024-12-03T16:17:06.820+0000] {logging_mixin.py:120} INFO - [2024-12-03T16:17:06.819+0000] {taskmixin.py:205} WARNING - Dependency <Task(_PythonDecoratedOperator): prepare_email>, send_email already registered for DAG: example_dag_decorator
[2024-12-03T16:17:06.821+0000] {logging_mixin.py:120} INFO - [2024-12-03T16:17:06.821+0000] {taskmixin.py:205} WARNING - Dependency <Task(EmailOperator): send_email>, prepare_email already registered for DAG: example_dag_decorator
[2024-12-03T16:17:06.853+0000] {processor.py:766} INFO - DAG(s) dict_keys(['example_dag_decorator']) retrieved from /home/airflow/.local/lib/python3.7/site-packages/airflow/example_dags/example_dag_decorator.py
[2024-12-03T16:17:07.130+0000] {logging_mixin.py:120} INFO - [2024-12-03T16:17:07.129+0000] {dag.py:2585} INFO - Sync 1 DAGs
[2024-12-03T16:17:07.221+0000] {logging_mixin.py:120} INFO - [2024-12-03T16:17:07.221+0000] {dag.py:3340} INFO - Setting next_dagrun for example_dag_decorator to None, run_after=None
[2024-12-03T16:17:07.287+0000] {processor.py:176} INFO - Processing /home/airflow/.local/lib/python3.7/site-packages/airflow/example_dags/example_dag_decorator.py took 0.523 seconds
[2024-12-03T16:17:38.003+0000] {processor.py:154} INFO - Started process (PID=2875) to work on /home/airflow/.local/lib/python3.7/site-packages/airflow/example_dags/example_dag_decorator.py
[2024-12-03T16:17:38.006+0000] {processor.py:756} INFO - Processing file /home/airflow/.local/lib/python3.7/site-packages/airflow/example_dags/example_dag_decorator.py for tasks to queue
[2024-12-03T16:17:38.008+0000] {logging_mixin.py:120} INFO - [2024-12-03T16:17:38.008+0000] {dagbag.py:537} INFO - Filling up the DagBag from /home/airflow/.local/lib/python3.7/site-packages/airflow/example_dags/example_dag_decorator.py
[2024-12-03T16:17:38.051+0000] {logging_mixin.py:120} INFO - [2024-12-03T16:17:38.050+0000] {taskmixin.py:205} WARNING - Dependency <Task(_PythonDecoratedOperator): prepare_email>, send_email already registered for DAG: example_dag_decorator
[2024-12-03T16:17:38.052+0000] {logging_mixin.py:120} INFO - [2024-12-03T16:17:38.052+0000] {taskmixin.py:205} WARNING - Dependency <Task(EmailOperator): send_email>, prepare_email already registered for DAG: example_dag_decorator
[2024-12-03T16:17:38.084+0000] {processor.py:766} INFO - DAG(s) dict_keys(['example_dag_decorator']) retrieved from /home/airflow/.local/lib/python3.7/site-packages/airflow/example_dags/example_dag_decorator.py
[2024-12-03T16:17:38.319+0000] {logging_mixin.py:120} INFO - [2024-12-03T16:17:38.319+0000] {dag.py:2585} INFO - Sync 1 DAGs
[2024-12-03T16:17:38.394+0000] {logging_mixin.py:120} INFO - [2024-12-03T16:17:38.394+0000] {dag.py:3340} INFO - Setting next_dagrun for example_dag_decorator to None, run_after=None
[2024-12-03T16:17:38.470+0000] {processor.py:176} INFO - Processing /home/airflow/.local/lib/python3.7/site-packages/airflow/example_dags/example_dag_decorator.py took 0.479 seconds
[2024-12-03T16:18:09.274+0000] {processor.py:154} INFO - Started process (PID=2930) to work on /home/airflow/.local/lib/python3.7/site-packages/airflow/example_dags/example_dag_decorator.py
[2024-12-03T16:18:09.276+0000] {processor.py:756} INFO - Processing file /home/airflow/.local/lib/python3.7/site-packages/airflow/example_dags/example_dag_decorator.py for tasks to queue
[2024-12-03T16:18:09.280+0000] {logging_mixin.py:120} INFO - [2024-12-03T16:18:09.280+0000] {dagbag.py:537} INFO - Filling up the DagBag from /home/airflow/.local/lib/python3.7/site-packages/airflow/example_dags/example_dag_decorator.py
[2024-12-03T16:18:09.329+0000] {logging_mixin.py:120} INFO - [2024-12-03T16:18:09.329+0000] {taskmixin.py:205} WARNING - Dependency <Task(_PythonDecoratedOperator): prepare_email>, send_email already registered for DAG: example_dag_decorator
[2024-12-03T16:18:09.331+0000] {logging_mixin.py:120} INFO - [2024-12-03T16:18:09.331+0000] {taskmixin.py:205} WARNING - Dependency <Task(EmailOperator): send_email>, prepare_email already registered for DAG: example_dag_decorator
[2024-12-03T16:18:09.364+0000] {processor.py:766} INFO - DAG(s) dict_keys(['example_dag_decorator']) retrieved from /home/airflow/.local/lib/python3.7/site-packages/airflow/example_dags/example_dag_decorator.py
[2024-12-03T16:18:09.588+0000] {logging_mixin.py:120} INFO - [2024-12-03T16:18:09.587+0000] {dag.py:2585} INFO - Sync 1 DAGs
[2024-12-03T16:18:09.667+0000] {logging_mixin.py:120} INFO - [2024-12-03T16:18:09.666+0000] {dag.py:3340} INFO - Setting next_dagrun for example_dag_decorator to None, run_after=None
[2024-12-03T16:18:09.744+0000] {processor.py:176} INFO - Processing /home/airflow/.local/lib/python3.7/site-packages/airflow/example_dags/example_dag_decorator.py took 0.476 seconds
[2024-12-03T16:18:40.088+0000] {processor.py:154} INFO - Started process (PID=2988) to work on /home/airflow/.local/lib/python3.7/site-packages/airflow/example_dags/example_dag_decorator.py
[2024-12-03T16:18:40.090+0000] {processor.py:756} INFO - Processing file /home/airflow/.local/lib/python3.7/site-packages/airflow/example_dags/example_dag_decorator.py for tasks to queue
[2024-12-03T16:18:40.095+0000] {logging_mixin.py:120} INFO - [2024-12-03T16:18:40.095+0000] {dagbag.py:537} INFO - Filling up the DagBag from /home/airflow/.local/lib/python3.7/site-packages/airflow/example_dags/example_dag_decorator.py
[2024-12-03T16:18:40.145+0000] {logging_mixin.py:120} INFO - [2024-12-03T16:18:40.144+0000] {taskmixin.py:205} WARNING - Dependency <Task(_PythonDecoratedOperator): prepare_email>, send_email already registered for DAG: example_dag_decorator
[2024-12-03T16:18:40.147+0000] {logging_mixin.py:120} INFO - [2024-12-03T16:18:40.146+0000] {taskmixin.py:205} WARNING - Dependency <Task(EmailOperator): send_email>, prepare_email already registered for DAG: example_dag_decorator
[2024-12-03T16:18:40.190+0000] {processor.py:766} INFO - DAG(s) dict_keys(['example_dag_decorator']) retrieved from /home/airflow/.local/lib/python3.7/site-packages/airflow/example_dags/example_dag_decorator.py
[2024-12-03T16:18:40.395+0000] {logging_mixin.py:120} INFO - [2024-12-03T16:18:40.395+0000] {dag.py:2585} INFO - Sync 1 DAGs
[2024-12-03T16:18:40.471+0000] {logging_mixin.py:120} INFO - [2024-12-03T16:18:40.471+0000] {dag.py:3340} INFO - Setting next_dagrun for example_dag_decorator to None, run_after=None
[2024-12-03T16:18:40.557+0000] {processor.py:176} INFO - Processing /home/airflow/.local/lib/python3.7/site-packages/airflow/example_dags/example_dag_decorator.py took 0.478 seconds
[2024-12-03T16:19:11.474+0000] {processor.py:154} INFO - Started process (PID=3056) to work on /home/airflow/.local/lib/python3.7/site-packages/airflow/example_dags/example_dag_decorator.py
[2024-12-03T16:19:11.475+0000] {processor.py:756} INFO - Processing file /home/airflow/.local/lib/python3.7/site-packages/airflow/example_dags/example_dag_decorator.py for tasks to queue
[2024-12-03T16:19:11.477+0000] {logging_mixin.py:120} INFO - [2024-12-03T16:19:11.477+0000] {dagbag.py:537} INFO - Filling up the DagBag from /home/airflow/.local/lib/python3.7/site-packages/airflow/example_dags/example_dag_decorator.py
[2024-12-03T16:19:11.494+0000] {logging_mixin.py:120} INFO - [2024-12-03T16:19:11.494+0000] {taskmixin.py:205} WARNING - Dependency <Task(_PythonDecoratedOperator): prepare_email>, send_email already registered for DAG: example_dag_decorator
[2024-12-03T16:19:11.495+0000] {logging_mixin.py:120} INFO - [2024-12-03T16:19:11.495+0000] {taskmixin.py:205} WARNING - Dependency <Task(EmailOperator): send_email>, prepare_email already registered for DAG: example_dag_decorator
[2024-12-03T16:19:11.509+0000] {processor.py:766} INFO - DAG(s) dict_keys(['example_dag_decorator']) retrieved from /home/airflow/.local/lib/python3.7/site-packages/airflow/example_dags/example_dag_decorator.py
[2024-12-03T16:19:11.610+0000] {logging_mixin.py:120} INFO - [2024-12-03T16:19:11.610+0000] {dag.py:2585} INFO - Sync 1 DAGs
[2024-12-03T16:19:11.643+0000] {logging_mixin.py:120} INFO - [2024-12-03T16:19:11.642+0000] {dag.py:3340} INFO - Setting next_dagrun for example_dag_decorator to None, run_after=None
[2024-12-03T16:19:11.685+0000] {processor.py:176} INFO - Processing /home/airflow/.local/lib/python3.7/site-packages/airflow/example_dags/example_dag_decorator.py took 0.215 seconds
[2024-12-03T16:19:42.605+0000] {processor.py:154} INFO - Started process (PID=3126) to work on /home/airflow/.local/lib/python3.7/site-packages/airflow/example_dags/example_dag_decorator.py
[2024-12-03T16:19:42.607+0000] {processor.py:756} INFO - Processing file /home/airflow/.local/lib/python3.7/site-packages/airflow/example_dags/example_dag_decorator.py for tasks to queue
[2024-12-03T16:19:42.609+0000] {logging_mixin.py:120} INFO - [2024-12-03T16:19:42.608+0000] {dagbag.py:537} INFO - Filling up the DagBag from /home/airflow/.local/lib/python3.7/site-packages/airflow/example_dags/example_dag_decorator.py
[2024-12-03T16:19:42.666+0000] {logging_mixin.py:120} INFO - [2024-12-03T16:19:42.666+0000] {taskmixin.py:205} WARNING - Dependency <Task(_PythonDecoratedOperator): prepare_email>, send_email already registered for DAG: example_dag_decorator
[2024-12-03T16:19:42.669+0000] {logging_mixin.py:120} INFO - [2024-12-03T16:19:42.668+0000] {taskmixin.py:205} WARNING - Dependency <Task(EmailOperator): send_email>, prepare_email already registered for DAG: example_dag_decorator
[2024-12-03T16:19:42.716+0000] {processor.py:766} INFO - DAG(s) dict_keys(['example_dag_decorator']) retrieved from /home/airflow/.local/lib/python3.7/site-packages/airflow/example_dags/example_dag_decorator.py
[2024-12-03T16:19:43.287+0000] {logging_mixin.py:120} INFO - [2024-12-03T16:19:43.286+0000] {dag.py:2585} INFO - Sync 1 DAGs
[2024-12-03T16:19:43.420+0000] {logging_mixin.py:120} INFO - [2024-12-03T16:19:43.417+0000] {dag.py:3340} INFO - Setting next_dagrun for example_dag_decorator to None, run_after=None
[2024-12-03T16:19:43.503+0000] {processor.py:176} INFO - Processing /home/airflow/.local/lib/python3.7/site-packages/airflow/example_dags/example_dag_decorator.py took 0.917 seconds
[2024-12-03T16:20:13.867+0000] {processor.py:154} INFO - Started process (PID=3185) to work on /home/airflow/.local/lib/python3.7/site-packages/airflow/example_dags/example_dag_decorator.py
[2024-12-03T16:20:13.869+0000] {processor.py:756} INFO - Processing file /home/airflow/.local/lib/python3.7/site-packages/airflow/example_dags/example_dag_decorator.py for tasks to queue
[2024-12-03T16:20:13.870+0000] {logging_mixin.py:120} INFO - [2024-12-03T16:20:13.870+0000] {dagbag.py:537} INFO - Filling up the DagBag from /home/airflow/.local/lib/python3.7/site-packages/airflow/example_dags/example_dag_decorator.py
[2024-12-03T16:20:13.894+0000] {logging_mixin.py:120} INFO - [2024-12-03T16:20:13.893+0000] {taskmixin.py:205} WARNING - Dependency <Task(_PythonDecoratedOperator): prepare_email>, send_email already registered for DAG: example_dag_decorator
[2024-12-03T16:20:13.894+0000] {logging_mixin.py:120} INFO - [2024-12-03T16:20:13.894+0000] {taskmixin.py:205} WARNING - Dependency <Task(EmailOperator): send_email>, prepare_email already registered for DAG: example_dag_decorator
[2024-12-03T16:20:13.921+0000] {processor.py:766} INFO - DAG(s) dict_keys(['example_dag_decorator']) retrieved from /home/airflow/.local/lib/python3.7/site-packages/airflow/example_dags/example_dag_decorator.py
[2024-12-03T16:20:14.062+0000] {logging_mixin.py:120} INFO - [2024-12-03T16:20:14.061+0000] {dag.py:2585} INFO - Sync 1 DAGs
[2024-12-03T16:20:14.097+0000] {logging_mixin.py:120} INFO - [2024-12-03T16:20:14.097+0000] {dag.py:3340} INFO - Setting next_dagrun for example_dag_decorator to None, run_after=None
[2024-12-03T16:20:14.133+0000] {processor.py:176} INFO - Processing /home/airflow/.local/lib/python3.7/site-packages/airflow/example_dags/example_dag_decorator.py took 0.270 seconds
[2024-12-03T16:20:44.213+0000] {processor.py:154} INFO - Started process (PID=3249) to work on /home/airflow/.local/lib/python3.7/site-packages/airflow/example_dags/example_dag_decorator.py
[2024-12-03T16:20:44.215+0000] {processor.py:756} INFO - Processing file /home/airflow/.local/lib/python3.7/site-packages/airflow/example_dags/example_dag_decorator.py for tasks to queue
[2024-12-03T16:20:44.217+0000] {logging_mixin.py:120} INFO - [2024-12-03T16:20:44.217+0000] {dagbag.py:537} INFO - Filling up the DagBag from /home/airflow/.local/lib/python3.7/site-packages/airflow/example_dags/example_dag_decorator.py
[2024-12-03T16:20:44.252+0000] {logging_mixin.py:120} INFO - [2024-12-03T16:20:44.252+0000] {taskmixin.py:205} WARNING - Dependency <Task(_PythonDecoratedOperator): prepare_email>, send_email already registered for DAG: example_dag_decorator
[2024-12-03T16:20:44.254+0000] {logging_mixin.py:120} INFO - [2024-12-03T16:20:44.253+0000] {taskmixin.py:205} WARNING - Dependency <Task(EmailOperator): send_email>, prepare_email already registered for DAG: example_dag_decorator
[2024-12-03T16:20:44.288+0000] {processor.py:766} INFO - DAG(s) dict_keys(['example_dag_decorator']) retrieved from /home/airflow/.local/lib/python3.7/site-packages/airflow/example_dags/example_dag_decorator.py
[2024-12-03T16:20:44.467+0000] {logging_mixin.py:120} INFO - [2024-12-03T16:20:44.466+0000] {dag.py:2585} INFO - Sync 1 DAGs
[2024-12-03T16:20:44.503+0000] {logging_mixin.py:120} INFO - [2024-12-03T16:20:44.503+0000] {dag.py:3340} INFO - Setting next_dagrun for example_dag_decorator to None, run_after=None
[2024-12-03T16:20:44.555+0000] {processor.py:176} INFO - Processing /home/airflow/.local/lib/python3.7/site-packages/airflow/example_dags/example_dag_decorator.py took 0.346 seconds
[2024-12-03T16:21:14.781+0000] {processor.py:154} INFO - Started process (PID=3304) to work on /home/airflow/.local/lib/python3.7/site-packages/airflow/example_dags/example_dag_decorator.py
[2024-12-03T16:21:14.783+0000] {processor.py:756} INFO - Processing file /home/airflow/.local/lib/python3.7/site-packages/airflow/example_dags/example_dag_decorator.py for tasks to queue
[2024-12-03T16:21:14.785+0000] {logging_mixin.py:120} INFO - [2024-12-03T16:21:14.784+0000] {dagbag.py:537} INFO - Filling up the DagBag from /home/airflow/.local/lib/python3.7/site-packages/airflow/example_dags/example_dag_decorator.py
[2024-12-03T16:21:14.808+0000] {logging_mixin.py:120} INFO - [2024-12-03T16:21:14.808+0000] {taskmixin.py:205} WARNING - Dependency <Task(_PythonDecoratedOperator): prepare_email>, send_email already registered for DAG: example_dag_decorator
[2024-12-03T16:21:14.809+0000] {logging_mixin.py:120} INFO - [2024-12-03T16:21:14.809+0000] {taskmixin.py:205} WARNING - Dependency <Task(EmailOperator): send_email>, prepare_email already registered for DAG: example_dag_decorator
[2024-12-03T16:21:14.828+0000] {processor.py:766} INFO - DAG(s) dict_keys(['example_dag_decorator']) retrieved from /home/airflow/.local/lib/python3.7/site-packages/airflow/example_dags/example_dag_decorator.py
[2024-12-03T16:21:14.960+0000] {logging_mixin.py:120} INFO - [2024-12-03T16:21:14.959+0000] {dag.py:2585} INFO - Sync 1 DAGs
[2024-12-03T16:21:14.991+0000] {logging_mixin.py:120} INFO - [2024-12-03T16:21:14.991+0000] {dag.py:3340} INFO - Setting next_dagrun for example_dag_decorator to None, run_after=None
[2024-12-03T16:21:15.036+0000] {processor.py:176} INFO - Processing /home/airflow/.local/lib/python3.7/site-packages/airflow/example_dags/example_dag_decorator.py took 0.258 seconds
[2024-12-03T16:21:45.154+0000] {processor.py:154} INFO - Started process (PID=3368) to work on /home/airflow/.local/lib/python3.7/site-packages/airflow/example_dags/example_dag_decorator.py
[2024-12-03T16:21:45.156+0000] {processor.py:756} INFO - Processing file /home/airflow/.local/lib/python3.7/site-packages/airflow/example_dags/example_dag_decorator.py for tasks to queue
[2024-12-03T16:21:45.158+0000] {logging_mixin.py:120} INFO - [2024-12-03T16:21:45.157+0000] {dagbag.py:537} INFO - Filling up the DagBag from /home/airflow/.local/lib/python3.7/site-packages/airflow/example_dags/example_dag_decorator.py
[2024-12-03T16:21:45.176+0000] {logging_mixin.py:120} INFO - [2024-12-03T16:21:45.176+0000] {taskmixin.py:205} WARNING - Dependency <Task(_PythonDecoratedOperator): prepare_email>, send_email already registered for DAG: example_dag_decorator
[2024-12-03T16:21:45.177+0000] {logging_mixin.py:120} INFO - [2024-12-03T16:21:45.177+0000] {taskmixin.py:205} WARNING - Dependency <Task(EmailOperator): send_email>, prepare_email already registered for DAG: example_dag_decorator
[2024-12-03T16:21:45.194+0000] {processor.py:766} INFO - DAG(s) dict_keys(['example_dag_decorator']) retrieved from /home/airflow/.local/lib/python3.7/site-packages/airflow/example_dags/example_dag_decorator.py
[2024-12-03T16:21:45.305+0000] {logging_mixin.py:120} INFO - [2024-12-03T16:21:45.304+0000] {dag.py:2585} INFO - Sync 1 DAGs
[2024-12-03T16:21:45.341+0000] {logging_mixin.py:120} INFO - [2024-12-03T16:21:45.340+0000] {dag.py:3340} INFO - Setting next_dagrun for example_dag_decorator to None, run_after=None
[2024-12-03T16:21:45.374+0000] {processor.py:176} INFO - Processing /home/airflow/.local/lib/python3.7/site-packages/airflow/example_dags/example_dag_decorator.py took 0.224 seconds
[2024-12-03T16:22:15.671+0000] {processor.py:154} INFO - Started process (PID=3429) to work on /home/airflow/.local/lib/python3.7/site-packages/airflow/example_dags/example_dag_decorator.py
[2024-12-03T16:22:15.672+0000] {processor.py:756} INFO - Processing file /home/airflow/.local/lib/python3.7/site-packages/airflow/example_dags/example_dag_decorator.py for tasks to queue
[2024-12-03T16:22:15.674+0000] {logging_mixin.py:120} INFO - [2024-12-03T16:22:15.674+0000] {dagbag.py:537} INFO - Filling up the DagBag from /home/airflow/.local/lib/python3.7/site-packages/airflow/example_dags/example_dag_decorator.py
[2024-12-03T16:22:15.695+0000] {logging_mixin.py:120} INFO - [2024-12-03T16:22:15.695+0000] {taskmixin.py:205} WARNING - Dependency <Task(_PythonDecoratedOperator): prepare_email>, send_email already registered for DAG: example_dag_decorator
[2024-12-03T16:22:15.696+0000] {logging_mixin.py:120} INFO - [2024-12-03T16:22:15.696+0000] {taskmixin.py:205} WARNING - Dependency <Task(EmailOperator): send_email>, prepare_email already registered for DAG: example_dag_decorator
[2024-12-03T16:22:15.720+0000] {processor.py:766} INFO - DAG(s) dict_keys(['example_dag_decorator']) retrieved from /home/airflow/.local/lib/python3.7/site-packages/airflow/example_dags/example_dag_decorator.py
[2024-12-03T16:22:15.908+0000] {logging_mixin.py:120} INFO - [2024-12-03T16:22:15.907+0000] {dag.py:2585} INFO - Sync 1 DAGs
[2024-12-03T16:22:15.940+0000] {logging_mixin.py:120} INFO - [2024-12-03T16:22:15.940+0000] {dag.py:3340} INFO - Setting next_dagrun for example_dag_decorator to None, run_after=None
[2024-12-03T16:22:15.974+0000] {processor.py:176} INFO - Processing /home/airflow/.local/lib/python3.7/site-packages/airflow/example_dags/example_dag_decorator.py took 0.307 seconds
[2024-12-03T16:22:46.299+0000] {processor.py:154} INFO - Started process (PID=3486) to work on /home/airflow/.local/lib/python3.7/site-packages/airflow/example_dags/example_dag_decorator.py
[2024-12-03T16:22:46.301+0000] {processor.py:756} INFO - Processing file /home/airflow/.local/lib/python3.7/site-packages/airflow/example_dags/example_dag_decorator.py for tasks to queue
[2024-12-03T16:22:46.302+0000] {logging_mixin.py:120} INFO - [2024-12-03T16:22:46.301+0000] {dagbag.py:537} INFO - Filling up the DagBag from /home/airflow/.local/lib/python3.7/site-packages/airflow/example_dags/example_dag_decorator.py
[2024-12-03T16:22:46.319+0000] {logging_mixin.py:120} INFO - [2024-12-03T16:22:46.319+0000] {taskmixin.py:205} WARNING - Dependency <Task(_PythonDecoratedOperator): prepare_email>, send_email already registered for DAG: example_dag_decorator
[2024-12-03T16:22:46.320+0000] {logging_mixin.py:120} INFO - [2024-12-03T16:22:46.320+0000] {taskmixin.py:205} WARNING - Dependency <Task(EmailOperator): send_email>, prepare_email already registered for DAG: example_dag_decorator
[2024-12-03T16:22:46.333+0000] {processor.py:766} INFO - DAG(s) dict_keys(['example_dag_decorator']) retrieved from /home/airflow/.local/lib/python3.7/site-packages/airflow/example_dags/example_dag_decorator.py
[2024-12-03T16:22:46.437+0000] {logging_mixin.py:120} INFO - [2024-12-03T16:22:46.437+0000] {dag.py:2585} INFO - Sync 1 DAGs
[2024-12-03T16:22:46.469+0000] {logging_mixin.py:120} INFO - [2024-12-03T16:22:46.469+0000] {dag.py:3340} INFO - Setting next_dagrun for example_dag_decorator to None, run_after=None
[2024-12-03T16:22:46.502+0000] {processor.py:176} INFO - Processing /home/airflow/.local/lib/python3.7/site-packages/airflow/example_dags/example_dag_decorator.py took 0.206 seconds
[2024-12-03T16:23:17.332+0000] {processor.py:154} INFO - Started process (PID=3550) to work on /home/airflow/.local/lib/python3.7/site-packages/airflow/example_dags/example_dag_decorator.py
[2024-12-03T16:23:17.334+0000] {processor.py:756} INFO - Processing file /home/airflow/.local/lib/python3.7/site-packages/airflow/example_dags/example_dag_decorator.py for tasks to queue
[2024-12-03T16:23:17.335+0000] {logging_mixin.py:120} INFO - [2024-12-03T16:23:17.335+0000] {dagbag.py:537} INFO - Filling up the DagBag from /home/airflow/.local/lib/python3.7/site-packages/airflow/example_dags/example_dag_decorator.py
[2024-12-03T16:23:17.352+0000] {logging_mixin.py:120} INFO - [2024-12-03T16:23:17.352+0000] {taskmixin.py:205} WARNING - Dependency <Task(_PythonDecoratedOperator): prepare_email>, send_email already registered for DAG: example_dag_decorator
[2024-12-03T16:23:17.353+0000] {logging_mixin.py:120} INFO - [2024-12-03T16:23:17.353+0000] {taskmixin.py:205} WARNING - Dependency <Task(EmailOperator): send_email>, prepare_email already registered for DAG: example_dag_decorator
[2024-12-03T16:23:17.371+0000] {processor.py:766} INFO - DAG(s) dict_keys(['example_dag_decorator']) retrieved from /home/airflow/.local/lib/python3.7/site-packages/airflow/example_dags/example_dag_decorator.py
[2024-12-03T16:23:17.491+0000] {logging_mixin.py:120} INFO - [2024-12-03T16:23:17.491+0000] {dag.py:2585} INFO - Sync 1 DAGs
[2024-12-03T16:23:17.526+0000] {logging_mixin.py:120} INFO - [2024-12-03T16:23:17.526+0000] {dag.py:3340} INFO - Setting next_dagrun for example_dag_decorator to None, run_after=None
[2024-12-03T16:23:17.576+0000] {processor.py:176} INFO - Processing /home/airflow/.local/lib/python3.7/site-packages/airflow/example_dags/example_dag_decorator.py took 0.247 seconds
[2024-12-03T16:23:48.267+0000] {processor.py:154} INFO - Started process (PID=3605) to work on /home/airflow/.local/lib/python3.7/site-packages/airflow/example_dags/example_dag_decorator.py
[2024-12-03T16:23:48.269+0000] {processor.py:756} INFO - Processing file /home/airflow/.local/lib/python3.7/site-packages/airflow/example_dags/example_dag_decorator.py for tasks to queue
[2024-12-03T16:23:48.271+0000] {logging_mixin.py:120} INFO - [2024-12-03T16:23:48.271+0000] {dagbag.py:537} INFO - Filling up the DagBag from /home/airflow/.local/lib/python3.7/site-packages/airflow/example_dags/example_dag_decorator.py
[2024-12-03T16:23:48.290+0000] {logging_mixin.py:120} INFO - [2024-12-03T16:23:48.290+0000] {taskmixin.py:205} WARNING - Dependency <Task(_PythonDecoratedOperator): prepare_email>, send_email already registered for DAG: example_dag_decorator
[2024-12-03T16:23:48.291+0000] {logging_mixin.py:120} INFO - [2024-12-03T16:23:48.291+0000] {taskmixin.py:205} WARNING - Dependency <Task(EmailOperator): send_email>, prepare_email already registered for DAG: example_dag_decorator
[2024-12-03T16:23:48.306+0000] {processor.py:766} INFO - DAG(s) dict_keys(['example_dag_decorator']) retrieved from /home/airflow/.local/lib/python3.7/site-packages/airflow/example_dags/example_dag_decorator.py
[2024-12-03T16:23:48.400+0000] {logging_mixin.py:120} INFO - [2024-12-03T16:23:48.399+0000] {dag.py:2585} INFO - Sync 1 DAGs
[2024-12-03T16:23:48.429+0000] {logging_mixin.py:120} INFO - [2024-12-03T16:23:48.429+0000] {dag.py:3340} INFO - Setting next_dagrun for example_dag_decorator to None, run_after=None
[2024-12-03T16:23:48.465+0000] {processor.py:176} INFO - Processing /home/airflow/.local/lib/python3.7/site-packages/airflow/example_dags/example_dag_decorator.py took 0.201 seconds
[2024-12-03T16:24:19.044+0000] {processor.py:154} INFO - Started process (PID=3669) to work on /home/airflow/.local/lib/python3.7/site-packages/airflow/example_dags/example_dag_decorator.py
[2024-12-03T16:24:19.046+0000] {processor.py:756} INFO - Processing file /home/airflow/.local/lib/python3.7/site-packages/airflow/example_dags/example_dag_decorator.py for tasks to queue
[2024-12-03T16:24:19.047+0000] {logging_mixin.py:120} INFO - [2024-12-03T16:24:19.047+0000] {dagbag.py:537} INFO - Filling up the DagBag from /home/airflow/.local/lib/python3.7/site-packages/airflow/example_dags/example_dag_decorator.py
[2024-12-03T16:24:19.072+0000] {logging_mixin.py:120} INFO - [2024-12-03T16:24:19.072+0000] {taskmixin.py:205} WARNING - Dependency <Task(_PythonDecoratedOperator): prepare_email>, send_email already registered for DAG: example_dag_decorator
[2024-12-03T16:24:19.073+0000] {logging_mixin.py:120} INFO - [2024-12-03T16:24:19.073+0000] {taskmixin.py:205} WARNING - Dependency <Task(EmailOperator): send_email>, prepare_email already registered for DAG: example_dag_decorator
[2024-12-03T16:24:19.092+0000] {processor.py:766} INFO - DAG(s) dict_keys(['example_dag_decorator']) retrieved from /home/airflow/.local/lib/python3.7/site-packages/airflow/example_dags/example_dag_decorator.py
[2024-12-03T16:24:19.209+0000] {logging_mixin.py:120} INFO - [2024-12-03T16:24:19.209+0000] {dag.py:2585} INFO - Sync 1 DAGs
[2024-12-03T16:24:19.240+0000] {logging_mixin.py:120} INFO - [2024-12-03T16:24:19.240+0000] {dag.py:3340} INFO - Setting next_dagrun for example_dag_decorator to None, run_after=None
[2024-12-03T16:24:19.276+0000] {processor.py:176} INFO - Processing /home/airflow/.local/lib/python3.7/site-packages/airflow/example_dags/example_dag_decorator.py took 0.238 seconds
[2024-12-03T16:24:50.061+0000] {processor.py:154} INFO - Started process (PID=3737) to work on /home/airflow/.local/lib/python3.7/site-packages/airflow/example_dags/example_dag_decorator.py
[2024-12-03T16:24:50.064+0000] {processor.py:756} INFO - Processing file /home/airflow/.local/lib/python3.7/site-packages/airflow/example_dags/example_dag_decorator.py for tasks to queue
[2024-12-03T16:24:50.068+0000] {logging_mixin.py:120} INFO - [2024-12-03T16:24:50.067+0000] {dagbag.py:537} INFO - Filling up the DagBag from /home/airflow/.local/lib/python3.7/site-packages/airflow/example_dags/example_dag_decorator.py
[2024-12-03T16:24:50.162+0000] {logging_mixin.py:120} INFO - [2024-12-03T16:24:50.161+0000] {taskmixin.py:205} WARNING - Dependency <Task(_PythonDecoratedOperator): prepare_email>, send_email already registered for DAG: example_dag_decorator
[2024-12-03T16:24:50.173+0000] {logging_mixin.py:120} INFO - [2024-12-03T16:24:50.172+0000] {taskmixin.py:205} WARNING - Dependency <Task(EmailOperator): send_email>, prepare_email already registered for DAG: example_dag_decorator
[2024-12-03T16:24:50.221+0000] {processor.py:766} INFO - DAG(s) dict_keys(['example_dag_decorator']) retrieved from /home/airflow/.local/lib/python3.7/site-packages/airflow/example_dags/example_dag_decorator.py
[2024-12-03T16:24:50.661+0000] {logging_mixin.py:120} INFO - [2024-12-03T16:24:50.661+0000] {dag.py:2585} INFO - Sync 1 DAGs
[2024-12-03T16:24:50.747+0000] {logging_mixin.py:120} INFO - [2024-12-03T16:24:50.746+0000] {dag.py:3340} INFO - Setting next_dagrun for example_dag_decorator to None, run_after=None
[2024-12-03T16:24:50.840+0000] {processor.py:176} INFO - Processing /home/airflow/.local/lib/python3.7/site-packages/airflow/example_dags/example_dag_decorator.py took 0.790 seconds
[2024-12-03T16:25:21.017+0000] {processor.py:154} INFO - Started process (PID=3813) to work on /home/airflow/.local/lib/python3.7/site-packages/airflow/example_dags/example_dag_decorator.py
[2024-12-03T16:25:21.020+0000] {processor.py:756} INFO - Processing file /home/airflow/.local/lib/python3.7/site-packages/airflow/example_dags/example_dag_decorator.py for tasks to queue
[2024-12-03T16:25:21.022+0000] {logging_mixin.py:120} INFO - [2024-12-03T16:25:21.022+0000] {dagbag.py:537} INFO - Filling up the DagBag from /home/airflow/.local/lib/python3.7/site-packages/airflow/example_dags/example_dag_decorator.py
[2024-12-03T16:25:21.041+0000] {logging_mixin.py:120} INFO - [2024-12-03T16:25:21.041+0000] {taskmixin.py:205} WARNING - Dependency <Task(_PythonDecoratedOperator): prepare_email>, send_email already registered for DAG: example_dag_decorator
[2024-12-03T16:25:21.042+0000] {logging_mixin.py:120} INFO - [2024-12-03T16:25:21.042+0000] {taskmixin.py:205} WARNING - Dependency <Task(EmailOperator): send_email>, prepare_email already registered for DAG: example_dag_decorator
[2024-12-03T16:25:21.063+0000] {processor.py:766} INFO - DAG(s) dict_keys(['example_dag_decorator']) retrieved from /home/airflow/.local/lib/python3.7/site-packages/airflow/example_dags/example_dag_decorator.py
[2024-12-03T16:25:21.189+0000] {logging_mixin.py:120} INFO - [2024-12-03T16:25:21.188+0000] {dag.py:2585} INFO - Sync 1 DAGs
[2024-12-03T16:25:21.230+0000] {logging_mixin.py:120} INFO - [2024-12-03T16:25:21.230+0000] {dag.py:3340} INFO - Setting next_dagrun for example_dag_decorator to None, run_after=None
[2024-12-03T16:25:21.410+0000] {processor.py:176} INFO - Processing /home/airflow/.local/lib/python3.7/site-packages/airflow/example_dags/example_dag_decorator.py took 0.403 seconds
[2024-12-03T16:25:52.285+0000] {processor.py:154} INFO - Started process (PID=3878) to work on /home/airflow/.local/lib/python3.7/site-packages/airflow/example_dags/example_dag_decorator.py
[2024-12-03T16:25:52.286+0000] {processor.py:756} INFO - Processing file /home/airflow/.local/lib/python3.7/site-packages/airflow/example_dags/example_dag_decorator.py for tasks to queue
[2024-12-03T16:25:52.289+0000] {logging_mixin.py:120} INFO - [2024-12-03T16:25:52.289+0000] {dagbag.py:537} INFO - Filling up the DagBag from /home/airflow/.local/lib/python3.7/site-packages/airflow/example_dags/example_dag_decorator.py
[2024-12-03T16:25:52.309+0000] {logging_mixin.py:120} INFO - [2024-12-03T16:25:52.308+0000] {taskmixin.py:205} WARNING - Dependency <Task(_PythonDecoratedOperator): prepare_email>, send_email already registered for DAG: example_dag_decorator
[2024-12-03T16:25:52.310+0000] {logging_mixin.py:120} INFO - [2024-12-03T16:25:52.310+0000] {taskmixin.py:205} WARNING - Dependency <Task(EmailOperator): send_email>, prepare_email already registered for DAG: example_dag_decorator
[2024-12-03T16:25:52.329+0000] {processor.py:766} INFO - DAG(s) dict_keys(['example_dag_decorator']) retrieved from /home/airflow/.local/lib/python3.7/site-packages/airflow/example_dags/example_dag_decorator.py
[2024-12-03T16:25:52.478+0000] {logging_mixin.py:120} INFO - [2024-12-03T16:25:52.478+0000] {dag.py:2585} INFO - Sync 1 DAGs
[2024-12-03T16:25:52.520+0000] {logging_mixin.py:120} INFO - [2024-12-03T16:25:52.520+0000] {dag.py:3340} INFO - Setting next_dagrun for example_dag_decorator to None, run_after=None
[2024-12-03T16:25:52.576+0000] {processor.py:176} INFO - Processing /home/airflow/.local/lib/python3.7/site-packages/airflow/example_dags/example_dag_decorator.py took 0.294 seconds
[2024-12-03T16:26:22.837+0000] {processor.py:154} INFO - Started process (PID=3933) to work on /home/airflow/.local/lib/python3.7/site-packages/airflow/example_dags/example_dag_decorator.py
[2024-12-03T16:26:22.838+0000] {processor.py:756} INFO - Processing file /home/airflow/.local/lib/python3.7/site-packages/airflow/example_dags/example_dag_decorator.py for tasks to queue
[2024-12-03T16:26:22.840+0000] {logging_mixin.py:120} INFO - [2024-12-03T16:26:22.840+0000] {dagbag.py:537} INFO - Filling up the DagBag from /home/airflow/.local/lib/python3.7/site-packages/airflow/example_dags/example_dag_decorator.py
[2024-12-03T16:26:22.860+0000] {logging_mixin.py:120} INFO - [2024-12-03T16:26:22.859+0000] {taskmixin.py:205} WARNING - Dependency <Task(_PythonDecoratedOperator): prepare_email>, send_email already registered for DAG: example_dag_decorator
[2024-12-03T16:26:22.861+0000] {logging_mixin.py:120} INFO - [2024-12-03T16:26:22.860+0000] {taskmixin.py:205} WARNING - Dependency <Task(EmailOperator): send_email>, prepare_email already registered for DAG: example_dag_decorator
[2024-12-03T16:26:22.883+0000] {processor.py:766} INFO - DAG(s) dict_keys(['example_dag_decorator']) retrieved from /home/airflow/.local/lib/python3.7/site-packages/airflow/example_dags/example_dag_decorator.py
[2024-12-03T16:26:22.992+0000] {logging_mixin.py:120} INFO - [2024-12-03T16:26:22.992+0000] {dag.py:2585} INFO - Sync 1 DAGs
[2024-12-03T16:26:23.023+0000] {logging_mixin.py:120} INFO - [2024-12-03T16:26:23.022+0000] {dag.py:3340} INFO - Setting next_dagrun for example_dag_decorator to None, run_after=None
[2024-12-03T16:26:23.056+0000] {processor.py:176} INFO - Processing /home/airflow/.local/lib/python3.7/site-packages/airflow/example_dags/example_dag_decorator.py took 0.223 seconds
[2024-12-03T16:26:54.160+0000] {processor.py:154} INFO - Started process (PID=3997) to work on /home/airflow/.local/lib/python3.7/site-packages/airflow/example_dags/example_dag_decorator.py
[2024-12-03T16:26:54.162+0000] {processor.py:756} INFO - Processing file /home/airflow/.local/lib/python3.7/site-packages/airflow/example_dags/example_dag_decorator.py for tasks to queue
[2024-12-03T16:26:54.164+0000] {logging_mixin.py:120} INFO - [2024-12-03T16:26:54.163+0000] {dagbag.py:537} INFO - Filling up the DagBag from /home/airflow/.local/lib/python3.7/site-packages/airflow/example_dags/example_dag_decorator.py
[2024-12-03T16:26:54.180+0000] {logging_mixin.py:120} INFO - [2024-12-03T16:26:54.180+0000] {taskmixin.py:205} WARNING - Dependency <Task(_PythonDecoratedOperator): prepare_email>, send_email already registered for DAG: example_dag_decorator
[2024-12-03T16:26:54.181+0000] {logging_mixin.py:120} INFO - [2024-12-03T16:26:54.181+0000] {taskmixin.py:205} WARNING - Dependency <Task(EmailOperator): send_email>, prepare_email already registered for DAG: example_dag_decorator
[2024-12-03T16:26:54.194+0000] {processor.py:766} INFO - DAG(s) dict_keys(['example_dag_decorator']) retrieved from /home/airflow/.local/lib/python3.7/site-packages/airflow/example_dags/example_dag_decorator.py
[2024-12-03T16:26:54.301+0000] {logging_mixin.py:120} INFO - [2024-12-03T16:26:54.301+0000] {dag.py:2585} INFO - Sync 1 DAGs
[2024-12-03T16:26:54.330+0000] {logging_mixin.py:120} INFO - [2024-12-03T16:26:54.330+0000] {dag.py:3340} INFO - Setting next_dagrun for example_dag_decorator to None, run_after=None
[2024-12-03T16:26:54.365+0000] {processor.py:176} INFO - Processing /home/airflow/.local/lib/python3.7/site-packages/airflow/example_dags/example_dag_decorator.py took 0.208 seconds
[2024-12-03T16:27:25.197+0000] {processor.py:154} INFO - Started process (PID=4052) to work on /home/airflow/.local/lib/python3.7/site-packages/airflow/example_dags/example_dag_decorator.py
[2024-12-03T16:27:25.199+0000] {processor.py:756} INFO - Processing file /home/airflow/.local/lib/python3.7/site-packages/airflow/example_dags/example_dag_decorator.py for tasks to queue
[2024-12-03T16:27:25.201+0000] {logging_mixin.py:120} INFO - [2024-12-03T16:27:25.201+0000] {dagbag.py:537} INFO - Filling up the DagBag from /home/airflow/.local/lib/python3.7/site-packages/airflow/example_dags/example_dag_decorator.py
[2024-12-03T16:27:25.229+0000] {logging_mixin.py:120} INFO - [2024-12-03T16:27:25.229+0000] {taskmixin.py:205} WARNING - Dependency <Task(_PythonDecoratedOperator): prepare_email>, send_email already registered for DAG: example_dag_decorator
[2024-12-03T16:27:25.230+0000] {logging_mixin.py:120} INFO - [2024-12-03T16:27:25.230+0000] {taskmixin.py:205} WARNING - Dependency <Task(EmailOperator): send_email>, prepare_email already registered for DAG: example_dag_decorator
[2024-12-03T16:27:25.254+0000] {processor.py:766} INFO - DAG(s) dict_keys(['example_dag_decorator']) retrieved from /home/airflow/.local/lib/python3.7/site-packages/airflow/example_dags/example_dag_decorator.py
[2024-12-03T16:27:25.394+0000] {logging_mixin.py:120} INFO - [2024-12-03T16:27:25.394+0000] {dag.py:2585} INFO - Sync 1 DAGs
[2024-12-03T16:27:25.429+0000] {logging_mixin.py:120} INFO - [2024-12-03T16:27:25.428+0000] {dag.py:3340} INFO - Setting next_dagrun for example_dag_decorator to None, run_after=None
[2024-12-03T16:27:25.494+0000] {processor.py:176} INFO - Processing /home/airflow/.local/lib/python3.7/site-packages/airflow/example_dags/example_dag_decorator.py took 0.303 seconds
[2024-12-03T16:27:56.467+0000] {processor.py:154} INFO - Started process (PID=4116) to work on /home/airflow/.local/lib/python3.7/site-packages/airflow/example_dags/example_dag_decorator.py
[2024-12-03T16:27:56.469+0000] {processor.py:756} INFO - Processing file /home/airflow/.local/lib/python3.7/site-packages/airflow/example_dags/example_dag_decorator.py for tasks to queue
[2024-12-03T16:27:56.471+0000] {logging_mixin.py:120} INFO - [2024-12-03T16:27:56.471+0000] {dagbag.py:537} INFO - Filling up the DagBag from /home/airflow/.local/lib/python3.7/site-packages/airflow/example_dags/example_dag_decorator.py
[2024-12-03T16:27:56.501+0000] {logging_mixin.py:120} INFO - [2024-12-03T16:27:56.500+0000] {taskmixin.py:205} WARNING - Dependency <Task(_PythonDecoratedOperator): prepare_email>, send_email already registered for DAG: example_dag_decorator
[2024-12-03T16:27:56.502+0000] {logging_mixin.py:120} INFO - [2024-12-03T16:27:56.501+0000] {taskmixin.py:205} WARNING - Dependency <Task(EmailOperator): send_email>, prepare_email already registered for DAG: example_dag_decorator
[2024-12-03T16:27:56.520+0000] {processor.py:766} INFO - DAG(s) dict_keys(['example_dag_decorator']) retrieved from /home/airflow/.local/lib/python3.7/site-packages/airflow/example_dags/example_dag_decorator.py
[2024-12-03T16:27:56.644+0000] {logging_mixin.py:120} INFO - [2024-12-03T16:27:56.644+0000] {dag.py:2585} INFO - Sync 1 DAGs
[2024-12-03T16:27:56.687+0000] {logging_mixin.py:120} INFO - [2024-12-03T16:27:56.686+0000] {dag.py:3340} INFO - Setting next_dagrun for example_dag_decorator to None, run_after=None
[2024-12-03T16:27:56.731+0000] {processor.py:176} INFO - Processing /home/airflow/.local/lib/python3.7/site-packages/airflow/example_dags/example_dag_decorator.py took 0.272 seconds
[2024-12-03T16:28:27.039+0000] {processor.py:154} INFO - Started process (PID=4171) to work on /home/airflow/.local/lib/python3.7/site-packages/airflow/example_dags/example_dag_decorator.py
[2024-12-03T16:28:27.041+0000] {processor.py:756} INFO - Processing file /home/airflow/.local/lib/python3.7/site-packages/airflow/example_dags/example_dag_decorator.py for tasks to queue
[2024-12-03T16:28:27.043+0000] {logging_mixin.py:120} INFO - [2024-12-03T16:28:27.043+0000] {dagbag.py:537} INFO - Filling up the DagBag from /home/airflow/.local/lib/python3.7/site-packages/airflow/example_dags/example_dag_decorator.py
[2024-12-03T16:28:27.066+0000] {logging_mixin.py:120} INFO - [2024-12-03T16:28:27.066+0000] {taskmixin.py:205} WARNING - Dependency <Task(_PythonDecoratedOperator): prepare_email>, send_email already registered for DAG: example_dag_decorator
[2024-12-03T16:28:27.068+0000] {logging_mixin.py:120} INFO - [2024-12-03T16:28:27.067+0000] {taskmixin.py:205} WARNING - Dependency <Task(EmailOperator): send_email>, prepare_email already registered for DAG: example_dag_decorator
[2024-12-03T16:28:27.089+0000] {processor.py:766} INFO - DAG(s) dict_keys(['example_dag_decorator']) retrieved from /home/airflow/.local/lib/python3.7/site-packages/airflow/example_dags/example_dag_decorator.py
[2024-12-03T16:28:27.208+0000] {logging_mixin.py:120} INFO - [2024-12-03T16:28:27.208+0000] {dag.py:2585} INFO - Sync 1 DAGs
[2024-12-03T16:28:27.246+0000] {logging_mixin.py:120} INFO - [2024-12-03T16:28:27.246+0000] {dag.py:3340} INFO - Setting next_dagrun for example_dag_decorator to None, run_after=None
[2024-12-03T16:28:27.291+0000] {processor.py:176} INFO - Processing /home/airflow/.local/lib/python3.7/site-packages/airflow/example_dags/example_dag_decorator.py took 0.256 seconds
[2024-12-03T16:28:57.877+0000] {processor.py:154} INFO - Started process (PID=4235) to work on /home/airflow/.local/lib/python3.7/site-packages/airflow/example_dags/example_dag_decorator.py
[2024-12-03T16:28:57.880+0000] {processor.py:756} INFO - Processing file /home/airflow/.local/lib/python3.7/site-packages/airflow/example_dags/example_dag_decorator.py for tasks to queue
[2024-12-03T16:28:57.883+0000] {logging_mixin.py:120} INFO - [2024-12-03T16:28:57.882+0000] {dagbag.py:537} INFO - Filling up the DagBag from /home/airflow/.local/lib/python3.7/site-packages/airflow/example_dags/example_dag_decorator.py
[2024-12-03T16:28:57.933+0000] {logging_mixin.py:120} INFO - [2024-12-03T16:28:57.933+0000] {taskmixin.py:205} WARNING - Dependency <Task(_PythonDecoratedOperator): prepare_email>, send_email already registered for DAG: example_dag_decorator
[2024-12-03T16:28:57.936+0000] {logging_mixin.py:120} INFO - [2024-12-03T16:28:57.936+0000] {taskmixin.py:205} WARNING - Dependency <Task(EmailOperator): send_email>, prepare_email already registered for DAG: example_dag_decorator
[2024-12-03T16:28:57.961+0000] {processor.py:766} INFO - DAG(s) dict_keys(['example_dag_decorator']) retrieved from /home/airflow/.local/lib/python3.7/site-packages/airflow/example_dags/example_dag_decorator.py
[2024-12-03T16:28:58.155+0000] {logging_mixin.py:120} INFO - [2024-12-03T16:28:58.154+0000] {dag.py:2585} INFO - Sync 1 DAGs
[2024-12-03T16:28:58.227+0000] {logging_mixin.py:120} INFO - [2024-12-03T16:28:58.227+0000] {dag.py:3340} INFO - Setting next_dagrun for example_dag_decorator to None, run_after=None
[2024-12-03T16:28:58.307+0000] {processor.py:176} INFO - Processing /home/airflow/.local/lib/python3.7/site-packages/airflow/example_dags/example_dag_decorator.py took 0.437 seconds
[2024-12-03T16:29:28.759+0000] {processor.py:154} INFO - Started process (PID=4296) to work on /home/airflow/.local/lib/python3.7/site-packages/airflow/example_dags/example_dag_decorator.py
[2024-12-03T16:29:28.761+0000] {processor.py:756} INFO - Processing file /home/airflow/.local/lib/python3.7/site-packages/airflow/example_dags/example_dag_decorator.py for tasks to queue
[2024-12-03T16:29:28.765+0000] {logging_mixin.py:120} INFO - [2024-12-03T16:29:28.764+0000] {dagbag.py:537} INFO - Filling up the DagBag from /home/airflow/.local/lib/python3.7/site-packages/airflow/example_dags/example_dag_decorator.py
[2024-12-03T16:29:28.798+0000] {logging_mixin.py:120} INFO - [2024-12-03T16:29:28.797+0000] {taskmixin.py:205} WARNING - Dependency <Task(_PythonDecoratedOperator): prepare_email>, send_email already registered for DAG: example_dag_decorator
[2024-12-03T16:29:28.799+0000] {logging_mixin.py:120} INFO - [2024-12-03T16:29:28.798+0000] {taskmixin.py:205} WARNING - Dependency <Task(EmailOperator): send_email>, prepare_email already registered for DAG: example_dag_decorator
[2024-12-03T16:29:28.817+0000] {processor.py:766} INFO - DAG(s) dict_keys(['example_dag_decorator']) retrieved from /home/airflow/.local/lib/python3.7/site-packages/airflow/example_dags/example_dag_decorator.py
[2024-12-03T16:29:28.996+0000] {logging_mixin.py:120} INFO - [2024-12-03T16:29:28.995+0000] {dag.py:2585} INFO - Sync 1 DAGs
[2024-12-03T16:29:29.054+0000] {logging_mixin.py:120} INFO - [2024-12-03T16:29:29.054+0000] {dag.py:3340} INFO - Setting next_dagrun for example_dag_decorator to None, run_after=None
[2024-12-03T16:29:29.111+0000] {processor.py:176} INFO - Processing /home/airflow/.local/lib/python3.7/site-packages/airflow/example_dags/example_dag_decorator.py took 0.358 seconds
[2024-12-03T16:29:59.294+0000] {processor.py:154} INFO - Started process (PID=4366) to work on /home/airflow/.local/lib/python3.7/site-packages/airflow/example_dags/example_dag_decorator.py
[2024-12-03T16:29:59.297+0000] {processor.py:756} INFO - Processing file /home/airflow/.local/lib/python3.7/site-packages/airflow/example_dags/example_dag_decorator.py for tasks to queue
[2024-12-03T16:29:59.300+0000] {logging_mixin.py:120} INFO - [2024-12-03T16:29:59.299+0000] {dagbag.py:537} INFO - Filling up the DagBag from /home/airflow/.local/lib/python3.7/site-packages/airflow/example_dags/example_dag_decorator.py
[2024-12-03T16:29:59.327+0000] {logging_mixin.py:120} INFO - [2024-12-03T16:29:59.327+0000] {taskmixin.py:205} WARNING - Dependency <Task(_PythonDecoratedOperator): prepare_email>, send_email already registered for DAG: example_dag_decorator
[2024-12-03T16:29:59.328+0000] {logging_mixin.py:120} INFO - [2024-12-03T16:29:59.328+0000] {taskmixin.py:205} WARNING - Dependency <Task(EmailOperator): send_email>, prepare_email already registered for DAG: example_dag_decorator
[2024-12-03T16:29:59.354+0000] {processor.py:766} INFO - DAG(s) dict_keys(['example_dag_decorator']) retrieved from /home/airflow/.local/lib/python3.7/site-packages/airflow/example_dags/example_dag_decorator.py
[2024-12-03T16:29:59.510+0000] {logging_mixin.py:120} INFO - [2024-12-03T16:29:59.510+0000] {dag.py:2585} INFO - Sync 1 DAGs
[2024-12-03T16:29:59.554+0000] {logging_mixin.py:120} INFO - [2024-12-03T16:29:59.554+0000] {dag.py:3340} INFO - Setting next_dagrun for example_dag_decorator to None, run_after=None
[2024-12-03T16:29:59.594+0000] {processor.py:176} INFO - Processing /home/airflow/.local/lib/python3.7/site-packages/airflow/example_dags/example_dag_decorator.py took 0.304 seconds
[2024-12-03T16:30:29.786+0000] {processor.py:154} INFO - Started process (PID=4429) to work on /home/airflow/.local/lib/python3.7/site-packages/airflow/example_dags/example_dag_decorator.py
[2024-12-03T16:30:29.787+0000] {processor.py:756} INFO - Processing file /home/airflow/.local/lib/python3.7/site-packages/airflow/example_dags/example_dag_decorator.py for tasks to queue
[2024-12-03T16:30:29.789+0000] {logging_mixin.py:120} INFO - [2024-12-03T16:30:29.788+0000] {dagbag.py:537} INFO - Filling up the DagBag from /home/airflow/.local/lib/python3.7/site-packages/airflow/example_dags/example_dag_decorator.py
[2024-12-03T16:30:29.815+0000] {logging_mixin.py:120} INFO - [2024-12-03T16:30:29.814+0000] {taskmixin.py:205} WARNING - Dependency <Task(_PythonDecoratedOperator): prepare_email>, send_email already registered for DAG: example_dag_decorator
[2024-12-03T16:30:29.816+0000] {logging_mixin.py:120} INFO - [2024-12-03T16:30:29.816+0000] {taskmixin.py:205} WARNING - Dependency <Task(EmailOperator): send_email>, prepare_email already registered for DAG: example_dag_decorator
[2024-12-03T16:30:29.830+0000] {processor.py:766} INFO - DAG(s) dict_keys(['example_dag_decorator']) retrieved from /home/airflow/.local/lib/python3.7/site-packages/airflow/example_dags/example_dag_decorator.py
[2024-12-03T16:30:29.945+0000] {logging_mixin.py:120} INFO - [2024-12-03T16:30:29.945+0000] {dag.py:2585} INFO - Sync 1 DAGs
[2024-12-03T16:30:29.972+0000] {logging_mixin.py:120} INFO - [2024-12-03T16:30:29.971+0000] {dag.py:3340} INFO - Setting next_dagrun for example_dag_decorator to None, run_after=None
[2024-12-03T16:30:30.008+0000] {processor.py:176} INFO - Processing /home/airflow/.local/lib/python3.7/site-packages/airflow/example_dags/example_dag_decorator.py took 0.224 seconds
[2024-12-03T16:31:00.389+0000] {processor.py:154} INFO - Started process (PID=4506) to work on /home/airflow/.local/lib/python3.7/site-packages/airflow/example_dags/example_dag_decorator.py
[2024-12-03T16:31:00.390+0000] {processor.py:756} INFO - Processing file /home/airflow/.local/lib/python3.7/site-packages/airflow/example_dags/example_dag_decorator.py for tasks to queue
[2024-12-03T16:31:00.392+0000] {logging_mixin.py:120} INFO - [2024-12-03T16:31:00.392+0000] {dagbag.py:537} INFO - Filling up the DagBag from /home/airflow/.local/lib/python3.7/site-packages/airflow/example_dags/example_dag_decorator.py
[2024-12-03T16:31:00.419+0000] {logging_mixin.py:120} INFO - [2024-12-03T16:31:00.419+0000] {taskmixin.py:205} WARNING - Dependency <Task(_PythonDecoratedOperator): prepare_email>, send_email already registered for DAG: example_dag_decorator
[2024-12-03T16:31:00.420+0000] {logging_mixin.py:120} INFO - [2024-12-03T16:31:00.420+0000] {taskmixin.py:205} WARNING - Dependency <Task(EmailOperator): send_email>, prepare_email already registered for DAG: example_dag_decorator
[2024-12-03T16:31:00.437+0000] {processor.py:766} INFO - DAG(s) dict_keys(['example_dag_decorator']) retrieved from /home/airflow/.local/lib/python3.7/site-packages/airflow/example_dags/example_dag_decorator.py
[2024-12-03T16:31:00.541+0000] {logging_mixin.py:120} INFO - [2024-12-03T16:31:00.541+0000] {dag.py:2585} INFO - Sync 1 DAGs
[2024-12-03T16:31:00.570+0000] {logging_mixin.py:120} INFO - [2024-12-03T16:31:00.570+0000] {dag.py:3340} INFO - Setting next_dagrun for example_dag_decorator to None, run_after=None
[2024-12-03T16:31:00.606+0000] {processor.py:176} INFO - Processing /home/airflow/.local/lib/python3.7/site-packages/airflow/example_dags/example_dag_decorator.py took 0.222 seconds
[2024-12-03T16:31:31.482+0000] {processor.py:154} INFO - Started process (PID=4563) to work on /home/airflow/.local/lib/python3.7/site-packages/airflow/example_dags/example_dag_decorator.py
[2024-12-03T16:31:31.483+0000] {processor.py:756} INFO - Processing file /home/airflow/.local/lib/python3.7/site-packages/airflow/example_dags/example_dag_decorator.py for tasks to queue
[2024-12-03T16:31:31.485+0000] {logging_mixin.py:120} INFO - [2024-12-03T16:31:31.485+0000] {dagbag.py:537} INFO - Filling up the DagBag from /home/airflow/.local/lib/python3.7/site-packages/airflow/example_dags/example_dag_decorator.py
[2024-12-03T16:31:31.502+0000] {logging_mixin.py:120} INFO - [2024-12-03T16:31:31.502+0000] {taskmixin.py:205} WARNING - Dependency <Task(_PythonDecoratedOperator): prepare_email>, send_email already registered for DAG: example_dag_decorator
[2024-12-03T16:31:31.503+0000] {logging_mixin.py:120} INFO - [2024-12-03T16:31:31.503+0000] {taskmixin.py:205} WARNING - Dependency <Task(EmailOperator): send_email>, prepare_email already registered for DAG: example_dag_decorator
[2024-12-03T16:31:31.519+0000] {processor.py:766} INFO - DAG(s) dict_keys(['example_dag_decorator']) retrieved from /home/airflow/.local/lib/python3.7/site-packages/airflow/example_dags/example_dag_decorator.py
[2024-12-03T16:31:31.618+0000] {logging_mixin.py:120} INFO - [2024-12-03T16:31:31.618+0000] {dag.py:2585} INFO - Sync 1 DAGs
[2024-12-03T16:31:31.646+0000] {logging_mixin.py:120} INFO - [2024-12-03T16:31:31.646+0000] {dag.py:3340} INFO - Setting next_dagrun for example_dag_decorator to None, run_after=None
[2024-12-03T16:31:31.679+0000] {processor.py:176} INFO - Processing /home/airflow/.local/lib/python3.7/site-packages/airflow/example_dags/example_dag_decorator.py took 0.202 seconds
[2024-12-03T16:32:02.994+0000] {processor.py:154} INFO - Started process (PID=4628) to work on /home/airflow/.local/lib/python3.7/site-packages/airflow/example_dags/example_dag_decorator.py
[2024-12-03T16:32:02.995+0000] {processor.py:756} INFO - Processing file /home/airflow/.local/lib/python3.7/site-packages/airflow/example_dags/example_dag_decorator.py for tasks to queue
[2024-12-03T16:32:02.996+0000] {logging_mixin.py:120} INFO - [2024-12-03T16:32:02.996+0000] {dagbag.py:537} INFO - Filling up the DagBag from /home/airflow/.local/lib/python3.7/site-packages/airflow/example_dags/example_dag_decorator.py
[2024-12-03T16:32:03.019+0000] {logging_mixin.py:120} INFO - [2024-12-03T16:32:03.019+0000] {taskmixin.py:205} WARNING - Dependency <Task(_PythonDecoratedOperator): prepare_email>, send_email already registered for DAG: example_dag_decorator
[2024-12-03T16:32:03.020+0000] {logging_mixin.py:120} INFO - [2024-12-03T16:32:03.020+0000] {taskmixin.py:205} WARNING - Dependency <Task(EmailOperator): send_email>, prepare_email already registered for DAG: example_dag_decorator
[2024-12-03T16:32:03.037+0000] {processor.py:766} INFO - DAG(s) dict_keys(['example_dag_decorator']) retrieved from /home/airflow/.local/lib/python3.7/site-packages/airflow/example_dags/example_dag_decorator.py
[2024-12-03T16:32:03.166+0000] {logging_mixin.py:120} INFO - [2024-12-03T16:32:03.166+0000] {dag.py:2585} INFO - Sync 1 DAGs
[2024-12-03T16:32:03.202+0000] {logging_mixin.py:120} INFO - [2024-12-03T16:32:03.202+0000] {dag.py:3340} INFO - Setting next_dagrun for example_dag_decorator to None, run_after=None
[2024-12-03T16:32:03.240+0000] {processor.py:176} INFO - Processing /home/airflow/.local/lib/python3.7/site-packages/airflow/example_dags/example_dag_decorator.py took 0.250 seconds
[2024-12-03T16:32:34.168+0000] {processor.py:154} INFO - Started process (PID=4683) to work on /home/airflow/.local/lib/python3.7/site-packages/airflow/example_dags/example_dag_decorator.py
[2024-12-03T16:32:34.170+0000] {processor.py:756} INFO - Processing file /home/airflow/.local/lib/python3.7/site-packages/airflow/example_dags/example_dag_decorator.py for tasks to queue
[2024-12-03T16:32:34.170+0000] {logging_mixin.py:120} INFO - [2024-12-03T16:32:34.170+0000] {dagbag.py:537} INFO - Filling up the DagBag from /home/airflow/.local/lib/python3.7/site-packages/airflow/example_dags/example_dag_decorator.py
[2024-12-03T16:32:34.193+0000] {logging_mixin.py:120} INFO - [2024-12-03T16:32:34.193+0000] {taskmixin.py:205} WARNING - Dependency <Task(_PythonDecoratedOperator): prepare_email>, send_email already registered for DAG: example_dag_decorator
[2024-12-03T16:32:34.194+0000] {logging_mixin.py:120} INFO - [2024-12-03T16:32:34.193+0000] {taskmixin.py:205} WARNING - Dependency <Task(EmailOperator): send_email>, prepare_email already registered for DAG: example_dag_decorator
[2024-12-03T16:32:34.210+0000] {processor.py:766} INFO - DAG(s) dict_keys(['example_dag_decorator']) retrieved from /home/airflow/.local/lib/python3.7/site-packages/airflow/example_dags/example_dag_decorator.py
[2024-12-03T16:32:34.312+0000] {logging_mixin.py:120} INFO - [2024-12-03T16:32:34.312+0000] {dag.py:2585} INFO - Sync 1 DAGs
[2024-12-03T16:32:34.348+0000] {logging_mixin.py:120} INFO - [2024-12-03T16:32:34.348+0000] {dag.py:3340} INFO - Setting next_dagrun for example_dag_decorator to None, run_after=None
[2024-12-03T16:32:34.385+0000] {processor.py:176} INFO - Processing /home/airflow/.local/lib/python3.7/site-packages/airflow/example_dags/example_dag_decorator.py took 0.220 seconds
[2024-12-03T16:33:04.991+0000] {processor.py:154} INFO - Started process (PID=4747) to work on /home/airflow/.local/lib/python3.7/site-packages/airflow/example_dags/example_dag_decorator.py
[2024-12-03T16:33:04.992+0000] {processor.py:756} INFO - Processing file /home/airflow/.local/lib/python3.7/site-packages/airflow/example_dags/example_dag_decorator.py for tasks to queue
[2024-12-03T16:33:04.994+0000] {logging_mixin.py:120} INFO - [2024-12-03T16:33:04.994+0000] {dagbag.py:537} INFO - Filling up the DagBag from /home/airflow/.local/lib/python3.7/site-packages/airflow/example_dags/example_dag_decorator.py
[2024-12-03T16:33:05.041+0000] {logging_mixin.py:120} INFO - [2024-12-03T16:33:05.040+0000] {taskmixin.py:205} WARNING - Dependency <Task(_PythonDecoratedOperator): prepare_email>, send_email already registered for DAG: example_dag_decorator
[2024-12-03T16:33:05.041+0000] {logging_mixin.py:120} INFO - [2024-12-03T16:33:05.041+0000] {taskmixin.py:205} WARNING - Dependency <Task(EmailOperator): send_email>, prepare_email already registered for DAG: example_dag_decorator
[2024-12-03T16:33:05.066+0000] {processor.py:766} INFO - DAG(s) dict_keys(['example_dag_decorator']) retrieved from /home/airflow/.local/lib/python3.7/site-packages/airflow/example_dags/example_dag_decorator.py
[2024-12-03T16:33:05.209+0000] {logging_mixin.py:120} INFO - [2024-12-03T16:33:05.209+0000] {dag.py:2585} INFO - Sync 1 DAGs
[2024-12-03T16:33:05.253+0000] {logging_mixin.py:120} INFO - [2024-12-03T16:33:05.252+0000] {dag.py:3340} INFO - Setting next_dagrun for example_dag_decorator to None, run_after=None
[2024-12-03T16:33:05.300+0000] {processor.py:176} INFO - Processing /home/airflow/.local/lib/python3.7/site-packages/airflow/example_dags/example_dag_decorator.py took 0.317 seconds
[2024-12-03T16:33:35.681+0000] {processor.py:154} INFO - Started process (PID=4803) to work on /home/airflow/.local/lib/python3.7/site-packages/airflow/example_dags/example_dag_decorator.py
[2024-12-03T16:33:35.682+0000] {processor.py:756} INFO - Processing file /home/airflow/.local/lib/python3.7/site-packages/airflow/example_dags/example_dag_decorator.py for tasks to queue
[2024-12-03T16:33:35.683+0000] {logging_mixin.py:120} INFO - [2024-12-03T16:33:35.683+0000] {dagbag.py:537} INFO - Filling up the DagBag from /home/airflow/.local/lib/python3.7/site-packages/airflow/example_dags/example_dag_decorator.py
[2024-12-03T16:33:35.700+0000] {logging_mixin.py:120} INFO - [2024-12-03T16:33:35.700+0000] {taskmixin.py:205} WARNING - Dependency <Task(_PythonDecoratedOperator): prepare_email>, send_email already registered for DAG: example_dag_decorator
[2024-12-03T16:33:35.700+0000] {logging_mixin.py:120} INFO - [2024-12-03T16:33:35.700+0000] {taskmixin.py:205} WARNING - Dependency <Task(EmailOperator): send_email>, prepare_email already registered for DAG: example_dag_decorator
[2024-12-03T16:33:35.714+0000] {processor.py:766} INFO - DAG(s) dict_keys(['example_dag_decorator']) retrieved from /home/airflow/.local/lib/python3.7/site-packages/airflow/example_dags/example_dag_decorator.py
[2024-12-03T16:33:35.828+0000] {logging_mixin.py:120} INFO - [2024-12-03T16:33:35.828+0000] {dag.py:2585} INFO - Sync 1 DAGs
[2024-12-03T16:33:35.865+0000] {logging_mixin.py:120} INFO - [2024-12-03T16:33:35.865+0000] {dag.py:3340} INFO - Setting next_dagrun for example_dag_decorator to None, run_after=None
[2024-12-03T16:33:35.900+0000] {processor.py:176} INFO - Processing /home/airflow/.local/lib/python3.7/site-packages/airflow/example_dags/example_dag_decorator.py took 0.223 seconds
[2024-12-03T16:34:06.603+0000] {processor.py:154} INFO - Started process (PID=4866) to work on /home/airflow/.local/lib/python3.7/site-packages/airflow/example_dags/example_dag_decorator.py
[2024-12-03T16:34:06.604+0000] {processor.py:756} INFO - Processing file /home/airflow/.local/lib/python3.7/site-packages/airflow/example_dags/example_dag_decorator.py for tasks to queue
[2024-12-03T16:34:06.606+0000] {logging_mixin.py:120} INFO - [2024-12-03T16:34:06.605+0000] {dagbag.py:537} INFO - Filling up the DagBag from /home/airflow/.local/lib/python3.7/site-packages/airflow/example_dags/example_dag_decorator.py
[2024-12-03T16:34:06.626+0000] {logging_mixin.py:120} INFO - [2024-12-03T16:34:06.626+0000] {taskmixin.py:205} WARNING - Dependency <Task(_PythonDecoratedOperator): prepare_email>, send_email already registered for DAG: example_dag_decorator
[2024-12-03T16:34:06.627+0000] {logging_mixin.py:120} INFO - [2024-12-03T16:34:06.627+0000] {taskmixin.py:205} WARNING - Dependency <Task(EmailOperator): send_email>, prepare_email already registered for DAG: example_dag_decorator
[2024-12-03T16:34:06.646+0000] {processor.py:766} INFO - DAG(s) dict_keys(['example_dag_decorator']) retrieved from /home/airflow/.local/lib/python3.7/site-packages/airflow/example_dags/example_dag_decorator.py
[2024-12-03T16:34:06.809+0000] {logging_mixin.py:120} INFO - [2024-12-03T16:34:06.808+0000] {dag.py:2585} INFO - Sync 1 DAGs
[2024-12-03T16:34:06.867+0000] {logging_mixin.py:120} INFO - [2024-12-03T16:34:06.866+0000] {dag.py:3340} INFO - Setting next_dagrun for example_dag_decorator to None, run_after=None
[2024-12-03T16:34:06.939+0000] {processor.py:176} INFO - Processing /home/airflow/.local/lib/python3.7/site-packages/airflow/example_dags/example_dag_decorator.py took 0.341 seconds
[2024-12-03T16:34:37.590+0000] {processor.py:154} INFO - Started process (PID=4930) to work on /home/airflow/.local/lib/python3.7/site-packages/airflow/example_dags/example_dag_decorator.py
[2024-12-03T16:34:37.595+0000] {processor.py:756} INFO - Processing file /home/airflow/.local/lib/python3.7/site-packages/airflow/example_dags/example_dag_decorator.py for tasks to queue
[2024-12-03T16:34:37.597+0000] {logging_mixin.py:120} INFO - [2024-12-03T16:34:37.597+0000] {dagbag.py:537} INFO - Filling up the DagBag from /home/airflow/.local/lib/python3.7/site-packages/airflow/example_dags/example_dag_decorator.py
[2024-12-03T16:34:37.629+0000] {logging_mixin.py:120} INFO - [2024-12-03T16:34:37.628+0000] {taskmixin.py:205} WARNING - Dependency <Task(_PythonDecoratedOperator): prepare_email>, send_email already registered for DAG: example_dag_decorator
[2024-12-03T16:34:37.631+0000] {logging_mixin.py:120} INFO - [2024-12-03T16:34:37.630+0000] {taskmixin.py:205} WARNING - Dependency <Task(EmailOperator): send_email>, prepare_email already registered for DAG: example_dag_decorator
[2024-12-03T16:34:37.655+0000] {processor.py:766} INFO - DAG(s) dict_keys(['example_dag_decorator']) retrieved from /home/airflow/.local/lib/python3.7/site-packages/airflow/example_dags/example_dag_decorator.py
[2024-12-03T16:34:37.844+0000] {logging_mixin.py:120} INFO - [2024-12-03T16:34:37.844+0000] {dag.py:2585} INFO - Sync 1 DAGs
[2024-12-03T16:34:37.933+0000] {logging_mixin.py:120} INFO - [2024-12-03T16:34:37.932+0000] {dag.py:3340} INFO - Setting next_dagrun for example_dag_decorator to None, run_after=None
[2024-12-03T16:34:37.997+0000] {processor.py:176} INFO - Processing /home/airflow/.local/lib/python3.7/site-packages/airflow/example_dags/example_dag_decorator.py took 0.415 seconds
[2024-12-03T16:35:08.474+0000] {processor.py:154} INFO - Started process (PID=4986) to work on /home/airflow/.local/lib/python3.7/site-packages/airflow/example_dags/example_dag_decorator.py
[2024-12-03T16:35:08.476+0000] {processor.py:756} INFO - Processing file /home/airflow/.local/lib/python3.7/site-packages/airflow/example_dags/example_dag_decorator.py for tasks to queue
[2024-12-03T16:35:08.477+0000] {logging_mixin.py:120} INFO - [2024-12-03T16:35:08.477+0000] {dagbag.py:537} INFO - Filling up the DagBag from /home/airflow/.local/lib/python3.7/site-packages/airflow/example_dags/example_dag_decorator.py
[2024-12-03T16:35:08.497+0000] {logging_mixin.py:120} INFO - [2024-12-03T16:35:08.497+0000] {taskmixin.py:205} WARNING - Dependency <Task(_PythonDecoratedOperator): prepare_email>, send_email already registered for DAG: example_dag_decorator
[2024-12-03T16:35:08.499+0000] {logging_mixin.py:120} INFO - [2024-12-03T16:35:08.498+0000] {taskmixin.py:205} WARNING - Dependency <Task(EmailOperator): send_email>, prepare_email already registered for DAG: example_dag_decorator
[2024-12-03T16:35:08.514+0000] {processor.py:766} INFO - DAG(s) dict_keys(['example_dag_decorator']) retrieved from /home/airflow/.local/lib/python3.7/site-packages/airflow/example_dags/example_dag_decorator.py
[2024-12-03T16:35:08.619+0000] {logging_mixin.py:120} INFO - [2024-12-03T16:35:08.619+0000] {dag.py:2585} INFO - Sync 1 DAGs
[2024-12-03T16:35:08.650+0000] {logging_mixin.py:120} INFO - [2024-12-03T16:35:08.650+0000] {dag.py:3340} INFO - Setting next_dagrun for example_dag_decorator to None, run_after=None
[2024-12-03T16:35:08.700+0000] {processor.py:176} INFO - Processing /home/airflow/.local/lib/python3.7/site-packages/airflow/example_dags/example_dag_decorator.py took 0.229 seconds
[2024-12-03T16:35:39.426+0000] {processor.py:154} INFO - Started process (PID=5054) to work on /home/airflow/.local/lib/python3.7/site-packages/airflow/example_dags/example_dag_decorator.py
[2024-12-03T16:35:39.428+0000] {processor.py:756} INFO - Processing file /home/airflow/.local/lib/python3.7/site-packages/airflow/example_dags/example_dag_decorator.py for tasks to queue
[2024-12-03T16:35:39.433+0000] {logging_mixin.py:120} INFO - [2024-12-03T16:35:39.432+0000] {dagbag.py:537} INFO - Filling up the DagBag from /home/airflow/.local/lib/python3.7/site-packages/airflow/example_dags/example_dag_decorator.py
[2024-12-03T16:35:39.488+0000] {logging_mixin.py:120} INFO - [2024-12-03T16:35:39.488+0000] {taskmixin.py:205} WARNING - Dependency <Task(_PythonDecoratedOperator): prepare_email>, send_email already registered for DAG: example_dag_decorator
[2024-12-03T16:35:39.490+0000] {logging_mixin.py:120} INFO - [2024-12-03T16:35:39.490+0000] {taskmixin.py:205} WARNING - Dependency <Task(EmailOperator): send_email>, prepare_email already registered for DAG: example_dag_decorator
[2024-12-03T16:35:39.514+0000] {processor.py:766} INFO - DAG(s) dict_keys(['example_dag_decorator']) retrieved from /home/airflow/.local/lib/python3.7/site-packages/airflow/example_dags/example_dag_decorator.py
[2024-12-03T16:35:39.677+0000] {logging_mixin.py:120} INFO - [2024-12-03T16:35:39.675+0000] {dag.py:2585} INFO - Sync 1 DAGs
[2024-12-03T16:35:39.723+0000] {logging_mixin.py:120} INFO - [2024-12-03T16:35:39.722+0000] {dag.py:3340} INFO - Setting next_dagrun for example_dag_decorator to None, run_after=None
[2024-12-03T16:35:39.771+0000] {processor.py:176} INFO - Processing /home/airflow/.local/lib/python3.7/site-packages/airflow/example_dags/example_dag_decorator.py took 0.350 seconds
[2024-12-03T16:36:10.784+0000] {processor.py:154} INFO - Started process (PID=5121) to work on /home/airflow/.local/lib/python3.7/site-packages/airflow/example_dags/example_dag_decorator.py
[2024-12-03T16:36:10.785+0000] {processor.py:756} INFO - Processing file /home/airflow/.local/lib/python3.7/site-packages/airflow/example_dags/example_dag_decorator.py for tasks to queue
[2024-12-03T16:36:10.787+0000] {logging_mixin.py:120} INFO - [2024-12-03T16:36:10.787+0000] {dagbag.py:537} INFO - Filling up the DagBag from /home/airflow/.local/lib/python3.7/site-packages/airflow/example_dags/example_dag_decorator.py
[2024-12-03T16:36:10.817+0000] {logging_mixin.py:120} INFO - [2024-12-03T16:36:10.816+0000] {taskmixin.py:205} WARNING - Dependency <Task(_PythonDecoratedOperator): prepare_email>, send_email already registered for DAG: example_dag_decorator
[2024-12-03T16:36:10.817+0000] {logging_mixin.py:120} INFO - [2024-12-03T16:36:10.817+0000] {taskmixin.py:205} WARNING - Dependency <Task(EmailOperator): send_email>, prepare_email already registered for DAG: example_dag_decorator
[2024-12-03T16:36:10.834+0000] {processor.py:766} INFO - DAG(s) dict_keys(['example_dag_decorator']) retrieved from /home/airflow/.local/lib/python3.7/site-packages/airflow/example_dags/example_dag_decorator.py
[2024-12-03T16:36:10.985+0000] {logging_mixin.py:120} INFO - [2024-12-03T16:36:10.985+0000] {dag.py:2585} INFO - Sync 1 DAGs
[2024-12-03T16:36:11.031+0000] {logging_mixin.py:120} INFO - [2024-12-03T16:36:11.031+0000] {dag.py:3340} INFO - Setting next_dagrun for example_dag_decorator to None, run_after=None
[2024-12-03T16:36:11.087+0000] {processor.py:176} INFO - Processing /home/airflow/.local/lib/python3.7/site-packages/airflow/example_dags/example_dag_decorator.py took 0.306 seconds
[2024-12-03T16:36:41.528+0000] {processor.py:154} INFO - Started process (PID=5179) to work on /home/airflow/.local/lib/python3.7/site-packages/airflow/example_dags/example_dag_decorator.py
[2024-12-03T16:36:41.529+0000] {processor.py:756} INFO - Processing file /home/airflow/.local/lib/python3.7/site-packages/airflow/example_dags/example_dag_decorator.py for tasks to queue
[2024-12-03T16:36:41.530+0000] {logging_mixin.py:120} INFO - [2024-12-03T16:36:41.530+0000] {dagbag.py:537} INFO - Filling up the DagBag from /home/airflow/.local/lib/python3.7/site-packages/airflow/example_dags/example_dag_decorator.py
[2024-12-03T16:36:41.561+0000] {logging_mixin.py:120} INFO - [2024-12-03T16:36:41.560+0000] {taskmixin.py:205} WARNING - Dependency <Task(_PythonDecoratedOperator): prepare_email>, send_email already registered for DAG: example_dag_decorator
[2024-12-03T16:36:41.561+0000] {logging_mixin.py:120} INFO - [2024-12-03T16:36:41.561+0000] {taskmixin.py:205} WARNING - Dependency <Task(EmailOperator): send_email>, prepare_email already registered for DAG: example_dag_decorator
[2024-12-03T16:36:41.582+0000] {processor.py:766} INFO - DAG(s) dict_keys(['example_dag_decorator']) retrieved from /home/airflow/.local/lib/python3.7/site-packages/airflow/example_dags/example_dag_decorator.py
[2024-12-03T16:36:41.718+0000] {logging_mixin.py:120} INFO - [2024-12-03T16:36:41.718+0000] {dag.py:2585} INFO - Sync 1 DAGs
[2024-12-03T16:36:41.767+0000] {logging_mixin.py:120} INFO - [2024-12-03T16:36:41.767+0000] {dag.py:3340} INFO - Setting next_dagrun for example_dag_decorator to None, run_after=None
[2024-12-03T16:36:41.806+0000] {processor.py:176} INFO - Processing /home/airflow/.local/lib/python3.7/site-packages/airflow/example_dags/example_dag_decorator.py took 0.284 seconds
[2024-12-03T16:37:12.627+0000] {processor.py:154} INFO - Started process (PID=5233) to work on /home/airflow/.local/lib/python3.7/site-packages/airflow/example_dags/example_dag_decorator.py
[2024-12-03T16:37:12.629+0000] {processor.py:756} INFO - Processing file /home/airflow/.local/lib/python3.7/site-packages/airflow/example_dags/example_dag_decorator.py for tasks to queue
[2024-12-03T16:37:12.632+0000] {logging_mixin.py:120} INFO - [2024-12-03T16:37:12.631+0000] {dagbag.py:537} INFO - Filling up the DagBag from /home/airflow/.local/lib/python3.7/site-packages/airflow/example_dags/example_dag_decorator.py
[2024-12-03T16:37:12.656+0000] {logging_mixin.py:120} INFO - [2024-12-03T16:37:12.656+0000] {taskmixin.py:205} WARNING - Dependency <Task(_PythonDecoratedOperator): prepare_email>, send_email already registered for DAG: example_dag_decorator
[2024-12-03T16:37:12.657+0000] {logging_mixin.py:120} INFO - [2024-12-03T16:37:12.657+0000] {taskmixin.py:205} WARNING - Dependency <Task(EmailOperator): send_email>, prepare_email already registered for DAG: example_dag_decorator
[2024-12-03T16:37:12.680+0000] {processor.py:766} INFO - DAG(s) dict_keys(['example_dag_decorator']) retrieved from /home/airflow/.local/lib/python3.7/site-packages/airflow/example_dags/example_dag_decorator.py
[2024-12-03T16:37:12.826+0000] {logging_mixin.py:120} INFO - [2024-12-03T16:37:12.826+0000] {dag.py:2585} INFO - Sync 1 DAGs
[2024-12-03T16:37:12.885+0000] {logging_mixin.py:120} INFO - [2024-12-03T16:37:12.885+0000] {dag.py:3340} INFO - Setting next_dagrun for example_dag_decorator to None, run_after=None
[2024-12-03T16:37:12.936+0000] {processor.py:176} INFO - Processing /home/airflow/.local/lib/python3.7/site-packages/airflow/example_dags/example_dag_decorator.py took 0.313 seconds
[2024-12-03T16:37:43.829+0000] {processor.py:154} INFO - Started process (PID=5297) to work on /home/airflow/.local/lib/python3.7/site-packages/airflow/example_dags/example_dag_decorator.py
[2024-12-03T16:37:43.831+0000] {processor.py:756} INFO - Processing file /home/airflow/.local/lib/python3.7/site-packages/airflow/example_dags/example_dag_decorator.py for tasks to queue
[2024-12-03T16:37:43.833+0000] {logging_mixin.py:120} INFO - [2024-12-03T16:37:43.833+0000] {dagbag.py:537} INFO - Filling up the DagBag from /home/airflow/.local/lib/python3.7/site-packages/airflow/example_dags/example_dag_decorator.py
[2024-12-03T16:37:43.875+0000] {logging_mixin.py:120} INFO - [2024-12-03T16:37:43.875+0000] {taskmixin.py:205} WARNING - Dependency <Task(_PythonDecoratedOperator): prepare_email>, send_email already registered for DAG: example_dag_decorator
[2024-12-03T16:37:43.876+0000] {logging_mixin.py:120} INFO - [2024-12-03T16:37:43.876+0000] {taskmixin.py:205} WARNING - Dependency <Task(EmailOperator): send_email>, prepare_email already registered for DAG: example_dag_decorator
[2024-12-03T16:37:43.905+0000] {processor.py:766} INFO - DAG(s) dict_keys(['example_dag_decorator']) retrieved from /home/airflow/.local/lib/python3.7/site-packages/airflow/example_dags/example_dag_decorator.py
[2024-12-03T16:37:44.101+0000] {logging_mixin.py:120} INFO - [2024-12-03T16:37:44.101+0000] {dag.py:2585} INFO - Sync 1 DAGs
[2024-12-03T16:37:44.150+0000] {logging_mixin.py:120} INFO - [2024-12-03T16:37:44.150+0000] {dag.py:3340} INFO - Setting next_dagrun for example_dag_decorator to None, run_after=None
[2024-12-03T16:37:44.199+0000] {processor.py:176} INFO - Processing /home/airflow/.local/lib/python3.7/site-packages/airflow/example_dags/example_dag_decorator.py took 0.377 seconds
[2024-12-03T16:38:15.191+0000] {processor.py:154} INFO - Started process (PID=5353) to work on /home/airflow/.local/lib/python3.7/site-packages/airflow/example_dags/example_dag_decorator.py
[2024-12-03T16:38:15.194+0000] {processor.py:756} INFO - Processing file /home/airflow/.local/lib/python3.7/site-packages/airflow/example_dags/example_dag_decorator.py for tasks to queue
[2024-12-03T16:38:15.196+0000] {logging_mixin.py:120} INFO - [2024-12-03T16:38:15.196+0000] {dagbag.py:537} INFO - Filling up the DagBag from /home/airflow/.local/lib/python3.7/site-packages/airflow/example_dags/example_dag_decorator.py
[2024-12-03T16:38:15.228+0000] {logging_mixin.py:120} INFO - [2024-12-03T16:38:15.228+0000] {taskmixin.py:205} WARNING - Dependency <Task(_PythonDecoratedOperator): prepare_email>, send_email already registered for DAG: example_dag_decorator
[2024-12-03T16:38:15.230+0000] {logging_mixin.py:120} INFO - [2024-12-03T16:38:15.229+0000] {taskmixin.py:205} WARNING - Dependency <Task(EmailOperator): send_email>, prepare_email already registered for DAG: example_dag_decorator
[2024-12-03T16:38:15.263+0000] {processor.py:766} INFO - DAG(s) dict_keys(['example_dag_decorator']) retrieved from /home/airflow/.local/lib/python3.7/site-packages/airflow/example_dags/example_dag_decorator.py
[2024-12-03T16:38:15.469+0000] {logging_mixin.py:120} INFO - [2024-12-03T16:38:15.468+0000] {dag.py:2585} INFO - Sync 1 DAGs
[2024-12-03T16:38:15.531+0000] {logging_mixin.py:120} INFO - [2024-12-03T16:38:15.531+0000] {dag.py:3340} INFO - Setting next_dagrun for example_dag_decorator to None, run_after=None
[2024-12-03T16:38:15.589+0000] {processor.py:176} INFO - Processing /home/airflow/.local/lib/python3.7/site-packages/airflow/example_dags/example_dag_decorator.py took 0.405 seconds
[2024-12-03T16:38:46.041+0000] {processor.py:154} INFO - Started process (PID=5417) to work on /home/airflow/.local/lib/python3.7/site-packages/airflow/example_dags/example_dag_decorator.py
[2024-12-03T16:38:46.043+0000] {processor.py:756} INFO - Processing file /home/airflow/.local/lib/python3.7/site-packages/airflow/example_dags/example_dag_decorator.py for tasks to queue
[2024-12-03T16:38:46.046+0000] {logging_mixin.py:120} INFO - [2024-12-03T16:38:46.045+0000] {dagbag.py:537} INFO - Filling up the DagBag from /home/airflow/.local/lib/python3.7/site-packages/airflow/example_dags/example_dag_decorator.py
[2024-12-03T16:38:46.081+0000] {logging_mixin.py:120} INFO - [2024-12-03T16:38:46.081+0000] {taskmixin.py:205} WARNING - Dependency <Task(_PythonDecoratedOperator): prepare_email>, send_email already registered for DAG: example_dag_decorator
[2024-12-03T16:38:46.083+0000] {logging_mixin.py:120} INFO - [2024-12-03T16:38:46.082+0000] {taskmixin.py:205} WARNING - Dependency <Task(EmailOperator): send_email>, prepare_email already registered for DAG: example_dag_decorator
[2024-12-03T16:38:46.109+0000] {processor.py:766} INFO - DAG(s) dict_keys(['example_dag_decorator']) retrieved from /home/airflow/.local/lib/python3.7/site-packages/airflow/example_dags/example_dag_decorator.py
[2024-12-03T16:38:46.308+0000] {logging_mixin.py:120} INFO - [2024-12-03T16:38:46.308+0000] {dag.py:2585} INFO - Sync 1 DAGs
[2024-12-03T16:38:46.351+0000] {logging_mixin.py:120} INFO - [2024-12-03T16:38:46.350+0000] {dag.py:3340} INFO - Setting next_dagrun for example_dag_decorator to None, run_after=None
[2024-12-03T16:38:46.408+0000] {processor.py:176} INFO - Processing /home/airflow/.local/lib/python3.7/site-packages/airflow/example_dags/example_dag_decorator.py took 0.374 seconds
[2024-12-03T16:39:17.540+0000] {processor.py:154} INFO - Started process (PID=5475) to work on /home/airflow/.local/lib/python3.7/site-packages/airflow/example_dags/example_dag_decorator.py
[2024-12-03T16:39:17.541+0000] {processor.py:756} INFO - Processing file /home/airflow/.local/lib/python3.7/site-packages/airflow/example_dags/example_dag_decorator.py for tasks to queue
[2024-12-03T16:39:17.543+0000] {logging_mixin.py:120} INFO - [2024-12-03T16:39:17.542+0000] {dagbag.py:537} INFO - Filling up the DagBag from /home/airflow/.local/lib/python3.7/site-packages/airflow/example_dags/example_dag_decorator.py
[2024-12-03T16:39:17.570+0000] {logging_mixin.py:120} INFO - [2024-12-03T16:39:17.569+0000] {taskmixin.py:205} WARNING - Dependency <Task(_PythonDecoratedOperator): prepare_email>, send_email already registered for DAG: example_dag_decorator
[2024-12-03T16:39:17.570+0000] {logging_mixin.py:120} INFO - [2024-12-03T16:39:17.570+0000] {taskmixin.py:205} WARNING - Dependency <Task(EmailOperator): send_email>, prepare_email already registered for DAG: example_dag_decorator
[2024-12-03T16:39:17.587+0000] {processor.py:766} INFO - DAG(s) dict_keys(['example_dag_decorator']) retrieved from /home/airflow/.local/lib/python3.7/site-packages/airflow/example_dags/example_dag_decorator.py
[2024-12-03T16:39:17.697+0000] {logging_mixin.py:120} INFO - [2024-12-03T16:39:17.697+0000] {dag.py:2585} INFO - Sync 1 DAGs
[2024-12-03T16:39:17.733+0000] {logging_mixin.py:120} INFO - [2024-12-03T16:39:17.733+0000] {dag.py:3340} INFO - Setting next_dagrun for example_dag_decorator to None, run_after=None
[2024-12-03T16:39:17.782+0000] {processor.py:176} INFO - Processing /home/airflow/.local/lib/python3.7/site-packages/airflow/example_dags/example_dag_decorator.py took 0.246 seconds
[2024-12-03T16:39:49.038+0000] {processor.py:154} INFO - Started process (PID=5545) to work on /home/airflow/.local/lib/python3.7/site-packages/airflow/example_dags/example_dag_decorator.py
[2024-12-03T16:39:49.039+0000] {processor.py:756} INFO - Processing file /home/airflow/.local/lib/python3.7/site-packages/airflow/example_dags/example_dag_decorator.py for tasks to queue
[2024-12-03T16:39:49.041+0000] {logging_mixin.py:120} INFO - [2024-12-03T16:39:49.041+0000] {dagbag.py:537} INFO - Filling up the DagBag from /home/airflow/.local/lib/python3.7/site-packages/airflow/example_dags/example_dag_decorator.py
[2024-12-03T16:39:49.067+0000] {logging_mixin.py:120} INFO - [2024-12-03T16:39:49.067+0000] {taskmixin.py:205} WARNING - Dependency <Task(_PythonDecoratedOperator): prepare_email>, send_email already registered for DAG: example_dag_decorator
[2024-12-03T16:39:49.068+0000] {logging_mixin.py:120} INFO - [2024-12-03T16:39:49.068+0000] {taskmixin.py:205} WARNING - Dependency <Task(EmailOperator): send_email>, prepare_email already registered for DAG: example_dag_decorator
[2024-12-03T16:39:49.098+0000] {processor.py:766} INFO - DAG(s) dict_keys(['example_dag_decorator']) retrieved from /home/airflow/.local/lib/python3.7/site-packages/airflow/example_dags/example_dag_decorator.py
[2024-12-03T16:39:49.320+0000] {logging_mixin.py:120} INFO - [2024-12-03T16:39:49.320+0000] {dag.py:2585} INFO - Sync 1 DAGs
[2024-12-03T16:39:49.388+0000] {logging_mixin.py:120} INFO - [2024-12-03T16:39:49.387+0000] {dag.py:3340} INFO - Setting next_dagrun for example_dag_decorator to None, run_after=None
[2024-12-03T16:39:49.469+0000] {processor.py:176} INFO - Processing /home/airflow/.local/lib/python3.7/site-packages/airflow/example_dags/example_dag_decorator.py took 0.437 seconds
[2024-12-03T16:40:19.881+0000] {processor.py:154} INFO - Started process (PID=5604) to work on /home/airflow/.local/lib/python3.7/site-packages/airflow/example_dags/example_dag_decorator.py
[2024-12-03T16:40:19.886+0000] {processor.py:756} INFO - Processing file /home/airflow/.local/lib/python3.7/site-packages/airflow/example_dags/example_dag_decorator.py for tasks to queue
[2024-12-03T16:40:19.891+0000] {logging_mixin.py:120} INFO - [2024-12-03T16:40:19.890+0000] {dagbag.py:537} INFO - Filling up the DagBag from /home/airflow/.local/lib/python3.7/site-packages/airflow/example_dags/example_dag_decorator.py
[2024-12-03T16:40:19.931+0000] {logging_mixin.py:120} INFO - [2024-12-03T16:40:19.931+0000] {taskmixin.py:205} WARNING - Dependency <Task(_PythonDecoratedOperator): prepare_email>, send_email already registered for DAG: example_dag_decorator
[2024-12-03T16:40:19.933+0000] {logging_mixin.py:120} INFO - [2024-12-03T16:40:19.932+0000] {taskmixin.py:205} WARNING - Dependency <Task(EmailOperator): send_email>, prepare_email already registered for DAG: example_dag_decorator
[2024-12-03T16:40:19.972+0000] {processor.py:766} INFO - DAG(s) dict_keys(['example_dag_decorator']) retrieved from /home/airflow/.local/lib/python3.7/site-packages/airflow/example_dags/example_dag_decorator.py
[2024-12-03T16:40:20.174+0000] {logging_mixin.py:120} INFO - [2024-12-03T16:40:20.173+0000] {dag.py:2585} INFO - Sync 1 DAGs
[2024-12-03T16:40:20.218+0000] {logging_mixin.py:120} INFO - [2024-12-03T16:40:20.217+0000] {dag.py:3340} INFO - Setting next_dagrun for example_dag_decorator to None, run_after=None
[2024-12-03T16:40:20.262+0000] {processor.py:176} INFO - Processing /home/airflow/.local/lib/python3.7/site-packages/airflow/example_dags/example_dag_decorator.py took 0.387 seconds
[2024-12-03T16:40:52.468+0000] {processor.py:154} INFO - Started process (PID=5679) to work on /home/airflow/.local/lib/python3.7/site-packages/airflow/example_dags/example_dag_decorator.py
[2024-12-03T16:40:52.471+0000] {processor.py:756} INFO - Processing file /home/airflow/.local/lib/python3.7/site-packages/airflow/example_dags/example_dag_decorator.py for tasks to queue
[2024-12-03T16:40:52.473+0000] {logging_mixin.py:120} INFO - [2024-12-03T16:40:52.472+0000] {dagbag.py:537} INFO - Filling up the DagBag from /home/airflow/.local/lib/python3.7/site-packages/airflow/example_dags/example_dag_decorator.py
[2024-12-03T16:40:52.534+0000] {logging_mixin.py:120} INFO - [2024-12-03T16:40:52.534+0000] {taskmixin.py:205} WARNING - Dependency <Task(_PythonDecoratedOperator): prepare_email>, send_email already registered for DAG: example_dag_decorator
[2024-12-03T16:40:52.536+0000] {logging_mixin.py:120} INFO - [2024-12-03T16:40:52.536+0000] {taskmixin.py:205} WARNING - Dependency <Task(EmailOperator): send_email>, prepare_email already registered for DAG: example_dag_decorator
[2024-12-03T16:40:52.572+0000] {processor.py:766} INFO - DAG(s) dict_keys(['example_dag_decorator']) retrieved from /home/airflow/.local/lib/python3.7/site-packages/airflow/example_dags/example_dag_decorator.py
[2024-12-03T16:40:52.815+0000] {logging_mixin.py:120} INFO - [2024-12-03T16:40:52.814+0000] {dag.py:2585} INFO - Sync 1 DAGs
[2024-12-03T16:40:52.855+0000] {logging_mixin.py:120} INFO - [2024-12-03T16:40:52.855+0000] {dag.py:3340} INFO - Setting next_dagrun for example_dag_decorator to None, run_after=None
[2024-12-03T16:40:52.914+0000] {processor.py:176} INFO - Processing /home/airflow/.local/lib/python3.7/site-packages/airflow/example_dags/example_dag_decorator.py took 0.450 seconds
[2024-12-03T16:41:23.273+0000] {processor.py:154} INFO - Started process (PID=5742) to work on /home/airflow/.local/lib/python3.7/site-packages/airflow/example_dags/example_dag_decorator.py
[2024-12-03T16:41:23.276+0000] {processor.py:756} INFO - Processing file /home/airflow/.local/lib/python3.7/site-packages/airflow/example_dags/example_dag_decorator.py for tasks to queue
[2024-12-03T16:41:23.279+0000] {logging_mixin.py:120} INFO - [2024-12-03T16:41:23.278+0000] {dagbag.py:537} INFO - Filling up the DagBag from /home/airflow/.local/lib/python3.7/site-packages/airflow/example_dags/example_dag_decorator.py
[2024-12-03T16:41:23.301+0000] {logging_mixin.py:120} INFO - [2024-12-03T16:41:23.301+0000] {taskmixin.py:205} WARNING - Dependency <Task(_PythonDecoratedOperator): prepare_email>, send_email already registered for DAG: example_dag_decorator
[2024-12-03T16:41:23.302+0000] {logging_mixin.py:120} INFO - [2024-12-03T16:41:23.302+0000] {taskmixin.py:205} WARNING - Dependency <Task(EmailOperator): send_email>, prepare_email already registered for DAG: example_dag_decorator
[2024-12-03T16:41:23.325+0000] {processor.py:766} INFO - DAG(s) dict_keys(['example_dag_decorator']) retrieved from /home/airflow/.local/lib/python3.7/site-packages/airflow/example_dags/example_dag_decorator.py
[2024-12-03T16:41:23.484+0000] {logging_mixin.py:120} INFO - [2024-12-03T16:41:23.483+0000] {dag.py:2585} INFO - Sync 1 DAGs
[2024-12-03T16:41:23.521+0000] {logging_mixin.py:120} INFO - [2024-12-03T16:41:23.521+0000] {dag.py:3340} INFO - Setting next_dagrun for example_dag_decorator to None, run_after=None
[2024-12-03T16:41:23.570+0000] {processor.py:176} INFO - Processing /home/airflow/.local/lib/python3.7/site-packages/airflow/example_dags/example_dag_decorator.py took 0.303 seconds
[2024-12-03T16:41:54.896+0000] {processor.py:154} INFO - Started process (PID=5807) to work on /home/airflow/.local/lib/python3.7/site-packages/airflow/example_dags/example_dag_decorator.py
[2024-12-03T16:41:54.898+0000] {processor.py:756} INFO - Processing file /home/airflow/.local/lib/python3.7/site-packages/airflow/example_dags/example_dag_decorator.py for tasks to queue
[2024-12-03T16:41:54.900+0000] {logging_mixin.py:120} INFO - [2024-12-03T16:41:54.899+0000] {dagbag.py:537} INFO - Filling up the DagBag from /home/airflow/.local/lib/python3.7/site-packages/airflow/example_dags/example_dag_decorator.py
[2024-12-03T16:41:54.927+0000] {logging_mixin.py:120} INFO - [2024-12-03T16:41:54.927+0000] {taskmixin.py:205} WARNING - Dependency <Task(_PythonDecoratedOperator): prepare_email>, send_email already registered for DAG: example_dag_decorator
[2024-12-03T16:41:54.928+0000] {logging_mixin.py:120} INFO - [2024-12-03T16:41:54.928+0000] {taskmixin.py:205} WARNING - Dependency <Task(EmailOperator): send_email>, prepare_email already registered for DAG: example_dag_decorator
[2024-12-03T16:41:54.951+0000] {processor.py:766} INFO - DAG(s) dict_keys(['example_dag_decorator']) retrieved from /home/airflow/.local/lib/python3.7/site-packages/airflow/example_dags/example_dag_decorator.py
[2024-12-03T16:41:55.107+0000] {logging_mixin.py:120} INFO - [2024-12-03T16:41:55.107+0000] {dag.py:2585} INFO - Sync 1 DAGs
[2024-12-03T16:41:55.163+0000] {logging_mixin.py:120} INFO - [2024-12-03T16:41:55.163+0000] {dag.py:3340} INFO - Setting next_dagrun for example_dag_decorator to None, run_after=None
[2024-12-03T16:41:55.208+0000] {processor.py:176} INFO - Processing /home/airflow/.local/lib/python3.7/site-packages/airflow/example_dags/example_dag_decorator.py took 0.314 seconds
[2024-12-03T16:42:26.517+0000] {processor.py:154} INFO - Started process (PID=5873) to work on /home/airflow/.local/lib/python3.7/site-packages/airflow/example_dags/example_dag_decorator.py
[2024-12-03T16:42:26.521+0000] {processor.py:756} INFO - Processing file /home/airflow/.local/lib/python3.7/site-packages/airflow/example_dags/example_dag_decorator.py for tasks to queue
[2024-12-03T16:42:26.524+0000] {logging_mixin.py:120} INFO - [2024-12-03T16:42:26.524+0000] {dagbag.py:537} INFO - Filling up the DagBag from /home/airflow/.local/lib/python3.7/site-packages/airflow/example_dags/example_dag_decorator.py
[2024-12-03T16:42:26.561+0000] {logging_mixin.py:120} INFO - [2024-12-03T16:42:26.560+0000] {taskmixin.py:205} WARNING - Dependency <Task(_PythonDecoratedOperator): prepare_email>, send_email already registered for DAG: example_dag_decorator
[2024-12-03T16:42:26.562+0000] {logging_mixin.py:120} INFO - [2024-12-03T16:42:26.561+0000] {taskmixin.py:205} WARNING - Dependency <Task(EmailOperator): send_email>, prepare_email already registered for DAG: example_dag_decorator
[2024-12-03T16:42:26.595+0000] {processor.py:766} INFO - DAG(s) dict_keys(['example_dag_decorator']) retrieved from /home/airflow/.local/lib/python3.7/site-packages/airflow/example_dags/example_dag_decorator.py
[2024-12-03T16:42:26.810+0000] {logging_mixin.py:120} INFO - [2024-12-03T16:42:26.810+0000] {dag.py:2585} INFO - Sync 1 DAGs
[2024-12-03T16:42:26.878+0000] {logging_mixin.py:120} INFO - [2024-12-03T16:42:26.878+0000] {dag.py:3340} INFO - Setting next_dagrun for example_dag_decorator to None, run_after=None
[2024-12-03T16:42:26.979+0000] {processor.py:176} INFO - Processing /home/airflow/.local/lib/python3.7/site-packages/airflow/example_dags/example_dag_decorator.py took 0.472 seconds
[2024-12-03T16:42:58.098+0000] {processor.py:154} INFO - Started process (PID=5930) to work on /home/airflow/.local/lib/python3.7/site-packages/airflow/example_dags/example_dag_decorator.py
[2024-12-03T16:42:58.102+0000] {processor.py:756} INFO - Processing file /home/airflow/.local/lib/python3.7/site-packages/airflow/example_dags/example_dag_decorator.py for tasks to queue
[2024-12-03T16:42:58.105+0000] {logging_mixin.py:120} INFO - [2024-12-03T16:42:58.104+0000] {dagbag.py:537} INFO - Filling up the DagBag from /home/airflow/.local/lib/python3.7/site-packages/airflow/example_dags/example_dag_decorator.py
[2024-12-03T16:42:58.157+0000] {logging_mixin.py:120} INFO - [2024-12-03T16:42:58.157+0000] {taskmixin.py:205} WARNING - Dependency <Task(_PythonDecoratedOperator): prepare_email>, send_email already registered for DAG: example_dag_decorator
[2024-12-03T16:42:58.158+0000] {logging_mixin.py:120} INFO - [2024-12-03T16:42:58.158+0000] {taskmixin.py:205} WARNING - Dependency <Task(EmailOperator): send_email>, prepare_email already registered for DAG: example_dag_decorator
[2024-12-03T16:42:58.187+0000] {processor.py:766} INFO - DAG(s) dict_keys(['example_dag_decorator']) retrieved from /home/airflow/.local/lib/python3.7/site-packages/airflow/example_dags/example_dag_decorator.py
[2024-12-03T16:42:58.415+0000] {logging_mixin.py:120} INFO - [2024-12-03T16:42:58.415+0000] {dag.py:2585} INFO - Sync 1 DAGs
[2024-12-03T16:42:58.485+0000] {logging_mixin.py:120} INFO - [2024-12-03T16:42:58.485+0000] {dag.py:3340} INFO - Setting next_dagrun for example_dag_decorator to None, run_after=None
[2024-12-03T16:42:58.553+0000] {processor.py:176} INFO - Processing /home/airflow/.local/lib/python3.7/site-packages/airflow/example_dags/example_dag_decorator.py took 0.462 seconds
[2024-12-03T16:43:28.916+0000] {processor.py:154} INFO - Started process (PID=5986) to work on /home/airflow/.local/lib/python3.7/site-packages/airflow/example_dags/example_dag_decorator.py
[2024-12-03T16:43:28.923+0000] {processor.py:756} INFO - Processing file /home/airflow/.local/lib/python3.7/site-packages/airflow/example_dags/example_dag_decorator.py for tasks to queue
[2024-12-03T16:43:28.928+0000] {logging_mixin.py:120} INFO - [2024-12-03T16:43:28.928+0000] {dagbag.py:537} INFO - Filling up the DagBag from /home/airflow/.local/lib/python3.7/site-packages/airflow/example_dags/example_dag_decorator.py
[2024-12-03T16:43:28.994+0000] {logging_mixin.py:120} INFO - [2024-12-03T16:43:28.993+0000] {taskmixin.py:205} WARNING - Dependency <Task(_PythonDecoratedOperator): prepare_email>, send_email already registered for DAG: example_dag_decorator
[2024-12-03T16:43:28.995+0000] {logging_mixin.py:120} INFO - [2024-12-03T16:43:28.995+0000] {taskmixin.py:205} WARNING - Dependency <Task(EmailOperator): send_email>, prepare_email already registered for DAG: example_dag_decorator
[2024-12-03T16:43:29.049+0000] {processor.py:766} INFO - DAG(s) dict_keys(['example_dag_decorator']) retrieved from /home/airflow/.local/lib/python3.7/site-packages/airflow/example_dags/example_dag_decorator.py
[2024-12-03T16:43:29.325+0000] {logging_mixin.py:120} INFO - [2024-12-03T16:43:29.324+0000] {dag.py:2585} INFO - Sync 1 DAGs
[2024-12-03T16:43:29.417+0000] {logging_mixin.py:120} INFO - [2024-12-03T16:43:29.417+0000] {dag.py:3340} INFO - Setting next_dagrun for example_dag_decorator to None, run_after=None
[2024-12-03T16:43:29.498+0000] {processor.py:176} INFO - Processing /home/airflow/.local/lib/python3.7/site-packages/airflow/example_dags/example_dag_decorator.py took 0.590 seconds
[2024-12-03T16:43:59.907+0000] {processor.py:154} INFO - Started process (PID=6050) to work on /home/airflow/.local/lib/python3.7/site-packages/airflow/example_dags/example_dag_decorator.py
[2024-12-03T16:43:59.908+0000] {processor.py:756} INFO - Processing file /home/airflow/.local/lib/python3.7/site-packages/airflow/example_dags/example_dag_decorator.py for tasks to queue
[2024-12-03T16:43:59.910+0000] {logging_mixin.py:120} INFO - [2024-12-03T16:43:59.910+0000] {dagbag.py:537} INFO - Filling up the DagBag from /home/airflow/.local/lib/python3.7/site-packages/airflow/example_dags/example_dag_decorator.py
[2024-12-03T16:43:59.947+0000] {logging_mixin.py:120} INFO - [2024-12-03T16:43:59.947+0000] {taskmixin.py:205} WARNING - Dependency <Task(_PythonDecoratedOperator): prepare_email>, send_email already registered for DAG: example_dag_decorator
[2024-12-03T16:43:59.948+0000] {logging_mixin.py:120} INFO - [2024-12-03T16:43:59.948+0000] {taskmixin.py:205} WARNING - Dependency <Task(EmailOperator): send_email>, prepare_email already registered for DAG: example_dag_decorator
[2024-12-03T16:43:59.976+0000] {processor.py:766} INFO - DAG(s) dict_keys(['example_dag_decorator']) retrieved from /home/airflow/.local/lib/python3.7/site-packages/airflow/example_dags/example_dag_decorator.py
[2024-12-03T16:44:00.208+0000] {logging_mixin.py:120} INFO - [2024-12-03T16:44:00.208+0000] {dag.py:2585} INFO - Sync 1 DAGs
[2024-12-03T16:44:00.268+0000] {logging_mixin.py:120} INFO - [2024-12-03T16:44:00.267+0000] {dag.py:3340} INFO - Setting next_dagrun for example_dag_decorator to None, run_after=None
[2024-12-03T16:44:00.331+0000] {processor.py:176} INFO - Processing /home/airflow/.local/lib/python3.7/site-packages/airflow/example_dags/example_dag_decorator.py took 0.429 seconds
[2024-12-03T16:44:30.572+0000] {processor.py:154} INFO - Started process (PID=6105) to work on /home/airflow/.local/lib/python3.7/site-packages/airflow/example_dags/example_dag_decorator.py
[2024-12-03T16:44:30.575+0000] {processor.py:756} INFO - Processing file /home/airflow/.local/lib/python3.7/site-packages/airflow/example_dags/example_dag_decorator.py for tasks to queue
[2024-12-03T16:44:30.577+0000] {logging_mixin.py:120} INFO - [2024-12-03T16:44:30.576+0000] {dagbag.py:537} INFO - Filling up the DagBag from /home/airflow/.local/lib/python3.7/site-packages/airflow/example_dags/example_dag_decorator.py
[2024-12-03T16:44:30.598+0000] {logging_mixin.py:120} INFO - [2024-12-03T16:44:30.598+0000] {taskmixin.py:205} WARNING - Dependency <Task(_PythonDecoratedOperator): prepare_email>, send_email already registered for DAG: example_dag_decorator
[2024-12-03T16:44:30.601+0000] {logging_mixin.py:120} INFO - [2024-12-03T16:44:30.600+0000] {taskmixin.py:205} WARNING - Dependency <Task(EmailOperator): send_email>, prepare_email already registered for DAG: example_dag_decorator
[2024-12-03T16:44:30.623+0000] {processor.py:766} INFO - DAG(s) dict_keys(['example_dag_decorator']) retrieved from /home/airflow/.local/lib/python3.7/site-packages/airflow/example_dags/example_dag_decorator.py
[2024-12-03T16:44:30.753+0000] {logging_mixin.py:120} INFO - [2024-12-03T16:44:30.753+0000] {dag.py:2585} INFO - Sync 1 DAGs
[2024-12-03T16:44:30.794+0000] {logging_mixin.py:120} INFO - [2024-12-03T16:44:30.794+0000] {dag.py:3340} INFO - Setting next_dagrun for example_dag_decorator to None, run_after=None
[2024-12-03T16:44:30.846+0000] {processor.py:176} INFO - Processing /home/airflow/.local/lib/python3.7/site-packages/airflow/example_dags/example_dag_decorator.py took 0.280 seconds
[2024-12-03T16:45:01.261+0000] {processor.py:154} INFO - Started process (PID=6175) to work on /home/airflow/.local/lib/python3.7/site-packages/airflow/example_dags/example_dag_decorator.py
[2024-12-03T16:45:01.262+0000] {processor.py:756} INFO - Processing file /home/airflow/.local/lib/python3.7/site-packages/airflow/example_dags/example_dag_decorator.py for tasks to queue
[2024-12-03T16:45:01.264+0000] {logging_mixin.py:120} INFO - [2024-12-03T16:45:01.263+0000] {dagbag.py:537} INFO - Filling up the DagBag from /home/airflow/.local/lib/python3.7/site-packages/airflow/example_dags/example_dag_decorator.py
[2024-12-03T16:45:01.287+0000] {logging_mixin.py:120} INFO - [2024-12-03T16:45:01.287+0000] {taskmixin.py:205} WARNING - Dependency <Task(_PythonDecoratedOperator): prepare_email>, send_email already registered for DAG: example_dag_decorator
[2024-12-03T16:45:01.289+0000] {logging_mixin.py:120} INFO - [2024-12-03T16:45:01.288+0000] {taskmixin.py:205} WARNING - Dependency <Task(EmailOperator): send_email>, prepare_email already registered for DAG: example_dag_decorator
[2024-12-03T16:45:01.306+0000] {processor.py:766} INFO - DAG(s) dict_keys(['example_dag_decorator']) retrieved from /home/airflow/.local/lib/python3.7/site-packages/airflow/example_dags/example_dag_decorator.py
[2024-12-03T16:45:01.440+0000] {logging_mixin.py:120} INFO - [2024-12-03T16:45:01.439+0000] {dag.py:2585} INFO - Sync 1 DAGs
[2024-12-03T16:45:01.479+0000] {logging_mixin.py:120} INFO - [2024-12-03T16:45:01.479+0000] {dag.py:3340} INFO - Setting next_dagrun for example_dag_decorator to None, run_after=None
[2024-12-03T16:45:01.521+0000] {processor.py:176} INFO - Processing /home/airflow/.local/lib/python3.7/site-packages/airflow/example_dags/example_dag_decorator.py took 0.264 seconds
[2024-12-03T16:45:32.381+0000] {processor.py:154} INFO - Started process (PID=6242) to work on /home/airflow/.local/lib/python3.7/site-packages/airflow/example_dags/example_dag_decorator.py
[2024-12-03T16:45:32.383+0000] {processor.py:756} INFO - Processing file /home/airflow/.local/lib/python3.7/site-packages/airflow/example_dags/example_dag_decorator.py for tasks to queue
[2024-12-03T16:45:32.385+0000] {logging_mixin.py:120} INFO - [2024-12-03T16:45:32.385+0000] {dagbag.py:537} INFO - Filling up the DagBag from /home/airflow/.local/lib/python3.7/site-packages/airflow/example_dags/example_dag_decorator.py
[2024-12-03T16:45:32.413+0000] {logging_mixin.py:120} INFO - [2024-12-03T16:45:32.412+0000] {taskmixin.py:205} WARNING - Dependency <Task(_PythonDecoratedOperator): prepare_email>, send_email already registered for DAG: example_dag_decorator
[2024-12-03T16:45:32.414+0000] {logging_mixin.py:120} INFO - [2024-12-03T16:45:32.413+0000] {taskmixin.py:205} WARNING - Dependency <Task(EmailOperator): send_email>, prepare_email already registered for DAG: example_dag_decorator
[2024-12-03T16:45:32.437+0000] {processor.py:766} INFO - DAG(s) dict_keys(['example_dag_decorator']) retrieved from /home/airflow/.local/lib/python3.7/site-packages/airflow/example_dags/example_dag_decorator.py
[2024-12-03T16:45:32.547+0000] {logging_mixin.py:120} INFO - [2024-12-03T16:45:32.547+0000] {dag.py:2585} INFO - Sync 1 DAGs
[2024-12-03T16:45:32.581+0000] {logging_mixin.py:120} INFO - [2024-12-03T16:45:32.581+0000] {dag.py:3340} INFO - Setting next_dagrun for example_dag_decorator to None, run_after=None
[2024-12-03T16:45:32.621+0000] {processor.py:176} INFO - Processing /home/airflow/.local/lib/python3.7/site-packages/airflow/example_dags/example_dag_decorator.py took 0.243 seconds
[2024-12-03T16:46:03.151+0000] {processor.py:154} INFO - Started process (PID=6297) to work on /home/airflow/.local/lib/python3.7/site-packages/airflow/example_dags/example_dag_decorator.py
[2024-12-03T16:46:03.154+0000] {processor.py:756} INFO - Processing file /home/airflow/.local/lib/python3.7/site-packages/airflow/example_dags/example_dag_decorator.py for tasks to queue
[2024-12-03T16:46:03.156+0000] {logging_mixin.py:120} INFO - [2024-12-03T16:46:03.155+0000] {dagbag.py:537} INFO - Filling up the DagBag from /home/airflow/.local/lib/python3.7/site-packages/airflow/example_dags/example_dag_decorator.py
[2024-12-03T16:46:03.177+0000] {logging_mixin.py:120} INFO - [2024-12-03T16:46:03.177+0000] {taskmixin.py:205} WARNING - Dependency <Task(_PythonDecoratedOperator): prepare_email>, send_email already registered for DAG: example_dag_decorator
[2024-12-03T16:46:03.178+0000] {logging_mixin.py:120} INFO - [2024-12-03T16:46:03.178+0000] {taskmixin.py:205} WARNING - Dependency <Task(EmailOperator): send_email>, prepare_email already registered for DAG: example_dag_decorator
[2024-12-03T16:46:03.199+0000] {processor.py:766} INFO - DAG(s) dict_keys(['example_dag_decorator']) retrieved from /home/airflow/.local/lib/python3.7/site-packages/airflow/example_dags/example_dag_decorator.py
[2024-12-03T16:46:03.340+0000] {logging_mixin.py:120} INFO - [2024-12-03T16:46:03.339+0000] {dag.py:2585} INFO - Sync 1 DAGs
[2024-12-03T16:46:03.385+0000] {logging_mixin.py:120} INFO - [2024-12-03T16:46:03.384+0000] {dag.py:3340} INFO - Setting next_dagrun for example_dag_decorator to None, run_after=None
[2024-12-03T16:46:03.429+0000] {processor.py:176} INFO - Processing /home/airflow/.local/lib/python3.7/site-packages/airflow/example_dags/example_dag_decorator.py took 0.286 seconds
[2024-12-03T16:46:34.852+0000] {processor.py:154} INFO - Started process (PID=6370) to work on /home/airflow/.local/lib/python3.7/site-packages/airflow/example_dags/example_dag_decorator.py
[2024-12-03T16:46:34.864+0000] {processor.py:756} INFO - Processing file /home/airflow/.local/lib/python3.7/site-packages/airflow/example_dags/example_dag_decorator.py for tasks to queue
[2024-12-03T16:46:34.873+0000] {logging_mixin.py:120} INFO - [2024-12-03T16:46:34.872+0000] {dagbag.py:537} INFO - Filling up the DagBag from /home/airflow/.local/lib/python3.7/site-packages/airflow/example_dags/example_dag_decorator.py
[2024-12-03T16:46:34.911+0000] {logging_mixin.py:120} INFO - [2024-12-03T16:46:34.911+0000] {taskmixin.py:205} WARNING - Dependency <Task(_PythonDecoratedOperator): prepare_email>, send_email already registered for DAG: example_dag_decorator
[2024-12-03T16:46:34.912+0000] {logging_mixin.py:120} INFO - [2024-12-03T16:46:34.912+0000] {taskmixin.py:205} WARNING - Dependency <Task(EmailOperator): send_email>, prepare_email already registered for DAG: example_dag_decorator
[2024-12-03T16:46:34.973+0000] {processor.py:766} INFO - DAG(s) dict_keys(['example_dag_decorator']) retrieved from /home/airflow/.local/lib/python3.7/site-packages/airflow/example_dags/example_dag_decorator.py
[2024-12-03T16:46:35.318+0000] {logging_mixin.py:120} INFO - [2024-12-03T16:46:35.318+0000] {dag.py:2585} INFO - Sync 1 DAGs
[2024-12-03T16:46:35.391+0000] {logging_mixin.py:120} INFO - [2024-12-03T16:46:35.390+0000] {dag.py:3340} INFO - Setting next_dagrun for example_dag_decorator to None, run_after=None
[2024-12-03T16:46:35.440+0000] {processor.py:176} INFO - Processing /home/airflow/.local/lib/python3.7/site-packages/airflow/example_dags/example_dag_decorator.py took 0.595 seconds
[2024-12-03T16:47:05.633+0000] {processor.py:154} INFO - Started process (PID=6432) to work on /home/airflow/.local/lib/python3.7/site-packages/airflow/example_dags/example_dag_decorator.py
[2024-12-03T16:47:05.635+0000] {processor.py:756} INFO - Processing file /home/airflow/.local/lib/python3.7/site-packages/airflow/example_dags/example_dag_decorator.py for tasks to queue
[2024-12-03T16:47:05.637+0000] {logging_mixin.py:120} INFO - [2024-12-03T16:47:05.637+0000] {dagbag.py:537} INFO - Filling up the DagBag from /home/airflow/.local/lib/python3.7/site-packages/airflow/example_dags/example_dag_decorator.py
[2024-12-03T16:47:05.663+0000] {logging_mixin.py:120} INFO - [2024-12-03T16:47:05.663+0000] {taskmixin.py:205} WARNING - Dependency <Task(_PythonDecoratedOperator): prepare_email>, send_email already registered for DAG: example_dag_decorator
[2024-12-03T16:47:05.665+0000] {logging_mixin.py:120} INFO - [2024-12-03T16:47:05.664+0000] {taskmixin.py:205} WARNING - Dependency <Task(EmailOperator): send_email>, prepare_email already registered for DAG: example_dag_decorator
[2024-12-03T16:47:05.687+0000] {processor.py:766} INFO - DAG(s) dict_keys(['example_dag_decorator']) retrieved from /home/airflow/.local/lib/python3.7/site-packages/airflow/example_dags/example_dag_decorator.py
[2024-12-03T16:47:05.841+0000] {logging_mixin.py:120} INFO - [2024-12-03T16:47:05.840+0000] {dag.py:2585} INFO - Sync 1 DAGs
[2024-12-03T16:47:05.888+0000] {logging_mixin.py:120} INFO - [2024-12-03T16:47:05.888+0000] {dag.py:3340} INFO - Setting next_dagrun for example_dag_decorator to None, run_after=None
[2024-12-03T16:47:05.939+0000] {processor.py:176} INFO - Processing /home/airflow/.local/lib/python3.7/site-packages/airflow/example_dags/example_dag_decorator.py took 0.314 seconds
[2024-12-03T16:47:36.144+0000] {processor.py:154} INFO - Started process (PID=6497) to work on /home/airflow/.local/lib/python3.7/site-packages/airflow/example_dags/example_dag_decorator.py
[2024-12-03T16:47:36.147+0000] {processor.py:756} INFO - Processing file /home/airflow/.local/lib/python3.7/site-packages/airflow/example_dags/example_dag_decorator.py for tasks to queue
[2024-12-03T16:47:36.150+0000] {logging_mixin.py:120} INFO - [2024-12-03T16:47:36.150+0000] {dagbag.py:537} INFO - Filling up the DagBag from /home/airflow/.local/lib/python3.7/site-packages/airflow/example_dags/example_dag_decorator.py
[2024-12-03T16:47:36.192+0000] {logging_mixin.py:120} INFO - [2024-12-03T16:47:36.192+0000] {taskmixin.py:205} WARNING - Dependency <Task(_PythonDecoratedOperator): prepare_email>, send_email already registered for DAG: example_dag_decorator
[2024-12-03T16:47:36.194+0000] {logging_mixin.py:120} INFO - [2024-12-03T16:47:36.194+0000] {taskmixin.py:205} WARNING - Dependency <Task(EmailOperator): send_email>, prepare_email already registered for DAG: example_dag_decorator
[2024-12-03T16:47:36.227+0000] {processor.py:766} INFO - DAG(s) dict_keys(['example_dag_decorator']) retrieved from /home/airflow/.local/lib/python3.7/site-packages/airflow/example_dags/example_dag_decorator.py
[2024-12-03T16:47:36.397+0000] {logging_mixin.py:120} INFO - [2024-12-03T16:47:36.396+0000] {dag.py:2585} INFO - Sync 1 DAGs
[2024-12-03T16:47:36.460+0000] {logging_mixin.py:120} INFO - [2024-12-03T16:47:36.459+0000] {dag.py:3340} INFO - Setting next_dagrun for example_dag_decorator to None, run_after=None
[2024-12-03T16:47:36.503+0000] {processor.py:176} INFO - Processing /home/airflow/.local/lib/python3.7/site-packages/airflow/example_dags/example_dag_decorator.py took 0.366 seconds
[2024-12-03T16:48:08.048+0000] {processor.py:154} INFO - Started process (PID=6561) to work on /home/airflow/.local/lib/python3.7/site-packages/airflow/example_dags/example_dag_decorator.py
[2024-12-03T16:48:08.050+0000] {processor.py:756} INFO - Processing file /home/airflow/.local/lib/python3.7/site-packages/airflow/example_dags/example_dag_decorator.py for tasks to queue
[2024-12-03T16:48:08.052+0000] {logging_mixin.py:120} INFO - [2024-12-03T16:48:08.052+0000] {dagbag.py:537} INFO - Filling up the DagBag from /home/airflow/.local/lib/python3.7/site-packages/airflow/example_dags/example_dag_decorator.py
[2024-12-03T16:48:08.081+0000] {logging_mixin.py:120} INFO - [2024-12-03T16:48:08.081+0000] {taskmixin.py:205} WARNING - Dependency <Task(_PythonDecoratedOperator): prepare_email>, send_email already registered for DAG: example_dag_decorator
[2024-12-03T16:48:08.083+0000] {logging_mixin.py:120} INFO - [2024-12-03T16:48:08.083+0000] {taskmixin.py:205} WARNING - Dependency <Task(EmailOperator): send_email>, prepare_email already registered for DAG: example_dag_decorator
[2024-12-03T16:48:08.102+0000] {processor.py:766} INFO - DAG(s) dict_keys(['example_dag_decorator']) retrieved from /home/airflow/.local/lib/python3.7/site-packages/airflow/example_dags/example_dag_decorator.py
[2024-12-03T16:48:08.254+0000] {logging_mixin.py:120} INFO - [2024-12-03T16:48:08.254+0000] {dag.py:2585} INFO - Sync 1 DAGs
[2024-12-03T16:48:08.305+0000] {logging_mixin.py:120} INFO - [2024-12-03T16:48:08.305+0000] {dag.py:3340} INFO - Setting next_dagrun for example_dag_decorator to None, run_after=None
[2024-12-03T16:48:08.356+0000] {processor.py:176} INFO - Processing /home/airflow/.local/lib/python3.7/site-packages/airflow/example_dags/example_dag_decorator.py took 0.311 seconds
[2024-12-03T16:48:38.940+0000] {processor.py:154} INFO - Started process (PID=6619) to work on /home/airflow/.local/lib/python3.7/site-packages/airflow/example_dags/example_dag_decorator.py
[2024-12-03T16:48:38.942+0000] {processor.py:756} INFO - Processing file /home/airflow/.local/lib/python3.7/site-packages/airflow/example_dags/example_dag_decorator.py for tasks to queue
[2024-12-03T16:48:38.943+0000] {logging_mixin.py:120} INFO - [2024-12-03T16:48:38.943+0000] {dagbag.py:537} INFO - Filling up the DagBag from /home/airflow/.local/lib/python3.7/site-packages/airflow/example_dags/example_dag_decorator.py
[2024-12-03T16:48:38.961+0000] {logging_mixin.py:120} INFO - [2024-12-03T16:48:38.961+0000] {taskmixin.py:205} WARNING - Dependency <Task(_PythonDecoratedOperator): prepare_email>, send_email already registered for DAG: example_dag_decorator
[2024-12-03T16:48:38.962+0000] {logging_mixin.py:120} INFO - [2024-12-03T16:48:38.961+0000] {taskmixin.py:205} WARNING - Dependency <Task(EmailOperator): send_email>, prepare_email already registered for DAG: example_dag_decorator
[2024-12-03T16:48:38.986+0000] {processor.py:766} INFO - DAG(s) dict_keys(['example_dag_decorator']) retrieved from /home/airflow/.local/lib/python3.7/site-packages/airflow/example_dags/example_dag_decorator.py
[2024-12-03T16:48:39.111+0000] {logging_mixin.py:120} INFO - [2024-12-03T16:48:39.111+0000] {dag.py:2585} INFO - Sync 1 DAGs
[2024-12-03T16:48:39.159+0000] {logging_mixin.py:120} INFO - [2024-12-03T16:48:39.159+0000] {dag.py:3340} INFO - Setting next_dagrun for example_dag_decorator to None, run_after=None
[2024-12-03T16:48:39.228+0000] {processor.py:176} INFO - Processing /home/airflow/.local/lib/python3.7/site-packages/airflow/example_dags/example_dag_decorator.py took 0.292 seconds
[2024-12-03T16:49:09.334+0000] {processor.py:154} INFO - Started process (PID=6682) to work on /home/airflow/.local/lib/python3.7/site-packages/airflow/example_dags/example_dag_decorator.py
[2024-12-03T16:49:09.335+0000] {processor.py:756} INFO - Processing file /home/airflow/.local/lib/python3.7/site-packages/airflow/example_dags/example_dag_decorator.py for tasks to queue
[2024-12-03T16:49:09.336+0000] {logging_mixin.py:120} INFO - [2024-12-03T16:49:09.336+0000] {dagbag.py:537} INFO - Filling up the DagBag from /home/airflow/.local/lib/python3.7/site-packages/airflow/example_dags/example_dag_decorator.py
[2024-12-03T16:49:09.354+0000] {logging_mixin.py:120} INFO - [2024-12-03T16:49:09.354+0000] {taskmixin.py:205} WARNING - Dependency <Task(_PythonDecoratedOperator): prepare_email>, send_email already registered for DAG: example_dag_decorator
[2024-12-03T16:49:09.355+0000] {logging_mixin.py:120} INFO - [2024-12-03T16:49:09.355+0000] {taskmixin.py:205} WARNING - Dependency <Task(EmailOperator): send_email>, prepare_email already registered for DAG: example_dag_decorator
[2024-12-03T16:49:09.368+0000] {processor.py:766} INFO - DAG(s) dict_keys(['example_dag_decorator']) retrieved from /home/airflow/.local/lib/python3.7/site-packages/airflow/example_dags/example_dag_decorator.py
[2024-12-03T16:49:09.475+0000] {logging_mixin.py:120} INFO - [2024-12-03T16:49:09.475+0000] {dag.py:2585} INFO - Sync 1 DAGs
[2024-12-03T16:49:09.508+0000] {logging_mixin.py:120} INFO - [2024-12-03T16:49:09.508+0000] {dag.py:3340} INFO - Setting next_dagrun for example_dag_decorator to None, run_after=None
[2024-12-03T16:49:09.543+0000] {processor.py:176} INFO - Processing /home/airflow/.local/lib/python3.7/site-packages/airflow/example_dags/example_dag_decorator.py took 0.212 seconds
[2024-12-03T16:49:39.699+0000] {processor.py:154} INFO - Started process (PID=6737) to work on /home/airflow/.local/lib/python3.7/site-packages/airflow/example_dags/example_dag_decorator.py
[2024-12-03T16:49:39.700+0000] {processor.py:756} INFO - Processing file /home/airflow/.local/lib/python3.7/site-packages/airflow/example_dags/example_dag_decorator.py for tasks to queue
[2024-12-03T16:49:39.702+0000] {logging_mixin.py:120} INFO - [2024-12-03T16:49:39.701+0000] {dagbag.py:537} INFO - Filling up the DagBag from /home/airflow/.local/lib/python3.7/site-packages/airflow/example_dags/example_dag_decorator.py
[2024-12-03T16:49:39.730+0000] {logging_mixin.py:120} INFO - [2024-12-03T16:49:39.729+0000] {taskmixin.py:205} WARNING - Dependency <Task(_PythonDecoratedOperator): prepare_email>, send_email already registered for DAG: example_dag_decorator
[2024-12-03T16:49:39.734+0000] {logging_mixin.py:120} INFO - [2024-12-03T16:49:39.734+0000] {taskmixin.py:205} WARNING - Dependency <Task(EmailOperator): send_email>, prepare_email already registered for DAG: example_dag_decorator
[2024-12-03T16:49:39.761+0000] {processor.py:766} INFO - DAG(s) dict_keys(['example_dag_decorator']) retrieved from /home/airflow/.local/lib/python3.7/site-packages/airflow/example_dags/example_dag_decorator.py
[2024-12-03T16:49:39.911+0000] {logging_mixin.py:120} INFO - [2024-12-03T16:49:39.910+0000] {dag.py:2585} INFO - Sync 1 DAGs
[2024-12-03T16:49:39.948+0000] {logging_mixin.py:120} INFO - [2024-12-03T16:49:39.948+0000] {dag.py:3340} INFO - Setting next_dagrun for example_dag_decorator to None, run_after=None
[2024-12-03T16:49:39.988+0000] {processor.py:176} INFO - Processing /home/airflow/.local/lib/python3.7/site-packages/airflow/example_dags/example_dag_decorator.py took 0.293 seconds
[2024-12-03T16:50:10.209+0000] {processor.py:154} INFO - Started process (PID=6802) to work on /home/airflow/.local/lib/python3.7/site-packages/airflow/example_dags/example_dag_decorator.py
[2024-12-03T16:50:10.211+0000] {processor.py:756} INFO - Processing file /home/airflow/.local/lib/python3.7/site-packages/airflow/example_dags/example_dag_decorator.py for tasks to queue
[2024-12-03T16:50:10.212+0000] {logging_mixin.py:120} INFO - [2024-12-03T16:50:10.212+0000] {dagbag.py:537} INFO - Filling up the DagBag from /home/airflow/.local/lib/python3.7/site-packages/airflow/example_dags/example_dag_decorator.py
[2024-12-03T16:50:10.232+0000] {logging_mixin.py:120} INFO - [2024-12-03T16:50:10.232+0000] {taskmixin.py:205} WARNING - Dependency <Task(_PythonDecoratedOperator): prepare_email>, send_email already registered for DAG: example_dag_decorator
[2024-12-03T16:50:10.234+0000] {logging_mixin.py:120} INFO - [2024-12-03T16:50:10.233+0000] {taskmixin.py:205} WARNING - Dependency <Task(EmailOperator): send_email>, prepare_email already registered for DAG: example_dag_decorator
[2024-12-03T16:50:10.251+0000] {processor.py:766} INFO - DAG(s) dict_keys(['example_dag_decorator']) retrieved from /home/airflow/.local/lib/python3.7/site-packages/airflow/example_dags/example_dag_decorator.py
[2024-12-03T16:50:10.432+0000] {logging_mixin.py:120} INFO - [2024-12-03T16:50:10.432+0000] {dag.py:2585} INFO - Sync 1 DAGs
[2024-12-03T16:50:10.467+0000] {logging_mixin.py:120} INFO - [2024-12-03T16:50:10.467+0000] {dag.py:3340} INFO - Setting next_dagrun for example_dag_decorator to None, run_after=None
[2024-12-03T16:50:10.517+0000] {processor.py:176} INFO - Processing /home/airflow/.local/lib/python3.7/site-packages/airflow/example_dags/example_dag_decorator.py took 0.311 seconds
[2024-12-03T16:50:40.793+0000] {processor.py:154} INFO - Started process (PID=6866) to work on /home/airflow/.local/lib/python3.7/site-packages/airflow/example_dags/example_dag_decorator.py
[2024-12-03T16:50:40.794+0000] {processor.py:756} INFO - Processing file /home/airflow/.local/lib/python3.7/site-packages/airflow/example_dags/example_dag_decorator.py for tasks to queue
[2024-12-03T16:50:40.795+0000] {logging_mixin.py:120} INFO - [2024-12-03T16:50:40.795+0000] {dagbag.py:537} INFO - Filling up the DagBag from /home/airflow/.local/lib/python3.7/site-packages/airflow/example_dags/example_dag_decorator.py
[2024-12-03T16:50:40.814+0000] {logging_mixin.py:120} INFO - [2024-12-03T16:50:40.814+0000] {taskmixin.py:205} WARNING - Dependency <Task(_PythonDecoratedOperator): prepare_email>, send_email already registered for DAG: example_dag_decorator
[2024-12-03T16:50:40.815+0000] {logging_mixin.py:120} INFO - [2024-12-03T16:50:40.814+0000] {taskmixin.py:205} WARNING - Dependency <Task(EmailOperator): send_email>, prepare_email already registered for DAG: example_dag_decorator
[2024-12-03T16:50:40.841+0000] {processor.py:766} INFO - DAG(s) dict_keys(['example_dag_decorator']) retrieved from /home/airflow/.local/lib/python3.7/site-packages/airflow/example_dags/example_dag_decorator.py
[2024-12-03T16:50:40.953+0000] {logging_mixin.py:120} INFO - [2024-12-03T16:50:40.952+0000] {dag.py:2585} INFO - Sync 1 DAGs
[2024-12-03T16:50:40.985+0000] {logging_mixin.py:120} INFO - [2024-12-03T16:50:40.985+0000] {dag.py:3340} INFO - Setting next_dagrun for example_dag_decorator to None, run_after=None
[2024-12-03T16:50:41.040+0000] {processor.py:176} INFO - Processing /home/airflow/.local/lib/python3.7/site-packages/airflow/example_dags/example_dag_decorator.py took 0.249 seconds
[2024-12-03T16:51:11.484+0000] {processor.py:154} INFO - Started process (PID=6922) to work on /home/airflow/.local/lib/python3.7/site-packages/airflow/example_dags/example_dag_decorator.py
[2024-12-03T16:51:11.489+0000] {processor.py:756} INFO - Processing file /home/airflow/.local/lib/python3.7/site-packages/airflow/example_dags/example_dag_decorator.py for tasks to queue
[2024-12-03T16:51:11.494+0000] {logging_mixin.py:120} INFO - [2024-12-03T16:51:11.493+0000] {dagbag.py:537} INFO - Filling up the DagBag from /home/airflow/.local/lib/python3.7/site-packages/airflow/example_dags/example_dag_decorator.py
[2024-12-03T16:51:11.518+0000] {logging_mixin.py:120} INFO - [2024-12-03T16:51:11.517+0000] {taskmixin.py:205} WARNING - Dependency <Task(_PythonDecoratedOperator): prepare_email>, send_email already registered for DAG: example_dag_decorator
[2024-12-03T16:51:11.519+0000] {logging_mixin.py:120} INFO - [2024-12-03T16:51:11.519+0000] {taskmixin.py:205} WARNING - Dependency <Task(EmailOperator): send_email>, prepare_email already registered for DAG: example_dag_decorator
[2024-12-03T16:51:11.551+0000] {processor.py:766} INFO - DAG(s) dict_keys(['example_dag_decorator']) retrieved from /home/airflow/.local/lib/python3.7/site-packages/airflow/example_dags/example_dag_decorator.py
[2024-12-03T16:51:11.711+0000] {logging_mixin.py:120} INFO - [2024-12-03T16:51:11.711+0000] {dag.py:2585} INFO - Sync 1 DAGs
[2024-12-03T16:51:11.750+0000] {logging_mixin.py:120} INFO - [2024-12-03T16:51:11.749+0000] {dag.py:3340} INFO - Setting next_dagrun for example_dag_decorator to None, run_after=None
[2024-12-03T16:51:11.806+0000] {processor.py:176} INFO - Processing /home/airflow/.local/lib/python3.7/site-packages/airflow/example_dags/example_dag_decorator.py took 0.327 seconds
[2024-12-03T16:51:42.507+0000] {processor.py:154} INFO - Started process (PID=6990) to work on /home/airflow/.local/lib/python3.7/site-packages/airflow/example_dags/example_dag_decorator.py
[2024-12-03T16:51:42.509+0000] {processor.py:756} INFO - Processing file /home/airflow/.local/lib/python3.7/site-packages/airflow/example_dags/example_dag_decorator.py for tasks to queue
[2024-12-03T16:51:42.511+0000] {logging_mixin.py:120} INFO - [2024-12-03T16:51:42.511+0000] {dagbag.py:537} INFO - Filling up the DagBag from /home/airflow/.local/lib/python3.7/site-packages/airflow/example_dags/example_dag_decorator.py
[2024-12-03T16:51:42.537+0000] {logging_mixin.py:120} INFO - [2024-12-03T16:51:42.537+0000] {taskmixin.py:205} WARNING - Dependency <Task(_PythonDecoratedOperator): prepare_email>, send_email already registered for DAG: example_dag_decorator
[2024-12-03T16:51:42.540+0000] {logging_mixin.py:120} INFO - [2024-12-03T16:51:42.540+0000] {taskmixin.py:205} WARNING - Dependency <Task(EmailOperator): send_email>, prepare_email already registered for DAG: example_dag_decorator
[2024-12-03T16:51:42.563+0000] {processor.py:766} INFO - DAG(s) dict_keys(['example_dag_decorator']) retrieved from /home/airflow/.local/lib/python3.7/site-packages/airflow/example_dags/example_dag_decorator.py
[2024-12-03T16:51:42.755+0000] {logging_mixin.py:120} INFO - [2024-12-03T16:51:42.755+0000] {dag.py:2585} INFO - Sync 1 DAGs
[2024-12-03T16:51:42.803+0000] {logging_mixin.py:120} INFO - [2024-12-03T16:51:42.803+0000] {dag.py:3340} INFO - Setting next_dagrun for example_dag_decorator to None, run_after=None
[2024-12-03T16:51:42.854+0000] {processor.py:176} INFO - Processing /home/airflow/.local/lib/python3.7/site-packages/airflow/example_dags/example_dag_decorator.py took 0.352 seconds
[2024-12-03T16:52:13.238+0000] {processor.py:154} INFO - Started process (PID=7053) to work on /home/airflow/.local/lib/python3.7/site-packages/airflow/example_dags/example_dag_decorator.py
[2024-12-03T16:52:13.240+0000] {processor.py:756} INFO - Processing file /home/airflow/.local/lib/python3.7/site-packages/airflow/example_dags/example_dag_decorator.py for tasks to queue
[2024-12-03T16:52:13.245+0000] {logging_mixin.py:120} INFO - [2024-12-03T16:52:13.244+0000] {dagbag.py:537} INFO - Filling up the DagBag from /home/airflow/.local/lib/python3.7/site-packages/airflow/example_dags/example_dag_decorator.py
[2024-12-03T16:52:13.300+0000] {logging_mixin.py:120} INFO - [2024-12-03T16:52:13.300+0000] {taskmixin.py:205} WARNING - Dependency <Task(_PythonDecoratedOperator): prepare_email>, send_email already registered for DAG: example_dag_decorator
[2024-12-03T16:52:13.302+0000] {logging_mixin.py:120} INFO - [2024-12-03T16:52:13.302+0000] {taskmixin.py:205} WARNING - Dependency <Task(EmailOperator): send_email>, prepare_email already registered for DAG: example_dag_decorator
[2024-12-03T16:52:13.353+0000] {processor.py:766} INFO - DAG(s) dict_keys(['example_dag_decorator']) retrieved from /home/airflow/.local/lib/python3.7/site-packages/airflow/example_dags/example_dag_decorator.py
[2024-12-03T16:52:13.670+0000] {logging_mixin.py:120} INFO - [2024-12-03T16:52:13.669+0000] {dag.py:2585} INFO - Sync 1 DAGs
[2024-12-03T16:52:13.742+0000] {logging_mixin.py:120} INFO - [2024-12-03T16:52:13.741+0000] {dag.py:3340} INFO - Setting next_dagrun for example_dag_decorator to None, run_after=None
[2024-12-03T16:52:13.807+0000] {processor.py:176} INFO - Processing /home/airflow/.local/lib/python3.7/site-packages/airflow/example_dags/example_dag_decorator.py took 0.581 seconds
[2024-12-03T16:52:44.396+0000] {processor.py:154} INFO - Started process (PID=7108) to work on /home/airflow/.local/lib/python3.7/site-packages/airflow/example_dags/example_dag_decorator.py
[2024-12-03T16:52:44.400+0000] {processor.py:756} INFO - Processing file /home/airflow/.local/lib/python3.7/site-packages/airflow/example_dags/example_dag_decorator.py for tasks to queue
[2024-12-03T16:52:44.403+0000] {logging_mixin.py:120} INFO - [2024-12-03T16:52:44.402+0000] {dagbag.py:537} INFO - Filling up the DagBag from /home/airflow/.local/lib/python3.7/site-packages/airflow/example_dags/example_dag_decorator.py
[2024-12-03T16:52:44.421+0000] {logging_mixin.py:120} INFO - [2024-12-03T16:52:44.420+0000] {taskmixin.py:205} WARNING - Dependency <Task(_PythonDecoratedOperator): prepare_email>, send_email already registered for DAG: example_dag_decorator
[2024-12-03T16:52:44.422+0000] {logging_mixin.py:120} INFO - [2024-12-03T16:52:44.421+0000] {taskmixin.py:205} WARNING - Dependency <Task(EmailOperator): send_email>, prepare_email already registered for DAG: example_dag_decorator
[2024-12-03T16:52:44.438+0000] {processor.py:766} INFO - DAG(s) dict_keys(['example_dag_decorator']) retrieved from /home/airflow/.local/lib/python3.7/site-packages/airflow/example_dags/example_dag_decorator.py
[2024-12-03T16:52:44.561+0000] {logging_mixin.py:120} INFO - [2024-12-03T16:52:44.561+0000] {dag.py:2585} INFO - Sync 1 DAGs
[2024-12-03T16:52:44.597+0000] {logging_mixin.py:120} INFO - [2024-12-03T16:52:44.597+0000] {dag.py:3340} INFO - Setting next_dagrun for example_dag_decorator to None, run_after=None
[2024-12-03T16:52:44.645+0000] {processor.py:176} INFO - Processing /home/airflow/.local/lib/python3.7/site-packages/airflow/example_dags/example_dag_decorator.py took 0.251 seconds
[2024-12-03T16:53:15.169+0000] {processor.py:154} INFO - Started process (PID=7173) to work on /home/airflow/.local/lib/python3.7/site-packages/airflow/example_dags/example_dag_decorator.py
[2024-12-03T16:53:15.171+0000] {processor.py:756} INFO - Processing file /home/airflow/.local/lib/python3.7/site-packages/airflow/example_dags/example_dag_decorator.py for tasks to queue
[2024-12-03T16:53:15.174+0000] {logging_mixin.py:120} INFO - [2024-12-03T16:53:15.174+0000] {dagbag.py:537} INFO - Filling up the DagBag from /home/airflow/.local/lib/python3.7/site-packages/airflow/example_dags/example_dag_decorator.py
[2024-12-03T16:53:15.189+0000] {logging_mixin.py:120} INFO - [2024-12-03T16:53:15.189+0000] {taskmixin.py:205} WARNING - Dependency <Task(_PythonDecoratedOperator): prepare_email>, send_email already registered for DAG: example_dag_decorator
[2024-12-03T16:53:15.189+0000] {logging_mixin.py:120} INFO - [2024-12-03T16:53:15.189+0000] {taskmixin.py:205} WARNING - Dependency <Task(EmailOperator): send_email>, prepare_email already registered for DAG: example_dag_decorator
[2024-12-03T16:53:15.203+0000] {processor.py:766} INFO - DAG(s) dict_keys(['example_dag_decorator']) retrieved from /home/airflow/.local/lib/python3.7/site-packages/airflow/example_dags/example_dag_decorator.py
[2024-12-03T16:53:15.305+0000] {logging_mixin.py:120} INFO - [2024-12-03T16:53:15.305+0000] {dag.py:2585} INFO - Sync 1 DAGs
[2024-12-03T16:53:15.336+0000] {logging_mixin.py:120} INFO - [2024-12-03T16:53:15.336+0000] {dag.py:3340} INFO - Setting next_dagrun for example_dag_decorator to None, run_after=None
[2024-12-03T16:53:15.375+0000] {processor.py:176} INFO - Processing /home/airflow/.local/lib/python3.7/site-packages/airflow/example_dags/example_dag_decorator.py took 0.210 seconds
[2024-12-03T16:53:45.737+0000] {processor.py:154} INFO - Started process (PID=7228) to work on /home/airflow/.local/lib/python3.7/site-packages/airflow/example_dags/example_dag_decorator.py
[2024-12-03T16:53:45.739+0000] {processor.py:756} INFO - Processing file /home/airflow/.local/lib/python3.7/site-packages/airflow/example_dags/example_dag_decorator.py for tasks to queue
[2024-12-03T16:53:45.741+0000] {logging_mixin.py:120} INFO - [2024-12-03T16:53:45.741+0000] {dagbag.py:537} INFO - Filling up the DagBag from /home/airflow/.local/lib/python3.7/site-packages/airflow/example_dags/example_dag_decorator.py
[2024-12-03T16:53:45.767+0000] {logging_mixin.py:120} INFO - [2024-12-03T16:53:45.766+0000] {taskmixin.py:205} WARNING - Dependency <Task(_PythonDecoratedOperator): prepare_email>, send_email already registered for DAG: example_dag_decorator
[2024-12-03T16:53:45.768+0000] {logging_mixin.py:120} INFO - [2024-12-03T16:53:45.768+0000] {taskmixin.py:205} WARNING - Dependency <Task(EmailOperator): send_email>, prepare_email already registered for DAG: example_dag_decorator
[2024-12-03T16:53:45.795+0000] {processor.py:766} INFO - DAG(s) dict_keys(['example_dag_decorator']) retrieved from /home/airflow/.local/lib/python3.7/site-packages/airflow/example_dags/example_dag_decorator.py
[2024-12-03T16:53:45.952+0000] {logging_mixin.py:120} INFO - [2024-12-03T16:53:45.951+0000] {dag.py:2585} INFO - Sync 1 DAGs
[2024-12-03T16:53:45.994+0000] {logging_mixin.py:120} INFO - [2024-12-03T16:53:45.994+0000] {dag.py:3340} INFO - Setting next_dagrun for example_dag_decorator to None, run_after=None
[2024-12-03T16:53:46.055+0000] {processor.py:176} INFO - Processing /home/airflow/.local/lib/python3.7/site-packages/airflow/example_dags/example_dag_decorator.py took 0.321 seconds
[2024-12-03T16:54:16.122+0000] {processor.py:154} INFO - Started process (PID=7291) to work on /home/airflow/.local/lib/python3.7/site-packages/airflow/example_dags/example_dag_decorator.py
[2024-12-03T16:54:16.124+0000] {processor.py:756} INFO - Processing file /home/airflow/.local/lib/python3.7/site-packages/airflow/example_dags/example_dag_decorator.py for tasks to queue
[2024-12-03T16:54:16.125+0000] {logging_mixin.py:120} INFO - [2024-12-03T16:54:16.125+0000] {dagbag.py:537} INFO - Filling up the DagBag from /home/airflow/.local/lib/python3.7/site-packages/airflow/example_dags/example_dag_decorator.py
[2024-12-03T16:54:16.145+0000] {logging_mixin.py:120} INFO - [2024-12-03T16:54:16.145+0000] {taskmixin.py:205} WARNING - Dependency <Task(_PythonDecoratedOperator): prepare_email>, send_email already registered for DAG: example_dag_decorator
[2024-12-03T16:54:16.147+0000] {logging_mixin.py:120} INFO - [2024-12-03T16:54:16.146+0000] {taskmixin.py:205} WARNING - Dependency <Task(EmailOperator): send_email>, prepare_email already registered for DAG: example_dag_decorator
[2024-12-03T16:54:16.160+0000] {processor.py:766} INFO - DAG(s) dict_keys(['example_dag_decorator']) retrieved from /home/airflow/.local/lib/python3.7/site-packages/airflow/example_dags/example_dag_decorator.py
[2024-12-03T16:54:16.268+0000] {logging_mixin.py:120} INFO - [2024-12-03T16:54:16.267+0000] {dag.py:2585} INFO - Sync 1 DAGs
[2024-12-03T16:54:16.298+0000] {logging_mixin.py:120} INFO - [2024-12-03T16:54:16.298+0000] {dag.py:3340} INFO - Setting next_dagrun for example_dag_decorator to None, run_after=None
[2024-12-03T16:54:16.331+0000] {processor.py:176} INFO - Processing /home/airflow/.local/lib/python3.7/site-packages/airflow/example_dags/example_dag_decorator.py took 0.212 seconds
[2024-12-03T16:54:46.453+0000] {processor.py:154} INFO - Started process (PID=7355) to work on /home/airflow/.local/lib/python3.7/site-packages/airflow/example_dags/example_dag_decorator.py
[2024-12-03T16:54:46.459+0000] {processor.py:756} INFO - Processing file /home/airflow/.local/lib/python3.7/site-packages/airflow/example_dags/example_dag_decorator.py for tasks to queue
[2024-12-03T16:54:46.461+0000] {logging_mixin.py:120} INFO - [2024-12-03T16:54:46.460+0000] {dagbag.py:537} INFO - Filling up the DagBag from /home/airflow/.local/lib/python3.7/site-packages/airflow/example_dags/example_dag_decorator.py
[2024-12-03T16:54:46.497+0000] {logging_mixin.py:120} INFO - [2024-12-03T16:54:46.497+0000] {taskmixin.py:205} WARNING - Dependency <Task(_PythonDecoratedOperator): prepare_email>, send_email already registered for DAG: example_dag_decorator
[2024-12-03T16:54:46.499+0000] {logging_mixin.py:120} INFO - [2024-12-03T16:54:46.498+0000] {taskmixin.py:205} WARNING - Dependency <Task(EmailOperator): send_email>, prepare_email already registered for DAG: example_dag_decorator
[2024-12-03T16:54:46.517+0000] {processor.py:766} INFO - DAG(s) dict_keys(['example_dag_decorator']) retrieved from /home/airflow/.local/lib/python3.7/site-packages/airflow/example_dags/example_dag_decorator.py
[2024-12-03T16:54:46.745+0000] {logging_mixin.py:120} INFO - [2024-12-03T16:54:46.744+0000] {dag.py:2585} INFO - Sync 1 DAGs
[2024-12-03T16:54:46.784+0000] {logging_mixin.py:120} INFO - [2024-12-03T16:54:46.783+0000] {dag.py:3340} INFO - Setting next_dagrun for example_dag_decorator to None, run_after=None
[2024-12-03T16:54:46.831+0000] {processor.py:176} INFO - Processing /home/airflow/.local/lib/python3.7/site-packages/airflow/example_dags/example_dag_decorator.py took 0.385 seconds
[2024-12-03T16:55:17.230+0000] {processor.py:154} INFO - Started process (PID=7411) to work on /home/airflow/.local/lib/python3.7/site-packages/airflow/example_dags/example_dag_decorator.py
[2024-12-03T16:55:17.231+0000] {processor.py:756} INFO - Processing file /home/airflow/.local/lib/python3.7/site-packages/airflow/example_dags/example_dag_decorator.py for tasks to queue
[2024-12-03T16:55:17.232+0000] {logging_mixin.py:120} INFO - [2024-12-03T16:55:17.232+0000] {dagbag.py:537} INFO - Filling up the DagBag from /home/airflow/.local/lib/python3.7/site-packages/airflow/example_dags/example_dag_decorator.py
[2024-12-03T16:55:17.251+0000] {logging_mixin.py:120} INFO - [2024-12-03T16:55:17.251+0000] {taskmixin.py:205} WARNING - Dependency <Task(_PythonDecoratedOperator): prepare_email>, send_email already registered for DAG: example_dag_decorator
[2024-12-03T16:55:17.252+0000] {logging_mixin.py:120} INFO - [2024-12-03T16:55:17.251+0000] {taskmixin.py:205} WARNING - Dependency <Task(EmailOperator): send_email>, prepare_email already registered for DAG: example_dag_decorator
[2024-12-03T16:55:17.265+0000] {processor.py:766} INFO - DAG(s) dict_keys(['example_dag_decorator']) retrieved from /home/airflow/.local/lib/python3.7/site-packages/airflow/example_dags/example_dag_decorator.py
[2024-12-03T16:55:17.364+0000] {logging_mixin.py:120} INFO - [2024-12-03T16:55:17.363+0000] {dag.py:2585} INFO - Sync 1 DAGs
[2024-12-03T16:55:17.393+0000] {logging_mixin.py:120} INFO - [2024-12-03T16:55:17.393+0000] {dag.py:3340} INFO - Setting next_dagrun for example_dag_decorator to None, run_after=None
[2024-12-03T16:55:17.427+0000] {processor.py:176} INFO - Processing /home/airflow/.local/lib/python3.7/site-packages/airflow/example_dags/example_dag_decorator.py took 0.200 seconds
[2024-12-03T16:55:47.859+0000] {processor.py:154} INFO - Started process (PID=7481) to work on /home/airflow/.local/lib/python3.7/site-packages/airflow/example_dags/example_dag_decorator.py
[2024-12-03T16:55:47.860+0000] {processor.py:756} INFO - Processing file /home/airflow/.local/lib/python3.7/site-packages/airflow/example_dags/example_dag_decorator.py for tasks to queue
[2024-12-03T16:55:47.862+0000] {logging_mixin.py:120} INFO - [2024-12-03T16:55:47.861+0000] {dagbag.py:537} INFO - Filling up the DagBag from /home/airflow/.local/lib/python3.7/site-packages/airflow/example_dags/example_dag_decorator.py
[2024-12-03T16:55:47.893+0000] {logging_mixin.py:120} INFO - [2024-12-03T16:55:47.893+0000] {taskmixin.py:205} WARNING - Dependency <Task(_PythonDecoratedOperator): prepare_email>, send_email already registered for DAG: example_dag_decorator
[2024-12-03T16:55:47.894+0000] {logging_mixin.py:120} INFO - [2024-12-03T16:55:47.894+0000] {taskmixin.py:205} WARNING - Dependency <Task(EmailOperator): send_email>, prepare_email already registered for DAG: example_dag_decorator
[2024-12-03T16:55:47.914+0000] {processor.py:766} INFO - DAG(s) dict_keys(['example_dag_decorator']) retrieved from /home/airflow/.local/lib/python3.7/site-packages/airflow/example_dags/example_dag_decorator.py
[2024-12-03T16:55:48.126+0000] {logging_mixin.py:120} INFO - [2024-12-03T16:55:48.126+0000] {dag.py:2585} INFO - Sync 1 DAGs
[2024-12-03T16:55:48.198+0000] {logging_mixin.py:120} INFO - [2024-12-03T16:55:48.198+0000] {dag.py:3340} INFO - Setting next_dagrun for example_dag_decorator to None, run_after=None
[2024-12-03T16:55:48.255+0000] {processor.py:176} INFO - Processing /home/airflow/.local/lib/python3.7/site-packages/airflow/example_dags/example_dag_decorator.py took 0.401 seconds
[2024-12-03T16:56:18.916+0000] {processor.py:154} INFO - Started process (PID=7542) to work on /home/airflow/.local/lib/python3.7/site-packages/airflow/example_dags/example_dag_decorator.py
[2024-12-03T16:56:18.917+0000] {processor.py:756} INFO - Processing file /home/airflow/.local/lib/python3.7/site-packages/airflow/example_dags/example_dag_decorator.py for tasks to queue
[2024-12-03T16:56:18.918+0000] {logging_mixin.py:120} INFO - [2024-12-03T16:56:18.918+0000] {dagbag.py:537} INFO - Filling up the DagBag from /home/airflow/.local/lib/python3.7/site-packages/airflow/example_dags/example_dag_decorator.py
[2024-12-03T16:56:18.945+0000] {logging_mixin.py:120} INFO - [2024-12-03T16:56:18.945+0000] {taskmixin.py:205} WARNING - Dependency <Task(_PythonDecoratedOperator): prepare_email>, send_email already registered for DAG: example_dag_decorator
[2024-12-03T16:56:18.946+0000] {logging_mixin.py:120} INFO - [2024-12-03T16:56:18.946+0000] {taskmixin.py:205} WARNING - Dependency <Task(EmailOperator): send_email>, prepare_email already registered for DAG: example_dag_decorator
[2024-12-03T16:56:18.966+0000] {processor.py:766} INFO - DAG(s) dict_keys(['example_dag_decorator']) retrieved from /home/airflow/.local/lib/python3.7/site-packages/airflow/example_dags/example_dag_decorator.py
[2024-12-03T16:56:19.077+0000] {logging_mixin.py:120} INFO - [2024-12-03T16:56:19.076+0000] {dag.py:2585} INFO - Sync 1 DAGs
[2024-12-03T16:56:19.114+0000] {logging_mixin.py:120} INFO - [2024-12-03T16:56:19.113+0000] {dag.py:3340} INFO - Setting next_dagrun for example_dag_decorator to None, run_after=None
[2024-12-03T16:56:19.158+0000] {processor.py:176} INFO - Processing /home/airflow/.local/lib/python3.7/site-packages/airflow/example_dags/example_dag_decorator.py took 0.247 seconds
