[2024-12-03T15:07:55.502+0000] {processor.py:154} INFO - Started process (PID=101) to work on /home/airflow/.local/lib/python3.7/site-packages/airflow/example_dags/example_complex.py
[2024-12-03T15:07:55.504+0000] {processor.py:756} INFO - Processing file /home/airflow/.local/lib/python3.7/site-packages/airflow/example_dags/example_complex.py for tasks to queue
[2024-12-03T15:07:55.507+0000] {logging_mixin.py:120} INFO - [2024-12-03T15:07:55.506+0000] {dagbag.py:537} INFO - Filling up the DagBag from /home/airflow/.local/lib/python3.7/site-packages/airflow/example_dags/example_complex.py
[2024-12-03T15:07:55.529+0000] {logging_mixin.py:120} INFO - [2024-12-03T15:07:55.529+0000] {taskmixin.py:205} WARNING - Dependency <Task(BashOperator): create_entry_group>, delete_entry_group already registered for DAG: example_complex
[2024-12-03T15:07:55.530+0000] {logging_mixin.py:120} INFO - [2024-12-03T15:07:55.530+0000] {taskmixin.py:205} WARNING - Dependency <Task(BashOperator): delete_entry_group>, create_entry_group already registered for DAG: example_complex
[2024-12-03T15:07:55.532+0000] {logging_mixin.py:120} INFO - [2024-12-03T15:07:55.532+0000] {taskmixin.py:205} WARNING - Dependency <Task(BashOperator): create_entry_gcs>, delete_entry already registered for DAG: example_complex
[2024-12-03T15:07:55.533+0000] {logging_mixin.py:120} INFO - [2024-12-03T15:07:55.533+0000] {taskmixin.py:205} WARNING - Dependency <Task(BashOperator): delete_entry>, create_entry_gcs already registered for DAG: example_complex
[2024-12-03T15:07:55.534+0000] {logging_mixin.py:120} INFO - [2024-12-03T15:07:55.534+0000] {taskmixin.py:205} WARNING - Dependency <Task(BashOperator): create_tag>, delete_tag already registered for DAG: example_complex
[2024-12-03T15:07:55.535+0000] {logging_mixin.py:120} INFO - [2024-12-03T15:07:55.535+0000] {taskmixin.py:205} WARNING - Dependency <Task(BashOperator): delete_tag>, create_tag already registered for DAG: example_complex
[2024-12-03T15:07:55.551+0000] {processor.py:766} INFO - DAG(s) dict_keys(['example_complex']) retrieved from /home/airflow/.local/lib/python3.7/site-packages/airflow/example_dags/example_complex.py
[2024-12-03T15:07:55.842+0000] {logging_mixin.py:120} INFO - [2024-12-03T15:07:55.841+0000] {manager.py:507} INFO - Created Permission View: can read on DAG:example_complex
[2024-12-03T15:07:55.865+0000] {logging_mixin.py:120} INFO - [2024-12-03T15:07:55.865+0000] {manager.py:507} INFO - Created Permission View: can delete on DAG:example_complex
[2024-12-03T15:07:55.883+0000] {logging_mixin.py:120} INFO - [2024-12-03T15:07:55.883+0000] {manager.py:507} INFO - Created Permission View: can edit on DAG:example_complex
[2024-12-03T15:07:55.884+0000] {logging_mixin.py:120} INFO - [2024-12-03T15:07:55.884+0000] {dag.py:2585} INFO - Sync 1 DAGs
[2024-12-03T15:07:55.908+0000] {logging_mixin.py:120} INFO - [2024-12-03T15:07:55.908+0000] {dag.py:2606} INFO - Creating ORM DAG for example_complex
[2024-12-03T15:07:55.935+0000] {logging_mixin.py:120} INFO - [2024-12-03T15:07:55.935+0000] {dag.py:3340} INFO - Setting next_dagrun for example_complex to None, run_after=None
[2024-12-03T15:07:55.974+0000] {processor.py:176} INFO - Processing /home/airflow/.local/lib/python3.7/site-packages/airflow/example_dags/example_complex.py took 0.477 seconds
[2024-12-03T15:08:26.258+0000] {processor.py:154} INFO - Started process (PID=156) to work on /home/airflow/.local/lib/python3.7/site-packages/airflow/example_dags/example_complex.py
[2024-12-03T15:08:26.262+0000] {processor.py:756} INFO - Processing file /home/airflow/.local/lib/python3.7/site-packages/airflow/example_dags/example_complex.py for tasks to queue
[2024-12-03T15:08:26.263+0000] {logging_mixin.py:120} INFO - [2024-12-03T15:08:26.263+0000] {dagbag.py:537} INFO - Filling up the DagBag from /home/airflow/.local/lib/python3.7/site-packages/airflow/example_dags/example_complex.py
[2024-12-03T15:08:26.289+0000] {logging_mixin.py:120} INFO - [2024-12-03T15:08:26.289+0000] {taskmixin.py:205} WARNING - Dependency <Task(BashOperator): create_entry_group>, delete_entry_group already registered for DAG: example_complex
[2024-12-03T15:08:26.290+0000] {logging_mixin.py:120} INFO - [2024-12-03T15:08:26.290+0000] {taskmixin.py:205} WARNING - Dependency <Task(BashOperator): delete_entry_group>, create_entry_group already registered for DAG: example_complex
[2024-12-03T15:08:26.291+0000] {logging_mixin.py:120} INFO - [2024-12-03T15:08:26.291+0000] {taskmixin.py:205} WARNING - Dependency <Task(BashOperator): create_entry_gcs>, delete_entry already registered for DAG: example_complex
[2024-12-03T15:08:26.293+0000] {logging_mixin.py:120} INFO - [2024-12-03T15:08:26.292+0000] {taskmixin.py:205} WARNING - Dependency <Task(BashOperator): delete_entry>, create_entry_gcs already registered for DAG: example_complex
[2024-12-03T15:08:26.294+0000] {logging_mixin.py:120} INFO - [2024-12-03T15:08:26.294+0000] {taskmixin.py:205} WARNING - Dependency <Task(BashOperator): create_tag>, delete_tag already registered for DAG: example_complex
[2024-12-03T15:08:26.295+0000] {logging_mixin.py:120} INFO - [2024-12-03T15:08:26.295+0000] {taskmixin.py:205} WARNING - Dependency <Task(BashOperator): delete_tag>, create_tag already registered for DAG: example_complex
[2024-12-03T15:08:26.312+0000] {processor.py:766} INFO - DAG(s) dict_keys(['example_complex']) retrieved from /home/airflow/.local/lib/python3.7/site-packages/airflow/example_dags/example_complex.py
[2024-12-03T15:08:26.398+0000] {logging_mixin.py:120} INFO - [2024-12-03T15:08:26.398+0000] {dag.py:2585} INFO - Sync 1 DAGs
[2024-12-03T15:08:26.443+0000] {logging_mixin.py:120} INFO - [2024-12-03T15:08:26.442+0000] {dag.py:3340} INFO - Setting next_dagrun for example_complex to None, run_after=None
[2024-12-03T15:08:26.485+0000] {processor.py:176} INFO - Processing /home/airflow/.local/lib/python3.7/site-packages/airflow/example_dags/example_complex.py took 0.232 seconds
[2024-12-03T15:08:57.570+0000] {processor.py:154} INFO - Started process (PID=221) to work on /home/airflow/.local/lib/python3.7/site-packages/airflow/example_dags/example_complex.py
[2024-12-03T15:08:57.572+0000] {processor.py:756} INFO - Processing file /home/airflow/.local/lib/python3.7/site-packages/airflow/example_dags/example_complex.py for tasks to queue
[2024-12-03T15:08:57.574+0000] {logging_mixin.py:120} INFO - [2024-12-03T15:08:57.574+0000] {dagbag.py:537} INFO - Filling up the DagBag from /home/airflow/.local/lib/python3.7/site-packages/airflow/example_dags/example_complex.py
[2024-12-03T15:08:57.604+0000] {logging_mixin.py:120} INFO - [2024-12-03T15:08:57.603+0000] {taskmixin.py:205} WARNING - Dependency <Task(BashOperator): create_entry_group>, delete_entry_group already registered for DAG: example_complex
[2024-12-03T15:08:57.607+0000] {logging_mixin.py:120} INFO - [2024-12-03T15:08:57.607+0000] {taskmixin.py:205} WARNING - Dependency <Task(BashOperator): delete_entry_group>, create_entry_group already registered for DAG: example_complex
[2024-12-03T15:08:57.611+0000] {logging_mixin.py:120} INFO - [2024-12-03T15:08:57.610+0000] {taskmixin.py:205} WARNING - Dependency <Task(BashOperator): create_entry_gcs>, delete_entry already registered for DAG: example_complex
[2024-12-03T15:08:57.613+0000] {logging_mixin.py:120} INFO - [2024-12-03T15:08:57.612+0000] {taskmixin.py:205} WARNING - Dependency <Task(BashOperator): delete_entry>, create_entry_gcs already registered for DAG: example_complex
[2024-12-03T15:08:57.616+0000] {logging_mixin.py:120} INFO - [2024-12-03T15:08:57.616+0000] {taskmixin.py:205} WARNING - Dependency <Task(BashOperator): create_tag>, delete_tag already registered for DAG: example_complex
[2024-12-03T15:08:57.617+0000] {logging_mixin.py:120} INFO - [2024-12-03T15:08:57.617+0000] {taskmixin.py:205} WARNING - Dependency <Task(BashOperator): delete_tag>, create_tag already registered for DAG: example_complex
[2024-12-03T15:08:57.635+0000] {processor.py:766} INFO - DAG(s) dict_keys(['example_complex']) retrieved from /home/airflow/.local/lib/python3.7/site-packages/airflow/example_dags/example_complex.py
[2024-12-03T15:08:57.830+0000] {logging_mixin.py:120} INFO - [2024-12-03T15:08:57.830+0000] {dag.py:2585} INFO - Sync 1 DAGs
[2024-12-03T15:08:57.907+0000] {logging_mixin.py:120} INFO - [2024-12-03T15:08:57.906+0000] {dag.py:3340} INFO - Setting next_dagrun for example_complex to None, run_after=None
[2024-12-03T15:08:57.955+0000] {processor.py:176} INFO - Processing /home/airflow/.local/lib/python3.7/site-packages/airflow/example_dags/example_complex.py took 0.392 seconds
[2024-12-03T15:09:29.539+0000] {processor.py:154} INFO - Started process (PID=276) to work on /home/airflow/.local/lib/python3.7/site-packages/airflow/example_dags/example_complex.py
[2024-12-03T15:09:29.542+0000] {processor.py:756} INFO - Processing file /home/airflow/.local/lib/python3.7/site-packages/airflow/example_dags/example_complex.py for tasks to queue
[2024-12-03T15:09:29.544+0000] {logging_mixin.py:120} INFO - [2024-12-03T15:09:29.544+0000] {dagbag.py:537} INFO - Filling up the DagBag from /home/airflow/.local/lib/python3.7/site-packages/airflow/example_dags/example_complex.py
[2024-12-03T15:09:29.564+0000] {logging_mixin.py:120} INFO - [2024-12-03T15:09:29.564+0000] {taskmixin.py:205} WARNING - Dependency <Task(BashOperator): create_entry_group>, delete_entry_group already registered for DAG: example_complex
[2024-12-03T15:09:29.565+0000] {logging_mixin.py:120} INFO - [2024-12-03T15:09:29.565+0000] {taskmixin.py:205} WARNING - Dependency <Task(BashOperator): delete_entry_group>, create_entry_group already registered for DAG: example_complex
[2024-12-03T15:09:29.567+0000] {logging_mixin.py:120} INFO - [2024-12-03T15:09:29.567+0000] {taskmixin.py:205} WARNING - Dependency <Task(BashOperator): create_entry_gcs>, delete_entry already registered for DAG: example_complex
[2024-12-03T15:09:29.568+0000] {logging_mixin.py:120} INFO - [2024-12-03T15:09:29.567+0000] {taskmixin.py:205} WARNING - Dependency <Task(BashOperator): delete_entry>, create_entry_gcs already registered for DAG: example_complex
[2024-12-03T15:09:29.569+0000] {logging_mixin.py:120} INFO - [2024-12-03T15:09:29.569+0000] {taskmixin.py:205} WARNING - Dependency <Task(BashOperator): create_tag>, delete_tag already registered for DAG: example_complex
[2024-12-03T15:09:29.570+0000] {logging_mixin.py:120} INFO - [2024-12-03T15:09:29.570+0000] {taskmixin.py:205} WARNING - Dependency <Task(BashOperator): delete_tag>, create_tag already registered for DAG: example_complex
[2024-12-03T15:09:29.581+0000] {processor.py:766} INFO - DAG(s) dict_keys(['example_complex']) retrieved from /home/airflow/.local/lib/python3.7/site-packages/airflow/example_dags/example_complex.py
[2024-12-03T15:09:29.654+0000] {logging_mixin.py:120} INFO - [2024-12-03T15:09:29.654+0000] {dag.py:2585} INFO - Sync 1 DAGs
[2024-12-03T15:09:29.701+0000] {logging_mixin.py:120} INFO - [2024-12-03T15:09:29.701+0000] {dag.py:3340} INFO - Setting next_dagrun for example_complex to None, run_after=None
[2024-12-03T15:09:29.737+0000] {processor.py:176} INFO - Processing /home/airflow/.local/lib/python3.7/site-packages/airflow/example_dags/example_complex.py took 0.201 seconds
[2024-12-03T15:10:00.887+0000] {processor.py:154} INFO - Started process (PID=331) to work on /home/airflow/.local/lib/python3.7/site-packages/airflow/example_dags/example_complex.py
[2024-12-03T15:10:00.889+0000] {processor.py:756} INFO - Processing file /home/airflow/.local/lib/python3.7/site-packages/airflow/example_dags/example_complex.py for tasks to queue
[2024-12-03T15:10:00.891+0000] {logging_mixin.py:120} INFO - [2024-12-03T15:10:00.890+0000] {dagbag.py:537} INFO - Filling up the DagBag from /home/airflow/.local/lib/python3.7/site-packages/airflow/example_dags/example_complex.py
[2024-12-03T15:10:00.910+0000] {logging_mixin.py:120} INFO - [2024-12-03T15:10:00.910+0000] {taskmixin.py:205} WARNING - Dependency <Task(BashOperator): create_entry_group>, delete_entry_group already registered for DAG: example_complex
[2024-12-03T15:10:00.911+0000] {logging_mixin.py:120} INFO - [2024-12-03T15:10:00.911+0000] {taskmixin.py:205} WARNING - Dependency <Task(BashOperator): delete_entry_group>, create_entry_group already registered for DAG: example_complex
[2024-12-03T15:10:00.912+0000] {logging_mixin.py:120} INFO - [2024-12-03T15:10:00.912+0000] {taskmixin.py:205} WARNING - Dependency <Task(BashOperator): create_entry_gcs>, delete_entry already registered for DAG: example_complex
[2024-12-03T15:10:00.913+0000] {logging_mixin.py:120} INFO - [2024-12-03T15:10:00.913+0000] {taskmixin.py:205} WARNING - Dependency <Task(BashOperator): delete_entry>, create_entry_gcs already registered for DAG: example_complex
[2024-12-03T15:10:00.915+0000] {logging_mixin.py:120} INFO - [2024-12-03T15:10:00.915+0000] {taskmixin.py:205} WARNING - Dependency <Task(BashOperator): create_tag>, delete_tag already registered for DAG: example_complex
[2024-12-03T15:10:00.916+0000] {logging_mixin.py:120} INFO - [2024-12-03T15:10:00.916+0000] {taskmixin.py:205} WARNING - Dependency <Task(BashOperator): delete_tag>, create_tag already registered for DAG: example_complex
[2024-12-03T15:10:00.926+0000] {processor.py:766} INFO - DAG(s) dict_keys(['example_complex']) retrieved from /home/airflow/.local/lib/python3.7/site-packages/airflow/example_dags/example_complex.py
[2024-12-03T15:10:01.027+0000] {logging_mixin.py:120} INFO - [2024-12-03T15:10:01.026+0000] {dag.py:2585} INFO - Sync 1 DAGs
[2024-12-03T15:10:01.082+0000] {logging_mixin.py:120} INFO - [2024-12-03T15:10:01.082+0000] {dag.py:3340} INFO - Setting next_dagrun for example_complex to None, run_after=None
[2024-12-03T15:10:01.131+0000] {processor.py:176} INFO - Processing /home/airflow/.local/lib/python3.7/site-packages/airflow/example_dags/example_complex.py took 0.248 seconds
[2024-12-03T15:10:31.915+0000] {processor.py:154} INFO - Started process (PID=396) to work on /home/airflow/.local/lib/python3.7/site-packages/airflow/example_dags/example_complex.py
[2024-12-03T15:10:31.917+0000] {processor.py:756} INFO - Processing file /home/airflow/.local/lib/python3.7/site-packages/airflow/example_dags/example_complex.py for tasks to queue
[2024-12-03T15:10:31.918+0000] {logging_mixin.py:120} INFO - [2024-12-03T15:10:31.918+0000] {dagbag.py:537} INFO - Filling up the DagBag from /home/airflow/.local/lib/python3.7/site-packages/airflow/example_dags/example_complex.py
[2024-12-03T15:10:31.937+0000] {logging_mixin.py:120} INFO - [2024-12-03T15:10:31.937+0000] {taskmixin.py:205} WARNING - Dependency <Task(BashOperator): create_entry_group>, delete_entry_group already registered for DAG: example_complex
[2024-12-03T15:10:31.938+0000] {logging_mixin.py:120} INFO - [2024-12-03T15:10:31.938+0000] {taskmixin.py:205} WARNING - Dependency <Task(BashOperator): delete_entry_group>, create_entry_group already registered for DAG: example_complex
[2024-12-03T15:10:31.939+0000] {logging_mixin.py:120} INFO - [2024-12-03T15:10:31.939+0000] {taskmixin.py:205} WARNING - Dependency <Task(BashOperator): create_entry_gcs>, delete_entry already registered for DAG: example_complex
[2024-12-03T15:10:31.940+0000] {logging_mixin.py:120} INFO - [2024-12-03T15:10:31.940+0000] {taskmixin.py:205} WARNING - Dependency <Task(BashOperator): delete_entry>, create_entry_gcs already registered for DAG: example_complex
[2024-12-03T15:10:31.942+0000] {logging_mixin.py:120} INFO - [2024-12-03T15:10:31.942+0000] {taskmixin.py:205} WARNING - Dependency <Task(BashOperator): create_tag>, delete_tag already registered for DAG: example_complex
[2024-12-03T15:10:31.942+0000] {logging_mixin.py:120} INFO - [2024-12-03T15:10:31.942+0000] {taskmixin.py:205} WARNING - Dependency <Task(BashOperator): delete_tag>, create_tag already registered for DAG: example_complex
[2024-12-03T15:10:31.954+0000] {processor.py:766} INFO - DAG(s) dict_keys(['example_complex']) retrieved from /home/airflow/.local/lib/python3.7/site-packages/airflow/example_dags/example_complex.py
[2024-12-03T15:10:32.028+0000] {logging_mixin.py:120} INFO - [2024-12-03T15:10:32.027+0000] {dag.py:2585} INFO - Sync 1 DAGs
[2024-12-03T15:10:32.076+0000] {logging_mixin.py:120} INFO - [2024-12-03T15:10:32.075+0000] {dag.py:3340} INFO - Setting next_dagrun for example_complex to None, run_after=None
[2024-12-03T15:10:32.116+0000] {processor.py:176} INFO - Processing /home/airflow/.local/lib/python3.7/site-packages/airflow/example_dags/example_complex.py took 0.204 seconds
[2024-12-03T15:11:02.870+0000] {processor.py:154} INFO - Started process (PID=451) to work on /home/airflow/.local/lib/python3.7/site-packages/airflow/example_dags/example_complex.py
[2024-12-03T15:11:02.872+0000] {processor.py:756} INFO - Processing file /home/airflow/.local/lib/python3.7/site-packages/airflow/example_dags/example_complex.py for tasks to queue
[2024-12-03T15:11:02.874+0000] {logging_mixin.py:120} INFO - [2024-12-03T15:11:02.874+0000] {dagbag.py:537} INFO - Filling up the DagBag from /home/airflow/.local/lib/python3.7/site-packages/airflow/example_dags/example_complex.py
[2024-12-03T15:11:02.894+0000] {logging_mixin.py:120} INFO - [2024-12-03T15:11:02.894+0000] {taskmixin.py:205} WARNING - Dependency <Task(BashOperator): create_entry_group>, delete_entry_group already registered for DAG: example_complex
[2024-12-03T15:11:02.896+0000] {logging_mixin.py:120} INFO - [2024-12-03T15:11:02.895+0000] {taskmixin.py:205} WARNING - Dependency <Task(BashOperator): delete_entry_group>, create_entry_group already registered for DAG: example_complex
[2024-12-03T15:11:02.899+0000] {logging_mixin.py:120} INFO - [2024-12-03T15:11:02.898+0000] {taskmixin.py:205} WARNING - Dependency <Task(BashOperator): create_entry_gcs>, delete_entry already registered for DAG: example_complex
[2024-12-03T15:11:02.901+0000] {logging_mixin.py:120} INFO - [2024-12-03T15:11:02.900+0000] {taskmixin.py:205} WARNING - Dependency <Task(BashOperator): delete_entry>, create_entry_gcs already registered for DAG: example_complex
[2024-12-03T15:11:02.902+0000] {logging_mixin.py:120} INFO - [2024-12-03T15:11:02.902+0000] {taskmixin.py:205} WARNING - Dependency <Task(BashOperator): create_tag>, delete_tag already registered for DAG: example_complex
[2024-12-03T15:11:02.903+0000] {logging_mixin.py:120} INFO - [2024-12-03T15:11:02.903+0000] {taskmixin.py:205} WARNING - Dependency <Task(BashOperator): delete_tag>, create_tag already registered for DAG: example_complex
[2024-12-03T15:11:02.916+0000] {processor.py:766} INFO - DAG(s) dict_keys(['example_complex']) retrieved from /home/airflow/.local/lib/python3.7/site-packages/airflow/example_dags/example_complex.py
[2024-12-03T15:11:03.008+0000] {logging_mixin.py:120} INFO - [2024-12-03T15:11:03.007+0000] {dag.py:2585} INFO - Sync 1 DAGs
[2024-12-03T15:11:03.073+0000] {logging_mixin.py:120} INFO - [2024-12-03T15:11:03.073+0000] {dag.py:3340} INFO - Setting next_dagrun for example_complex to None, run_after=None
[2024-12-03T15:11:03.121+0000] {processor.py:176} INFO - Processing /home/airflow/.local/lib/python3.7/site-packages/airflow/example_dags/example_complex.py took 0.256 seconds
[2024-12-03T15:11:34.366+0000] {processor.py:154} INFO - Started process (PID=516) to work on /home/airflow/.local/lib/python3.7/site-packages/airflow/example_dags/example_complex.py
[2024-12-03T15:11:34.368+0000] {processor.py:756} INFO - Processing file /home/airflow/.local/lib/python3.7/site-packages/airflow/example_dags/example_complex.py for tasks to queue
[2024-12-03T15:11:34.372+0000] {logging_mixin.py:120} INFO - [2024-12-03T15:11:34.371+0000] {dagbag.py:537} INFO - Filling up the DagBag from /home/airflow/.local/lib/python3.7/site-packages/airflow/example_dags/example_complex.py
[2024-12-03T15:11:34.397+0000] {logging_mixin.py:120} INFO - [2024-12-03T15:11:34.397+0000] {taskmixin.py:205} WARNING - Dependency <Task(BashOperator): create_entry_group>, delete_entry_group already registered for DAG: example_complex
[2024-12-03T15:11:34.398+0000] {logging_mixin.py:120} INFO - [2024-12-03T15:11:34.398+0000] {taskmixin.py:205} WARNING - Dependency <Task(BashOperator): delete_entry_group>, create_entry_group already registered for DAG: example_complex
[2024-12-03T15:11:34.400+0000] {logging_mixin.py:120} INFO - [2024-12-03T15:11:34.399+0000] {taskmixin.py:205} WARNING - Dependency <Task(BashOperator): create_entry_gcs>, delete_entry already registered for DAG: example_complex
[2024-12-03T15:11:34.401+0000] {logging_mixin.py:120} INFO - [2024-12-03T15:11:34.400+0000] {taskmixin.py:205} WARNING - Dependency <Task(BashOperator): delete_entry>, create_entry_gcs already registered for DAG: example_complex
[2024-12-03T15:11:34.402+0000] {logging_mixin.py:120} INFO - [2024-12-03T15:11:34.402+0000] {taskmixin.py:205} WARNING - Dependency <Task(BashOperator): create_tag>, delete_tag already registered for DAG: example_complex
[2024-12-03T15:11:34.404+0000] {logging_mixin.py:120} INFO - [2024-12-03T15:11:34.404+0000] {taskmixin.py:205} WARNING - Dependency <Task(BashOperator): delete_tag>, create_tag already registered for DAG: example_complex
[2024-12-03T15:11:34.421+0000] {processor.py:766} INFO - DAG(s) dict_keys(['example_complex']) retrieved from /home/airflow/.local/lib/python3.7/site-packages/airflow/example_dags/example_complex.py
[2024-12-03T15:11:34.532+0000] {logging_mixin.py:120} INFO - [2024-12-03T15:11:34.532+0000] {dag.py:2585} INFO - Sync 1 DAGs
[2024-12-03T15:11:34.595+0000] {logging_mixin.py:120} INFO - [2024-12-03T15:11:34.594+0000] {dag.py:3340} INFO - Setting next_dagrun for example_complex to None, run_after=None
[2024-12-03T15:11:34.644+0000] {processor.py:176} INFO - Processing /home/airflow/.local/lib/python3.7/site-packages/airflow/example_dags/example_complex.py took 0.282 seconds
[2024-12-03T15:12:05.307+0000] {processor.py:154} INFO - Started process (PID=571) to work on /home/airflow/.local/lib/python3.7/site-packages/airflow/example_dags/example_complex.py
[2024-12-03T15:12:05.309+0000] {processor.py:756} INFO - Processing file /home/airflow/.local/lib/python3.7/site-packages/airflow/example_dags/example_complex.py for tasks to queue
[2024-12-03T15:12:05.313+0000] {logging_mixin.py:120} INFO - [2024-12-03T15:12:05.313+0000] {dagbag.py:537} INFO - Filling up the DagBag from /home/airflow/.local/lib/python3.7/site-packages/airflow/example_dags/example_complex.py
[2024-12-03T15:12:05.339+0000] {logging_mixin.py:120} INFO - [2024-12-03T15:12:05.339+0000] {taskmixin.py:205} WARNING - Dependency <Task(BashOperator): create_entry_group>, delete_entry_group already registered for DAG: example_complex
[2024-12-03T15:12:05.341+0000] {logging_mixin.py:120} INFO - [2024-12-03T15:12:05.340+0000] {taskmixin.py:205} WARNING - Dependency <Task(BashOperator): delete_entry_group>, create_entry_group already registered for DAG: example_complex
[2024-12-03T15:12:05.343+0000] {logging_mixin.py:120} INFO - [2024-12-03T15:12:05.342+0000] {taskmixin.py:205} WARNING - Dependency <Task(BashOperator): create_entry_gcs>, delete_entry already registered for DAG: example_complex
[2024-12-03T15:12:05.344+0000] {logging_mixin.py:120} INFO - [2024-12-03T15:12:05.343+0000] {taskmixin.py:205} WARNING - Dependency <Task(BashOperator): delete_entry>, create_entry_gcs already registered for DAG: example_complex
[2024-12-03T15:12:05.346+0000] {logging_mixin.py:120} INFO - [2024-12-03T15:12:05.345+0000] {taskmixin.py:205} WARNING - Dependency <Task(BashOperator): create_tag>, delete_tag already registered for DAG: example_complex
[2024-12-03T15:12:05.347+0000] {logging_mixin.py:120} INFO - [2024-12-03T15:12:05.346+0000] {taskmixin.py:205} WARNING - Dependency <Task(BashOperator): delete_tag>, create_tag already registered for DAG: example_complex
[2024-12-03T15:12:05.368+0000] {processor.py:766} INFO - DAG(s) dict_keys(['example_complex']) retrieved from /home/airflow/.local/lib/python3.7/site-packages/airflow/example_dags/example_complex.py
[2024-12-03T15:12:05.452+0000] {logging_mixin.py:120} INFO - [2024-12-03T15:12:05.452+0000] {dag.py:2585} INFO - Sync 1 DAGs
[2024-12-03T15:12:05.501+0000] {logging_mixin.py:120} INFO - [2024-12-03T15:12:05.501+0000] {dag.py:3340} INFO - Setting next_dagrun for example_complex to None, run_after=None
[2024-12-03T15:12:05.573+0000] {processor.py:176} INFO - Processing /home/airflow/.local/lib/python3.7/site-packages/airflow/example_dags/example_complex.py took 0.274 seconds
[2024-12-03T15:12:36.298+0000] {processor.py:154} INFO - Started process (PID=635) to work on /home/airflow/.local/lib/python3.7/site-packages/airflow/example_dags/example_complex.py
[2024-12-03T15:12:36.300+0000] {processor.py:756} INFO - Processing file /home/airflow/.local/lib/python3.7/site-packages/airflow/example_dags/example_complex.py for tasks to queue
[2024-12-03T15:12:36.302+0000] {logging_mixin.py:120} INFO - [2024-12-03T15:12:36.302+0000] {dagbag.py:537} INFO - Filling up the DagBag from /home/airflow/.local/lib/python3.7/site-packages/airflow/example_dags/example_complex.py
[2024-12-03T15:12:36.320+0000] {logging_mixin.py:120} INFO - [2024-12-03T15:12:36.320+0000] {taskmixin.py:205} WARNING - Dependency <Task(BashOperator): create_entry_group>, delete_entry_group already registered for DAG: example_complex
[2024-12-03T15:12:36.321+0000] {logging_mixin.py:120} INFO - [2024-12-03T15:12:36.321+0000] {taskmixin.py:205} WARNING - Dependency <Task(BashOperator): delete_entry_group>, create_entry_group already registered for DAG: example_complex
[2024-12-03T15:12:36.323+0000] {logging_mixin.py:120} INFO - [2024-12-03T15:12:36.322+0000] {taskmixin.py:205} WARNING - Dependency <Task(BashOperator): create_entry_gcs>, delete_entry already registered for DAG: example_complex
[2024-12-03T15:12:36.324+0000] {logging_mixin.py:120} INFO - [2024-12-03T15:12:36.323+0000] {taskmixin.py:205} WARNING - Dependency <Task(BashOperator): delete_entry>, create_entry_gcs already registered for DAG: example_complex
[2024-12-03T15:12:36.325+0000] {logging_mixin.py:120} INFO - [2024-12-03T15:12:36.325+0000] {taskmixin.py:205} WARNING - Dependency <Task(BashOperator): create_tag>, delete_tag already registered for DAG: example_complex
[2024-12-03T15:12:36.326+0000] {logging_mixin.py:120} INFO - [2024-12-03T15:12:36.326+0000] {taskmixin.py:205} WARNING - Dependency <Task(BashOperator): delete_tag>, create_tag already registered for DAG: example_complex
[2024-12-03T15:12:36.345+0000] {processor.py:766} INFO - DAG(s) dict_keys(['example_complex']) retrieved from /home/airflow/.local/lib/python3.7/site-packages/airflow/example_dags/example_complex.py
[2024-12-03T15:12:36.444+0000] {logging_mixin.py:120} INFO - [2024-12-03T15:12:36.443+0000] {dag.py:2585} INFO - Sync 1 DAGs
[2024-12-03T15:12:36.503+0000] {logging_mixin.py:120} INFO - [2024-12-03T15:12:36.503+0000] {dag.py:3340} INFO - Setting next_dagrun for example_complex to None, run_after=None
[2024-12-03T15:12:36.550+0000] {processor.py:176} INFO - Processing /home/airflow/.local/lib/python3.7/site-packages/airflow/example_dags/example_complex.py took 0.256 seconds
[2024-12-03T15:13:07.120+0000] {processor.py:154} INFO - Started process (PID=690) to work on /home/airflow/.local/lib/python3.7/site-packages/airflow/example_dags/example_complex.py
[2024-12-03T15:13:07.122+0000] {processor.py:756} INFO - Processing file /home/airflow/.local/lib/python3.7/site-packages/airflow/example_dags/example_complex.py for tasks to queue
[2024-12-03T15:13:07.124+0000] {logging_mixin.py:120} INFO - [2024-12-03T15:13:07.124+0000] {dagbag.py:537} INFO - Filling up the DagBag from /home/airflow/.local/lib/python3.7/site-packages/airflow/example_dags/example_complex.py
[2024-12-03T15:13:07.148+0000] {logging_mixin.py:120} INFO - [2024-12-03T15:13:07.148+0000] {taskmixin.py:205} WARNING - Dependency <Task(BashOperator): create_entry_group>, delete_entry_group already registered for DAG: example_complex
[2024-12-03T15:13:07.149+0000] {logging_mixin.py:120} INFO - [2024-12-03T15:13:07.149+0000] {taskmixin.py:205} WARNING - Dependency <Task(BashOperator): delete_entry_group>, create_entry_group already registered for DAG: example_complex
[2024-12-03T15:13:07.150+0000] {logging_mixin.py:120} INFO - [2024-12-03T15:13:07.150+0000] {taskmixin.py:205} WARNING - Dependency <Task(BashOperator): create_entry_gcs>, delete_entry already registered for DAG: example_complex
[2024-12-03T15:13:07.151+0000] {logging_mixin.py:120} INFO - [2024-12-03T15:13:07.151+0000] {taskmixin.py:205} WARNING - Dependency <Task(BashOperator): delete_entry>, create_entry_gcs already registered for DAG: example_complex
[2024-12-03T15:13:07.152+0000] {logging_mixin.py:120} INFO - [2024-12-03T15:13:07.152+0000] {taskmixin.py:205} WARNING - Dependency <Task(BashOperator): create_tag>, delete_tag already registered for DAG: example_complex
[2024-12-03T15:13:07.153+0000] {logging_mixin.py:120} INFO - [2024-12-03T15:13:07.153+0000] {taskmixin.py:205} WARNING - Dependency <Task(BashOperator): delete_tag>, create_tag already registered for DAG: example_complex
[2024-12-03T15:13:07.169+0000] {processor.py:766} INFO - DAG(s) dict_keys(['example_complex']) retrieved from /home/airflow/.local/lib/python3.7/site-packages/airflow/example_dags/example_complex.py
[2024-12-03T15:13:07.260+0000] {logging_mixin.py:120} INFO - [2024-12-03T15:13:07.260+0000] {dag.py:2585} INFO - Sync 1 DAGs
[2024-12-03T15:13:07.313+0000] {logging_mixin.py:120} INFO - [2024-12-03T15:13:07.313+0000] {dag.py:3340} INFO - Setting next_dagrun for example_complex to None, run_after=None
[2024-12-03T15:13:07.357+0000] {processor.py:176} INFO - Processing /home/airflow/.local/lib/python3.7/site-packages/airflow/example_dags/example_complex.py took 0.242 seconds
[2024-12-03T15:13:38.218+0000] {processor.py:154} INFO - Started process (PID=753) to work on /home/airflow/.local/lib/python3.7/site-packages/airflow/example_dags/example_complex.py
[2024-12-03T15:13:38.223+0000] {processor.py:756} INFO - Processing file /home/airflow/.local/lib/python3.7/site-packages/airflow/example_dags/example_complex.py for tasks to queue
[2024-12-03T15:13:38.228+0000] {logging_mixin.py:120} INFO - [2024-12-03T15:13:38.228+0000] {dagbag.py:537} INFO - Filling up the DagBag from /home/airflow/.local/lib/python3.7/site-packages/airflow/example_dags/example_complex.py
[2024-12-03T15:13:38.274+0000] {logging_mixin.py:120} INFO - [2024-12-03T15:13:38.273+0000] {taskmixin.py:205} WARNING - Dependency <Task(BashOperator): create_entry_group>, delete_entry_group already registered for DAG: example_complex
[2024-12-03T15:13:38.277+0000] {logging_mixin.py:120} INFO - [2024-12-03T15:13:38.276+0000] {taskmixin.py:205} WARNING - Dependency <Task(BashOperator): delete_entry_group>, create_entry_group already registered for DAG: example_complex
[2024-12-03T15:13:38.278+0000] {logging_mixin.py:120} INFO - [2024-12-03T15:13:38.278+0000] {taskmixin.py:205} WARNING - Dependency <Task(BashOperator): create_entry_gcs>, delete_entry already registered for DAG: example_complex
[2024-12-03T15:13:38.280+0000] {logging_mixin.py:120} INFO - [2024-12-03T15:13:38.280+0000] {taskmixin.py:205} WARNING - Dependency <Task(BashOperator): delete_entry>, create_entry_gcs already registered for DAG: example_complex
[2024-12-03T15:13:38.283+0000] {logging_mixin.py:120} INFO - [2024-12-03T15:13:38.282+0000] {taskmixin.py:205} WARNING - Dependency <Task(BashOperator): create_tag>, delete_tag already registered for DAG: example_complex
[2024-12-03T15:13:38.284+0000] {logging_mixin.py:120} INFO - [2024-12-03T15:13:38.283+0000] {taskmixin.py:205} WARNING - Dependency <Task(BashOperator): delete_tag>, create_tag already registered for DAG: example_complex
[2024-12-03T15:13:38.298+0000] {processor.py:766} INFO - DAG(s) dict_keys(['example_complex']) retrieved from /home/airflow/.local/lib/python3.7/site-packages/airflow/example_dags/example_complex.py
[2024-12-03T15:13:38.431+0000] {logging_mixin.py:120} INFO - [2024-12-03T15:13:38.431+0000] {dag.py:2585} INFO - Sync 1 DAGs
[2024-12-03T15:13:38.497+0000] {logging_mixin.py:120} INFO - [2024-12-03T15:13:38.496+0000] {dag.py:3340} INFO - Setting next_dagrun for example_complex to None, run_after=None
[2024-12-03T15:13:38.564+0000] {processor.py:176} INFO - Processing /home/airflow/.local/lib/python3.7/site-packages/airflow/example_dags/example_complex.py took 0.351 seconds
[2024-12-03T15:14:09.228+0000] {processor.py:154} INFO - Started process (PID=810) to work on /home/airflow/.local/lib/python3.7/site-packages/airflow/example_dags/example_complex.py
[2024-12-03T15:14:09.231+0000] {processor.py:756} INFO - Processing file /home/airflow/.local/lib/python3.7/site-packages/airflow/example_dags/example_complex.py for tasks to queue
[2024-12-03T15:14:09.235+0000] {logging_mixin.py:120} INFO - [2024-12-03T15:14:09.233+0000] {dagbag.py:537} INFO - Filling up the DagBag from /home/airflow/.local/lib/python3.7/site-packages/airflow/example_dags/example_complex.py
[2024-12-03T15:14:09.300+0000] {logging_mixin.py:120} INFO - [2024-12-03T15:14:09.299+0000] {taskmixin.py:205} WARNING - Dependency <Task(BashOperator): create_entry_group>, delete_entry_group already registered for DAG: example_complex
[2024-12-03T15:14:09.301+0000] {logging_mixin.py:120} INFO - [2024-12-03T15:14:09.300+0000] {taskmixin.py:205} WARNING - Dependency <Task(BashOperator): delete_entry_group>, create_entry_group already registered for DAG: example_complex
[2024-12-03T15:14:09.302+0000] {logging_mixin.py:120} INFO - [2024-12-03T15:14:09.302+0000] {taskmixin.py:205} WARNING - Dependency <Task(BashOperator): create_entry_gcs>, delete_entry already registered for DAG: example_complex
[2024-12-03T15:14:09.303+0000] {logging_mixin.py:120} INFO - [2024-12-03T15:14:09.303+0000] {taskmixin.py:205} WARNING - Dependency <Task(BashOperator): delete_entry>, create_entry_gcs already registered for DAG: example_complex
[2024-12-03T15:14:09.305+0000] {logging_mixin.py:120} INFO - [2024-12-03T15:14:09.304+0000] {taskmixin.py:205} WARNING - Dependency <Task(BashOperator): create_tag>, delete_tag already registered for DAG: example_complex
[2024-12-03T15:14:09.306+0000] {logging_mixin.py:120} INFO - [2024-12-03T15:14:09.306+0000] {taskmixin.py:205} WARNING - Dependency <Task(BashOperator): delete_tag>, create_tag already registered for DAG: example_complex
[2024-12-03T15:14:09.420+0000] {processor.py:766} INFO - DAG(s) dict_keys(['example_complex']) retrieved from /home/airflow/.local/lib/python3.7/site-packages/airflow/example_dags/example_complex.py
[2024-12-03T15:14:09.736+0000] {logging_mixin.py:120} INFO - [2024-12-03T15:14:09.735+0000] {dag.py:2585} INFO - Sync 1 DAGs
[2024-12-03T15:14:09.955+0000] {logging_mixin.py:120} INFO - [2024-12-03T15:14:09.954+0000] {dag.py:3340} INFO - Setting next_dagrun for example_complex to None, run_after=None
[2024-12-03T15:14:10.023+0000] {processor.py:176} INFO - Processing /home/airflow/.local/lib/python3.7/site-packages/airflow/example_dags/example_complex.py took 0.804 seconds
[2024-12-03T15:14:40.179+0000] {processor.py:154} INFO - Started process (PID=865) to work on /home/airflow/.local/lib/python3.7/site-packages/airflow/example_dags/example_complex.py
[2024-12-03T15:14:40.181+0000] {processor.py:756} INFO - Processing file /home/airflow/.local/lib/python3.7/site-packages/airflow/example_dags/example_complex.py for tasks to queue
[2024-12-03T15:14:40.183+0000] {logging_mixin.py:120} INFO - [2024-12-03T15:14:40.183+0000] {dagbag.py:537} INFO - Filling up the DagBag from /home/airflow/.local/lib/python3.7/site-packages/airflow/example_dags/example_complex.py
[2024-12-03T15:14:40.202+0000] {logging_mixin.py:120} INFO - [2024-12-03T15:14:40.201+0000] {taskmixin.py:205} WARNING - Dependency <Task(BashOperator): create_entry_group>, delete_entry_group already registered for DAG: example_complex
[2024-12-03T15:14:40.203+0000] {logging_mixin.py:120} INFO - [2024-12-03T15:14:40.203+0000] {taskmixin.py:205} WARNING - Dependency <Task(BashOperator): delete_entry_group>, create_entry_group already registered for DAG: example_complex
[2024-12-03T15:14:40.204+0000] {logging_mixin.py:120} INFO - [2024-12-03T15:14:40.204+0000] {taskmixin.py:205} WARNING - Dependency <Task(BashOperator): create_entry_gcs>, delete_entry already registered for DAG: example_complex
[2024-12-03T15:14:40.206+0000] {logging_mixin.py:120} INFO - [2024-12-03T15:14:40.205+0000] {taskmixin.py:205} WARNING - Dependency <Task(BashOperator): delete_entry>, create_entry_gcs already registered for DAG: example_complex
[2024-12-03T15:14:40.207+0000] {logging_mixin.py:120} INFO - [2024-12-03T15:14:40.207+0000] {taskmixin.py:205} WARNING - Dependency <Task(BashOperator): create_tag>, delete_tag already registered for DAG: example_complex
[2024-12-03T15:14:40.208+0000] {logging_mixin.py:120} INFO - [2024-12-03T15:14:40.208+0000] {taskmixin.py:205} WARNING - Dependency <Task(BashOperator): delete_tag>, create_tag already registered for DAG: example_complex
[2024-12-03T15:14:40.223+0000] {processor.py:766} INFO - DAG(s) dict_keys(['example_complex']) retrieved from /home/airflow/.local/lib/python3.7/site-packages/airflow/example_dags/example_complex.py
[2024-12-03T15:14:40.307+0000] {logging_mixin.py:120} INFO - [2024-12-03T15:14:40.306+0000] {dag.py:2585} INFO - Sync 1 DAGs
[2024-12-03T15:14:40.361+0000] {logging_mixin.py:120} INFO - [2024-12-03T15:14:40.361+0000] {dag.py:3340} INFO - Setting next_dagrun for example_complex to None, run_after=None
[2024-12-03T15:14:40.405+0000] {processor.py:176} INFO - Processing /home/airflow/.local/lib/python3.7/site-packages/airflow/example_dags/example_complex.py took 0.232 seconds
[2024-12-03T15:15:10.600+0000] {processor.py:154} INFO - Started process (PID=920) to work on /home/airflow/.local/lib/python3.7/site-packages/airflow/example_dags/example_complex.py
[2024-12-03T15:15:10.602+0000] {processor.py:756} INFO - Processing file /home/airflow/.local/lib/python3.7/site-packages/airflow/example_dags/example_complex.py for tasks to queue
[2024-12-03T15:15:10.604+0000] {logging_mixin.py:120} INFO - [2024-12-03T15:15:10.603+0000] {dagbag.py:537} INFO - Filling up the DagBag from /home/airflow/.local/lib/python3.7/site-packages/airflow/example_dags/example_complex.py
[2024-12-03T15:15:10.625+0000] {logging_mixin.py:120} INFO - [2024-12-03T15:15:10.624+0000] {taskmixin.py:205} WARNING - Dependency <Task(BashOperator): create_entry_group>, delete_entry_group already registered for DAG: example_complex
[2024-12-03T15:15:10.627+0000] {logging_mixin.py:120} INFO - [2024-12-03T15:15:10.626+0000] {taskmixin.py:205} WARNING - Dependency <Task(BashOperator): delete_entry_group>, create_entry_group already registered for DAG: example_complex
[2024-12-03T15:15:10.628+0000] {logging_mixin.py:120} INFO - [2024-12-03T15:15:10.628+0000] {taskmixin.py:205} WARNING - Dependency <Task(BashOperator): create_entry_gcs>, delete_entry already registered for DAG: example_complex
[2024-12-03T15:15:10.630+0000] {logging_mixin.py:120} INFO - [2024-12-03T15:15:10.629+0000] {taskmixin.py:205} WARNING - Dependency <Task(BashOperator): delete_entry>, create_entry_gcs already registered for DAG: example_complex
[2024-12-03T15:15:10.632+0000] {logging_mixin.py:120} INFO - [2024-12-03T15:15:10.631+0000] {taskmixin.py:205} WARNING - Dependency <Task(BashOperator): create_tag>, delete_tag already registered for DAG: example_complex
[2024-12-03T15:15:10.633+0000] {logging_mixin.py:120} INFO - [2024-12-03T15:15:10.632+0000] {taskmixin.py:205} WARNING - Dependency <Task(BashOperator): delete_tag>, create_tag already registered for DAG: example_complex
[2024-12-03T15:15:10.646+0000] {processor.py:766} INFO - DAG(s) dict_keys(['example_complex']) retrieved from /home/airflow/.local/lib/python3.7/site-packages/airflow/example_dags/example_complex.py
[2024-12-03T15:15:10.741+0000] {logging_mixin.py:120} INFO - [2024-12-03T15:15:10.741+0000] {dag.py:2585} INFO - Sync 1 DAGs
[2024-12-03T15:15:10.805+0000] {logging_mixin.py:120} INFO - [2024-12-03T15:15:10.804+0000] {dag.py:3340} INFO - Setting next_dagrun for example_complex to None, run_after=None
[2024-12-03T15:15:10.857+0000] {processor.py:176} INFO - Processing /home/airflow/.local/lib/python3.7/site-packages/airflow/example_dags/example_complex.py took 0.263 seconds
[2024-12-03T15:15:41.599+0000] {processor.py:154} INFO - Started process (PID=987) to work on /home/airflow/.local/lib/python3.7/site-packages/airflow/example_dags/example_complex.py
[2024-12-03T15:15:41.601+0000] {processor.py:756} INFO - Processing file /home/airflow/.local/lib/python3.7/site-packages/airflow/example_dags/example_complex.py for tasks to queue
[2024-12-03T15:15:41.605+0000] {logging_mixin.py:120} INFO - [2024-12-03T15:15:41.604+0000] {dagbag.py:537} INFO - Filling up the DagBag from /home/airflow/.local/lib/python3.7/site-packages/airflow/example_dags/example_complex.py
[2024-12-03T15:15:41.648+0000] {logging_mixin.py:120} INFO - [2024-12-03T15:15:41.648+0000] {taskmixin.py:205} WARNING - Dependency <Task(BashOperator): create_entry_group>, delete_entry_group already registered for DAG: example_complex
[2024-12-03T15:15:41.650+0000] {logging_mixin.py:120} INFO - [2024-12-03T15:15:41.649+0000] {taskmixin.py:205} WARNING - Dependency <Task(BashOperator): delete_entry_group>, create_entry_group already registered for DAG: example_complex
[2024-12-03T15:15:41.652+0000] {logging_mixin.py:120} INFO - [2024-12-03T15:15:41.652+0000] {taskmixin.py:205} WARNING - Dependency <Task(BashOperator): create_entry_gcs>, delete_entry already registered for DAG: example_complex
[2024-12-03T15:15:41.654+0000] {logging_mixin.py:120} INFO - [2024-12-03T15:15:41.653+0000] {taskmixin.py:205} WARNING - Dependency <Task(BashOperator): delete_entry>, create_entry_gcs already registered for DAG: example_complex
[2024-12-03T15:15:41.656+0000] {logging_mixin.py:120} INFO - [2024-12-03T15:15:41.655+0000] {taskmixin.py:205} WARNING - Dependency <Task(BashOperator): create_tag>, delete_tag already registered for DAG: example_complex
[2024-12-03T15:15:41.657+0000] {logging_mixin.py:120} INFO - [2024-12-03T15:15:41.657+0000] {taskmixin.py:205} WARNING - Dependency <Task(BashOperator): delete_tag>, create_tag already registered for DAG: example_complex
[2024-12-03T15:15:41.689+0000] {processor.py:766} INFO - DAG(s) dict_keys(['example_complex']) retrieved from /home/airflow/.local/lib/python3.7/site-packages/airflow/example_dags/example_complex.py
[2024-12-03T15:15:41.829+0000] {logging_mixin.py:120} INFO - [2024-12-03T15:15:41.829+0000] {dag.py:2585} INFO - Sync 1 DAGs
[2024-12-03T15:15:41.897+0000] {logging_mixin.py:120} INFO - [2024-12-03T15:15:41.896+0000] {dag.py:3340} INFO - Setting next_dagrun for example_complex to None, run_after=None
[2024-12-03T15:15:41.956+0000] {processor.py:176} INFO - Processing /home/airflow/.local/lib/python3.7/site-packages/airflow/example_dags/example_complex.py took 0.364 seconds
[2024-12-03T15:16:12.865+0000] {processor.py:154} INFO - Started process (PID=1043) to work on /home/airflow/.local/lib/python3.7/site-packages/airflow/example_dags/example_complex.py
[2024-12-03T15:16:12.867+0000] {processor.py:756} INFO - Processing file /home/airflow/.local/lib/python3.7/site-packages/airflow/example_dags/example_complex.py for tasks to queue
[2024-12-03T15:16:12.868+0000] {logging_mixin.py:120} INFO - [2024-12-03T15:16:12.868+0000] {dagbag.py:537} INFO - Filling up the DagBag from /home/airflow/.local/lib/python3.7/site-packages/airflow/example_dags/example_complex.py
[2024-12-03T15:16:12.891+0000] {logging_mixin.py:120} INFO - [2024-12-03T15:16:12.891+0000] {taskmixin.py:205} WARNING - Dependency <Task(BashOperator): create_entry_group>, delete_entry_group already registered for DAG: example_complex
[2024-12-03T15:16:12.892+0000] {logging_mixin.py:120} INFO - [2024-12-03T15:16:12.892+0000] {taskmixin.py:205} WARNING - Dependency <Task(BashOperator): delete_entry_group>, create_entry_group already registered for DAG: example_complex
[2024-12-03T15:16:12.893+0000] {logging_mixin.py:120} INFO - [2024-12-03T15:16:12.893+0000] {taskmixin.py:205} WARNING - Dependency <Task(BashOperator): create_entry_gcs>, delete_entry already registered for DAG: example_complex
[2024-12-03T15:16:12.894+0000] {logging_mixin.py:120} INFO - [2024-12-03T15:16:12.894+0000] {taskmixin.py:205} WARNING - Dependency <Task(BashOperator): delete_entry>, create_entry_gcs already registered for DAG: example_complex
[2024-12-03T15:16:12.895+0000] {logging_mixin.py:120} INFO - [2024-12-03T15:16:12.895+0000] {taskmixin.py:205} WARNING - Dependency <Task(BashOperator): create_tag>, delete_tag already registered for DAG: example_complex
[2024-12-03T15:16:12.896+0000] {logging_mixin.py:120} INFO - [2024-12-03T15:16:12.896+0000] {taskmixin.py:205} WARNING - Dependency <Task(BashOperator): delete_tag>, create_tag already registered for DAG: example_complex
[2024-12-03T15:16:12.912+0000] {processor.py:766} INFO - DAG(s) dict_keys(['example_complex']) retrieved from /home/airflow/.local/lib/python3.7/site-packages/airflow/example_dags/example_complex.py
[2024-12-03T15:16:13.023+0000] {logging_mixin.py:120} INFO - [2024-12-03T15:16:13.022+0000] {dag.py:2585} INFO - Sync 1 DAGs
[2024-12-03T15:16:13.072+0000] {logging_mixin.py:120} INFO - [2024-12-03T15:16:13.072+0000] {dag.py:3340} INFO - Setting next_dagrun for example_complex to None, run_after=None
[2024-12-03T15:16:13.123+0000] {processor.py:176} INFO - Processing /home/airflow/.local/lib/python3.7/site-packages/airflow/example_dags/example_complex.py took 0.263 seconds
[2024-12-03T15:16:43.630+0000] {processor.py:154} INFO - Started process (PID=1098) to work on /home/airflow/.local/lib/python3.7/site-packages/airflow/example_dags/example_complex.py
[2024-12-03T15:16:43.632+0000] {processor.py:756} INFO - Processing file /home/airflow/.local/lib/python3.7/site-packages/airflow/example_dags/example_complex.py for tasks to queue
[2024-12-03T15:16:43.634+0000] {logging_mixin.py:120} INFO - [2024-12-03T15:16:43.634+0000] {dagbag.py:537} INFO - Filling up the DagBag from /home/airflow/.local/lib/python3.7/site-packages/airflow/example_dags/example_complex.py
[2024-12-03T15:16:43.653+0000] {logging_mixin.py:120} INFO - [2024-12-03T15:16:43.653+0000] {taskmixin.py:205} WARNING - Dependency <Task(BashOperator): create_entry_group>, delete_entry_group already registered for DAG: example_complex
[2024-12-03T15:16:43.655+0000] {logging_mixin.py:120} INFO - [2024-12-03T15:16:43.654+0000] {taskmixin.py:205} WARNING - Dependency <Task(BashOperator): delete_entry_group>, create_entry_group already registered for DAG: example_complex
[2024-12-03T15:16:43.656+0000] {logging_mixin.py:120} INFO - [2024-12-03T15:16:43.655+0000] {taskmixin.py:205} WARNING - Dependency <Task(BashOperator): create_entry_gcs>, delete_entry already registered for DAG: example_complex
[2024-12-03T15:16:43.657+0000] {logging_mixin.py:120} INFO - [2024-12-03T15:16:43.657+0000] {taskmixin.py:205} WARNING - Dependency <Task(BashOperator): delete_entry>, create_entry_gcs already registered for DAG: example_complex
[2024-12-03T15:16:43.658+0000] {logging_mixin.py:120} INFO - [2024-12-03T15:16:43.658+0000] {taskmixin.py:205} WARNING - Dependency <Task(BashOperator): create_tag>, delete_tag already registered for DAG: example_complex
[2024-12-03T15:16:43.659+0000] {logging_mixin.py:120} INFO - [2024-12-03T15:16:43.659+0000] {taskmixin.py:205} WARNING - Dependency <Task(BashOperator): delete_tag>, create_tag already registered for DAG: example_complex
[2024-12-03T15:16:43.681+0000] {processor.py:766} INFO - DAG(s) dict_keys(['example_complex']) retrieved from /home/airflow/.local/lib/python3.7/site-packages/airflow/example_dags/example_complex.py
[2024-12-03T15:16:43.738+0000] {logging_mixin.py:120} INFO - [2024-12-03T15:16:43.737+0000] {dag.py:2585} INFO - Sync 1 DAGs
[2024-12-03T15:16:43.796+0000] {logging_mixin.py:120} INFO - [2024-12-03T15:16:43.795+0000] {dag.py:3340} INFO - Setting next_dagrun for example_complex to None, run_after=None
[2024-12-03T15:16:43.866+0000] {processor.py:176} INFO - Processing /home/airflow/.local/lib/python3.7/site-packages/airflow/example_dags/example_complex.py took 0.243 seconds
[2024-12-03T15:17:15.064+0000] {processor.py:154} INFO - Started process (PID=1162) to work on /home/airflow/.local/lib/python3.7/site-packages/airflow/example_dags/example_complex.py
[2024-12-03T15:17:15.066+0000] {processor.py:756} INFO - Processing file /home/airflow/.local/lib/python3.7/site-packages/airflow/example_dags/example_complex.py for tasks to queue
[2024-12-03T15:17:15.068+0000] {logging_mixin.py:120} INFO - [2024-12-03T15:17:15.067+0000] {dagbag.py:537} INFO - Filling up the DagBag from /home/airflow/.local/lib/python3.7/site-packages/airflow/example_dags/example_complex.py
[2024-12-03T15:17:15.087+0000] {logging_mixin.py:120} INFO - [2024-12-03T15:17:15.086+0000] {taskmixin.py:205} WARNING - Dependency <Task(BashOperator): create_entry_group>, delete_entry_group already registered for DAG: example_complex
[2024-12-03T15:17:15.088+0000] {logging_mixin.py:120} INFO - [2024-12-03T15:17:15.088+0000] {taskmixin.py:205} WARNING - Dependency <Task(BashOperator): delete_entry_group>, create_entry_group already registered for DAG: example_complex
[2024-12-03T15:17:15.089+0000] {logging_mixin.py:120} INFO - [2024-12-03T15:17:15.089+0000] {taskmixin.py:205} WARNING - Dependency <Task(BashOperator): create_entry_gcs>, delete_entry already registered for DAG: example_complex
[2024-12-03T15:17:15.090+0000] {logging_mixin.py:120} INFO - [2024-12-03T15:17:15.090+0000] {taskmixin.py:205} WARNING - Dependency <Task(BashOperator): delete_entry>, create_entry_gcs already registered for DAG: example_complex
[2024-12-03T15:17:15.091+0000] {logging_mixin.py:120} INFO - [2024-12-03T15:17:15.091+0000] {taskmixin.py:205} WARNING - Dependency <Task(BashOperator): create_tag>, delete_tag already registered for DAG: example_complex
[2024-12-03T15:17:15.092+0000] {logging_mixin.py:120} INFO - [2024-12-03T15:17:15.092+0000] {taskmixin.py:205} WARNING - Dependency <Task(BashOperator): delete_tag>, create_tag already registered for DAG: example_complex
[2024-12-03T15:17:15.109+0000] {processor.py:766} INFO - DAG(s) dict_keys(['example_complex']) retrieved from /home/airflow/.local/lib/python3.7/site-packages/airflow/example_dags/example_complex.py
[2024-12-03T15:17:15.181+0000] {logging_mixin.py:120} INFO - [2024-12-03T15:17:15.180+0000] {dag.py:2585} INFO - Sync 1 DAGs
[2024-12-03T15:17:15.222+0000] {logging_mixin.py:120} INFO - [2024-12-03T15:17:15.222+0000] {dag.py:3340} INFO - Setting next_dagrun for example_complex to None, run_after=None
[2024-12-03T15:17:15.263+0000] {processor.py:176} INFO - Processing /home/airflow/.local/lib/python3.7/site-packages/airflow/example_dags/example_complex.py took 0.204 seconds
[2024-12-03T15:18:01.439+0000] {processor.py:154} INFO - Started process (PID=83) to work on /home/airflow/.local/lib/python3.7/site-packages/airflow/example_dags/example_complex.py
[2024-12-03T15:18:01.440+0000] {processor.py:756} INFO - Processing file /home/airflow/.local/lib/python3.7/site-packages/airflow/example_dags/example_complex.py for tasks to queue
[2024-12-03T15:18:01.442+0000] {logging_mixin.py:120} INFO - [2024-12-03T15:18:01.442+0000] {dagbag.py:537} INFO - Filling up the DagBag from /home/airflow/.local/lib/python3.7/site-packages/airflow/example_dags/example_complex.py
[2024-12-03T15:18:01.459+0000] {logging_mixin.py:120} INFO - [2024-12-03T15:18:01.459+0000] {taskmixin.py:205} WARNING - Dependency <Task(BashOperator): create_entry_group>, delete_entry_group already registered for DAG: example_complex
[2024-12-03T15:18:01.460+0000] {logging_mixin.py:120} INFO - [2024-12-03T15:18:01.460+0000] {taskmixin.py:205} WARNING - Dependency <Task(BashOperator): delete_entry_group>, create_entry_group already registered for DAG: example_complex
[2024-12-03T15:18:01.461+0000] {logging_mixin.py:120} INFO - [2024-12-03T15:18:01.461+0000] {taskmixin.py:205} WARNING - Dependency <Task(BashOperator): create_entry_gcs>, delete_entry already registered for DAG: example_complex
[2024-12-03T15:18:01.462+0000] {logging_mixin.py:120} INFO - [2024-12-03T15:18:01.462+0000] {taskmixin.py:205} WARNING - Dependency <Task(BashOperator): delete_entry>, create_entry_gcs already registered for DAG: example_complex
[2024-12-03T15:18:01.463+0000] {logging_mixin.py:120} INFO - [2024-12-03T15:18:01.463+0000] {taskmixin.py:205} WARNING - Dependency <Task(BashOperator): create_tag>, delete_tag already registered for DAG: example_complex
[2024-12-03T15:18:01.464+0000] {logging_mixin.py:120} INFO - [2024-12-03T15:18:01.464+0000] {taskmixin.py:205} WARNING - Dependency <Task(BashOperator): delete_tag>, create_tag already registered for DAG: example_complex
[2024-12-03T15:18:01.481+0000] {processor.py:766} INFO - DAG(s) dict_keys(['example_complex']) retrieved from /home/airflow/.local/lib/python3.7/site-packages/airflow/example_dags/example_complex.py
[2024-12-03T15:18:01.708+0000] {logging_mixin.py:120} INFO - [2024-12-03T15:18:01.708+0000] {dag.py:2585} INFO - Sync 1 DAGs
[2024-12-03T15:18:01.755+0000] {logging_mixin.py:120} INFO - [2024-12-03T15:18:01.755+0000] {dag.py:3340} INFO - Setting next_dagrun for example_complex to None, run_after=None
[2024-12-03T15:18:01.801+0000] {processor.py:176} INFO - Processing /home/airflow/.local/lib/python3.7/site-packages/airflow/example_dags/example_complex.py took 0.367 seconds
[2024-12-03T15:18:33.389+0000] {processor.py:154} INFO - Started process (PID=147) to work on /home/airflow/.local/lib/python3.7/site-packages/airflow/example_dags/example_complex.py
[2024-12-03T15:18:33.390+0000] {processor.py:756} INFO - Processing file /home/airflow/.local/lib/python3.7/site-packages/airflow/example_dags/example_complex.py for tasks to queue
[2024-12-03T15:18:33.392+0000] {logging_mixin.py:120} INFO - [2024-12-03T15:18:33.391+0000] {dagbag.py:537} INFO - Filling up the DagBag from /home/airflow/.local/lib/python3.7/site-packages/airflow/example_dags/example_complex.py
[2024-12-03T15:18:33.405+0000] {logging_mixin.py:120} INFO - [2024-12-03T15:18:33.405+0000] {taskmixin.py:205} WARNING - Dependency <Task(BashOperator): create_entry_group>, delete_entry_group already registered for DAG: example_complex
[2024-12-03T15:18:33.407+0000] {logging_mixin.py:120} INFO - [2024-12-03T15:18:33.406+0000] {taskmixin.py:205} WARNING - Dependency <Task(BashOperator): delete_entry_group>, create_entry_group already registered for DAG: example_complex
[2024-12-03T15:18:33.408+0000] {logging_mixin.py:120} INFO - [2024-12-03T15:18:33.408+0000] {taskmixin.py:205} WARNING - Dependency <Task(BashOperator): create_entry_gcs>, delete_entry already registered for DAG: example_complex
[2024-12-03T15:18:33.409+0000] {logging_mixin.py:120} INFO - [2024-12-03T15:18:33.408+0000] {taskmixin.py:205} WARNING - Dependency <Task(BashOperator): delete_entry>, create_entry_gcs already registered for DAG: example_complex
[2024-12-03T15:18:33.411+0000] {logging_mixin.py:120} INFO - [2024-12-03T15:18:33.410+0000] {taskmixin.py:205} WARNING - Dependency <Task(BashOperator): create_tag>, delete_tag already registered for DAG: example_complex
[2024-12-03T15:18:33.412+0000] {logging_mixin.py:120} INFO - [2024-12-03T15:18:33.411+0000] {taskmixin.py:205} WARNING - Dependency <Task(BashOperator): delete_tag>, create_tag already registered for DAG: example_complex
[2024-12-03T15:18:33.422+0000] {processor.py:766} INFO - DAG(s) dict_keys(['example_complex']) retrieved from /home/airflow/.local/lib/python3.7/site-packages/airflow/example_dags/example_complex.py
[2024-12-03T15:18:33.489+0000] {logging_mixin.py:120} INFO - [2024-12-03T15:18:33.489+0000] {dag.py:2585} INFO - Sync 1 DAGs
[2024-12-03T15:18:33.542+0000] {logging_mixin.py:120} INFO - [2024-12-03T15:18:33.542+0000] {dag.py:3340} INFO - Setting next_dagrun for example_complex to None, run_after=None
[2024-12-03T15:18:33.586+0000] {processor.py:176} INFO - Processing /home/airflow/.local/lib/python3.7/site-packages/airflow/example_dags/example_complex.py took 0.200 seconds
[2024-12-03T15:19:04.231+0000] {processor.py:154} INFO - Started process (PID=204) to work on /home/airflow/.local/lib/python3.7/site-packages/airflow/example_dags/example_complex.py
[2024-12-03T15:19:04.233+0000] {processor.py:756} INFO - Processing file /home/airflow/.local/lib/python3.7/site-packages/airflow/example_dags/example_complex.py for tasks to queue
[2024-12-03T15:19:04.235+0000] {logging_mixin.py:120} INFO - [2024-12-03T15:19:04.234+0000] {dagbag.py:537} INFO - Filling up the DagBag from /home/airflow/.local/lib/python3.7/site-packages/airflow/example_dags/example_complex.py
[2024-12-03T15:19:04.257+0000] {logging_mixin.py:120} INFO - [2024-12-03T15:19:04.256+0000] {taskmixin.py:205} WARNING - Dependency <Task(BashOperator): create_entry_group>, delete_entry_group already registered for DAG: example_complex
[2024-12-03T15:19:04.258+0000] {logging_mixin.py:120} INFO - [2024-12-03T15:19:04.258+0000] {taskmixin.py:205} WARNING - Dependency <Task(BashOperator): delete_entry_group>, create_entry_group already registered for DAG: example_complex
[2024-12-03T15:19:04.259+0000] {logging_mixin.py:120} INFO - [2024-12-03T15:19:04.259+0000] {taskmixin.py:205} WARNING - Dependency <Task(BashOperator): create_entry_gcs>, delete_entry already registered for DAG: example_complex
[2024-12-03T15:19:04.260+0000] {logging_mixin.py:120} INFO - [2024-12-03T15:19:04.260+0000] {taskmixin.py:205} WARNING - Dependency <Task(BashOperator): delete_entry>, create_entry_gcs already registered for DAG: example_complex
[2024-12-03T15:19:04.261+0000] {logging_mixin.py:120} INFO - [2024-12-03T15:19:04.261+0000] {taskmixin.py:205} WARNING - Dependency <Task(BashOperator): create_tag>, delete_tag already registered for DAG: example_complex
[2024-12-03T15:19:04.262+0000] {logging_mixin.py:120} INFO - [2024-12-03T15:19:04.262+0000] {taskmixin.py:205} WARNING - Dependency <Task(BashOperator): delete_tag>, create_tag already registered for DAG: example_complex
[2024-12-03T15:19:04.280+0000] {processor.py:766} INFO - DAG(s) dict_keys(['example_complex']) retrieved from /home/airflow/.local/lib/python3.7/site-packages/airflow/example_dags/example_complex.py
[2024-12-03T15:19:04.408+0000] {logging_mixin.py:120} INFO - [2024-12-03T15:19:04.407+0000] {dag.py:2585} INFO - Sync 1 DAGs
[2024-12-03T15:19:04.451+0000] {logging_mixin.py:120} INFO - [2024-12-03T15:19:04.450+0000] {dag.py:3340} INFO - Setting next_dagrun for example_complex to None, run_after=None
[2024-12-03T15:19:04.491+0000] {processor.py:176} INFO - Processing /home/airflow/.local/lib/python3.7/site-packages/airflow/example_dags/example_complex.py took 0.265 seconds
[2024-12-03T15:19:35.331+0000] {processor.py:154} INFO - Started process (PID=268) to work on /home/airflow/.local/lib/python3.7/site-packages/airflow/example_dags/example_complex.py
[2024-12-03T15:19:35.332+0000] {processor.py:756} INFO - Processing file /home/airflow/.local/lib/python3.7/site-packages/airflow/example_dags/example_complex.py for tasks to queue
[2024-12-03T15:19:35.334+0000] {logging_mixin.py:120} INFO - [2024-12-03T15:19:35.333+0000] {dagbag.py:537} INFO - Filling up the DagBag from /home/airflow/.local/lib/python3.7/site-packages/airflow/example_dags/example_complex.py
[2024-12-03T15:19:35.349+0000] {logging_mixin.py:120} INFO - [2024-12-03T15:19:35.349+0000] {taskmixin.py:205} WARNING - Dependency <Task(BashOperator): create_entry_group>, delete_entry_group already registered for DAG: example_complex
[2024-12-03T15:19:35.350+0000] {logging_mixin.py:120} INFO - [2024-12-03T15:19:35.350+0000] {taskmixin.py:205} WARNING - Dependency <Task(BashOperator): delete_entry_group>, create_entry_group already registered for DAG: example_complex
[2024-12-03T15:19:35.352+0000] {logging_mixin.py:120} INFO - [2024-12-03T15:19:35.351+0000] {taskmixin.py:205} WARNING - Dependency <Task(BashOperator): create_entry_gcs>, delete_entry already registered for DAG: example_complex
[2024-12-03T15:19:35.353+0000] {logging_mixin.py:120} INFO - [2024-12-03T15:19:35.353+0000] {taskmixin.py:205} WARNING - Dependency <Task(BashOperator): delete_entry>, create_entry_gcs already registered for DAG: example_complex
[2024-12-03T15:19:35.355+0000] {logging_mixin.py:120} INFO - [2024-12-03T15:19:35.354+0000] {taskmixin.py:205} WARNING - Dependency <Task(BashOperator): create_tag>, delete_tag already registered for DAG: example_complex
[2024-12-03T15:19:35.356+0000] {logging_mixin.py:120} INFO - [2024-12-03T15:19:35.356+0000] {taskmixin.py:205} WARNING - Dependency <Task(BashOperator): delete_tag>, create_tag already registered for DAG: example_complex
[2024-12-03T15:19:35.365+0000] {processor.py:766} INFO - DAG(s) dict_keys(['example_complex']) retrieved from /home/airflow/.local/lib/python3.7/site-packages/airflow/example_dags/example_complex.py
[2024-12-03T15:19:35.428+0000] {logging_mixin.py:120} INFO - [2024-12-03T15:19:35.428+0000] {dag.py:2585} INFO - Sync 1 DAGs
[2024-12-03T15:19:35.463+0000] {logging_mixin.py:120} INFO - [2024-12-03T15:19:35.462+0000] {dag.py:3340} INFO - Setting next_dagrun for example_complex to None, run_after=None
[2024-12-03T15:19:35.497+0000] {processor.py:176} INFO - Processing /home/airflow/.local/lib/python3.7/site-packages/airflow/example_dags/example_complex.py took 0.170 seconds
[2024-12-03T15:20:06.647+0000] {processor.py:154} INFO - Started process (PID=323) to work on /home/airflow/.local/lib/python3.7/site-packages/airflow/example_dags/example_complex.py
[2024-12-03T15:20:06.649+0000] {processor.py:756} INFO - Processing file /home/airflow/.local/lib/python3.7/site-packages/airflow/example_dags/example_complex.py for tasks to queue
[2024-12-03T15:20:06.651+0000] {logging_mixin.py:120} INFO - [2024-12-03T15:20:06.651+0000] {dagbag.py:537} INFO - Filling up the DagBag from /home/airflow/.local/lib/python3.7/site-packages/airflow/example_dags/example_complex.py
[2024-12-03T15:20:06.670+0000] {logging_mixin.py:120} INFO - [2024-12-03T15:20:06.669+0000] {taskmixin.py:205} WARNING - Dependency <Task(BashOperator): create_entry_group>, delete_entry_group already registered for DAG: example_complex
[2024-12-03T15:20:06.671+0000] {logging_mixin.py:120} INFO - [2024-12-03T15:20:06.670+0000] {taskmixin.py:205} WARNING - Dependency <Task(BashOperator): delete_entry_group>, create_entry_group already registered for DAG: example_complex
[2024-12-03T15:20:06.672+0000] {logging_mixin.py:120} INFO - [2024-12-03T15:20:06.671+0000] {taskmixin.py:205} WARNING - Dependency <Task(BashOperator): create_entry_gcs>, delete_entry already registered for DAG: example_complex
[2024-12-03T15:20:06.672+0000] {logging_mixin.py:120} INFO - [2024-12-03T15:20:06.672+0000] {taskmixin.py:205} WARNING - Dependency <Task(BashOperator): delete_entry>, create_entry_gcs already registered for DAG: example_complex
[2024-12-03T15:20:06.674+0000] {logging_mixin.py:120} INFO - [2024-12-03T15:20:06.673+0000] {taskmixin.py:205} WARNING - Dependency <Task(BashOperator): create_tag>, delete_tag already registered for DAG: example_complex
[2024-12-03T15:20:06.675+0000] {logging_mixin.py:120} INFO - [2024-12-03T15:20:06.674+0000] {taskmixin.py:205} WARNING - Dependency <Task(BashOperator): delete_tag>, create_tag already registered for DAG: example_complex
[2024-12-03T15:20:06.688+0000] {processor.py:766} INFO - DAG(s) dict_keys(['example_complex']) retrieved from /home/airflow/.local/lib/python3.7/site-packages/airflow/example_dags/example_complex.py
[2024-12-03T15:20:06.765+0000] {logging_mixin.py:120} INFO - [2024-12-03T15:20:06.764+0000] {dag.py:2585} INFO - Sync 1 DAGs
[2024-12-03T15:20:06.815+0000] {logging_mixin.py:120} INFO - [2024-12-03T15:20:06.814+0000] {dag.py:3340} INFO - Setting next_dagrun for example_complex to None, run_after=None
[2024-12-03T15:20:06.872+0000] {processor.py:176} INFO - Processing /home/airflow/.local/lib/python3.7/site-packages/airflow/example_dags/example_complex.py took 0.229 seconds
[2024-12-03T15:20:37.469+0000] {processor.py:154} INFO - Started process (PID=388) to work on /home/airflow/.local/lib/python3.7/site-packages/airflow/example_dags/example_complex.py
[2024-12-03T15:20:37.472+0000] {processor.py:756} INFO - Processing file /home/airflow/.local/lib/python3.7/site-packages/airflow/example_dags/example_complex.py for tasks to queue
[2024-12-03T15:20:37.476+0000] {logging_mixin.py:120} INFO - [2024-12-03T15:20:37.476+0000] {dagbag.py:537} INFO - Filling up the DagBag from /home/airflow/.local/lib/python3.7/site-packages/airflow/example_dags/example_complex.py
[2024-12-03T15:20:37.494+0000] {logging_mixin.py:120} INFO - [2024-12-03T15:20:37.494+0000] {taskmixin.py:205} WARNING - Dependency <Task(BashOperator): create_entry_group>, delete_entry_group already registered for DAG: example_complex
[2024-12-03T15:20:37.494+0000] {logging_mixin.py:120} INFO - [2024-12-03T15:20:37.494+0000] {taskmixin.py:205} WARNING - Dependency <Task(BashOperator): delete_entry_group>, create_entry_group already registered for DAG: example_complex
[2024-12-03T15:20:37.495+0000] {logging_mixin.py:120} INFO - [2024-12-03T15:20:37.495+0000] {taskmixin.py:205} WARNING - Dependency <Task(BashOperator): create_entry_gcs>, delete_entry already registered for DAG: example_complex
[2024-12-03T15:20:37.496+0000] {logging_mixin.py:120} INFO - [2024-12-03T15:20:37.496+0000] {taskmixin.py:205} WARNING - Dependency <Task(BashOperator): delete_entry>, create_entry_gcs already registered for DAG: example_complex
[2024-12-03T15:20:37.497+0000] {logging_mixin.py:120} INFO - [2024-12-03T15:20:37.497+0000] {taskmixin.py:205} WARNING - Dependency <Task(BashOperator): create_tag>, delete_tag already registered for DAG: example_complex
[2024-12-03T15:20:37.498+0000] {logging_mixin.py:120} INFO - [2024-12-03T15:20:37.498+0000] {taskmixin.py:205} WARNING - Dependency <Task(BashOperator): delete_tag>, create_tag already registered for DAG: example_complex
[2024-12-03T15:20:37.509+0000] {processor.py:766} INFO - DAG(s) dict_keys(['example_complex']) retrieved from /home/airflow/.local/lib/python3.7/site-packages/airflow/example_dags/example_complex.py
[2024-12-03T15:20:37.568+0000] {logging_mixin.py:120} INFO - [2024-12-03T15:20:37.568+0000] {dag.py:2585} INFO - Sync 1 DAGs
[2024-12-03T15:20:37.602+0000] {logging_mixin.py:120} INFO - [2024-12-03T15:20:37.602+0000] {dag.py:3340} INFO - Setting next_dagrun for example_complex to None, run_after=None
[2024-12-03T15:20:37.646+0000] {processor.py:176} INFO - Processing /home/airflow/.local/lib/python3.7/site-packages/airflow/example_dags/example_complex.py took 0.184 seconds
[2024-12-03T15:21:08.381+0000] {processor.py:154} INFO - Started process (PID=443) to work on /home/airflow/.local/lib/python3.7/site-packages/airflow/example_dags/example_complex.py
[2024-12-03T15:21:08.383+0000] {processor.py:756} INFO - Processing file /home/airflow/.local/lib/python3.7/site-packages/airflow/example_dags/example_complex.py for tasks to queue
[2024-12-03T15:21:08.384+0000] {logging_mixin.py:120} INFO - [2024-12-03T15:21:08.384+0000] {dagbag.py:537} INFO - Filling up the DagBag from /home/airflow/.local/lib/python3.7/site-packages/airflow/example_dags/example_complex.py
[2024-12-03T15:21:08.397+0000] {logging_mixin.py:120} INFO - [2024-12-03T15:21:08.397+0000] {taskmixin.py:205} WARNING - Dependency <Task(BashOperator): create_entry_group>, delete_entry_group already registered for DAG: example_complex
[2024-12-03T15:21:08.398+0000] {logging_mixin.py:120} INFO - [2024-12-03T15:21:08.397+0000] {taskmixin.py:205} WARNING - Dependency <Task(BashOperator): delete_entry_group>, create_entry_group already registered for DAG: example_complex
[2024-12-03T15:21:08.398+0000] {logging_mixin.py:120} INFO - [2024-12-03T15:21:08.398+0000] {taskmixin.py:205} WARNING - Dependency <Task(BashOperator): create_entry_gcs>, delete_entry already registered for DAG: example_complex
[2024-12-03T15:21:08.400+0000] {logging_mixin.py:120} INFO - [2024-12-03T15:21:08.400+0000] {taskmixin.py:205} WARNING - Dependency <Task(BashOperator): delete_entry>, create_entry_gcs already registered for DAG: example_complex
[2024-12-03T15:21:08.402+0000] {logging_mixin.py:120} INFO - [2024-12-03T15:21:08.402+0000] {taskmixin.py:205} WARNING - Dependency <Task(BashOperator): create_tag>, delete_tag already registered for DAG: example_complex
[2024-12-03T15:21:08.403+0000] {logging_mixin.py:120} INFO - [2024-12-03T15:21:08.403+0000] {taskmixin.py:205} WARNING - Dependency <Task(BashOperator): delete_tag>, create_tag already registered for DAG: example_complex
[2024-12-03T15:21:08.412+0000] {processor.py:766} INFO - DAG(s) dict_keys(['example_complex']) retrieved from /home/airflow/.local/lib/python3.7/site-packages/airflow/example_dags/example_complex.py
[2024-12-03T15:21:08.483+0000] {logging_mixin.py:120} INFO - [2024-12-03T15:21:08.483+0000] {dag.py:2585} INFO - Sync 1 DAGs
[2024-12-03T15:21:08.526+0000] {logging_mixin.py:120} INFO - [2024-12-03T15:21:08.526+0000] {dag.py:3340} INFO - Setting next_dagrun for example_complex to None, run_after=None
[2024-12-03T15:21:08.582+0000] {processor.py:176} INFO - Processing /home/airflow/.local/lib/python3.7/site-packages/airflow/example_dags/example_complex.py took 0.206 seconds
[2024-12-03T15:21:41.433+0000] {processor.py:154} INFO - Started process (PID=508) to work on /home/airflow/.local/lib/python3.7/site-packages/airflow/example_dags/example_complex.py
[2024-12-03T15:21:41.437+0000] {processor.py:756} INFO - Processing file /home/airflow/.local/lib/python3.7/site-packages/airflow/example_dags/example_complex.py for tasks to queue
[2024-12-03T15:21:41.441+0000] {logging_mixin.py:120} INFO - [2024-12-03T15:21:41.440+0000] {dagbag.py:537} INFO - Filling up the DagBag from /home/airflow/.local/lib/python3.7/site-packages/airflow/example_dags/example_complex.py
[2024-12-03T15:21:41.468+0000] {logging_mixin.py:120} INFO - [2024-12-03T15:21:41.467+0000] {taskmixin.py:205} WARNING - Dependency <Task(BashOperator): create_entry_group>, delete_entry_group already registered for DAG: example_complex
[2024-12-03T15:21:41.469+0000] {logging_mixin.py:120} INFO - [2024-12-03T15:21:41.469+0000] {taskmixin.py:205} WARNING - Dependency <Task(BashOperator): delete_entry_group>, create_entry_group already registered for DAG: example_complex
[2024-12-03T15:21:41.471+0000] {logging_mixin.py:120} INFO - [2024-12-03T15:21:41.470+0000] {taskmixin.py:205} WARNING - Dependency <Task(BashOperator): create_entry_gcs>, delete_entry already registered for DAG: example_complex
[2024-12-03T15:21:41.472+0000] {logging_mixin.py:120} INFO - [2024-12-03T15:21:41.472+0000] {taskmixin.py:205} WARNING - Dependency <Task(BashOperator): delete_entry>, create_entry_gcs already registered for DAG: example_complex
[2024-12-03T15:21:41.474+0000] {logging_mixin.py:120} INFO - [2024-12-03T15:21:41.473+0000] {taskmixin.py:205} WARNING - Dependency <Task(BashOperator): create_tag>, delete_tag already registered for DAG: example_complex
[2024-12-03T15:21:41.476+0000] {logging_mixin.py:120} INFO - [2024-12-03T15:21:41.476+0000] {taskmixin.py:205} WARNING - Dependency <Task(BashOperator): delete_tag>, create_tag already registered for DAG: example_complex
[2024-12-03T15:21:41.497+0000] {processor.py:766} INFO - DAG(s) dict_keys(['example_complex']) retrieved from /home/airflow/.local/lib/python3.7/site-packages/airflow/example_dags/example_complex.py
[2024-12-03T15:21:41.634+0000] {logging_mixin.py:120} INFO - [2024-12-03T15:21:41.633+0000] {dag.py:2585} INFO - Sync 1 DAGs
[2024-12-03T15:21:41.769+0000] {logging_mixin.py:120} INFO - [2024-12-03T15:21:41.769+0000] {dag.py:3340} INFO - Setting next_dagrun for example_complex to None, run_after=None
[2024-12-03T15:21:41.871+0000] {processor.py:176} INFO - Processing /home/airflow/.local/lib/python3.7/site-packages/airflow/example_dags/example_complex.py took 0.445 seconds
[2024-12-03T15:22:11.960+0000] {processor.py:154} INFO - Started process (PID=564) to work on /home/airflow/.local/lib/python3.7/site-packages/airflow/example_dags/example_complex.py
[2024-12-03T15:22:11.963+0000] {processor.py:756} INFO - Processing file /home/airflow/.local/lib/python3.7/site-packages/airflow/example_dags/example_complex.py for tasks to queue
[2024-12-03T15:22:11.965+0000] {logging_mixin.py:120} INFO - [2024-12-03T15:22:11.964+0000] {dagbag.py:537} INFO - Filling up the DagBag from /home/airflow/.local/lib/python3.7/site-packages/airflow/example_dags/example_complex.py
[2024-12-03T15:22:11.978+0000] {logging_mixin.py:120} INFO - [2024-12-03T15:22:11.978+0000] {taskmixin.py:205} WARNING - Dependency <Task(BashOperator): create_entry_group>, delete_entry_group already registered for DAG: example_complex
[2024-12-03T15:22:11.979+0000] {logging_mixin.py:120} INFO - [2024-12-03T15:22:11.979+0000] {taskmixin.py:205} WARNING - Dependency <Task(BashOperator): delete_entry_group>, create_entry_group already registered for DAG: example_complex
[2024-12-03T15:22:11.980+0000] {logging_mixin.py:120} INFO - [2024-12-03T15:22:11.980+0000] {taskmixin.py:205} WARNING - Dependency <Task(BashOperator): create_entry_gcs>, delete_entry already registered for DAG: example_complex
[2024-12-03T15:22:11.981+0000] {logging_mixin.py:120} INFO - [2024-12-03T15:22:11.980+0000] {taskmixin.py:205} WARNING - Dependency <Task(BashOperator): delete_entry>, create_entry_gcs already registered for DAG: example_complex
[2024-12-03T15:22:11.981+0000] {logging_mixin.py:120} INFO - [2024-12-03T15:22:11.981+0000] {taskmixin.py:205} WARNING - Dependency <Task(BashOperator): create_tag>, delete_tag already registered for DAG: example_complex
[2024-12-03T15:22:11.982+0000] {logging_mixin.py:120} INFO - [2024-12-03T15:22:11.982+0000] {taskmixin.py:205} WARNING - Dependency <Task(BashOperator): delete_tag>, create_tag already registered for DAG: example_complex
[2024-12-03T15:22:11.991+0000] {processor.py:766} INFO - DAG(s) dict_keys(['example_complex']) retrieved from /home/airflow/.local/lib/python3.7/site-packages/airflow/example_dags/example_complex.py
[2024-12-03T15:22:12.053+0000] {logging_mixin.py:120} INFO - [2024-12-03T15:22:12.053+0000] {dag.py:2585} INFO - Sync 1 DAGs
[2024-12-03T15:22:12.090+0000] {logging_mixin.py:120} INFO - [2024-12-03T15:22:12.090+0000] {dag.py:3340} INFO - Setting next_dagrun for example_complex to None, run_after=None
[2024-12-03T15:22:12.131+0000] {processor.py:176} INFO - Processing /home/airflow/.local/lib/python3.7/site-packages/airflow/example_dags/example_complex.py took 0.174 seconds
[2024-12-03T15:22:43.284+0000] {processor.py:154} INFO - Started process (PID=626) to work on /home/airflow/.local/lib/python3.7/site-packages/airflow/example_dags/example_complex.py
[2024-12-03T15:22:43.285+0000] {processor.py:756} INFO - Processing file /home/airflow/.local/lib/python3.7/site-packages/airflow/example_dags/example_complex.py for tasks to queue
[2024-12-03T15:22:43.287+0000] {logging_mixin.py:120} INFO - [2024-12-03T15:22:43.287+0000] {dagbag.py:537} INFO - Filling up the DagBag from /home/airflow/.local/lib/python3.7/site-packages/airflow/example_dags/example_complex.py
[2024-12-03T15:22:43.311+0000] {logging_mixin.py:120} INFO - [2024-12-03T15:22:43.311+0000] {taskmixin.py:205} WARNING - Dependency <Task(BashOperator): create_entry_group>, delete_entry_group already registered for DAG: example_complex
[2024-12-03T15:22:43.313+0000] {logging_mixin.py:120} INFO - [2024-12-03T15:22:43.313+0000] {taskmixin.py:205} WARNING - Dependency <Task(BashOperator): delete_entry_group>, create_entry_group already registered for DAG: example_complex
[2024-12-03T15:22:43.314+0000] {logging_mixin.py:120} INFO - [2024-12-03T15:22:43.314+0000] {taskmixin.py:205} WARNING - Dependency <Task(BashOperator): create_entry_gcs>, delete_entry already registered for DAG: example_complex
[2024-12-03T15:22:43.315+0000] {logging_mixin.py:120} INFO - [2024-12-03T15:22:43.315+0000] {taskmixin.py:205} WARNING - Dependency <Task(BashOperator): delete_entry>, create_entry_gcs already registered for DAG: example_complex
[2024-12-03T15:22:43.317+0000] {logging_mixin.py:120} INFO - [2024-12-03T15:22:43.317+0000] {taskmixin.py:205} WARNING - Dependency <Task(BashOperator): create_tag>, delete_tag already registered for DAG: example_complex
[2024-12-03T15:22:43.318+0000] {logging_mixin.py:120} INFO - [2024-12-03T15:22:43.318+0000] {taskmixin.py:205} WARNING - Dependency <Task(BashOperator): delete_tag>, create_tag already registered for DAG: example_complex
[2024-12-03T15:22:43.330+0000] {processor.py:766} INFO - DAG(s) dict_keys(['example_complex']) retrieved from /home/airflow/.local/lib/python3.7/site-packages/airflow/example_dags/example_complex.py
[2024-12-03T15:22:43.426+0000] {logging_mixin.py:120} INFO - [2024-12-03T15:22:43.426+0000] {dag.py:2585} INFO - Sync 1 DAGs
[2024-12-03T15:22:43.479+0000] {logging_mixin.py:120} INFO - [2024-12-03T15:22:43.479+0000] {dag.py:3340} INFO - Setting next_dagrun for example_complex to None, run_after=None
[2024-12-03T15:22:43.528+0000] {processor.py:176} INFO - Processing /home/airflow/.local/lib/python3.7/site-packages/airflow/example_dags/example_complex.py took 0.251 seconds
[2024-12-03T15:23:13.636+0000] {processor.py:154} INFO - Started process (PID=683) to work on /home/airflow/.local/lib/python3.7/site-packages/airflow/example_dags/example_complex.py
[2024-12-03T15:23:13.638+0000] {processor.py:756} INFO - Processing file /home/airflow/.local/lib/python3.7/site-packages/airflow/example_dags/example_complex.py for tasks to queue
[2024-12-03T15:23:13.640+0000] {logging_mixin.py:120} INFO - [2024-12-03T15:23:13.640+0000] {dagbag.py:537} INFO - Filling up the DagBag from /home/airflow/.local/lib/python3.7/site-packages/airflow/example_dags/example_complex.py
[2024-12-03T15:23:13.658+0000] {logging_mixin.py:120} INFO - [2024-12-03T15:23:13.658+0000] {taskmixin.py:205} WARNING - Dependency <Task(BashOperator): create_entry_group>, delete_entry_group already registered for DAG: example_complex
[2024-12-03T15:23:13.659+0000] {logging_mixin.py:120} INFO - [2024-12-03T15:23:13.659+0000] {taskmixin.py:205} WARNING - Dependency <Task(BashOperator): delete_entry_group>, create_entry_group already registered for DAG: example_complex
[2024-12-03T15:23:13.660+0000] {logging_mixin.py:120} INFO - [2024-12-03T15:23:13.660+0000] {taskmixin.py:205} WARNING - Dependency <Task(BashOperator): create_entry_gcs>, delete_entry already registered for DAG: example_complex
[2024-12-03T15:23:13.662+0000] {logging_mixin.py:120} INFO - [2024-12-03T15:23:13.662+0000] {taskmixin.py:205} WARNING - Dependency <Task(BashOperator): delete_entry>, create_entry_gcs already registered for DAG: example_complex
[2024-12-03T15:23:13.663+0000] {logging_mixin.py:120} INFO - [2024-12-03T15:23:13.663+0000] {taskmixin.py:205} WARNING - Dependency <Task(BashOperator): create_tag>, delete_tag already registered for DAG: example_complex
[2024-12-03T15:23:13.663+0000] {logging_mixin.py:120} INFO - [2024-12-03T15:23:13.663+0000] {taskmixin.py:205} WARNING - Dependency <Task(BashOperator): delete_tag>, create_tag already registered for DAG: example_complex
[2024-12-03T15:23:13.672+0000] {processor.py:766} INFO - DAG(s) dict_keys(['example_complex']) retrieved from /home/airflow/.local/lib/python3.7/site-packages/airflow/example_dags/example_complex.py
[2024-12-03T15:23:13.742+0000] {logging_mixin.py:120} INFO - [2024-12-03T15:23:13.742+0000] {dag.py:2585} INFO - Sync 1 DAGs
[2024-12-03T15:23:13.781+0000] {logging_mixin.py:120} INFO - [2024-12-03T15:23:13.781+0000] {dag.py:3340} INFO - Setting next_dagrun for example_complex to None, run_after=None
[2024-12-03T15:23:13.820+0000] {processor.py:176} INFO - Processing /home/airflow/.local/lib/python3.7/site-packages/airflow/example_dags/example_complex.py took 0.187 seconds
[2024-12-03T15:23:44.248+0000] {processor.py:154} INFO - Started process (PID=738) to work on /home/airflow/.local/lib/python3.7/site-packages/airflow/example_dags/example_complex.py
[2024-12-03T15:23:44.250+0000] {processor.py:756} INFO - Processing file /home/airflow/.local/lib/python3.7/site-packages/airflow/example_dags/example_complex.py for tasks to queue
[2024-12-03T15:23:44.252+0000] {logging_mixin.py:120} INFO - [2024-12-03T15:23:44.251+0000] {dagbag.py:537} INFO - Filling up the DagBag from /home/airflow/.local/lib/python3.7/site-packages/airflow/example_dags/example_complex.py
[2024-12-03T15:23:44.269+0000] {logging_mixin.py:120} INFO - [2024-12-03T15:23:44.269+0000] {taskmixin.py:205} WARNING - Dependency <Task(BashOperator): create_entry_group>, delete_entry_group already registered for DAG: example_complex
[2024-12-03T15:23:44.271+0000] {logging_mixin.py:120} INFO - [2024-12-03T15:23:44.270+0000] {taskmixin.py:205} WARNING - Dependency <Task(BashOperator): delete_entry_group>, create_entry_group already registered for DAG: example_complex
[2024-12-03T15:23:44.272+0000] {logging_mixin.py:120} INFO - [2024-12-03T15:23:44.272+0000] {taskmixin.py:205} WARNING - Dependency <Task(BashOperator): create_entry_gcs>, delete_entry already registered for DAG: example_complex
[2024-12-03T15:23:44.273+0000] {logging_mixin.py:120} INFO - [2024-12-03T15:23:44.273+0000] {taskmixin.py:205} WARNING - Dependency <Task(BashOperator): delete_entry>, create_entry_gcs already registered for DAG: example_complex
[2024-12-03T15:23:44.275+0000] {logging_mixin.py:120} INFO - [2024-12-03T15:23:44.274+0000] {taskmixin.py:205} WARNING - Dependency <Task(BashOperator): create_tag>, delete_tag already registered for DAG: example_complex
[2024-12-03T15:23:44.276+0000] {logging_mixin.py:120} INFO - [2024-12-03T15:23:44.275+0000] {taskmixin.py:205} WARNING - Dependency <Task(BashOperator): delete_tag>, create_tag already registered for DAG: example_complex
[2024-12-03T15:23:44.289+0000] {processor.py:766} INFO - DAG(s) dict_keys(['example_complex']) retrieved from /home/airflow/.local/lib/python3.7/site-packages/airflow/example_dags/example_complex.py
[2024-12-03T15:23:44.391+0000] {logging_mixin.py:120} INFO - [2024-12-03T15:23:44.391+0000] {dag.py:2585} INFO - Sync 1 DAGs
[2024-12-03T15:23:44.455+0000] {logging_mixin.py:120} INFO - [2024-12-03T15:23:44.454+0000] {dag.py:3340} INFO - Setting next_dagrun for example_complex to None, run_after=None
[2024-12-03T15:23:44.498+0000] {processor.py:176} INFO - Processing /home/airflow/.local/lib/python3.7/site-packages/airflow/example_dags/example_complex.py took 0.255 seconds
[2024-12-03T15:24:14.954+0000] {processor.py:154} INFO - Started process (PID=802) to work on /home/airflow/.local/lib/python3.7/site-packages/airflow/example_dags/example_complex.py
[2024-12-03T15:24:14.955+0000] {processor.py:756} INFO - Processing file /home/airflow/.local/lib/python3.7/site-packages/airflow/example_dags/example_complex.py for tasks to queue
[2024-12-03T15:24:14.957+0000] {logging_mixin.py:120} INFO - [2024-12-03T15:24:14.957+0000] {dagbag.py:537} INFO - Filling up the DagBag from /home/airflow/.local/lib/python3.7/site-packages/airflow/example_dags/example_complex.py
[2024-12-03T15:24:14.973+0000] {logging_mixin.py:120} INFO - [2024-12-03T15:24:14.973+0000] {taskmixin.py:205} WARNING - Dependency <Task(BashOperator): create_entry_group>, delete_entry_group already registered for DAG: example_complex
[2024-12-03T15:24:14.974+0000] {logging_mixin.py:120} INFO - [2024-12-03T15:24:14.974+0000] {taskmixin.py:205} WARNING - Dependency <Task(BashOperator): delete_entry_group>, create_entry_group already registered for DAG: example_complex
[2024-12-03T15:24:14.975+0000] {logging_mixin.py:120} INFO - [2024-12-03T15:24:14.975+0000] {taskmixin.py:205} WARNING - Dependency <Task(BashOperator): create_entry_gcs>, delete_entry already registered for DAG: example_complex
[2024-12-03T15:24:14.976+0000] {logging_mixin.py:120} INFO - [2024-12-03T15:24:14.976+0000] {taskmixin.py:205} WARNING - Dependency <Task(BashOperator): delete_entry>, create_entry_gcs already registered for DAG: example_complex
[2024-12-03T15:24:14.979+0000] {logging_mixin.py:120} INFO - [2024-12-03T15:24:14.979+0000] {taskmixin.py:205} WARNING - Dependency <Task(BashOperator): create_tag>, delete_tag already registered for DAG: example_complex
[2024-12-03T15:24:14.981+0000] {logging_mixin.py:120} INFO - [2024-12-03T15:24:14.981+0000] {taskmixin.py:205} WARNING - Dependency <Task(BashOperator): delete_tag>, create_tag already registered for DAG: example_complex
[2024-12-03T15:24:14.992+0000] {processor.py:766} INFO - DAG(s) dict_keys(['example_complex']) retrieved from /home/airflow/.local/lib/python3.7/site-packages/airflow/example_dags/example_complex.py
[2024-12-03T15:24:15.063+0000] {logging_mixin.py:120} INFO - [2024-12-03T15:24:15.063+0000] {dag.py:2585} INFO - Sync 1 DAGs
[2024-12-03T15:24:15.102+0000] {logging_mixin.py:120} INFO - [2024-12-03T15:24:15.102+0000] {dag.py:3340} INFO - Setting next_dagrun for example_complex to None, run_after=None
[2024-12-03T15:24:15.156+0000] {processor.py:176} INFO - Processing /home/airflow/.local/lib/python3.7/site-packages/airflow/example_dags/example_complex.py took 0.207 seconds
[2024-12-03T15:24:45.914+0000] {processor.py:154} INFO - Started process (PID=857) to work on /home/airflow/.local/lib/python3.7/site-packages/airflow/example_dags/example_complex.py
[2024-12-03T15:24:45.915+0000] {processor.py:756} INFO - Processing file /home/airflow/.local/lib/python3.7/site-packages/airflow/example_dags/example_complex.py for tasks to queue
[2024-12-03T15:24:45.917+0000] {logging_mixin.py:120} INFO - [2024-12-03T15:24:45.917+0000] {dagbag.py:537} INFO - Filling up the DagBag from /home/airflow/.local/lib/python3.7/site-packages/airflow/example_dags/example_complex.py
[2024-12-03T15:24:45.939+0000] {logging_mixin.py:120} INFO - [2024-12-03T15:24:45.938+0000] {taskmixin.py:205} WARNING - Dependency <Task(BashOperator): create_entry_group>, delete_entry_group already registered for DAG: example_complex
[2024-12-03T15:24:45.940+0000] {logging_mixin.py:120} INFO - [2024-12-03T15:24:45.940+0000] {taskmixin.py:205} WARNING - Dependency <Task(BashOperator): delete_entry_group>, create_entry_group already registered for DAG: example_complex
[2024-12-03T15:24:45.941+0000] {logging_mixin.py:120} INFO - [2024-12-03T15:24:45.941+0000] {taskmixin.py:205} WARNING - Dependency <Task(BashOperator): create_entry_gcs>, delete_entry already registered for DAG: example_complex
[2024-12-03T15:24:45.942+0000] {logging_mixin.py:120} INFO - [2024-12-03T15:24:45.942+0000] {taskmixin.py:205} WARNING - Dependency <Task(BashOperator): delete_entry>, create_entry_gcs already registered for DAG: example_complex
[2024-12-03T15:24:45.943+0000] {logging_mixin.py:120} INFO - [2024-12-03T15:24:45.943+0000] {taskmixin.py:205} WARNING - Dependency <Task(BashOperator): create_tag>, delete_tag already registered for DAG: example_complex
[2024-12-03T15:24:45.944+0000] {logging_mixin.py:120} INFO - [2024-12-03T15:24:45.944+0000] {taskmixin.py:205} WARNING - Dependency <Task(BashOperator): delete_tag>, create_tag already registered for DAG: example_complex
[2024-12-03T15:24:45.957+0000] {processor.py:766} INFO - DAG(s) dict_keys(['example_complex']) retrieved from /home/airflow/.local/lib/python3.7/site-packages/airflow/example_dags/example_complex.py
[2024-12-03T15:24:46.057+0000] {logging_mixin.py:120} INFO - [2024-12-03T15:24:46.057+0000] {dag.py:2585} INFO - Sync 1 DAGs
[2024-12-03T15:24:46.186+0000] {logging_mixin.py:120} INFO - [2024-12-03T15:24:46.186+0000] {dag.py:3340} INFO - Setting next_dagrun for example_complex to None, run_after=None
[2024-12-03T15:24:46.259+0000] {processor.py:176} INFO - Processing /home/airflow/.local/lib/python3.7/site-packages/airflow/example_dags/example_complex.py took 0.350 seconds
[2024-12-03T15:25:17.571+0000] {processor.py:154} INFO - Started process (PID=921) to work on /home/airflow/.local/lib/python3.7/site-packages/airflow/example_dags/example_complex.py
[2024-12-03T15:25:17.572+0000] {processor.py:756} INFO - Processing file /home/airflow/.local/lib/python3.7/site-packages/airflow/example_dags/example_complex.py for tasks to queue
[2024-12-03T15:25:17.574+0000] {logging_mixin.py:120} INFO - [2024-12-03T15:25:17.574+0000] {dagbag.py:537} INFO - Filling up the DagBag from /home/airflow/.local/lib/python3.7/site-packages/airflow/example_dags/example_complex.py
[2024-12-03T15:25:17.594+0000] {logging_mixin.py:120} INFO - [2024-12-03T15:25:17.594+0000] {taskmixin.py:205} WARNING - Dependency <Task(BashOperator): create_entry_group>, delete_entry_group already registered for DAG: example_complex
[2024-12-03T15:25:17.595+0000] {logging_mixin.py:120} INFO - [2024-12-03T15:25:17.595+0000] {taskmixin.py:205} WARNING - Dependency <Task(BashOperator): delete_entry_group>, create_entry_group already registered for DAG: example_complex
[2024-12-03T15:25:17.596+0000] {logging_mixin.py:120} INFO - [2024-12-03T15:25:17.596+0000] {taskmixin.py:205} WARNING - Dependency <Task(BashOperator): create_entry_gcs>, delete_entry already registered for DAG: example_complex
[2024-12-03T15:25:17.597+0000] {logging_mixin.py:120} INFO - [2024-12-03T15:25:17.597+0000] {taskmixin.py:205} WARNING - Dependency <Task(BashOperator): delete_entry>, create_entry_gcs already registered for DAG: example_complex
[2024-12-03T15:25:17.599+0000] {logging_mixin.py:120} INFO - [2024-12-03T15:25:17.598+0000] {taskmixin.py:205} WARNING - Dependency <Task(BashOperator): create_tag>, delete_tag already registered for DAG: example_complex
[2024-12-03T15:25:17.600+0000] {logging_mixin.py:120} INFO - [2024-12-03T15:25:17.599+0000] {taskmixin.py:205} WARNING - Dependency <Task(BashOperator): delete_tag>, create_tag already registered for DAG: example_complex
[2024-12-03T15:25:17.614+0000] {processor.py:766} INFO - DAG(s) dict_keys(['example_complex']) retrieved from /home/airflow/.local/lib/python3.7/site-packages/airflow/example_dags/example_complex.py
[2024-12-03T15:25:17.702+0000] {logging_mixin.py:120} INFO - [2024-12-03T15:25:17.701+0000] {dag.py:2585} INFO - Sync 1 DAGs
[2024-12-03T15:25:17.759+0000] {logging_mixin.py:120} INFO - [2024-12-03T15:25:17.759+0000] {dag.py:3340} INFO - Setting next_dagrun for example_complex to None, run_after=None
[2024-12-03T15:25:17.799+0000] {processor.py:176} INFO - Processing /home/airflow/.local/lib/python3.7/site-packages/airflow/example_dags/example_complex.py took 0.232 seconds
[2024-12-03T15:25:49.078+0000] {processor.py:154} INFO - Started process (PID=976) to work on /home/airflow/.local/lib/python3.7/site-packages/airflow/example_dags/example_complex.py
[2024-12-03T15:25:49.085+0000] {processor.py:756} INFO - Processing file /home/airflow/.local/lib/python3.7/site-packages/airflow/example_dags/example_complex.py for tasks to queue
[2024-12-03T15:25:49.088+0000] {logging_mixin.py:120} INFO - [2024-12-03T15:25:49.087+0000] {dagbag.py:537} INFO - Filling up the DagBag from /home/airflow/.local/lib/python3.7/site-packages/airflow/example_dags/example_complex.py
[2024-12-03T15:25:49.113+0000] {logging_mixin.py:120} INFO - [2024-12-03T15:25:49.113+0000] {taskmixin.py:205} WARNING - Dependency <Task(BashOperator): create_entry_group>, delete_entry_group already registered for DAG: example_complex
[2024-12-03T15:25:49.115+0000] {logging_mixin.py:120} INFO - [2024-12-03T15:25:49.114+0000] {taskmixin.py:205} WARNING - Dependency <Task(BashOperator): delete_entry_group>, create_entry_group already registered for DAG: example_complex
[2024-12-03T15:25:49.118+0000] {logging_mixin.py:120} INFO - [2024-12-03T15:25:49.117+0000] {taskmixin.py:205} WARNING - Dependency <Task(BashOperator): create_entry_gcs>, delete_entry already registered for DAG: example_complex
[2024-12-03T15:25:49.121+0000] {logging_mixin.py:120} INFO - [2024-12-03T15:25:49.120+0000] {taskmixin.py:205} WARNING - Dependency <Task(BashOperator): delete_entry>, create_entry_gcs already registered for DAG: example_complex
[2024-12-03T15:25:49.122+0000] {logging_mixin.py:120} INFO - [2024-12-03T15:25:49.122+0000] {taskmixin.py:205} WARNING - Dependency <Task(BashOperator): create_tag>, delete_tag already registered for DAG: example_complex
[2024-12-03T15:25:49.124+0000] {logging_mixin.py:120} INFO - [2024-12-03T15:25:49.123+0000] {taskmixin.py:205} WARNING - Dependency <Task(BashOperator): delete_tag>, create_tag already registered for DAG: example_complex
[2024-12-03T15:25:49.142+0000] {processor.py:766} INFO - DAG(s) dict_keys(['example_complex']) retrieved from /home/airflow/.local/lib/python3.7/site-packages/airflow/example_dags/example_complex.py
[2024-12-03T15:25:49.254+0000] {logging_mixin.py:120} INFO - [2024-12-03T15:25:49.254+0000] {dag.py:2585} INFO - Sync 1 DAGs
[2024-12-03T15:25:49.312+0000] {logging_mixin.py:120} INFO - [2024-12-03T15:25:49.311+0000] {dag.py:3340} INFO - Setting next_dagrun for example_complex to None, run_after=None
[2024-12-03T15:25:49.381+0000] {processor.py:176} INFO - Processing /home/airflow/.local/lib/python3.7/site-packages/airflow/example_dags/example_complex.py took 0.311 seconds
[2024-12-03T15:26:19.990+0000] {processor.py:154} INFO - Started process (PID=1040) to work on /home/airflow/.local/lib/python3.7/site-packages/airflow/example_dags/example_complex.py
[2024-12-03T15:26:19.992+0000] {processor.py:756} INFO - Processing file /home/airflow/.local/lib/python3.7/site-packages/airflow/example_dags/example_complex.py for tasks to queue
[2024-12-03T15:26:19.994+0000] {logging_mixin.py:120} INFO - [2024-12-03T15:26:19.993+0000] {dagbag.py:537} INFO - Filling up the DagBag from /home/airflow/.local/lib/python3.7/site-packages/airflow/example_dags/example_complex.py
[2024-12-03T15:26:20.013+0000] {logging_mixin.py:120} INFO - [2024-12-03T15:26:20.012+0000] {taskmixin.py:205} WARNING - Dependency <Task(BashOperator): create_entry_group>, delete_entry_group already registered for DAG: example_complex
[2024-12-03T15:26:20.014+0000] {logging_mixin.py:120} INFO - [2024-12-03T15:26:20.013+0000] {taskmixin.py:205} WARNING - Dependency <Task(BashOperator): delete_entry_group>, create_entry_group already registered for DAG: example_complex
[2024-12-03T15:26:20.015+0000] {logging_mixin.py:120} INFO - [2024-12-03T15:26:20.015+0000] {taskmixin.py:205} WARNING - Dependency <Task(BashOperator): create_entry_gcs>, delete_entry already registered for DAG: example_complex
[2024-12-03T15:26:20.016+0000] {logging_mixin.py:120} INFO - [2024-12-03T15:26:20.016+0000] {taskmixin.py:205} WARNING - Dependency <Task(BashOperator): delete_entry>, create_entry_gcs already registered for DAG: example_complex
[2024-12-03T15:26:20.018+0000] {logging_mixin.py:120} INFO - [2024-12-03T15:26:20.017+0000] {taskmixin.py:205} WARNING - Dependency <Task(BashOperator): create_tag>, delete_tag already registered for DAG: example_complex
[2024-12-03T15:26:20.018+0000] {logging_mixin.py:120} INFO - [2024-12-03T15:26:20.018+0000] {taskmixin.py:205} WARNING - Dependency <Task(BashOperator): delete_tag>, create_tag already registered for DAG: example_complex
[2024-12-03T15:26:20.030+0000] {processor.py:766} INFO - DAG(s) dict_keys(['example_complex']) retrieved from /home/airflow/.local/lib/python3.7/site-packages/airflow/example_dags/example_complex.py
[2024-12-03T15:26:20.119+0000] {logging_mixin.py:120} INFO - [2024-12-03T15:26:20.119+0000] {dag.py:2585} INFO - Sync 1 DAGs
[2024-12-03T15:26:20.177+0000] {logging_mixin.py:120} INFO - [2024-12-03T15:26:20.176+0000] {dag.py:3340} INFO - Setting next_dagrun for example_complex to None, run_after=None
[2024-12-03T15:26:20.218+0000] {processor.py:176} INFO - Processing /home/airflow/.local/lib/python3.7/site-packages/airflow/example_dags/example_complex.py took 0.232 seconds
[2024-12-03T15:26:50.531+0000] {processor.py:154} INFO - Started process (PID=1095) to work on /home/airflow/.local/lib/python3.7/site-packages/airflow/example_dags/example_complex.py
[2024-12-03T15:26:50.533+0000] {processor.py:756} INFO - Processing file /home/airflow/.local/lib/python3.7/site-packages/airflow/example_dags/example_complex.py for tasks to queue
[2024-12-03T15:26:50.534+0000] {logging_mixin.py:120} INFO - [2024-12-03T15:26:50.534+0000] {dagbag.py:537} INFO - Filling up the DagBag from /home/airflow/.local/lib/python3.7/site-packages/airflow/example_dags/example_complex.py
[2024-12-03T15:26:50.554+0000] {logging_mixin.py:120} INFO - [2024-12-03T15:26:50.554+0000] {taskmixin.py:205} WARNING - Dependency <Task(BashOperator): create_entry_group>, delete_entry_group already registered for DAG: example_complex
[2024-12-03T15:26:50.555+0000] {logging_mixin.py:120} INFO - [2024-12-03T15:26:50.555+0000] {taskmixin.py:205} WARNING - Dependency <Task(BashOperator): delete_entry_group>, create_entry_group already registered for DAG: example_complex
[2024-12-03T15:26:50.557+0000] {logging_mixin.py:120} INFO - [2024-12-03T15:26:50.556+0000] {taskmixin.py:205} WARNING - Dependency <Task(BashOperator): create_entry_gcs>, delete_entry already registered for DAG: example_complex
[2024-12-03T15:26:50.558+0000] {logging_mixin.py:120} INFO - [2024-12-03T15:26:50.557+0000] {taskmixin.py:205} WARNING - Dependency <Task(BashOperator): delete_entry>, create_entry_gcs already registered for DAG: example_complex
[2024-12-03T15:26:50.559+0000] {logging_mixin.py:120} INFO - [2024-12-03T15:26:50.558+0000] {taskmixin.py:205} WARNING - Dependency <Task(BashOperator): create_tag>, delete_tag already registered for DAG: example_complex
[2024-12-03T15:26:50.559+0000] {logging_mixin.py:120} INFO - [2024-12-03T15:26:50.559+0000] {taskmixin.py:205} WARNING - Dependency <Task(BashOperator): delete_tag>, create_tag already registered for DAG: example_complex
[2024-12-03T15:26:50.583+0000] {processor.py:766} INFO - DAG(s) dict_keys(['example_complex']) retrieved from /home/airflow/.local/lib/python3.7/site-packages/airflow/example_dags/example_complex.py
[2024-12-03T15:26:50.662+0000] {logging_mixin.py:120} INFO - [2024-12-03T15:26:50.661+0000] {dag.py:2585} INFO - Sync 1 DAGs
[2024-12-03T15:26:50.702+0000] {logging_mixin.py:120} INFO - [2024-12-03T15:26:50.701+0000] {dag.py:3340} INFO - Setting next_dagrun for example_complex to None, run_after=None
[2024-12-03T15:26:50.740+0000] {processor.py:176} INFO - Processing /home/airflow/.local/lib/python3.7/site-packages/airflow/example_dags/example_complex.py took 0.216 seconds
[2024-12-03T15:27:21.317+0000] {processor.py:154} INFO - Started process (PID=1158) to work on /home/airflow/.local/lib/python3.7/site-packages/airflow/example_dags/example_complex.py
[2024-12-03T15:27:21.319+0000] {processor.py:756} INFO - Processing file /home/airflow/.local/lib/python3.7/site-packages/airflow/example_dags/example_complex.py for tasks to queue
[2024-12-03T15:27:21.321+0000] {logging_mixin.py:120} INFO - [2024-12-03T15:27:21.320+0000] {dagbag.py:537} INFO - Filling up the DagBag from /home/airflow/.local/lib/python3.7/site-packages/airflow/example_dags/example_complex.py
[2024-12-03T15:27:21.346+0000] {logging_mixin.py:120} INFO - [2024-12-03T15:27:21.345+0000] {taskmixin.py:205} WARNING - Dependency <Task(BashOperator): create_entry_group>, delete_entry_group already registered for DAG: example_complex
[2024-12-03T15:27:21.348+0000] {logging_mixin.py:120} INFO - [2024-12-03T15:27:21.348+0000] {taskmixin.py:205} WARNING - Dependency <Task(BashOperator): delete_entry_group>, create_entry_group already registered for DAG: example_complex
[2024-12-03T15:27:21.350+0000] {logging_mixin.py:120} INFO - [2024-12-03T15:27:21.350+0000] {taskmixin.py:205} WARNING - Dependency <Task(BashOperator): create_entry_gcs>, delete_entry already registered for DAG: example_complex
[2024-12-03T15:27:21.352+0000] {logging_mixin.py:120} INFO - [2024-12-03T15:27:21.352+0000] {taskmixin.py:205} WARNING - Dependency <Task(BashOperator): delete_entry>, create_entry_gcs already registered for DAG: example_complex
[2024-12-03T15:27:21.354+0000] {logging_mixin.py:120} INFO - [2024-12-03T15:27:21.353+0000] {taskmixin.py:205} WARNING - Dependency <Task(BashOperator): create_tag>, delete_tag already registered for DAG: example_complex
[2024-12-03T15:27:21.355+0000] {logging_mixin.py:120} INFO - [2024-12-03T15:27:21.355+0000] {taskmixin.py:205} WARNING - Dependency <Task(BashOperator): delete_tag>, create_tag already registered for DAG: example_complex
[2024-12-03T15:27:21.375+0000] {processor.py:766} INFO - DAG(s) dict_keys(['example_complex']) retrieved from /home/airflow/.local/lib/python3.7/site-packages/airflow/example_dags/example_complex.py
[2024-12-03T15:27:21.477+0000] {logging_mixin.py:120} INFO - [2024-12-03T15:27:21.477+0000] {dag.py:2585} INFO - Sync 1 DAGs
[2024-12-03T15:27:21.537+0000] {logging_mixin.py:120} INFO - [2024-12-03T15:27:21.537+0000] {dag.py:3340} INFO - Setting next_dagrun for example_complex to None, run_after=None
[2024-12-03T15:27:21.602+0000] {processor.py:176} INFO - Processing /home/airflow/.local/lib/python3.7/site-packages/airflow/example_dags/example_complex.py took 0.292 seconds
[2024-12-03T15:27:51.853+0000] {processor.py:154} INFO - Started process (PID=1216) to work on /home/airflow/.local/lib/python3.7/site-packages/airflow/example_dags/example_complex.py
[2024-12-03T15:27:51.855+0000] {processor.py:756} INFO - Processing file /home/airflow/.local/lib/python3.7/site-packages/airflow/example_dags/example_complex.py for tasks to queue
[2024-12-03T15:27:51.857+0000] {logging_mixin.py:120} INFO - [2024-12-03T15:27:51.856+0000] {dagbag.py:537} INFO - Filling up the DagBag from /home/airflow/.local/lib/python3.7/site-packages/airflow/example_dags/example_complex.py
[2024-12-03T15:27:51.877+0000] {logging_mixin.py:120} INFO - [2024-12-03T15:27:51.877+0000] {taskmixin.py:205} WARNING - Dependency <Task(BashOperator): create_entry_group>, delete_entry_group already registered for DAG: example_complex
[2024-12-03T15:27:51.878+0000] {logging_mixin.py:120} INFO - [2024-12-03T15:27:51.878+0000] {taskmixin.py:205} WARNING - Dependency <Task(BashOperator): delete_entry_group>, create_entry_group already registered for DAG: example_complex
[2024-12-03T15:27:51.880+0000] {logging_mixin.py:120} INFO - [2024-12-03T15:27:51.880+0000] {taskmixin.py:205} WARNING - Dependency <Task(BashOperator): create_entry_gcs>, delete_entry already registered for DAG: example_complex
[2024-12-03T15:27:51.882+0000] {logging_mixin.py:120} INFO - [2024-12-03T15:27:51.882+0000] {taskmixin.py:205} WARNING - Dependency <Task(BashOperator): delete_entry>, create_entry_gcs already registered for DAG: example_complex
[2024-12-03T15:27:51.884+0000] {logging_mixin.py:120} INFO - [2024-12-03T15:27:51.884+0000] {taskmixin.py:205} WARNING - Dependency <Task(BashOperator): create_tag>, delete_tag already registered for DAG: example_complex
[2024-12-03T15:27:51.885+0000] {logging_mixin.py:120} INFO - [2024-12-03T15:27:51.885+0000] {taskmixin.py:205} WARNING - Dependency <Task(BashOperator): delete_tag>, create_tag already registered for DAG: example_complex
[2024-12-03T15:27:51.897+0000] {processor.py:766} INFO - DAG(s) dict_keys(['example_complex']) retrieved from /home/airflow/.local/lib/python3.7/site-packages/airflow/example_dags/example_complex.py
[2024-12-03T15:27:51.982+0000] {logging_mixin.py:120} INFO - [2024-12-03T15:27:51.981+0000] {dag.py:2585} INFO - Sync 1 DAGs
[2024-12-03T15:27:52.022+0000] {logging_mixin.py:120} INFO - [2024-12-03T15:27:52.021+0000] {dag.py:3340} INFO - Setting next_dagrun for example_complex to None, run_after=None
[2024-12-03T15:27:52.078+0000] {processor.py:176} INFO - Processing /home/airflow/.local/lib/python3.7/site-packages/airflow/example_dags/example_complex.py took 0.229 seconds
[2024-12-03T15:28:22.255+0000] {processor.py:154} INFO - Started process (PID=1271) to work on /home/airflow/.local/lib/python3.7/site-packages/airflow/example_dags/example_complex.py
[2024-12-03T15:28:22.258+0000] {processor.py:756} INFO - Processing file /home/airflow/.local/lib/python3.7/site-packages/airflow/example_dags/example_complex.py for tasks to queue
[2024-12-03T15:28:22.260+0000] {logging_mixin.py:120} INFO - [2024-12-03T15:28:22.260+0000] {dagbag.py:537} INFO - Filling up the DagBag from /home/airflow/.local/lib/python3.7/site-packages/airflow/example_dags/example_complex.py
[2024-12-03T15:28:22.273+0000] {logging_mixin.py:120} INFO - [2024-12-03T15:28:22.273+0000] {taskmixin.py:205} WARNING - Dependency <Task(BashOperator): create_entry_group>, delete_entry_group already registered for DAG: example_complex
[2024-12-03T15:28:22.274+0000] {logging_mixin.py:120} INFO - [2024-12-03T15:28:22.274+0000] {taskmixin.py:205} WARNING - Dependency <Task(BashOperator): delete_entry_group>, create_entry_group already registered for DAG: example_complex
[2024-12-03T15:28:22.275+0000] {logging_mixin.py:120} INFO - [2024-12-03T15:28:22.275+0000] {taskmixin.py:205} WARNING - Dependency <Task(BashOperator): create_entry_gcs>, delete_entry already registered for DAG: example_complex
[2024-12-03T15:28:22.276+0000] {logging_mixin.py:120} INFO - [2024-12-03T15:28:22.276+0000] {taskmixin.py:205} WARNING - Dependency <Task(BashOperator): delete_entry>, create_entry_gcs already registered for DAG: example_complex
[2024-12-03T15:28:22.279+0000] {logging_mixin.py:120} INFO - [2024-12-03T15:28:22.279+0000] {taskmixin.py:205} WARNING - Dependency <Task(BashOperator): create_tag>, delete_tag already registered for DAG: example_complex
[2024-12-03T15:28:22.280+0000] {logging_mixin.py:120} INFO - [2024-12-03T15:28:22.280+0000] {taskmixin.py:205} WARNING - Dependency <Task(BashOperator): delete_tag>, create_tag already registered for DAG: example_complex
[2024-12-03T15:28:22.293+0000] {processor.py:766} INFO - DAG(s) dict_keys(['example_complex']) retrieved from /home/airflow/.local/lib/python3.7/site-packages/airflow/example_dags/example_complex.py
[2024-12-03T15:28:22.355+0000] {logging_mixin.py:120} INFO - [2024-12-03T15:28:22.355+0000] {dag.py:2585} INFO - Sync 1 DAGs
[2024-12-03T15:28:22.392+0000] {logging_mixin.py:120} INFO - [2024-12-03T15:28:22.392+0000] {dag.py:3340} INFO - Setting next_dagrun for example_complex to None, run_after=None
[2024-12-03T15:28:22.444+0000] {processor.py:176} INFO - Processing /home/airflow/.local/lib/python3.7/site-packages/airflow/example_dags/example_complex.py took 0.193 seconds
[2024-12-03T15:28:52.821+0000] {processor.py:154} INFO - Started process (PID=1334) to work on /home/airflow/.local/lib/python3.7/site-packages/airflow/example_dags/example_complex.py
[2024-12-03T15:28:52.823+0000] {processor.py:756} INFO - Processing file /home/airflow/.local/lib/python3.7/site-packages/airflow/example_dags/example_complex.py for tasks to queue
[2024-12-03T15:28:52.824+0000] {logging_mixin.py:120} INFO - [2024-12-03T15:28:52.824+0000] {dagbag.py:537} INFO - Filling up the DagBag from /home/airflow/.local/lib/python3.7/site-packages/airflow/example_dags/example_complex.py
[2024-12-03T15:28:52.840+0000] {logging_mixin.py:120} INFO - [2024-12-03T15:28:52.839+0000] {taskmixin.py:205} WARNING - Dependency <Task(BashOperator): create_entry_group>, delete_entry_group already registered for DAG: example_complex
[2024-12-03T15:28:52.841+0000] {logging_mixin.py:120} INFO - [2024-12-03T15:28:52.840+0000] {taskmixin.py:205} WARNING - Dependency <Task(BashOperator): delete_entry_group>, create_entry_group already registered for DAG: example_complex
[2024-12-03T15:28:52.842+0000] {logging_mixin.py:120} INFO - [2024-12-03T15:28:52.842+0000] {taskmixin.py:205} WARNING - Dependency <Task(BashOperator): create_entry_gcs>, delete_entry already registered for DAG: example_complex
[2024-12-03T15:28:52.843+0000] {logging_mixin.py:120} INFO - [2024-12-03T15:28:52.842+0000] {taskmixin.py:205} WARNING - Dependency <Task(BashOperator): delete_entry>, create_entry_gcs already registered for DAG: example_complex
[2024-12-03T15:28:52.844+0000] {logging_mixin.py:120} INFO - [2024-12-03T15:28:52.843+0000] {taskmixin.py:205} WARNING - Dependency <Task(BashOperator): create_tag>, delete_tag already registered for DAG: example_complex
[2024-12-03T15:28:52.845+0000] {logging_mixin.py:120} INFO - [2024-12-03T15:28:52.844+0000] {taskmixin.py:205} WARNING - Dependency <Task(BashOperator): delete_tag>, create_tag already registered for DAG: example_complex
[2024-12-03T15:28:52.859+0000] {processor.py:766} INFO - DAG(s) dict_keys(['example_complex']) retrieved from /home/airflow/.local/lib/python3.7/site-packages/airflow/example_dags/example_complex.py
[2024-12-03T15:28:52.929+0000] {logging_mixin.py:120} INFO - [2024-12-03T15:28:52.928+0000] {dag.py:2585} INFO - Sync 1 DAGs
[2024-12-03T15:28:52.973+0000] {logging_mixin.py:120} INFO - [2024-12-03T15:28:52.973+0000] {dag.py:3340} INFO - Setting next_dagrun for example_complex to None, run_after=None
[2024-12-03T15:28:53.017+0000] {processor.py:176} INFO - Processing /home/airflow/.local/lib/python3.7/site-packages/airflow/example_dags/example_complex.py took 0.200 seconds
[2024-12-03T15:29:23.376+0000] {processor.py:154} INFO - Started process (PID=1389) to work on /home/airflow/.local/lib/python3.7/site-packages/airflow/example_dags/example_complex.py
[2024-12-03T15:29:23.378+0000] {processor.py:756} INFO - Processing file /home/airflow/.local/lib/python3.7/site-packages/airflow/example_dags/example_complex.py for tasks to queue
[2024-12-03T15:29:23.381+0000] {logging_mixin.py:120} INFO - [2024-12-03T15:29:23.380+0000] {dagbag.py:537} INFO - Filling up the DagBag from /home/airflow/.local/lib/python3.7/site-packages/airflow/example_dags/example_complex.py
[2024-12-03T15:29:23.401+0000] {logging_mixin.py:120} INFO - [2024-12-03T15:29:23.401+0000] {taskmixin.py:205} WARNING - Dependency <Task(BashOperator): create_entry_group>, delete_entry_group already registered for DAG: example_complex
[2024-12-03T15:29:23.402+0000] {logging_mixin.py:120} INFO - [2024-12-03T15:29:23.402+0000] {taskmixin.py:205} WARNING - Dependency <Task(BashOperator): delete_entry_group>, create_entry_group already registered for DAG: example_complex
[2024-12-03T15:29:23.404+0000] {logging_mixin.py:120} INFO - [2024-12-03T15:29:23.404+0000] {taskmixin.py:205} WARNING - Dependency <Task(BashOperator): create_entry_gcs>, delete_entry already registered for DAG: example_complex
[2024-12-03T15:29:23.407+0000] {logging_mixin.py:120} INFO - [2024-12-03T15:29:23.406+0000] {taskmixin.py:205} WARNING - Dependency <Task(BashOperator): delete_entry>, create_entry_gcs already registered for DAG: example_complex
[2024-12-03T15:29:23.408+0000] {logging_mixin.py:120} INFO - [2024-12-03T15:29:23.408+0000] {taskmixin.py:205} WARNING - Dependency <Task(BashOperator): create_tag>, delete_tag already registered for DAG: example_complex
[2024-12-03T15:29:23.409+0000] {logging_mixin.py:120} INFO - [2024-12-03T15:29:23.409+0000] {taskmixin.py:205} WARNING - Dependency <Task(BashOperator): delete_tag>, create_tag already registered for DAG: example_complex
[2024-12-03T15:29:23.423+0000] {processor.py:766} INFO - DAG(s) dict_keys(['example_complex']) retrieved from /home/airflow/.local/lib/python3.7/site-packages/airflow/example_dags/example_complex.py
[2024-12-03T15:29:23.504+0000] {logging_mixin.py:120} INFO - [2024-12-03T15:29:23.504+0000] {dag.py:2585} INFO - Sync 1 DAGs
[2024-12-03T15:29:23.560+0000] {logging_mixin.py:120} INFO - [2024-12-03T15:29:23.559+0000] {dag.py:3340} INFO - Setting next_dagrun for example_complex to None, run_after=None
[2024-12-03T15:29:23.603+0000] {processor.py:176} INFO - Processing /home/airflow/.local/lib/python3.7/site-packages/airflow/example_dags/example_complex.py took 0.233 seconds
[2024-12-03T15:29:54.235+0000] {processor.py:154} INFO - Started process (PID=1453) to work on /home/airflow/.local/lib/python3.7/site-packages/airflow/example_dags/example_complex.py
[2024-12-03T15:29:54.237+0000] {processor.py:756} INFO - Processing file /home/airflow/.local/lib/python3.7/site-packages/airflow/example_dags/example_complex.py for tasks to queue
[2024-12-03T15:29:54.240+0000] {logging_mixin.py:120} INFO - [2024-12-03T15:29:54.239+0000] {dagbag.py:537} INFO - Filling up the DagBag from /home/airflow/.local/lib/python3.7/site-packages/airflow/example_dags/example_complex.py
[2024-12-03T15:29:54.262+0000] {logging_mixin.py:120} INFO - [2024-12-03T15:29:54.262+0000] {taskmixin.py:205} WARNING - Dependency <Task(BashOperator): create_entry_group>, delete_entry_group already registered for DAG: example_complex
[2024-12-03T15:29:54.263+0000] {logging_mixin.py:120} INFO - [2024-12-03T15:29:54.263+0000] {taskmixin.py:205} WARNING - Dependency <Task(BashOperator): delete_entry_group>, create_entry_group already registered for DAG: example_complex
[2024-12-03T15:29:54.264+0000] {logging_mixin.py:120} INFO - [2024-12-03T15:29:54.264+0000] {taskmixin.py:205} WARNING - Dependency <Task(BashOperator): create_entry_gcs>, delete_entry already registered for DAG: example_complex
[2024-12-03T15:29:54.265+0000] {logging_mixin.py:120} INFO - [2024-12-03T15:29:54.265+0000] {taskmixin.py:205} WARNING - Dependency <Task(BashOperator): delete_entry>, create_entry_gcs already registered for DAG: example_complex
[2024-12-03T15:29:54.266+0000] {logging_mixin.py:120} INFO - [2024-12-03T15:29:54.266+0000] {taskmixin.py:205} WARNING - Dependency <Task(BashOperator): create_tag>, delete_tag already registered for DAG: example_complex
[2024-12-03T15:29:54.269+0000] {logging_mixin.py:120} INFO - [2024-12-03T15:29:54.268+0000] {taskmixin.py:205} WARNING - Dependency <Task(BashOperator): delete_tag>, create_tag already registered for DAG: example_complex
[2024-12-03T15:29:54.289+0000] {processor.py:766} INFO - DAG(s) dict_keys(['example_complex']) retrieved from /home/airflow/.local/lib/python3.7/site-packages/airflow/example_dags/example_complex.py
[2024-12-03T15:29:54.373+0000] {logging_mixin.py:120} INFO - [2024-12-03T15:29:54.373+0000] {dag.py:2585} INFO - Sync 1 DAGs
[2024-12-03T15:29:54.437+0000] {logging_mixin.py:120} INFO - [2024-12-03T15:29:54.436+0000] {dag.py:3340} INFO - Setting next_dagrun for example_complex to None, run_after=None
[2024-12-03T15:29:54.494+0000] {processor.py:176} INFO - Processing /home/airflow/.local/lib/python3.7/site-packages/airflow/example_dags/example_complex.py took 0.264 seconds
[2024-12-03T15:30:25.051+0000] {processor.py:154} INFO - Started process (PID=1509) to work on /home/airflow/.local/lib/python3.7/site-packages/airflow/example_dags/example_complex.py
[2024-12-03T15:30:25.053+0000] {processor.py:756} INFO - Processing file /home/airflow/.local/lib/python3.7/site-packages/airflow/example_dags/example_complex.py for tasks to queue
[2024-12-03T15:30:25.054+0000] {logging_mixin.py:120} INFO - [2024-12-03T15:30:25.054+0000] {dagbag.py:537} INFO - Filling up the DagBag from /home/airflow/.local/lib/python3.7/site-packages/airflow/example_dags/example_complex.py
[2024-12-03T15:30:25.076+0000] {logging_mixin.py:120} INFO - [2024-12-03T15:30:25.076+0000] {taskmixin.py:205} WARNING - Dependency <Task(BashOperator): create_entry_group>, delete_entry_group already registered for DAG: example_complex
[2024-12-03T15:30:25.077+0000] {logging_mixin.py:120} INFO - [2024-12-03T15:30:25.077+0000] {taskmixin.py:205} WARNING - Dependency <Task(BashOperator): delete_entry_group>, create_entry_group already registered for DAG: example_complex
[2024-12-03T15:30:25.079+0000] {logging_mixin.py:120} INFO - [2024-12-03T15:30:25.078+0000] {taskmixin.py:205} WARNING - Dependency <Task(BashOperator): create_entry_gcs>, delete_entry already registered for DAG: example_complex
[2024-12-03T15:30:25.079+0000] {logging_mixin.py:120} INFO - [2024-12-03T15:30:25.079+0000] {taskmixin.py:205} WARNING - Dependency <Task(BashOperator): delete_entry>, create_entry_gcs already registered for DAG: example_complex
[2024-12-03T15:30:25.080+0000] {logging_mixin.py:120} INFO - [2024-12-03T15:30:25.080+0000] {taskmixin.py:205} WARNING - Dependency <Task(BashOperator): create_tag>, delete_tag already registered for DAG: example_complex
[2024-12-03T15:30:25.081+0000] {logging_mixin.py:120} INFO - [2024-12-03T15:30:25.081+0000] {taskmixin.py:205} WARNING - Dependency <Task(BashOperator): delete_tag>, create_tag already registered for DAG: example_complex
[2024-12-03T15:30:25.095+0000] {processor.py:766} INFO - DAG(s) dict_keys(['example_complex']) retrieved from /home/airflow/.local/lib/python3.7/site-packages/airflow/example_dags/example_complex.py
[2024-12-03T15:30:25.194+0000] {logging_mixin.py:120} INFO - [2024-12-03T15:30:25.193+0000] {dag.py:2585} INFO - Sync 1 DAGs
[2024-12-03T15:30:25.254+0000] {logging_mixin.py:120} INFO - [2024-12-03T15:30:25.253+0000] {dag.py:3340} INFO - Setting next_dagrun for example_complex to None, run_after=None
[2024-12-03T15:30:25.300+0000] {processor.py:176} INFO - Processing /home/airflow/.local/lib/python3.7/site-packages/airflow/example_dags/example_complex.py took 0.252 seconds
[2024-12-03T15:30:55.795+0000] {processor.py:154} INFO - Started process (PID=1574) to work on /home/airflow/.local/lib/python3.7/site-packages/airflow/example_dags/example_complex.py
[2024-12-03T15:30:55.797+0000] {processor.py:756} INFO - Processing file /home/airflow/.local/lib/python3.7/site-packages/airflow/example_dags/example_complex.py for tasks to queue
[2024-12-03T15:30:55.798+0000] {logging_mixin.py:120} INFO - [2024-12-03T15:30:55.798+0000] {dagbag.py:537} INFO - Filling up the DagBag from /home/airflow/.local/lib/python3.7/site-packages/airflow/example_dags/example_complex.py
[2024-12-03T15:30:55.815+0000] {logging_mixin.py:120} INFO - [2024-12-03T15:30:55.815+0000] {taskmixin.py:205} WARNING - Dependency <Task(BashOperator): create_entry_group>, delete_entry_group already registered for DAG: example_complex
[2024-12-03T15:30:55.816+0000] {logging_mixin.py:120} INFO - [2024-12-03T15:30:55.816+0000] {taskmixin.py:205} WARNING - Dependency <Task(BashOperator): delete_entry_group>, create_entry_group already registered for DAG: example_complex
[2024-12-03T15:30:55.818+0000] {logging_mixin.py:120} INFO - [2024-12-03T15:30:55.818+0000] {taskmixin.py:205} WARNING - Dependency <Task(BashOperator): create_entry_gcs>, delete_entry already registered for DAG: example_complex
[2024-12-03T15:30:55.819+0000] {logging_mixin.py:120} INFO - [2024-12-03T15:30:55.819+0000] {taskmixin.py:205} WARNING - Dependency <Task(BashOperator): delete_entry>, create_entry_gcs already registered for DAG: example_complex
[2024-12-03T15:30:55.821+0000] {logging_mixin.py:120} INFO - [2024-12-03T15:30:55.821+0000] {taskmixin.py:205} WARNING - Dependency <Task(BashOperator): create_tag>, delete_tag already registered for DAG: example_complex
[2024-12-03T15:30:55.824+0000] {logging_mixin.py:120} INFO - [2024-12-03T15:30:55.824+0000] {taskmixin.py:205} WARNING - Dependency <Task(BashOperator): delete_tag>, create_tag already registered for DAG: example_complex
[2024-12-03T15:30:55.843+0000] {processor.py:766} INFO - DAG(s) dict_keys(['example_complex']) retrieved from /home/airflow/.local/lib/python3.7/site-packages/airflow/example_dags/example_complex.py
[2024-12-03T15:30:55.934+0000] {logging_mixin.py:120} INFO - [2024-12-03T15:30:55.934+0000] {dag.py:2585} INFO - Sync 1 DAGs
[2024-12-03T15:30:55.970+0000] {logging_mixin.py:120} INFO - [2024-12-03T15:30:55.970+0000] {dag.py:3340} INFO - Setting next_dagrun for example_complex to None, run_after=None
[2024-12-03T15:30:56.005+0000] {processor.py:176} INFO - Processing /home/airflow/.local/lib/python3.7/site-packages/airflow/example_dags/example_complex.py took 0.215 seconds
[2024-12-03T15:31:26.525+0000] {processor.py:154} INFO - Started process (PID=1629) to work on /home/airflow/.local/lib/python3.7/site-packages/airflow/example_dags/example_complex.py
[2024-12-03T15:31:26.527+0000] {processor.py:756} INFO - Processing file /home/airflow/.local/lib/python3.7/site-packages/airflow/example_dags/example_complex.py for tasks to queue
[2024-12-03T15:31:26.530+0000] {logging_mixin.py:120} INFO - [2024-12-03T15:31:26.529+0000] {dagbag.py:537} INFO - Filling up the DagBag from /home/airflow/.local/lib/python3.7/site-packages/airflow/example_dags/example_complex.py
[2024-12-03T15:31:26.549+0000] {logging_mixin.py:120} INFO - [2024-12-03T15:31:26.549+0000] {taskmixin.py:205} WARNING - Dependency <Task(BashOperator): create_entry_group>, delete_entry_group already registered for DAG: example_complex
[2024-12-03T15:31:26.550+0000] {logging_mixin.py:120} INFO - [2024-12-03T15:31:26.550+0000] {taskmixin.py:205} WARNING - Dependency <Task(BashOperator): delete_entry_group>, create_entry_group already registered for DAG: example_complex
[2024-12-03T15:31:26.551+0000] {logging_mixin.py:120} INFO - [2024-12-03T15:31:26.551+0000] {taskmixin.py:205} WARNING - Dependency <Task(BashOperator): create_entry_gcs>, delete_entry already registered for DAG: example_complex
[2024-12-03T15:31:26.552+0000] {logging_mixin.py:120} INFO - [2024-12-03T15:31:26.552+0000] {taskmixin.py:205} WARNING - Dependency <Task(BashOperator): delete_entry>, create_entry_gcs already registered for DAG: example_complex
[2024-12-03T15:31:26.554+0000] {logging_mixin.py:120} INFO - [2024-12-03T15:31:26.554+0000] {taskmixin.py:205} WARNING - Dependency <Task(BashOperator): create_tag>, delete_tag already registered for DAG: example_complex
[2024-12-03T15:31:26.555+0000] {logging_mixin.py:120} INFO - [2024-12-03T15:31:26.555+0000] {taskmixin.py:205} WARNING - Dependency <Task(BashOperator): delete_tag>, create_tag already registered for DAG: example_complex
[2024-12-03T15:31:26.569+0000] {processor.py:766} INFO - DAG(s) dict_keys(['example_complex']) retrieved from /home/airflow/.local/lib/python3.7/site-packages/airflow/example_dags/example_complex.py
[2024-12-03T15:31:26.661+0000] {logging_mixin.py:120} INFO - [2024-12-03T15:31:26.661+0000] {dag.py:2585} INFO - Sync 1 DAGs
[2024-12-03T15:31:26.703+0000] {logging_mixin.py:120} INFO - [2024-12-03T15:31:26.703+0000] {dag.py:3340} INFO - Setting next_dagrun for example_complex to None, run_after=None
[2024-12-03T15:31:26.748+0000] {processor.py:176} INFO - Processing /home/airflow/.local/lib/python3.7/site-packages/airflow/example_dags/example_complex.py took 0.231 seconds
[2024-12-03T15:31:57.313+0000] {processor.py:154} INFO - Started process (PID=1692) to work on /home/airflow/.local/lib/python3.7/site-packages/airflow/example_dags/example_complex.py
[2024-12-03T15:31:57.314+0000] {processor.py:756} INFO - Processing file /home/airflow/.local/lib/python3.7/site-packages/airflow/example_dags/example_complex.py for tasks to queue
[2024-12-03T15:31:57.316+0000] {logging_mixin.py:120} INFO - [2024-12-03T15:31:57.316+0000] {dagbag.py:537} INFO - Filling up the DagBag from /home/airflow/.local/lib/python3.7/site-packages/airflow/example_dags/example_complex.py
[2024-12-03T15:31:57.350+0000] {logging_mixin.py:120} INFO - [2024-12-03T15:31:57.349+0000] {taskmixin.py:205} WARNING - Dependency <Task(BashOperator): create_entry_group>, delete_entry_group already registered for DAG: example_complex
[2024-12-03T15:31:57.351+0000] {logging_mixin.py:120} INFO - [2024-12-03T15:31:57.350+0000] {taskmixin.py:205} WARNING - Dependency <Task(BashOperator): delete_entry_group>, create_entry_group already registered for DAG: example_complex
[2024-12-03T15:31:57.353+0000] {logging_mixin.py:120} INFO - [2024-12-03T15:31:57.352+0000] {taskmixin.py:205} WARNING - Dependency <Task(BashOperator): create_entry_gcs>, delete_entry already registered for DAG: example_complex
[2024-12-03T15:31:57.354+0000] {logging_mixin.py:120} INFO - [2024-12-03T15:31:57.353+0000] {taskmixin.py:205} WARNING - Dependency <Task(BashOperator): delete_entry>, create_entry_gcs already registered for DAG: example_complex
[2024-12-03T15:31:57.355+0000] {logging_mixin.py:120} INFO - [2024-12-03T15:31:57.355+0000] {taskmixin.py:205} WARNING - Dependency <Task(BashOperator): create_tag>, delete_tag already registered for DAG: example_complex
[2024-12-03T15:31:57.356+0000] {logging_mixin.py:120} INFO - [2024-12-03T15:31:57.356+0000] {taskmixin.py:205} WARNING - Dependency <Task(BashOperator): delete_tag>, create_tag already registered for DAG: example_complex
[2024-12-03T15:31:57.375+0000] {processor.py:766} INFO - DAG(s) dict_keys(['example_complex']) retrieved from /home/airflow/.local/lib/python3.7/site-packages/airflow/example_dags/example_complex.py
[2024-12-03T15:31:57.472+0000] {logging_mixin.py:120} INFO - [2024-12-03T15:31:57.472+0000] {dag.py:2585} INFO - Sync 1 DAGs
[2024-12-03T15:31:57.529+0000] {logging_mixin.py:120} INFO - [2024-12-03T15:31:57.528+0000] {dag.py:3340} INFO - Setting next_dagrun for example_complex to None, run_after=None
[2024-12-03T15:31:57.563+0000] {processor.py:176} INFO - Processing /home/airflow/.local/lib/python3.7/site-packages/airflow/example_dags/example_complex.py took 0.256 seconds
[2024-12-03T15:32:28.121+0000] {processor.py:154} INFO - Started process (PID=1749) to work on /home/airflow/.local/lib/python3.7/site-packages/airflow/example_dags/example_complex.py
[2024-12-03T15:32:28.123+0000] {processor.py:756} INFO - Processing file /home/airflow/.local/lib/python3.7/site-packages/airflow/example_dags/example_complex.py for tasks to queue
[2024-12-03T15:32:28.124+0000] {logging_mixin.py:120} INFO - [2024-12-03T15:32:28.124+0000] {dagbag.py:537} INFO - Filling up the DagBag from /home/airflow/.local/lib/python3.7/site-packages/airflow/example_dags/example_complex.py
[2024-12-03T15:32:28.145+0000] {logging_mixin.py:120} INFO - [2024-12-03T15:32:28.145+0000] {taskmixin.py:205} WARNING - Dependency <Task(BashOperator): create_entry_group>, delete_entry_group already registered for DAG: example_complex
[2024-12-03T15:32:28.147+0000] {logging_mixin.py:120} INFO - [2024-12-03T15:32:28.147+0000] {taskmixin.py:205} WARNING - Dependency <Task(BashOperator): delete_entry_group>, create_entry_group already registered for DAG: example_complex
[2024-12-03T15:32:28.148+0000] {logging_mixin.py:120} INFO - [2024-12-03T15:32:28.148+0000] {taskmixin.py:205} WARNING - Dependency <Task(BashOperator): create_entry_gcs>, delete_entry already registered for DAG: example_complex
[2024-12-03T15:32:28.149+0000] {logging_mixin.py:120} INFO - [2024-12-03T15:32:28.149+0000] {taskmixin.py:205} WARNING - Dependency <Task(BashOperator): delete_entry>, create_entry_gcs already registered for DAG: example_complex
[2024-12-03T15:32:28.150+0000] {logging_mixin.py:120} INFO - [2024-12-03T15:32:28.150+0000] {taskmixin.py:205} WARNING - Dependency <Task(BashOperator): create_tag>, delete_tag already registered for DAG: example_complex
[2024-12-03T15:32:28.152+0000] {logging_mixin.py:120} INFO - [2024-12-03T15:32:28.152+0000] {taskmixin.py:205} WARNING - Dependency <Task(BashOperator): delete_tag>, create_tag already registered for DAG: example_complex
[2024-12-03T15:32:28.162+0000] {processor.py:766} INFO - DAG(s) dict_keys(['example_complex']) retrieved from /home/airflow/.local/lib/python3.7/site-packages/airflow/example_dags/example_complex.py
[2024-12-03T15:32:28.228+0000] {logging_mixin.py:120} INFO - [2024-12-03T15:32:28.227+0000] {dag.py:2585} INFO - Sync 1 DAGs
[2024-12-03T15:32:28.265+0000] {logging_mixin.py:120} INFO - [2024-12-03T15:32:28.265+0000] {dag.py:3340} INFO - Setting next_dagrun for example_complex to None, run_after=None
[2024-12-03T15:32:28.310+0000] {processor.py:176} INFO - Processing /home/airflow/.local/lib/python3.7/site-packages/airflow/example_dags/example_complex.py took 0.192 seconds
[2024-12-03T15:32:58.897+0000] {processor.py:154} INFO - Started process (PID=1813) to work on /home/airflow/.local/lib/python3.7/site-packages/airflow/example_dags/example_complex.py
[2024-12-03T15:32:58.898+0000] {processor.py:756} INFO - Processing file /home/airflow/.local/lib/python3.7/site-packages/airflow/example_dags/example_complex.py for tasks to queue
[2024-12-03T15:32:58.900+0000] {logging_mixin.py:120} INFO - [2024-12-03T15:32:58.900+0000] {dagbag.py:537} INFO - Filling up the DagBag from /home/airflow/.local/lib/python3.7/site-packages/airflow/example_dags/example_complex.py
[2024-12-03T15:32:58.918+0000] {logging_mixin.py:120} INFO - [2024-12-03T15:32:58.917+0000] {taskmixin.py:205} WARNING - Dependency <Task(BashOperator): create_entry_group>, delete_entry_group already registered for DAG: example_complex
[2024-12-03T15:32:58.919+0000] {logging_mixin.py:120} INFO - [2024-12-03T15:32:58.919+0000] {taskmixin.py:205} WARNING - Dependency <Task(BashOperator): delete_entry_group>, create_entry_group already registered for DAG: example_complex
[2024-12-03T15:32:58.921+0000] {logging_mixin.py:120} INFO - [2024-12-03T15:32:58.920+0000] {taskmixin.py:205} WARNING - Dependency <Task(BashOperator): create_entry_gcs>, delete_entry already registered for DAG: example_complex
[2024-12-03T15:32:58.923+0000] {logging_mixin.py:120} INFO - [2024-12-03T15:32:58.923+0000] {taskmixin.py:205} WARNING - Dependency <Task(BashOperator): delete_entry>, create_entry_gcs already registered for DAG: example_complex
[2024-12-03T15:32:58.924+0000] {logging_mixin.py:120} INFO - [2024-12-03T15:32:58.924+0000] {taskmixin.py:205} WARNING - Dependency <Task(BashOperator): create_tag>, delete_tag already registered for DAG: example_complex
[2024-12-03T15:32:58.926+0000] {logging_mixin.py:120} INFO - [2024-12-03T15:32:58.925+0000] {taskmixin.py:205} WARNING - Dependency <Task(BashOperator): delete_tag>, create_tag already registered for DAG: example_complex
[2024-12-03T15:32:58.943+0000] {processor.py:766} INFO - DAG(s) dict_keys(['example_complex']) retrieved from /home/airflow/.local/lib/python3.7/site-packages/airflow/example_dags/example_complex.py
[2024-12-03T15:32:59.034+0000] {logging_mixin.py:120} INFO - [2024-12-03T15:32:59.034+0000] {dag.py:2585} INFO - Sync 1 DAGs
[2024-12-03T15:32:59.086+0000] {logging_mixin.py:120} INFO - [2024-12-03T15:32:59.086+0000] {dag.py:3340} INFO - Setting next_dagrun for example_complex to None, run_after=None
[2024-12-03T15:32:59.129+0000] {processor.py:176} INFO - Processing /home/airflow/.local/lib/python3.7/site-packages/airflow/example_dags/example_complex.py took 0.237 seconds
[2024-12-03T15:33:29.324+0000] {processor.py:154} INFO - Started process (PID=1868) to work on /home/airflow/.local/lib/python3.7/site-packages/airflow/example_dags/example_complex.py
[2024-12-03T15:33:29.326+0000] {processor.py:756} INFO - Processing file /home/airflow/.local/lib/python3.7/site-packages/airflow/example_dags/example_complex.py for tasks to queue
[2024-12-03T15:33:29.328+0000] {logging_mixin.py:120} INFO - [2024-12-03T15:33:29.328+0000] {dagbag.py:537} INFO - Filling up the DagBag from /home/airflow/.local/lib/python3.7/site-packages/airflow/example_dags/example_complex.py
[2024-12-03T15:33:29.348+0000] {logging_mixin.py:120} INFO - [2024-12-03T15:33:29.348+0000] {taskmixin.py:205} WARNING - Dependency <Task(BashOperator): create_entry_group>, delete_entry_group already registered for DAG: example_complex
[2024-12-03T15:33:29.349+0000] {logging_mixin.py:120} INFO - [2024-12-03T15:33:29.349+0000] {taskmixin.py:205} WARNING - Dependency <Task(BashOperator): delete_entry_group>, create_entry_group already registered for DAG: example_complex
[2024-12-03T15:33:29.350+0000] {logging_mixin.py:120} INFO - [2024-12-03T15:33:29.350+0000] {taskmixin.py:205} WARNING - Dependency <Task(BashOperator): create_entry_gcs>, delete_entry already registered for DAG: example_complex
[2024-12-03T15:33:29.351+0000] {logging_mixin.py:120} INFO - [2024-12-03T15:33:29.351+0000] {taskmixin.py:205} WARNING - Dependency <Task(BashOperator): delete_entry>, create_entry_gcs already registered for DAG: example_complex
[2024-12-03T15:33:29.353+0000] {logging_mixin.py:120} INFO - [2024-12-03T15:33:29.353+0000] {taskmixin.py:205} WARNING - Dependency <Task(BashOperator): create_tag>, delete_tag already registered for DAG: example_complex
[2024-12-03T15:33:29.355+0000] {logging_mixin.py:120} INFO - [2024-12-03T15:33:29.354+0000] {taskmixin.py:205} WARNING - Dependency <Task(BashOperator): delete_tag>, create_tag already registered for DAG: example_complex
[2024-12-03T15:33:29.367+0000] {processor.py:766} INFO - DAG(s) dict_keys(['example_complex']) retrieved from /home/airflow/.local/lib/python3.7/site-packages/airflow/example_dags/example_complex.py
[2024-12-03T15:33:29.459+0000] {logging_mixin.py:120} INFO - [2024-12-03T15:33:29.458+0000] {dag.py:2585} INFO - Sync 1 DAGs
[2024-12-03T15:33:29.507+0000] {logging_mixin.py:120} INFO - [2024-12-03T15:33:29.507+0000] {dag.py:3340} INFO - Setting next_dagrun for example_complex to None, run_after=None
[2024-12-03T15:33:29.550+0000] {processor.py:176} INFO - Processing /home/airflow/.local/lib/python3.7/site-packages/airflow/example_dags/example_complex.py took 0.231 seconds
[2024-12-03T15:34:00.136+0000] {processor.py:154} INFO - Started process (PID=1932) to work on /home/airflow/.local/lib/python3.7/site-packages/airflow/example_dags/example_complex.py
[2024-12-03T15:34:00.139+0000] {processor.py:756} INFO - Processing file /home/airflow/.local/lib/python3.7/site-packages/airflow/example_dags/example_complex.py for tasks to queue
[2024-12-03T15:34:00.141+0000] {logging_mixin.py:120} INFO - [2024-12-03T15:34:00.140+0000] {dagbag.py:537} INFO - Filling up the DagBag from /home/airflow/.local/lib/python3.7/site-packages/airflow/example_dags/example_complex.py
[2024-12-03T15:34:00.170+0000] {logging_mixin.py:120} INFO - [2024-12-03T15:34:00.169+0000] {taskmixin.py:205} WARNING - Dependency <Task(BashOperator): create_entry_group>, delete_entry_group already registered for DAG: example_complex
[2024-12-03T15:34:00.172+0000] {logging_mixin.py:120} INFO - [2024-12-03T15:34:00.171+0000] {taskmixin.py:205} WARNING - Dependency <Task(BashOperator): delete_entry_group>, create_entry_group already registered for DAG: example_complex
[2024-12-03T15:34:00.175+0000] {logging_mixin.py:120} INFO - [2024-12-03T15:34:00.174+0000] {taskmixin.py:205} WARNING - Dependency <Task(BashOperator): create_entry_gcs>, delete_entry already registered for DAG: example_complex
[2024-12-03T15:34:00.176+0000] {logging_mixin.py:120} INFO - [2024-12-03T15:34:00.175+0000] {taskmixin.py:205} WARNING - Dependency <Task(BashOperator): delete_entry>, create_entry_gcs already registered for DAG: example_complex
[2024-12-03T15:34:00.177+0000] {logging_mixin.py:120} INFO - [2024-12-03T15:34:00.177+0000] {taskmixin.py:205} WARNING - Dependency <Task(BashOperator): create_tag>, delete_tag already registered for DAG: example_complex
[2024-12-03T15:34:00.178+0000] {logging_mixin.py:120} INFO - [2024-12-03T15:34:00.178+0000] {taskmixin.py:205} WARNING - Dependency <Task(BashOperator): delete_tag>, create_tag already registered for DAG: example_complex
[2024-12-03T15:34:00.196+0000] {processor.py:766} INFO - DAG(s) dict_keys(['example_complex']) retrieved from /home/airflow/.local/lib/python3.7/site-packages/airflow/example_dags/example_complex.py
[2024-12-03T15:34:00.280+0000] {logging_mixin.py:120} INFO - [2024-12-03T15:34:00.279+0000] {dag.py:2585} INFO - Sync 1 DAGs
[2024-12-03T15:34:00.341+0000] {logging_mixin.py:120} INFO - [2024-12-03T15:34:00.341+0000] {dag.py:3340} INFO - Setting next_dagrun for example_complex to None, run_after=None
[2024-12-03T15:34:00.400+0000] {processor.py:176} INFO - Processing /home/airflow/.local/lib/python3.7/site-packages/airflow/example_dags/example_complex.py took 0.272 seconds
[2024-12-03T15:34:30.697+0000] {processor.py:154} INFO - Started process (PID=1987) to work on /home/airflow/.local/lib/python3.7/site-packages/airflow/example_dags/example_complex.py
[2024-12-03T15:34:30.699+0000] {processor.py:756} INFO - Processing file /home/airflow/.local/lib/python3.7/site-packages/airflow/example_dags/example_complex.py for tasks to queue
[2024-12-03T15:34:30.701+0000] {logging_mixin.py:120} INFO - [2024-12-03T15:34:30.701+0000] {dagbag.py:537} INFO - Filling up the DagBag from /home/airflow/.local/lib/python3.7/site-packages/airflow/example_dags/example_complex.py
[2024-12-03T15:34:30.724+0000] {logging_mixin.py:120} INFO - [2024-12-03T15:34:30.724+0000] {taskmixin.py:205} WARNING - Dependency <Task(BashOperator): create_entry_group>, delete_entry_group already registered for DAG: example_complex
[2024-12-03T15:34:30.726+0000] {logging_mixin.py:120} INFO - [2024-12-03T15:34:30.725+0000] {taskmixin.py:205} WARNING - Dependency <Task(BashOperator): delete_entry_group>, create_entry_group already registered for DAG: example_complex
[2024-12-03T15:34:30.727+0000] {logging_mixin.py:120} INFO - [2024-12-03T15:34:30.727+0000] {taskmixin.py:205} WARNING - Dependency <Task(BashOperator): create_entry_gcs>, delete_entry already registered for DAG: example_complex
[2024-12-03T15:34:30.729+0000] {logging_mixin.py:120} INFO - [2024-12-03T15:34:30.728+0000] {taskmixin.py:205} WARNING - Dependency <Task(BashOperator): delete_entry>, create_entry_gcs already registered for DAG: example_complex
[2024-12-03T15:34:30.731+0000] {logging_mixin.py:120} INFO - [2024-12-03T15:34:30.730+0000] {taskmixin.py:205} WARNING - Dependency <Task(BashOperator): create_tag>, delete_tag already registered for DAG: example_complex
[2024-12-03T15:34:30.732+0000] {logging_mixin.py:120} INFO - [2024-12-03T15:34:30.731+0000] {taskmixin.py:205} WARNING - Dependency <Task(BashOperator): delete_tag>, create_tag already registered for DAG: example_complex
[2024-12-03T15:34:30.746+0000] {processor.py:766} INFO - DAG(s) dict_keys(['example_complex']) retrieved from /home/airflow/.local/lib/python3.7/site-packages/airflow/example_dags/example_complex.py
[2024-12-03T15:34:30.832+0000] {logging_mixin.py:120} INFO - [2024-12-03T15:34:30.832+0000] {dag.py:2585} INFO - Sync 1 DAGs
[2024-12-03T15:34:30.892+0000] {logging_mixin.py:120} INFO - [2024-12-03T15:34:30.892+0000] {dag.py:3340} INFO - Setting next_dagrun for example_complex to None, run_after=None
[2024-12-03T15:34:30.938+0000] {processor.py:176} INFO - Processing /home/airflow/.local/lib/python3.7/site-packages/airflow/example_dags/example_complex.py took 0.245 seconds
[2024-12-03T15:35:01.731+0000] {processor.py:154} INFO - Started process (PID=2048) to work on /home/airflow/.local/lib/python3.7/site-packages/airflow/example_dags/example_complex.py
[2024-12-03T15:35:01.733+0000] {processor.py:756} INFO - Processing file /home/airflow/.local/lib/python3.7/site-packages/airflow/example_dags/example_complex.py for tasks to queue
[2024-12-03T15:35:01.735+0000] {logging_mixin.py:120} INFO - [2024-12-03T15:35:01.735+0000] {dagbag.py:537} INFO - Filling up the DagBag from /home/airflow/.local/lib/python3.7/site-packages/airflow/example_dags/example_complex.py
[2024-12-03T15:35:01.758+0000] {logging_mixin.py:120} INFO - [2024-12-03T15:35:01.757+0000] {taskmixin.py:205} WARNING - Dependency <Task(BashOperator): create_entry_group>, delete_entry_group already registered for DAG: example_complex
[2024-12-03T15:35:01.759+0000] {logging_mixin.py:120} INFO - [2024-12-03T15:35:01.759+0000] {taskmixin.py:205} WARNING - Dependency <Task(BashOperator): delete_entry_group>, create_entry_group already registered for DAG: example_complex
[2024-12-03T15:35:01.761+0000] {logging_mixin.py:120} INFO - [2024-12-03T15:35:01.760+0000] {taskmixin.py:205} WARNING - Dependency <Task(BashOperator): create_entry_gcs>, delete_entry already registered for DAG: example_complex
[2024-12-03T15:35:01.762+0000] {logging_mixin.py:120} INFO - [2024-12-03T15:35:01.761+0000] {taskmixin.py:205} WARNING - Dependency <Task(BashOperator): delete_entry>, create_entry_gcs already registered for DAG: example_complex
[2024-12-03T15:35:01.764+0000] {logging_mixin.py:120} INFO - [2024-12-03T15:35:01.763+0000] {taskmixin.py:205} WARNING - Dependency <Task(BashOperator): create_tag>, delete_tag already registered for DAG: example_complex
[2024-12-03T15:35:01.765+0000] {logging_mixin.py:120} INFO - [2024-12-03T15:35:01.764+0000] {taskmixin.py:205} WARNING - Dependency <Task(BashOperator): delete_tag>, create_tag already registered for DAG: example_complex
[2024-12-03T15:35:01.782+0000] {processor.py:766} INFO - DAG(s) dict_keys(['example_complex']) retrieved from /home/airflow/.local/lib/python3.7/site-packages/airflow/example_dags/example_complex.py
[2024-12-03T15:35:01.871+0000] {logging_mixin.py:120} INFO - [2024-12-03T15:35:01.871+0000] {dag.py:2585} INFO - Sync 1 DAGs
[2024-12-03T15:35:01.923+0000] {logging_mixin.py:120} INFO - [2024-12-03T15:35:01.923+0000] {dag.py:3340} INFO - Setting next_dagrun for example_complex to None, run_after=None
[2024-12-03T15:35:01.983+0000] {processor.py:176} INFO - Processing /home/airflow/.local/lib/python3.7/site-packages/airflow/example_dags/example_complex.py took 0.259 seconds
[2024-12-03T15:35:32.486+0000] {processor.py:154} INFO - Started process (PID=2105) to work on /home/airflow/.local/lib/python3.7/site-packages/airflow/example_dags/example_complex.py
[2024-12-03T15:35:32.488+0000] {processor.py:756} INFO - Processing file /home/airflow/.local/lib/python3.7/site-packages/airflow/example_dags/example_complex.py for tasks to queue
[2024-12-03T15:35:32.490+0000] {logging_mixin.py:120} INFO - [2024-12-03T15:35:32.490+0000] {dagbag.py:537} INFO - Filling up the DagBag from /home/airflow/.local/lib/python3.7/site-packages/airflow/example_dags/example_complex.py
[2024-12-03T15:35:32.510+0000] {logging_mixin.py:120} INFO - [2024-12-03T15:35:32.510+0000] {taskmixin.py:205} WARNING - Dependency <Task(BashOperator): create_entry_group>, delete_entry_group already registered for DAG: example_complex
[2024-12-03T15:35:32.511+0000] {logging_mixin.py:120} INFO - [2024-12-03T15:35:32.511+0000] {taskmixin.py:205} WARNING - Dependency <Task(BashOperator): delete_entry_group>, create_entry_group already registered for DAG: example_complex
[2024-12-03T15:35:32.513+0000] {logging_mixin.py:120} INFO - [2024-12-03T15:35:32.513+0000] {taskmixin.py:205} WARNING - Dependency <Task(BashOperator): create_entry_gcs>, delete_entry already registered for DAG: example_complex
[2024-12-03T15:35:32.515+0000] {logging_mixin.py:120} INFO - [2024-12-03T15:35:32.515+0000] {taskmixin.py:205} WARNING - Dependency <Task(BashOperator): delete_entry>, create_entry_gcs already registered for DAG: example_complex
[2024-12-03T15:35:32.518+0000] {logging_mixin.py:120} INFO - [2024-12-03T15:35:32.517+0000] {taskmixin.py:205} WARNING - Dependency <Task(BashOperator): create_tag>, delete_tag already registered for DAG: example_complex
[2024-12-03T15:35:32.519+0000] {logging_mixin.py:120} INFO - [2024-12-03T15:35:32.519+0000] {taskmixin.py:205} WARNING - Dependency <Task(BashOperator): delete_tag>, create_tag already registered for DAG: example_complex
[2024-12-03T15:35:32.532+0000] {processor.py:766} INFO - DAG(s) dict_keys(['example_complex']) retrieved from /home/airflow/.local/lib/python3.7/site-packages/airflow/example_dags/example_complex.py
[2024-12-03T15:35:32.614+0000] {logging_mixin.py:120} INFO - [2024-12-03T15:35:32.614+0000] {dag.py:2585} INFO - Sync 1 DAGs
[2024-12-03T15:35:32.662+0000] {logging_mixin.py:120} INFO - [2024-12-03T15:35:32.662+0000] {dag.py:3340} INFO - Setting next_dagrun for example_complex to None, run_after=None
[2024-12-03T15:35:32.716+0000] {processor.py:176} INFO - Processing /home/airflow/.local/lib/python3.7/site-packages/airflow/example_dags/example_complex.py took 0.238 seconds
[2024-12-03T15:36:03.830+0000] {processor.py:154} INFO - Started process (PID=2160) to work on /home/airflow/.local/lib/python3.7/site-packages/airflow/example_dags/example_complex.py
[2024-12-03T15:36:03.831+0000] {processor.py:756} INFO - Processing file /home/airflow/.local/lib/python3.7/site-packages/airflow/example_dags/example_complex.py for tasks to queue
[2024-12-03T15:36:03.833+0000] {logging_mixin.py:120} INFO - [2024-12-03T15:36:03.833+0000] {dagbag.py:537} INFO - Filling up the DagBag from /home/airflow/.local/lib/python3.7/site-packages/airflow/example_dags/example_complex.py
[2024-12-03T15:36:03.851+0000] {logging_mixin.py:120} INFO - [2024-12-03T15:36:03.851+0000] {taskmixin.py:205} WARNING - Dependency <Task(BashOperator): create_entry_group>, delete_entry_group already registered for DAG: example_complex
[2024-12-03T15:36:03.852+0000] {logging_mixin.py:120} INFO - [2024-12-03T15:36:03.852+0000] {taskmixin.py:205} WARNING - Dependency <Task(BashOperator): delete_entry_group>, create_entry_group already registered for DAG: example_complex
[2024-12-03T15:36:03.854+0000] {logging_mixin.py:120} INFO - [2024-12-03T15:36:03.854+0000] {taskmixin.py:205} WARNING - Dependency <Task(BashOperator): create_entry_gcs>, delete_entry already registered for DAG: example_complex
[2024-12-03T15:36:03.855+0000] {logging_mixin.py:120} INFO - [2024-12-03T15:36:03.855+0000] {taskmixin.py:205} WARNING - Dependency <Task(BashOperator): delete_entry>, create_entry_gcs already registered for DAG: example_complex
[2024-12-03T15:36:03.856+0000] {logging_mixin.py:120} INFO - [2024-12-03T15:36:03.856+0000] {taskmixin.py:205} WARNING - Dependency <Task(BashOperator): create_tag>, delete_tag already registered for DAG: example_complex
[2024-12-03T15:36:03.858+0000] {logging_mixin.py:120} INFO - [2024-12-03T15:36:03.857+0000] {taskmixin.py:205} WARNING - Dependency <Task(BashOperator): delete_tag>, create_tag already registered for DAG: example_complex
[2024-12-03T15:36:03.876+0000] {processor.py:766} INFO - DAG(s) dict_keys(['example_complex']) retrieved from /home/airflow/.local/lib/python3.7/site-packages/airflow/example_dags/example_complex.py
[2024-12-03T15:36:03.952+0000] {logging_mixin.py:120} INFO - [2024-12-03T15:36:03.951+0000] {dag.py:2585} INFO - Sync 1 DAGs
[2024-12-03T15:36:04.018+0000] {logging_mixin.py:120} INFO - [2024-12-03T15:36:04.018+0000] {dag.py:3340} INFO - Setting next_dagrun for example_complex to None, run_after=None
[2024-12-03T15:36:04.088+0000] {processor.py:176} INFO - Processing /home/airflow/.local/lib/python3.7/site-packages/airflow/example_dags/example_complex.py took 0.264 seconds
[2024-12-03T15:36:35.206+0000] {processor.py:154} INFO - Started process (PID=2225) to work on /home/airflow/.local/lib/python3.7/site-packages/airflow/example_dags/example_complex.py
[2024-12-03T15:36:35.208+0000] {processor.py:756} INFO - Processing file /home/airflow/.local/lib/python3.7/site-packages/airflow/example_dags/example_complex.py for tasks to queue
[2024-12-03T15:36:35.210+0000] {logging_mixin.py:120} INFO - [2024-12-03T15:36:35.210+0000] {dagbag.py:537} INFO - Filling up the DagBag from /home/airflow/.local/lib/python3.7/site-packages/airflow/example_dags/example_complex.py
[2024-12-03T15:36:35.235+0000] {logging_mixin.py:120} INFO - [2024-12-03T15:36:35.235+0000] {taskmixin.py:205} WARNING - Dependency <Task(BashOperator): create_entry_group>, delete_entry_group already registered for DAG: example_complex
[2024-12-03T15:36:35.236+0000] {logging_mixin.py:120} INFO - [2024-12-03T15:36:35.236+0000] {taskmixin.py:205} WARNING - Dependency <Task(BashOperator): delete_entry_group>, create_entry_group already registered for DAG: example_complex
[2024-12-03T15:36:35.238+0000] {logging_mixin.py:120} INFO - [2024-12-03T15:36:35.238+0000] {taskmixin.py:205} WARNING - Dependency <Task(BashOperator): create_entry_gcs>, delete_entry already registered for DAG: example_complex
[2024-12-03T15:36:35.239+0000] {logging_mixin.py:120} INFO - [2024-12-03T15:36:35.238+0000] {taskmixin.py:205} WARNING - Dependency <Task(BashOperator): delete_entry>, create_entry_gcs already registered for DAG: example_complex
[2024-12-03T15:36:35.240+0000] {logging_mixin.py:120} INFO - [2024-12-03T15:36:35.240+0000] {taskmixin.py:205} WARNING - Dependency <Task(BashOperator): create_tag>, delete_tag already registered for DAG: example_complex
[2024-12-03T15:36:35.241+0000] {logging_mixin.py:120} INFO - [2024-12-03T15:36:35.240+0000] {taskmixin.py:205} WARNING - Dependency <Task(BashOperator): delete_tag>, create_tag already registered for DAG: example_complex
[2024-12-03T15:36:35.258+0000] {processor.py:766} INFO - DAG(s) dict_keys(['example_complex']) retrieved from /home/airflow/.local/lib/python3.7/site-packages/airflow/example_dags/example_complex.py
[2024-12-03T15:36:35.330+0000] {logging_mixin.py:120} INFO - [2024-12-03T15:36:35.329+0000] {dag.py:2585} INFO - Sync 1 DAGs
[2024-12-03T15:36:35.372+0000] {logging_mixin.py:120} INFO - [2024-12-03T15:36:35.372+0000] {dag.py:3340} INFO - Setting next_dagrun for example_complex to None, run_after=None
[2024-12-03T15:36:35.416+0000] {processor.py:176} INFO - Processing /home/airflow/.local/lib/python3.7/site-packages/airflow/example_dags/example_complex.py took 0.217 seconds
[2024-12-03T15:37:06.674+0000] {processor.py:154} INFO - Started process (PID=2281) to work on /home/airflow/.local/lib/python3.7/site-packages/airflow/example_dags/example_complex.py
[2024-12-03T15:37:06.676+0000] {processor.py:756} INFO - Processing file /home/airflow/.local/lib/python3.7/site-packages/airflow/example_dags/example_complex.py for tasks to queue
[2024-12-03T15:37:06.677+0000] {logging_mixin.py:120} INFO - [2024-12-03T15:37:06.677+0000] {dagbag.py:537} INFO - Filling up the DagBag from /home/airflow/.local/lib/python3.7/site-packages/airflow/example_dags/example_complex.py
[2024-12-03T15:37:06.695+0000] {logging_mixin.py:120} INFO - [2024-12-03T15:37:06.694+0000] {taskmixin.py:205} WARNING - Dependency <Task(BashOperator): create_entry_group>, delete_entry_group already registered for DAG: example_complex
[2024-12-03T15:37:06.696+0000] {logging_mixin.py:120} INFO - [2024-12-03T15:37:06.696+0000] {taskmixin.py:205} WARNING - Dependency <Task(BashOperator): delete_entry_group>, create_entry_group already registered for DAG: example_complex
[2024-12-03T15:37:06.697+0000] {logging_mixin.py:120} INFO - [2024-12-03T15:37:06.697+0000] {taskmixin.py:205} WARNING - Dependency <Task(BashOperator): create_entry_gcs>, delete_entry already registered for DAG: example_complex
[2024-12-03T15:37:06.698+0000] {logging_mixin.py:120} INFO - [2024-12-03T15:37:06.698+0000] {taskmixin.py:205} WARNING - Dependency <Task(BashOperator): delete_entry>, create_entry_gcs already registered for DAG: example_complex
[2024-12-03T15:37:06.700+0000] {logging_mixin.py:120} INFO - [2024-12-03T15:37:06.699+0000] {taskmixin.py:205} WARNING - Dependency <Task(BashOperator): create_tag>, delete_tag already registered for DAG: example_complex
[2024-12-03T15:37:06.701+0000] {logging_mixin.py:120} INFO - [2024-12-03T15:37:06.700+0000] {taskmixin.py:205} WARNING - Dependency <Task(BashOperator): delete_tag>, create_tag already registered for DAG: example_complex
[2024-12-03T15:37:06.713+0000] {processor.py:766} INFO - DAG(s) dict_keys(['example_complex']) retrieved from /home/airflow/.local/lib/python3.7/site-packages/airflow/example_dags/example_complex.py
[2024-12-03T15:37:06.790+0000] {logging_mixin.py:120} INFO - [2024-12-03T15:37:06.789+0000] {dag.py:2585} INFO - Sync 1 DAGs
[2024-12-03T15:37:06.837+0000] {logging_mixin.py:120} INFO - [2024-12-03T15:37:06.836+0000] {dag.py:3340} INFO - Setting next_dagrun for example_complex to None, run_after=None
[2024-12-03T15:37:06.883+0000] {processor.py:176} INFO - Processing /home/airflow/.local/lib/python3.7/site-packages/airflow/example_dags/example_complex.py took 0.214 seconds
[2024-12-03T15:37:37.892+0000] {processor.py:154} INFO - Started process (PID=2345) to work on /home/airflow/.local/lib/python3.7/site-packages/airflow/example_dags/example_complex.py
[2024-12-03T15:37:37.894+0000] {processor.py:756} INFO - Processing file /home/airflow/.local/lib/python3.7/site-packages/airflow/example_dags/example_complex.py for tasks to queue
[2024-12-03T15:37:37.895+0000] {logging_mixin.py:120} INFO - [2024-12-03T15:37:37.895+0000] {dagbag.py:537} INFO - Filling up the DagBag from /home/airflow/.local/lib/python3.7/site-packages/airflow/example_dags/example_complex.py
[2024-12-03T15:37:37.917+0000] {logging_mixin.py:120} INFO - [2024-12-03T15:37:37.916+0000] {taskmixin.py:205} WARNING - Dependency <Task(BashOperator): create_entry_group>, delete_entry_group already registered for DAG: example_complex
[2024-12-03T15:37:37.918+0000] {logging_mixin.py:120} INFO - [2024-12-03T15:37:37.917+0000] {taskmixin.py:205} WARNING - Dependency <Task(BashOperator): delete_entry_group>, create_entry_group already registered for DAG: example_complex
[2024-12-03T15:37:37.918+0000] {logging_mixin.py:120} INFO - [2024-12-03T15:37:37.918+0000] {taskmixin.py:205} WARNING - Dependency <Task(BashOperator): create_entry_gcs>, delete_entry already registered for DAG: example_complex
[2024-12-03T15:37:37.919+0000] {logging_mixin.py:120} INFO - [2024-12-03T15:37:37.919+0000] {taskmixin.py:205} WARNING - Dependency <Task(BashOperator): delete_entry>, create_entry_gcs already registered for DAG: example_complex
[2024-12-03T15:37:37.921+0000] {logging_mixin.py:120} INFO - [2024-12-03T15:37:37.920+0000] {taskmixin.py:205} WARNING - Dependency <Task(BashOperator): create_tag>, delete_tag already registered for DAG: example_complex
[2024-12-03T15:37:37.922+0000] {logging_mixin.py:120} INFO - [2024-12-03T15:37:37.921+0000] {taskmixin.py:205} WARNING - Dependency <Task(BashOperator): delete_tag>, create_tag already registered for DAG: example_complex
[2024-12-03T15:37:37.934+0000] {processor.py:766} INFO - DAG(s) dict_keys(['example_complex']) retrieved from /home/airflow/.local/lib/python3.7/site-packages/airflow/example_dags/example_complex.py
[2024-12-03T15:37:38.036+0000] {logging_mixin.py:120} INFO - [2024-12-03T15:37:38.035+0000] {dag.py:2585} INFO - Sync 1 DAGs
[2024-12-03T15:37:38.090+0000] {logging_mixin.py:120} INFO - [2024-12-03T15:37:38.090+0000] {dag.py:3340} INFO - Setting next_dagrun for example_complex to None, run_after=None
[2024-12-03T15:37:38.130+0000] {processor.py:176} INFO - Processing /home/airflow/.local/lib/python3.7/site-packages/airflow/example_dags/example_complex.py took 0.242 seconds
[2024-12-03T15:38:09.170+0000] {processor.py:154} INFO - Started process (PID=2400) to work on /home/airflow/.local/lib/python3.7/site-packages/airflow/example_dags/example_complex.py
[2024-12-03T15:38:09.172+0000] {processor.py:756} INFO - Processing file /home/airflow/.local/lib/python3.7/site-packages/airflow/example_dags/example_complex.py for tasks to queue
[2024-12-03T15:38:09.174+0000] {logging_mixin.py:120} INFO - [2024-12-03T15:38:09.173+0000] {dagbag.py:537} INFO - Filling up the DagBag from /home/airflow/.local/lib/python3.7/site-packages/airflow/example_dags/example_complex.py
[2024-12-03T15:38:09.198+0000] {logging_mixin.py:120} INFO - [2024-12-03T15:38:09.198+0000] {taskmixin.py:205} WARNING - Dependency <Task(BashOperator): create_entry_group>, delete_entry_group already registered for DAG: example_complex
[2024-12-03T15:38:09.201+0000] {logging_mixin.py:120} INFO - [2024-12-03T15:38:09.200+0000] {taskmixin.py:205} WARNING - Dependency <Task(BashOperator): delete_entry_group>, create_entry_group already registered for DAG: example_complex
[2024-12-03T15:38:09.203+0000] {logging_mixin.py:120} INFO - [2024-12-03T15:38:09.202+0000] {taskmixin.py:205} WARNING - Dependency <Task(BashOperator): create_entry_gcs>, delete_entry already registered for DAG: example_complex
[2024-12-03T15:38:09.204+0000] {logging_mixin.py:120} INFO - [2024-12-03T15:38:09.204+0000] {taskmixin.py:205} WARNING - Dependency <Task(BashOperator): delete_entry>, create_entry_gcs already registered for DAG: example_complex
[2024-12-03T15:38:09.205+0000] {logging_mixin.py:120} INFO - [2024-12-03T15:38:09.205+0000] {taskmixin.py:205} WARNING - Dependency <Task(BashOperator): create_tag>, delete_tag already registered for DAG: example_complex
[2024-12-03T15:38:09.207+0000] {logging_mixin.py:120} INFO - [2024-12-03T15:38:09.207+0000] {taskmixin.py:205} WARNING - Dependency <Task(BashOperator): delete_tag>, create_tag already registered for DAG: example_complex
[2024-12-03T15:38:09.222+0000] {processor.py:766} INFO - DAG(s) dict_keys(['example_complex']) retrieved from /home/airflow/.local/lib/python3.7/site-packages/airflow/example_dags/example_complex.py
[2024-12-03T15:38:09.316+0000] {logging_mixin.py:120} INFO - [2024-12-03T15:38:09.315+0000] {dag.py:2585} INFO - Sync 1 DAGs
[2024-12-03T15:38:09.372+0000] {logging_mixin.py:120} INFO - [2024-12-03T15:38:09.371+0000] {dag.py:3340} INFO - Setting next_dagrun for example_complex to None, run_after=None
[2024-12-03T15:38:09.423+0000] {processor.py:176} INFO - Processing /home/airflow/.local/lib/python3.7/site-packages/airflow/example_dags/example_complex.py took 0.259 seconds
[2024-12-03T15:38:39.839+0000] {processor.py:154} INFO - Started process (PID=2464) to work on /home/airflow/.local/lib/python3.7/site-packages/airflow/example_dags/example_complex.py
[2024-12-03T15:38:39.841+0000] {processor.py:756} INFO - Processing file /home/airflow/.local/lib/python3.7/site-packages/airflow/example_dags/example_complex.py for tasks to queue
[2024-12-03T15:38:39.843+0000] {logging_mixin.py:120} INFO - [2024-12-03T15:38:39.842+0000] {dagbag.py:537} INFO - Filling up the DagBag from /home/airflow/.local/lib/python3.7/site-packages/airflow/example_dags/example_complex.py
[2024-12-03T15:38:39.861+0000] {logging_mixin.py:120} INFO - [2024-12-03T15:38:39.860+0000] {taskmixin.py:205} WARNING - Dependency <Task(BashOperator): create_entry_group>, delete_entry_group already registered for DAG: example_complex
[2024-12-03T15:38:39.861+0000] {logging_mixin.py:120} INFO - [2024-12-03T15:38:39.861+0000] {taskmixin.py:205} WARNING - Dependency <Task(BashOperator): delete_entry_group>, create_entry_group already registered for DAG: example_complex
[2024-12-03T15:38:39.862+0000] {logging_mixin.py:120} INFO - [2024-12-03T15:38:39.862+0000] {taskmixin.py:205} WARNING - Dependency <Task(BashOperator): create_entry_gcs>, delete_entry already registered for DAG: example_complex
[2024-12-03T15:38:39.863+0000] {logging_mixin.py:120} INFO - [2024-12-03T15:38:39.863+0000] {taskmixin.py:205} WARNING - Dependency <Task(BashOperator): delete_entry>, create_entry_gcs already registered for DAG: example_complex
[2024-12-03T15:38:39.864+0000] {logging_mixin.py:120} INFO - [2024-12-03T15:38:39.864+0000] {taskmixin.py:205} WARNING - Dependency <Task(BashOperator): create_tag>, delete_tag already registered for DAG: example_complex
[2024-12-03T15:38:39.865+0000] {logging_mixin.py:120} INFO - [2024-12-03T15:38:39.865+0000] {taskmixin.py:205} WARNING - Dependency <Task(BashOperator): delete_tag>, create_tag already registered for DAG: example_complex
[2024-12-03T15:38:39.877+0000] {processor.py:766} INFO - DAG(s) dict_keys(['example_complex']) retrieved from /home/airflow/.local/lib/python3.7/site-packages/airflow/example_dags/example_complex.py
[2024-12-03T15:38:39.948+0000] {logging_mixin.py:120} INFO - [2024-12-03T15:38:39.948+0000] {dag.py:2585} INFO - Sync 1 DAGs
[2024-12-03T15:38:40.004+0000] {logging_mixin.py:120} INFO - [2024-12-03T15:38:40.004+0000] {dag.py:3340} INFO - Setting next_dagrun for example_complex to None, run_after=None
[2024-12-03T15:38:40.057+0000] {processor.py:176} INFO - Processing /home/airflow/.local/lib/python3.7/site-packages/airflow/example_dags/example_complex.py took 0.222 seconds
[2024-12-03T15:39:10.971+0000] {processor.py:154} INFO - Started process (PID=2519) to work on /home/airflow/.local/lib/python3.7/site-packages/airflow/example_dags/example_complex.py
[2024-12-03T15:39:10.973+0000] {processor.py:756} INFO - Processing file /home/airflow/.local/lib/python3.7/site-packages/airflow/example_dags/example_complex.py for tasks to queue
[2024-12-03T15:39:10.975+0000] {logging_mixin.py:120} INFO - [2024-12-03T15:39:10.974+0000] {dagbag.py:537} INFO - Filling up the DagBag from /home/airflow/.local/lib/python3.7/site-packages/airflow/example_dags/example_complex.py
[2024-12-03T15:39:10.995+0000] {logging_mixin.py:120} INFO - [2024-12-03T15:39:10.995+0000] {taskmixin.py:205} WARNING - Dependency <Task(BashOperator): create_entry_group>, delete_entry_group already registered for DAG: example_complex
[2024-12-03T15:39:10.997+0000] {logging_mixin.py:120} INFO - [2024-12-03T15:39:10.996+0000] {taskmixin.py:205} WARNING - Dependency <Task(BashOperator): delete_entry_group>, create_entry_group already registered for DAG: example_complex
[2024-12-03T15:39:10.998+0000] {logging_mixin.py:120} INFO - [2024-12-03T15:39:10.997+0000] {taskmixin.py:205} WARNING - Dependency <Task(BashOperator): create_entry_gcs>, delete_entry already registered for DAG: example_complex
[2024-12-03T15:39:10.999+0000] {logging_mixin.py:120} INFO - [2024-12-03T15:39:10.998+0000] {taskmixin.py:205} WARNING - Dependency <Task(BashOperator): delete_entry>, create_entry_gcs already registered for DAG: example_complex
[2024-12-03T15:39:11.000+0000] {logging_mixin.py:120} INFO - [2024-12-03T15:39:11.000+0000] {taskmixin.py:205} WARNING - Dependency <Task(BashOperator): create_tag>, delete_tag already registered for DAG: example_complex
[2024-12-03T15:39:11.001+0000] {logging_mixin.py:120} INFO - [2024-12-03T15:39:11.001+0000] {taskmixin.py:205} WARNING - Dependency <Task(BashOperator): delete_tag>, create_tag already registered for DAG: example_complex
[2024-12-03T15:39:11.020+0000] {processor.py:766} INFO - DAG(s) dict_keys(['example_complex']) retrieved from /home/airflow/.local/lib/python3.7/site-packages/airflow/example_dags/example_complex.py
[2024-12-03T15:39:11.113+0000] {logging_mixin.py:120} INFO - [2024-12-03T15:39:11.113+0000] {dag.py:2585} INFO - Sync 1 DAGs
[2024-12-03T15:39:11.176+0000] {logging_mixin.py:120} INFO - [2024-12-03T15:39:11.176+0000] {dag.py:3340} INFO - Setting next_dagrun for example_complex to None, run_after=None
[2024-12-03T15:39:11.225+0000] {processor.py:176} INFO - Processing /home/airflow/.local/lib/python3.7/site-packages/airflow/example_dags/example_complex.py took 0.259 seconds
[2024-12-03T15:39:42.027+0000] {processor.py:154} INFO - Started process (PID=2583) to work on /home/airflow/.local/lib/python3.7/site-packages/airflow/example_dags/example_complex.py
[2024-12-03T15:39:42.029+0000] {processor.py:756} INFO - Processing file /home/airflow/.local/lib/python3.7/site-packages/airflow/example_dags/example_complex.py for tasks to queue
[2024-12-03T15:39:42.031+0000] {logging_mixin.py:120} INFO - [2024-12-03T15:39:42.030+0000] {dagbag.py:537} INFO - Filling up the DagBag from /home/airflow/.local/lib/python3.7/site-packages/airflow/example_dags/example_complex.py
[2024-12-03T15:39:42.049+0000] {logging_mixin.py:120} INFO - [2024-12-03T15:39:42.048+0000] {taskmixin.py:205} WARNING - Dependency <Task(BashOperator): create_entry_group>, delete_entry_group already registered for DAG: example_complex
[2024-12-03T15:39:42.049+0000] {logging_mixin.py:120} INFO - [2024-12-03T15:39:42.049+0000] {taskmixin.py:205} WARNING - Dependency <Task(BashOperator): delete_entry_group>, create_entry_group already registered for DAG: example_complex
[2024-12-03T15:39:42.050+0000] {logging_mixin.py:120} INFO - [2024-12-03T15:39:42.050+0000] {taskmixin.py:205} WARNING - Dependency <Task(BashOperator): create_entry_gcs>, delete_entry already registered for DAG: example_complex
[2024-12-03T15:39:42.051+0000] {logging_mixin.py:120} INFO - [2024-12-03T15:39:42.051+0000] {taskmixin.py:205} WARNING - Dependency <Task(BashOperator): delete_entry>, create_entry_gcs already registered for DAG: example_complex
[2024-12-03T15:39:42.053+0000] {logging_mixin.py:120} INFO - [2024-12-03T15:39:42.053+0000] {taskmixin.py:205} WARNING - Dependency <Task(BashOperator): create_tag>, delete_tag already registered for DAG: example_complex
[2024-12-03T15:39:42.054+0000] {logging_mixin.py:120} INFO - [2024-12-03T15:39:42.054+0000] {taskmixin.py:205} WARNING - Dependency <Task(BashOperator): delete_tag>, create_tag already registered for DAG: example_complex
[2024-12-03T15:39:42.064+0000] {processor.py:766} INFO - DAG(s) dict_keys(['example_complex']) retrieved from /home/airflow/.local/lib/python3.7/site-packages/airflow/example_dags/example_complex.py
[2024-12-03T15:39:42.144+0000] {logging_mixin.py:120} INFO - [2024-12-03T15:39:42.143+0000] {dag.py:2585} INFO - Sync 1 DAGs
[2024-12-03T15:39:42.199+0000] {logging_mixin.py:120} INFO - [2024-12-03T15:39:42.199+0000] {dag.py:3340} INFO - Setting next_dagrun for example_complex to None, run_after=None
[2024-12-03T15:39:42.248+0000] {processor.py:176} INFO - Processing /home/airflow/.local/lib/python3.7/site-packages/airflow/example_dags/example_complex.py took 0.226 seconds
[2024-12-03T15:40:12.733+0000] {processor.py:154} INFO - Started process (PID=2638) to work on /home/airflow/.local/lib/python3.7/site-packages/airflow/example_dags/example_complex.py
[2024-12-03T15:40:12.735+0000] {processor.py:756} INFO - Processing file /home/airflow/.local/lib/python3.7/site-packages/airflow/example_dags/example_complex.py for tasks to queue
[2024-12-03T15:40:12.737+0000] {logging_mixin.py:120} INFO - [2024-12-03T15:40:12.737+0000] {dagbag.py:537} INFO - Filling up the DagBag from /home/airflow/.local/lib/python3.7/site-packages/airflow/example_dags/example_complex.py
[2024-12-03T15:40:12.755+0000] {logging_mixin.py:120} INFO - [2024-12-03T15:40:12.755+0000] {taskmixin.py:205} WARNING - Dependency <Task(BashOperator): create_entry_group>, delete_entry_group already registered for DAG: example_complex
[2024-12-03T15:40:12.756+0000] {logging_mixin.py:120} INFO - [2024-12-03T15:40:12.756+0000] {taskmixin.py:205} WARNING - Dependency <Task(BashOperator): delete_entry_group>, create_entry_group already registered for DAG: example_complex
[2024-12-03T15:40:12.757+0000] {logging_mixin.py:120} INFO - [2024-12-03T15:40:12.757+0000] {taskmixin.py:205} WARNING - Dependency <Task(BashOperator): create_entry_gcs>, delete_entry already registered for DAG: example_complex
[2024-12-03T15:40:12.758+0000] {logging_mixin.py:120} INFO - [2024-12-03T15:40:12.758+0000] {taskmixin.py:205} WARNING - Dependency <Task(BashOperator): delete_entry>, create_entry_gcs already registered for DAG: example_complex
[2024-12-03T15:40:12.760+0000] {logging_mixin.py:120} INFO - [2024-12-03T15:40:12.760+0000] {taskmixin.py:205} WARNING - Dependency <Task(BashOperator): create_tag>, delete_tag already registered for DAG: example_complex
[2024-12-03T15:40:12.761+0000] {logging_mixin.py:120} INFO - [2024-12-03T15:40:12.760+0000] {taskmixin.py:205} WARNING - Dependency <Task(BashOperator): delete_tag>, create_tag already registered for DAG: example_complex
[2024-12-03T15:40:12.774+0000] {processor.py:766} INFO - DAG(s) dict_keys(['example_complex']) retrieved from /home/airflow/.local/lib/python3.7/site-packages/airflow/example_dags/example_complex.py
[2024-12-03T15:40:12.853+0000] {logging_mixin.py:120} INFO - [2024-12-03T15:40:12.853+0000] {dag.py:2585} INFO - Sync 1 DAGs
[2024-12-03T15:40:12.899+0000] {logging_mixin.py:120} INFO - [2024-12-03T15:40:12.899+0000] {dag.py:3340} INFO - Setting next_dagrun for example_complex to None, run_after=None
[2024-12-03T15:40:12.951+0000] {processor.py:176} INFO - Processing /home/airflow/.local/lib/python3.7/site-packages/airflow/example_dags/example_complex.py took 0.222 seconds
[2024-12-03T15:40:44.493+0000] {processor.py:154} INFO - Started process (PID=2702) to work on /home/airflow/.local/lib/python3.7/site-packages/airflow/example_dags/example_complex.py
[2024-12-03T15:40:44.495+0000] {processor.py:756} INFO - Processing file /home/airflow/.local/lib/python3.7/site-packages/airflow/example_dags/example_complex.py for tasks to queue
[2024-12-03T15:40:44.497+0000] {logging_mixin.py:120} INFO - [2024-12-03T15:40:44.496+0000] {dagbag.py:537} INFO - Filling up the DagBag from /home/airflow/.local/lib/python3.7/site-packages/airflow/example_dags/example_complex.py
[2024-12-03T15:40:44.516+0000] {logging_mixin.py:120} INFO - [2024-12-03T15:40:44.516+0000] {taskmixin.py:205} WARNING - Dependency <Task(BashOperator): create_entry_group>, delete_entry_group already registered for DAG: example_complex
[2024-12-03T15:40:44.517+0000] {logging_mixin.py:120} INFO - [2024-12-03T15:40:44.517+0000] {taskmixin.py:205} WARNING - Dependency <Task(BashOperator): delete_entry_group>, create_entry_group already registered for DAG: example_complex
[2024-12-03T15:40:44.519+0000] {logging_mixin.py:120} INFO - [2024-12-03T15:40:44.518+0000] {taskmixin.py:205} WARNING - Dependency <Task(BashOperator): create_entry_gcs>, delete_entry already registered for DAG: example_complex
[2024-12-03T15:40:44.520+0000] {logging_mixin.py:120} INFO - [2024-12-03T15:40:44.520+0000] {taskmixin.py:205} WARNING - Dependency <Task(BashOperator): delete_entry>, create_entry_gcs already registered for DAG: example_complex
[2024-12-03T15:40:44.521+0000] {logging_mixin.py:120} INFO - [2024-12-03T15:40:44.521+0000] {taskmixin.py:205} WARNING - Dependency <Task(BashOperator): create_tag>, delete_tag already registered for DAG: example_complex
[2024-12-03T15:40:44.522+0000] {logging_mixin.py:120} INFO - [2024-12-03T15:40:44.522+0000] {taskmixin.py:205} WARNING - Dependency <Task(BashOperator): delete_tag>, create_tag already registered for DAG: example_complex
[2024-12-03T15:40:44.535+0000] {processor.py:766} INFO - DAG(s) dict_keys(['example_complex']) retrieved from /home/airflow/.local/lib/python3.7/site-packages/airflow/example_dags/example_complex.py
[2024-12-03T15:40:44.641+0000] {logging_mixin.py:120} INFO - [2024-12-03T15:40:44.641+0000] {dag.py:2585} INFO - Sync 1 DAGs
[2024-12-03T15:40:44.699+0000] {logging_mixin.py:120} INFO - [2024-12-03T15:40:44.698+0000] {dag.py:3340} INFO - Setting next_dagrun for example_complex to None, run_after=None
[2024-12-03T15:40:44.753+0000] {processor.py:176} INFO - Processing /home/airflow/.local/lib/python3.7/site-packages/airflow/example_dags/example_complex.py took 0.265 seconds
[2024-12-03T15:41:15.324+0000] {processor.py:154} INFO - Started process (PID=2757) to work on /home/airflow/.local/lib/python3.7/site-packages/airflow/example_dags/example_complex.py
[2024-12-03T15:41:15.326+0000] {processor.py:756} INFO - Processing file /home/airflow/.local/lib/python3.7/site-packages/airflow/example_dags/example_complex.py for tasks to queue
[2024-12-03T15:41:15.327+0000] {logging_mixin.py:120} INFO - [2024-12-03T15:41:15.327+0000] {dagbag.py:537} INFO - Filling up the DagBag from /home/airflow/.local/lib/python3.7/site-packages/airflow/example_dags/example_complex.py
[2024-12-03T15:41:15.348+0000] {logging_mixin.py:120} INFO - [2024-12-03T15:41:15.348+0000] {taskmixin.py:205} WARNING - Dependency <Task(BashOperator): create_entry_group>, delete_entry_group already registered for DAG: example_complex
[2024-12-03T15:41:15.349+0000] {logging_mixin.py:120} INFO - [2024-12-03T15:41:15.349+0000] {taskmixin.py:205} WARNING - Dependency <Task(BashOperator): delete_entry_group>, create_entry_group already registered for DAG: example_complex
[2024-12-03T15:41:15.351+0000] {logging_mixin.py:120} INFO - [2024-12-03T15:41:15.350+0000] {taskmixin.py:205} WARNING - Dependency <Task(BashOperator): create_entry_gcs>, delete_entry already registered for DAG: example_complex
[2024-12-03T15:41:15.352+0000] {logging_mixin.py:120} INFO - [2024-12-03T15:41:15.351+0000] {taskmixin.py:205} WARNING - Dependency <Task(BashOperator): delete_entry>, create_entry_gcs already registered for DAG: example_complex
[2024-12-03T15:41:15.353+0000] {logging_mixin.py:120} INFO - [2024-12-03T15:41:15.353+0000] {taskmixin.py:205} WARNING - Dependency <Task(BashOperator): create_tag>, delete_tag already registered for DAG: example_complex
[2024-12-03T15:41:15.355+0000] {logging_mixin.py:120} INFO - [2024-12-03T15:41:15.354+0000] {taskmixin.py:205} WARNING - Dependency <Task(BashOperator): delete_tag>, create_tag already registered for DAG: example_complex
[2024-12-03T15:41:15.367+0000] {processor.py:766} INFO - DAG(s) dict_keys(['example_complex']) retrieved from /home/airflow/.local/lib/python3.7/site-packages/airflow/example_dags/example_complex.py
[2024-12-03T15:41:15.447+0000] {logging_mixin.py:120} INFO - [2024-12-03T15:41:15.447+0000] {dag.py:2585} INFO - Sync 1 DAGs
[2024-12-03T15:41:15.497+0000] {logging_mixin.py:120} INFO - [2024-12-03T15:41:15.496+0000] {dag.py:3340} INFO - Setting next_dagrun for example_complex to None, run_after=None
[2024-12-03T15:41:15.536+0000] {processor.py:176} INFO - Processing /home/airflow/.local/lib/python3.7/site-packages/airflow/example_dags/example_complex.py took 0.217 seconds
[2024-12-03T15:41:46.026+0000] {processor.py:154} INFO - Started process (PID=2821) to work on /home/airflow/.local/lib/python3.7/site-packages/airflow/example_dags/example_complex.py
[2024-12-03T15:41:46.029+0000] {processor.py:756} INFO - Processing file /home/airflow/.local/lib/python3.7/site-packages/airflow/example_dags/example_complex.py for tasks to queue
[2024-12-03T15:41:46.031+0000] {logging_mixin.py:120} INFO - [2024-12-03T15:41:46.031+0000] {dagbag.py:537} INFO - Filling up the DagBag from /home/airflow/.local/lib/python3.7/site-packages/airflow/example_dags/example_complex.py
[2024-12-03T15:41:46.050+0000] {logging_mixin.py:120} INFO - [2024-12-03T15:41:46.050+0000] {taskmixin.py:205} WARNING - Dependency <Task(BashOperator): create_entry_group>, delete_entry_group already registered for DAG: example_complex
[2024-12-03T15:41:46.051+0000] {logging_mixin.py:120} INFO - [2024-12-03T15:41:46.051+0000] {taskmixin.py:205} WARNING - Dependency <Task(BashOperator): delete_entry_group>, create_entry_group already registered for DAG: example_complex
[2024-12-03T15:41:46.053+0000] {logging_mixin.py:120} INFO - [2024-12-03T15:41:46.052+0000] {taskmixin.py:205} WARNING - Dependency <Task(BashOperator): create_entry_gcs>, delete_entry already registered for DAG: example_complex
[2024-12-03T15:41:46.054+0000] {logging_mixin.py:120} INFO - [2024-12-03T15:41:46.053+0000] {taskmixin.py:205} WARNING - Dependency <Task(BashOperator): delete_entry>, create_entry_gcs already registered for DAG: example_complex
[2024-12-03T15:41:46.056+0000] {logging_mixin.py:120} INFO - [2024-12-03T15:41:46.055+0000] {taskmixin.py:205} WARNING - Dependency <Task(BashOperator): create_tag>, delete_tag already registered for DAG: example_complex
[2024-12-03T15:41:46.058+0000] {logging_mixin.py:120} INFO - [2024-12-03T15:41:46.058+0000] {taskmixin.py:205} WARNING - Dependency <Task(BashOperator): delete_tag>, create_tag already registered for DAG: example_complex
[2024-12-03T15:41:46.075+0000] {processor.py:766} INFO - DAG(s) dict_keys(['example_complex']) retrieved from /home/airflow/.local/lib/python3.7/site-packages/airflow/example_dags/example_complex.py
[2024-12-03T15:41:46.163+0000] {logging_mixin.py:120} INFO - [2024-12-03T15:41:46.162+0000] {dag.py:2585} INFO - Sync 1 DAGs
[2024-12-03T15:41:46.225+0000] {logging_mixin.py:120} INFO - [2024-12-03T15:41:46.224+0000] {dag.py:3340} INFO - Setting next_dagrun for example_complex to None, run_after=None
[2024-12-03T15:41:46.272+0000] {processor.py:176} INFO - Processing /home/airflow/.local/lib/python3.7/site-packages/airflow/example_dags/example_complex.py took 0.254 seconds
[2024-12-03T15:42:16.913+0000] {processor.py:154} INFO - Started process (PID=2876) to work on /home/airflow/.local/lib/python3.7/site-packages/airflow/example_dags/example_complex.py
[2024-12-03T15:42:16.916+0000] {processor.py:756} INFO - Processing file /home/airflow/.local/lib/python3.7/site-packages/airflow/example_dags/example_complex.py for tasks to queue
[2024-12-03T15:42:16.919+0000] {logging_mixin.py:120} INFO - [2024-12-03T15:42:16.918+0000] {dagbag.py:537} INFO - Filling up the DagBag from /home/airflow/.local/lib/python3.7/site-packages/airflow/example_dags/example_complex.py
[2024-12-03T15:42:16.951+0000] {logging_mixin.py:120} INFO - [2024-12-03T15:42:16.951+0000] {taskmixin.py:205} WARNING - Dependency <Task(BashOperator): create_entry_group>, delete_entry_group already registered for DAG: example_complex
[2024-12-03T15:42:16.953+0000] {logging_mixin.py:120} INFO - [2024-12-03T15:42:16.952+0000] {taskmixin.py:205} WARNING - Dependency <Task(BashOperator): delete_entry_group>, create_entry_group already registered for DAG: example_complex
[2024-12-03T15:42:16.955+0000] {logging_mixin.py:120} INFO - [2024-12-03T15:42:16.955+0000] {taskmixin.py:205} WARNING - Dependency <Task(BashOperator): create_entry_gcs>, delete_entry already registered for DAG: example_complex
[2024-12-03T15:42:16.958+0000] {logging_mixin.py:120} INFO - [2024-12-03T15:42:16.958+0000] {taskmixin.py:205} WARNING - Dependency <Task(BashOperator): delete_entry>, create_entry_gcs already registered for DAG: example_complex
[2024-12-03T15:42:16.961+0000] {logging_mixin.py:120} INFO - [2024-12-03T15:42:16.960+0000] {taskmixin.py:205} WARNING - Dependency <Task(BashOperator): create_tag>, delete_tag already registered for DAG: example_complex
[2024-12-03T15:42:16.962+0000] {logging_mixin.py:120} INFO - [2024-12-03T15:42:16.962+0000] {taskmixin.py:205} WARNING - Dependency <Task(BashOperator): delete_tag>, create_tag already registered for DAG: example_complex
[2024-12-03T15:42:16.981+0000] {processor.py:766} INFO - DAG(s) dict_keys(['example_complex']) retrieved from /home/airflow/.local/lib/python3.7/site-packages/airflow/example_dags/example_complex.py
[2024-12-03T15:42:17.078+0000] {logging_mixin.py:120} INFO - [2024-12-03T15:42:17.077+0000] {dag.py:2585} INFO - Sync 1 DAGs
[2024-12-03T15:42:17.150+0000] {logging_mixin.py:120} INFO - [2024-12-03T15:42:17.150+0000] {dag.py:3340} INFO - Setting next_dagrun for example_complex to None, run_after=None
[2024-12-03T15:42:17.216+0000] {processor.py:176} INFO - Processing /home/airflow/.local/lib/python3.7/site-packages/airflow/example_dags/example_complex.py took 0.309 seconds
[2024-12-03T15:42:48.282+0000] {processor.py:154} INFO - Started process (PID=2940) to work on /home/airflow/.local/lib/python3.7/site-packages/airflow/example_dags/example_complex.py
[2024-12-03T15:42:48.285+0000] {processor.py:756} INFO - Processing file /home/airflow/.local/lib/python3.7/site-packages/airflow/example_dags/example_complex.py for tasks to queue
[2024-12-03T15:42:48.288+0000] {logging_mixin.py:120} INFO - [2024-12-03T15:42:48.287+0000] {dagbag.py:537} INFO - Filling up the DagBag from /home/airflow/.local/lib/python3.7/site-packages/airflow/example_dags/example_complex.py
[2024-12-03T15:42:48.319+0000] {logging_mixin.py:120} INFO - [2024-12-03T15:42:48.318+0000] {taskmixin.py:205} WARNING - Dependency <Task(BashOperator): create_entry_group>, delete_entry_group already registered for DAG: example_complex
[2024-12-03T15:42:48.320+0000] {logging_mixin.py:120} INFO - [2024-12-03T15:42:48.320+0000] {taskmixin.py:205} WARNING - Dependency <Task(BashOperator): delete_entry_group>, create_entry_group already registered for DAG: example_complex
[2024-12-03T15:42:48.321+0000] {logging_mixin.py:120} INFO - [2024-12-03T15:42:48.321+0000] {taskmixin.py:205} WARNING - Dependency <Task(BashOperator): create_entry_gcs>, delete_entry already registered for DAG: example_complex
[2024-12-03T15:42:48.322+0000] {logging_mixin.py:120} INFO - [2024-12-03T15:42:48.322+0000] {taskmixin.py:205} WARNING - Dependency <Task(BashOperator): delete_entry>, create_entry_gcs already registered for DAG: example_complex
[2024-12-03T15:42:48.325+0000] {logging_mixin.py:120} INFO - [2024-12-03T15:42:48.324+0000] {taskmixin.py:205} WARNING - Dependency <Task(BashOperator): create_tag>, delete_tag already registered for DAG: example_complex
[2024-12-03T15:42:48.326+0000] {logging_mixin.py:120} INFO - [2024-12-03T15:42:48.326+0000] {taskmixin.py:205} WARNING - Dependency <Task(BashOperator): delete_tag>, create_tag already registered for DAG: example_complex
[2024-12-03T15:42:48.340+0000] {processor.py:766} INFO - DAG(s) dict_keys(['example_complex']) retrieved from /home/airflow/.local/lib/python3.7/site-packages/airflow/example_dags/example_complex.py
[2024-12-03T15:42:48.422+0000] {logging_mixin.py:120} INFO - [2024-12-03T15:42:48.422+0000] {dag.py:2585} INFO - Sync 1 DAGs
[2024-12-03T15:42:48.491+0000] {logging_mixin.py:120} INFO - [2024-12-03T15:42:48.491+0000] {dag.py:3340} INFO - Setting next_dagrun for example_complex to None, run_after=None
[2024-12-03T15:42:48.541+0000] {processor.py:176} INFO - Processing /home/airflow/.local/lib/python3.7/site-packages/airflow/example_dags/example_complex.py took 0.268 seconds
[2024-12-03T15:43:18.792+0000] {processor.py:154} INFO - Started process (PID=2996) to work on /home/airflow/.local/lib/python3.7/site-packages/airflow/example_dags/example_complex.py
[2024-12-03T15:43:18.795+0000] {processor.py:756} INFO - Processing file /home/airflow/.local/lib/python3.7/site-packages/airflow/example_dags/example_complex.py for tasks to queue
[2024-12-03T15:43:18.796+0000] {logging_mixin.py:120} INFO - [2024-12-03T15:43:18.795+0000] {dagbag.py:537} INFO - Filling up the DagBag from /home/airflow/.local/lib/python3.7/site-packages/airflow/example_dags/example_complex.py
[2024-12-03T15:43:18.814+0000] {logging_mixin.py:120} INFO - [2024-12-03T15:43:18.813+0000] {taskmixin.py:205} WARNING - Dependency <Task(BashOperator): create_entry_group>, delete_entry_group already registered for DAG: example_complex
[2024-12-03T15:43:18.814+0000] {logging_mixin.py:120} INFO - [2024-12-03T15:43:18.814+0000] {taskmixin.py:205} WARNING - Dependency <Task(BashOperator): delete_entry_group>, create_entry_group already registered for DAG: example_complex
[2024-12-03T15:43:18.815+0000] {logging_mixin.py:120} INFO - [2024-12-03T15:43:18.815+0000] {taskmixin.py:205} WARNING - Dependency <Task(BashOperator): create_entry_gcs>, delete_entry already registered for DAG: example_complex
[2024-12-03T15:43:18.816+0000] {logging_mixin.py:120} INFO - [2024-12-03T15:43:18.816+0000] {taskmixin.py:205} WARNING - Dependency <Task(BashOperator): delete_entry>, create_entry_gcs already registered for DAG: example_complex
[2024-12-03T15:43:18.816+0000] {logging_mixin.py:120} INFO - [2024-12-03T15:43:18.816+0000] {taskmixin.py:205} WARNING - Dependency <Task(BashOperator): create_tag>, delete_tag already registered for DAG: example_complex
[2024-12-03T15:43:18.817+0000] {logging_mixin.py:120} INFO - [2024-12-03T15:43:18.817+0000] {taskmixin.py:205} WARNING - Dependency <Task(BashOperator): delete_tag>, create_tag already registered for DAG: example_complex
[2024-12-03T15:43:18.834+0000] {processor.py:766} INFO - DAG(s) dict_keys(['example_complex']) retrieved from /home/airflow/.local/lib/python3.7/site-packages/airflow/example_dags/example_complex.py
[2024-12-03T15:43:18.907+0000] {logging_mixin.py:120} INFO - [2024-12-03T15:43:18.907+0000] {dag.py:2585} INFO - Sync 1 DAGs
[2024-12-03T15:43:18.952+0000] {logging_mixin.py:120} INFO - [2024-12-03T15:43:18.952+0000] {dag.py:3340} INFO - Setting next_dagrun for example_complex to None, run_after=None
[2024-12-03T15:43:18.992+0000] {processor.py:176} INFO - Processing /home/airflow/.local/lib/python3.7/site-packages/airflow/example_dags/example_complex.py took 0.204 seconds
[2024-12-03T15:43:50.466+0000] {processor.py:154} INFO - Started process (PID=3060) to work on /home/airflow/.local/lib/python3.7/site-packages/airflow/example_dags/example_complex.py
[2024-12-03T15:43:50.468+0000] {processor.py:756} INFO - Processing file /home/airflow/.local/lib/python3.7/site-packages/airflow/example_dags/example_complex.py for tasks to queue
[2024-12-03T15:43:50.471+0000] {logging_mixin.py:120} INFO - [2024-12-03T15:43:50.471+0000] {dagbag.py:537} INFO - Filling up the DagBag from /home/airflow/.local/lib/python3.7/site-packages/airflow/example_dags/example_complex.py
[2024-12-03T15:43:50.493+0000] {logging_mixin.py:120} INFO - [2024-12-03T15:43:50.493+0000] {taskmixin.py:205} WARNING - Dependency <Task(BashOperator): create_entry_group>, delete_entry_group already registered for DAG: example_complex
[2024-12-03T15:43:50.494+0000] {logging_mixin.py:120} INFO - [2024-12-03T15:43:50.494+0000] {taskmixin.py:205} WARNING - Dependency <Task(BashOperator): delete_entry_group>, create_entry_group already registered for DAG: example_complex
[2024-12-03T15:43:50.495+0000] {logging_mixin.py:120} INFO - [2024-12-03T15:43:50.495+0000] {taskmixin.py:205} WARNING - Dependency <Task(BashOperator): create_entry_gcs>, delete_entry already registered for DAG: example_complex
[2024-12-03T15:43:50.496+0000] {logging_mixin.py:120} INFO - [2024-12-03T15:43:50.496+0000] {taskmixin.py:205} WARNING - Dependency <Task(BashOperator): delete_entry>, create_entry_gcs already registered for DAG: example_complex
[2024-12-03T15:43:50.497+0000] {logging_mixin.py:120} INFO - [2024-12-03T15:43:50.497+0000] {taskmixin.py:205} WARNING - Dependency <Task(BashOperator): create_tag>, delete_tag already registered for DAG: example_complex
[2024-12-03T15:43:50.499+0000] {logging_mixin.py:120} INFO - [2024-12-03T15:43:50.498+0000] {taskmixin.py:205} WARNING - Dependency <Task(BashOperator): delete_tag>, create_tag already registered for DAG: example_complex
[2024-12-03T15:43:50.515+0000] {processor.py:766} INFO - DAG(s) dict_keys(['example_complex']) retrieved from /home/airflow/.local/lib/python3.7/site-packages/airflow/example_dags/example_complex.py
[2024-12-03T15:43:50.601+0000] {logging_mixin.py:120} INFO - [2024-12-03T15:43:50.601+0000] {dag.py:2585} INFO - Sync 1 DAGs
[2024-12-03T15:43:50.657+0000] {logging_mixin.py:120} INFO - [2024-12-03T15:43:50.657+0000] {dag.py:3340} INFO - Setting next_dagrun for example_complex to None, run_after=None
[2024-12-03T15:43:50.719+0000] {processor.py:176} INFO - Processing /home/airflow/.local/lib/python3.7/site-packages/airflow/example_dags/example_complex.py took 0.257 seconds
[2024-12-03T15:44:21.320+0000] {processor.py:154} INFO - Started process (PID=3115) to work on /home/airflow/.local/lib/python3.7/site-packages/airflow/example_dags/example_complex.py
[2024-12-03T15:44:21.322+0000] {processor.py:756} INFO - Processing file /home/airflow/.local/lib/python3.7/site-packages/airflow/example_dags/example_complex.py for tasks to queue
[2024-12-03T15:44:21.323+0000] {logging_mixin.py:120} INFO - [2024-12-03T15:44:21.323+0000] {dagbag.py:537} INFO - Filling up the DagBag from /home/airflow/.local/lib/python3.7/site-packages/airflow/example_dags/example_complex.py
[2024-12-03T15:44:21.346+0000] {logging_mixin.py:120} INFO - [2024-12-03T15:44:21.345+0000] {taskmixin.py:205} WARNING - Dependency <Task(BashOperator): create_entry_group>, delete_entry_group already registered for DAG: example_complex
[2024-12-03T15:44:21.347+0000] {logging_mixin.py:120} INFO - [2024-12-03T15:44:21.346+0000] {taskmixin.py:205} WARNING - Dependency <Task(BashOperator): delete_entry_group>, create_entry_group already registered for DAG: example_complex
[2024-12-03T15:44:21.348+0000] {logging_mixin.py:120} INFO - [2024-12-03T15:44:21.347+0000] {taskmixin.py:205} WARNING - Dependency <Task(BashOperator): create_entry_gcs>, delete_entry already registered for DAG: example_complex
[2024-12-03T15:44:21.348+0000] {logging_mixin.py:120} INFO - [2024-12-03T15:44:21.348+0000] {taskmixin.py:205} WARNING - Dependency <Task(BashOperator): delete_entry>, create_entry_gcs already registered for DAG: example_complex
[2024-12-03T15:44:21.349+0000] {logging_mixin.py:120} INFO - [2024-12-03T15:44:21.349+0000] {taskmixin.py:205} WARNING - Dependency <Task(BashOperator): create_tag>, delete_tag already registered for DAG: example_complex
[2024-12-03T15:44:21.351+0000] {logging_mixin.py:120} INFO - [2024-12-03T15:44:21.351+0000] {taskmixin.py:205} WARNING - Dependency <Task(BashOperator): delete_tag>, create_tag already registered for DAG: example_complex
[2024-12-03T15:44:21.363+0000] {processor.py:766} INFO - DAG(s) dict_keys(['example_complex']) retrieved from /home/airflow/.local/lib/python3.7/site-packages/airflow/example_dags/example_complex.py
[2024-12-03T15:44:21.444+0000] {logging_mixin.py:120} INFO - [2024-12-03T15:44:21.444+0000] {dag.py:2585} INFO - Sync 1 DAGs
[2024-12-03T15:44:21.500+0000] {logging_mixin.py:120} INFO - [2024-12-03T15:44:21.500+0000] {dag.py:3340} INFO - Setting next_dagrun for example_complex to None, run_after=None
[2024-12-03T15:44:21.545+0000] {processor.py:176} INFO - Processing /home/airflow/.local/lib/python3.7/site-packages/airflow/example_dags/example_complex.py took 0.230 seconds
[2024-12-03T15:44:52.412+0000] {processor.py:154} INFO - Started process (PID=3179) to work on /home/airflow/.local/lib/python3.7/site-packages/airflow/example_dags/example_complex.py
[2024-12-03T15:44:52.414+0000] {processor.py:756} INFO - Processing file /home/airflow/.local/lib/python3.7/site-packages/airflow/example_dags/example_complex.py for tasks to queue
[2024-12-03T15:44:52.417+0000] {logging_mixin.py:120} INFO - [2024-12-03T15:44:52.416+0000] {dagbag.py:537} INFO - Filling up the DagBag from /home/airflow/.local/lib/python3.7/site-packages/airflow/example_dags/example_complex.py
[2024-12-03T15:44:52.440+0000] {logging_mixin.py:120} INFO - [2024-12-03T15:44:52.438+0000] {taskmixin.py:205} WARNING - Dependency <Task(BashOperator): create_entry_group>, delete_entry_group already registered for DAG: example_complex
[2024-12-03T15:44:52.441+0000] {logging_mixin.py:120} INFO - [2024-12-03T15:44:52.441+0000] {taskmixin.py:205} WARNING - Dependency <Task(BashOperator): delete_entry_group>, create_entry_group already registered for DAG: example_complex
[2024-12-03T15:44:52.444+0000] {logging_mixin.py:120} INFO - [2024-12-03T15:44:52.444+0000] {taskmixin.py:205} WARNING - Dependency <Task(BashOperator): create_entry_gcs>, delete_entry already registered for DAG: example_complex
[2024-12-03T15:44:52.446+0000] {logging_mixin.py:120} INFO - [2024-12-03T15:44:52.446+0000] {taskmixin.py:205} WARNING - Dependency <Task(BashOperator): delete_entry>, create_entry_gcs already registered for DAG: example_complex
[2024-12-03T15:44:52.448+0000] {logging_mixin.py:120} INFO - [2024-12-03T15:44:52.447+0000] {taskmixin.py:205} WARNING - Dependency <Task(BashOperator): create_tag>, delete_tag already registered for DAG: example_complex
[2024-12-03T15:44:52.449+0000] {logging_mixin.py:120} INFO - [2024-12-03T15:44:52.448+0000] {taskmixin.py:205} WARNING - Dependency <Task(BashOperator): delete_tag>, create_tag already registered for DAG: example_complex
[2024-12-03T15:44:52.466+0000] {processor.py:766} INFO - DAG(s) dict_keys(['example_complex']) retrieved from /home/airflow/.local/lib/python3.7/site-packages/airflow/example_dags/example_complex.py
[2024-12-03T15:44:52.567+0000] {logging_mixin.py:120} INFO - [2024-12-03T15:44:52.567+0000] {dag.py:2585} INFO - Sync 1 DAGs
[2024-12-03T15:44:52.617+0000] {logging_mixin.py:120} INFO - [2024-12-03T15:44:52.616+0000] {dag.py:3340} INFO - Setting next_dagrun for example_complex to None, run_after=None
[2024-12-03T15:44:52.663+0000] {processor.py:176} INFO - Processing /home/airflow/.local/lib/python3.7/site-packages/airflow/example_dags/example_complex.py took 0.257 seconds
[2024-12-03T15:45:23.510+0000] {processor.py:154} INFO - Started process (PID=3234) to work on /home/airflow/.local/lib/python3.7/site-packages/airflow/example_dags/example_complex.py
[2024-12-03T15:45:23.512+0000] {processor.py:756} INFO - Processing file /home/airflow/.local/lib/python3.7/site-packages/airflow/example_dags/example_complex.py for tasks to queue
[2024-12-03T15:45:23.514+0000] {logging_mixin.py:120} INFO - [2024-12-03T15:45:23.513+0000] {dagbag.py:537} INFO - Filling up the DagBag from /home/airflow/.local/lib/python3.7/site-packages/airflow/example_dags/example_complex.py
[2024-12-03T15:45:23.527+0000] {logging_mixin.py:120} INFO - [2024-12-03T15:45:23.526+0000] {taskmixin.py:205} WARNING - Dependency <Task(BashOperator): create_entry_group>, delete_entry_group already registered for DAG: example_complex
[2024-12-03T15:45:23.528+0000] {logging_mixin.py:120} INFO - [2024-12-03T15:45:23.527+0000] {taskmixin.py:205} WARNING - Dependency <Task(BashOperator): delete_entry_group>, create_entry_group already registered for DAG: example_complex
[2024-12-03T15:45:23.528+0000] {logging_mixin.py:120} INFO - [2024-12-03T15:45:23.528+0000] {taskmixin.py:205} WARNING - Dependency <Task(BashOperator): create_entry_gcs>, delete_entry already registered for DAG: example_complex
[2024-12-03T15:45:23.529+0000] {logging_mixin.py:120} INFO - [2024-12-03T15:45:23.529+0000] {taskmixin.py:205} WARNING - Dependency <Task(BashOperator): delete_entry>, create_entry_gcs already registered for DAG: example_complex
[2024-12-03T15:45:23.531+0000] {logging_mixin.py:120} INFO - [2024-12-03T15:45:23.531+0000] {taskmixin.py:205} WARNING - Dependency <Task(BashOperator): create_tag>, delete_tag already registered for DAG: example_complex
[2024-12-03T15:45:23.532+0000] {logging_mixin.py:120} INFO - [2024-12-03T15:45:23.532+0000] {taskmixin.py:205} WARNING - Dependency <Task(BashOperator): delete_tag>, create_tag already registered for DAG: example_complex
[2024-12-03T15:45:23.543+0000] {processor.py:766} INFO - DAG(s) dict_keys(['example_complex']) retrieved from /home/airflow/.local/lib/python3.7/site-packages/airflow/example_dags/example_complex.py
[2024-12-03T15:45:23.618+0000] {logging_mixin.py:120} INFO - [2024-12-03T15:45:23.617+0000] {dag.py:2585} INFO - Sync 1 DAGs
[2024-12-03T15:45:23.669+0000] {logging_mixin.py:120} INFO - [2024-12-03T15:45:23.669+0000] {dag.py:3340} INFO - Setting next_dagrun for example_complex to None, run_after=None
[2024-12-03T15:45:23.715+0000] {processor.py:176} INFO - Processing /home/airflow/.local/lib/python3.7/site-packages/airflow/example_dags/example_complex.py took 0.208 seconds
[2024-12-03T15:45:54.558+0000] {processor.py:154} INFO - Started process (PID=3298) to work on /home/airflow/.local/lib/python3.7/site-packages/airflow/example_dags/example_complex.py
[2024-12-03T15:45:54.559+0000] {processor.py:756} INFO - Processing file /home/airflow/.local/lib/python3.7/site-packages/airflow/example_dags/example_complex.py for tasks to queue
[2024-12-03T15:45:54.561+0000] {logging_mixin.py:120} INFO - [2024-12-03T15:45:54.561+0000] {dagbag.py:537} INFO - Filling up the DagBag from /home/airflow/.local/lib/python3.7/site-packages/airflow/example_dags/example_complex.py
[2024-12-03T15:45:54.581+0000] {logging_mixin.py:120} INFO - [2024-12-03T15:45:54.581+0000] {taskmixin.py:205} WARNING - Dependency <Task(BashOperator): create_entry_group>, delete_entry_group already registered for DAG: example_complex
[2024-12-03T15:45:54.582+0000] {logging_mixin.py:120} INFO - [2024-12-03T15:45:54.582+0000] {taskmixin.py:205} WARNING - Dependency <Task(BashOperator): delete_entry_group>, create_entry_group already registered for DAG: example_complex
[2024-12-03T15:45:54.584+0000] {logging_mixin.py:120} INFO - [2024-12-03T15:45:54.583+0000] {taskmixin.py:205} WARNING - Dependency <Task(BashOperator): create_entry_gcs>, delete_entry already registered for DAG: example_complex
[2024-12-03T15:45:54.585+0000] {logging_mixin.py:120} INFO - [2024-12-03T15:45:54.584+0000] {taskmixin.py:205} WARNING - Dependency <Task(BashOperator): delete_entry>, create_entry_gcs already registered for DAG: example_complex
[2024-12-03T15:45:54.586+0000] {logging_mixin.py:120} INFO - [2024-12-03T15:45:54.586+0000] {taskmixin.py:205} WARNING - Dependency <Task(BashOperator): create_tag>, delete_tag already registered for DAG: example_complex
[2024-12-03T15:45:54.587+0000] {logging_mixin.py:120} INFO - [2024-12-03T15:45:54.587+0000] {taskmixin.py:205} WARNING - Dependency <Task(BashOperator): delete_tag>, create_tag already registered for DAG: example_complex
[2024-12-03T15:45:54.597+0000] {processor.py:766} INFO - DAG(s) dict_keys(['example_complex']) retrieved from /home/airflow/.local/lib/python3.7/site-packages/airflow/example_dags/example_complex.py
[2024-12-03T15:45:54.689+0000] {logging_mixin.py:120} INFO - [2024-12-03T15:45:54.688+0000] {dag.py:2585} INFO - Sync 1 DAGs
[2024-12-03T15:45:54.740+0000] {logging_mixin.py:120} INFO - [2024-12-03T15:45:54.740+0000] {dag.py:3340} INFO - Setting next_dagrun for example_complex to None, run_after=None
[2024-12-03T15:45:54.791+0000] {processor.py:176} INFO - Processing /home/airflow/.local/lib/python3.7/site-packages/airflow/example_dags/example_complex.py took 0.237 seconds
[2024-12-03T15:46:26.755+0000] {processor.py:154} INFO - Started process (PID=3353) to work on /home/airflow/.local/lib/python3.7/site-packages/airflow/example_dags/example_complex.py
[2024-12-03T15:46:26.757+0000] {processor.py:756} INFO - Processing file /home/airflow/.local/lib/python3.7/site-packages/airflow/example_dags/example_complex.py for tasks to queue
[2024-12-03T15:46:26.759+0000] {logging_mixin.py:120} INFO - [2024-12-03T15:46:26.759+0000] {dagbag.py:537} INFO - Filling up the DagBag from /home/airflow/.local/lib/python3.7/site-packages/airflow/example_dags/example_complex.py
[2024-12-03T15:46:26.790+0000] {logging_mixin.py:120} INFO - [2024-12-03T15:46:26.790+0000] {taskmixin.py:205} WARNING - Dependency <Task(BashOperator): create_entry_group>, delete_entry_group already registered for DAG: example_complex
[2024-12-03T15:46:26.792+0000] {logging_mixin.py:120} INFO - [2024-12-03T15:46:26.791+0000] {taskmixin.py:205} WARNING - Dependency <Task(BashOperator): delete_entry_group>, create_entry_group already registered for DAG: example_complex
[2024-12-03T15:46:26.793+0000] {logging_mixin.py:120} INFO - [2024-12-03T15:46:26.792+0000] {taskmixin.py:205} WARNING - Dependency <Task(BashOperator): create_entry_gcs>, delete_entry already registered for DAG: example_complex
[2024-12-03T15:46:26.793+0000] {logging_mixin.py:120} INFO - [2024-12-03T15:46:26.793+0000] {taskmixin.py:205} WARNING - Dependency <Task(BashOperator): delete_entry>, create_entry_gcs already registered for DAG: example_complex
[2024-12-03T15:46:26.795+0000] {logging_mixin.py:120} INFO - [2024-12-03T15:46:26.794+0000] {taskmixin.py:205} WARNING - Dependency <Task(BashOperator): create_tag>, delete_tag already registered for DAG: example_complex
[2024-12-03T15:46:26.797+0000] {logging_mixin.py:120} INFO - [2024-12-03T15:46:26.797+0000] {taskmixin.py:205} WARNING - Dependency <Task(BashOperator): delete_tag>, create_tag already registered for DAG: example_complex
[2024-12-03T15:46:26.811+0000] {processor.py:766} INFO - DAG(s) dict_keys(['example_complex']) retrieved from /home/airflow/.local/lib/python3.7/site-packages/airflow/example_dags/example_complex.py
[2024-12-03T15:46:26.916+0000] {logging_mixin.py:120} INFO - [2024-12-03T15:46:26.916+0000] {dag.py:2585} INFO - Sync 1 DAGs
[2024-12-03T15:46:26.980+0000] {logging_mixin.py:120} INFO - [2024-12-03T15:46:26.980+0000] {dag.py:3340} INFO - Setting next_dagrun for example_complex to None, run_after=None
[2024-12-03T15:46:27.042+0000] {processor.py:176} INFO - Processing /home/airflow/.local/lib/python3.7/site-packages/airflow/example_dags/example_complex.py took 0.294 seconds
[2024-12-03T15:46:57.483+0000] {processor.py:154} INFO - Started process (PID=3418) to work on /home/airflow/.local/lib/python3.7/site-packages/airflow/example_dags/example_complex.py
[2024-12-03T15:46:57.486+0000] {processor.py:756} INFO - Processing file /home/airflow/.local/lib/python3.7/site-packages/airflow/example_dags/example_complex.py for tasks to queue
[2024-12-03T15:46:57.488+0000] {logging_mixin.py:120} INFO - [2024-12-03T15:46:57.487+0000] {dagbag.py:537} INFO - Filling up the DagBag from /home/airflow/.local/lib/python3.7/site-packages/airflow/example_dags/example_complex.py
[2024-12-03T15:46:57.513+0000] {logging_mixin.py:120} INFO - [2024-12-03T15:46:57.512+0000] {taskmixin.py:205} WARNING - Dependency <Task(BashOperator): create_entry_group>, delete_entry_group already registered for DAG: example_complex
[2024-12-03T15:46:57.515+0000] {logging_mixin.py:120} INFO - [2024-12-03T15:46:57.514+0000] {taskmixin.py:205} WARNING - Dependency <Task(BashOperator): delete_entry_group>, create_entry_group already registered for DAG: example_complex
[2024-12-03T15:46:57.518+0000] {logging_mixin.py:120} INFO - [2024-12-03T15:46:57.517+0000] {taskmixin.py:205} WARNING - Dependency <Task(BashOperator): create_entry_gcs>, delete_entry already registered for DAG: example_complex
[2024-12-03T15:46:57.519+0000] {logging_mixin.py:120} INFO - [2024-12-03T15:46:57.519+0000] {taskmixin.py:205} WARNING - Dependency <Task(BashOperator): delete_entry>, create_entry_gcs already registered for DAG: example_complex
[2024-12-03T15:46:57.523+0000] {logging_mixin.py:120} INFO - [2024-12-03T15:46:57.522+0000] {taskmixin.py:205} WARNING - Dependency <Task(BashOperator): create_tag>, delete_tag already registered for DAG: example_complex
[2024-12-03T15:46:57.524+0000] {logging_mixin.py:120} INFO - [2024-12-03T15:46:57.524+0000] {taskmixin.py:205} WARNING - Dependency <Task(BashOperator): delete_tag>, create_tag already registered for DAG: example_complex
[2024-12-03T15:46:57.544+0000] {processor.py:766} INFO - DAG(s) dict_keys(['example_complex']) retrieved from /home/airflow/.local/lib/python3.7/site-packages/airflow/example_dags/example_complex.py
[2024-12-03T15:46:57.656+0000] {logging_mixin.py:120} INFO - [2024-12-03T15:46:57.656+0000] {dag.py:2585} INFO - Sync 1 DAGs
[2024-12-03T15:46:57.725+0000] {logging_mixin.py:120} INFO - [2024-12-03T15:46:57.724+0000] {dag.py:3340} INFO - Setting next_dagrun for example_complex to None, run_after=None
[2024-12-03T15:46:57.803+0000] {processor.py:176} INFO - Processing /home/airflow/.local/lib/python3.7/site-packages/airflow/example_dags/example_complex.py took 0.326 seconds
[2024-12-03T15:47:28.129+0000] {processor.py:154} INFO - Started process (PID=3473) to work on /home/airflow/.local/lib/python3.7/site-packages/airflow/example_dags/example_complex.py
[2024-12-03T15:47:28.131+0000] {processor.py:756} INFO - Processing file /home/airflow/.local/lib/python3.7/site-packages/airflow/example_dags/example_complex.py for tasks to queue
[2024-12-03T15:47:28.132+0000] {logging_mixin.py:120} INFO - [2024-12-03T15:47:28.132+0000] {dagbag.py:537} INFO - Filling up the DagBag from /home/airflow/.local/lib/python3.7/site-packages/airflow/example_dags/example_complex.py
[2024-12-03T15:47:28.151+0000] {logging_mixin.py:120} INFO - [2024-12-03T15:47:28.151+0000] {taskmixin.py:205} WARNING - Dependency <Task(BashOperator): create_entry_group>, delete_entry_group already registered for DAG: example_complex
[2024-12-03T15:47:28.152+0000] {logging_mixin.py:120} INFO - [2024-12-03T15:47:28.152+0000] {taskmixin.py:205} WARNING - Dependency <Task(BashOperator): delete_entry_group>, create_entry_group already registered for DAG: example_complex
[2024-12-03T15:47:28.153+0000] {logging_mixin.py:120} INFO - [2024-12-03T15:47:28.152+0000] {taskmixin.py:205} WARNING - Dependency <Task(BashOperator): create_entry_gcs>, delete_entry already registered for DAG: example_complex
[2024-12-03T15:47:28.154+0000] {logging_mixin.py:120} INFO - [2024-12-03T15:47:28.153+0000] {taskmixin.py:205} WARNING - Dependency <Task(BashOperator): delete_entry>, create_entry_gcs already registered for DAG: example_complex
[2024-12-03T15:47:28.156+0000] {logging_mixin.py:120} INFO - [2024-12-03T15:47:28.155+0000] {taskmixin.py:205} WARNING - Dependency <Task(BashOperator): create_tag>, delete_tag already registered for DAG: example_complex
[2024-12-03T15:47:28.157+0000] {logging_mixin.py:120} INFO - [2024-12-03T15:47:28.157+0000] {taskmixin.py:205} WARNING - Dependency <Task(BashOperator): delete_tag>, create_tag already registered for DAG: example_complex
[2024-12-03T15:47:28.170+0000] {processor.py:766} INFO - DAG(s) dict_keys(['example_complex']) retrieved from /home/airflow/.local/lib/python3.7/site-packages/airflow/example_dags/example_complex.py
[2024-12-03T15:47:28.249+0000] {logging_mixin.py:120} INFO - [2024-12-03T15:47:28.249+0000] {dag.py:2585} INFO - Sync 1 DAGs
[2024-12-03T15:47:28.293+0000] {logging_mixin.py:120} INFO - [2024-12-03T15:47:28.292+0000] {dag.py:3340} INFO - Setting next_dagrun for example_complex to None, run_after=None
[2024-12-03T15:47:28.329+0000] {processor.py:176} INFO - Processing /home/airflow/.local/lib/python3.7/site-packages/airflow/example_dags/example_complex.py took 0.204 seconds
[2024-12-03T15:47:59.349+0000] {processor.py:154} INFO - Started process (PID=3529) to work on /home/airflow/.local/lib/python3.7/site-packages/airflow/example_dags/example_complex.py
[2024-12-03T15:47:59.351+0000] {processor.py:756} INFO - Processing file /home/airflow/.local/lib/python3.7/site-packages/airflow/example_dags/example_complex.py for tasks to queue
[2024-12-03T15:47:59.353+0000] {logging_mixin.py:120} INFO - [2024-12-03T15:47:59.352+0000] {dagbag.py:537} INFO - Filling up the DagBag from /home/airflow/.local/lib/python3.7/site-packages/airflow/example_dags/example_complex.py
[2024-12-03T15:47:59.372+0000] {logging_mixin.py:120} INFO - [2024-12-03T15:47:59.372+0000] {taskmixin.py:205} WARNING - Dependency <Task(BashOperator): create_entry_group>, delete_entry_group already registered for DAG: example_complex
[2024-12-03T15:47:59.374+0000] {logging_mixin.py:120} INFO - [2024-12-03T15:47:59.373+0000] {taskmixin.py:205} WARNING - Dependency <Task(BashOperator): delete_entry_group>, create_entry_group already registered for DAG: example_complex
[2024-12-03T15:47:59.375+0000] {logging_mixin.py:120} INFO - [2024-12-03T15:47:59.375+0000] {taskmixin.py:205} WARNING - Dependency <Task(BashOperator): create_entry_gcs>, delete_entry already registered for DAG: example_complex
[2024-12-03T15:47:59.376+0000] {logging_mixin.py:120} INFO - [2024-12-03T15:47:59.376+0000] {taskmixin.py:205} WARNING - Dependency <Task(BashOperator): delete_entry>, create_entry_gcs already registered for DAG: example_complex
[2024-12-03T15:47:59.377+0000] {logging_mixin.py:120} INFO - [2024-12-03T15:47:59.377+0000] {taskmixin.py:205} WARNING - Dependency <Task(BashOperator): create_tag>, delete_tag already registered for DAG: example_complex
[2024-12-03T15:47:59.377+0000] {logging_mixin.py:120} INFO - [2024-12-03T15:47:59.377+0000] {taskmixin.py:205} WARNING - Dependency <Task(BashOperator): delete_tag>, create_tag already registered for DAG: example_complex
[2024-12-03T15:47:59.388+0000] {processor.py:766} INFO - DAG(s) dict_keys(['example_complex']) retrieved from /home/airflow/.local/lib/python3.7/site-packages/airflow/example_dags/example_complex.py
[2024-12-03T15:47:59.475+0000] {logging_mixin.py:120} INFO - [2024-12-03T15:47:59.475+0000] {dag.py:2585} INFO - Sync 1 DAGs
[2024-12-03T15:47:59.519+0000] {logging_mixin.py:120} INFO - [2024-12-03T15:47:59.519+0000] {dag.py:3340} INFO - Setting next_dagrun for example_complex to None, run_after=None
[2024-12-03T15:47:59.580+0000] {processor.py:176} INFO - Processing /home/airflow/.local/lib/python3.7/site-packages/airflow/example_dags/example_complex.py took 0.235 seconds
[2024-12-03T15:49:32.526+0000] {processor.py:154} INFO - Started process (PID=101) to work on /home/airflow/.local/lib/python3.7/site-packages/airflow/example_dags/example_complex.py
[2024-12-03T15:49:32.539+0000] {processor.py:756} INFO - Processing file /home/airflow/.local/lib/python3.7/site-packages/airflow/example_dags/example_complex.py for tasks to queue
[2024-12-03T15:49:32.548+0000] {logging_mixin.py:120} INFO - [2024-12-03T15:49:32.547+0000] {dagbag.py:537} INFO - Filling up the DagBag from /home/airflow/.local/lib/python3.7/site-packages/airflow/example_dags/example_complex.py
[2024-12-03T15:49:32.841+0000] {logging_mixin.py:120} INFO - [2024-12-03T15:49:32.839+0000] {taskmixin.py:205} WARNING - Dependency <Task(BashOperator): create_entry_group>, delete_entry_group already registered for DAG: example_complex
[2024-12-03T15:49:32.842+0000] {logging_mixin.py:120} INFO - [2024-12-03T15:49:32.842+0000] {taskmixin.py:205} WARNING - Dependency <Task(BashOperator): delete_entry_group>, create_entry_group already registered for DAG: example_complex
[2024-12-03T15:49:32.844+0000] {logging_mixin.py:120} INFO - [2024-12-03T15:49:32.843+0000] {taskmixin.py:205} WARNING - Dependency <Task(BashOperator): create_entry_gcs>, delete_entry already registered for DAG: example_complex
[2024-12-03T15:49:32.846+0000] {logging_mixin.py:120} INFO - [2024-12-03T15:49:32.846+0000] {taskmixin.py:205} WARNING - Dependency <Task(BashOperator): delete_entry>, create_entry_gcs already registered for DAG: example_complex
[2024-12-03T15:49:32.848+0000] {logging_mixin.py:120} INFO - [2024-12-03T15:49:32.848+0000] {taskmixin.py:205} WARNING - Dependency <Task(BashOperator): create_tag>, delete_tag already registered for DAG: example_complex
[2024-12-03T15:49:32.850+0000] {logging_mixin.py:120} INFO - [2024-12-03T15:49:32.849+0000] {taskmixin.py:205} WARNING - Dependency <Task(BashOperator): delete_tag>, create_tag already registered for DAG: example_complex
[2024-12-03T15:49:32.957+0000] {processor.py:766} INFO - DAG(s) dict_keys(['example_complex']) retrieved from /home/airflow/.local/lib/python3.7/site-packages/airflow/example_dags/example_complex.py
[2024-12-03T15:49:33.913+0000] {logging_mixin.py:120} INFO - [2024-12-03T15:49:33.913+0000] {dag.py:2585} INFO - Sync 1 DAGs
[2024-12-03T15:49:34.558+0000] {logging_mixin.py:120} INFO - [2024-12-03T15:49:34.557+0000] {dag.py:3340} INFO - Setting next_dagrun for example_complex to None, run_after=None
[2024-12-03T15:49:39.370+0000] {processor.py:176} INFO - Processing /home/airflow/.local/lib/python3.7/site-packages/airflow/example_dags/example_complex.py took 7.030 seconds
[2024-12-03T15:50:12.817+0000] {processor.py:154} INFO - Started process (PID=155) to work on /home/airflow/.local/lib/python3.7/site-packages/airflow/example_dags/example_complex.py
[2024-12-03T15:50:12.819+0000] {processor.py:756} INFO - Processing file /home/airflow/.local/lib/python3.7/site-packages/airflow/example_dags/example_complex.py for tasks to queue
[2024-12-03T15:50:12.822+0000] {logging_mixin.py:120} INFO - [2024-12-03T15:50:12.822+0000] {dagbag.py:537} INFO - Filling up the DagBag from /home/airflow/.local/lib/python3.7/site-packages/airflow/example_dags/example_complex.py
[2024-12-03T15:50:12.871+0000] {logging_mixin.py:120} INFO - [2024-12-03T15:50:12.870+0000] {taskmixin.py:205} WARNING - Dependency <Task(BashOperator): create_entry_group>, delete_entry_group already registered for DAG: example_complex
[2024-12-03T15:50:12.873+0000] {logging_mixin.py:120} INFO - [2024-12-03T15:50:12.872+0000] {taskmixin.py:205} WARNING - Dependency <Task(BashOperator): delete_entry_group>, create_entry_group already registered for DAG: example_complex
[2024-12-03T15:50:12.880+0000] {logging_mixin.py:120} INFO - [2024-12-03T15:50:12.879+0000] {taskmixin.py:205} WARNING - Dependency <Task(BashOperator): create_entry_gcs>, delete_entry already registered for DAG: example_complex
[2024-12-03T15:50:12.882+0000] {logging_mixin.py:120} INFO - [2024-12-03T15:50:12.882+0000] {taskmixin.py:205} WARNING - Dependency <Task(BashOperator): delete_entry>, create_entry_gcs already registered for DAG: example_complex
[2024-12-03T15:50:12.884+0000] {logging_mixin.py:120} INFO - [2024-12-03T15:50:12.884+0000] {taskmixin.py:205} WARNING - Dependency <Task(BashOperator): create_tag>, delete_tag already registered for DAG: example_complex
[2024-12-03T15:50:12.887+0000] {logging_mixin.py:120} INFO - [2024-12-03T15:50:12.887+0000] {taskmixin.py:205} WARNING - Dependency <Task(BashOperator): delete_tag>, create_tag already registered for DAG: example_complex
[2024-12-03T15:50:12.913+0000] {processor.py:766} INFO - DAG(s) dict_keys(['example_complex']) retrieved from /home/airflow/.local/lib/python3.7/site-packages/airflow/example_dags/example_complex.py
[2024-12-03T15:50:13.051+0000] {logging_mixin.py:120} INFO - [2024-12-03T15:50:13.050+0000] {dag.py:2585} INFO - Sync 1 DAGs
[2024-12-03T15:50:13.119+0000] {logging_mixin.py:120} INFO - [2024-12-03T15:50:13.119+0000] {dag.py:3340} INFO - Setting next_dagrun for example_complex to None, run_after=None
[2024-12-03T15:50:13.186+0000] {processor.py:176} INFO - Processing /home/airflow/.local/lib/python3.7/site-packages/airflow/example_dags/example_complex.py took 0.386 seconds
[2024-12-03T15:50:43.343+0000] {processor.py:154} INFO - Started process (PID=218) to work on /home/airflow/.local/lib/python3.7/site-packages/airflow/example_dags/example_complex.py
[2024-12-03T15:50:43.345+0000] {processor.py:756} INFO - Processing file /home/airflow/.local/lib/python3.7/site-packages/airflow/example_dags/example_complex.py for tasks to queue
[2024-12-03T15:50:43.346+0000] {logging_mixin.py:120} INFO - [2024-12-03T15:50:43.346+0000] {dagbag.py:537} INFO - Filling up the DagBag from /home/airflow/.local/lib/python3.7/site-packages/airflow/example_dags/example_complex.py
[2024-12-03T15:50:43.361+0000] {logging_mixin.py:120} INFO - [2024-12-03T15:50:43.360+0000] {taskmixin.py:205} WARNING - Dependency <Task(BashOperator): create_entry_group>, delete_entry_group already registered for DAG: example_complex
[2024-12-03T15:50:43.362+0000] {logging_mixin.py:120} INFO - [2024-12-03T15:50:43.362+0000] {taskmixin.py:205} WARNING - Dependency <Task(BashOperator): delete_entry_group>, create_entry_group already registered for DAG: example_complex
[2024-12-03T15:50:43.363+0000] {logging_mixin.py:120} INFO - [2024-12-03T15:50:43.362+0000] {taskmixin.py:205} WARNING - Dependency <Task(BashOperator): create_entry_gcs>, delete_entry already registered for DAG: example_complex
[2024-12-03T15:50:43.363+0000] {logging_mixin.py:120} INFO - [2024-12-03T15:50:43.363+0000] {taskmixin.py:205} WARNING - Dependency <Task(BashOperator): delete_entry>, create_entry_gcs already registered for DAG: example_complex
[2024-12-03T15:50:43.365+0000] {logging_mixin.py:120} INFO - [2024-12-03T15:50:43.365+0000] {taskmixin.py:205} WARNING - Dependency <Task(BashOperator): create_tag>, delete_tag already registered for DAG: example_complex
[2024-12-03T15:50:43.367+0000] {logging_mixin.py:120} INFO - [2024-12-03T15:50:43.366+0000] {taskmixin.py:205} WARNING - Dependency <Task(BashOperator): delete_tag>, create_tag already registered for DAG: example_complex
[2024-12-03T15:50:43.378+0000] {processor.py:766} INFO - DAG(s) dict_keys(['example_complex']) retrieved from /home/airflow/.local/lib/python3.7/site-packages/airflow/example_dags/example_complex.py
[2024-12-03T15:50:43.449+0000] {logging_mixin.py:120} INFO - [2024-12-03T15:50:43.449+0000] {dag.py:2585} INFO - Sync 1 DAGs
[2024-12-03T15:50:43.497+0000] {logging_mixin.py:120} INFO - [2024-12-03T15:50:43.497+0000] {dag.py:3340} INFO - Setting next_dagrun for example_complex to None, run_after=None
[2024-12-03T15:50:43.534+0000] {processor.py:176} INFO - Processing /home/airflow/.local/lib/python3.7/site-packages/airflow/example_dags/example_complex.py took 0.195 seconds
[2024-12-03T15:51:13.851+0000] {processor.py:154} INFO - Started process (PID=275) to work on /home/airflow/.local/lib/python3.7/site-packages/airflow/example_dags/example_complex.py
[2024-12-03T15:51:13.855+0000] {processor.py:756} INFO - Processing file /home/airflow/.local/lib/python3.7/site-packages/airflow/example_dags/example_complex.py for tasks to queue
[2024-12-03T15:51:13.857+0000] {logging_mixin.py:120} INFO - [2024-12-03T15:51:13.857+0000] {dagbag.py:537} INFO - Filling up the DagBag from /home/airflow/.local/lib/python3.7/site-packages/airflow/example_dags/example_complex.py
[2024-12-03T15:51:13.884+0000] {logging_mixin.py:120} INFO - [2024-12-03T15:51:13.884+0000] {taskmixin.py:205} WARNING - Dependency <Task(BashOperator): create_entry_group>, delete_entry_group already registered for DAG: example_complex
[2024-12-03T15:51:13.885+0000] {logging_mixin.py:120} INFO - [2024-12-03T15:51:13.885+0000] {taskmixin.py:205} WARNING - Dependency <Task(BashOperator): delete_entry_group>, create_entry_group already registered for DAG: example_complex
[2024-12-03T15:51:13.886+0000] {logging_mixin.py:120} INFO - [2024-12-03T15:51:13.886+0000] {taskmixin.py:205} WARNING - Dependency <Task(BashOperator): create_entry_gcs>, delete_entry already registered for DAG: example_complex
[2024-12-03T15:51:13.887+0000] {logging_mixin.py:120} INFO - [2024-12-03T15:51:13.887+0000] {taskmixin.py:205} WARNING - Dependency <Task(BashOperator): delete_entry>, create_entry_gcs already registered for DAG: example_complex
[2024-12-03T15:51:13.888+0000] {logging_mixin.py:120} INFO - [2024-12-03T15:51:13.888+0000] {taskmixin.py:205} WARNING - Dependency <Task(BashOperator): create_tag>, delete_tag already registered for DAG: example_complex
[2024-12-03T15:51:13.889+0000] {logging_mixin.py:120} INFO - [2024-12-03T15:51:13.889+0000] {taskmixin.py:205} WARNING - Dependency <Task(BashOperator): delete_tag>, create_tag already registered for DAG: example_complex
[2024-12-03T15:51:13.904+0000] {processor.py:766} INFO - DAG(s) dict_keys(['example_complex']) retrieved from /home/airflow/.local/lib/python3.7/site-packages/airflow/example_dags/example_complex.py
[2024-12-03T15:51:13.987+0000] {logging_mixin.py:120} INFO - [2024-12-03T15:51:13.986+0000] {dag.py:2585} INFO - Sync 1 DAGs
[2024-12-03T15:51:14.035+0000] {logging_mixin.py:120} INFO - [2024-12-03T15:51:14.035+0000] {dag.py:3340} INFO - Setting next_dagrun for example_complex to None, run_after=None
[2024-12-03T15:51:14.082+0000] {processor.py:176} INFO - Processing /home/airflow/.local/lib/python3.7/site-packages/airflow/example_dags/example_complex.py took 0.238 seconds
[2024-12-03T15:51:46.524+0000] {processor.py:154} INFO - Started process (PID=341) to work on /home/airflow/.local/lib/python3.7/site-packages/airflow/example_dags/example_complex.py
[2024-12-03T15:51:46.537+0000] {processor.py:756} INFO - Processing file /home/airflow/.local/lib/python3.7/site-packages/airflow/example_dags/example_complex.py for tasks to queue
[2024-12-03T15:51:46.548+0000] {logging_mixin.py:120} INFO - [2024-12-03T15:51:46.547+0000] {dagbag.py:537} INFO - Filling up the DagBag from /home/airflow/.local/lib/python3.7/site-packages/airflow/example_dags/example_complex.py
[2024-12-03T15:51:46.614+0000] {logging_mixin.py:120} INFO - [2024-12-03T15:51:46.614+0000] {taskmixin.py:205} WARNING - Dependency <Task(BashOperator): create_entry_group>, delete_entry_group already registered for DAG: example_complex
[2024-12-03T15:51:46.618+0000] {logging_mixin.py:120} INFO - [2024-12-03T15:51:46.617+0000] {taskmixin.py:205} WARNING - Dependency <Task(BashOperator): delete_entry_group>, create_entry_group already registered for DAG: example_complex
[2024-12-03T15:51:46.621+0000] {logging_mixin.py:120} INFO - [2024-12-03T15:51:46.621+0000] {taskmixin.py:205} WARNING - Dependency <Task(BashOperator): create_entry_gcs>, delete_entry already registered for DAG: example_complex
[2024-12-03T15:51:46.630+0000] {logging_mixin.py:120} INFO - [2024-12-03T15:51:46.629+0000] {taskmixin.py:205} WARNING - Dependency <Task(BashOperator): delete_entry>, create_entry_gcs already registered for DAG: example_complex
[2024-12-03T15:51:46.636+0000] {logging_mixin.py:120} INFO - [2024-12-03T15:51:46.636+0000] {taskmixin.py:205} WARNING - Dependency <Task(BashOperator): create_tag>, delete_tag already registered for DAG: example_complex
[2024-12-03T15:51:46.638+0000] {logging_mixin.py:120} INFO - [2024-12-03T15:51:46.637+0000] {taskmixin.py:205} WARNING - Dependency <Task(BashOperator): delete_tag>, create_tag already registered for DAG: example_complex
[2024-12-03T15:51:46.722+0000] {processor.py:766} INFO - DAG(s) dict_keys(['example_complex']) retrieved from /home/airflow/.local/lib/python3.7/site-packages/airflow/example_dags/example_complex.py
[2024-12-03T15:51:47.233+0000] {logging_mixin.py:120} INFO - [2024-12-03T15:51:47.229+0000] {dag.py:2585} INFO - Sync 1 DAGs
[2024-12-03T15:51:47.354+0000] {logging_mixin.py:120} INFO - [2024-12-03T15:51:47.353+0000] {dag.py:3340} INFO - Setting next_dagrun for example_complex to None, run_after=None
[2024-12-03T15:51:47.449+0000] {processor.py:176} INFO - Processing /home/airflow/.local/lib/python3.7/site-packages/airflow/example_dags/example_complex.py took 0.950 seconds
[2024-12-03T15:53:09.957+0000] {processor.py:154} INFO - Started process (PID=96) to work on /home/airflow/.local/lib/python3.7/site-packages/airflow/example_dags/example_complex.py
[2024-12-03T15:53:09.959+0000] {processor.py:756} INFO - Processing file /home/airflow/.local/lib/python3.7/site-packages/airflow/example_dags/example_complex.py for tasks to queue
[2024-12-03T15:53:09.961+0000] {logging_mixin.py:120} INFO - [2024-12-03T15:53:09.961+0000] {dagbag.py:537} INFO - Filling up the DagBag from /home/airflow/.local/lib/python3.7/site-packages/airflow/example_dags/example_complex.py
[2024-12-03T15:53:09.988+0000] {logging_mixin.py:120} INFO - [2024-12-03T15:53:09.987+0000] {taskmixin.py:205} WARNING - Dependency <Task(BashOperator): create_entry_group>, delete_entry_group already registered for DAG: example_complex
[2024-12-03T15:53:09.989+0000] {logging_mixin.py:120} INFO - [2024-12-03T15:53:09.988+0000] {taskmixin.py:205} WARNING - Dependency <Task(BashOperator): delete_entry_group>, create_entry_group already registered for DAG: example_complex
[2024-12-03T15:53:09.991+0000] {logging_mixin.py:120} INFO - [2024-12-03T15:53:09.990+0000] {taskmixin.py:205} WARNING - Dependency <Task(BashOperator): create_entry_gcs>, delete_entry already registered for DAG: example_complex
[2024-12-03T15:53:09.992+0000] {logging_mixin.py:120} INFO - [2024-12-03T15:53:09.991+0000] {taskmixin.py:205} WARNING - Dependency <Task(BashOperator): delete_entry>, create_entry_gcs already registered for DAG: example_complex
[2024-12-03T15:53:09.993+0000] {logging_mixin.py:120} INFO - [2024-12-03T15:53:09.993+0000] {taskmixin.py:205} WARNING - Dependency <Task(BashOperator): create_tag>, delete_tag already registered for DAG: example_complex
[2024-12-03T15:53:09.995+0000] {logging_mixin.py:120} INFO - [2024-12-03T15:53:09.994+0000] {taskmixin.py:205} WARNING - Dependency <Task(BashOperator): delete_tag>, create_tag already registered for DAG: example_complex
[2024-12-03T15:53:10.015+0000] {processor.py:766} INFO - DAG(s) dict_keys(['example_complex']) retrieved from /home/airflow/.local/lib/python3.7/site-packages/airflow/example_dags/example_complex.py
[2024-12-03T15:53:10.096+0000] {logging_mixin.py:120} INFO - [2024-12-03T15:53:10.095+0000] {dag.py:2585} INFO - Sync 1 DAGs
[2024-12-03T15:53:10.150+0000] {logging_mixin.py:120} INFO - [2024-12-03T15:53:10.150+0000] {dag.py:3340} INFO - Setting next_dagrun for example_complex to None, run_after=None
[2024-12-03T15:53:10.195+0000] {processor.py:176} INFO - Processing /home/airflow/.local/lib/python3.7/site-packages/airflow/example_dags/example_complex.py took 0.242 seconds
[2024-12-03T15:53:40.492+0000] {processor.py:154} INFO - Started process (PID=152) to work on /home/airflow/.local/lib/python3.7/site-packages/airflow/example_dags/example_complex.py
[2024-12-03T15:53:40.495+0000] {processor.py:756} INFO - Processing file /home/airflow/.local/lib/python3.7/site-packages/airflow/example_dags/example_complex.py for tasks to queue
[2024-12-03T15:53:40.499+0000] {logging_mixin.py:120} INFO - [2024-12-03T15:53:40.498+0000] {dagbag.py:537} INFO - Filling up the DagBag from /home/airflow/.local/lib/python3.7/site-packages/airflow/example_dags/example_complex.py
[2024-12-03T15:53:40.521+0000] {logging_mixin.py:120} INFO - [2024-12-03T15:53:40.521+0000] {taskmixin.py:205} WARNING - Dependency <Task(BashOperator): create_entry_group>, delete_entry_group already registered for DAG: example_complex
[2024-12-03T15:53:40.522+0000] {logging_mixin.py:120} INFO - [2024-12-03T15:53:40.522+0000] {taskmixin.py:205} WARNING - Dependency <Task(BashOperator): delete_entry_group>, create_entry_group already registered for DAG: example_complex
[2024-12-03T15:53:40.524+0000] {logging_mixin.py:120} INFO - [2024-12-03T15:53:40.523+0000] {taskmixin.py:205} WARNING - Dependency <Task(BashOperator): create_entry_gcs>, delete_entry already registered for DAG: example_complex
[2024-12-03T15:53:40.524+0000] {logging_mixin.py:120} INFO - [2024-12-03T15:53:40.524+0000] {taskmixin.py:205} WARNING - Dependency <Task(BashOperator): delete_entry>, create_entry_gcs already registered for DAG: example_complex
[2024-12-03T15:53:40.525+0000] {logging_mixin.py:120} INFO - [2024-12-03T15:53:40.525+0000] {taskmixin.py:205} WARNING - Dependency <Task(BashOperator): create_tag>, delete_tag already registered for DAG: example_complex
[2024-12-03T15:53:40.526+0000] {logging_mixin.py:120} INFO - [2024-12-03T15:53:40.526+0000] {taskmixin.py:205} WARNING - Dependency <Task(BashOperator): delete_tag>, create_tag already registered for DAG: example_complex
[2024-12-03T15:53:40.534+0000] {processor.py:766} INFO - DAG(s) dict_keys(['example_complex']) retrieved from /home/airflow/.local/lib/python3.7/site-packages/airflow/example_dags/example_complex.py
[2024-12-03T15:53:40.597+0000] {logging_mixin.py:120} INFO - [2024-12-03T15:53:40.597+0000] {dag.py:2585} INFO - Sync 1 DAGs
[2024-12-03T15:53:40.639+0000] {logging_mixin.py:120} INFO - [2024-12-03T15:53:40.638+0000] {dag.py:3340} INFO - Setting next_dagrun for example_complex to None, run_after=None
[2024-12-03T15:53:40.678+0000] {processor.py:176} INFO - Processing /home/airflow/.local/lib/python3.7/site-packages/airflow/example_dags/example_complex.py took 0.191 seconds
[2024-12-03T15:54:11.589+0000] {processor.py:154} INFO - Started process (PID=210) to work on /home/airflow/.local/lib/python3.7/site-packages/airflow/example_dags/example_complex.py
[2024-12-03T15:54:11.591+0000] {processor.py:756} INFO - Processing file /home/airflow/.local/lib/python3.7/site-packages/airflow/example_dags/example_complex.py for tasks to queue
[2024-12-03T15:54:11.592+0000] {logging_mixin.py:120} INFO - [2024-12-03T15:54:11.592+0000] {dagbag.py:537} INFO - Filling up the DagBag from /home/airflow/.local/lib/python3.7/site-packages/airflow/example_dags/example_complex.py
[2024-12-03T15:54:11.605+0000] {logging_mixin.py:120} INFO - [2024-12-03T15:54:11.605+0000] {taskmixin.py:205} WARNING - Dependency <Task(BashOperator): create_entry_group>, delete_entry_group already registered for DAG: example_complex
[2024-12-03T15:54:11.606+0000] {logging_mixin.py:120} INFO - [2024-12-03T15:54:11.606+0000] {taskmixin.py:205} WARNING - Dependency <Task(BashOperator): delete_entry_group>, create_entry_group already registered for DAG: example_complex
[2024-12-03T15:54:11.607+0000] {logging_mixin.py:120} INFO - [2024-12-03T15:54:11.607+0000] {taskmixin.py:205} WARNING - Dependency <Task(BashOperator): create_entry_gcs>, delete_entry already registered for DAG: example_complex
[2024-12-03T15:54:11.608+0000] {logging_mixin.py:120} INFO - [2024-12-03T15:54:11.608+0000] {taskmixin.py:205} WARNING - Dependency <Task(BashOperator): delete_entry>, create_entry_gcs already registered for DAG: example_complex
[2024-12-03T15:54:11.610+0000] {logging_mixin.py:120} INFO - [2024-12-03T15:54:11.610+0000] {taskmixin.py:205} WARNING - Dependency <Task(BashOperator): create_tag>, delete_tag already registered for DAG: example_complex
[2024-12-03T15:54:11.611+0000] {logging_mixin.py:120} INFO - [2024-12-03T15:54:11.610+0000] {taskmixin.py:205} WARNING - Dependency <Task(BashOperator): delete_tag>, create_tag already registered for DAG: example_complex
[2024-12-03T15:54:11.623+0000] {processor.py:766} INFO - DAG(s) dict_keys(['example_complex']) retrieved from /home/airflow/.local/lib/python3.7/site-packages/airflow/example_dags/example_complex.py
[2024-12-03T15:54:11.699+0000] {logging_mixin.py:120} INFO - [2024-12-03T15:54:11.699+0000] {dag.py:2585} INFO - Sync 1 DAGs
[2024-12-03T15:54:11.738+0000] {logging_mixin.py:120} INFO - [2024-12-03T15:54:11.738+0000] {dag.py:3340} INFO - Setting next_dagrun for example_complex to None, run_after=None
[2024-12-03T15:54:11.789+0000] {processor.py:176} INFO - Processing /home/airflow/.local/lib/python3.7/site-packages/airflow/example_dags/example_complex.py took 0.205 seconds
[2024-12-03T15:54:43.256+0000] {processor.py:154} INFO - Started process (PID=274) to work on /home/airflow/.local/lib/python3.7/site-packages/airflow/example_dags/example_complex.py
[2024-12-03T15:54:43.259+0000] {processor.py:756} INFO - Processing file /home/airflow/.local/lib/python3.7/site-packages/airflow/example_dags/example_complex.py for tasks to queue
[2024-12-03T15:54:43.262+0000] {logging_mixin.py:120} INFO - [2024-12-03T15:54:43.262+0000] {dagbag.py:537} INFO - Filling up the DagBag from /home/airflow/.local/lib/python3.7/site-packages/airflow/example_dags/example_complex.py
[2024-12-03T15:54:43.301+0000] {logging_mixin.py:120} INFO - [2024-12-03T15:54:43.301+0000] {taskmixin.py:205} WARNING - Dependency <Task(BashOperator): create_entry_group>, delete_entry_group already registered for DAG: example_complex
[2024-12-03T15:54:43.303+0000] {logging_mixin.py:120} INFO - [2024-12-03T15:54:43.303+0000] {taskmixin.py:205} WARNING - Dependency <Task(BashOperator): delete_entry_group>, create_entry_group already registered for DAG: example_complex
[2024-12-03T15:54:43.304+0000] {logging_mixin.py:120} INFO - [2024-12-03T15:54:43.304+0000] {taskmixin.py:205} WARNING - Dependency <Task(BashOperator): create_entry_gcs>, delete_entry already registered for DAG: example_complex
[2024-12-03T15:54:43.305+0000] {logging_mixin.py:120} INFO - [2024-12-03T15:54:43.305+0000] {taskmixin.py:205} WARNING - Dependency <Task(BashOperator): delete_entry>, create_entry_gcs already registered for DAG: example_complex
[2024-12-03T15:54:43.306+0000] {logging_mixin.py:120} INFO - [2024-12-03T15:54:43.306+0000] {taskmixin.py:205} WARNING - Dependency <Task(BashOperator): create_tag>, delete_tag already registered for DAG: example_complex
[2024-12-03T15:54:43.307+0000] {logging_mixin.py:120} INFO - [2024-12-03T15:54:43.307+0000] {taskmixin.py:205} WARNING - Dependency <Task(BashOperator): delete_tag>, create_tag already registered for DAG: example_complex
[2024-12-03T15:54:43.329+0000] {processor.py:766} INFO - DAG(s) dict_keys(['example_complex']) retrieved from /home/airflow/.local/lib/python3.7/site-packages/airflow/example_dags/example_complex.py
[2024-12-03T15:54:43.417+0000] {logging_mixin.py:120} INFO - [2024-12-03T15:54:43.417+0000] {dag.py:2585} INFO - Sync 1 DAGs
[2024-12-03T15:54:43.460+0000] {logging_mixin.py:120} INFO - [2024-12-03T15:54:43.459+0000] {dag.py:3340} INFO - Setting next_dagrun for example_complex to None, run_after=None
[2024-12-03T15:54:43.510+0000] {processor.py:176} INFO - Processing /home/airflow/.local/lib/python3.7/site-packages/airflow/example_dags/example_complex.py took 0.270 seconds
[2024-12-03T15:55:13.988+0000] {processor.py:154} INFO - Started process (PID=329) to work on /home/airflow/.local/lib/python3.7/site-packages/airflow/example_dags/example_complex.py
[2024-12-03T15:55:13.991+0000] {processor.py:756} INFO - Processing file /home/airflow/.local/lib/python3.7/site-packages/airflow/example_dags/example_complex.py for tasks to queue
[2024-12-03T15:55:13.993+0000] {logging_mixin.py:120} INFO - [2024-12-03T15:55:13.992+0000] {dagbag.py:537} INFO - Filling up the DagBag from /home/airflow/.local/lib/python3.7/site-packages/airflow/example_dags/example_complex.py
[2024-12-03T15:55:14.010+0000] {logging_mixin.py:120} INFO - [2024-12-03T15:55:14.009+0000] {taskmixin.py:205} WARNING - Dependency <Task(BashOperator): create_entry_group>, delete_entry_group already registered for DAG: example_complex
[2024-12-03T15:55:14.011+0000] {logging_mixin.py:120} INFO - [2024-12-03T15:55:14.011+0000] {taskmixin.py:205} WARNING - Dependency <Task(BashOperator): delete_entry_group>, create_entry_group already registered for DAG: example_complex
[2024-12-03T15:55:14.012+0000] {logging_mixin.py:120} INFO - [2024-12-03T15:55:14.012+0000] {taskmixin.py:205} WARNING - Dependency <Task(BashOperator): create_entry_gcs>, delete_entry already registered for DAG: example_complex
[2024-12-03T15:55:14.013+0000] {logging_mixin.py:120} INFO - [2024-12-03T15:55:14.013+0000] {taskmixin.py:205} WARNING - Dependency <Task(BashOperator): delete_entry>, create_entry_gcs already registered for DAG: example_complex
[2024-12-03T15:55:14.015+0000] {logging_mixin.py:120} INFO - [2024-12-03T15:55:14.015+0000] {taskmixin.py:205} WARNING - Dependency <Task(BashOperator): create_tag>, delete_tag already registered for DAG: example_complex
[2024-12-03T15:55:14.016+0000] {logging_mixin.py:120} INFO - [2024-12-03T15:55:14.015+0000] {taskmixin.py:205} WARNING - Dependency <Task(BashOperator): delete_tag>, create_tag already registered for DAG: example_complex
[2024-12-03T15:55:14.031+0000] {processor.py:766} INFO - DAG(s) dict_keys(['example_complex']) retrieved from /home/airflow/.local/lib/python3.7/site-packages/airflow/example_dags/example_complex.py
[2024-12-03T15:55:14.119+0000] {logging_mixin.py:120} INFO - [2024-12-03T15:55:14.119+0000] {dag.py:2585} INFO - Sync 1 DAGs
[2024-12-03T15:55:14.173+0000] {logging_mixin.py:120} INFO - [2024-12-03T15:55:14.173+0000] {dag.py:3340} INFO - Setting next_dagrun for example_complex to None, run_after=None
[2024-12-03T15:55:14.216+0000] {processor.py:176} INFO - Processing /home/airflow/.local/lib/python3.7/site-packages/airflow/example_dags/example_complex.py took 0.234 seconds
[2024-12-03T15:55:45.168+0000] {processor.py:154} INFO - Started process (PID=385) to work on /home/airflow/.local/lib/python3.7/site-packages/airflow/example_dags/example_complex.py
[2024-12-03T15:55:45.170+0000] {processor.py:756} INFO - Processing file /home/airflow/.local/lib/python3.7/site-packages/airflow/example_dags/example_complex.py for tasks to queue
[2024-12-03T15:55:45.171+0000] {logging_mixin.py:120} INFO - [2024-12-03T15:55:45.171+0000] {dagbag.py:537} INFO - Filling up the DagBag from /home/airflow/.local/lib/python3.7/site-packages/airflow/example_dags/example_complex.py
[2024-12-03T15:55:45.195+0000] {logging_mixin.py:120} INFO - [2024-12-03T15:55:45.195+0000] {taskmixin.py:205} WARNING - Dependency <Task(BashOperator): create_entry_group>, delete_entry_group already registered for DAG: example_complex
[2024-12-03T15:55:45.198+0000] {logging_mixin.py:120} INFO - [2024-12-03T15:55:45.198+0000] {taskmixin.py:205} WARNING - Dependency <Task(BashOperator): delete_entry_group>, create_entry_group already registered for DAG: example_complex
[2024-12-03T15:55:45.201+0000] {logging_mixin.py:120} INFO - [2024-12-03T15:55:45.201+0000] {taskmixin.py:205} WARNING - Dependency <Task(BashOperator): create_entry_gcs>, delete_entry already registered for DAG: example_complex
[2024-12-03T15:55:45.203+0000] {logging_mixin.py:120} INFO - [2024-12-03T15:55:45.203+0000] {taskmixin.py:205} WARNING - Dependency <Task(BashOperator): delete_entry>, create_entry_gcs already registered for DAG: example_complex
[2024-12-03T15:55:45.205+0000] {logging_mixin.py:120} INFO - [2024-12-03T15:55:45.205+0000] {taskmixin.py:205} WARNING - Dependency <Task(BashOperator): create_tag>, delete_tag already registered for DAG: example_complex
[2024-12-03T15:55:45.208+0000] {logging_mixin.py:120} INFO - [2024-12-03T15:55:45.207+0000] {taskmixin.py:205} WARNING - Dependency <Task(BashOperator): delete_tag>, create_tag already registered for DAG: example_complex
[2024-12-03T15:55:45.229+0000] {processor.py:766} INFO - DAG(s) dict_keys(['example_complex']) retrieved from /home/airflow/.local/lib/python3.7/site-packages/airflow/example_dags/example_complex.py
[2024-12-03T15:55:45.352+0000] {logging_mixin.py:120} INFO - [2024-12-03T15:55:45.351+0000] {dag.py:2585} INFO - Sync 1 DAGs
[2024-12-03T15:55:45.423+0000] {logging_mixin.py:120} INFO - [2024-12-03T15:55:45.423+0000] {dag.py:3340} INFO - Setting next_dagrun for example_complex to None, run_after=None
[2024-12-03T15:55:45.482+0000] {processor.py:176} INFO - Processing /home/airflow/.local/lib/python3.7/site-packages/airflow/example_dags/example_complex.py took 0.320 seconds
[2024-12-03T15:56:18.122+0000] {processor.py:154} INFO - Started process (PID=449) to work on /home/airflow/.local/lib/python3.7/site-packages/airflow/example_dags/example_complex.py
[2024-12-03T15:56:18.125+0000] {processor.py:756} INFO - Processing file /home/airflow/.local/lib/python3.7/site-packages/airflow/example_dags/example_complex.py for tasks to queue
[2024-12-03T15:56:18.128+0000] {logging_mixin.py:120} INFO - [2024-12-03T15:56:18.127+0000] {dagbag.py:537} INFO - Filling up the DagBag from /home/airflow/.local/lib/python3.7/site-packages/airflow/example_dags/example_complex.py
[2024-12-03T15:56:18.149+0000] {logging_mixin.py:120} INFO - [2024-12-03T15:56:18.149+0000] {taskmixin.py:205} WARNING - Dependency <Task(BashOperator): create_entry_group>, delete_entry_group already registered for DAG: example_complex
[2024-12-03T15:56:18.150+0000] {logging_mixin.py:120} INFO - [2024-12-03T15:56:18.150+0000] {taskmixin.py:205} WARNING - Dependency <Task(BashOperator): delete_entry_group>, create_entry_group already registered for DAG: example_complex
[2024-12-03T15:56:18.152+0000] {logging_mixin.py:120} INFO - [2024-12-03T15:56:18.152+0000] {taskmixin.py:205} WARNING - Dependency <Task(BashOperator): create_entry_gcs>, delete_entry already registered for DAG: example_complex
[2024-12-03T15:56:18.153+0000] {logging_mixin.py:120} INFO - [2024-12-03T15:56:18.153+0000] {taskmixin.py:205} WARNING - Dependency <Task(BashOperator): delete_entry>, create_entry_gcs already registered for DAG: example_complex
[2024-12-03T15:56:18.154+0000] {logging_mixin.py:120} INFO - [2024-12-03T15:56:18.154+0000] {taskmixin.py:205} WARNING - Dependency <Task(BashOperator): create_tag>, delete_tag already registered for DAG: example_complex
[2024-12-03T15:56:18.155+0000] {logging_mixin.py:120} INFO - [2024-12-03T15:56:18.155+0000] {taskmixin.py:205} WARNING - Dependency <Task(BashOperator): delete_tag>, create_tag already registered for DAG: example_complex
[2024-12-03T15:56:18.167+0000] {processor.py:766} INFO - DAG(s) dict_keys(['example_complex']) retrieved from /home/airflow/.local/lib/python3.7/site-packages/airflow/example_dags/example_complex.py
[2024-12-03T15:56:18.254+0000] {logging_mixin.py:120} INFO - [2024-12-03T15:56:18.253+0000] {dag.py:2585} INFO - Sync 1 DAGs
[2024-12-03T15:56:18.296+0000] {logging_mixin.py:120} INFO - [2024-12-03T15:56:18.296+0000] {dag.py:3340} INFO - Setting next_dagrun for example_complex to None, run_after=None
[2024-12-03T15:56:18.335+0000] {processor.py:176} INFO - Processing /home/airflow/.local/lib/python3.7/site-packages/airflow/example_dags/example_complex.py took 0.220 seconds
[2024-12-03T15:56:49.148+0000] {processor.py:154} INFO - Started process (PID=508) to work on /home/airflow/.local/lib/python3.7/site-packages/airflow/example_dags/example_complex.py
[2024-12-03T15:56:49.152+0000] {processor.py:756} INFO - Processing file /home/airflow/.local/lib/python3.7/site-packages/airflow/example_dags/example_complex.py for tasks to queue
[2024-12-03T15:56:49.156+0000] {logging_mixin.py:120} INFO - [2024-12-03T15:56:49.156+0000] {dagbag.py:537} INFO - Filling up the DagBag from /home/airflow/.local/lib/python3.7/site-packages/airflow/example_dags/example_complex.py
[2024-12-03T15:56:49.204+0000] {logging_mixin.py:120} INFO - [2024-12-03T15:56:49.203+0000] {taskmixin.py:205} WARNING - Dependency <Task(BashOperator): create_entry_group>, delete_entry_group already registered for DAG: example_complex
[2024-12-03T15:56:49.208+0000] {logging_mixin.py:120} INFO - [2024-12-03T15:56:49.208+0000] {taskmixin.py:205} WARNING - Dependency <Task(BashOperator): delete_entry_group>, create_entry_group already registered for DAG: example_complex
[2024-12-03T15:56:49.215+0000] {logging_mixin.py:120} INFO - [2024-12-03T15:56:49.214+0000] {taskmixin.py:205} WARNING - Dependency <Task(BashOperator): create_entry_gcs>, delete_entry already registered for DAG: example_complex
[2024-12-03T15:56:49.218+0000] {logging_mixin.py:120} INFO - [2024-12-03T15:56:49.218+0000] {taskmixin.py:205} WARNING - Dependency <Task(BashOperator): delete_entry>, create_entry_gcs already registered for DAG: example_complex
[2024-12-03T15:56:49.220+0000] {logging_mixin.py:120} INFO - [2024-12-03T15:56:49.220+0000] {taskmixin.py:205} WARNING - Dependency <Task(BashOperator): create_tag>, delete_tag already registered for DAG: example_complex
[2024-12-03T15:56:49.225+0000] {logging_mixin.py:120} INFO - [2024-12-03T15:56:49.224+0000] {taskmixin.py:205} WARNING - Dependency <Task(BashOperator): delete_tag>, create_tag already registered for DAG: example_complex
[2024-12-03T15:56:49.265+0000] {processor.py:766} INFO - DAG(s) dict_keys(['example_complex']) retrieved from /home/airflow/.local/lib/python3.7/site-packages/airflow/example_dags/example_complex.py
[2024-12-03T15:56:49.416+0000] {logging_mixin.py:120} INFO - [2024-12-03T15:56:49.414+0000] {dag.py:2585} INFO - Sync 1 DAGs
[2024-12-03T15:56:49.503+0000] {logging_mixin.py:120} INFO - [2024-12-03T15:56:49.502+0000] {dag.py:3340} INFO - Setting next_dagrun for example_complex to None, run_after=None
[2024-12-03T15:56:49.586+0000] {processor.py:176} INFO - Processing /home/airflow/.local/lib/python3.7/site-packages/airflow/example_dags/example_complex.py took 0.450 seconds
[2024-12-03T15:57:19.993+0000] {processor.py:154} INFO - Started process (PID=572) to work on /home/airflow/.local/lib/python3.7/site-packages/airflow/example_dags/example_complex.py
[2024-12-03T15:57:19.995+0000] {processor.py:756} INFO - Processing file /home/airflow/.local/lib/python3.7/site-packages/airflow/example_dags/example_complex.py for tasks to queue
[2024-12-03T15:57:19.997+0000] {logging_mixin.py:120} INFO - [2024-12-03T15:57:19.996+0000] {dagbag.py:537} INFO - Filling up the DagBag from /home/airflow/.local/lib/python3.7/site-packages/airflow/example_dags/example_complex.py
[2024-12-03T15:57:20.023+0000] {logging_mixin.py:120} INFO - [2024-12-03T15:57:20.022+0000] {taskmixin.py:205} WARNING - Dependency <Task(BashOperator): create_entry_group>, delete_entry_group already registered for DAG: example_complex
[2024-12-03T15:57:20.024+0000] {logging_mixin.py:120} INFO - [2024-12-03T15:57:20.023+0000] {taskmixin.py:205} WARNING - Dependency <Task(BashOperator): delete_entry_group>, create_entry_group already registered for DAG: example_complex
[2024-12-03T15:57:20.025+0000] {logging_mixin.py:120} INFO - [2024-12-03T15:57:20.025+0000] {taskmixin.py:205} WARNING - Dependency <Task(BashOperator): create_entry_gcs>, delete_entry already registered for DAG: example_complex
[2024-12-03T15:57:20.027+0000] {logging_mixin.py:120} INFO - [2024-12-03T15:57:20.027+0000] {taskmixin.py:205} WARNING - Dependency <Task(BashOperator): delete_entry>, create_entry_gcs already registered for DAG: example_complex
[2024-12-03T15:57:20.029+0000] {logging_mixin.py:120} INFO - [2024-12-03T15:57:20.029+0000] {taskmixin.py:205} WARNING - Dependency <Task(BashOperator): create_tag>, delete_tag already registered for DAG: example_complex
[2024-12-03T15:57:20.030+0000] {logging_mixin.py:120} INFO - [2024-12-03T15:57:20.030+0000] {taskmixin.py:205} WARNING - Dependency <Task(BashOperator): delete_tag>, create_tag already registered for DAG: example_complex
[2024-12-03T15:57:20.046+0000] {processor.py:766} INFO - DAG(s) dict_keys(['example_complex']) retrieved from /home/airflow/.local/lib/python3.7/site-packages/airflow/example_dags/example_complex.py
[2024-12-03T15:57:20.133+0000] {logging_mixin.py:120} INFO - [2024-12-03T15:57:20.133+0000] {dag.py:2585} INFO - Sync 1 DAGs
[2024-12-03T15:57:20.174+0000] {logging_mixin.py:120} INFO - [2024-12-03T15:57:20.173+0000] {dag.py:3340} INFO - Setting next_dagrun for example_complex to None, run_after=None
[2024-12-03T15:57:20.224+0000] {processor.py:176} INFO - Processing /home/airflow/.local/lib/python3.7/site-packages/airflow/example_dags/example_complex.py took 0.234 seconds
[2024-12-03T15:57:50.544+0000] {processor.py:154} INFO - Started process (PID=633) to work on /home/airflow/.local/lib/python3.7/site-packages/airflow/example_dags/example_complex.py
[2024-12-03T15:57:50.546+0000] {processor.py:756} INFO - Processing file /home/airflow/.local/lib/python3.7/site-packages/airflow/example_dags/example_complex.py for tasks to queue
[2024-12-03T15:57:50.548+0000] {logging_mixin.py:120} INFO - [2024-12-03T15:57:50.547+0000] {dagbag.py:537} INFO - Filling up the DagBag from /home/airflow/.local/lib/python3.7/site-packages/airflow/example_dags/example_complex.py
[2024-12-03T15:57:50.564+0000] {logging_mixin.py:120} INFO - [2024-12-03T15:57:50.563+0000] {taskmixin.py:205} WARNING - Dependency <Task(BashOperator): create_entry_group>, delete_entry_group already registered for DAG: example_complex
[2024-12-03T15:57:50.564+0000] {logging_mixin.py:120} INFO - [2024-12-03T15:57:50.564+0000] {taskmixin.py:205} WARNING - Dependency <Task(BashOperator): delete_entry_group>, create_entry_group already registered for DAG: example_complex
[2024-12-03T15:57:50.565+0000] {logging_mixin.py:120} INFO - [2024-12-03T15:57:50.565+0000] {taskmixin.py:205} WARNING - Dependency <Task(BashOperator): create_entry_gcs>, delete_entry already registered for DAG: example_complex
[2024-12-03T15:57:50.566+0000] {logging_mixin.py:120} INFO - [2024-12-03T15:57:50.566+0000] {taskmixin.py:205} WARNING - Dependency <Task(BashOperator): delete_entry>, create_entry_gcs already registered for DAG: example_complex
[2024-12-03T15:57:50.567+0000] {logging_mixin.py:120} INFO - [2024-12-03T15:57:50.567+0000] {taskmixin.py:205} WARNING - Dependency <Task(BashOperator): create_tag>, delete_tag already registered for DAG: example_complex
[2024-12-03T15:57:50.570+0000] {logging_mixin.py:120} INFO - [2024-12-03T15:57:50.569+0000] {taskmixin.py:205} WARNING - Dependency <Task(BashOperator): delete_tag>, create_tag already registered for DAG: example_complex
[2024-12-03T15:57:50.582+0000] {processor.py:766} INFO - DAG(s) dict_keys(['example_complex']) retrieved from /home/airflow/.local/lib/python3.7/site-packages/airflow/example_dags/example_complex.py
[2024-12-03T15:57:50.654+0000] {logging_mixin.py:120} INFO - [2024-12-03T15:57:50.654+0000] {dag.py:2585} INFO - Sync 1 DAGs
[2024-12-03T15:57:50.696+0000] {logging_mixin.py:120} INFO - [2024-12-03T15:57:50.695+0000] {dag.py:3340} INFO - Setting next_dagrun for example_complex to None, run_after=None
[2024-12-03T15:57:50.733+0000] {processor.py:176} INFO - Processing /home/airflow/.local/lib/python3.7/site-packages/airflow/example_dags/example_complex.py took 0.193 seconds
[2024-12-03T15:58:21.893+0000] {processor.py:154} INFO - Started process (PID=700) to work on /home/airflow/.local/lib/python3.7/site-packages/airflow/example_dags/example_complex.py
[2024-12-03T15:58:21.896+0000] {processor.py:756} INFO - Processing file /home/airflow/.local/lib/python3.7/site-packages/airflow/example_dags/example_complex.py for tasks to queue
[2024-12-03T15:58:21.899+0000] {logging_mixin.py:120} INFO - [2024-12-03T15:58:21.899+0000] {dagbag.py:537} INFO - Filling up the DagBag from /home/airflow/.local/lib/python3.7/site-packages/airflow/example_dags/example_complex.py
[2024-12-03T15:58:21.929+0000] {logging_mixin.py:120} INFO - [2024-12-03T15:58:21.929+0000] {taskmixin.py:205} WARNING - Dependency <Task(BashOperator): create_entry_group>, delete_entry_group already registered for DAG: example_complex
[2024-12-03T15:58:21.930+0000] {logging_mixin.py:120} INFO - [2024-12-03T15:58:21.930+0000] {taskmixin.py:205} WARNING - Dependency <Task(BashOperator): delete_entry_group>, create_entry_group already registered for DAG: example_complex
[2024-12-03T15:58:21.932+0000] {logging_mixin.py:120} INFO - [2024-12-03T15:58:21.931+0000] {taskmixin.py:205} WARNING - Dependency <Task(BashOperator): create_entry_gcs>, delete_entry already registered for DAG: example_complex
[2024-12-03T15:58:21.933+0000] {logging_mixin.py:120} INFO - [2024-12-03T15:58:21.933+0000] {taskmixin.py:205} WARNING - Dependency <Task(BashOperator): delete_entry>, create_entry_gcs already registered for DAG: example_complex
[2024-12-03T15:58:21.934+0000] {logging_mixin.py:120} INFO - [2024-12-03T15:58:21.934+0000] {taskmixin.py:205} WARNING - Dependency <Task(BashOperator): create_tag>, delete_tag already registered for DAG: example_complex
[2024-12-03T15:58:21.936+0000] {logging_mixin.py:120} INFO - [2024-12-03T15:58:21.935+0000] {taskmixin.py:205} WARNING - Dependency <Task(BashOperator): delete_tag>, create_tag already registered for DAG: example_complex
[2024-12-03T15:58:21.958+0000] {processor.py:766} INFO - DAG(s) dict_keys(['example_complex']) retrieved from /home/airflow/.local/lib/python3.7/site-packages/airflow/example_dags/example_complex.py
[2024-12-03T15:58:22.073+0000] {logging_mixin.py:120} INFO - [2024-12-03T15:58:22.072+0000] {dag.py:2585} INFO - Sync 1 DAGs
[2024-12-03T15:58:22.137+0000] {logging_mixin.py:120} INFO - [2024-12-03T15:58:22.137+0000] {dag.py:3340} INFO - Setting next_dagrun for example_complex to None, run_after=None
[2024-12-03T15:58:22.196+0000] {processor.py:176} INFO - Processing /home/airflow/.local/lib/python3.7/site-packages/airflow/example_dags/example_complex.py took 0.310 seconds
[2024-12-03T15:58:52.664+0000] {processor.py:154} INFO - Started process (PID=762) to work on /home/airflow/.local/lib/python3.7/site-packages/airflow/example_dags/example_complex.py
[2024-12-03T15:58:52.666+0000] {processor.py:756} INFO - Processing file /home/airflow/.local/lib/python3.7/site-packages/airflow/example_dags/example_complex.py for tasks to queue
[2024-12-03T15:58:52.668+0000] {logging_mixin.py:120} INFO - [2024-12-03T15:58:52.668+0000] {dagbag.py:537} INFO - Filling up the DagBag from /home/airflow/.local/lib/python3.7/site-packages/airflow/example_dags/example_complex.py
[2024-12-03T15:58:52.682+0000] {logging_mixin.py:120} INFO - [2024-12-03T15:58:52.682+0000] {taskmixin.py:205} WARNING - Dependency <Task(BashOperator): create_entry_group>, delete_entry_group already registered for DAG: example_complex
[2024-12-03T15:58:52.683+0000] {logging_mixin.py:120} INFO - [2024-12-03T15:58:52.683+0000] {taskmixin.py:205} WARNING - Dependency <Task(BashOperator): delete_entry_group>, create_entry_group already registered for DAG: example_complex
[2024-12-03T15:58:52.684+0000] {logging_mixin.py:120} INFO - [2024-12-03T15:58:52.684+0000] {taskmixin.py:205} WARNING - Dependency <Task(BashOperator): create_entry_gcs>, delete_entry already registered for DAG: example_complex
[2024-12-03T15:58:52.685+0000] {logging_mixin.py:120} INFO - [2024-12-03T15:58:52.685+0000] {taskmixin.py:205} WARNING - Dependency <Task(BashOperator): delete_entry>, create_entry_gcs already registered for DAG: example_complex
[2024-12-03T15:58:52.686+0000] {logging_mixin.py:120} INFO - [2024-12-03T15:58:52.686+0000] {taskmixin.py:205} WARNING - Dependency <Task(BashOperator): create_tag>, delete_tag already registered for DAG: example_complex
[2024-12-03T15:58:52.687+0000] {logging_mixin.py:120} INFO - [2024-12-03T15:58:52.686+0000] {taskmixin.py:205} WARNING - Dependency <Task(BashOperator): delete_tag>, create_tag already registered for DAG: example_complex
[2024-12-03T15:58:52.695+0000] {processor.py:766} INFO - DAG(s) dict_keys(['example_complex']) retrieved from /home/airflow/.local/lib/python3.7/site-packages/airflow/example_dags/example_complex.py
[2024-12-03T15:58:52.768+0000] {logging_mixin.py:120} INFO - [2024-12-03T15:58:52.767+0000] {dag.py:2585} INFO - Sync 1 DAGs
[2024-12-03T15:58:52.802+0000] {logging_mixin.py:120} INFO - [2024-12-03T15:58:52.802+0000] {dag.py:3340} INFO - Setting next_dagrun for example_complex to None, run_after=None
[2024-12-03T15:58:52.835+0000] {processor.py:176} INFO - Processing /home/airflow/.local/lib/python3.7/site-packages/airflow/example_dags/example_complex.py took 0.174 seconds
[2024-12-03T15:59:23.093+0000] {processor.py:154} INFO - Started process (PID=817) to work on /home/airflow/.local/lib/python3.7/site-packages/airflow/example_dags/example_complex.py
[2024-12-03T15:59:23.095+0000] {processor.py:756} INFO - Processing file /home/airflow/.local/lib/python3.7/site-packages/airflow/example_dags/example_complex.py for tasks to queue
[2024-12-03T15:59:23.098+0000] {logging_mixin.py:120} INFO - [2024-12-03T15:59:23.098+0000] {dagbag.py:537} INFO - Filling up the DagBag from /home/airflow/.local/lib/python3.7/site-packages/airflow/example_dags/example_complex.py
[2024-12-03T15:59:23.120+0000] {logging_mixin.py:120} INFO - [2024-12-03T15:59:23.119+0000] {taskmixin.py:205} WARNING - Dependency <Task(BashOperator): create_entry_group>, delete_entry_group already registered for DAG: example_complex
[2024-12-03T15:59:23.121+0000] {logging_mixin.py:120} INFO - [2024-12-03T15:59:23.120+0000] {taskmixin.py:205} WARNING - Dependency <Task(BashOperator): delete_entry_group>, create_entry_group already registered for DAG: example_complex
[2024-12-03T15:59:23.122+0000] {logging_mixin.py:120} INFO - [2024-12-03T15:59:23.121+0000] {taskmixin.py:205} WARNING - Dependency <Task(BashOperator): create_entry_gcs>, delete_entry already registered for DAG: example_complex
[2024-12-03T15:59:23.123+0000] {logging_mixin.py:120} INFO - [2024-12-03T15:59:23.123+0000] {taskmixin.py:205} WARNING - Dependency <Task(BashOperator): delete_entry>, create_entry_gcs already registered for DAG: example_complex
[2024-12-03T15:59:23.125+0000] {logging_mixin.py:120} INFO - [2024-12-03T15:59:23.124+0000] {taskmixin.py:205} WARNING - Dependency <Task(BashOperator): create_tag>, delete_tag already registered for DAG: example_complex
[2024-12-03T15:59:23.125+0000] {logging_mixin.py:120} INFO - [2024-12-03T15:59:23.125+0000] {taskmixin.py:205} WARNING - Dependency <Task(BashOperator): delete_tag>, create_tag already registered for DAG: example_complex
[2024-12-03T15:59:23.135+0000] {processor.py:766} INFO - DAG(s) dict_keys(['example_complex']) retrieved from /home/airflow/.local/lib/python3.7/site-packages/airflow/example_dags/example_complex.py
[2024-12-03T15:59:23.241+0000] {logging_mixin.py:120} INFO - [2024-12-03T15:59:23.240+0000] {dag.py:2585} INFO - Sync 1 DAGs
[2024-12-03T15:59:23.287+0000] {logging_mixin.py:120} INFO - [2024-12-03T15:59:23.287+0000] {dag.py:3340} INFO - Setting next_dagrun for example_complex to None, run_after=None
[2024-12-03T15:59:23.343+0000] {processor.py:176} INFO - Processing /home/airflow/.local/lib/python3.7/site-packages/airflow/example_dags/example_complex.py took 0.253 seconds
[2024-12-03T15:59:54.824+0000] {processor.py:154} INFO - Started process (PID=883) to work on /home/airflow/.local/lib/python3.7/site-packages/airflow/example_dags/example_complex.py
[2024-12-03T15:59:54.828+0000] {processor.py:756} INFO - Processing file /home/airflow/.local/lib/python3.7/site-packages/airflow/example_dags/example_complex.py for tasks to queue
[2024-12-03T15:59:54.834+0000] {logging_mixin.py:120} INFO - [2024-12-03T15:59:54.834+0000] {dagbag.py:537} INFO - Filling up the DagBag from /home/airflow/.local/lib/python3.7/site-packages/airflow/example_dags/example_complex.py
[2024-12-03T15:59:54.884+0000] {logging_mixin.py:120} INFO - [2024-12-03T15:59:54.883+0000] {taskmixin.py:205} WARNING - Dependency <Task(BashOperator): create_entry_group>, delete_entry_group already registered for DAG: example_complex
[2024-12-03T15:59:54.885+0000] {logging_mixin.py:120} INFO - [2024-12-03T15:59:54.885+0000] {taskmixin.py:205} WARNING - Dependency <Task(BashOperator): delete_entry_group>, create_entry_group already registered for DAG: example_complex
[2024-12-03T15:59:54.888+0000] {logging_mixin.py:120} INFO - [2024-12-03T15:59:54.887+0000] {taskmixin.py:205} WARNING - Dependency <Task(BashOperator): create_entry_gcs>, delete_entry already registered for DAG: example_complex
[2024-12-03T15:59:54.891+0000] {logging_mixin.py:120} INFO - [2024-12-03T15:59:54.890+0000] {taskmixin.py:205} WARNING - Dependency <Task(BashOperator): delete_entry>, create_entry_gcs already registered for DAG: example_complex
[2024-12-03T15:59:54.896+0000] {logging_mixin.py:120} INFO - [2024-12-03T15:59:54.895+0000] {taskmixin.py:205} WARNING - Dependency <Task(BashOperator): create_tag>, delete_tag already registered for DAG: example_complex
[2024-12-03T15:59:54.898+0000] {logging_mixin.py:120} INFO - [2024-12-03T15:59:54.897+0000] {taskmixin.py:205} WARNING - Dependency <Task(BashOperator): delete_tag>, create_tag already registered for DAG: example_complex
[2024-12-03T15:59:54.923+0000] {processor.py:766} INFO - DAG(s) dict_keys(['example_complex']) retrieved from /home/airflow/.local/lib/python3.7/site-packages/airflow/example_dags/example_complex.py
[2024-12-03T15:59:55.055+0000] {logging_mixin.py:120} INFO - [2024-12-03T15:59:55.055+0000] {dag.py:2585} INFO - Sync 1 DAGs
[2024-12-03T15:59:55.115+0000] {logging_mixin.py:120} INFO - [2024-12-03T15:59:55.114+0000] {dag.py:3340} INFO - Setting next_dagrun for example_complex to None, run_after=None
[2024-12-03T15:59:55.167+0000] {processor.py:176} INFO - Processing /home/airflow/.local/lib/python3.7/site-packages/airflow/example_dags/example_complex.py took 0.352 seconds
[2024-12-03T16:00:25.476+0000] {processor.py:154} INFO - Started process (PID=938) to work on /home/airflow/.local/lib/python3.7/site-packages/airflow/example_dags/example_complex.py
[2024-12-03T16:00:25.479+0000] {processor.py:756} INFO - Processing file /home/airflow/.local/lib/python3.7/site-packages/airflow/example_dags/example_complex.py for tasks to queue
[2024-12-03T16:00:25.484+0000] {logging_mixin.py:120} INFO - [2024-12-03T16:00:25.483+0000] {dagbag.py:537} INFO - Filling up the DagBag from /home/airflow/.local/lib/python3.7/site-packages/airflow/example_dags/example_complex.py
[2024-12-03T16:00:25.500+0000] {logging_mixin.py:120} INFO - [2024-12-03T16:00:25.500+0000] {taskmixin.py:205} WARNING - Dependency <Task(BashOperator): create_entry_group>, delete_entry_group already registered for DAG: example_complex
[2024-12-03T16:00:25.501+0000] {logging_mixin.py:120} INFO - [2024-12-03T16:00:25.501+0000] {taskmixin.py:205} WARNING - Dependency <Task(BashOperator): delete_entry_group>, create_entry_group already registered for DAG: example_complex
[2024-12-03T16:00:25.502+0000] {logging_mixin.py:120} INFO - [2024-12-03T16:00:25.502+0000] {taskmixin.py:205} WARNING - Dependency <Task(BashOperator): create_entry_gcs>, delete_entry already registered for DAG: example_complex
[2024-12-03T16:00:25.503+0000] {logging_mixin.py:120} INFO - [2024-12-03T16:00:25.503+0000] {taskmixin.py:205} WARNING - Dependency <Task(BashOperator): delete_entry>, create_entry_gcs already registered for DAG: example_complex
[2024-12-03T16:00:25.504+0000] {logging_mixin.py:120} INFO - [2024-12-03T16:00:25.504+0000] {taskmixin.py:205} WARNING - Dependency <Task(BashOperator): create_tag>, delete_tag already registered for DAG: example_complex
[2024-12-03T16:00:25.504+0000] {logging_mixin.py:120} INFO - [2024-12-03T16:00:25.504+0000] {taskmixin.py:205} WARNING - Dependency <Task(BashOperator): delete_tag>, create_tag already registered for DAG: example_complex
[2024-12-03T16:00:25.519+0000] {processor.py:766} INFO - DAG(s) dict_keys(['example_complex']) retrieved from /home/airflow/.local/lib/python3.7/site-packages/airflow/example_dags/example_complex.py
[2024-12-03T16:00:25.586+0000] {logging_mixin.py:120} INFO - [2024-12-03T16:00:25.586+0000] {dag.py:2585} INFO - Sync 1 DAGs
[2024-12-03T16:00:25.631+0000] {logging_mixin.py:120} INFO - [2024-12-03T16:00:25.631+0000] {dag.py:3340} INFO - Setting next_dagrun for example_complex to None, run_after=None
[2024-12-03T16:00:25.662+0000] {processor.py:176} INFO - Processing /home/airflow/.local/lib/python3.7/site-packages/airflow/example_dags/example_complex.py took 0.192 seconds
[2024-12-03T16:00:55.827+0000] {processor.py:154} INFO - Started process (PID=993) to work on /home/airflow/.local/lib/python3.7/site-packages/airflow/example_dags/example_complex.py
[2024-12-03T16:00:55.830+0000] {processor.py:756} INFO - Processing file /home/airflow/.local/lib/python3.7/site-packages/airflow/example_dags/example_complex.py for tasks to queue
[2024-12-03T16:00:55.831+0000] {logging_mixin.py:120} INFO - [2024-12-03T16:00:55.831+0000] {dagbag.py:537} INFO - Filling up the DagBag from /home/airflow/.local/lib/python3.7/site-packages/airflow/example_dags/example_complex.py
[2024-12-03T16:00:55.853+0000] {logging_mixin.py:120} INFO - [2024-12-03T16:00:55.852+0000] {taskmixin.py:205} WARNING - Dependency <Task(BashOperator): create_entry_group>, delete_entry_group already registered for DAG: example_complex
[2024-12-03T16:00:55.855+0000] {logging_mixin.py:120} INFO - [2024-12-03T16:00:55.854+0000] {taskmixin.py:205} WARNING - Dependency <Task(BashOperator): delete_entry_group>, create_entry_group already registered for DAG: example_complex
[2024-12-03T16:00:55.856+0000] {logging_mixin.py:120} INFO - [2024-12-03T16:00:55.856+0000] {taskmixin.py:205} WARNING - Dependency <Task(BashOperator): create_entry_gcs>, delete_entry already registered for DAG: example_complex
[2024-12-03T16:00:55.857+0000] {logging_mixin.py:120} INFO - [2024-12-03T16:00:55.857+0000] {taskmixin.py:205} WARNING - Dependency <Task(BashOperator): delete_entry>, create_entry_gcs already registered for DAG: example_complex
[2024-12-03T16:00:55.858+0000] {logging_mixin.py:120} INFO - [2024-12-03T16:00:55.858+0000] {taskmixin.py:205} WARNING - Dependency <Task(BashOperator): create_tag>, delete_tag already registered for DAG: example_complex
[2024-12-03T16:00:55.859+0000] {logging_mixin.py:120} INFO - [2024-12-03T16:00:55.859+0000] {taskmixin.py:205} WARNING - Dependency <Task(BashOperator): delete_tag>, create_tag already registered for DAG: example_complex
[2024-12-03T16:00:55.869+0000] {processor.py:766} INFO - DAG(s) dict_keys(['example_complex']) retrieved from /home/airflow/.local/lib/python3.7/site-packages/airflow/example_dags/example_complex.py
[2024-12-03T16:00:55.968+0000] {logging_mixin.py:120} INFO - [2024-12-03T16:00:55.968+0000] {dag.py:2585} INFO - Sync 1 DAGs
[2024-12-03T16:00:56.023+0000] {logging_mixin.py:120} INFO - [2024-12-03T16:00:56.022+0000] {dag.py:3340} INFO - Setting next_dagrun for example_complex to None, run_after=None
[2024-12-03T16:00:56.067+0000] {processor.py:176} INFO - Processing /home/airflow/.local/lib/python3.7/site-packages/airflow/example_dags/example_complex.py took 0.246 seconds
[2024-12-03T16:01:26.987+0000] {processor.py:154} INFO - Started process (PID=1057) to work on /home/airflow/.local/lib/python3.7/site-packages/airflow/example_dags/example_complex.py
[2024-12-03T16:01:26.989+0000] {processor.py:756} INFO - Processing file /home/airflow/.local/lib/python3.7/site-packages/airflow/example_dags/example_complex.py for tasks to queue
[2024-12-03T16:01:26.991+0000] {logging_mixin.py:120} INFO - [2024-12-03T16:01:26.991+0000] {dagbag.py:537} INFO - Filling up the DagBag from /home/airflow/.local/lib/python3.7/site-packages/airflow/example_dags/example_complex.py
[2024-12-03T16:01:27.006+0000] {logging_mixin.py:120} INFO - [2024-12-03T16:01:27.006+0000] {taskmixin.py:205} WARNING - Dependency <Task(BashOperator): create_entry_group>, delete_entry_group already registered for DAG: example_complex
[2024-12-03T16:01:27.007+0000] {logging_mixin.py:120} INFO - [2024-12-03T16:01:27.007+0000] {taskmixin.py:205} WARNING - Dependency <Task(BashOperator): delete_entry_group>, create_entry_group already registered for DAG: example_complex
[2024-12-03T16:01:27.008+0000] {logging_mixin.py:120} INFO - [2024-12-03T16:01:27.008+0000] {taskmixin.py:205} WARNING - Dependency <Task(BashOperator): create_entry_gcs>, delete_entry already registered for DAG: example_complex
[2024-12-03T16:01:27.009+0000] {logging_mixin.py:120} INFO - [2024-12-03T16:01:27.009+0000] {taskmixin.py:205} WARNING - Dependency <Task(BashOperator): delete_entry>, create_entry_gcs already registered for DAG: example_complex
[2024-12-03T16:01:27.010+0000] {logging_mixin.py:120} INFO - [2024-12-03T16:01:27.010+0000] {taskmixin.py:205} WARNING - Dependency <Task(BashOperator): create_tag>, delete_tag already registered for DAG: example_complex
[2024-12-03T16:01:27.011+0000] {logging_mixin.py:120} INFO - [2024-12-03T16:01:27.011+0000] {taskmixin.py:205} WARNING - Dependency <Task(BashOperator): delete_tag>, create_tag already registered for DAG: example_complex
[2024-12-03T16:01:27.024+0000] {processor.py:766} INFO - DAG(s) dict_keys(['example_complex']) retrieved from /home/airflow/.local/lib/python3.7/site-packages/airflow/example_dags/example_complex.py
[2024-12-03T16:01:27.082+0000] {logging_mixin.py:120} INFO - [2024-12-03T16:01:27.082+0000] {dag.py:2585} INFO - Sync 1 DAGs
[2024-12-03T16:01:27.119+0000] {logging_mixin.py:120} INFO - [2024-12-03T16:01:27.119+0000] {dag.py:3340} INFO - Setting next_dagrun for example_complex to None, run_after=None
[2024-12-03T16:01:27.154+0000] {processor.py:176} INFO - Processing /home/airflow/.local/lib/python3.7/site-packages/airflow/example_dags/example_complex.py took 0.173 seconds
[2024-12-03T16:01:58.092+0000] {processor.py:154} INFO - Started process (PID=1112) to work on /home/airflow/.local/lib/python3.7/site-packages/airflow/example_dags/example_complex.py
[2024-12-03T16:01:58.094+0000] {processor.py:756} INFO - Processing file /home/airflow/.local/lib/python3.7/site-packages/airflow/example_dags/example_complex.py for tasks to queue
[2024-12-03T16:01:58.096+0000] {logging_mixin.py:120} INFO - [2024-12-03T16:01:58.096+0000] {dagbag.py:537} INFO - Filling up the DagBag from /home/airflow/.local/lib/python3.7/site-packages/airflow/example_dags/example_complex.py
[2024-12-03T16:01:58.115+0000] {logging_mixin.py:120} INFO - [2024-12-03T16:01:58.115+0000] {taskmixin.py:205} WARNING - Dependency <Task(BashOperator): create_entry_group>, delete_entry_group already registered for DAG: example_complex
[2024-12-03T16:01:58.117+0000] {logging_mixin.py:120} INFO - [2024-12-03T16:01:58.116+0000] {taskmixin.py:205} WARNING - Dependency <Task(BashOperator): delete_entry_group>, create_entry_group already registered for DAG: example_complex
[2024-12-03T16:01:58.118+0000] {logging_mixin.py:120} INFO - [2024-12-03T16:01:58.118+0000] {taskmixin.py:205} WARNING - Dependency <Task(BashOperator): create_entry_gcs>, delete_entry already registered for DAG: example_complex
[2024-12-03T16:01:58.119+0000] {logging_mixin.py:120} INFO - [2024-12-03T16:01:58.119+0000] {taskmixin.py:205} WARNING - Dependency <Task(BashOperator): delete_entry>, create_entry_gcs already registered for DAG: example_complex
[2024-12-03T16:01:58.120+0000] {logging_mixin.py:120} INFO - [2024-12-03T16:01:58.120+0000] {taskmixin.py:205} WARNING - Dependency <Task(BashOperator): create_tag>, delete_tag already registered for DAG: example_complex
[2024-12-03T16:01:58.121+0000] {logging_mixin.py:120} INFO - [2024-12-03T16:01:58.121+0000] {taskmixin.py:205} WARNING - Dependency <Task(BashOperator): delete_tag>, create_tag already registered for DAG: example_complex
[2024-12-03T16:01:58.134+0000] {processor.py:766} INFO - DAG(s) dict_keys(['example_complex']) retrieved from /home/airflow/.local/lib/python3.7/site-packages/airflow/example_dags/example_complex.py
[2024-12-03T16:01:58.220+0000] {logging_mixin.py:120} INFO - [2024-12-03T16:01:58.219+0000] {dag.py:2585} INFO - Sync 1 DAGs
[2024-12-03T16:01:58.275+0000] {logging_mixin.py:120} INFO - [2024-12-03T16:01:58.274+0000] {dag.py:3340} INFO - Setting next_dagrun for example_complex to None, run_after=None
[2024-12-03T16:01:58.325+0000] {processor.py:176} INFO - Processing /home/airflow/.local/lib/python3.7/site-packages/airflow/example_dags/example_complex.py took 0.237 seconds
[2024-12-03T16:02:29.025+0000] {processor.py:154} INFO - Started process (PID=1177) to work on /home/airflow/.local/lib/python3.7/site-packages/airflow/example_dags/example_complex.py
[2024-12-03T16:02:29.027+0000] {processor.py:756} INFO - Processing file /home/airflow/.local/lib/python3.7/site-packages/airflow/example_dags/example_complex.py for tasks to queue
[2024-12-03T16:02:29.028+0000] {logging_mixin.py:120} INFO - [2024-12-03T16:02:29.028+0000] {dagbag.py:537} INFO - Filling up the DagBag from /home/airflow/.local/lib/python3.7/site-packages/airflow/example_dags/example_complex.py
[2024-12-03T16:02:29.044+0000] {logging_mixin.py:120} INFO - [2024-12-03T16:02:29.044+0000] {taskmixin.py:205} WARNING - Dependency <Task(BashOperator): create_entry_group>, delete_entry_group already registered for DAG: example_complex
[2024-12-03T16:02:29.045+0000] {logging_mixin.py:120} INFO - [2024-12-03T16:02:29.045+0000] {taskmixin.py:205} WARNING - Dependency <Task(BashOperator): delete_entry_group>, create_entry_group already registered for DAG: example_complex
[2024-12-03T16:02:29.046+0000] {logging_mixin.py:120} INFO - [2024-12-03T16:02:29.046+0000] {taskmixin.py:205} WARNING - Dependency <Task(BashOperator): create_entry_gcs>, delete_entry already registered for DAG: example_complex
[2024-12-03T16:02:29.047+0000] {logging_mixin.py:120} INFO - [2024-12-03T16:02:29.047+0000] {taskmixin.py:205} WARNING - Dependency <Task(BashOperator): delete_entry>, create_entry_gcs already registered for DAG: example_complex
[2024-12-03T16:02:29.050+0000] {logging_mixin.py:120} INFO - [2024-12-03T16:02:29.049+0000] {taskmixin.py:205} WARNING - Dependency <Task(BashOperator): create_tag>, delete_tag already registered for DAG: example_complex
[2024-12-03T16:02:29.051+0000] {logging_mixin.py:120} INFO - [2024-12-03T16:02:29.051+0000] {taskmixin.py:205} WARNING - Dependency <Task(BashOperator): delete_tag>, create_tag already registered for DAG: example_complex
[2024-12-03T16:02:29.068+0000] {processor.py:766} INFO - DAG(s) dict_keys(['example_complex']) retrieved from /home/airflow/.local/lib/python3.7/site-packages/airflow/example_dags/example_complex.py
[2024-12-03T16:02:29.160+0000] {logging_mixin.py:120} INFO - [2024-12-03T16:02:29.160+0000] {dag.py:2585} INFO - Sync 1 DAGs
[2024-12-03T16:02:29.242+0000] {logging_mixin.py:120} INFO - [2024-12-03T16:02:29.241+0000] {dag.py:3340} INFO - Setting next_dagrun for example_complex to None, run_after=None
[2024-12-03T16:02:29.296+0000] {processor.py:176} INFO - Processing /home/airflow/.local/lib/python3.7/site-packages/airflow/example_dags/example_complex.py took 0.277 seconds
[2024-12-03T16:03:00.227+0000] {processor.py:154} INFO - Started process (PID=1232) to work on /home/airflow/.local/lib/python3.7/site-packages/airflow/example_dags/example_complex.py
[2024-12-03T16:03:00.229+0000] {processor.py:756} INFO - Processing file /home/airflow/.local/lib/python3.7/site-packages/airflow/example_dags/example_complex.py for tasks to queue
[2024-12-03T16:03:00.231+0000] {logging_mixin.py:120} INFO - [2024-12-03T16:03:00.231+0000] {dagbag.py:537} INFO - Filling up the DagBag from /home/airflow/.local/lib/python3.7/site-packages/airflow/example_dags/example_complex.py
[2024-12-03T16:03:00.252+0000] {logging_mixin.py:120} INFO - [2024-12-03T16:03:00.252+0000] {taskmixin.py:205} WARNING - Dependency <Task(BashOperator): create_entry_group>, delete_entry_group already registered for DAG: example_complex
[2024-12-03T16:03:00.253+0000] {logging_mixin.py:120} INFO - [2024-12-03T16:03:00.253+0000] {taskmixin.py:205} WARNING - Dependency <Task(BashOperator): delete_entry_group>, create_entry_group already registered for DAG: example_complex
[2024-12-03T16:03:00.255+0000] {logging_mixin.py:120} INFO - [2024-12-03T16:03:00.254+0000] {taskmixin.py:205} WARNING - Dependency <Task(BashOperator): create_entry_gcs>, delete_entry already registered for DAG: example_complex
[2024-12-03T16:03:00.256+0000] {logging_mixin.py:120} INFO - [2024-12-03T16:03:00.256+0000] {taskmixin.py:205} WARNING - Dependency <Task(BashOperator): delete_entry>, create_entry_gcs already registered for DAG: example_complex
[2024-12-03T16:03:00.258+0000] {logging_mixin.py:120} INFO - [2024-12-03T16:03:00.258+0000] {taskmixin.py:205} WARNING - Dependency <Task(BashOperator): create_tag>, delete_tag already registered for DAG: example_complex
[2024-12-03T16:03:00.260+0000] {logging_mixin.py:120} INFO - [2024-12-03T16:03:00.260+0000] {taskmixin.py:205} WARNING - Dependency <Task(BashOperator): delete_tag>, create_tag already registered for DAG: example_complex
[2024-12-03T16:03:00.277+0000] {processor.py:766} INFO - DAG(s) dict_keys(['example_complex']) retrieved from /home/airflow/.local/lib/python3.7/site-packages/airflow/example_dags/example_complex.py
[2024-12-03T16:03:00.366+0000] {logging_mixin.py:120} INFO - [2024-12-03T16:03:00.365+0000] {dag.py:2585} INFO - Sync 1 DAGs
[2024-12-03T16:03:00.412+0000] {logging_mixin.py:120} INFO - [2024-12-03T16:03:00.412+0000] {dag.py:3340} INFO - Setting next_dagrun for example_complex to None, run_after=None
[2024-12-03T16:03:00.461+0000] {processor.py:176} INFO - Processing /home/airflow/.local/lib/python3.7/site-packages/airflow/example_dags/example_complex.py took 0.239 seconds
[2024-12-03T16:03:30.597+0000] {processor.py:154} INFO - Started process (PID=1308) to work on /home/airflow/.local/lib/python3.7/site-packages/airflow/example_dags/example_complex.py
[2024-12-03T16:03:30.599+0000] {processor.py:756} INFO - Processing file /home/airflow/.local/lib/python3.7/site-packages/airflow/example_dags/example_complex.py for tasks to queue
[2024-12-03T16:03:30.602+0000] {logging_mixin.py:120} INFO - [2024-12-03T16:03:30.601+0000] {dagbag.py:537} INFO - Filling up the DagBag from /home/airflow/.local/lib/python3.7/site-packages/airflow/example_dags/example_complex.py
[2024-12-03T16:03:30.624+0000] {logging_mixin.py:120} INFO - [2024-12-03T16:03:30.624+0000] {taskmixin.py:205} WARNING - Dependency <Task(BashOperator): create_entry_group>, delete_entry_group already registered for DAG: example_complex
[2024-12-03T16:03:30.625+0000] {logging_mixin.py:120} INFO - [2024-12-03T16:03:30.625+0000] {taskmixin.py:205} WARNING - Dependency <Task(BashOperator): delete_entry_group>, create_entry_group already registered for DAG: example_complex
[2024-12-03T16:03:30.626+0000] {logging_mixin.py:120} INFO - [2024-12-03T16:03:30.626+0000] {taskmixin.py:205} WARNING - Dependency <Task(BashOperator): create_entry_gcs>, delete_entry already registered for DAG: example_complex
[2024-12-03T16:03:30.627+0000] {logging_mixin.py:120} INFO - [2024-12-03T16:03:30.627+0000] {taskmixin.py:205} WARNING - Dependency <Task(BashOperator): delete_entry>, create_entry_gcs already registered for DAG: example_complex
[2024-12-03T16:03:30.628+0000] {logging_mixin.py:120} INFO - [2024-12-03T16:03:30.628+0000] {taskmixin.py:205} WARNING - Dependency <Task(BashOperator): create_tag>, delete_tag already registered for DAG: example_complex
[2024-12-03T16:03:30.629+0000] {logging_mixin.py:120} INFO - [2024-12-03T16:03:30.629+0000] {taskmixin.py:205} WARNING - Dependency <Task(BashOperator): delete_tag>, create_tag already registered for DAG: example_complex
[2024-12-03T16:03:30.638+0000] {processor.py:766} INFO - DAG(s) dict_keys(['example_complex']) retrieved from /home/airflow/.local/lib/python3.7/site-packages/airflow/example_dags/example_complex.py
[2024-12-03T16:03:30.714+0000] {logging_mixin.py:120} INFO - [2024-12-03T16:03:30.714+0000] {dag.py:2585} INFO - Sync 1 DAGs
[2024-12-03T16:03:30.750+0000] {logging_mixin.py:120} INFO - [2024-12-03T16:03:30.750+0000] {dag.py:3340} INFO - Setting next_dagrun for example_complex to None, run_after=None
[2024-12-03T16:03:30.787+0000] {processor.py:176} INFO - Processing /home/airflow/.local/lib/python3.7/site-packages/airflow/example_dags/example_complex.py took 0.193 seconds
[2024-12-03T16:04:01.201+0000] {processor.py:154} INFO - Started process (PID=1364) to work on /home/airflow/.local/lib/python3.7/site-packages/airflow/example_dags/example_complex.py
[2024-12-03T16:04:01.203+0000] {processor.py:756} INFO - Processing file /home/airflow/.local/lib/python3.7/site-packages/airflow/example_dags/example_complex.py for tasks to queue
[2024-12-03T16:04:01.205+0000] {logging_mixin.py:120} INFO - [2024-12-03T16:04:01.205+0000] {dagbag.py:537} INFO - Filling up the DagBag from /home/airflow/.local/lib/python3.7/site-packages/airflow/example_dags/example_complex.py
[2024-12-03T16:04:01.224+0000] {logging_mixin.py:120} INFO - [2024-12-03T16:04:01.224+0000] {taskmixin.py:205} WARNING - Dependency <Task(BashOperator): create_entry_group>, delete_entry_group already registered for DAG: example_complex
[2024-12-03T16:04:01.225+0000] {logging_mixin.py:120} INFO - [2024-12-03T16:04:01.225+0000] {taskmixin.py:205} WARNING - Dependency <Task(BashOperator): delete_entry_group>, create_entry_group already registered for DAG: example_complex
[2024-12-03T16:04:01.227+0000] {logging_mixin.py:120} INFO - [2024-12-03T16:04:01.226+0000] {taskmixin.py:205} WARNING - Dependency <Task(BashOperator): create_entry_gcs>, delete_entry already registered for DAG: example_complex
[2024-12-03T16:04:01.228+0000] {logging_mixin.py:120} INFO - [2024-12-03T16:04:01.227+0000] {taskmixin.py:205} WARNING - Dependency <Task(BashOperator): delete_entry>, create_entry_gcs already registered for DAG: example_complex
[2024-12-03T16:04:01.229+0000] {logging_mixin.py:120} INFO - [2024-12-03T16:04:01.229+0000] {taskmixin.py:205} WARNING - Dependency <Task(BashOperator): create_tag>, delete_tag already registered for DAG: example_complex
[2024-12-03T16:04:01.231+0000] {logging_mixin.py:120} INFO - [2024-12-03T16:04:01.230+0000] {taskmixin.py:205} WARNING - Dependency <Task(BashOperator): delete_tag>, create_tag already registered for DAG: example_complex
[2024-12-03T16:04:01.247+0000] {processor.py:766} INFO - DAG(s) dict_keys(['example_complex']) retrieved from /home/airflow/.local/lib/python3.7/site-packages/airflow/example_dags/example_complex.py
[2024-12-03T16:04:01.341+0000] {logging_mixin.py:120} INFO - [2024-12-03T16:04:01.341+0000] {dag.py:2585} INFO - Sync 1 DAGs
[2024-12-03T16:04:01.393+0000] {logging_mixin.py:120} INFO - [2024-12-03T16:04:01.393+0000] {dag.py:3340} INFO - Setting next_dagrun for example_complex to None, run_after=None
[2024-12-03T16:04:01.441+0000] {processor.py:176} INFO - Processing /home/airflow/.local/lib/python3.7/site-packages/airflow/example_dags/example_complex.py took 0.249 seconds
[2024-12-03T16:04:32.723+0000] {processor.py:154} INFO - Started process (PID=1420) to work on /home/airflow/.local/lib/python3.7/site-packages/airflow/example_dags/example_complex.py
[2024-12-03T16:04:32.725+0000] {processor.py:756} INFO - Processing file /home/airflow/.local/lib/python3.7/site-packages/airflow/example_dags/example_complex.py for tasks to queue
[2024-12-03T16:04:32.729+0000] {logging_mixin.py:120} INFO - [2024-12-03T16:04:32.729+0000] {dagbag.py:537} INFO - Filling up the DagBag from /home/airflow/.local/lib/python3.7/site-packages/airflow/example_dags/example_complex.py
[2024-12-03T16:04:32.757+0000] {logging_mixin.py:120} INFO - [2024-12-03T16:04:32.757+0000] {taskmixin.py:205} WARNING - Dependency <Task(BashOperator): create_entry_group>, delete_entry_group already registered for DAG: example_complex
[2024-12-03T16:04:32.759+0000] {logging_mixin.py:120} INFO - [2024-12-03T16:04:32.758+0000] {taskmixin.py:205} WARNING - Dependency <Task(BashOperator): delete_entry_group>, create_entry_group already registered for DAG: example_complex
[2024-12-03T16:04:32.760+0000] {logging_mixin.py:120} INFO - [2024-12-03T16:04:32.760+0000] {taskmixin.py:205} WARNING - Dependency <Task(BashOperator): create_entry_gcs>, delete_entry already registered for DAG: example_complex
[2024-12-03T16:04:32.761+0000] {logging_mixin.py:120} INFO - [2024-12-03T16:04:32.761+0000] {taskmixin.py:205} WARNING - Dependency <Task(BashOperator): delete_entry>, create_entry_gcs already registered for DAG: example_complex
[2024-12-03T16:04:32.763+0000] {logging_mixin.py:120} INFO - [2024-12-03T16:04:32.763+0000] {taskmixin.py:205} WARNING - Dependency <Task(BashOperator): create_tag>, delete_tag already registered for DAG: example_complex
[2024-12-03T16:04:32.764+0000] {logging_mixin.py:120} INFO - [2024-12-03T16:04:32.764+0000] {taskmixin.py:205} WARNING - Dependency <Task(BashOperator): delete_tag>, create_tag already registered for DAG: example_complex
[2024-12-03T16:04:32.787+0000] {processor.py:766} INFO - DAG(s) dict_keys(['example_complex']) retrieved from /home/airflow/.local/lib/python3.7/site-packages/airflow/example_dags/example_complex.py
[2024-12-03T16:04:32.913+0000] {logging_mixin.py:120} INFO - [2024-12-03T16:04:32.912+0000] {dag.py:2585} INFO - Sync 1 DAGs
[2024-12-03T16:04:33.002+0000] {logging_mixin.py:120} INFO - [2024-12-03T16:04:33.002+0000] {dag.py:3340} INFO - Setting next_dagrun for example_complex to None, run_after=None
[2024-12-03T16:04:33.074+0000] {processor.py:176} INFO - Processing /home/airflow/.local/lib/python3.7/site-packages/airflow/example_dags/example_complex.py took 0.357 seconds
[2024-12-03T16:05:03.901+0000] {processor.py:154} INFO - Started process (PID=1484) to work on /home/airflow/.local/lib/python3.7/site-packages/airflow/example_dags/example_complex.py
[2024-12-03T16:05:03.905+0000] {processor.py:756} INFO - Processing file /home/airflow/.local/lib/python3.7/site-packages/airflow/example_dags/example_complex.py for tasks to queue
[2024-12-03T16:05:03.908+0000] {logging_mixin.py:120} INFO - [2024-12-03T16:05:03.908+0000] {dagbag.py:537} INFO - Filling up the DagBag from /home/airflow/.local/lib/python3.7/site-packages/airflow/example_dags/example_complex.py
[2024-12-03T16:05:03.975+0000] {logging_mixin.py:120} INFO - [2024-12-03T16:05:03.975+0000] {taskmixin.py:205} WARNING - Dependency <Task(BashOperator): create_entry_group>, delete_entry_group already registered for DAG: example_complex
[2024-12-03T16:05:03.977+0000] {logging_mixin.py:120} INFO - [2024-12-03T16:05:03.977+0000] {taskmixin.py:205} WARNING - Dependency <Task(BashOperator): delete_entry_group>, create_entry_group already registered for DAG: example_complex
[2024-12-03T16:05:03.979+0000] {logging_mixin.py:120} INFO - [2024-12-03T16:05:03.979+0000] {taskmixin.py:205} WARNING - Dependency <Task(BashOperator): create_entry_gcs>, delete_entry already registered for DAG: example_complex
[2024-12-03T16:05:03.982+0000] {logging_mixin.py:120} INFO - [2024-12-03T16:05:03.982+0000] {taskmixin.py:205} WARNING - Dependency <Task(BashOperator): delete_entry>, create_entry_gcs already registered for DAG: example_complex
[2024-12-03T16:05:03.985+0000] {logging_mixin.py:120} INFO - [2024-12-03T16:05:03.985+0000] {taskmixin.py:205} WARNING - Dependency <Task(BashOperator): create_tag>, delete_tag already registered for DAG: example_complex
[2024-12-03T16:05:03.987+0000] {logging_mixin.py:120} INFO - [2024-12-03T16:05:03.987+0000] {taskmixin.py:205} WARNING - Dependency <Task(BashOperator): delete_tag>, create_tag already registered for DAG: example_complex
[2024-12-03T16:05:04.026+0000] {processor.py:766} INFO - DAG(s) dict_keys(['example_complex']) retrieved from /home/airflow/.local/lib/python3.7/site-packages/airflow/example_dags/example_complex.py
[2024-12-03T16:05:04.180+0000] {logging_mixin.py:120} INFO - [2024-12-03T16:05:04.180+0000] {dag.py:2585} INFO - Sync 1 DAGs
[2024-12-03T16:05:04.267+0000] {logging_mixin.py:120} INFO - [2024-12-03T16:05:04.266+0000] {dag.py:3340} INFO - Setting next_dagrun for example_complex to None, run_after=None
[2024-12-03T16:05:04.333+0000] {processor.py:176} INFO - Processing /home/airflow/.local/lib/python3.7/site-packages/airflow/example_dags/example_complex.py took 0.444 seconds
[2024-12-03T16:05:35.152+0000] {processor.py:154} INFO - Started process (PID=1539) to work on /home/airflow/.local/lib/python3.7/site-packages/airflow/example_dags/example_complex.py
[2024-12-03T16:05:35.155+0000] {processor.py:756} INFO - Processing file /home/airflow/.local/lib/python3.7/site-packages/airflow/example_dags/example_complex.py for tasks to queue
[2024-12-03T16:05:35.158+0000] {logging_mixin.py:120} INFO - [2024-12-03T16:05:35.157+0000] {dagbag.py:537} INFO - Filling up the DagBag from /home/airflow/.local/lib/python3.7/site-packages/airflow/example_dags/example_complex.py
[2024-12-03T16:05:35.198+0000] {logging_mixin.py:120} INFO - [2024-12-03T16:05:35.198+0000] {taskmixin.py:205} WARNING - Dependency <Task(BashOperator): create_entry_group>, delete_entry_group already registered for DAG: example_complex
[2024-12-03T16:05:35.200+0000] {logging_mixin.py:120} INFO - [2024-12-03T16:05:35.200+0000] {taskmixin.py:205} WARNING - Dependency <Task(BashOperator): delete_entry_group>, create_entry_group already registered for DAG: example_complex
[2024-12-03T16:05:35.202+0000] {logging_mixin.py:120} INFO - [2024-12-03T16:05:35.202+0000] {taskmixin.py:205} WARNING - Dependency <Task(BashOperator): create_entry_gcs>, delete_entry already registered for DAG: example_complex
[2024-12-03T16:05:35.204+0000] {logging_mixin.py:120} INFO - [2024-12-03T16:05:35.203+0000] {taskmixin.py:205} WARNING - Dependency <Task(BashOperator): delete_entry>, create_entry_gcs already registered for DAG: example_complex
[2024-12-03T16:05:35.207+0000] {logging_mixin.py:120} INFO - [2024-12-03T16:05:35.206+0000] {taskmixin.py:205} WARNING - Dependency <Task(BashOperator): create_tag>, delete_tag already registered for DAG: example_complex
[2024-12-03T16:05:35.208+0000] {logging_mixin.py:120} INFO - [2024-12-03T16:05:35.208+0000] {taskmixin.py:205} WARNING - Dependency <Task(BashOperator): delete_tag>, create_tag already registered for DAG: example_complex
[2024-12-03T16:05:35.230+0000] {processor.py:766} INFO - DAG(s) dict_keys(['example_complex']) retrieved from /home/airflow/.local/lib/python3.7/site-packages/airflow/example_dags/example_complex.py
[2024-12-03T16:05:35.367+0000] {logging_mixin.py:120} INFO - [2024-12-03T16:05:35.366+0000] {dag.py:2585} INFO - Sync 1 DAGs
[2024-12-03T16:05:35.472+0000] {logging_mixin.py:120} INFO - [2024-12-03T16:05:35.472+0000] {dag.py:3340} INFO - Setting next_dagrun for example_complex to None, run_after=None
[2024-12-03T16:05:35.533+0000] {processor.py:176} INFO - Processing /home/airflow/.local/lib/python3.7/site-packages/airflow/example_dags/example_complex.py took 0.392 seconds
[2024-12-03T16:06:06.726+0000] {processor.py:154} INFO - Started process (PID=1594) to work on /home/airflow/.local/lib/python3.7/site-packages/airflow/example_dags/example_complex.py
[2024-12-03T16:06:06.729+0000] {processor.py:756} INFO - Processing file /home/airflow/.local/lib/python3.7/site-packages/airflow/example_dags/example_complex.py for tasks to queue
[2024-12-03T16:06:06.732+0000] {logging_mixin.py:120} INFO - [2024-12-03T16:06:06.731+0000] {dagbag.py:537} INFO - Filling up the DagBag from /home/airflow/.local/lib/python3.7/site-packages/airflow/example_dags/example_complex.py
[2024-12-03T16:06:06.761+0000] {logging_mixin.py:120} INFO - [2024-12-03T16:06:06.761+0000] {taskmixin.py:205} WARNING - Dependency <Task(BashOperator): create_entry_group>, delete_entry_group already registered for DAG: example_complex
[2024-12-03T16:06:06.763+0000] {logging_mixin.py:120} INFO - [2024-12-03T16:06:06.763+0000] {taskmixin.py:205} WARNING - Dependency <Task(BashOperator): delete_entry_group>, create_entry_group already registered for DAG: example_complex
[2024-12-03T16:06:06.765+0000] {logging_mixin.py:120} INFO - [2024-12-03T16:06:06.765+0000] {taskmixin.py:205} WARNING - Dependency <Task(BashOperator): create_entry_gcs>, delete_entry already registered for DAG: example_complex
[2024-12-03T16:06:06.767+0000] {logging_mixin.py:120} INFO - [2024-12-03T16:06:06.766+0000] {taskmixin.py:205} WARNING - Dependency <Task(BashOperator): delete_entry>, create_entry_gcs already registered for DAG: example_complex
[2024-12-03T16:06:06.768+0000] {logging_mixin.py:120} INFO - [2024-12-03T16:06:06.768+0000] {taskmixin.py:205} WARNING - Dependency <Task(BashOperator): create_tag>, delete_tag already registered for DAG: example_complex
[2024-12-03T16:06:06.770+0000] {logging_mixin.py:120} INFO - [2024-12-03T16:06:06.770+0000] {taskmixin.py:205} WARNING - Dependency <Task(BashOperator): delete_tag>, create_tag already registered for DAG: example_complex
[2024-12-03T16:06:06.792+0000] {processor.py:766} INFO - DAG(s) dict_keys(['example_complex']) retrieved from /home/airflow/.local/lib/python3.7/site-packages/airflow/example_dags/example_complex.py
[2024-12-03T16:06:06.922+0000] {logging_mixin.py:120} INFO - [2024-12-03T16:06:06.922+0000] {dag.py:2585} INFO - Sync 1 DAGs
[2024-12-03T16:06:06.984+0000] {logging_mixin.py:120} INFO - [2024-12-03T16:06:06.983+0000] {dag.py:3340} INFO - Setting next_dagrun for example_complex to None, run_after=None
[2024-12-03T16:06:07.043+0000] {processor.py:176} INFO - Processing /home/airflow/.local/lib/python3.7/site-packages/airflow/example_dags/example_complex.py took 0.324 seconds
[2024-12-03T16:06:37.718+0000] {processor.py:154} INFO - Started process (PID=1650) to work on /home/airflow/.local/lib/python3.7/site-packages/airflow/example_dags/example_complex.py
[2024-12-03T16:06:37.720+0000] {processor.py:756} INFO - Processing file /home/airflow/.local/lib/python3.7/site-packages/airflow/example_dags/example_complex.py for tasks to queue
[2024-12-03T16:06:37.723+0000] {logging_mixin.py:120} INFO - [2024-12-03T16:06:37.722+0000] {dagbag.py:537} INFO - Filling up the DagBag from /home/airflow/.local/lib/python3.7/site-packages/airflow/example_dags/example_complex.py
[2024-12-03T16:06:37.749+0000] {logging_mixin.py:120} INFO - [2024-12-03T16:06:37.748+0000] {taskmixin.py:205} WARNING - Dependency <Task(BashOperator): create_entry_group>, delete_entry_group already registered for DAG: example_complex
[2024-12-03T16:06:37.751+0000] {logging_mixin.py:120} INFO - [2024-12-03T16:06:37.750+0000] {taskmixin.py:205} WARNING - Dependency <Task(BashOperator): delete_entry_group>, create_entry_group already registered for DAG: example_complex
[2024-12-03T16:06:37.752+0000] {logging_mixin.py:120} INFO - [2024-12-03T16:06:37.752+0000] {taskmixin.py:205} WARNING - Dependency <Task(BashOperator): create_entry_gcs>, delete_entry already registered for DAG: example_complex
[2024-12-03T16:06:37.754+0000] {logging_mixin.py:120} INFO - [2024-12-03T16:06:37.753+0000] {taskmixin.py:205} WARNING - Dependency <Task(BashOperator): delete_entry>, create_entry_gcs already registered for DAG: example_complex
[2024-12-03T16:06:37.756+0000] {logging_mixin.py:120} INFO - [2024-12-03T16:06:37.756+0000] {taskmixin.py:205} WARNING - Dependency <Task(BashOperator): create_tag>, delete_tag already registered for DAG: example_complex
[2024-12-03T16:06:37.758+0000] {logging_mixin.py:120} INFO - [2024-12-03T16:06:37.758+0000] {taskmixin.py:205} WARNING - Dependency <Task(BashOperator): delete_tag>, create_tag already registered for DAG: example_complex
[2024-12-03T16:06:37.779+0000] {processor.py:766} INFO - DAG(s) dict_keys(['example_complex']) retrieved from /home/airflow/.local/lib/python3.7/site-packages/airflow/example_dags/example_complex.py
[2024-12-03T16:06:37.892+0000] {logging_mixin.py:120} INFO - [2024-12-03T16:06:37.891+0000] {dag.py:2585} INFO - Sync 1 DAGs
[2024-12-03T16:06:38.005+0000] {logging_mixin.py:120} INFO - [2024-12-03T16:06:38.005+0000] {dag.py:3340} INFO - Setting next_dagrun for example_complex to None, run_after=None
[2024-12-03T16:06:38.098+0000] {processor.py:176} INFO - Processing /home/airflow/.local/lib/python3.7/site-packages/airflow/example_dags/example_complex.py took 0.388 seconds
[2024-12-03T16:07:09.462+0000] {processor.py:154} INFO - Started process (PID=1705) to work on /home/airflow/.local/lib/python3.7/site-packages/airflow/example_dags/example_complex.py
[2024-12-03T16:07:09.465+0000] {processor.py:756} INFO - Processing file /home/airflow/.local/lib/python3.7/site-packages/airflow/example_dags/example_complex.py for tasks to queue
[2024-12-03T16:07:09.467+0000] {logging_mixin.py:120} INFO - [2024-12-03T16:07:09.467+0000] {dagbag.py:537} INFO - Filling up the DagBag from /home/airflow/.local/lib/python3.7/site-packages/airflow/example_dags/example_complex.py
[2024-12-03T16:07:09.505+0000] {logging_mixin.py:120} INFO - [2024-12-03T16:07:09.504+0000] {taskmixin.py:205} WARNING - Dependency <Task(BashOperator): create_entry_group>, delete_entry_group already registered for DAG: example_complex
[2024-12-03T16:07:09.506+0000] {logging_mixin.py:120} INFO - [2024-12-03T16:07:09.506+0000] {taskmixin.py:205} WARNING - Dependency <Task(BashOperator): delete_entry_group>, create_entry_group already registered for DAG: example_complex
[2024-12-03T16:07:09.509+0000] {logging_mixin.py:120} INFO - [2024-12-03T16:07:09.508+0000] {taskmixin.py:205} WARNING - Dependency <Task(BashOperator): create_entry_gcs>, delete_entry already registered for DAG: example_complex
[2024-12-03T16:07:09.510+0000] {logging_mixin.py:120} INFO - [2024-12-03T16:07:09.510+0000] {taskmixin.py:205} WARNING - Dependency <Task(BashOperator): delete_entry>, create_entry_gcs already registered for DAG: example_complex
[2024-12-03T16:07:09.513+0000] {logging_mixin.py:120} INFO - [2024-12-03T16:07:09.512+0000] {taskmixin.py:205} WARNING - Dependency <Task(BashOperator): create_tag>, delete_tag already registered for DAG: example_complex
[2024-12-03T16:07:09.514+0000] {logging_mixin.py:120} INFO - [2024-12-03T16:07:09.514+0000] {taskmixin.py:205} WARNING - Dependency <Task(BashOperator): delete_tag>, create_tag already registered for DAG: example_complex
[2024-12-03T16:07:09.536+0000] {processor.py:766} INFO - DAG(s) dict_keys(['example_complex']) retrieved from /home/airflow/.local/lib/python3.7/site-packages/airflow/example_dags/example_complex.py
[2024-12-03T16:07:09.696+0000] {logging_mixin.py:120} INFO - [2024-12-03T16:07:09.696+0000] {dag.py:2585} INFO - Sync 1 DAGs
[2024-12-03T16:07:09.788+0000] {logging_mixin.py:120} INFO - [2024-12-03T16:07:09.788+0000] {dag.py:3340} INFO - Setting next_dagrun for example_complex to None, run_after=None
[2024-12-03T16:07:09.855+0000] {processor.py:176} INFO - Processing /home/airflow/.local/lib/python3.7/site-packages/airflow/example_dags/example_complex.py took 0.401 seconds
[2024-12-03T16:07:41.371+0000] {processor.py:154} INFO - Started process (PID=1760) to work on /home/airflow/.local/lib/python3.7/site-packages/airflow/example_dags/example_complex.py
[2024-12-03T16:07:41.373+0000] {processor.py:756} INFO - Processing file /home/airflow/.local/lib/python3.7/site-packages/airflow/example_dags/example_complex.py for tasks to queue
[2024-12-03T16:07:41.377+0000] {logging_mixin.py:120} INFO - [2024-12-03T16:07:41.376+0000] {dagbag.py:537} INFO - Filling up the DagBag from /home/airflow/.local/lib/python3.7/site-packages/airflow/example_dags/example_complex.py
[2024-12-03T16:07:41.418+0000] {logging_mixin.py:120} INFO - [2024-12-03T16:07:41.418+0000] {taskmixin.py:205} WARNING - Dependency <Task(BashOperator): create_entry_group>, delete_entry_group already registered for DAG: example_complex
[2024-12-03T16:07:41.419+0000] {logging_mixin.py:120} INFO - [2024-12-03T16:07:41.419+0000] {taskmixin.py:205} WARNING - Dependency <Task(BashOperator): delete_entry_group>, create_entry_group already registered for DAG: example_complex
[2024-12-03T16:07:41.421+0000] {logging_mixin.py:120} INFO - [2024-12-03T16:07:41.421+0000] {taskmixin.py:205} WARNING - Dependency <Task(BashOperator): create_entry_gcs>, delete_entry already registered for DAG: example_complex
[2024-12-03T16:07:41.422+0000] {logging_mixin.py:120} INFO - [2024-12-03T16:07:41.422+0000] {taskmixin.py:205} WARNING - Dependency <Task(BashOperator): delete_entry>, create_entry_gcs already registered for DAG: example_complex
[2024-12-03T16:07:41.424+0000] {logging_mixin.py:120} INFO - [2024-12-03T16:07:41.424+0000] {taskmixin.py:205} WARNING - Dependency <Task(BashOperator): create_tag>, delete_tag already registered for DAG: example_complex
[2024-12-03T16:07:41.426+0000] {logging_mixin.py:120} INFO - [2024-12-03T16:07:41.426+0000] {taskmixin.py:205} WARNING - Dependency <Task(BashOperator): delete_tag>, create_tag already registered for DAG: example_complex
[2024-12-03T16:07:41.450+0000] {processor.py:766} INFO - DAG(s) dict_keys(['example_complex']) retrieved from /home/airflow/.local/lib/python3.7/site-packages/airflow/example_dags/example_complex.py
[2024-12-03T16:07:41.590+0000] {logging_mixin.py:120} INFO - [2024-12-03T16:07:41.589+0000] {dag.py:2585} INFO - Sync 1 DAGs
[2024-12-03T16:07:41.668+0000] {logging_mixin.py:120} INFO - [2024-12-03T16:07:41.668+0000] {dag.py:3340} INFO - Setting next_dagrun for example_complex to None, run_after=None
[2024-12-03T16:07:41.738+0000] {processor.py:176} INFO - Processing /home/airflow/.local/lib/python3.7/site-packages/airflow/example_dags/example_complex.py took 0.375 seconds
[2024-12-03T16:08:13.038+0000] {processor.py:154} INFO - Started process (PID=1828) to work on /home/airflow/.local/lib/python3.7/site-packages/airflow/example_dags/example_complex.py
[2024-12-03T16:08:13.040+0000] {processor.py:756} INFO - Processing file /home/airflow/.local/lib/python3.7/site-packages/airflow/example_dags/example_complex.py for tasks to queue
[2024-12-03T16:08:13.043+0000] {logging_mixin.py:120} INFO - [2024-12-03T16:08:13.042+0000] {dagbag.py:537} INFO - Filling up the DagBag from /home/airflow/.local/lib/python3.7/site-packages/airflow/example_dags/example_complex.py
[2024-12-03T16:08:13.081+0000] {logging_mixin.py:120} INFO - [2024-12-03T16:08:13.081+0000] {taskmixin.py:205} WARNING - Dependency <Task(BashOperator): create_entry_group>, delete_entry_group already registered for DAG: example_complex
[2024-12-03T16:08:13.083+0000] {logging_mixin.py:120} INFO - [2024-12-03T16:08:13.083+0000] {taskmixin.py:205} WARNING - Dependency <Task(BashOperator): delete_entry_group>, create_entry_group already registered for DAG: example_complex
[2024-12-03T16:08:13.087+0000] {logging_mixin.py:120} INFO - [2024-12-03T16:08:13.087+0000] {taskmixin.py:205} WARNING - Dependency <Task(BashOperator): create_entry_gcs>, delete_entry already registered for DAG: example_complex
[2024-12-03T16:08:13.095+0000] {logging_mixin.py:120} INFO - [2024-12-03T16:08:13.094+0000] {taskmixin.py:205} WARNING - Dependency <Task(BashOperator): delete_entry>, create_entry_gcs already registered for DAG: example_complex
[2024-12-03T16:08:13.097+0000] {logging_mixin.py:120} INFO - [2024-12-03T16:08:13.097+0000] {taskmixin.py:205} WARNING - Dependency <Task(BashOperator): create_tag>, delete_tag already registered for DAG: example_complex
[2024-12-03T16:08:13.099+0000] {logging_mixin.py:120} INFO - [2024-12-03T16:08:13.099+0000] {taskmixin.py:205} WARNING - Dependency <Task(BashOperator): delete_tag>, create_tag already registered for DAG: example_complex
[2024-12-03T16:08:13.135+0000] {processor.py:766} INFO - DAG(s) dict_keys(['example_complex']) retrieved from /home/airflow/.local/lib/python3.7/site-packages/airflow/example_dags/example_complex.py
[2024-12-03T16:08:13.305+0000] {logging_mixin.py:120} INFO - [2024-12-03T16:08:13.304+0000] {dag.py:2585} INFO - Sync 1 DAGs
[2024-12-03T16:08:13.393+0000] {logging_mixin.py:120} INFO - [2024-12-03T16:08:13.392+0000] {dag.py:3340} INFO - Setting next_dagrun for example_complex to None, run_after=None
[2024-12-03T16:08:13.473+0000] {processor.py:176} INFO - Processing /home/airflow/.local/lib/python3.7/site-packages/airflow/example_dags/example_complex.py took 0.444 seconds
[2024-12-03T16:08:43.806+0000] {processor.py:154} INFO - Started process (PID=1891) to work on /home/airflow/.local/lib/python3.7/site-packages/airflow/example_dags/example_complex.py
[2024-12-03T16:08:43.808+0000] {processor.py:756} INFO - Processing file /home/airflow/.local/lib/python3.7/site-packages/airflow/example_dags/example_complex.py for tasks to queue
[2024-12-03T16:08:43.811+0000] {logging_mixin.py:120} INFO - [2024-12-03T16:08:43.811+0000] {dagbag.py:537} INFO - Filling up the DagBag from /home/airflow/.local/lib/python3.7/site-packages/airflow/example_dags/example_complex.py
[2024-12-03T16:08:43.859+0000] {logging_mixin.py:120} INFO - [2024-12-03T16:08:43.859+0000] {taskmixin.py:205} WARNING - Dependency <Task(BashOperator): create_entry_group>, delete_entry_group already registered for DAG: example_complex
[2024-12-03T16:08:43.861+0000] {logging_mixin.py:120} INFO - [2024-12-03T16:08:43.861+0000] {taskmixin.py:205} WARNING - Dependency <Task(BashOperator): delete_entry_group>, create_entry_group already registered for DAG: example_complex
[2024-12-03T16:08:43.864+0000] {logging_mixin.py:120} INFO - [2024-12-03T16:08:43.863+0000] {taskmixin.py:205} WARNING - Dependency <Task(BashOperator): create_entry_gcs>, delete_entry already registered for DAG: example_complex
[2024-12-03T16:08:43.866+0000] {logging_mixin.py:120} INFO - [2024-12-03T16:08:43.865+0000] {taskmixin.py:205} WARNING - Dependency <Task(BashOperator): delete_entry>, create_entry_gcs already registered for DAG: example_complex
[2024-12-03T16:08:43.870+0000] {logging_mixin.py:120} INFO - [2024-12-03T16:08:43.869+0000] {taskmixin.py:205} WARNING - Dependency <Task(BashOperator): create_tag>, delete_tag already registered for DAG: example_complex
[2024-12-03T16:08:43.871+0000] {logging_mixin.py:120} INFO - [2024-12-03T16:08:43.871+0000] {taskmixin.py:205} WARNING - Dependency <Task(BashOperator): delete_tag>, create_tag already registered for DAG: example_complex
[2024-12-03T16:08:43.901+0000] {processor.py:766} INFO - DAG(s) dict_keys(['example_complex']) retrieved from /home/airflow/.local/lib/python3.7/site-packages/airflow/example_dags/example_complex.py
[2024-12-03T16:08:44.082+0000] {logging_mixin.py:120} INFO - [2024-12-03T16:08:44.081+0000] {dag.py:2585} INFO - Sync 1 DAGs
[2024-12-03T16:08:44.198+0000] {logging_mixin.py:120} INFO - [2024-12-03T16:08:44.198+0000] {dag.py:3340} INFO - Setting next_dagrun for example_complex to None, run_after=None
[2024-12-03T16:08:44.290+0000] {processor.py:176} INFO - Processing /home/airflow/.local/lib/python3.7/site-packages/airflow/example_dags/example_complex.py took 0.498 seconds
[2024-12-03T16:09:15.870+0000] {processor.py:154} INFO - Started process (PID=1954) to work on /home/airflow/.local/lib/python3.7/site-packages/airflow/example_dags/example_complex.py
[2024-12-03T16:09:15.873+0000] {processor.py:756} INFO - Processing file /home/airflow/.local/lib/python3.7/site-packages/airflow/example_dags/example_complex.py for tasks to queue
[2024-12-03T16:09:15.877+0000] {logging_mixin.py:120} INFO - [2024-12-03T16:09:15.876+0000] {dagbag.py:537} INFO - Filling up the DagBag from /home/airflow/.local/lib/python3.7/site-packages/airflow/example_dags/example_complex.py
[2024-12-03T16:09:15.919+0000] {logging_mixin.py:120} INFO - [2024-12-03T16:09:15.918+0000] {taskmixin.py:205} WARNING - Dependency <Task(BashOperator): create_entry_group>, delete_entry_group already registered for DAG: example_complex
[2024-12-03T16:09:15.922+0000] {logging_mixin.py:120} INFO - [2024-12-03T16:09:15.921+0000] {taskmixin.py:205} WARNING - Dependency <Task(BashOperator): delete_entry_group>, create_entry_group already registered for DAG: example_complex
[2024-12-03T16:09:15.924+0000] {logging_mixin.py:120} INFO - [2024-12-03T16:09:15.924+0000] {taskmixin.py:205} WARNING - Dependency <Task(BashOperator): create_entry_gcs>, delete_entry already registered for DAG: example_complex
[2024-12-03T16:09:15.926+0000] {logging_mixin.py:120} INFO - [2024-12-03T16:09:15.925+0000] {taskmixin.py:205} WARNING - Dependency <Task(BashOperator): delete_entry>, create_entry_gcs already registered for DAG: example_complex
[2024-12-03T16:09:15.928+0000] {logging_mixin.py:120} INFO - [2024-12-03T16:09:15.928+0000] {taskmixin.py:205} WARNING - Dependency <Task(BashOperator): create_tag>, delete_tag already registered for DAG: example_complex
[2024-12-03T16:09:15.930+0000] {logging_mixin.py:120} INFO - [2024-12-03T16:09:15.930+0000] {taskmixin.py:205} WARNING - Dependency <Task(BashOperator): delete_tag>, create_tag already registered for DAG: example_complex
[2024-12-03T16:09:15.958+0000] {processor.py:766} INFO - DAG(s) dict_keys(['example_complex']) retrieved from /home/airflow/.local/lib/python3.7/site-packages/airflow/example_dags/example_complex.py
[2024-12-03T16:09:16.190+0000] {logging_mixin.py:120} INFO - [2024-12-03T16:09:16.189+0000] {dag.py:2585} INFO - Sync 1 DAGs
[2024-12-03T16:09:16.347+0000] {logging_mixin.py:120} INFO - [2024-12-03T16:09:16.346+0000] {dag.py:3340} INFO - Setting next_dagrun for example_complex to None, run_after=None
[2024-12-03T16:09:16.459+0000] {processor.py:176} INFO - Processing /home/airflow/.local/lib/python3.7/site-packages/airflow/example_dags/example_complex.py took 0.600 seconds
[2024-12-03T16:09:47.063+0000] {processor.py:154} INFO - Started process (PID=2009) to work on /home/airflow/.local/lib/python3.7/site-packages/airflow/example_dags/example_complex.py
[2024-12-03T16:09:47.066+0000] {processor.py:756} INFO - Processing file /home/airflow/.local/lib/python3.7/site-packages/airflow/example_dags/example_complex.py for tasks to queue
[2024-12-03T16:09:47.069+0000] {logging_mixin.py:120} INFO - [2024-12-03T16:09:47.068+0000] {dagbag.py:537} INFO - Filling up the DagBag from /home/airflow/.local/lib/python3.7/site-packages/airflow/example_dags/example_complex.py
[2024-12-03T16:09:47.103+0000] {logging_mixin.py:120} INFO - [2024-12-03T16:09:47.103+0000] {taskmixin.py:205} WARNING - Dependency <Task(BashOperator): create_entry_group>, delete_entry_group already registered for DAG: example_complex
[2024-12-03T16:09:47.105+0000] {logging_mixin.py:120} INFO - [2024-12-03T16:09:47.104+0000] {taskmixin.py:205} WARNING - Dependency <Task(BashOperator): delete_entry_group>, create_entry_group already registered for DAG: example_complex
[2024-12-03T16:09:47.107+0000] {logging_mixin.py:120} INFO - [2024-12-03T16:09:47.106+0000] {taskmixin.py:205} WARNING - Dependency <Task(BashOperator): create_entry_gcs>, delete_entry already registered for DAG: example_complex
[2024-12-03T16:09:47.108+0000] {logging_mixin.py:120} INFO - [2024-12-03T16:09:47.108+0000] {taskmixin.py:205} WARNING - Dependency <Task(BashOperator): delete_entry>, create_entry_gcs already registered for DAG: example_complex
[2024-12-03T16:09:47.110+0000] {logging_mixin.py:120} INFO - [2024-12-03T16:09:47.109+0000] {taskmixin.py:205} WARNING - Dependency <Task(BashOperator): create_tag>, delete_tag already registered for DAG: example_complex
[2024-12-03T16:09:47.111+0000] {logging_mixin.py:120} INFO - [2024-12-03T16:09:47.111+0000] {taskmixin.py:205} WARNING - Dependency <Task(BashOperator): delete_tag>, create_tag already registered for DAG: example_complex
[2024-12-03T16:09:47.137+0000] {processor.py:766} INFO - DAG(s) dict_keys(['example_complex']) retrieved from /home/airflow/.local/lib/python3.7/site-packages/airflow/example_dags/example_complex.py
[2024-12-03T16:09:47.314+0000] {logging_mixin.py:120} INFO - [2024-12-03T16:09:47.314+0000] {dag.py:2585} INFO - Sync 1 DAGs
[2024-12-03T16:09:47.397+0000] {logging_mixin.py:120} INFO - [2024-12-03T16:09:47.397+0000] {dag.py:3340} INFO - Setting next_dagrun for example_complex to None, run_after=None
[2024-12-03T16:09:47.469+0000] {processor.py:176} INFO - Processing /home/airflow/.local/lib/python3.7/site-packages/airflow/example_dags/example_complex.py took 0.417 seconds
[2024-12-03T16:10:18.811+0000] {processor.py:154} INFO - Started process (PID=2064) to work on /home/airflow/.local/lib/python3.7/site-packages/airflow/example_dags/example_complex.py
[2024-12-03T16:10:18.814+0000] {processor.py:756} INFO - Processing file /home/airflow/.local/lib/python3.7/site-packages/airflow/example_dags/example_complex.py for tasks to queue
[2024-12-03T16:10:18.818+0000] {logging_mixin.py:120} INFO - [2024-12-03T16:10:18.817+0000] {dagbag.py:537} INFO - Filling up the DagBag from /home/airflow/.local/lib/python3.7/site-packages/airflow/example_dags/example_complex.py
[2024-12-03T16:10:18.883+0000] {logging_mixin.py:120} INFO - [2024-12-03T16:10:18.882+0000] {taskmixin.py:205} WARNING - Dependency <Task(BashOperator): create_entry_group>, delete_entry_group already registered for DAG: example_complex
[2024-12-03T16:10:18.884+0000] {logging_mixin.py:120} INFO - [2024-12-03T16:10:18.884+0000] {taskmixin.py:205} WARNING - Dependency <Task(BashOperator): delete_entry_group>, create_entry_group already registered for DAG: example_complex
[2024-12-03T16:10:18.886+0000] {logging_mixin.py:120} INFO - [2024-12-03T16:10:18.886+0000] {taskmixin.py:205} WARNING - Dependency <Task(BashOperator): create_entry_gcs>, delete_entry already registered for DAG: example_complex
[2024-12-03T16:10:18.889+0000] {logging_mixin.py:120} INFO - [2024-12-03T16:10:18.888+0000] {taskmixin.py:205} WARNING - Dependency <Task(BashOperator): delete_entry>, create_entry_gcs already registered for DAG: example_complex
[2024-12-03T16:10:18.893+0000] {logging_mixin.py:120} INFO - [2024-12-03T16:10:18.892+0000] {taskmixin.py:205} WARNING - Dependency <Task(BashOperator): create_tag>, delete_tag already registered for DAG: example_complex
[2024-12-03T16:10:18.894+0000] {logging_mixin.py:120} INFO - [2024-12-03T16:10:18.894+0000] {taskmixin.py:205} WARNING - Dependency <Task(BashOperator): delete_tag>, create_tag already registered for DAG: example_complex
[2024-12-03T16:10:18.933+0000] {processor.py:766} INFO - DAG(s) dict_keys(['example_complex']) retrieved from /home/airflow/.local/lib/python3.7/site-packages/airflow/example_dags/example_complex.py
[2024-12-03T16:10:19.075+0000] {logging_mixin.py:120} INFO - [2024-12-03T16:10:19.075+0000] {dag.py:2585} INFO - Sync 1 DAGs
[2024-12-03T16:10:19.151+0000] {logging_mixin.py:120} INFO - [2024-12-03T16:10:19.150+0000] {dag.py:3340} INFO - Setting next_dagrun for example_complex to None, run_after=None
[2024-12-03T16:10:19.211+0000] {processor.py:176} INFO - Processing /home/airflow/.local/lib/python3.7/site-packages/airflow/example_dags/example_complex.py took 0.410 seconds
[2024-12-03T16:10:50.093+0000] {processor.py:154} INFO - Started process (PID=2120) to work on /home/airflow/.local/lib/python3.7/site-packages/airflow/example_dags/example_complex.py
[2024-12-03T16:10:50.095+0000] {processor.py:756} INFO - Processing file /home/airflow/.local/lib/python3.7/site-packages/airflow/example_dags/example_complex.py for tasks to queue
[2024-12-03T16:10:50.097+0000] {logging_mixin.py:120} INFO - [2024-12-03T16:10:50.097+0000] {dagbag.py:537} INFO - Filling up the DagBag from /home/airflow/.local/lib/python3.7/site-packages/airflow/example_dags/example_complex.py
[2024-12-03T16:10:50.137+0000] {logging_mixin.py:120} INFO - [2024-12-03T16:10:50.137+0000] {taskmixin.py:205} WARNING - Dependency <Task(BashOperator): create_entry_group>, delete_entry_group already registered for DAG: example_complex
[2024-12-03T16:10:50.139+0000] {logging_mixin.py:120} INFO - [2024-12-03T16:10:50.138+0000] {taskmixin.py:205} WARNING - Dependency <Task(BashOperator): delete_entry_group>, create_entry_group already registered for DAG: example_complex
[2024-12-03T16:10:50.141+0000] {logging_mixin.py:120} INFO - [2024-12-03T16:10:50.140+0000] {taskmixin.py:205} WARNING - Dependency <Task(BashOperator): create_entry_gcs>, delete_entry already registered for DAG: example_complex
[2024-12-03T16:10:50.142+0000] {logging_mixin.py:120} INFO - [2024-12-03T16:10:50.142+0000] {taskmixin.py:205} WARNING - Dependency <Task(BashOperator): delete_entry>, create_entry_gcs already registered for DAG: example_complex
[2024-12-03T16:10:50.145+0000] {logging_mixin.py:120} INFO - [2024-12-03T16:10:50.144+0000] {taskmixin.py:205} WARNING - Dependency <Task(BashOperator): create_tag>, delete_tag already registered for DAG: example_complex
[2024-12-03T16:10:50.146+0000] {logging_mixin.py:120} INFO - [2024-12-03T16:10:50.146+0000] {taskmixin.py:205} WARNING - Dependency <Task(BashOperator): delete_tag>, create_tag already registered for DAG: example_complex
[2024-12-03T16:10:50.187+0000] {processor.py:766} INFO - DAG(s) dict_keys(['example_complex']) retrieved from /home/airflow/.local/lib/python3.7/site-packages/airflow/example_dags/example_complex.py
[2024-12-03T16:10:50.350+0000] {logging_mixin.py:120} INFO - [2024-12-03T16:10:50.349+0000] {dag.py:2585} INFO - Sync 1 DAGs
[2024-12-03T16:10:50.441+0000] {logging_mixin.py:120} INFO - [2024-12-03T16:10:50.440+0000] {dag.py:3340} INFO - Setting next_dagrun for example_complex to None, run_after=None
[2024-12-03T16:10:50.528+0000] {processor.py:176} INFO - Processing /home/airflow/.local/lib/python3.7/site-packages/airflow/example_dags/example_complex.py took 0.442 seconds
[2024-12-03T16:11:21.722+0000] {processor.py:154} INFO - Started process (PID=2183) to work on /home/airflow/.local/lib/python3.7/site-packages/airflow/example_dags/example_complex.py
[2024-12-03T16:11:21.725+0000] {processor.py:756} INFO - Processing file /home/airflow/.local/lib/python3.7/site-packages/airflow/example_dags/example_complex.py for tasks to queue
[2024-12-03T16:11:21.728+0000] {logging_mixin.py:120} INFO - [2024-12-03T16:11:21.728+0000] {dagbag.py:537} INFO - Filling up the DagBag from /home/airflow/.local/lib/python3.7/site-packages/airflow/example_dags/example_complex.py
[2024-12-03T16:11:21.789+0000] {logging_mixin.py:120} INFO - [2024-12-03T16:11:21.789+0000] {taskmixin.py:205} WARNING - Dependency <Task(BashOperator): create_entry_group>, delete_entry_group already registered for DAG: example_complex
[2024-12-03T16:11:21.791+0000] {logging_mixin.py:120} INFO - [2024-12-03T16:11:21.790+0000] {taskmixin.py:205} WARNING - Dependency <Task(BashOperator): delete_entry_group>, create_entry_group already registered for DAG: example_complex
[2024-12-03T16:11:21.795+0000] {logging_mixin.py:120} INFO - [2024-12-03T16:11:21.794+0000] {taskmixin.py:205} WARNING - Dependency <Task(BashOperator): create_entry_gcs>, delete_entry already registered for DAG: example_complex
[2024-12-03T16:11:21.798+0000] {logging_mixin.py:120} INFO - [2024-12-03T16:11:21.797+0000] {taskmixin.py:205} WARNING - Dependency <Task(BashOperator): delete_entry>, create_entry_gcs already registered for DAG: example_complex
[2024-12-03T16:11:21.802+0000] {logging_mixin.py:120} INFO - [2024-12-03T16:11:21.801+0000] {taskmixin.py:205} WARNING - Dependency <Task(BashOperator): create_tag>, delete_tag already registered for DAG: example_complex
[2024-12-03T16:11:21.804+0000] {logging_mixin.py:120} INFO - [2024-12-03T16:11:21.804+0000] {taskmixin.py:205} WARNING - Dependency <Task(BashOperator): delete_tag>, create_tag already registered for DAG: example_complex
[2024-12-03T16:11:21.829+0000] {processor.py:766} INFO - DAG(s) dict_keys(['example_complex']) retrieved from /home/airflow/.local/lib/python3.7/site-packages/airflow/example_dags/example_complex.py
[2024-12-03T16:11:21.975+0000] {logging_mixin.py:120} INFO - [2024-12-03T16:11:21.975+0000] {dag.py:2585} INFO - Sync 1 DAGs
[2024-12-03T16:11:22.063+0000] {logging_mixin.py:120} INFO - [2024-12-03T16:11:22.062+0000] {dag.py:3340} INFO - Setting next_dagrun for example_complex to None, run_after=None
[2024-12-03T16:11:22.145+0000] {processor.py:176} INFO - Processing /home/airflow/.local/lib/python3.7/site-packages/airflow/example_dags/example_complex.py took 0.438 seconds
[2024-12-03T16:11:53.593+0000] {processor.py:154} INFO - Started process (PID=2238) to work on /home/airflow/.local/lib/python3.7/site-packages/airflow/example_dags/example_complex.py
[2024-12-03T16:11:53.597+0000] {processor.py:756} INFO - Processing file /home/airflow/.local/lib/python3.7/site-packages/airflow/example_dags/example_complex.py for tasks to queue
[2024-12-03T16:11:53.601+0000] {logging_mixin.py:120} INFO - [2024-12-03T16:11:53.600+0000] {dagbag.py:537} INFO - Filling up the DagBag from /home/airflow/.local/lib/python3.7/site-packages/airflow/example_dags/example_complex.py
[2024-12-03T16:11:53.644+0000] {logging_mixin.py:120} INFO - [2024-12-03T16:11:53.644+0000] {taskmixin.py:205} WARNING - Dependency <Task(BashOperator): create_entry_group>, delete_entry_group already registered for DAG: example_complex
[2024-12-03T16:11:53.648+0000] {logging_mixin.py:120} INFO - [2024-12-03T16:11:53.648+0000] {taskmixin.py:205} WARNING - Dependency <Task(BashOperator): delete_entry_group>, create_entry_group already registered for DAG: example_complex
[2024-12-03T16:11:53.650+0000] {logging_mixin.py:120} INFO - [2024-12-03T16:11:53.650+0000] {taskmixin.py:205} WARNING - Dependency <Task(BashOperator): create_entry_gcs>, delete_entry already registered for DAG: example_complex
[2024-12-03T16:11:53.654+0000] {logging_mixin.py:120} INFO - [2024-12-03T16:11:53.653+0000] {taskmixin.py:205} WARNING - Dependency <Task(BashOperator): delete_entry>, create_entry_gcs already registered for DAG: example_complex
[2024-12-03T16:11:53.657+0000] {logging_mixin.py:120} INFO - [2024-12-03T16:11:53.657+0000] {taskmixin.py:205} WARNING - Dependency <Task(BashOperator): create_tag>, delete_tag already registered for DAG: example_complex
[2024-12-03T16:11:53.660+0000] {logging_mixin.py:120} INFO - [2024-12-03T16:11:53.660+0000] {taskmixin.py:205} WARNING - Dependency <Task(BashOperator): delete_tag>, create_tag already registered for DAG: example_complex
[2024-12-03T16:11:53.704+0000] {processor.py:766} INFO - DAG(s) dict_keys(['example_complex']) retrieved from /home/airflow/.local/lib/python3.7/site-packages/airflow/example_dags/example_complex.py
[2024-12-03T16:11:53.870+0000] {logging_mixin.py:120} INFO - [2024-12-03T16:11:53.869+0000] {dag.py:2585} INFO - Sync 1 DAGs
[2024-12-03T16:11:53.958+0000] {logging_mixin.py:120} INFO - [2024-12-03T16:11:53.957+0000] {dag.py:3340} INFO - Setting next_dagrun for example_complex to None, run_after=None
[2024-12-03T16:11:54.028+0000] {processor.py:176} INFO - Processing /home/airflow/.local/lib/python3.7/site-packages/airflow/example_dags/example_complex.py took 0.444 seconds
[2024-12-03T16:12:25.312+0000] {processor.py:154} INFO - Started process (PID=2293) to work on /home/airflow/.local/lib/python3.7/site-packages/airflow/example_dags/example_complex.py
[2024-12-03T16:12:25.317+0000] {processor.py:756} INFO - Processing file /home/airflow/.local/lib/python3.7/site-packages/airflow/example_dags/example_complex.py for tasks to queue
[2024-12-03T16:12:25.329+0000] {logging_mixin.py:120} INFO - [2024-12-03T16:12:25.328+0000] {dagbag.py:537} INFO - Filling up the DagBag from /home/airflow/.local/lib/python3.7/site-packages/airflow/example_dags/example_complex.py
[2024-12-03T16:12:25.406+0000] {logging_mixin.py:120} INFO - [2024-12-03T16:12:25.406+0000] {taskmixin.py:205} WARNING - Dependency <Task(BashOperator): create_entry_group>, delete_entry_group already registered for DAG: example_complex
[2024-12-03T16:12:25.409+0000] {logging_mixin.py:120} INFO - [2024-12-03T16:12:25.408+0000] {taskmixin.py:205} WARNING - Dependency <Task(BashOperator): delete_entry_group>, create_entry_group already registered for DAG: example_complex
[2024-12-03T16:12:25.412+0000] {logging_mixin.py:120} INFO - [2024-12-03T16:12:25.411+0000] {taskmixin.py:205} WARNING - Dependency <Task(BashOperator): create_entry_gcs>, delete_entry already registered for DAG: example_complex
[2024-12-03T16:12:25.414+0000] {logging_mixin.py:120} INFO - [2024-12-03T16:12:25.414+0000] {taskmixin.py:205} WARNING - Dependency <Task(BashOperator): delete_entry>, create_entry_gcs already registered for DAG: example_complex
[2024-12-03T16:12:25.417+0000] {logging_mixin.py:120} INFO - [2024-12-03T16:12:25.416+0000] {taskmixin.py:205} WARNING - Dependency <Task(BashOperator): create_tag>, delete_tag already registered for DAG: example_complex
[2024-12-03T16:12:25.419+0000] {logging_mixin.py:120} INFO - [2024-12-03T16:12:25.418+0000] {taskmixin.py:205} WARNING - Dependency <Task(BashOperator): delete_tag>, create_tag already registered for DAG: example_complex
[2024-12-03T16:12:25.481+0000] {processor.py:766} INFO - DAG(s) dict_keys(['example_complex']) retrieved from /home/airflow/.local/lib/python3.7/site-packages/airflow/example_dags/example_complex.py
[2024-12-03T16:12:25.707+0000] {logging_mixin.py:120} INFO - [2024-12-03T16:12:25.706+0000] {dag.py:2585} INFO - Sync 1 DAGs
[2024-12-03T16:12:25.838+0000] {logging_mixin.py:120} INFO - [2024-12-03T16:12:25.837+0000] {dag.py:3340} INFO - Setting next_dagrun for example_complex to None, run_after=None
[2024-12-03T16:12:25.922+0000] {processor.py:176} INFO - Processing /home/airflow/.local/lib/python3.7/site-packages/airflow/example_dags/example_complex.py took 0.639 seconds
[2024-12-03T16:12:56.562+0000] {processor.py:154} INFO - Started process (PID=2349) to work on /home/airflow/.local/lib/python3.7/site-packages/airflow/example_dags/example_complex.py
[2024-12-03T16:12:56.565+0000] {processor.py:756} INFO - Processing file /home/airflow/.local/lib/python3.7/site-packages/airflow/example_dags/example_complex.py for tasks to queue
[2024-12-03T16:12:56.567+0000] {logging_mixin.py:120} INFO - [2024-12-03T16:12:56.567+0000] {dagbag.py:537} INFO - Filling up the DagBag from /home/airflow/.local/lib/python3.7/site-packages/airflow/example_dags/example_complex.py
[2024-12-03T16:12:56.601+0000] {logging_mixin.py:120} INFO - [2024-12-03T16:12:56.601+0000] {taskmixin.py:205} WARNING - Dependency <Task(BashOperator): create_entry_group>, delete_entry_group already registered for DAG: example_complex
[2024-12-03T16:12:56.603+0000] {logging_mixin.py:120} INFO - [2024-12-03T16:12:56.602+0000] {taskmixin.py:205} WARNING - Dependency <Task(BashOperator): delete_entry_group>, create_entry_group already registered for DAG: example_complex
[2024-12-03T16:12:56.604+0000] {logging_mixin.py:120} INFO - [2024-12-03T16:12:56.604+0000] {taskmixin.py:205} WARNING - Dependency <Task(BashOperator): create_entry_gcs>, delete_entry already registered for DAG: example_complex
[2024-12-03T16:12:56.606+0000] {logging_mixin.py:120} INFO - [2024-12-03T16:12:56.606+0000] {taskmixin.py:205} WARNING - Dependency <Task(BashOperator): delete_entry>, create_entry_gcs already registered for DAG: example_complex
[2024-12-03T16:12:56.608+0000] {logging_mixin.py:120} INFO - [2024-12-03T16:12:56.608+0000] {taskmixin.py:205} WARNING - Dependency <Task(BashOperator): create_tag>, delete_tag already registered for DAG: example_complex
[2024-12-03T16:12:56.609+0000] {logging_mixin.py:120} INFO - [2024-12-03T16:12:56.609+0000] {taskmixin.py:205} WARNING - Dependency <Task(BashOperator): delete_tag>, create_tag already registered for DAG: example_complex
[2024-12-03T16:12:56.634+0000] {processor.py:766} INFO - DAG(s) dict_keys(['example_complex']) retrieved from /home/airflow/.local/lib/python3.7/site-packages/airflow/example_dags/example_complex.py
[2024-12-03T16:12:56.768+0000] {logging_mixin.py:120} INFO - [2024-12-03T16:12:56.768+0000] {dag.py:2585} INFO - Sync 1 DAGs
[2024-12-03T16:12:56.869+0000] {logging_mixin.py:120} INFO - [2024-12-03T16:12:56.869+0000] {dag.py:3340} INFO - Setting next_dagrun for example_complex to None, run_after=None
[2024-12-03T16:12:56.934+0000] {processor.py:176} INFO - Processing /home/airflow/.local/lib/python3.7/site-packages/airflow/example_dags/example_complex.py took 0.378 seconds
[2024-12-03T16:13:27.704+0000] {processor.py:154} INFO - Started process (PID=2404) to work on /home/airflow/.local/lib/python3.7/site-packages/airflow/example_dags/example_complex.py
[2024-12-03T16:13:27.706+0000] {processor.py:756} INFO - Processing file /home/airflow/.local/lib/python3.7/site-packages/airflow/example_dags/example_complex.py for tasks to queue
[2024-12-03T16:13:27.708+0000] {logging_mixin.py:120} INFO - [2024-12-03T16:13:27.707+0000] {dagbag.py:537} INFO - Filling up the DagBag from /home/airflow/.local/lib/python3.7/site-packages/airflow/example_dags/example_complex.py
[2024-12-03T16:13:27.740+0000] {logging_mixin.py:120} INFO - [2024-12-03T16:13:27.739+0000] {taskmixin.py:205} WARNING - Dependency <Task(BashOperator): create_entry_group>, delete_entry_group already registered for DAG: example_complex
[2024-12-03T16:13:27.741+0000] {logging_mixin.py:120} INFO - [2024-12-03T16:13:27.741+0000] {taskmixin.py:205} WARNING - Dependency <Task(BashOperator): delete_entry_group>, create_entry_group already registered for DAG: example_complex
[2024-12-03T16:13:27.742+0000] {logging_mixin.py:120} INFO - [2024-12-03T16:13:27.742+0000] {taskmixin.py:205} WARNING - Dependency <Task(BashOperator): create_entry_gcs>, delete_entry already registered for DAG: example_complex
[2024-12-03T16:13:27.744+0000] {logging_mixin.py:120} INFO - [2024-12-03T16:13:27.744+0000] {taskmixin.py:205} WARNING - Dependency <Task(BashOperator): delete_entry>, create_entry_gcs already registered for DAG: example_complex
[2024-12-03T16:13:27.747+0000] {logging_mixin.py:120} INFO - [2024-12-03T16:13:27.747+0000] {taskmixin.py:205} WARNING - Dependency <Task(BashOperator): create_tag>, delete_tag already registered for DAG: example_complex
[2024-12-03T16:13:27.750+0000] {logging_mixin.py:120} INFO - [2024-12-03T16:13:27.750+0000] {taskmixin.py:205} WARNING - Dependency <Task(BashOperator): delete_tag>, create_tag already registered for DAG: example_complex
[2024-12-03T16:13:27.776+0000] {processor.py:766} INFO - DAG(s) dict_keys(['example_complex']) retrieved from /home/airflow/.local/lib/python3.7/site-packages/airflow/example_dags/example_complex.py
[2024-12-03T16:13:27.914+0000] {logging_mixin.py:120} INFO - [2024-12-03T16:13:27.914+0000] {dag.py:2585} INFO - Sync 1 DAGs
[2024-12-03T16:13:27.983+0000] {logging_mixin.py:120} INFO - [2024-12-03T16:13:27.983+0000] {dag.py:3340} INFO - Setting next_dagrun for example_complex to None, run_after=None
[2024-12-03T16:13:28.064+0000] {processor.py:176} INFO - Processing /home/airflow/.local/lib/python3.7/site-packages/airflow/example_dags/example_complex.py took 0.368 seconds
[2024-12-03T16:13:59.003+0000] {processor.py:154} INFO - Started process (PID=2459) to work on /home/airflow/.local/lib/python3.7/site-packages/airflow/example_dags/example_complex.py
[2024-12-03T16:13:59.006+0000] {processor.py:756} INFO - Processing file /home/airflow/.local/lib/python3.7/site-packages/airflow/example_dags/example_complex.py for tasks to queue
[2024-12-03T16:13:59.009+0000] {logging_mixin.py:120} INFO - [2024-12-03T16:13:59.009+0000] {dagbag.py:537} INFO - Filling up the DagBag from /home/airflow/.local/lib/python3.7/site-packages/airflow/example_dags/example_complex.py
[2024-12-03T16:13:59.037+0000] {logging_mixin.py:120} INFO - [2024-12-03T16:13:59.036+0000] {taskmixin.py:205} WARNING - Dependency <Task(BashOperator): create_entry_group>, delete_entry_group already registered for DAG: example_complex
[2024-12-03T16:13:59.039+0000] {logging_mixin.py:120} INFO - [2024-12-03T16:13:59.039+0000] {taskmixin.py:205} WARNING - Dependency <Task(BashOperator): delete_entry_group>, create_entry_group already registered for DAG: example_complex
[2024-12-03T16:13:59.041+0000] {logging_mixin.py:120} INFO - [2024-12-03T16:13:59.041+0000] {taskmixin.py:205} WARNING - Dependency <Task(BashOperator): create_entry_gcs>, delete_entry already registered for DAG: example_complex
[2024-12-03T16:13:59.043+0000] {logging_mixin.py:120} INFO - [2024-12-03T16:13:59.042+0000] {taskmixin.py:205} WARNING - Dependency <Task(BashOperator): delete_entry>, create_entry_gcs already registered for DAG: example_complex
[2024-12-03T16:13:59.045+0000] {logging_mixin.py:120} INFO - [2024-12-03T16:13:59.044+0000] {taskmixin.py:205} WARNING - Dependency <Task(BashOperator): create_tag>, delete_tag already registered for DAG: example_complex
[2024-12-03T16:13:59.046+0000] {logging_mixin.py:120} INFO - [2024-12-03T16:13:59.046+0000] {taskmixin.py:205} WARNING - Dependency <Task(BashOperator): delete_tag>, create_tag already registered for DAG: example_complex
[2024-12-03T16:13:59.064+0000] {processor.py:766} INFO - DAG(s) dict_keys(['example_complex']) retrieved from /home/airflow/.local/lib/python3.7/site-packages/airflow/example_dags/example_complex.py
[2024-12-03T16:13:59.184+0000] {logging_mixin.py:120} INFO - [2024-12-03T16:13:59.184+0000] {dag.py:2585} INFO - Sync 1 DAGs
[2024-12-03T16:13:59.308+0000] {logging_mixin.py:120} INFO - [2024-12-03T16:13:59.307+0000] {dag.py:3340} INFO - Setting next_dagrun for example_complex to None, run_after=None
[2024-12-03T16:13:59.394+0000] {processor.py:176} INFO - Processing /home/airflow/.local/lib/python3.7/site-packages/airflow/example_dags/example_complex.py took 0.397 seconds
[2024-12-03T16:14:30.949+0000] {processor.py:154} INFO - Started process (PID=2526) to work on /home/airflow/.local/lib/python3.7/site-packages/airflow/example_dags/example_complex.py
[2024-12-03T16:14:30.952+0000] {processor.py:756} INFO - Processing file /home/airflow/.local/lib/python3.7/site-packages/airflow/example_dags/example_complex.py for tasks to queue
[2024-12-03T16:14:30.954+0000] {logging_mixin.py:120} INFO - [2024-12-03T16:14:30.954+0000] {dagbag.py:537} INFO - Filling up the DagBag from /home/airflow/.local/lib/python3.7/site-packages/airflow/example_dags/example_complex.py
[2024-12-03T16:14:30.991+0000] {logging_mixin.py:120} INFO - [2024-12-03T16:14:30.991+0000] {taskmixin.py:205} WARNING - Dependency <Task(BashOperator): create_entry_group>, delete_entry_group already registered for DAG: example_complex
[2024-12-03T16:14:30.993+0000] {logging_mixin.py:120} INFO - [2024-12-03T16:14:30.992+0000] {taskmixin.py:205} WARNING - Dependency <Task(BashOperator): delete_entry_group>, create_entry_group already registered for DAG: example_complex
[2024-12-03T16:14:30.994+0000] {logging_mixin.py:120} INFO - [2024-12-03T16:14:30.994+0000] {taskmixin.py:205} WARNING - Dependency <Task(BashOperator): create_entry_gcs>, delete_entry already registered for DAG: example_complex
[2024-12-03T16:14:30.995+0000] {logging_mixin.py:120} INFO - [2024-12-03T16:14:30.995+0000] {taskmixin.py:205} WARNING - Dependency <Task(BashOperator): delete_entry>, create_entry_gcs already registered for DAG: example_complex
[2024-12-03T16:14:30.996+0000] {logging_mixin.py:120} INFO - [2024-12-03T16:14:30.996+0000] {taskmixin.py:205} WARNING - Dependency <Task(BashOperator): create_tag>, delete_tag already registered for DAG: example_complex
[2024-12-03T16:14:30.997+0000] {logging_mixin.py:120} INFO - [2024-12-03T16:14:30.997+0000] {taskmixin.py:205} WARNING - Dependency <Task(BashOperator): delete_tag>, create_tag already registered for DAG: example_complex
[2024-12-03T16:14:31.020+0000] {processor.py:766} INFO - DAG(s) dict_keys(['example_complex']) retrieved from /home/airflow/.local/lib/python3.7/site-packages/airflow/example_dags/example_complex.py
[2024-12-03T16:14:31.155+0000] {logging_mixin.py:120} INFO - [2024-12-03T16:14:31.154+0000] {dag.py:2585} INFO - Sync 1 DAGs
[2024-12-03T16:14:31.235+0000] {logging_mixin.py:120} INFO - [2024-12-03T16:14:31.235+0000] {dag.py:3340} INFO - Setting next_dagrun for example_complex to None, run_after=None
[2024-12-03T16:14:31.312+0000] {processor.py:176} INFO - Processing /home/airflow/.local/lib/python3.7/site-packages/airflow/example_dags/example_complex.py took 0.369 seconds
[2024-12-03T16:15:02.616+0000] {processor.py:154} INFO - Started process (PID=2590) to work on /home/airflow/.local/lib/python3.7/site-packages/airflow/example_dags/example_complex.py
[2024-12-03T16:15:02.618+0000] {processor.py:756} INFO - Processing file /home/airflow/.local/lib/python3.7/site-packages/airflow/example_dags/example_complex.py for tasks to queue
[2024-12-03T16:15:02.621+0000] {logging_mixin.py:120} INFO - [2024-12-03T16:15:02.620+0000] {dagbag.py:537} INFO - Filling up the DagBag from /home/airflow/.local/lib/python3.7/site-packages/airflow/example_dags/example_complex.py
[2024-12-03T16:15:02.651+0000] {logging_mixin.py:120} INFO - [2024-12-03T16:15:02.651+0000] {taskmixin.py:205} WARNING - Dependency <Task(BashOperator): create_entry_group>, delete_entry_group already registered for DAG: example_complex
[2024-12-03T16:15:02.652+0000] {logging_mixin.py:120} INFO - [2024-12-03T16:15:02.652+0000] {taskmixin.py:205} WARNING - Dependency <Task(BashOperator): delete_entry_group>, create_entry_group already registered for DAG: example_complex
[2024-12-03T16:15:02.653+0000] {logging_mixin.py:120} INFO - [2024-12-03T16:15:02.653+0000] {taskmixin.py:205} WARNING - Dependency <Task(BashOperator): create_entry_gcs>, delete_entry already registered for DAG: example_complex
[2024-12-03T16:15:02.654+0000] {logging_mixin.py:120} INFO - [2024-12-03T16:15:02.654+0000] {taskmixin.py:205} WARNING - Dependency <Task(BashOperator): delete_entry>, create_entry_gcs already registered for DAG: example_complex
[2024-12-03T16:15:02.656+0000] {logging_mixin.py:120} INFO - [2024-12-03T16:15:02.655+0000] {taskmixin.py:205} WARNING - Dependency <Task(BashOperator): create_tag>, delete_tag already registered for DAG: example_complex
[2024-12-03T16:15:02.657+0000] {logging_mixin.py:120} INFO - [2024-12-03T16:15:02.657+0000] {taskmixin.py:205} WARNING - Dependency <Task(BashOperator): delete_tag>, create_tag already registered for DAG: example_complex
[2024-12-03T16:15:02.675+0000] {processor.py:766} INFO - DAG(s) dict_keys(['example_complex']) retrieved from /home/airflow/.local/lib/python3.7/site-packages/airflow/example_dags/example_complex.py
[2024-12-03T16:15:02.797+0000] {logging_mixin.py:120} INFO - [2024-12-03T16:15:02.796+0000] {dag.py:2585} INFO - Sync 1 DAGs
[2024-12-03T16:15:02.895+0000] {logging_mixin.py:120} INFO - [2024-12-03T16:15:02.894+0000] {dag.py:3340} INFO - Setting next_dagrun for example_complex to None, run_after=None
[2024-12-03T16:15:02.976+0000] {processor.py:176} INFO - Processing /home/airflow/.local/lib/python3.7/site-packages/airflow/example_dags/example_complex.py took 0.368 seconds
[2024-12-03T16:15:33.531+0000] {processor.py:154} INFO - Started process (PID=2645) to work on /home/airflow/.local/lib/python3.7/site-packages/airflow/example_dags/example_complex.py
[2024-12-03T16:15:33.533+0000] {processor.py:756} INFO - Processing file /home/airflow/.local/lib/python3.7/site-packages/airflow/example_dags/example_complex.py for tasks to queue
[2024-12-03T16:15:33.536+0000] {logging_mixin.py:120} INFO - [2024-12-03T16:15:33.535+0000] {dagbag.py:537} INFO - Filling up the DagBag from /home/airflow/.local/lib/python3.7/site-packages/airflow/example_dags/example_complex.py
[2024-12-03T16:15:33.565+0000] {logging_mixin.py:120} INFO - [2024-12-03T16:15:33.564+0000] {taskmixin.py:205} WARNING - Dependency <Task(BashOperator): create_entry_group>, delete_entry_group already registered for DAG: example_complex
[2024-12-03T16:15:33.566+0000] {logging_mixin.py:120} INFO - [2024-12-03T16:15:33.566+0000] {taskmixin.py:205} WARNING - Dependency <Task(BashOperator): delete_entry_group>, create_entry_group already registered for DAG: example_complex
[2024-12-03T16:15:33.567+0000] {logging_mixin.py:120} INFO - [2024-12-03T16:15:33.567+0000] {taskmixin.py:205} WARNING - Dependency <Task(BashOperator): create_entry_gcs>, delete_entry already registered for DAG: example_complex
[2024-12-03T16:15:33.569+0000] {logging_mixin.py:120} INFO - [2024-12-03T16:15:33.568+0000] {taskmixin.py:205} WARNING - Dependency <Task(BashOperator): delete_entry>, create_entry_gcs already registered for DAG: example_complex
[2024-12-03T16:15:33.571+0000] {logging_mixin.py:120} INFO - [2024-12-03T16:15:33.571+0000] {taskmixin.py:205} WARNING - Dependency <Task(BashOperator): create_tag>, delete_tag already registered for DAG: example_complex
[2024-12-03T16:15:33.572+0000] {logging_mixin.py:120} INFO - [2024-12-03T16:15:33.572+0000] {taskmixin.py:205} WARNING - Dependency <Task(BashOperator): delete_tag>, create_tag already registered for DAG: example_complex
[2024-12-03T16:15:33.590+0000] {processor.py:766} INFO - DAG(s) dict_keys(['example_complex']) retrieved from /home/airflow/.local/lib/python3.7/site-packages/airflow/example_dags/example_complex.py
[2024-12-03T16:15:33.712+0000] {logging_mixin.py:120} INFO - [2024-12-03T16:15:33.711+0000] {dag.py:2585} INFO - Sync 1 DAGs
[2024-12-03T16:15:33.773+0000] {logging_mixin.py:120} INFO - [2024-12-03T16:15:33.773+0000] {dag.py:3340} INFO - Setting next_dagrun for example_complex to None, run_after=None
[2024-12-03T16:15:33.829+0000] {processor.py:176} INFO - Processing /home/airflow/.local/lib/python3.7/site-packages/airflow/example_dags/example_complex.py took 0.306 seconds
[2024-12-03T16:16:05.423+0000] {processor.py:154} INFO - Started process (PID=2701) to work on /home/airflow/.local/lib/python3.7/site-packages/airflow/example_dags/example_complex.py
[2024-12-03T16:16:05.426+0000] {processor.py:756} INFO - Processing file /home/airflow/.local/lib/python3.7/site-packages/airflow/example_dags/example_complex.py for tasks to queue
[2024-12-03T16:16:05.429+0000] {logging_mixin.py:120} INFO - [2024-12-03T16:16:05.428+0000] {dagbag.py:537} INFO - Filling up the DagBag from /home/airflow/.local/lib/python3.7/site-packages/airflow/example_dags/example_complex.py
[2024-12-03T16:16:05.472+0000] {logging_mixin.py:120} INFO - [2024-12-03T16:16:05.471+0000] {taskmixin.py:205} WARNING - Dependency <Task(BashOperator): create_entry_group>, delete_entry_group already registered for DAG: example_complex
[2024-12-03T16:16:05.474+0000] {logging_mixin.py:120} INFO - [2024-12-03T16:16:05.474+0000] {taskmixin.py:205} WARNING - Dependency <Task(BashOperator): delete_entry_group>, create_entry_group already registered for DAG: example_complex
[2024-12-03T16:16:05.477+0000] {logging_mixin.py:120} INFO - [2024-12-03T16:16:05.476+0000] {taskmixin.py:205} WARNING - Dependency <Task(BashOperator): create_entry_gcs>, delete_entry already registered for DAG: example_complex
[2024-12-03T16:16:05.478+0000] {logging_mixin.py:120} INFO - [2024-12-03T16:16:05.478+0000] {taskmixin.py:205} WARNING - Dependency <Task(BashOperator): delete_entry>, create_entry_gcs already registered for DAG: example_complex
[2024-12-03T16:16:05.481+0000] {logging_mixin.py:120} INFO - [2024-12-03T16:16:05.480+0000] {taskmixin.py:205} WARNING - Dependency <Task(BashOperator): create_tag>, delete_tag already registered for DAG: example_complex
[2024-12-03T16:16:05.482+0000] {logging_mixin.py:120} INFO - [2024-12-03T16:16:05.482+0000] {taskmixin.py:205} WARNING - Dependency <Task(BashOperator): delete_tag>, create_tag already registered for DAG: example_complex
[2024-12-03T16:16:05.505+0000] {processor.py:766} INFO - DAG(s) dict_keys(['example_complex']) retrieved from /home/airflow/.local/lib/python3.7/site-packages/airflow/example_dags/example_complex.py
[2024-12-03T16:16:05.638+0000] {logging_mixin.py:120} INFO - [2024-12-03T16:16:05.638+0000] {dag.py:2585} INFO - Sync 1 DAGs
[2024-12-03T16:16:05.725+0000] {logging_mixin.py:120} INFO - [2024-12-03T16:16:05.724+0000] {dag.py:3340} INFO - Setting next_dagrun for example_complex to None, run_after=None
[2024-12-03T16:16:05.795+0000] {processor.py:176} INFO - Processing /home/airflow/.local/lib/python3.7/site-packages/airflow/example_dags/example_complex.py took 0.379 seconds
[2024-12-03T16:16:36.246+0000] {processor.py:154} INFO - Started process (PID=2757) to work on /home/airflow/.local/lib/python3.7/site-packages/airflow/example_dags/example_complex.py
[2024-12-03T16:16:36.251+0000] {processor.py:756} INFO - Processing file /home/airflow/.local/lib/python3.7/site-packages/airflow/example_dags/example_complex.py for tasks to queue
[2024-12-03T16:16:36.254+0000] {logging_mixin.py:120} INFO - [2024-12-03T16:16:36.254+0000] {dagbag.py:537} INFO - Filling up the DagBag from /home/airflow/.local/lib/python3.7/site-packages/airflow/example_dags/example_complex.py
[2024-12-03T16:16:36.293+0000] {logging_mixin.py:120} INFO - [2024-12-03T16:16:36.292+0000] {taskmixin.py:205} WARNING - Dependency <Task(BashOperator): create_entry_group>, delete_entry_group already registered for DAG: example_complex
[2024-12-03T16:16:36.294+0000] {logging_mixin.py:120} INFO - [2024-12-03T16:16:36.294+0000] {taskmixin.py:205} WARNING - Dependency <Task(BashOperator): delete_entry_group>, create_entry_group already registered for DAG: example_complex
[2024-12-03T16:16:36.296+0000] {logging_mixin.py:120} INFO - [2024-12-03T16:16:36.295+0000] {taskmixin.py:205} WARNING - Dependency <Task(BashOperator): create_entry_gcs>, delete_entry already registered for DAG: example_complex
[2024-12-03T16:16:36.297+0000] {logging_mixin.py:120} INFO - [2024-12-03T16:16:36.297+0000] {taskmixin.py:205} WARNING - Dependency <Task(BashOperator): delete_entry>, create_entry_gcs already registered for DAG: example_complex
[2024-12-03T16:16:36.301+0000] {logging_mixin.py:120} INFO - [2024-12-03T16:16:36.300+0000] {taskmixin.py:205} WARNING - Dependency <Task(BashOperator): create_tag>, delete_tag already registered for DAG: example_complex
[2024-12-03T16:16:36.302+0000] {logging_mixin.py:120} INFO - [2024-12-03T16:16:36.302+0000] {taskmixin.py:205} WARNING - Dependency <Task(BashOperator): delete_tag>, create_tag already registered for DAG: example_complex
[2024-12-03T16:16:36.335+0000] {processor.py:766} INFO - DAG(s) dict_keys(['example_complex']) retrieved from /home/airflow/.local/lib/python3.7/site-packages/airflow/example_dags/example_complex.py
[2024-12-03T16:16:36.446+0000] {logging_mixin.py:120} INFO - [2024-12-03T16:16:36.446+0000] {dag.py:2585} INFO - Sync 1 DAGs
[2024-12-03T16:16:36.514+0000] {logging_mixin.py:120} INFO - [2024-12-03T16:16:36.514+0000] {dag.py:3340} INFO - Setting next_dagrun for example_complex to None, run_after=None
[2024-12-03T16:16:36.585+0000] {processor.py:176} INFO - Processing /home/airflow/.local/lib/python3.7/site-packages/airflow/example_dags/example_complex.py took 0.351 seconds
[2024-12-03T16:17:07.876+0000] {processor.py:154} INFO - Started process (PID=2822) to work on /home/airflow/.local/lib/python3.7/site-packages/airflow/example_dags/example_complex.py
[2024-12-03T16:17:07.879+0000] {processor.py:756} INFO - Processing file /home/airflow/.local/lib/python3.7/site-packages/airflow/example_dags/example_complex.py for tasks to queue
[2024-12-03T16:17:07.882+0000] {logging_mixin.py:120} INFO - [2024-12-03T16:17:07.882+0000] {dagbag.py:537} INFO - Filling up the DagBag from /home/airflow/.local/lib/python3.7/site-packages/airflow/example_dags/example_complex.py
[2024-12-03T16:17:07.919+0000] {logging_mixin.py:120} INFO - [2024-12-03T16:17:07.918+0000] {taskmixin.py:205} WARNING - Dependency <Task(BashOperator): create_entry_group>, delete_entry_group already registered for DAG: example_complex
[2024-12-03T16:17:07.920+0000] {logging_mixin.py:120} INFO - [2024-12-03T16:17:07.920+0000] {taskmixin.py:205} WARNING - Dependency <Task(BashOperator): delete_entry_group>, create_entry_group already registered for DAG: example_complex
[2024-12-03T16:17:07.922+0000] {logging_mixin.py:120} INFO - [2024-12-03T16:17:07.922+0000] {taskmixin.py:205} WARNING - Dependency <Task(BashOperator): create_entry_gcs>, delete_entry already registered for DAG: example_complex
[2024-12-03T16:17:07.924+0000] {logging_mixin.py:120} INFO - [2024-12-03T16:17:07.923+0000] {taskmixin.py:205} WARNING - Dependency <Task(BashOperator): delete_entry>, create_entry_gcs already registered for DAG: example_complex
[2024-12-03T16:17:07.927+0000] {logging_mixin.py:120} INFO - [2024-12-03T16:17:07.927+0000] {taskmixin.py:205} WARNING - Dependency <Task(BashOperator): create_tag>, delete_tag already registered for DAG: example_complex
[2024-12-03T16:17:07.929+0000] {logging_mixin.py:120} INFO - [2024-12-03T16:17:07.928+0000] {taskmixin.py:205} WARNING - Dependency <Task(BashOperator): delete_tag>, create_tag already registered for DAG: example_complex
[2024-12-03T16:17:07.957+0000] {processor.py:766} INFO - DAG(s) dict_keys(['example_complex']) retrieved from /home/airflow/.local/lib/python3.7/site-packages/airflow/example_dags/example_complex.py
[2024-12-03T16:17:08.120+0000] {logging_mixin.py:120} INFO - [2024-12-03T16:17:08.120+0000] {dag.py:2585} INFO - Sync 1 DAGs
[2024-12-03T16:17:08.226+0000] {logging_mixin.py:120} INFO - [2024-12-03T16:17:08.225+0000] {dag.py:3340} INFO - Setting next_dagrun for example_complex to None, run_after=None
[2024-12-03T16:17:08.303+0000] {processor.py:176} INFO - Processing /home/airflow/.local/lib/python3.7/site-packages/airflow/example_dags/example_complex.py took 0.441 seconds
[2024-12-03T16:17:39.037+0000] {processor.py:154} INFO - Started process (PID=2878) to work on /home/airflow/.local/lib/python3.7/site-packages/airflow/example_dags/example_complex.py
[2024-12-03T16:17:39.039+0000] {processor.py:756} INFO - Processing file /home/airflow/.local/lib/python3.7/site-packages/airflow/example_dags/example_complex.py for tasks to queue
[2024-12-03T16:17:39.042+0000] {logging_mixin.py:120} INFO - [2024-12-03T16:17:39.042+0000] {dagbag.py:537} INFO - Filling up the DagBag from /home/airflow/.local/lib/python3.7/site-packages/airflow/example_dags/example_complex.py
[2024-12-03T16:17:39.102+0000] {logging_mixin.py:120} INFO - [2024-12-03T16:17:39.099+0000] {taskmixin.py:205} WARNING - Dependency <Task(BashOperator): create_entry_group>, delete_entry_group already registered for DAG: example_complex
[2024-12-03T16:17:39.105+0000] {logging_mixin.py:120} INFO - [2024-12-03T16:17:39.104+0000] {taskmixin.py:205} WARNING - Dependency <Task(BashOperator): delete_entry_group>, create_entry_group already registered for DAG: example_complex
[2024-12-03T16:17:39.108+0000] {logging_mixin.py:120} INFO - [2024-12-03T16:17:39.107+0000] {taskmixin.py:205} WARNING - Dependency <Task(BashOperator): create_entry_gcs>, delete_entry already registered for DAG: example_complex
[2024-12-03T16:17:39.109+0000] {logging_mixin.py:120} INFO - [2024-12-03T16:17:39.109+0000] {taskmixin.py:205} WARNING - Dependency <Task(BashOperator): delete_entry>, create_entry_gcs already registered for DAG: example_complex
[2024-12-03T16:17:39.112+0000] {logging_mixin.py:120} INFO - [2024-12-03T16:17:39.111+0000] {taskmixin.py:205} WARNING - Dependency <Task(BashOperator): create_tag>, delete_tag already registered for DAG: example_complex
[2024-12-03T16:17:39.113+0000] {logging_mixin.py:120} INFO - [2024-12-03T16:17:39.113+0000] {taskmixin.py:205} WARNING - Dependency <Task(BashOperator): delete_tag>, create_tag already registered for DAG: example_complex
[2024-12-03T16:17:39.150+0000] {processor.py:766} INFO - DAG(s) dict_keys(['example_complex']) retrieved from /home/airflow/.local/lib/python3.7/site-packages/airflow/example_dags/example_complex.py
[2024-12-03T16:17:39.321+0000] {logging_mixin.py:120} INFO - [2024-12-03T16:17:39.321+0000] {dag.py:2585} INFO - Sync 1 DAGs
[2024-12-03T16:17:39.431+0000] {logging_mixin.py:120} INFO - [2024-12-03T16:17:39.430+0000] {dag.py:3340} INFO - Setting next_dagrun for example_complex to None, run_after=None
[2024-12-03T16:17:39.504+0000] {processor.py:176} INFO - Processing /home/airflow/.local/lib/python3.7/site-packages/airflow/example_dags/example_complex.py took 0.477 seconds
[2024-12-03T16:18:10.269+0000] {processor.py:154} INFO - Started process (PID=2933) to work on /home/airflow/.local/lib/python3.7/site-packages/airflow/example_dags/example_complex.py
[2024-12-03T16:18:10.272+0000] {processor.py:756} INFO - Processing file /home/airflow/.local/lib/python3.7/site-packages/airflow/example_dags/example_complex.py for tasks to queue
[2024-12-03T16:18:10.274+0000] {logging_mixin.py:120} INFO - [2024-12-03T16:18:10.274+0000] {dagbag.py:537} INFO - Filling up the DagBag from /home/airflow/.local/lib/python3.7/site-packages/airflow/example_dags/example_complex.py
[2024-12-03T16:18:10.310+0000] {logging_mixin.py:120} INFO - [2024-12-03T16:18:10.310+0000] {taskmixin.py:205} WARNING - Dependency <Task(BashOperator): create_entry_group>, delete_entry_group already registered for DAG: example_complex
[2024-12-03T16:18:10.313+0000] {logging_mixin.py:120} INFO - [2024-12-03T16:18:10.312+0000] {taskmixin.py:205} WARNING - Dependency <Task(BashOperator): delete_entry_group>, create_entry_group already registered for DAG: example_complex
[2024-12-03T16:18:10.314+0000] {logging_mixin.py:120} INFO - [2024-12-03T16:18:10.314+0000] {taskmixin.py:205} WARNING - Dependency <Task(BashOperator): create_entry_gcs>, delete_entry already registered for DAG: example_complex
[2024-12-03T16:18:10.316+0000] {logging_mixin.py:120} INFO - [2024-12-03T16:18:10.316+0000] {taskmixin.py:205} WARNING - Dependency <Task(BashOperator): delete_entry>, create_entry_gcs already registered for DAG: example_complex
[2024-12-03T16:18:10.318+0000] {logging_mixin.py:120} INFO - [2024-12-03T16:18:10.318+0000] {taskmixin.py:205} WARNING - Dependency <Task(BashOperator): create_tag>, delete_tag already registered for DAG: example_complex
[2024-12-03T16:18:10.319+0000] {logging_mixin.py:120} INFO - [2024-12-03T16:18:10.319+0000] {taskmixin.py:205} WARNING - Dependency <Task(BashOperator): delete_tag>, create_tag already registered for DAG: example_complex
[2024-12-03T16:18:10.338+0000] {processor.py:766} INFO - DAG(s) dict_keys(['example_complex']) retrieved from /home/airflow/.local/lib/python3.7/site-packages/airflow/example_dags/example_complex.py
[2024-12-03T16:18:10.456+0000] {logging_mixin.py:120} INFO - [2024-12-03T16:18:10.456+0000] {dag.py:2585} INFO - Sync 1 DAGs
[2024-12-03T16:18:10.533+0000] {logging_mixin.py:120} INFO - [2024-12-03T16:18:10.533+0000] {dag.py:3340} INFO - Setting next_dagrun for example_complex to None, run_after=None
[2024-12-03T16:18:10.589+0000] {processor.py:176} INFO - Processing /home/airflow/.local/lib/python3.7/site-packages/airflow/example_dags/example_complex.py took 0.330 seconds
[2024-12-03T16:18:41.643+0000] {processor.py:154} INFO - Started process (PID=2992) to work on /home/airflow/.local/lib/python3.7/site-packages/airflow/example_dags/example_complex.py
[2024-12-03T16:18:41.648+0000] {processor.py:756} INFO - Processing file /home/airflow/.local/lib/python3.7/site-packages/airflow/example_dags/example_complex.py for tasks to queue
[2024-12-03T16:18:41.652+0000] {logging_mixin.py:120} INFO - [2024-12-03T16:18:41.652+0000] {dagbag.py:537} INFO - Filling up the DagBag from /home/airflow/.local/lib/python3.7/site-packages/airflow/example_dags/example_complex.py
[2024-12-03T16:18:41.690+0000] {logging_mixin.py:120} INFO - [2024-12-03T16:18:41.689+0000] {taskmixin.py:205} WARNING - Dependency <Task(BashOperator): create_entry_group>, delete_entry_group already registered for DAG: example_complex
[2024-12-03T16:18:41.691+0000] {logging_mixin.py:120} INFO - [2024-12-03T16:18:41.691+0000] {taskmixin.py:205} WARNING - Dependency <Task(BashOperator): delete_entry_group>, create_entry_group already registered for DAG: example_complex
[2024-12-03T16:18:41.693+0000] {logging_mixin.py:120} INFO - [2024-12-03T16:18:41.693+0000] {taskmixin.py:205} WARNING - Dependency <Task(BashOperator): create_entry_gcs>, delete_entry already registered for DAG: example_complex
[2024-12-03T16:18:41.695+0000] {logging_mixin.py:120} INFO - [2024-12-03T16:18:41.694+0000] {taskmixin.py:205} WARNING - Dependency <Task(BashOperator): delete_entry>, create_entry_gcs already registered for DAG: example_complex
[2024-12-03T16:18:41.698+0000] {logging_mixin.py:120} INFO - [2024-12-03T16:18:41.697+0000] {taskmixin.py:205} WARNING - Dependency <Task(BashOperator): create_tag>, delete_tag already registered for DAG: example_complex
[2024-12-03T16:18:41.704+0000] {logging_mixin.py:120} INFO - [2024-12-03T16:18:41.699+0000] {taskmixin.py:205} WARNING - Dependency <Task(BashOperator): delete_tag>, create_tag already registered for DAG: example_complex
[2024-12-03T16:18:41.752+0000] {processor.py:766} INFO - DAG(s) dict_keys(['example_complex']) retrieved from /home/airflow/.local/lib/python3.7/site-packages/airflow/example_dags/example_complex.py
[2024-12-03T16:18:41.918+0000] {logging_mixin.py:120} INFO - [2024-12-03T16:18:41.917+0000] {dag.py:2585} INFO - Sync 1 DAGs
[2024-12-03T16:18:41.985+0000] {logging_mixin.py:120} INFO - [2024-12-03T16:18:41.985+0000] {dag.py:3340} INFO - Setting next_dagrun for example_complex to None, run_after=None
[2024-12-03T16:18:42.046+0000] {processor.py:176} INFO - Processing /home/airflow/.local/lib/python3.7/site-packages/airflow/example_dags/example_complex.py took 0.416 seconds
[2024-12-03T16:19:12.289+0000] {processor.py:154} INFO - Started process (PID=3060) to work on /home/airflow/.local/lib/python3.7/site-packages/airflow/example_dags/example_complex.py
[2024-12-03T16:19:12.291+0000] {processor.py:756} INFO - Processing file /home/airflow/.local/lib/python3.7/site-packages/airflow/example_dags/example_complex.py for tasks to queue
[2024-12-03T16:19:12.294+0000] {logging_mixin.py:120} INFO - [2024-12-03T16:19:12.294+0000] {dagbag.py:537} INFO - Filling up the DagBag from /home/airflow/.local/lib/python3.7/site-packages/airflow/example_dags/example_complex.py
[2024-12-03T16:19:12.307+0000] {logging_mixin.py:120} INFO - [2024-12-03T16:19:12.307+0000] {taskmixin.py:205} WARNING - Dependency <Task(BashOperator): create_entry_group>, delete_entry_group already registered for DAG: example_complex
[2024-12-03T16:19:12.308+0000] {logging_mixin.py:120} INFO - [2024-12-03T16:19:12.308+0000] {taskmixin.py:205} WARNING - Dependency <Task(BashOperator): delete_entry_group>, create_entry_group already registered for DAG: example_complex
[2024-12-03T16:19:12.309+0000] {logging_mixin.py:120} INFO - [2024-12-03T16:19:12.309+0000] {taskmixin.py:205} WARNING - Dependency <Task(BashOperator): create_entry_gcs>, delete_entry already registered for DAG: example_complex
[2024-12-03T16:19:12.310+0000] {logging_mixin.py:120} INFO - [2024-12-03T16:19:12.310+0000] {taskmixin.py:205} WARNING - Dependency <Task(BashOperator): delete_entry>, create_entry_gcs already registered for DAG: example_complex
[2024-12-03T16:19:12.311+0000] {logging_mixin.py:120} INFO - [2024-12-03T16:19:12.311+0000] {taskmixin.py:205} WARNING - Dependency <Task(BashOperator): create_tag>, delete_tag already registered for DAG: example_complex
[2024-12-03T16:19:12.312+0000] {logging_mixin.py:120} INFO - [2024-12-03T16:19:12.312+0000] {taskmixin.py:205} WARNING - Dependency <Task(BashOperator): delete_tag>, create_tag already registered for DAG: example_complex
[2024-12-03T16:19:12.322+0000] {processor.py:766} INFO - DAG(s) dict_keys(['example_complex']) retrieved from /home/airflow/.local/lib/python3.7/site-packages/airflow/example_dags/example_complex.py
[2024-12-03T16:19:12.383+0000] {logging_mixin.py:120} INFO - [2024-12-03T16:19:12.383+0000] {dag.py:2585} INFO - Sync 1 DAGs
[2024-12-03T16:19:12.420+0000] {logging_mixin.py:120} INFO - [2024-12-03T16:19:12.420+0000] {dag.py:3340} INFO - Setting next_dagrun for example_complex to None, run_after=None
[2024-12-03T16:19:12.454+0000] {processor.py:176} INFO - Processing /home/airflow/.local/lib/python3.7/site-packages/airflow/example_dags/example_complex.py took 0.168 seconds
[2024-12-03T16:19:43.986+0000] {processor.py:154} INFO - Started process (PID=3133) to work on /home/airflow/.local/lib/python3.7/site-packages/airflow/example_dags/example_complex.py
[2024-12-03T16:19:43.989+0000] {processor.py:756} INFO - Processing file /home/airflow/.local/lib/python3.7/site-packages/airflow/example_dags/example_complex.py for tasks to queue
[2024-12-03T16:19:43.992+0000] {logging_mixin.py:120} INFO - [2024-12-03T16:19:43.992+0000] {dagbag.py:537} INFO - Filling up the DagBag from /home/airflow/.local/lib/python3.7/site-packages/airflow/example_dags/example_complex.py
[2024-12-03T16:19:44.028+0000] {logging_mixin.py:120} INFO - [2024-12-03T16:19:44.027+0000] {taskmixin.py:205} WARNING - Dependency <Task(BashOperator): create_entry_group>, delete_entry_group already registered for DAG: example_complex
[2024-12-03T16:19:44.033+0000] {logging_mixin.py:120} INFO - [2024-12-03T16:19:44.033+0000] {taskmixin.py:205} WARNING - Dependency <Task(BashOperator): delete_entry_group>, create_entry_group already registered for DAG: example_complex
[2024-12-03T16:19:44.035+0000] {logging_mixin.py:120} INFO - [2024-12-03T16:19:44.034+0000] {taskmixin.py:205} WARNING - Dependency <Task(BashOperator): create_entry_gcs>, delete_entry already registered for DAG: example_complex
[2024-12-03T16:19:44.038+0000] {logging_mixin.py:120} INFO - [2024-12-03T16:19:44.038+0000] {taskmixin.py:205} WARNING - Dependency <Task(BashOperator): delete_entry>, create_entry_gcs already registered for DAG: example_complex
[2024-12-03T16:19:44.040+0000] {logging_mixin.py:120} INFO - [2024-12-03T16:19:44.040+0000] {taskmixin.py:205} WARNING - Dependency <Task(BashOperator): create_tag>, delete_tag already registered for DAG: example_complex
[2024-12-03T16:19:44.042+0000] {logging_mixin.py:120} INFO - [2024-12-03T16:19:44.042+0000] {taskmixin.py:205} WARNING - Dependency <Task(BashOperator): delete_tag>, create_tag already registered for DAG: example_complex
[2024-12-03T16:19:44.067+0000] {processor.py:766} INFO - DAG(s) dict_keys(['example_complex']) retrieved from /home/airflow/.local/lib/python3.7/site-packages/airflow/example_dags/example_complex.py
[2024-12-03T16:19:44.236+0000] {logging_mixin.py:120} INFO - [2024-12-03T16:19:44.235+0000] {dag.py:2585} INFO - Sync 1 DAGs
[2024-12-03T16:19:44.398+0000] {logging_mixin.py:120} INFO - [2024-12-03T16:19:44.397+0000] {dag.py:3340} INFO - Setting next_dagrun for example_complex to None, run_after=None
[2024-12-03T16:19:44.632+0000] {processor.py:176} INFO - Processing /home/airflow/.local/lib/python3.7/site-packages/airflow/example_dags/example_complex.py took 0.652 seconds
[2024-12-03T16:20:15.434+0000] {processor.py:154} INFO - Started process (PID=3197) to work on /home/airflow/.local/lib/python3.7/site-packages/airflow/example_dags/example_complex.py
[2024-12-03T16:20:15.436+0000] {processor.py:756} INFO - Processing file /home/airflow/.local/lib/python3.7/site-packages/airflow/example_dags/example_complex.py for tasks to queue
[2024-12-03T16:20:15.438+0000] {logging_mixin.py:120} INFO - [2024-12-03T16:20:15.437+0000] {dagbag.py:537} INFO - Filling up the DagBag from /home/airflow/.local/lib/python3.7/site-packages/airflow/example_dags/example_complex.py
[2024-12-03T16:20:15.455+0000] {logging_mixin.py:120} INFO - [2024-12-03T16:20:15.455+0000] {taskmixin.py:205} WARNING - Dependency <Task(BashOperator): create_entry_group>, delete_entry_group already registered for DAG: example_complex
[2024-12-03T16:20:15.456+0000] {logging_mixin.py:120} INFO - [2024-12-03T16:20:15.456+0000] {taskmixin.py:205} WARNING - Dependency <Task(BashOperator): delete_entry_group>, create_entry_group already registered for DAG: example_complex
[2024-12-03T16:20:15.457+0000] {logging_mixin.py:120} INFO - [2024-12-03T16:20:15.457+0000] {taskmixin.py:205} WARNING - Dependency <Task(BashOperator): create_entry_gcs>, delete_entry already registered for DAG: example_complex
[2024-12-03T16:20:15.459+0000] {logging_mixin.py:120} INFO - [2024-12-03T16:20:15.458+0000] {taskmixin.py:205} WARNING - Dependency <Task(BashOperator): delete_entry>, create_entry_gcs already registered for DAG: example_complex
[2024-12-03T16:20:15.460+0000] {logging_mixin.py:120} INFO - [2024-12-03T16:20:15.460+0000] {taskmixin.py:205} WARNING - Dependency <Task(BashOperator): create_tag>, delete_tag already registered for DAG: example_complex
[2024-12-03T16:20:15.461+0000] {logging_mixin.py:120} INFO - [2024-12-03T16:20:15.461+0000] {taskmixin.py:205} WARNING - Dependency <Task(BashOperator): delete_tag>, create_tag already registered for DAG: example_complex
[2024-12-03T16:20:15.471+0000] {processor.py:766} INFO - DAG(s) dict_keys(['example_complex']) retrieved from /home/airflow/.local/lib/python3.7/site-packages/airflow/example_dags/example_complex.py
[2024-12-03T16:20:15.532+0000] {logging_mixin.py:120} INFO - [2024-12-03T16:20:15.531+0000] {dag.py:2585} INFO - Sync 1 DAGs
[2024-12-03T16:20:15.563+0000] {logging_mixin.py:120} INFO - [2024-12-03T16:20:15.563+0000] {dag.py:3340} INFO - Setting next_dagrun for example_complex to None, run_after=None
[2024-12-03T16:20:15.603+0000] {processor.py:176} INFO - Processing /home/airflow/.local/lib/python3.7/site-packages/airflow/example_dags/example_complex.py took 0.173 seconds
[2024-12-03T16:20:45.994+0000] {processor.py:154} INFO - Started process (PID=3252) to work on /home/airflow/.local/lib/python3.7/site-packages/airflow/example_dags/example_complex.py
[2024-12-03T16:20:45.996+0000] {processor.py:756} INFO - Processing file /home/airflow/.local/lib/python3.7/site-packages/airflow/example_dags/example_complex.py for tasks to queue
[2024-12-03T16:20:45.998+0000] {logging_mixin.py:120} INFO - [2024-12-03T16:20:45.998+0000] {dagbag.py:537} INFO - Filling up the DagBag from /home/airflow/.local/lib/python3.7/site-packages/airflow/example_dags/example_complex.py
[2024-12-03T16:20:46.017+0000] {logging_mixin.py:120} INFO - [2024-12-03T16:20:46.017+0000] {taskmixin.py:205} WARNING - Dependency <Task(BashOperator): create_entry_group>, delete_entry_group already registered for DAG: example_complex
[2024-12-03T16:20:46.018+0000] {logging_mixin.py:120} INFO - [2024-12-03T16:20:46.018+0000] {taskmixin.py:205} WARNING - Dependency <Task(BashOperator): delete_entry_group>, create_entry_group already registered for DAG: example_complex
[2024-12-03T16:20:46.020+0000] {logging_mixin.py:120} INFO - [2024-12-03T16:20:46.019+0000] {taskmixin.py:205} WARNING - Dependency <Task(BashOperator): create_entry_gcs>, delete_entry already registered for DAG: example_complex
[2024-12-03T16:20:46.021+0000] {logging_mixin.py:120} INFO - [2024-12-03T16:20:46.020+0000] {taskmixin.py:205} WARNING - Dependency <Task(BashOperator): delete_entry>, create_entry_gcs already registered for DAG: example_complex
[2024-12-03T16:20:46.022+0000] {logging_mixin.py:120} INFO - [2024-12-03T16:20:46.022+0000] {taskmixin.py:205} WARNING - Dependency <Task(BashOperator): create_tag>, delete_tag already registered for DAG: example_complex
[2024-12-03T16:20:46.024+0000] {logging_mixin.py:120} INFO - [2024-12-03T16:20:46.023+0000] {taskmixin.py:205} WARNING - Dependency <Task(BashOperator): delete_tag>, create_tag already registered for DAG: example_complex
[2024-12-03T16:20:46.038+0000] {processor.py:766} INFO - DAG(s) dict_keys(['example_complex']) retrieved from /home/airflow/.local/lib/python3.7/site-packages/airflow/example_dags/example_complex.py
[2024-12-03T16:20:46.201+0000] {logging_mixin.py:120} INFO - [2024-12-03T16:20:46.200+0000] {dag.py:2585} INFO - Sync 1 DAGs
[2024-12-03T16:20:46.284+0000] {logging_mixin.py:120} INFO - [2024-12-03T16:20:46.283+0000] {dag.py:3340} INFO - Setting next_dagrun for example_complex to None, run_after=None
[2024-12-03T16:20:46.335+0000] {processor.py:176} INFO - Processing /home/airflow/.local/lib/python3.7/site-packages/airflow/example_dags/example_complex.py took 0.345 seconds
[2024-12-03T16:21:16.694+0000] {processor.py:154} INFO - Started process (PID=3314) to work on /home/airflow/.local/lib/python3.7/site-packages/airflow/example_dags/example_complex.py
[2024-12-03T16:21:16.697+0000] {processor.py:756} INFO - Processing file /home/airflow/.local/lib/python3.7/site-packages/airflow/example_dags/example_complex.py for tasks to queue
[2024-12-03T16:21:16.699+0000] {logging_mixin.py:120} INFO - [2024-12-03T16:21:16.699+0000] {dagbag.py:537} INFO - Filling up the DagBag from /home/airflow/.local/lib/python3.7/site-packages/airflow/example_dags/example_complex.py
[2024-12-03T16:21:16.716+0000] {logging_mixin.py:120} INFO - [2024-12-03T16:21:16.716+0000] {taskmixin.py:205} WARNING - Dependency <Task(BashOperator): create_entry_group>, delete_entry_group already registered for DAG: example_complex
[2024-12-03T16:21:16.718+0000] {logging_mixin.py:120} INFO - [2024-12-03T16:21:16.717+0000] {taskmixin.py:205} WARNING - Dependency <Task(BashOperator): delete_entry_group>, create_entry_group already registered for DAG: example_complex
[2024-12-03T16:21:16.718+0000] {logging_mixin.py:120} INFO - [2024-12-03T16:21:16.718+0000] {taskmixin.py:205} WARNING - Dependency <Task(BashOperator): create_entry_gcs>, delete_entry already registered for DAG: example_complex
[2024-12-03T16:21:16.719+0000] {logging_mixin.py:120} INFO - [2024-12-03T16:21:16.719+0000] {taskmixin.py:205} WARNING - Dependency <Task(BashOperator): delete_entry>, create_entry_gcs already registered for DAG: example_complex
[2024-12-03T16:21:16.721+0000] {logging_mixin.py:120} INFO - [2024-12-03T16:21:16.720+0000] {taskmixin.py:205} WARNING - Dependency <Task(BashOperator): create_tag>, delete_tag already registered for DAG: example_complex
[2024-12-03T16:21:16.722+0000] {logging_mixin.py:120} INFO - [2024-12-03T16:21:16.721+0000] {taskmixin.py:205} WARNING - Dependency <Task(BashOperator): delete_tag>, create_tag already registered for DAG: example_complex
[2024-12-03T16:21:16.736+0000] {processor.py:766} INFO - DAG(s) dict_keys(['example_complex']) retrieved from /home/airflow/.local/lib/python3.7/site-packages/airflow/example_dags/example_complex.py
[2024-12-03T16:21:16.841+0000] {logging_mixin.py:120} INFO - [2024-12-03T16:21:16.840+0000] {dag.py:2585} INFO - Sync 1 DAGs
[2024-12-03T16:21:16.889+0000] {logging_mixin.py:120} INFO - [2024-12-03T16:21:16.889+0000] {dag.py:3340} INFO - Setting next_dagrun for example_complex to None, run_after=None
[2024-12-03T16:21:16.950+0000] {processor.py:176} INFO - Processing /home/airflow/.local/lib/python3.7/site-packages/airflow/example_dags/example_complex.py took 0.261 seconds
[2024-12-03T16:21:47.664+0000] {processor.py:154} INFO - Started process (PID=3371) to work on /home/airflow/.local/lib/python3.7/site-packages/airflow/example_dags/example_complex.py
[2024-12-03T16:21:47.666+0000] {processor.py:756} INFO - Processing file /home/airflow/.local/lib/python3.7/site-packages/airflow/example_dags/example_complex.py for tasks to queue
[2024-12-03T16:21:47.667+0000] {logging_mixin.py:120} INFO - [2024-12-03T16:21:47.667+0000] {dagbag.py:537} INFO - Filling up the DagBag from /home/airflow/.local/lib/python3.7/site-packages/airflow/example_dags/example_complex.py
[2024-12-03T16:21:47.679+0000] {logging_mixin.py:120} INFO - [2024-12-03T16:21:47.679+0000] {taskmixin.py:205} WARNING - Dependency <Task(BashOperator): create_entry_group>, delete_entry_group already registered for DAG: example_complex
[2024-12-03T16:21:47.680+0000] {logging_mixin.py:120} INFO - [2024-12-03T16:21:47.680+0000] {taskmixin.py:205} WARNING - Dependency <Task(BashOperator): delete_entry_group>, create_entry_group already registered for DAG: example_complex
[2024-12-03T16:21:47.681+0000] {logging_mixin.py:120} INFO - [2024-12-03T16:21:47.681+0000] {taskmixin.py:205} WARNING - Dependency <Task(BashOperator): create_entry_gcs>, delete_entry already registered for DAG: example_complex
[2024-12-03T16:21:47.682+0000] {logging_mixin.py:120} INFO - [2024-12-03T16:21:47.682+0000] {taskmixin.py:205} WARNING - Dependency <Task(BashOperator): delete_entry>, create_entry_gcs already registered for DAG: example_complex
[2024-12-03T16:21:47.683+0000] {logging_mixin.py:120} INFO - [2024-12-03T16:21:47.683+0000] {taskmixin.py:205} WARNING - Dependency <Task(BashOperator): create_tag>, delete_tag already registered for DAG: example_complex
[2024-12-03T16:21:47.683+0000] {logging_mixin.py:120} INFO - [2024-12-03T16:21:47.683+0000] {taskmixin.py:205} WARNING - Dependency <Task(BashOperator): delete_tag>, create_tag already registered for DAG: example_complex
[2024-12-03T16:21:47.694+0000] {processor.py:766} INFO - DAG(s) dict_keys(['example_complex']) retrieved from /home/airflow/.local/lib/python3.7/site-packages/airflow/example_dags/example_complex.py
[2024-12-03T16:21:47.752+0000] {logging_mixin.py:120} INFO - [2024-12-03T16:21:47.752+0000] {dag.py:2585} INFO - Sync 1 DAGs
[2024-12-03T16:21:47.786+0000] {logging_mixin.py:120} INFO - [2024-12-03T16:21:47.786+0000] {dag.py:3340} INFO - Setting next_dagrun for example_complex to None, run_after=None
[2024-12-03T16:21:47.820+0000] {processor.py:176} INFO - Processing /home/airflow/.local/lib/python3.7/site-packages/airflow/example_dags/example_complex.py took 0.159 seconds
[2024-12-03T16:22:18.302+0000] {processor.py:154} INFO - Started process (PID=3435) to work on /home/airflow/.local/lib/python3.7/site-packages/airflow/example_dags/example_complex.py
[2024-12-03T16:22:18.304+0000] {processor.py:756} INFO - Processing file /home/airflow/.local/lib/python3.7/site-packages/airflow/example_dags/example_complex.py for tasks to queue
[2024-12-03T16:22:18.306+0000] {logging_mixin.py:120} INFO - [2024-12-03T16:22:18.305+0000] {dagbag.py:537} INFO - Filling up the DagBag from /home/airflow/.local/lib/python3.7/site-packages/airflow/example_dags/example_complex.py
[2024-12-03T16:22:18.321+0000] {logging_mixin.py:120} INFO - [2024-12-03T16:22:18.321+0000] {taskmixin.py:205} WARNING - Dependency <Task(BashOperator): create_entry_group>, delete_entry_group already registered for DAG: example_complex
[2024-12-03T16:22:18.322+0000] {logging_mixin.py:120} INFO - [2024-12-03T16:22:18.322+0000] {taskmixin.py:205} WARNING - Dependency <Task(BashOperator): delete_entry_group>, create_entry_group already registered for DAG: example_complex
[2024-12-03T16:22:18.323+0000] {logging_mixin.py:120} INFO - [2024-12-03T16:22:18.323+0000] {taskmixin.py:205} WARNING - Dependency <Task(BashOperator): create_entry_gcs>, delete_entry already registered for DAG: example_complex
[2024-12-03T16:22:18.323+0000] {logging_mixin.py:120} INFO - [2024-12-03T16:22:18.323+0000] {taskmixin.py:205} WARNING - Dependency <Task(BashOperator): delete_entry>, create_entry_gcs already registered for DAG: example_complex
[2024-12-03T16:22:18.324+0000] {logging_mixin.py:120} INFO - [2024-12-03T16:22:18.324+0000] {taskmixin.py:205} WARNING - Dependency <Task(BashOperator): create_tag>, delete_tag already registered for DAG: example_complex
[2024-12-03T16:22:18.325+0000] {logging_mixin.py:120} INFO - [2024-12-03T16:22:18.325+0000] {taskmixin.py:205} WARNING - Dependency <Task(BashOperator): delete_tag>, create_tag already registered for DAG: example_complex
[2024-12-03T16:22:18.334+0000] {processor.py:766} INFO - DAG(s) dict_keys(['example_complex']) retrieved from /home/airflow/.local/lib/python3.7/site-packages/airflow/example_dags/example_complex.py
[2024-12-03T16:22:18.389+0000] {logging_mixin.py:120} INFO - [2024-12-03T16:22:18.388+0000] {dag.py:2585} INFO - Sync 1 DAGs
[2024-12-03T16:22:18.421+0000] {logging_mixin.py:120} INFO - [2024-12-03T16:22:18.421+0000] {dag.py:3340} INFO - Setting next_dagrun for example_complex to None, run_after=None
[2024-12-03T16:22:18.453+0000] {processor.py:176} INFO - Processing /home/airflow/.local/lib/python3.7/site-packages/airflow/example_dags/example_complex.py took 0.155 seconds
[2024-12-03T16:22:48.703+0000] {processor.py:154} INFO - Started process (PID=3490) to work on /home/airflow/.local/lib/python3.7/site-packages/airflow/example_dags/example_complex.py
[2024-12-03T16:22:48.705+0000] {processor.py:756} INFO - Processing file /home/airflow/.local/lib/python3.7/site-packages/airflow/example_dags/example_complex.py for tasks to queue
[2024-12-03T16:22:48.706+0000] {logging_mixin.py:120} INFO - [2024-12-03T16:22:48.705+0000] {dagbag.py:537} INFO - Filling up the DagBag from /home/airflow/.local/lib/python3.7/site-packages/airflow/example_dags/example_complex.py
[2024-12-03T16:22:48.717+0000] {logging_mixin.py:120} INFO - [2024-12-03T16:22:48.717+0000] {taskmixin.py:205} WARNING - Dependency <Task(BashOperator): create_entry_group>, delete_entry_group already registered for DAG: example_complex
[2024-12-03T16:22:48.718+0000] {logging_mixin.py:120} INFO - [2024-12-03T16:22:48.718+0000] {taskmixin.py:205} WARNING - Dependency <Task(BashOperator): delete_entry_group>, create_entry_group already registered for DAG: example_complex
[2024-12-03T16:22:48.719+0000] {logging_mixin.py:120} INFO - [2024-12-03T16:22:48.719+0000] {taskmixin.py:205} WARNING - Dependency <Task(BashOperator): create_entry_gcs>, delete_entry already registered for DAG: example_complex
[2024-12-03T16:22:48.720+0000] {logging_mixin.py:120} INFO - [2024-12-03T16:22:48.719+0000] {taskmixin.py:205} WARNING - Dependency <Task(BashOperator): delete_entry>, create_entry_gcs already registered for DAG: example_complex
[2024-12-03T16:22:48.721+0000] {logging_mixin.py:120} INFO - [2024-12-03T16:22:48.721+0000] {taskmixin.py:205} WARNING - Dependency <Task(BashOperator): create_tag>, delete_tag already registered for DAG: example_complex
[2024-12-03T16:22:48.721+0000] {logging_mixin.py:120} INFO - [2024-12-03T16:22:48.721+0000] {taskmixin.py:205} WARNING - Dependency <Task(BashOperator): delete_tag>, create_tag already registered for DAG: example_complex
[2024-12-03T16:22:48.731+0000] {processor.py:766} INFO - DAG(s) dict_keys(['example_complex']) retrieved from /home/airflow/.local/lib/python3.7/site-packages/airflow/example_dags/example_complex.py
[2024-12-03T16:22:48.789+0000] {logging_mixin.py:120} INFO - [2024-12-03T16:22:48.788+0000] {dag.py:2585} INFO - Sync 1 DAGs
[2024-12-03T16:22:48.821+0000] {logging_mixin.py:120} INFO - [2024-12-03T16:22:48.820+0000] {dag.py:3340} INFO - Setting next_dagrun for example_complex to None, run_after=None
[2024-12-03T16:22:48.858+0000] {processor.py:176} INFO - Processing /home/airflow/.local/lib/python3.7/site-packages/airflow/example_dags/example_complex.py took 0.159 seconds
[2024-12-03T16:23:18.979+0000] {processor.py:154} INFO - Started process (PID=3554) to work on /home/airflow/.local/lib/python3.7/site-packages/airflow/example_dags/example_complex.py
[2024-12-03T16:23:18.981+0000] {processor.py:756} INFO - Processing file /home/airflow/.local/lib/python3.7/site-packages/airflow/example_dags/example_complex.py for tasks to queue
[2024-12-03T16:23:18.982+0000] {logging_mixin.py:120} INFO - [2024-12-03T16:23:18.982+0000] {dagbag.py:537} INFO - Filling up the DagBag from /home/airflow/.local/lib/python3.7/site-packages/airflow/example_dags/example_complex.py
[2024-12-03T16:23:18.995+0000] {logging_mixin.py:120} INFO - [2024-12-03T16:23:18.994+0000] {taskmixin.py:205} WARNING - Dependency <Task(BashOperator): create_entry_group>, delete_entry_group already registered for DAG: example_complex
[2024-12-03T16:23:18.996+0000] {logging_mixin.py:120} INFO - [2024-12-03T16:23:18.996+0000] {taskmixin.py:205} WARNING - Dependency <Task(BashOperator): delete_entry_group>, create_entry_group already registered for DAG: example_complex
[2024-12-03T16:23:18.997+0000] {logging_mixin.py:120} INFO - [2024-12-03T16:23:18.997+0000] {taskmixin.py:205} WARNING - Dependency <Task(BashOperator): create_entry_gcs>, delete_entry already registered for DAG: example_complex
[2024-12-03T16:23:18.998+0000] {logging_mixin.py:120} INFO - [2024-12-03T16:23:18.998+0000] {taskmixin.py:205} WARNING - Dependency <Task(BashOperator): delete_entry>, create_entry_gcs already registered for DAG: example_complex
[2024-12-03T16:23:18.999+0000] {logging_mixin.py:120} INFO - [2024-12-03T16:23:18.999+0000] {taskmixin.py:205} WARNING - Dependency <Task(BashOperator): create_tag>, delete_tag already registered for DAG: example_complex
[2024-12-03T16:23:18.999+0000] {logging_mixin.py:120} INFO - [2024-12-03T16:23:18.999+0000] {taskmixin.py:205} WARNING - Dependency <Task(BashOperator): delete_tag>, create_tag already registered for DAG: example_complex
[2024-12-03T16:23:19.008+0000] {processor.py:766} INFO - DAG(s) dict_keys(['example_complex']) retrieved from /home/airflow/.local/lib/python3.7/site-packages/airflow/example_dags/example_complex.py
[2024-12-03T16:23:19.064+0000] {logging_mixin.py:120} INFO - [2024-12-03T16:23:19.063+0000] {dag.py:2585} INFO - Sync 1 DAGs
[2024-12-03T16:23:19.096+0000] {logging_mixin.py:120} INFO - [2024-12-03T16:23:19.096+0000] {dag.py:3340} INFO - Setting next_dagrun for example_complex to None, run_after=None
[2024-12-03T16:23:19.131+0000] {processor.py:176} INFO - Processing /home/airflow/.local/lib/python3.7/site-packages/airflow/example_dags/example_complex.py took 0.155 seconds
[2024-12-03T16:23:49.554+0000] {processor.py:154} INFO - Started process (PID=3618) to work on /home/airflow/.local/lib/python3.7/site-packages/airflow/example_dags/example_complex.py
[2024-12-03T16:23:49.556+0000] {processor.py:756} INFO - Processing file /home/airflow/.local/lib/python3.7/site-packages/airflow/example_dags/example_complex.py for tasks to queue
[2024-12-03T16:23:49.558+0000] {logging_mixin.py:120} INFO - [2024-12-03T16:23:49.558+0000] {dagbag.py:537} INFO - Filling up the DagBag from /home/airflow/.local/lib/python3.7/site-packages/airflow/example_dags/example_complex.py
[2024-12-03T16:23:49.571+0000] {logging_mixin.py:120} INFO - [2024-12-03T16:23:49.571+0000] {taskmixin.py:205} WARNING - Dependency <Task(BashOperator): create_entry_group>, delete_entry_group already registered for DAG: example_complex
[2024-12-03T16:23:49.572+0000] {logging_mixin.py:120} INFO - [2024-12-03T16:23:49.572+0000] {taskmixin.py:205} WARNING - Dependency <Task(BashOperator): delete_entry_group>, create_entry_group already registered for DAG: example_complex
[2024-12-03T16:23:49.572+0000] {logging_mixin.py:120} INFO - [2024-12-03T16:23:49.572+0000] {taskmixin.py:205} WARNING - Dependency <Task(BashOperator): create_entry_gcs>, delete_entry already registered for DAG: example_complex
[2024-12-03T16:23:49.573+0000] {logging_mixin.py:120} INFO - [2024-12-03T16:23:49.573+0000] {taskmixin.py:205} WARNING - Dependency <Task(BashOperator): delete_entry>, create_entry_gcs already registered for DAG: example_complex
[2024-12-03T16:23:49.574+0000] {logging_mixin.py:120} INFO - [2024-12-03T16:23:49.574+0000] {taskmixin.py:205} WARNING - Dependency <Task(BashOperator): create_tag>, delete_tag already registered for DAG: example_complex
[2024-12-03T16:23:49.575+0000] {logging_mixin.py:120} INFO - [2024-12-03T16:23:49.575+0000] {taskmixin.py:205} WARNING - Dependency <Task(BashOperator): delete_tag>, create_tag already registered for DAG: example_complex
[2024-12-03T16:23:49.588+0000] {processor.py:766} INFO - DAG(s) dict_keys(['example_complex']) retrieved from /home/airflow/.local/lib/python3.7/site-packages/airflow/example_dags/example_complex.py
[2024-12-03T16:23:49.675+0000] {logging_mixin.py:120} INFO - [2024-12-03T16:23:49.674+0000] {dag.py:2585} INFO - Sync 1 DAGs
[2024-12-03T16:23:49.743+0000] {logging_mixin.py:120} INFO - [2024-12-03T16:23:49.742+0000] {dag.py:3340} INFO - Setting next_dagrun for example_complex to None, run_after=None
[2024-12-03T16:23:49.790+0000] {processor.py:176} INFO - Processing /home/airflow/.local/lib/python3.7/site-packages/airflow/example_dags/example_complex.py took 0.239 seconds
[2024-12-03T16:24:20.332+0000] {processor.py:154} INFO - Started process (PID=3673) to work on /home/airflow/.local/lib/python3.7/site-packages/airflow/example_dags/example_complex.py
[2024-12-03T16:24:20.335+0000] {processor.py:756} INFO - Processing file /home/airflow/.local/lib/python3.7/site-packages/airflow/example_dags/example_complex.py for tasks to queue
[2024-12-03T16:24:20.337+0000] {logging_mixin.py:120} INFO - [2024-12-03T16:24:20.337+0000] {dagbag.py:537} INFO - Filling up the DagBag from /home/airflow/.local/lib/python3.7/site-packages/airflow/example_dags/example_complex.py
[2024-12-03T16:24:20.351+0000] {logging_mixin.py:120} INFO - [2024-12-03T16:24:20.351+0000] {taskmixin.py:205} WARNING - Dependency <Task(BashOperator): create_entry_group>, delete_entry_group already registered for DAG: example_complex
[2024-12-03T16:24:20.352+0000] {logging_mixin.py:120} INFO - [2024-12-03T16:24:20.352+0000] {taskmixin.py:205} WARNING - Dependency <Task(BashOperator): delete_entry_group>, create_entry_group already registered for DAG: example_complex
[2024-12-03T16:24:20.352+0000] {logging_mixin.py:120} INFO - [2024-12-03T16:24:20.352+0000] {taskmixin.py:205} WARNING - Dependency <Task(BashOperator): create_entry_gcs>, delete_entry already registered for DAG: example_complex
[2024-12-03T16:24:20.353+0000] {logging_mixin.py:120} INFO - [2024-12-03T16:24:20.353+0000] {taskmixin.py:205} WARNING - Dependency <Task(BashOperator): delete_entry>, create_entry_gcs already registered for DAG: example_complex
[2024-12-03T16:24:20.354+0000] {logging_mixin.py:120} INFO - [2024-12-03T16:24:20.353+0000] {taskmixin.py:205} WARNING - Dependency <Task(BashOperator): create_tag>, delete_tag already registered for DAG: example_complex
[2024-12-03T16:24:20.354+0000] {logging_mixin.py:120} INFO - [2024-12-03T16:24:20.354+0000] {taskmixin.py:205} WARNING - Dependency <Task(BashOperator): delete_tag>, create_tag already registered for DAG: example_complex
[2024-12-03T16:24:20.363+0000] {processor.py:766} INFO - DAG(s) dict_keys(['example_complex']) retrieved from /home/airflow/.local/lib/python3.7/site-packages/airflow/example_dags/example_complex.py
[2024-12-03T16:24:20.426+0000] {logging_mixin.py:120} INFO - [2024-12-03T16:24:20.426+0000] {dag.py:2585} INFO - Sync 1 DAGs
[2024-12-03T16:24:20.462+0000] {logging_mixin.py:120} INFO - [2024-12-03T16:24:20.462+0000] {dag.py:3340} INFO - Setting next_dagrun for example_complex to None, run_after=None
[2024-12-03T16:24:20.503+0000] {processor.py:176} INFO - Processing /home/airflow/.local/lib/python3.7/site-packages/airflow/example_dags/example_complex.py took 0.174 seconds
[2024-12-03T16:24:51.280+0000] {processor.py:154} INFO - Started process (PID=3750) to work on /home/airflow/.local/lib/python3.7/site-packages/airflow/example_dags/example_complex.py
[2024-12-03T16:24:51.282+0000] {processor.py:756} INFO - Processing file /home/airflow/.local/lib/python3.7/site-packages/airflow/example_dags/example_complex.py for tasks to queue
[2024-12-03T16:24:51.285+0000] {logging_mixin.py:120} INFO - [2024-12-03T16:24:51.284+0000] {dagbag.py:537} INFO - Filling up the DagBag from /home/airflow/.local/lib/python3.7/site-packages/airflow/example_dags/example_complex.py
[2024-12-03T16:24:51.308+0000] {logging_mixin.py:120} INFO - [2024-12-03T16:24:51.308+0000] {taskmixin.py:205} WARNING - Dependency <Task(BashOperator): create_entry_group>, delete_entry_group already registered for DAG: example_complex
[2024-12-03T16:24:51.310+0000] {logging_mixin.py:120} INFO - [2024-12-03T16:24:51.309+0000] {taskmixin.py:205} WARNING - Dependency <Task(BashOperator): delete_entry_group>, create_entry_group already registered for DAG: example_complex
[2024-12-03T16:24:51.314+0000] {logging_mixin.py:120} INFO - [2024-12-03T16:24:51.314+0000] {taskmixin.py:205} WARNING - Dependency <Task(BashOperator): create_entry_gcs>, delete_entry already registered for DAG: example_complex
[2024-12-03T16:24:51.315+0000] {logging_mixin.py:120} INFO - [2024-12-03T16:24:51.315+0000] {taskmixin.py:205} WARNING - Dependency <Task(BashOperator): delete_entry>, create_entry_gcs already registered for DAG: example_complex
[2024-12-03T16:24:51.317+0000] {logging_mixin.py:120} INFO - [2024-12-03T16:24:51.316+0000] {taskmixin.py:205} WARNING - Dependency <Task(BashOperator): create_tag>, delete_tag already registered for DAG: example_complex
[2024-12-03T16:24:51.317+0000] {logging_mixin.py:120} INFO - [2024-12-03T16:24:51.317+0000] {taskmixin.py:205} WARNING - Dependency <Task(BashOperator): delete_tag>, create_tag already registered for DAG: example_complex
[2024-12-03T16:24:51.331+0000] {processor.py:766} INFO - DAG(s) dict_keys(['example_complex']) retrieved from /home/airflow/.local/lib/python3.7/site-packages/airflow/example_dags/example_complex.py
[2024-12-03T16:24:51.427+0000] {logging_mixin.py:120} INFO - [2024-12-03T16:24:51.427+0000] {dag.py:2585} INFO - Sync 1 DAGs
[2024-12-03T16:24:51.489+0000] {logging_mixin.py:120} INFO - [2024-12-03T16:24:51.489+0000] {dag.py:3340} INFO - Setting next_dagrun for example_complex to None, run_after=None
[2024-12-03T16:24:51.542+0000] {processor.py:176} INFO - Processing /home/airflow/.local/lib/python3.7/site-packages/airflow/example_dags/example_complex.py took 0.269 seconds
[2024-12-03T16:25:21.722+0000] {processor.py:154} INFO - Started process (PID=3817) to work on /home/airflow/.local/lib/python3.7/site-packages/airflow/example_dags/example_complex.py
[2024-12-03T16:25:21.725+0000] {processor.py:756} INFO - Processing file /home/airflow/.local/lib/python3.7/site-packages/airflow/example_dags/example_complex.py for tasks to queue
[2024-12-03T16:25:21.728+0000] {logging_mixin.py:120} INFO - [2024-12-03T16:25:21.727+0000] {dagbag.py:537} INFO - Filling up the DagBag from /home/airflow/.local/lib/python3.7/site-packages/airflow/example_dags/example_complex.py
[2024-12-03T16:25:21.753+0000] {logging_mixin.py:120} INFO - [2024-12-03T16:25:21.752+0000] {taskmixin.py:205} WARNING - Dependency <Task(BashOperator): create_entry_group>, delete_entry_group already registered for DAG: example_complex
[2024-12-03T16:25:21.754+0000] {logging_mixin.py:120} INFO - [2024-12-03T16:25:21.753+0000] {taskmixin.py:205} WARNING - Dependency <Task(BashOperator): delete_entry_group>, create_entry_group already registered for DAG: example_complex
[2024-12-03T16:25:21.755+0000] {logging_mixin.py:120} INFO - [2024-12-03T16:25:21.755+0000] {taskmixin.py:205} WARNING - Dependency <Task(BashOperator): create_entry_gcs>, delete_entry already registered for DAG: example_complex
[2024-12-03T16:25:21.756+0000] {logging_mixin.py:120} INFO - [2024-12-03T16:25:21.756+0000] {taskmixin.py:205} WARNING - Dependency <Task(BashOperator): delete_entry>, create_entry_gcs already registered for DAG: example_complex
[2024-12-03T16:25:21.757+0000] {logging_mixin.py:120} INFO - [2024-12-03T16:25:21.757+0000] {taskmixin.py:205} WARNING - Dependency <Task(BashOperator): create_tag>, delete_tag already registered for DAG: example_complex
[2024-12-03T16:25:21.758+0000] {logging_mixin.py:120} INFO - [2024-12-03T16:25:21.758+0000] {taskmixin.py:205} WARNING - Dependency <Task(BashOperator): delete_tag>, create_tag already registered for DAG: example_complex
[2024-12-03T16:25:21.777+0000] {processor.py:766} INFO - DAG(s) dict_keys(['example_complex']) retrieved from /home/airflow/.local/lib/python3.7/site-packages/airflow/example_dags/example_complex.py
[2024-12-03T16:25:21.875+0000] {logging_mixin.py:120} INFO - [2024-12-03T16:25:21.874+0000] {dag.py:2585} INFO - Sync 1 DAGs
[2024-12-03T16:25:21.925+0000] {logging_mixin.py:120} INFO - [2024-12-03T16:25:21.925+0000] {dag.py:3340} INFO - Setting next_dagrun for example_complex to None, run_after=None
[2024-12-03T16:25:21.967+0000] {processor.py:176} INFO - Processing /home/airflow/.local/lib/python3.7/site-packages/airflow/example_dags/example_complex.py took 0.251 seconds
[2024-12-03T16:25:52.979+0000] {processor.py:154} INFO - Started process (PID=3882) to work on /home/airflow/.local/lib/python3.7/site-packages/airflow/example_dags/example_complex.py
[2024-12-03T16:25:52.981+0000] {processor.py:756} INFO - Processing file /home/airflow/.local/lib/python3.7/site-packages/airflow/example_dags/example_complex.py for tasks to queue
[2024-12-03T16:25:52.982+0000] {logging_mixin.py:120} INFO - [2024-12-03T16:25:52.982+0000] {dagbag.py:537} INFO - Filling up the DagBag from /home/airflow/.local/lib/python3.7/site-packages/airflow/example_dags/example_complex.py
[2024-12-03T16:25:52.998+0000] {logging_mixin.py:120} INFO - [2024-12-03T16:25:52.998+0000] {taskmixin.py:205} WARNING - Dependency <Task(BashOperator): create_entry_group>, delete_entry_group already registered for DAG: example_complex
[2024-12-03T16:25:52.999+0000] {logging_mixin.py:120} INFO - [2024-12-03T16:25:52.999+0000] {taskmixin.py:205} WARNING - Dependency <Task(BashOperator): delete_entry_group>, create_entry_group already registered for DAG: example_complex
[2024-12-03T16:25:53.000+0000] {logging_mixin.py:120} INFO - [2024-12-03T16:25:53.000+0000] {taskmixin.py:205} WARNING - Dependency <Task(BashOperator): create_entry_gcs>, delete_entry already registered for DAG: example_complex
[2024-12-03T16:25:53.001+0000] {logging_mixin.py:120} INFO - [2024-12-03T16:25:53.001+0000] {taskmixin.py:205} WARNING - Dependency <Task(BashOperator): delete_entry>, create_entry_gcs already registered for DAG: example_complex
[2024-12-03T16:25:53.002+0000] {logging_mixin.py:120} INFO - [2024-12-03T16:25:53.002+0000] {taskmixin.py:205} WARNING - Dependency <Task(BashOperator): create_tag>, delete_tag already registered for DAG: example_complex
[2024-12-03T16:25:53.003+0000] {logging_mixin.py:120} INFO - [2024-12-03T16:25:53.003+0000] {taskmixin.py:205} WARNING - Dependency <Task(BashOperator): delete_tag>, create_tag already registered for DAG: example_complex
[2024-12-03T16:25:53.018+0000] {processor.py:766} INFO - DAG(s) dict_keys(['example_complex']) retrieved from /home/airflow/.local/lib/python3.7/site-packages/airflow/example_dags/example_complex.py
[2024-12-03T16:25:53.187+0000] {logging_mixin.py:120} INFO - [2024-12-03T16:25:53.186+0000] {dag.py:2585} INFO - Sync 1 DAGs
[2024-12-03T16:25:53.243+0000] {logging_mixin.py:120} INFO - [2024-12-03T16:25:53.243+0000] {dag.py:3340} INFO - Setting next_dagrun for example_complex to None, run_after=None
[2024-12-03T16:25:53.314+0000] {processor.py:176} INFO - Processing /home/airflow/.local/lib/python3.7/site-packages/airflow/example_dags/example_complex.py took 0.341 seconds
[2024-12-03T16:26:24.120+0000] {processor.py:154} INFO - Started process (PID=3937) to work on /home/airflow/.local/lib/python3.7/site-packages/airflow/example_dags/example_complex.py
[2024-12-03T16:26:24.122+0000] {processor.py:756} INFO - Processing file /home/airflow/.local/lib/python3.7/site-packages/airflow/example_dags/example_complex.py for tasks to queue
[2024-12-03T16:26:24.123+0000] {logging_mixin.py:120} INFO - [2024-12-03T16:26:24.123+0000] {dagbag.py:537} INFO - Filling up the DagBag from /home/airflow/.local/lib/python3.7/site-packages/airflow/example_dags/example_complex.py
[2024-12-03T16:26:24.135+0000] {logging_mixin.py:120} INFO - [2024-12-03T16:26:24.135+0000] {taskmixin.py:205} WARNING - Dependency <Task(BashOperator): create_entry_group>, delete_entry_group already registered for DAG: example_complex
[2024-12-03T16:26:24.136+0000] {logging_mixin.py:120} INFO - [2024-12-03T16:26:24.136+0000] {taskmixin.py:205} WARNING - Dependency <Task(BashOperator): delete_entry_group>, create_entry_group already registered for DAG: example_complex
[2024-12-03T16:26:24.137+0000] {logging_mixin.py:120} INFO - [2024-12-03T16:26:24.137+0000] {taskmixin.py:205} WARNING - Dependency <Task(BashOperator): create_entry_gcs>, delete_entry already registered for DAG: example_complex
[2024-12-03T16:26:24.138+0000] {logging_mixin.py:120} INFO - [2024-12-03T16:26:24.138+0000] {taskmixin.py:205} WARNING - Dependency <Task(BashOperator): delete_entry>, create_entry_gcs already registered for DAG: example_complex
[2024-12-03T16:26:24.139+0000] {logging_mixin.py:120} INFO - [2024-12-03T16:26:24.139+0000] {taskmixin.py:205} WARNING - Dependency <Task(BashOperator): create_tag>, delete_tag already registered for DAG: example_complex
[2024-12-03T16:26:24.139+0000] {logging_mixin.py:120} INFO - [2024-12-03T16:26:24.139+0000] {taskmixin.py:205} WARNING - Dependency <Task(BashOperator): delete_tag>, create_tag already registered for DAG: example_complex
[2024-12-03T16:26:24.152+0000] {processor.py:766} INFO - DAG(s) dict_keys(['example_complex']) retrieved from /home/airflow/.local/lib/python3.7/site-packages/airflow/example_dags/example_complex.py
[2024-12-03T16:26:24.212+0000] {logging_mixin.py:120} INFO - [2024-12-03T16:26:24.212+0000] {dag.py:2585} INFO - Sync 1 DAGs
[2024-12-03T16:26:24.244+0000] {logging_mixin.py:120} INFO - [2024-12-03T16:26:24.243+0000] {dag.py:3340} INFO - Setting next_dagrun for example_complex to None, run_after=None
[2024-12-03T16:26:24.280+0000] {processor.py:176} INFO - Processing /home/airflow/.local/lib/python3.7/site-packages/airflow/example_dags/example_complex.py took 0.163 seconds
[2024-12-03T16:26:54.418+0000] {processor.py:154} INFO - Started process (PID=4000) to work on /home/airflow/.local/lib/python3.7/site-packages/airflow/example_dags/example_complex.py
[2024-12-03T16:26:54.420+0000] {processor.py:756} INFO - Processing file /home/airflow/.local/lib/python3.7/site-packages/airflow/example_dags/example_complex.py for tasks to queue
[2024-12-03T16:26:54.421+0000] {logging_mixin.py:120} INFO - [2024-12-03T16:26:54.421+0000] {dagbag.py:537} INFO - Filling up the DagBag from /home/airflow/.local/lib/python3.7/site-packages/airflow/example_dags/example_complex.py
[2024-12-03T16:26:54.435+0000] {logging_mixin.py:120} INFO - [2024-12-03T16:26:54.435+0000] {taskmixin.py:205} WARNING - Dependency <Task(BashOperator): create_entry_group>, delete_entry_group already registered for DAG: example_complex
[2024-12-03T16:26:54.437+0000] {logging_mixin.py:120} INFO - [2024-12-03T16:26:54.436+0000] {taskmixin.py:205} WARNING - Dependency <Task(BashOperator): delete_entry_group>, create_entry_group already registered for DAG: example_complex
[2024-12-03T16:26:54.438+0000] {logging_mixin.py:120} INFO - [2024-12-03T16:26:54.438+0000] {taskmixin.py:205} WARNING - Dependency <Task(BashOperator): create_entry_gcs>, delete_entry already registered for DAG: example_complex
[2024-12-03T16:26:54.439+0000] {logging_mixin.py:120} INFO - [2024-12-03T16:26:54.438+0000] {taskmixin.py:205} WARNING - Dependency <Task(BashOperator): delete_entry>, create_entry_gcs already registered for DAG: example_complex
[2024-12-03T16:26:54.441+0000] {logging_mixin.py:120} INFO - [2024-12-03T16:26:54.441+0000] {taskmixin.py:205} WARNING - Dependency <Task(BashOperator): create_tag>, delete_tag already registered for DAG: example_complex
[2024-12-03T16:26:54.442+0000] {logging_mixin.py:120} INFO - [2024-12-03T16:26:54.441+0000] {taskmixin.py:205} WARNING - Dependency <Task(BashOperator): delete_tag>, create_tag already registered for DAG: example_complex
[2024-12-03T16:26:54.451+0000] {processor.py:766} INFO - DAG(s) dict_keys(['example_complex']) retrieved from /home/airflow/.local/lib/python3.7/site-packages/airflow/example_dags/example_complex.py
[2024-12-03T16:26:54.514+0000] {logging_mixin.py:120} INFO - [2024-12-03T16:26:54.514+0000] {dag.py:2585} INFO - Sync 1 DAGs
[2024-12-03T16:26:54.555+0000] {logging_mixin.py:120} INFO - [2024-12-03T16:26:54.555+0000] {dag.py:3340} INFO - Setting next_dagrun for example_complex to None, run_after=None
[2024-12-03T16:26:54.591+0000] {processor.py:176} INFO - Processing /home/airflow/.local/lib/python3.7/site-packages/airflow/example_dags/example_complex.py took 0.179 seconds
[2024-12-03T16:27:25.555+0000] {processor.py:154} INFO - Started process (PID=4055) to work on /home/airflow/.local/lib/python3.7/site-packages/airflow/example_dags/example_complex.py
[2024-12-03T16:27:25.556+0000] {processor.py:756} INFO - Processing file /home/airflow/.local/lib/python3.7/site-packages/airflow/example_dags/example_complex.py for tasks to queue
[2024-12-03T16:27:25.559+0000] {logging_mixin.py:120} INFO - [2024-12-03T16:27:25.559+0000] {dagbag.py:537} INFO - Filling up the DagBag from /home/airflow/.local/lib/python3.7/site-packages/airflow/example_dags/example_complex.py
[2024-12-03T16:27:25.580+0000] {logging_mixin.py:120} INFO - [2024-12-03T16:27:25.580+0000] {taskmixin.py:205} WARNING - Dependency <Task(BashOperator): create_entry_group>, delete_entry_group already registered for DAG: example_complex
[2024-12-03T16:27:25.581+0000] {logging_mixin.py:120} INFO - [2024-12-03T16:27:25.581+0000] {taskmixin.py:205} WARNING - Dependency <Task(BashOperator): delete_entry_group>, create_entry_group already registered for DAG: example_complex
[2024-12-03T16:27:25.582+0000] {logging_mixin.py:120} INFO - [2024-12-03T16:27:25.582+0000] {taskmixin.py:205} WARNING - Dependency <Task(BashOperator): create_entry_gcs>, delete_entry already registered for DAG: example_complex
[2024-12-03T16:27:25.583+0000] {logging_mixin.py:120} INFO - [2024-12-03T16:27:25.583+0000] {taskmixin.py:205} WARNING - Dependency <Task(BashOperator): delete_entry>, create_entry_gcs already registered for DAG: example_complex
[2024-12-03T16:27:25.585+0000] {logging_mixin.py:120} INFO - [2024-12-03T16:27:25.585+0000] {taskmixin.py:205} WARNING - Dependency <Task(BashOperator): create_tag>, delete_tag already registered for DAG: example_complex
[2024-12-03T16:27:25.586+0000] {logging_mixin.py:120} INFO - [2024-12-03T16:27:25.586+0000] {taskmixin.py:205} WARNING - Dependency <Task(BashOperator): delete_tag>, create_tag already registered for DAG: example_complex
[2024-12-03T16:27:25.599+0000] {processor.py:766} INFO - DAG(s) dict_keys(['example_complex']) retrieved from /home/airflow/.local/lib/python3.7/site-packages/airflow/example_dags/example_complex.py
[2024-12-03T16:27:25.672+0000] {logging_mixin.py:120} INFO - [2024-12-03T16:27:25.672+0000] {dag.py:2585} INFO - Sync 1 DAGs
[2024-12-03T16:27:25.714+0000] {logging_mixin.py:120} INFO - [2024-12-03T16:27:25.714+0000] {dag.py:3340} INFO - Setting next_dagrun for example_complex to None, run_after=None
[2024-12-03T16:27:25.761+0000] {processor.py:176} INFO - Processing /home/airflow/.local/lib/python3.7/site-packages/airflow/example_dags/example_complex.py took 0.210 seconds
[2024-12-03T16:27:56.781+0000] {processor.py:154} INFO - Started process (PID=4119) to work on /home/airflow/.local/lib/python3.7/site-packages/airflow/example_dags/example_complex.py
[2024-12-03T16:27:56.782+0000] {processor.py:756} INFO - Processing file /home/airflow/.local/lib/python3.7/site-packages/airflow/example_dags/example_complex.py for tasks to queue
[2024-12-03T16:27:56.784+0000] {logging_mixin.py:120} INFO - [2024-12-03T16:27:56.784+0000] {dagbag.py:537} INFO - Filling up the DagBag from /home/airflow/.local/lib/python3.7/site-packages/airflow/example_dags/example_complex.py
[2024-12-03T16:27:56.797+0000] {logging_mixin.py:120} INFO - [2024-12-03T16:27:56.797+0000] {taskmixin.py:205} WARNING - Dependency <Task(BashOperator): create_entry_group>, delete_entry_group already registered for DAG: example_complex
[2024-12-03T16:27:56.797+0000] {logging_mixin.py:120} INFO - [2024-12-03T16:27:56.797+0000] {taskmixin.py:205} WARNING - Dependency <Task(BashOperator): delete_entry_group>, create_entry_group already registered for DAG: example_complex
[2024-12-03T16:27:56.799+0000] {logging_mixin.py:120} INFO - [2024-12-03T16:27:56.799+0000] {taskmixin.py:205} WARNING - Dependency <Task(BashOperator): create_entry_gcs>, delete_entry already registered for DAG: example_complex
[2024-12-03T16:27:56.801+0000] {logging_mixin.py:120} INFO - [2024-12-03T16:27:56.800+0000] {taskmixin.py:205} WARNING - Dependency <Task(BashOperator): delete_entry>, create_entry_gcs already registered for DAG: example_complex
[2024-12-03T16:27:56.802+0000] {logging_mixin.py:120} INFO - [2024-12-03T16:27:56.802+0000] {taskmixin.py:205} WARNING - Dependency <Task(BashOperator): create_tag>, delete_tag already registered for DAG: example_complex
[2024-12-03T16:27:56.804+0000] {logging_mixin.py:120} INFO - [2024-12-03T16:27:56.804+0000] {taskmixin.py:205} WARNING - Dependency <Task(BashOperator): delete_tag>, create_tag already registered for DAG: example_complex
[2024-12-03T16:27:56.815+0000] {processor.py:766} INFO - DAG(s) dict_keys(['example_complex']) retrieved from /home/airflow/.local/lib/python3.7/site-packages/airflow/example_dags/example_complex.py
[2024-12-03T16:27:56.881+0000] {logging_mixin.py:120} INFO - [2024-12-03T16:27:56.881+0000] {dag.py:2585} INFO - Sync 1 DAGs
[2024-12-03T16:27:56.915+0000] {logging_mixin.py:120} INFO - [2024-12-03T16:27:56.914+0000] {dag.py:3340} INFO - Setting next_dagrun for example_complex to None, run_after=None
[2024-12-03T16:27:56.949+0000] {processor.py:176} INFO - Processing /home/airflow/.local/lib/python3.7/site-packages/airflow/example_dags/example_complex.py took 0.171 seconds
[2024-12-03T16:28:27.588+0000] {processor.py:154} INFO - Started process (PID=4174) to work on /home/airflow/.local/lib/python3.7/site-packages/airflow/example_dags/example_complex.py
[2024-12-03T16:28:27.590+0000] {processor.py:756} INFO - Processing file /home/airflow/.local/lib/python3.7/site-packages/airflow/example_dags/example_complex.py for tasks to queue
[2024-12-03T16:28:27.592+0000] {logging_mixin.py:120} INFO - [2024-12-03T16:28:27.591+0000] {dagbag.py:537} INFO - Filling up the DagBag from /home/airflow/.local/lib/python3.7/site-packages/airflow/example_dags/example_complex.py
[2024-12-03T16:28:27.615+0000] {logging_mixin.py:120} INFO - [2024-12-03T16:28:27.615+0000] {taskmixin.py:205} WARNING - Dependency <Task(BashOperator): create_entry_group>, delete_entry_group already registered for DAG: example_complex
[2024-12-03T16:28:27.616+0000] {logging_mixin.py:120} INFO - [2024-12-03T16:28:27.616+0000] {taskmixin.py:205} WARNING - Dependency <Task(BashOperator): delete_entry_group>, create_entry_group already registered for DAG: example_complex
[2024-12-03T16:28:27.617+0000] {logging_mixin.py:120} INFO - [2024-12-03T16:28:27.617+0000] {taskmixin.py:205} WARNING - Dependency <Task(BashOperator): create_entry_gcs>, delete_entry already registered for DAG: example_complex
[2024-12-03T16:28:27.618+0000] {logging_mixin.py:120} INFO - [2024-12-03T16:28:27.618+0000] {taskmixin.py:205} WARNING - Dependency <Task(BashOperator): delete_entry>, create_entry_gcs already registered for DAG: example_complex
[2024-12-03T16:28:27.620+0000] {logging_mixin.py:120} INFO - [2024-12-03T16:28:27.619+0000] {taskmixin.py:205} WARNING - Dependency <Task(BashOperator): create_tag>, delete_tag already registered for DAG: example_complex
[2024-12-03T16:28:27.620+0000] {logging_mixin.py:120} INFO - [2024-12-03T16:28:27.620+0000] {taskmixin.py:205} WARNING - Dependency <Task(BashOperator): delete_tag>, create_tag already registered for DAG: example_complex
[2024-12-03T16:28:27.634+0000] {processor.py:766} INFO - DAG(s) dict_keys(['example_complex']) retrieved from /home/airflow/.local/lib/python3.7/site-packages/airflow/example_dags/example_complex.py
[2024-12-03T16:28:27.724+0000] {logging_mixin.py:120} INFO - [2024-12-03T16:28:27.724+0000] {dag.py:2585} INFO - Sync 1 DAGs
[2024-12-03T16:28:27.773+0000] {logging_mixin.py:120} INFO - [2024-12-03T16:28:27.772+0000] {dag.py:3340} INFO - Setting next_dagrun for example_complex to None, run_after=None
[2024-12-03T16:28:27.817+0000] {processor.py:176} INFO - Processing /home/airflow/.local/lib/python3.7/site-packages/airflow/example_dags/example_complex.py took 0.233 seconds
[2024-12-03T16:28:58.797+0000] {processor.py:154} INFO - Started process (PID=4240) to work on /home/airflow/.local/lib/python3.7/site-packages/airflow/example_dags/example_complex.py
[2024-12-03T16:28:58.800+0000] {processor.py:756} INFO - Processing file /home/airflow/.local/lib/python3.7/site-packages/airflow/example_dags/example_complex.py for tasks to queue
[2024-12-03T16:28:58.802+0000] {logging_mixin.py:120} INFO - [2024-12-03T16:28:58.802+0000] {dagbag.py:537} INFO - Filling up the DagBag from /home/airflow/.local/lib/python3.7/site-packages/airflow/example_dags/example_complex.py
[2024-12-03T16:28:58.834+0000] {logging_mixin.py:120} INFO - [2024-12-03T16:28:58.834+0000] {taskmixin.py:205} WARNING - Dependency <Task(BashOperator): create_entry_group>, delete_entry_group already registered for DAG: example_complex
[2024-12-03T16:28:58.836+0000] {logging_mixin.py:120} INFO - [2024-12-03T16:28:58.835+0000] {taskmixin.py:205} WARNING - Dependency <Task(BashOperator): delete_entry_group>, create_entry_group already registered for DAG: example_complex
[2024-12-03T16:28:58.838+0000] {logging_mixin.py:120} INFO - [2024-12-03T16:28:58.837+0000] {taskmixin.py:205} WARNING - Dependency <Task(BashOperator): create_entry_gcs>, delete_entry already registered for DAG: example_complex
[2024-12-03T16:28:58.840+0000] {logging_mixin.py:120} INFO - [2024-12-03T16:28:58.839+0000] {taskmixin.py:205} WARNING - Dependency <Task(BashOperator): delete_entry>, create_entry_gcs already registered for DAG: example_complex
[2024-12-03T16:28:58.843+0000] {logging_mixin.py:120} INFO - [2024-12-03T16:28:58.842+0000] {taskmixin.py:205} WARNING - Dependency <Task(BashOperator): create_tag>, delete_tag already registered for DAG: example_complex
[2024-12-03T16:28:58.844+0000] {logging_mixin.py:120} INFO - [2024-12-03T16:28:58.843+0000] {taskmixin.py:205} WARNING - Dependency <Task(BashOperator): delete_tag>, create_tag already registered for DAG: example_complex
[2024-12-03T16:28:58.868+0000] {processor.py:766} INFO - DAG(s) dict_keys(['example_complex']) retrieved from /home/airflow/.local/lib/python3.7/site-packages/airflow/example_dags/example_complex.py
[2024-12-03T16:28:58.965+0000] {logging_mixin.py:120} INFO - [2024-12-03T16:28:58.965+0000] {dag.py:2585} INFO - Sync 1 DAGs
[2024-12-03T16:28:59.042+0000] {logging_mixin.py:120} INFO - [2024-12-03T16:28:59.042+0000] {dag.py:3340} INFO - Setting next_dagrun for example_complex to None, run_after=None
[2024-12-03T16:28:59.116+0000] {processor.py:176} INFO - Processing /home/airflow/.local/lib/python3.7/site-packages/airflow/example_dags/example_complex.py took 0.327 seconds
[2024-12-03T16:29:29.490+0000] {processor.py:154} INFO - Started process (PID=4301) to work on /home/airflow/.local/lib/python3.7/site-packages/airflow/example_dags/example_complex.py
[2024-12-03T16:29:29.491+0000] {processor.py:756} INFO - Processing file /home/airflow/.local/lib/python3.7/site-packages/airflow/example_dags/example_complex.py for tasks to queue
[2024-12-03T16:29:29.492+0000] {logging_mixin.py:120} INFO - [2024-12-03T16:29:29.492+0000] {dagbag.py:537} INFO - Filling up the DagBag from /home/airflow/.local/lib/python3.7/site-packages/airflow/example_dags/example_complex.py
[2024-12-03T16:29:29.514+0000] {logging_mixin.py:120} INFO - [2024-12-03T16:29:29.514+0000] {taskmixin.py:205} WARNING - Dependency <Task(BashOperator): create_entry_group>, delete_entry_group already registered for DAG: example_complex
[2024-12-03T16:29:29.515+0000] {logging_mixin.py:120} INFO - [2024-12-03T16:29:29.515+0000] {taskmixin.py:205} WARNING - Dependency <Task(BashOperator): delete_entry_group>, create_entry_group already registered for DAG: example_complex
[2024-12-03T16:29:29.516+0000] {logging_mixin.py:120} INFO - [2024-12-03T16:29:29.516+0000] {taskmixin.py:205} WARNING - Dependency <Task(BashOperator): create_entry_gcs>, delete_entry already registered for DAG: example_complex
[2024-12-03T16:29:29.517+0000] {logging_mixin.py:120} INFO - [2024-12-03T16:29:29.517+0000] {taskmixin.py:205} WARNING - Dependency <Task(BashOperator): delete_entry>, create_entry_gcs already registered for DAG: example_complex
[2024-12-03T16:29:29.518+0000] {logging_mixin.py:120} INFO - [2024-12-03T16:29:29.518+0000] {taskmixin.py:205} WARNING - Dependency <Task(BashOperator): create_tag>, delete_tag already registered for DAG: example_complex
[2024-12-03T16:29:29.519+0000] {logging_mixin.py:120} INFO - [2024-12-03T16:29:29.519+0000] {taskmixin.py:205} WARNING - Dependency <Task(BashOperator): delete_tag>, create_tag already registered for DAG: example_complex
[2024-12-03T16:29:29.531+0000] {processor.py:766} INFO - DAG(s) dict_keys(['example_complex']) retrieved from /home/airflow/.local/lib/python3.7/site-packages/airflow/example_dags/example_complex.py
[2024-12-03T16:29:29.609+0000] {logging_mixin.py:120} INFO - [2024-12-03T16:29:29.608+0000] {dag.py:2585} INFO - Sync 1 DAGs
[2024-12-03T16:29:29.654+0000] {logging_mixin.py:120} INFO - [2024-12-03T16:29:29.653+0000] {dag.py:3340} INFO - Setting next_dagrun for example_complex to None, run_after=None
[2024-12-03T16:29:29.691+0000] {processor.py:176} INFO - Processing /home/airflow/.local/lib/python3.7/site-packages/airflow/example_dags/example_complex.py took 0.206 seconds
[2024-12-03T16:29:59.976+0000] {processor.py:154} INFO - Started process (PID=4371) to work on /home/airflow/.local/lib/python3.7/site-packages/airflow/example_dags/example_complex.py
[2024-12-03T16:29:59.977+0000] {processor.py:756} INFO - Processing file /home/airflow/.local/lib/python3.7/site-packages/airflow/example_dags/example_complex.py for tasks to queue
[2024-12-03T16:29:59.978+0000] {logging_mixin.py:120} INFO - [2024-12-03T16:29:59.978+0000] {dagbag.py:537} INFO - Filling up the DagBag from /home/airflow/.local/lib/python3.7/site-packages/airflow/example_dags/example_complex.py
[2024-12-03T16:30:00.004+0000] {logging_mixin.py:120} INFO - [2024-12-03T16:30:00.004+0000] {taskmixin.py:205} WARNING - Dependency <Task(BashOperator): create_entry_group>, delete_entry_group already registered for DAG: example_complex
[2024-12-03T16:30:00.006+0000] {logging_mixin.py:120} INFO - [2024-12-03T16:30:00.005+0000] {taskmixin.py:205} WARNING - Dependency <Task(BashOperator): delete_entry_group>, create_entry_group already registered for DAG: example_complex
[2024-12-03T16:30:00.007+0000] {logging_mixin.py:120} INFO - [2024-12-03T16:30:00.007+0000] {taskmixin.py:205} WARNING - Dependency <Task(BashOperator): create_entry_gcs>, delete_entry already registered for DAG: example_complex
[2024-12-03T16:30:00.008+0000] {logging_mixin.py:120} INFO - [2024-12-03T16:30:00.008+0000] {taskmixin.py:205} WARNING - Dependency <Task(BashOperator): delete_entry>, create_entry_gcs already registered for DAG: example_complex
[2024-12-03T16:30:00.010+0000] {logging_mixin.py:120} INFO - [2024-12-03T16:30:00.010+0000] {taskmixin.py:205} WARNING - Dependency <Task(BashOperator): create_tag>, delete_tag already registered for DAG: example_complex
[2024-12-03T16:30:00.011+0000] {logging_mixin.py:120} INFO - [2024-12-03T16:30:00.011+0000] {taskmixin.py:205} WARNING - Dependency <Task(BashOperator): delete_tag>, create_tag already registered for DAG: example_complex
[2024-12-03T16:30:00.035+0000] {processor.py:766} INFO - DAG(s) dict_keys(['example_complex']) retrieved from /home/airflow/.local/lib/python3.7/site-packages/airflow/example_dags/example_complex.py
[2024-12-03T16:30:00.142+0000] {logging_mixin.py:120} INFO - [2024-12-03T16:30:00.142+0000] {dag.py:2585} INFO - Sync 1 DAGs
[2024-12-03T16:30:00.199+0000] {logging_mixin.py:120} INFO - [2024-12-03T16:30:00.199+0000] {dag.py:3340} INFO - Setting next_dagrun for example_complex to None, run_after=None
[2024-12-03T16:30:00.244+0000] {processor.py:176} INFO - Processing /home/airflow/.local/lib/python3.7/site-packages/airflow/example_dags/example_complex.py took 0.272 seconds
[2024-12-03T16:30:30.417+0000] {processor.py:154} INFO - Started process (PID=4434) to work on /home/airflow/.local/lib/python3.7/site-packages/airflow/example_dags/example_complex.py
[2024-12-03T16:30:30.418+0000] {processor.py:756} INFO - Processing file /home/airflow/.local/lib/python3.7/site-packages/airflow/example_dags/example_complex.py for tasks to queue
[2024-12-03T16:30:30.420+0000] {logging_mixin.py:120} INFO - [2024-12-03T16:30:30.420+0000] {dagbag.py:537} INFO - Filling up the DagBag from /home/airflow/.local/lib/python3.7/site-packages/airflow/example_dags/example_complex.py
[2024-12-03T16:30:30.431+0000] {logging_mixin.py:120} INFO - [2024-12-03T16:30:30.431+0000] {taskmixin.py:205} WARNING - Dependency <Task(BashOperator): create_entry_group>, delete_entry_group already registered for DAG: example_complex
[2024-12-03T16:30:30.432+0000] {logging_mixin.py:120} INFO - [2024-12-03T16:30:30.432+0000] {taskmixin.py:205} WARNING - Dependency <Task(BashOperator): delete_entry_group>, create_entry_group already registered for DAG: example_complex
[2024-12-03T16:30:30.433+0000] {logging_mixin.py:120} INFO - [2024-12-03T16:30:30.433+0000] {taskmixin.py:205} WARNING - Dependency <Task(BashOperator): create_entry_gcs>, delete_entry already registered for DAG: example_complex
[2024-12-03T16:30:30.434+0000] {logging_mixin.py:120} INFO - [2024-12-03T16:30:30.434+0000] {taskmixin.py:205} WARNING - Dependency <Task(BashOperator): delete_entry>, create_entry_gcs already registered for DAG: example_complex
[2024-12-03T16:30:30.434+0000] {logging_mixin.py:120} INFO - [2024-12-03T16:30:30.434+0000] {taskmixin.py:205} WARNING - Dependency <Task(BashOperator): create_tag>, delete_tag already registered for DAG: example_complex
[2024-12-03T16:30:30.435+0000] {logging_mixin.py:120} INFO - [2024-12-03T16:30:30.435+0000] {taskmixin.py:205} WARNING - Dependency <Task(BashOperator): delete_tag>, create_tag already registered for DAG: example_complex
[2024-12-03T16:30:30.445+0000] {processor.py:766} INFO - DAG(s) dict_keys(['example_complex']) retrieved from /home/airflow/.local/lib/python3.7/site-packages/airflow/example_dags/example_complex.py
[2024-12-03T16:30:30.497+0000] {logging_mixin.py:120} INFO - [2024-12-03T16:30:30.497+0000] {dag.py:2585} INFO - Sync 1 DAGs
[2024-12-03T16:30:30.527+0000] {logging_mixin.py:120} INFO - [2024-12-03T16:30:30.526+0000] {dag.py:3340} INFO - Setting next_dagrun for example_complex to None, run_after=None
[2024-12-03T16:30:30.556+0000] {processor.py:176} INFO - Processing /home/airflow/.local/lib/python3.7/site-packages/airflow/example_dags/example_complex.py took 0.143 seconds
[2024-12-03T16:31:00.895+0000] {processor.py:154} INFO - Started process (PID=4511) to work on /home/airflow/.local/lib/python3.7/site-packages/airflow/example_dags/example_complex.py
[2024-12-03T16:31:00.896+0000] {processor.py:756} INFO - Processing file /home/airflow/.local/lib/python3.7/site-packages/airflow/example_dags/example_complex.py for tasks to queue
[2024-12-03T16:31:00.898+0000] {logging_mixin.py:120} INFO - [2024-12-03T16:31:00.898+0000] {dagbag.py:537} INFO - Filling up the DagBag from /home/airflow/.local/lib/python3.7/site-packages/airflow/example_dags/example_complex.py
[2024-12-03T16:31:00.913+0000] {logging_mixin.py:120} INFO - [2024-12-03T16:31:00.913+0000] {taskmixin.py:205} WARNING - Dependency <Task(BashOperator): create_entry_group>, delete_entry_group already registered for DAG: example_complex
[2024-12-03T16:31:00.914+0000] {logging_mixin.py:120} INFO - [2024-12-03T16:31:00.914+0000] {taskmixin.py:205} WARNING - Dependency <Task(BashOperator): delete_entry_group>, create_entry_group already registered for DAG: example_complex
[2024-12-03T16:31:00.915+0000] {logging_mixin.py:120} INFO - [2024-12-03T16:31:00.915+0000] {taskmixin.py:205} WARNING - Dependency <Task(BashOperator): create_entry_gcs>, delete_entry already registered for DAG: example_complex
[2024-12-03T16:31:00.916+0000] {logging_mixin.py:120} INFO - [2024-12-03T16:31:00.916+0000] {taskmixin.py:205} WARNING - Dependency <Task(BashOperator): delete_entry>, create_entry_gcs already registered for DAG: example_complex
[2024-12-03T16:31:00.917+0000] {logging_mixin.py:120} INFO - [2024-12-03T16:31:00.917+0000] {taskmixin.py:205} WARNING - Dependency <Task(BashOperator): create_tag>, delete_tag already registered for DAG: example_complex
[2024-12-03T16:31:00.918+0000] {logging_mixin.py:120} INFO - [2024-12-03T16:31:00.918+0000] {taskmixin.py:205} WARNING - Dependency <Task(BashOperator): delete_tag>, create_tag already registered for DAG: example_complex
[2024-12-03T16:31:00.928+0000] {processor.py:766} INFO - DAG(s) dict_keys(['example_complex']) retrieved from /home/airflow/.local/lib/python3.7/site-packages/airflow/example_dags/example_complex.py
[2024-12-03T16:31:00.994+0000] {logging_mixin.py:120} INFO - [2024-12-03T16:31:00.994+0000] {dag.py:2585} INFO - Sync 1 DAGs
[2024-12-03T16:31:01.030+0000] {logging_mixin.py:120} INFO - [2024-12-03T16:31:01.029+0000] {dag.py:3340} INFO - Setting next_dagrun for example_complex to None, run_after=None
[2024-12-03T16:31:01.069+0000] {processor.py:176} INFO - Processing /home/airflow/.local/lib/python3.7/site-packages/airflow/example_dags/example_complex.py took 0.178 seconds
[2024-12-03T16:31:31.901+0000] {processor.py:154} INFO - Started process (PID=4566) to work on /home/airflow/.local/lib/python3.7/site-packages/airflow/example_dags/example_complex.py
[2024-12-03T16:31:31.903+0000] {processor.py:756} INFO - Processing file /home/airflow/.local/lib/python3.7/site-packages/airflow/example_dags/example_complex.py for tasks to queue
[2024-12-03T16:31:31.904+0000] {logging_mixin.py:120} INFO - [2024-12-03T16:31:31.904+0000] {dagbag.py:537} INFO - Filling up the DagBag from /home/airflow/.local/lib/python3.7/site-packages/airflow/example_dags/example_complex.py
[2024-12-03T16:31:31.919+0000] {logging_mixin.py:120} INFO - [2024-12-03T16:31:31.919+0000] {taskmixin.py:205} WARNING - Dependency <Task(BashOperator): create_entry_group>, delete_entry_group already registered for DAG: example_complex
[2024-12-03T16:31:31.920+0000] {logging_mixin.py:120} INFO - [2024-12-03T16:31:31.920+0000] {taskmixin.py:205} WARNING - Dependency <Task(BashOperator): delete_entry_group>, create_entry_group already registered for DAG: example_complex
[2024-12-03T16:31:31.921+0000] {logging_mixin.py:120} INFO - [2024-12-03T16:31:31.921+0000] {taskmixin.py:205} WARNING - Dependency <Task(BashOperator): create_entry_gcs>, delete_entry already registered for DAG: example_complex
[2024-12-03T16:31:31.922+0000] {logging_mixin.py:120} INFO - [2024-12-03T16:31:31.922+0000] {taskmixin.py:205} WARNING - Dependency <Task(BashOperator): delete_entry>, create_entry_gcs already registered for DAG: example_complex
[2024-12-03T16:31:31.923+0000] {logging_mixin.py:120} INFO - [2024-12-03T16:31:31.923+0000] {taskmixin.py:205} WARNING - Dependency <Task(BashOperator): create_tag>, delete_tag already registered for DAG: example_complex
[2024-12-03T16:31:31.924+0000] {logging_mixin.py:120} INFO - [2024-12-03T16:31:31.924+0000] {taskmixin.py:205} WARNING - Dependency <Task(BashOperator): delete_tag>, create_tag already registered for DAG: example_complex
[2024-12-03T16:31:31.932+0000] {processor.py:766} INFO - DAG(s) dict_keys(['example_complex']) retrieved from /home/airflow/.local/lib/python3.7/site-packages/airflow/example_dags/example_complex.py
[2024-12-03T16:31:31.992+0000] {logging_mixin.py:120} INFO - [2024-12-03T16:31:31.991+0000] {dag.py:2585} INFO - Sync 1 DAGs
[2024-12-03T16:31:32.028+0000] {logging_mixin.py:120} INFO - [2024-12-03T16:31:32.027+0000] {dag.py:3340} INFO - Setting next_dagrun for example_complex to None, run_after=None
[2024-12-03T16:31:32.061+0000] {processor.py:176} INFO - Processing /home/airflow/.local/lib/python3.7/site-packages/airflow/example_dags/example_complex.py took 0.164 seconds
[2024-12-03T16:32:03.545+0000] {processor.py:154} INFO - Started process (PID=4631) to work on /home/airflow/.local/lib/python3.7/site-packages/airflow/example_dags/example_complex.py
[2024-12-03T16:32:03.546+0000] {processor.py:756} INFO - Processing file /home/airflow/.local/lib/python3.7/site-packages/airflow/example_dags/example_complex.py for tasks to queue
[2024-12-03T16:32:03.547+0000] {logging_mixin.py:120} INFO - [2024-12-03T16:32:03.547+0000] {dagbag.py:537} INFO - Filling up the DagBag from /home/airflow/.local/lib/python3.7/site-packages/airflow/example_dags/example_complex.py
[2024-12-03T16:32:03.566+0000] {logging_mixin.py:120} INFO - [2024-12-03T16:32:03.566+0000] {taskmixin.py:205} WARNING - Dependency <Task(BashOperator): create_entry_group>, delete_entry_group already registered for DAG: example_complex
[2024-12-03T16:32:03.567+0000] {logging_mixin.py:120} INFO - [2024-12-03T16:32:03.567+0000] {taskmixin.py:205} WARNING - Dependency <Task(BashOperator): delete_entry_group>, create_entry_group already registered for DAG: example_complex
[2024-12-03T16:32:03.569+0000] {logging_mixin.py:120} INFO - [2024-12-03T16:32:03.568+0000] {taskmixin.py:205} WARNING - Dependency <Task(BashOperator): create_entry_gcs>, delete_entry already registered for DAG: example_complex
[2024-12-03T16:32:03.569+0000] {logging_mixin.py:120} INFO - [2024-12-03T16:32:03.569+0000] {taskmixin.py:205} WARNING - Dependency <Task(BashOperator): delete_entry>, create_entry_gcs already registered for DAG: example_complex
[2024-12-03T16:32:03.570+0000] {logging_mixin.py:120} INFO - [2024-12-03T16:32:03.570+0000] {taskmixin.py:205} WARNING - Dependency <Task(BashOperator): create_tag>, delete_tag already registered for DAG: example_complex
[2024-12-03T16:32:03.571+0000] {logging_mixin.py:120} INFO - [2024-12-03T16:32:03.571+0000] {taskmixin.py:205} WARNING - Dependency <Task(BashOperator): delete_tag>, create_tag already registered for DAG: example_complex
[2024-12-03T16:32:03.580+0000] {processor.py:766} INFO - DAG(s) dict_keys(['example_complex']) retrieved from /home/airflow/.local/lib/python3.7/site-packages/airflow/example_dags/example_complex.py
[2024-12-03T16:32:03.648+0000] {logging_mixin.py:120} INFO - [2024-12-03T16:32:03.647+0000] {dag.py:2585} INFO - Sync 1 DAGs
[2024-12-03T16:32:03.693+0000] {logging_mixin.py:120} INFO - [2024-12-03T16:32:03.693+0000] {dag.py:3340} INFO - Setting next_dagrun for example_complex to None, run_after=None
[2024-12-03T16:32:03.730+0000] {processor.py:176} INFO - Processing /home/airflow/.local/lib/python3.7/site-packages/airflow/example_dags/example_complex.py took 0.189 seconds
[2024-12-03T16:32:34.444+0000] {processor.py:154} INFO - Started process (PID=4686) to work on /home/airflow/.local/lib/python3.7/site-packages/airflow/example_dags/example_complex.py
[2024-12-03T16:32:34.446+0000] {processor.py:756} INFO - Processing file /home/airflow/.local/lib/python3.7/site-packages/airflow/example_dags/example_complex.py for tasks to queue
[2024-12-03T16:32:34.448+0000] {logging_mixin.py:120} INFO - [2024-12-03T16:32:34.448+0000] {dagbag.py:537} INFO - Filling up the DagBag from /home/airflow/.local/lib/python3.7/site-packages/airflow/example_dags/example_complex.py
[2024-12-03T16:32:34.464+0000] {logging_mixin.py:120} INFO - [2024-12-03T16:32:34.464+0000] {taskmixin.py:205} WARNING - Dependency <Task(BashOperator): create_entry_group>, delete_entry_group already registered for DAG: example_complex
[2024-12-03T16:32:34.465+0000] {logging_mixin.py:120} INFO - [2024-12-03T16:32:34.465+0000] {taskmixin.py:205} WARNING - Dependency <Task(BashOperator): delete_entry_group>, create_entry_group already registered for DAG: example_complex
[2024-12-03T16:32:34.466+0000] {logging_mixin.py:120} INFO - [2024-12-03T16:32:34.465+0000] {taskmixin.py:205} WARNING - Dependency <Task(BashOperator): create_entry_gcs>, delete_entry already registered for DAG: example_complex
[2024-12-03T16:32:34.466+0000] {logging_mixin.py:120} INFO - [2024-12-03T16:32:34.466+0000] {taskmixin.py:205} WARNING - Dependency <Task(BashOperator): delete_entry>, create_entry_gcs already registered for DAG: example_complex
[2024-12-03T16:32:34.467+0000] {logging_mixin.py:120} INFO - [2024-12-03T16:32:34.467+0000] {taskmixin.py:205} WARNING - Dependency <Task(BashOperator): create_tag>, delete_tag already registered for DAG: example_complex
[2024-12-03T16:32:34.468+0000] {logging_mixin.py:120} INFO - [2024-12-03T16:32:34.468+0000] {taskmixin.py:205} WARNING - Dependency <Task(BashOperator): delete_tag>, create_tag already registered for DAG: example_complex
[2024-12-03T16:32:34.479+0000] {processor.py:766} INFO - DAG(s) dict_keys(['example_complex']) retrieved from /home/airflow/.local/lib/python3.7/site-packages/airflow/example_dags/example_complex.py
[2024-12-03T16:32:34.535+0000] {logging_mixin.py:120} INFO - [2024-12-03T16:32:34.535+0000] {dag.py:2585} INFO - Sync 1 DAGs
[2024-12-03T16:32:34.564+0000] {logging_mixin.py:120} INFO - [2024-12-03T16:32:34.564+0000] {dag.py:3340} INFO - Setting next_dagrun for example_complex to None, run_after=None
[2024-12-03T16:32:34.593+0000] {processor.py:176} INFO - Processing /home/airflow/.local/lib/python3.7/site-packages/airflow/example_dags/example_complex.py took 0.155 seconds
[2024-12-03T16:33:05.352+0000] {processor.py:154} INFO - Started process (PID=4750) to work on /home/airflow/.local/lib/python3.7/site-packages/airflow/example_dags/example_complex.py
[2024-12-03T16:33:05.355+0000] {processor.py:756} INFO - Processing file /home/airflow/.local/lib/python3.7/site-packages/airflow/example_dags/example_complex.py for tasks to queue
[2024-12-03T16:33:05.357+0000] {logging_mixin.py:120} INFO - [2024-12-03T16:33:05.357+0000] {dagbag.py:537} INFO - Filling up the DagBag from /home/airflow/.local/lib/python3.7/site-packages/airflow/example_dags/example_complex.py
[2024-12-03T16:33:05.375+0000] {logging_mixin.py:120} INFO - [2024-12-03T16:33:05.375+0000] {taskmixin.py:205} WARNING - Dependency <Task(BashOperator): create_entry_group>, delete_entry_group already registered for DAG: example_complex
[2024-12-03T16:33:05.376+0000] {logging_mixin.py:120} INFO - [2024-12-03T16:33:05.376+0000] {taskmixin.py:205} WARNING - Dependency <Task(BashOperator): delete_entry_group>, create_entry_group already registered for DAG: example_complex
[2024-12-03T16:33:05.377+0000] {logging_mixin.py:120} INFO - [2024-12-03T16:33:05.377+0000] {taskmixin.py:205} WARNING - Dependency <Task(BashOperator): create_entry_gcs>, delete_entry already registered for DAG: example_complex
[2024-12-03T16:33:05.378+0000] {logging_mixin.py:120} INFO - [2024-12-03T16:33:05.378+0000] {taskmixin.py:205} WARNING - Dependency <Task(BashOperator): delete_entry>, create_entry_gcs already registered for DAG: example_complex
[2024-12-03T16:33:05.379+0000] {logging_mixin.py:120} INFO - [2024-12-03T16:33:05.379+0000] {taskmixin.py:205} WARNING - Dependency <Task(BashOperator): create_tag>, delete_tag already registered for DAG: example_complex
[2024-12-03T16:33:05.380+0000] {logging_mixin.py:120} INFO - [2024-12-03T16:33:05.379+0000] {taskmixin.py:205} WARNING - Dependency <Task(BashOperator): delete_tag>, create_tag already registered for DAG: example_complex
[2024-12-03T16:33:05.392+0000] {processor.py:766} INFO - DAG(s) dict_keys(['example_complex']) retrieved from /home/airflow/.local/lib/python3.7/site-packages/airflow/example_dags/example_complex.py
[2024-12-03T16:33:05.460+0000] {logging_mixin.py:120} INFO - [2024-12-03T16:33:05.459+0000] {dag.py:2585} INFO - Sync 1 DAGs
[2024-12-03T16:33:05.502+0000] {logging_mixin.py:120} INFO - [2024-12-03T16:33:05.502+0000] {dag.py:3340} INFO - Setting next_dagrun for example_complex to None, run_after=None
[2024-12-03T16:33:05.546+0000] {processor.py:176} INFO - Processing /home/airflow/.local/lib/python3.7/site-packages/airflow/example_dags/example_complex.py took 0.199 seconds
[2024-12-03T16:33:35.945+0000] {processor.py:154} INFO - Started process (PID=4805) to work on /home/airflow/.local/lib/python3.7/site-packages/airflow/example_dags/example_complex.py
[2024-12-03T16:33:35.947+0000] {processor.py:756} INFO - Processing file /home/airflow/.local/lib/python3.7/site-packages/airflow/example_dags/example_complex.py for tasks to queue
[2024-12-03T16:33:35.949+0000] {logging_mixin.py:120} INFO - [2024-12-03T16:33:35.949+0000] {dagbag.py:537} INFO - Filling up the DagBag from /home/airflow/.local/lib/python3.7/site-packages/airflow/example_dags/example_complex.py
[2024-12-03T16:33:35.962+0000] {logging_mixin.py:120} INFO - [2024-12-03T16:33:35.962+0000] {taskmixin.py:205} WARNING - Dependency <Task(BashOperator): create_entry_group>, delete_entry_group already registered for DAG: example_complex
[2024-12-03T16:33:35.963+0000] {logging_mixin.py:120} INFO - [2024-12-03T16:33:35.963+0000] {taskmixin.py:205} WARNING - Dependency <Task(BashOperator): delete_entry_group>, create_entry_group already registered for DAG: example_complex
[2024-12-03T16:33:35.964+0000] {logging_mixin.py:120} INFO - [2024-12-03T16:33:35.964+0000] {taskmixin.py:205} WARNING - Dependency <Task(BashOperator): create_entry_gcs>, delete_entry already registered for DAG: example_complex
[2024-12-03T16:33:35.964+0000] {logging_mixin.py:120} INFO - [2024-12-03T16:33:35.964+0000] {taskmixin.py:205} WARNING - Dependency <Task(BashOperator): delete_entry>, create_entry_gcs already registered for DAG: example_complex
[2024-12-03T16:33:35.965+0000] {logging_mixin.py:120} INFO - [2024-12-03T16:33:35.965+0000] {taskmixin.py:205} WARNING - Dependency <Task(BashOperator): create_tag>, delete_tag already registered for DAG: example_complex
[2024-12-03T16:33:35.966+0000] {logging_mixin.py:120} INFO - [2024-12-03T16:33:35.965+0000] {taskmixin.py:205} WARNING - Dependency <Task(BashOperator): delete_tag>, create_tag already registered for DAG: example_complex
[2024-12-03T16:33:35.974+0000] {processor.py:766} INFO - DAG(s) dict_keys(['example_complex']) retrieved from /home/airflow/.local/lib/python3.7/site-packages/airflow/example_dags/example_complex.py
[2024-12-03T16:33:36.061+0000] {logging_mixin.py:120} INFO - [2024-12-03T16:33:36.061+0000] {dag.py:2585} INFO - Sync 1 DAGs
[2024-12-03T16:33:36.120+0000] {logging_mixin.py:120} INFO - [2024-12-03T16:33:36.119+0000] {dag.py:3340} INFO - Setting next_dagrun for example_complex to None, run_after=None
[2024-12-03T16:33:36.163+0000] {processor.py:176} INFO - Processing /home/airflow/.local/lib/python3.7/site-packages/airflow/example_dags/example_complex.py took 0.223 seconds
[2024-12-03T16:34:07.433+0000] {processor.py:154} INFO - Started process (PID=4870) to work on /home/airflow/.local/lib/python3.7/site-packages/airflow/example_dags/example_complex.py
[2024-12-03T16:34:07.434+0000] {processor.py:756} INFO - Processing file /home/airflow/.local/lib/python3.7/site-packages/airflow/example_dags/example_complex.py for tasks to queue
[2024-12-03T16:34:07.435+0000] {logging_mixin.py:120} INFO - [2024-12-03T16:34:07.435+0000] {dagbag.py:537} INFO - Filling up the DagBag from /home/airflow/.local/lib/python3.7/site-packages/airflow/example_dags/example_complex.py
[2024-12-03T16:34:07.450+0000] {logging_mixin.py:120} INFO - [2024-12-03T16:34:07.450+0000] {taskmixin.py:205} WARNING - Dependency <Task(BashOperator): create_entry_group>, delete_entry_group already registered for DAG: example_complex
[2024-12-03T16:34:07.452+0000] {logging_mixin.py:120} INFO - [2024-12-03T16:34:07.451+0000] {taskmixin.py:205} WARNING - Dependency <Task(BashOperator): delete_entry_group>, create_entry_group already registered for DAG: example_complex
[2024-12-03T16:34:07.453+0000] {logging_mixin.py:120} INFO - [2024-12-03T16:34:07.453+0000] {taskmixin.py:205} WARNING - Dependency <Task(BashOperator): create_entry_gcs>, delete_entry already registered for DAG: example_complex
[2024-12-03T16:34:07.454+0000] {logging_mixin.py:120} INFO - [2024-12-03T16:34:07.454+0000] {taskmixin.py:205} WARNING - Dependency <Task(BashOperator): delete_entry>, create_entry_gcs already registered for DAG: example_complex
[2024-12-03T16:34:07.456+0000] {logging_mixin.py:120} INFO - [2024-12-03T16:34:07.455+0000] {taskmixin.py:205} WARNING - Dependency <Task(BashOperator): create_tag>, delete_tag already registered for DAG: example_complex
[2024-12-03T16:34:07.456+0000] {logging_mixin.py:120} INFO - [2024-12-03T16:34:07.456+0000] {taskmixin.py:205} WARNING - Dependency <Task(BashOperator): delete_tag>, create_tag already registered for DAG: example_complex
[2024-12-03T16:34:07.466+0000] {processor.py:766} INFO - DAG(s) dict_keys(['example_complex']) retrieved from /home/airflow/.local/lib/python3.7/site-packages/airflow/example_dags/example_complex.py
[2024-12-03T16:34:07.539+0000] {logging_mixin.py:120} INFO - [2024-12-03T16:34:07.539+0000] {dag.py:2585} INFO - Sync 1 DAGs
[2024-12-03T16:34:07.579+0000] {logging_mixin.py:120} INFO - [2024-12-03T16:34:07.579+0000] {dag.py:3340} INFO - Setting next_dagrun for example_complex to None, run_after=None
[2024-12-03T16:34:07.622+0000] {processor.py:176} INFO - Processing /home/airflow/.local/lib/python3.7/site-packages/airflow/example_dags/example_complex.py took 0.193 seconds
[2024-12-03T16:34:38.578+0000] {processor.py:154} INFO - Started process (PID=4934) to work on /home/airflow/.local/lib/python3.7/site-packages/airflow/example_dags/example_complex.py
[2024-12-03T16:34:38.580+0000] {processor.py:756} INFO - Processing file /home/airflow/.local/lib/python3.7/site-packages/airflow/example_dags/example_complex.py for tasks to queue
[2024-12-03T16:34:38.582+0000] {logging_mixin.py:120} INFO - [2024-12-03T16:34:38.582+0000] {dagbag.py:537} INFO - Filling up the DagBag from /home/airflow/.local/lib/python3.7/site-packages/airflow/example_dags/example_complex.py
[2024-12-03T16:34:38.614+0000] {logging_mixin.py:120} INFO - [2024-12-03T16:34:38.614+0000] {taskmixin.py:205} WARNING - Dependency <Task(BashOperator): create_entry_group>, delete_entry_group already registered for DAG: example_complex
[2024-12-03T16:34:38.615+0000] {logging_mixin.py:120} INFO - [2024-12-03T16:34:38.615+0000] {taskmixin.py:205} WARNING - Dependency <Task(BashOperator): delete_entry_group>, create_entry_group already registered for DAG: example_complex
[2024-12-03T16:34:38.616+0000] {logging_mixin.py:120} INFO - [2024-12-03T16:34:38.616+0000] {taskmixin.py:205} WARNING - Dependency <Task(BashOperator): create_entry_gcs>, delete_entry already registered for DAG: example_complex
[2024-12-03T16:34:38.617+0000] {logging_mixin.py:120} INFO - [2024-12-03T16:34:38.617+0000] {taskmixin.py:205} WARNING - Dependency <Task(BashOperator): delete_entry>, create_entry_gcs already registered for DAG: example_complex
[2024-12-03T16:34:38.618+0000] {logging_mixin.py:120} INFO - [2024-12-03T16:34:38.618+0000] {taskmixin.py:205} WARNING - Dependency <Task(BashOperator): create_tag>, delete_tag already registered for DAG: example_complex
[2024-12-03T16:34:38.619+0000] {logging_mixin.py:120} INFO - [2024-12-03T16:34:38.619+0000] {taskmixin.py:205} WARNING - Dependency <Task(BashOperator): delete_tag>, create_tag already registered for DAG: example_complex
[2024-12-03T16:34:38.631+0000] {processor.py:766} INFO - DAG(s) dict_keys(['example_complex']) retrieved from /home/airflow/.local/lib/python3.7/site-packages/airflow/example_dags/example_complex.py
[2024-12-03T16:34:38.716+0000] {logging_mixin.py:120} INFO - [2024-12-03T16:34:38.716+0000] {dag.py:2585} INFO - Sync 1 DAGs
[2024-12-03T16:34:38.764+0000] {logging_mixin.py:120} INFO - [2024-12-03T16:34:38.763+0000] {dag.py:3340} INFO - Setting next_dagrun for example_complex to None, run_after=None
[2024-12-03T16:34:38.811+0000] {processor.py:176} INFO - Processing /home/airflow/.local/lib/python3.7/site-packages/airflow/example_dags/example_complex.py took 0.237 seconds
[2024-12-03T16:35:09.006+0000] {processor.py:154} INFO - Started process (PID=4989) to work on /home/airflow/.local/lib/python3.7/site-packages/airflow/example_dags/example_complex.py
[2024-12-03T16:35:09.008+0000] {processor.py:756} INFO - Processing file /home/airflow/.local/lib/python3.7/site-packages/airflow/example_dags/example_complex.py for tasks to queue
[2024-12-03T16:35:09.010+0000] {logging_mixin.py:120} INFO - [2024-12-03T16:35:09.009+0000] {dagbag.py:537} INFO - Filling up the DagBag from /home/airflow/.local/lib/python3.7/site-packages/airflow/example_dags/example_complex.py
[2024-12-03T16:35:09.027+0000] {logging_mixin.py:120} INFO - [2024-12-03T16:35:09.027+0000] {taskmixin.py:205} WARNING - Dependency <Task(BashOperator): create_entry_group>, delete_entry_group already registered for DAG: example_complex
[2024-12-03T16:35:09.029+0000] {logging_mixin.py:120} INFO - [2024-12-03T16:35:09.029+0000] {taskmixin.py:205} WARNING - Dependency <Task(BashOperator): delete_entry_group>, create_entry_group already registered for DAG: example_complex
[2024-12-03T16:35:09.031+0000] {logging_mixin.py:120} INFO - [2024-12-03T16:35:09.030+0000] {taskmixin.py:205} WARNING - Dependency <Task(BashOperator): create_entry_gcs>, delete_entry already registered for DAG: example_complex
[2024-12-03T16:35:09.032+0000] {logging_mixin.py:120} INFO - [2024-12-03T16:35:09.032+0000] {taskmixin.py:205} WARNING - Dependency <Task(BashOperator): delete_entry>, create_entry_gcs already registered for DAG: example_complex
[2024-12-03T16:35:09.034+0000] {logging_mixin.py:120} INFO - [2024-12-03T16:35:09.033+0000] {taskmixin.py:205} WARNING - Dependency <Task(BashOperator): create_tag>, delete_tag already registered for DAG: example_complex
[2024-12-03T16:35:09.035+0000] {logging_mixin.py:120} INFO - [2024-12-03T16:35:09.035+0000] {taskmixin.py:205} WARNING - Dependency <Task(BashOperator): delete_tag>, create_tag already registered for DAG: example_complex
[2024-12-03T16:35:09.045+0000] {processor.py:766} INFO - DAG(s) dict_keys(['example_complex']) retrieved from /home/airflow/.local/lib/python3.7/site-packages/airflow/example_dags/example_complex.py
[2024-12-03T16:35:09.115+0000] {logging_mixin.py:120} INFO - [2024-12-03T16:35:09.115+0000] {dag.py:2585} INFO - Sync 1 DAGs
[2024-12-03T16:35:09.154+0000] {logging_mixin.py:120} INFO - [2024-12-03T16:35:09.154+0000] {dag.py:3340} INFO - Setting next_dagrun for example_complex to None, run_after=None
[2024-12-03T16:35:09.191+0000] {processor.py:176} INFO - Processing /home/airflow/.local/lib/python3.7/site-packages/airflow/example_dags/example_complex.py took 0.193 seconds
[2024-12-03T16:35:39.844+0000] {processor.py:154} INFO - Started process (PID=5057) to work on /home/airflow/.local/lib/python3.7/site-packages/airflow/example_dags/example_complex.py
[2024-12-03T16:35:39.848+0000] {processor.py:756} INFO - Processing file /home/airflow/.local/lib/python3.7/site-packages/airflow/example_dags/example_complex.py for tasks to queue
[2024-12-03T16:35:39.853+0000] {logging_mixin.py:120} INFO - [2024-12-03T16:35:39.853+0000] {dagbag.py:537} INFO - Filling up the DagBag from /home/airflow/.local/lib/python3.7/site-packages/airflow/example_dags/example_complex.py
[2024-12-03T16:35:39.875+0000] {logging_mixin.py:120} INFO - [2024-12-03T16:35:39.875+0000] {taskmixin.py:205} WARNING - Dependency <Task(BashOperator): create_entry_group>, delete_entry_group already registered for DAG: example_complex
[2024-12-03T16:35:39.877+0000] {logging_mixin.py:120} INFO - [2024-12-03T16:35:39.876+0000] {taskmixin.py:205} WARNING - Dependency <Task(BashOperator): delete_entry_group>, create_entry_group already registered for DAG: example_complex
[2024-12-03T16:35:39.878+0000] {logging_mixin.py:120} INFO - [2024-12-03T16:35:39.878+0000] {taskmixin.py:205} WARNING - Dependency <Task(BashOperator): create_entry_gcs>, delete_entry already registered for DAG: example_complex
[2024-12-03T16:35:39.879+0000] {logging_mixin.py:120} INFO - [2024-12-03T16:35:39.879+0000] {taskmixin.py:205} WARNING - Dependency <Task(BashOperator): delete_entry>, create_entry_gcs already registered for DAG: example_complex
[2024-12-03T16:35:39.881+0000] {logging_mixin.py:120} INFO - [2024-12-03T16:35:39.880+0000] {taskmixin.py:205} WARNING - Dependency <Task(BashOperator): create_tag>, delete_tag already registered for DAG: example_complex
[2024-12-03T16:35:39.882+0000] {logging_mixin.py:120} INFO - [2024-12-03T16:35:39.881+0000] {taskmixin.py:205} WARNING - Dependency <Task(BashOperator): delete_tag>, create_tag already registered for DAG: example_complex
[2024-12-03T16:35:39.901+0000] {processor.py:766} INFO - DAG(s) dict_keys(['example_complex']) retrieved from /home/airflow/.local/lib/python3.7/site-packages/airflow/example_dags/example_complex.py
[2024-12-03T16:35:39.982+0000] {logging_mixin.py:120} INFO - [2024-12-03T16:35:39.981+0000] {dag.py:2585} INFO - Sync 1 DAGs
[2024-12-03T16:35:40.041+0000] {logging_mixin.py:120} INFO - [2024-12-03T16:35:40.041+0000] {dag.py:3340} INFO - Setting next_dagrun for example_complex to None, run_after=None
[2024-12-03T16:35:40.087+0000] {processor.py:176} INFO - Processing /home/airflow/.local/lib/python3.7/site-packages/airflow/example_dags/example_complex.py took 0.249 seconds
[2024-12-03T16:36:11.160+0000] {processor.py:154} INFO - Started process (PID=5126) to work on /home/airflow/.local/lib/python3.7/site-packages/airflow/example_dags/example_complex.py
[2024-12-03T16:36:11.162+0000] {processor.py:756} INFO - Processing file /home/airflow/.local/lib/python3.7/site-packages/airflow/example_dags/example_complex.py for tasks to queue
[2024-12-03T16:36:11.165+0000] {logging_mixin.py:120} INFO - [2024-12-03T16:36:11.164+0000] {dagbag.py:537} INFO - Filling up the DagBag from /home/airflow/.local/lib/python3.7/site-packages/airflow/example_dags/example_complex.py
[2024-12-03T16:36:11.186+0000] {logging_mixin.py:120} INFO - [2024-12-03T16:36:11.185+0000] {taskmixin.py:205} WARNING - Dependency <Task(BashOperator): create_entry_group>, delete_entry_group already registered for DAG: example_complex
[2024-12-03T16:36:11.190+0000] {logging_mixin.py:120} INFO - [2024-12-03T16:36:11.189+0000] {taskmixin.py:205} WARNING - Dependency <Task(BashOperator): delete_entry_group>, create_entry_group already registered for DAG: example_complex
[2024-12-03T16:36:11.194+0000] {logging_mixin.py:120} INFO - [2024-12-03T16:36:11.193+0000] {taskmixin.py:205} WARNING - Dependency <Task(BashOperator): create_entry_gcs>, delete_entry already registered for DAG: example_complex
[2024-12-03T16:36:11.197+0000] {logging_mixin.py:120} INFO - [2024-12-03T16:36:11.196+0000] {taskmixin.py:205} WARNING - Dependency <Task(BashOperator): delete_entry>, create_entry_gcs already registered for DAG: example_complex
[2024-12-03T16:36:11.199+0000] {logging_mixin.py:120} INFO - [2024-12-03T16:36:11.199+0000] {taskmixin.py:205} WARNING - Dependency <Task(BashOperator): create_tag>, delete_tag already registered for DAG: example_complex
[2024-12-03T16:36:11.200+0000] {logging_mixin.py:120} INFO - [2024-12-03T16:36:11.200+0000] {taskmixin.py:205} WARNING - Dependency <Task(BashOperator): delete_tag>, create_tag already registered for DAG: example_complex
[2024-12-03T16:36:11.217+0000] {processor.py:766} INFO - DAG(s) dict_keys(['example_complex']) retrieved from /home/airflow/.local/lib/python3.7/site-packages/airflow/example_dags/example_complex.py
[2024-12-03T16:36:11.303+0000] {logging_mixin.py:120} INFO - [2024-12-03T16:36:11.303+0000] {dag.py:2585} INFO - Sync 1 DAGs
[2024-12-03T16:36:11.349+0000] {logging_mixin.py:120} INFO - [2024-12-03T16:36:11.349+0000] {dag.py:3340} INFO - Setting next_dagrun for example_complex to None, run_after=None
[2024-12-03T16:36:11.409+0000] {processor.py:176} INFO - Processing /home/airflow/.local/lib/python3.7/site-packages/airflow/example_dags/example_complex.py took 0.256 seconds
[2024-12-03T16:36:41.860+0000] {processor.py:154} INFO - Started process (PID=5181) to work on /home/airflow/.local/lib/python3.7/site-packages/airflow/example_dags/example_complex.py
[2024-12-03T16:36:41.862+0000] {processor.py:756} INFO - Processing file /home/airflow/.local/lib/python3.7/site-packages/airflow/example_dags/example_complex.py for tasks to queue
[2024-12-03T16:36:41.866+0000] {logging_mixin.py:120} INFO - [2024-12-03T16:36:41.865+0000] {dagbag.py:537} INFO - Filling up the DagBag from /home/airflow/.local/lib/python3.7/site-packages/airflow/example_dags/example_complex.py
[2024-12-03T16:36:41.885+0000] {logging_mixin.py:120} INFO - [2024-12-03T16:36:41.885+0000] {taskmixin.py:205} WARNING - Dependency <Task(BashOperator): create_entry_group>, delete_entry_group already registered for DAG: example_complex
[2024-12-03T16:36:41.887+0000] {logging_mixin.py:120} INFO - [2024-12-03T16:36:41.887+0000] {taskmixin.py:205} WARNING - Dependency <Task(BashOperator): delete_entry_group>, create_entry_group already registered for DAG: example_complex
[2024-12-03T16:36:41.889+0000] {logging_mixin.py:120} INFO - [2024-12-03T16:36:41.889+0000] {taskmixin.py:205} WARNING - Dependency <Task(BashOperator): create_entry_gcs>, delete_entry already registered for DAG: example_complex
[2024-12-03T16:36:41.890+0000] {logging_mixin.py:120} INFO - [2024-12-03T16:36:41.890+0000] {taskmixin.py:205} WARNING - Dependency <Task(BashOperator): delete_entry>, create_entry_gcs already registered for DAG: example_complex
[2024-12-03T16:36:41.891+0000] {logging_mixin.py:120} INFO - [2024-12-03T16:36:41.891+0000] {taskmixin.py:205} WARNING - Dependency <Task(BashOperator): create_tag>, delete_tag already registered for DAG: example_complex
[2024-12-03T16:36:41.892+0000] {logging_mixin.py:120} INFO - [2024-12-03T16:36:41.892+0000] {taskmixin.py:205} WARNING - Dependency <Task(BashOperator): delete_tag>, create_tag already registered for DAG: example_complex
[2024-12-03T16:36:41.906+0000] {processor.py:766} INFO - DAG(s) dict_keys(['example_complex']) retrieved from /home/airflow/.local/lib/python3.7/site-packages/airflow/example_dags/example_complex.py
[2024-12-03T16:36:41.975+0000] {logging_mixin.py:120} INFO - [2024-12-03T16:36:41.975+0000] {dag.py:2585} INFO - Sync 1 DAGs
[2024-12-03T16:36:42.014+0000] {logging_mixin.py:120} INFO - [2024-12-03T16:36:42.014+0000] {dag.py:3340} INFO - Setting next_dagrun for example_complex to None, run_after=None
[2024-12-03T16:36:42.047+0000] {processor.py:176} INFO - Processing /home/airflow/.local/lib/python3.7/site-packages/airflow/example_dags/example_complex.py took 0.191 seconds
[2024-12-03T16:37:12.998+0000] {processor.py:154} INFO - Started process (PID=5236) to work on /home/airflow/.local/lib/python3.7/site-packages/airflow/example_dags/example_complex.py
[2024-12-03T16:37:13.000+0000] {processor.py:756} INFO - Processing file /home/airflow/.local/lib/python3.7/site-packages/airflow/example_dags/example_complex.py for tasks to queue
[2024-12-03T16:37:13.002+0000] {logging_mixin.py:120} INFO - [2024-12-03T16:37:13.001+0000] {dagbag.py:537} INFO - Filling up the DagBag from /home/airflow/.local/lib/python3.7/site-packages/airflow/example_dags/example_complex.py
[2024-12-03T16:37:13.023+0000] {logging_mixin.py:120} INFO - [2024-12-03T16:37:13.022+0000] {taskmixin.py:205} WARNING - Dependency <Task(BashOperator): create_entry_group>, delete_entry_group already registered for DAG: example_complex
[2024-12-03T16:37:13.024+0000] {logging_mixin.py:120} INFO - [2024-12-03T16:37:13.024+0000] {taskmixin.py:205} WARNING - Dependency <Task(BashOperator): delete_entry_group>, create_entry_group already registered for DAG: example_complex
[2024-12-03T16:37:13.025+0000] {logging_mixin.py:120} INFO - [2024-12-03T16:37:13.025+0000] {taskmixin.py:205} WARNING - Dependency <Task(BashOperator): create_entry_gcs>, delete_entry already registered for DAG: example_complex
[2024-12-03T16:37:13.027+0000] {logging_mixin.py:120} INFO - [2024-12-03T16:37:13.026+0000] {taskmixin.py:205} WARNING - Dependency <Task(BashOperator): delete_entry>, create_entry_gcs already registered for DAG: example_complex
[2024-12-03T16:37:13.028+0000] {logging_mixin.py:120} INFO - [2024-12-03T16:37:13.028+0000] {taskmixin.py:205} WARNING - Dependency <Task(BashOperator): create_tag>, delete_tag already registered for DAG: example_complex
[2024-12-03T16:37:13.029+0000] {logging_mixin.py:120} INFO - [2024-12-03T16:37:13.029+0000] {taskmixin.py:205} WARNING - Dependency <Task(BashOperator): delete_tag>, create_tag already registered for DAG: example_complex
[2024-12-03T16:37:13.043+0000] {processor.py:766} INFO - DAG(s) dict_keys(['example_complex']) retrieved from /home/airflow/.local/lib/python3.7/site-packages/airflow/example_dags/example_complex.py
[2024-12-03T16:37:13.153+0000] {logging_mixin.py:120} INFO - [2024-12-03T16:37:13.153+0000] {dag.py:2585} INFO - Sync 1 DAGs
[2024-12-03T16:37:13.212+0000] {logging_mixin.py:120} INFO - [2024-12-03T16:37:13.211+0000] {dag.py:3340} INFO - Setting next_dagrun for example_complex to None, run_after=None
[2024-12-03T16:37:13.279+0000] {processor.py:176} INFO - Processing /home/airflow/.local/lib/python3.7/site-packages/airflow/example_dags/example_complex.py took 0.282 seconds
[2024-12-03T16:37:45.075+0000] {processor.py:154} INFO - Started process (PID=5304) to work on /home/airflow/.local/lib/python3.7/site-packages/airflow/example_dags/example_complex.py
[2024-12-03T16:37:45.079+0000] {processor.py:756} INFO - Processing file /home/airflow/.local/lib/python3.7/site-packages/airflow/example_dags/example_complex.py for tasks to queue
[2024-12-03T16:37:45.081+0000] {logging_mixin.py:120} INFO - [2024-12-03T16:37:45.080+0000] {dagbag.py:537} INFO - Filling up the DagBag from /home/airflow/.local/lib/python3.7/site-packages/airflow/example_dags/example_complex.py
[2024-12-03T16:37:45.123+0000] {logging_mixin.py:120} INFO - [2024-12-03T16:37:45.121+0000] {taskmixin.py:205} WARNING - Dependency <Task(BashOperator): create_entry_group>, delete_entry_group already registered for DAG: example_complex
[2024-12-03T16:37:45.126+0000] {logging_mixin.py:120} INFO - [2024-12-03T16:37:45.125+0000] {taskmixin.py:205} WARNING - Dependency <Task(BashOperator): delete_entry_group>, create_entry_group already registered for DAG: example_complex
[2024-12-03T16:37:45.129+0000] {logging_mixin.py:120} INFO - [2024-12-03T16:37:45.128+0000] {taskmixin.py:205} WARNING - Dependency <Task(BashOperator): create_entry_gcs>, delete_entry already registered for DAG: example_complex
[2024-12-03T16:37:45.130+0000] {logging_mixin.py:120} INFO - [2024-12-03T16:37:45.130+0000] {taskmixin.py:205} WARNING - Dependency <Task(BashOperator): delete_entry>, create_entry_gcs already registered for DAG: example_complex
[2024-12-03T16:37:45.133+0000] {logging_mixin.py:120} INFO - [2024-12-03T16:37:45.132+0000] {taskmixin.py:205} WARNING - Dependency <Task(BashOperator): create_tag>, delete_tag already registered for DAG: example_complex
[2024-12-03T16:37:45.136+0000] {logging_mixin.py:120} INFO - [2024-12-03T16:37:45.135+0000] {taskmixin.py:205} WARNING - Dependency <Task(BashOperator): delete_tag>, create_tag already registered for DAG: example_complex
[2024-12-03T16:37:45.179+0000] {processor.py:766} INFO - DAG(s) dict_keys(['example_complex']) retrieved from /home/airflow/.local/lib/python3.7/site-packages/airflow/example_dags/example_complex.py
[2024-12-03T16:37:45.281+0000] {logging_mixin.py:120} INFO - [2024-12-03T16:37:45.281+0000] {dag.py:2585} INFO - Sync 1 DAGs
[2024-12-03T16:37:45.352+0000] {logging_mixin.py:120} INFO - [2024-12-03T16:37:45.351+0000] {dag.py:3340} INFO - Setting next_dagrun for example_complex to None, run_after=None
[2024-12-03T16:37:45.399+0000] {processor.py:176} INFO - Processing /home/airflow/.local/lib/python3.7/site-packages/airflow/example_dags/example_complex.py took 0.331 seconds
[2024-12-03T16:38:16.718+0000] {processor.py:154} INFO - Started process (PID=5367) to work on /home/airflow/.local/lib/python3.7/site-packages/airflow/example_dags/example_complex.py
[2024-12-03T16:38:16.721+0000] {processor.py:756} INFO - Processing file /home/airflow/.local/lib/python3.7/site-packages/airflow/example_dags/example_complex.py for tasks to queue
[2024-12-03T16:38:16.727+0000] {logging_mixin.py:120} INFO - [2024-12-03T16:38:16.726+0000] {dagbag.py:537} INFO - Filling up the DagBag from /home/airflow/.local/lib/python3.7/site-packages/airflow/example_dags/example_complex.py
[2024-12-03T16:38:16.783+0000] {logging_mixin.py:120} INFO - [2024-12-03T16:38:16.783+0000] {taskmixin.py:205} WARNING - Dependency <Task(BashOperator): create_entry_group>, delete_entry_group already registered for DAG: example_complex
[2024-12-03T16:38:16.806+0000] {logging_mixin.py:120} INFO - [2024-12-03T16:38:16.805+0000] {taskmixin.py:205} WARNING - Dependency <Task(BashOperator): delete_entry_group>, create_entry_group already registered for DAG: example_complex
[2024-12-03T16:38:16.816+0000] {logging_mixin.py:120} INFO - [2024-12-03T16:38:16.815+0000] {taskmixin.py:205} WARNING - Dependency <Task(BashOperator): create_entry_gcs>, delete_entry already registered for DAG: example_complex
[2024-12-03T16:38:16.817+0000] {logging_mixin.py:120} INFO - [2024-12-03T16:38:16.817+0000] {taskmixin.py:205} WARNING - Dependency <Task(BashOperator): delete_entry>, create_entry_gcs already registered for DAG: example_complex
[2024-12-03T16:38:16.819+0000] {logging_mixin.py:120} INFO - [2024-12-03T16:38:16.818+0000] {taskmixin.py:205} WARNING - Dependency <Task(BashOperator): create_tag>, delete_tag already registered for DAG: example_complex
[2024-12-03T16:38:16.820+0000] {logging_mixin.py:120} INFO - [2024-12-03T16:38:16.820+0000] {taskmixin.py:205} WARNING - Dependency <Task(BashOperator): delete_tag>, create_tag already registered for DAG: example_complex
[2024-12-03T16:38:16.861+0000] {processor.py:766} INFO - DAG(s) dict_keys(['example_complex']) retrieved from /home/airflow/.local/lib/python3.7/site-packages/airflow/example_dags/example_complex.py
[2024-12-03T16:38:17.021+0000] {logging_mixin.py:120} INFO - [2024-12-03T16:38:17.020+0000] {dag.py:2585} INFO - Sync 1 DAGs
[2024-12-03T16:38:17.118+0000] {logging_mixin.py:120} INFO - [2024-12-03T16:38:17.118+0000] {dag.py:3340} INFO - Setting next_dagrun for example_complex to None, run_after=None
[2024-12-03T16:38:17.189+0000] {processor.py:176} INFO - Processing /home/airflow/.local/lib/python3.7/site-packages/airflow/example_dags/example_complex.py took 0.479 seconds
[2024-12-03T16:38:47.526+0000] {processor.py:154} INFO - Started process (PID=5424) to work on /home/airflow/.local/lib/python3.7/site-packages/airflow/example_dags/example_complex.py
[2024-12-03T16:38:47.530+0000] {processor.py:756} INFO - Processing file /home/airflow/.local/lib/python3.7/site-packages/airflow/example_dags/example_complex.py for tasks to queue
[2024-12-03T16:38:47.532+0000] {logging_mixin.py:120} INFO - [2024-12-03T16:38:47.531+0000] {dagbag.py:537} INFO - Filling up the DagBag from /home/airflow/.local/lib/python3.7/site-packages/airflow/example_dags/example_complex.py
[2024-12-03T16:38:47.558+0000] {logging_mixin.py:120} INFO - [2024-12-03T16:38:47.557+0000] {taskmixin.py:205} WARNING - Dependency <Task(BashOperator): create_entry_group>, delete_entry_group already registered for DAG: example_complex
[2024-12-03T16:38:47.559+0000] {logging_mixin.py:120} INFO - [2024-12-03T16:38:47.558+0000] {taskmixin.py:205} WARNING - Dependency <Task(BashOperator): delete_entry_group>, create_entry_group already registered for DAG: example_complex
[2024-12-03T16:38:47.560+0000] {logging_mixin.py:120} INFO - [2024-12-03T16:38:47.559+0000] {taskmixin.py:205} WARNING - Dependency <Task(BashOperator): create_entry_gcs>, delete_entry already registered for DAG: example_complex
[2024-12-03T16:38:47.561+0000] {logging_mixin.py:120} INFO - [2024-12-03T16:38:47.561+0000] {taskmixin.py:205} WARNING - Dependency <Task(BashOperator): delete_entry>, create_entry_gcs already registered for DAG: example_complex
[2024-12-03T16:38:47.563+0000] {logging_mixin.py:120} INFO - [2024-12-03T16:38:47.562+0000] {taskmixin.py:205} WARNING - Dependency <Task(BashOperator): create_tag>, delete_tag already registered for DAG: example_complex
[2024-12-03T16:38:47.564+0000] {logging_mixin.py:120} INFO - [2024-12-03T16:38:47.563+0000] {taskmixin.py:205} WARNING - Dependency <Task(BashOperator): delete_tag>, create_tag already registered for DAG: example_complex
[2024-12-03T16:38:47.583+0000] {processor.py:766} INFO - DAG(s) dict_keys(['example_complex']) retrieved from /home/airflow/.local/lib/python3.7/site-packages/airflow/example_dags/example_complex.py
[2024-12-03T16:38:47.684+0000] {logging_mixin.py:120} INFO - [2024-12-03T16:38:47.684+0000] {dag.py:2585} INFO - Sync 1 DAGs
[2024-12-03T16:38:47.746+0000] {logging_mixin.py:120} INFO - [2024-12-03T16:38:47.746+0000] {dag.py:3340} INFO - Setting next_dagrun for example_complex to None, run_after=None
[2024-12-03T16:38:47.798+0000] {processor.py:176} INFO - Processing /home/airflow/.local/lib/python3.7/site-packages/airflow/example_dags/example_complex.py took 0.279 seconds
[2024-12-03T16:39:18.810+0000] {processor.py:154} INFO - Started process (PID=5482) to work on /home/airflow/.local/lib/python3.7/site-packages/airflow/example_dags/example_complex.py
[2024-12-03T16:39:18.811+0000] {processor.py:756} INFO - Processing file /home/airflow/.local/lib/python3.7/site-packages/airflow/example_dags/example_complex.py for tasks to queue
[2024-12-03T16:39:18.813+0000] {logging_mixin.py:120} INFO - [2024-12-03T16:39:18.813+0000] {dagbag.py:537} INFO - Filling up the DagBag from /home/airflow/.local/lib/python3.7/site-packages/airflow/example_dags/example_complex.py
[2024-12-03T16:39:18.828+0000] {logging_mixin.py:120} INFO - [2024-12-03T16:39:18.827+0000] {taskmixin.py:205} WARNING - Dependency <Task(BashOperator): create_entry_group>, delete_entry_group already registered for DAG: example_complex
[2024-12-03T16:39:18.830+0000] {logging_mixin.py:120} INFO - [2024-12-03T16:39:18.830+0000] {taskmixin.py:205} WARNING - Dependency <Task(BashOperator): delete_entry_group>, create_entry_group already registered for DAG: example_complex
[2024-12-03T16:39:18.831+0000] {logging_mixin.py:120} INFO - [2024-12-03T16:39:18.831+0000] {taskmixin.py:205} WARNING - Dependency <Task(BashOperator): create_entry_gcs>, delete_entry already registered for DAG: example_complex
[2024-12-03T16:39:18.831+0000] {logging_mixin.py:120} INFO - [2024-12-03T16:39:18.831+0000] {taskmixin.py:205} WARNING - Dependency <Task(BashOperator): delete_entry>, create_entry_gcs already registered for DAG: example_complex
[2024-12-03T16:39:18.833+0000] {logging_mixin.py:120} INFO - [2024-12-03T16:39:18.832+0000] {taskmixin.py:205} WARNING - Dependency <Task(BashOperator): create_tag>, delete_tag already registered for DAG: example_complex
[2024-12-03T16:39:18.834+0000] {logging_mixin.py:120} INFO - [2024-12-03T16:39:18.834+0000] {taskmixin.py:205} WARNING - Dependency <Task(BashOperator): delete_tag>, create_tag already registered for DAG: example_complex
[2024-12-03T16:39:18.844+0000] {processor.py:766} INFO - DAG(s) dict_keys(['example_complex']) retrieved from /home/airflow/.local/lib/python3.7/site-packages/airflow/example_dags/example_complex.py
[2024-12-03T16:39:18.909+0000] {logging_mixin.py:120} INFO - [2024-12-03T16:39:18.908+0000] {dag.py:2585} INFO - Sync 1 DAGs
[2024-12-03T16:39:18.950+0000] {logging_mixin.py:120} INFO - [2024-12-03T16:39:18.950+0000] {dag.py:3340} INFO - Setting next_dagrun for example_complex to None, run_after=None
[2024-12-03T16:39:18.985+0000] {processor.py:176} INFO - Processing /home/airflow/.local/lib/python3.7/site-packages/airflow/example_dags/example_complex.py took 0.181 seconds
[2024-12-03T16:39:50.274+0000] {processor.py:154} INFO - Started process (PID=5550) to work on /home/airflow/.local/lib/python3.7/site-packages/airflow/example_dags/example_complex.py
[2024-12-03T16:39:50.275+0000] {processor.py:756} INFO - Processing file /home/airflow/.local/lib/python3.7/site-packages/airflow/example_dags/example_complex.py for tasks to queue
[2024-12-03T16:39:50.277+0000] {logging_mixin.py:120} INFO - [2024-12-03T16:39:50.277+0000] {dagbag.py:537} INFO - Filling up the DagBag from /home/airflow/.local/lib/python3.7/site-packages/airflow/example_dags/example_complex.py
[2024-12-03T16:39:50.300+0000] {logging_mixin.py:120} INFO - [2024-12-03T16:39:50.299+0000] {taskmixin.py:205} WARNING - Dependency <Task(BashOperator): create_entry_group>, delete_entry_group already registered for DAG: example_complex
[2024-12-03T16:39:50.302+0000] {logging_mixin.py:120} INFO - [2024-12-03T16:39:50.301+0000] {taskmixin.py:205} WARNING - Dependency <Task(BashOperator): delete_entry_group>, create_entry_group already registered for DAG: example_complex
[2024-12-03T16:39:50.303+0000] {logging_mixin.py:120} INFO - [2024-12-03T16:39:50.303+0000] {taskmixin.py:205} WARNING - Dependency <Task(BashOperator): create_entry_gcs>, delete_entry already registered for DAG: example_complex
[2024-12-03T16:39:50.307+0000] {logging_mixin.py:120} INFO - [2024-12-03T16:39:50.307+0000] {taskmixin.py:205} WARNING - Dependency <Task(BashOperator): delete_entry>, create_entry_gcs already registered for DAG: example_complex
[2024-12-03T16:39:50.309+0000] {logging_mixin.py:120} INFO - [2024-12-03T16:39:50.309+0000] {taskmixin.py:205} WARNING - Dependency <Task(BashOperator): create_tag>, delete_tag already registered for DAG: example_complex
[2024-12-03T16:39:50.310+0000] {logging_mixin.py:120} INFO - [2024-12-03T16:39:50.310+0000] {taskmixin.py:205} WARNING - Dependency <Task(BashOperator): delete_tag>, create_tag already registered for DAG: example_complex
[2024-12-03T16:39:50.332+0000] {processor.py:766} INFO - DAG(s) dict_keys(['example_complex']) retrieved from /home/airflow/.local/lib/python3.7/site-packages/airflow/example_dags/example_complex.py
[2024-12-03T16:39:50.454+0000] {logging_mixin.py:120} INFO - [2024-12-03T16:39:50.454+0000] {dag.py:2585} INFO - Sync 1 DAGs
[2024-12-03T16:39:50.503+0000] {logging_mixin.py:120} INFO - [2024-12-03T16:39:50.502+0000] {dag.py:3340} INFO - Setting next_dagrun for example_complex to None, run_after=None
[2024-12-03T16:39:50.546+0000] {processor.py:176} INFO - Processing /home/airflow/.local/lib/python3.7/site-packages/airflow/example_dags/example_complex.py took 0.279 seconds
[2024-12-03T16:40:20.802+0000] {processor.py:154} INFO - Started process (PID=5609) to work on /home/airflow/.local/lib/python3.7/site-packages/airflow/example_dags/example_complex.py
[2024-12-03T16:40:20.804+0000] {processor.py:756} INFO - Processing file /home/airflow/.local/lib/python3.7/site-packages/airflow/example_dags/example_complex.py for tasks to queue
[2024-12-03T16:40:20.805+0000] {logging_mixin.py:120} INFO - [2024-12-03T16:40:20.805+0000] {dagbag.py:537} INFO - Filling up the DagBag from /home/airflow/.local/lib/python3.7/site-packages/airflow/example_dags/example_complex.py
[2024-12-03T16:40:20.821+0000] {logging_mixin.py:120} INFO - [2024-12-03T16:40:20.820+0000] {taskmixin.py:205} WARNING - Dependency <Task(BashOperator): create_entry_group>, delete_entry_group already registered for DAG: example_complex
[2024-12-03T16:40:20.821+0000] {logging_mixin.py:120} INFO - [2024-12-03T16:40:20.821+0000] {taskmixin.py:205} WARNING - Dependency <Task(BashOperator): delete_entry_group>, create_entry_group already registered for DAG: example_complex
[2024-12-03T16:40:20.822+0000] {logging_mixin.py:120} INFO - [2024-12-03T16:40:20.822+0000] {taskmixin.py:205} WARNING - Dependency <Task(BashOperator): create_entry_gcs>, delete_entry already registered for DAG: example_complex
[2024-12-03T16:40:20.823+0000] {logging_mixin.py:120} INFO - [2024-12-03T16:40:20.823+0000] {taskmixin.py:205} WARNING - Dependency <Task(BashOperator): delete_entry>, create_entry_gcs already registered for DAG: example_complex
[2024-12-03T16:40:20.824+0000] {logging_mixin.py:120} INFO - [2024-12-03T16:40:20.824+0000] {taskmixin.py:205} WARNING - Dependency <Task(BashOperator): create_tag>, delete_tag already registered for DAG: example_complex
[2024-12-03T16:40:20.826+0000] {logging_mixin.py:120} INFO - [2024-12-03T16:40:20.825+0000] {taskmixin.py:205} WARNING - Dependency <Task(BashOperator): delete_tag>, create_tag already registered for DAG: example_complex
[2024-12-03T16:40:20.835+0000] {processor.py:766} INFO - DAG(s) dict_keys(['example_complex']) retrieved from /home/airflow/.local/lib/python3.7/site-packages/airflow/example_dags/example_complex.py
[2024-12-03T16:40:20.893+0000] {logging_mixin.py:120} INFO - [2024-12-03T16:40:20.893+0000] {dag.py:2585} INFO - Sync 1 DAGs
[2024-12-03T16:40:20.933+0000] {logging_mixin.py:120} INFO - [2024-12-03T16:40:20.933+0000] {dag.py:3340} INFO - Setting next_dagrun for example_complex to None, run_after=None
[2024-12-03T16:40:20.972+0000] {processor.py:176} INFO - Processing /home/airflow/.local/lib/python3.7/site-packages/airflow/example_dags/example_complex.py took 0.173 seconds
[2024-12-03T16:40:52.986+0000] {processor.py:154} INFO - Started process (PID=5682) to work on /home/airflow/.local/lib/python3.7/site-packages/airflow/example_dags/example_complex.py
[2024-12-03T16:40:52.990+0000] {processor.py:756} INFO - Processing file /home/airflow/.local/lib/python3.7/site-packages/airflow/example_dags/example_complex.py for tasks to queue
[2024-12-03T16:40:52.995+0000] {logging_mixin.py:120} INFO - [2024-12-03T16:40:52.994+0000] {dagbag.py:537} INFO - Filling up the DagBag from /home/airflow/.local/lib/python3.7/site-packages/airflow/example_dags/example_complex.py
[2024-12-03T16:40:53.031+0000] {logging_mixin.py:120} INFO - [2024-12-03T16:40:53.031+0000] {taskmixin.py:205} WARNING - Dependency <Task(BashOperator): create_entry_group>, delete_entry_group already registered for DAG: example_complex
[2024-12-03T16:40:53.033+0000] {logging_mixin.py:120} INFO - [2024-12-03T16:40:53.032+0000] {taskmixin.py:205} WARNING - Dependency <Task(BashOperator): delete_entry_group>, create_entry_group already registered for DAG: example_complex
[2024-12-03T16:40:53.034+0000] {logging_mixin.py:120} INFO - [2024-12-03T16:40:53.034+0000] {taskmixin.py:205} WARNING - Dependency <Task(BashOperator): create_entry_gcs>, delete_entry already registered for DAG: example_complex
[2024-12-03T16:40:53.035+0000] {logging_mixin.py:120} INFO - [2024-12-03T16:40:53.035+0000] {taskmixin.py:205} WARNING - Dependency <Task(BashOperator): delete_entry>, create_entry_gcs already registered for DAG: example_complex
[2024-12-03T16:40:53.036+0000] {logging_mixin.py:120} INFO - [2024-12-03T16:40:53.036+0000] {taskmixin.py:205} WARNING - Dependency <Task(BashOperator): create_tag>, delete_tag already registered for DAG: example_complex
[2024-12-03T16:40:53.038+0000] {logging_mixin.py:120} INFO - [2024-12-03T16:40:53.037+0000] {taskmixin.py:205} WARNING - Dependency <Task(BashOperator): delete_tag>, create_tag already registered for DAG: example_complex
[2024-12-03T16:40:53.065+0000] {processor.py:766} INFO - DAG(s) dict_keys(['example_complex']) retrieved from /home/airflow/.local/lib/python3.7/site-packages/airflow/example_dags/example_complex.py
[2024-12-03T16:40:53.191+0000] {logging_mixin.py:120} INFO - [2024-12-03T16:40:53.191+0000] {dag.py:2585} INFO - Sync 1 DAGs
[2024-12-03T16:40:53.272+0000] {logging_mixin.py:120} INFO - [2024-12-03T16:40:53.272+0000] {dag.py:3340} INFO - Setting next_dagrun for example_complex to None, run_after=None
[2024-12-03T16:40:53.329+0000] {processor.py:176} INFO - Processing /home/airflow/.local/lib/python3.7/site-packages/airflow/example_dags/example_complex.py took 0.352 seconds
[2024-12-03T16:41:24.078+0000] {processor.py:154} INFO - Started process (PID=5747) to work on /home/airflow/.local/lib/python3.7/site-packages/airflow/example_dags/example_complex.py
[2024-12-03T16:41:24.081+0000] {processor.py:756} INFO - Processing file /home/airflow/.local/lib/python3.7/site-packages/airflow/example_dags/example_complex.py for tasks to queue
[2024-12-03T16:41:24.083+0000] {logging_mixin.py:120} INFO - [2024-12-03T16:41:24.082+0000] {dagbag.py:537} INFO - Filling up the DagBag from /home/airflow/.local/lib/python3.7/site-packages/airflow/example_dags/example_complex.py
[2024-12-03T16:41:24.097+0000] {logging_mixin.py:120} INFO - [2024-12-03T16:41:24.096+0000] {taskmixin.py:205} WARNING - Dependency <Task(BashOperator): create_entry_group>, delete_entry_group already registered for DAG: example_complex
[2024-12-03T16:41:24.098+0000] {logging_mixin.py:120} INFO - [2024-12-03T16:41:24.098+0000] {taskmixin.py:205} WARNING - Dependency <Task(BashOperator): delete_entry_group>, create_entry_group already registered for DAG: example_complex
[2024-12-03T16:41:24.099+0000] {logging_mixin.py:120} INFO - [2024-12-03T16:41:24.099+0000] {taskmixin.py:205} WARNING - Dependency <Task(BashOperator): create_entry_gcs>, delete_entry already registered for DAG: example_complex
[2024-12-03T16:41:24.100+0000] {logging_mixin.py:120} INFO - [2024-12-03T16:41:24.100+0000] {taskmixin.py:205} WARNING - Dependency <Task(BashOperator): delete_entry>, create_entry_gcs already registered for DAG: example_complex
[2024-12-03T16:41:24.101+0000] {logging_mixin.py:120} INFO - [2024-12-03T16:41:24.101+0000] {taskmixin.py:205} WARNING - Dependency <Task(BashOperator): create_tag>, delete_tag already registered for DAG: example_complex
[2024-12-03T16:41:24.102+0000] {logging_mixin.py:120} INFO - [2024-12-03T16:41:24.102+0000] {taskmixin.py:205} WARNING - Dependency <Task(BashOperator): delete_tag>, create_tag already registered for DAG: example_complex
[2024-12-03T16:41:24.111+0000] {processor.py:766} INFO - DAG(s) dict_keys(['example_complex']) retrieved from /home/airflow/.local/lib/python3.7/site-packages/airflow/example_dags/example_complex.py
[2024-12-03T16:41:24.172+0000] {logging_mixin.py:120} INFO - [2024-12-03T16:41:24.172+0000] {dag.py:2585} INFO - Sync 1 DAGs
[2024-12-03T16:41:24.209+0000] {logging_mixin.py:120} INFO - [2024-12-03T16:41:24.209+0000] {dag.py:3340} INFO - Setting next_dagrun for example_complex to None, run_after=None
[2024-12-03T16:41:24.245+0000] {processor.py:176} INFO - Processing /home/airflow/.local/lib/python3.7/site-packages/airflow/example_dags/example_complex.py took 0.170 seconds
[2024-12-03T16:41:55.786+0000] {processor.py:154} INFO - Started process (PID=5813) to work on /home/airflow/.local/lib/python3.7/site-packages/airflow/example_dags/example_complex.py
[2024-12-03T16:41:55.787+0000] {processor.py:756} INFO - Processing file /home/airflow/.local/lib/python3.7/site-packages/airflow/example_dags/example_complex.py for tasks to queue
[2024-12-03T16:41:55.788+0000] {logging_mixin.py:120} INFO - [2024-12-03T16:41:55.788+0000] {dagbag.py:537} INFO - Filling up the DagBag from /home/airflow/.local/lib/python3.7/site-packages/airflow/example_dags/example_complex.py
[2024-12-03T16:41:55.803+0000] {logging_mixin.py:120} INFO - [2024-12-03T16:41:55.802+0000] {taskmixin.py:205} WARNING - Dependency <Task(BashOperator): create_entry_group>, delete_entry_group already registered for DAG: example_complex
[2024-12-03T16:41:55.804+0000] {logging_mixin.py:120} INFO - [2024-12-03T16:41:55.804+0000] {taskmixin.py:205} WARNING - Dependency <Task(BashOperator): delete_entry_group>, create_entry_group already registered for DAG: example_complex
[2024-12-03T16:41:55.806+0000] {logging_mixin.py:120} INFO - [2024-12-03T16:41:55.805+0000] {taskmixin.py:205} WARNING - Dependency <Task(BashOperator): create_entry_gcs>, delete_entry already registered for DAG: example_complex
[2024-12-03T16:41:55.806+0000] {logging_mixin.py:120} INFO - [2024-12-03T16:41:55.806+0000] {taskmixin.py:205} WARNING - Dependency <Task(BashOperator): delete_entry>, create_entry_gcs already registered for DAG: example_complex
[2024-12-03T16:41:55.807+0000] {logging_mixin.py:120} INFO - [2024-12-03T16:41:55.807+0000] {taskmixin.py:205} WARNING - Dependency <Task(BashOperator): create_tag>, delete_tag already registered for DAG: example_complex
[2024-12-03T16:41:55.808+0000] {logging_mixin.py:120} INFO - [2024-12-03T16:41:55.808+0000] {taskmixin.py:205} WARNING - Dependency <Task(BashOperator): delete_tag>, create_tag already registered for DAG: example_complex
[2024-12-03T16:41:55.817+0000] {processor.py:766} INFO - DAG(s) dict_keys(['example_complex']) retrieved from /home/airflow/.local/lib/python3.7/site-packages/airflow/example_dags/example_complex.py
[2024-12-03T16:41:55.884+0000] {logging_mixin.py:120} INFO - [2024-12-03T16:41:55.884+0000] {dag.py:2585} INFO - Sync 1 DAGs
[2024-12-03T16:41:55.923+0000] {logging_mixin.py:120} INFO - [2024-12-03T16:41:55.923+0000] {dag.py:3340} INFO - Setting next_dagrun for example_complex to None, run_after=None
[2024-12-03T16:41:55.958+0000] {processor.py:176} INFO - Processing /home/airflow/.local/lib/python3.7/site-packages/airflow/example_dags/example_complex.py took 0.176 seconds
[2024-12-03T16:42:27.646+0000] {processor.py:154} INFO - Started process (PID=5879) to work on /home/airflow/.local/lib/python3.7/site-packages/airflow/example_dags/example_complex.py
[2024-12-03T16:42:27.651+0000] {processor.py:756} INFO - Processing file /home/airflow/.local/lib/python3.7/site-packages/airflow/example_dags/example_complex.py for tasks to queue
[2024-12-03T16:42:27.658+0000] {logging_mixin.py:120} INFO - [2024-12-03T16:42:27.657+0000] {dagbag.py:537} INFO - Filling up the DagBag from /home/airflow/.local/lib/python3.7/site-packages/airflow/example_dags/example_complex.py
[2024-12-03T16:42:27.692+0000] {logging_mixin.py:120} INFO - [2024-12-03T16:42:27.691+0000] {taskmixin.py:205} WARNING - Dependency <Task(BashOperator): create_entry_group>, delete_entry_group already registered for DAG: example_complex
[2024-12-03T16:42:27.693+0000] {logging_mixin.py:120} INFO - [2024-12-03T16:42:27.693+0000] {taskmixin.py:205} WARNING - Dependency <Task(BashOperator): delete_entry_group>, create_entry_group already registered for DAG: example_complex
[2024-12-03T16:42:27.695+0000] {logging_mixin.py:120} INFO - [2024-12-03T16:42:27.695+0000] {taskmixin.py:205} WARNING - Dependency <Task(BashOperator): create_entry_gcs>, delete_entry already registered for DAG: example_complex
[2024-12-03T16:42:27.697+0000] {logging_mixin.py:120} INFO - [2024-12-03T16:42:27.696+0000] {taskmixin.py:205} WARNING - Dependency <Task(BashOperator): delete_entry>, create_entry_gcs already registered for DAG: example_complex
[2024-12-03T16:42:27.699+0000] {logging_mixin.py:120} INFO - [2024-12-03T16:42:27.698+0000] {taskmixin.py:205} WARNING - Dependency <Task(BashOperator): create_tag>, delete_tag already registered for DAG: example_complex
[2024-12-03T16:42:27.700+0000] {logging_mixin.py:120} INFO - [2024-12-03T16:42:27.700+0000] {taskmixin.py:205} WARNING - Dependency <Task(BashOperator): delete_tag>, create_tag already registered for DAG: example_complex
[2024-12-03T16:42:27.724+0000] {processor.py:766} INFO - DAG(s) dict_keys(['example_complex']) retrieved from /home/airflow/.local/lib/python3.7/site-packages/airflow/example_dags/example_complex.py
[2024-12-03T16:42:27.838+0000] {logging_mixin.py:120} INFO - [2024-12-03T16:42:27.838+0000] {dag.py:2585} INFO - Sync 1 DAGs
[2024-12-03T16:42:27.896+0000] {logging_mixin.py:120} INFO - [2024-12-03T16:42:27.896+0000] {dag.py:3340} INFO - Setting next_dagrun for example_complex to None, run_after=None
[2024-12-03T16:42:27.951+0000] {processor.py:176} INFO - Processing /home/airflow/.local/lib/python3.7/site-packages/airflow/example_dags/example_complex.py took 0.313 seconds
[2024-12-03T16:42:59.286+0000] {processor.py:154} INFO - Started process (PID=5936) to work on /home/airflow/.local/lib/python3.7/site-packages/airflow/example_dags/example_complex.py
[2024-12-03T16:42:59.287+0000] {processor.py:756} INFO - Processing file /home/airflow/.local/lib/python3.7/site-packages/airflow/example_dags/example_complex.py for tasks to queue
[2024-12-03T16:42:59.289+0000] {logging_mixin.py:120} INFO - [2024-12-03T16:42:59.289+0000] {dagbag.py:537} INFO - Filling up the DagBag from /home/airflow/.local/lib/python3.7/site-packages/airflow/example_dags/example_complex.py
[2024-12-03T16:42:59.305+0000] {logging_mixin.py:120} INFO - [2024-12-03T16:42:59.304+0000] {taskmixin.py:205} WARNING - Dependency <Task(BashOperator): create_entry_group>, delete_entry_group already registered for DAG: example_complex
[2024-12-03T16:42:59.306+0000] {logging_mixin.py:120} INFO - [2024-12-03T16:42:59.306+0000] {taskmixin.py:205} WARNING - Dependency <Task(BashOperator): delete_entry_group>, create_entry_group already registered for DAG: example_complex
[2024-12-03T16:42:59.307+0000] {logging_mixin.py:120} INFO - [2024-12-03T16:42:59.307+0000] {taskmixin.py:205} WARNING - Dependency <Task(BashOperator): create_entry_gcs>, delete_entry already registered for DAG: example_complex
[2024-12-03T16:42:59.308+0000] {logging_mixin.py:120} INFO - [2024-12-03T16:42:59.308+0000] {taskmixin.py:205} WARNING - Dependency <Task(BashOperator): delete_entry>, create_entry_gcs already registered for DAG: example_complex
[2024-12-03T16:42:59.309+0000] {logging_mixin.py:120} INFO - [2024-12-03T16:42:59.309+0000] {taskmixin.py:205} WARNING - Dependency <Task(BashOperator): create_tag>, delete_tag already registered for DAG: example_complex
[2024-12-03T16:42:59.310+0000] {logging_mixin.py:120} INFO - [2024-12-03T16:42:59.310+0000] {taskmixin.py:205} WARNING - Dependency <Task(BashOperator): delete_tag>, create_tag already registered for DAG: example_complex
[2024-12-03T16:42:59.328+0000] {processor.py:766} INFO - DAG(s) dict_keys(['example_complex']) retrieved from /home/airflow/.local/lib/python3.7/site-packages/airflow/example_dags/example_complex.py
[2024-12-03T16:42:59.414+0000] {logging_mixin.py:120} INFO - [2024-12-03T16:42:59.414+0000] {dag.py:2585} INFO - Sync 1 DAGs
[2024-12-03T16:42:59.468+0000] {logging_mixin.py:120} INFO - [2024-12-03T16:42:59.468+0000] {dag.py:3340} INFO - Setting next_dagrun for example_complex to None, run_after=None
[2024-12-03T16:42:59.510+0000] {processor.py:176} INFO - Processing /home/airflow/.local/lib/python3.7/site-packages/airflow/example_dags/example_complex.py took 0.230 seconds
[2024-12-03T16:43:31.084+0000] {processor.py:154} INFO - Started process (PID=5999) to work on /home/airflow/.local/lib/python3.7/site-packages/airflow/example_dags/example_complex.py
[2024-12-03T16:43:31.088+0000] {processor.py:756} INFO - Processing file /home/airflow/.local/lib/python3.7/site-packages/airflow/example_dags/example_complex.py for tasks to queue
[2024-12-03T16:43:31.093+0000] {logging_mixin.py:120} INFO - [2024-12-03T16:43:31.092+0000] {dagbag.py:537} INFO - Filling up the DagBag from /home/airflow/.local/lib/python3.7/site-packages/airflow/example_dags/example_complex.py
[2024-12-03T16:43:31.163+0000] {logging_mixin.py:120} INFO - [2024-12-03T16:43:31.163+0000] {taskmixin.py:205} WARNING - Dependency <Task(BashOperator): create_entry_group>, delete_entry_group already registered for DAG: example_complex
[2024-12-03T16:43:31.165+0000] {logging_mixin.py:120} INFO - [2024-12-03T16:43:31.165+0000] {taskmixin.py:205} WARNING - Dependency <Task(BashOperator): delete_entry_group>, create_entry_group already registered for DAG: example_complex
[2024-12-03T16:43:31.168+0000] {logging_mixin.py:120} INFO - [2024-12-03T16:43:31.168+0000] {taskmixin.py:205} WARNING - Dependency <Task(BashOperator): create_entry_gcs>, delete_entry already registered for DAG: example_complex
[2024-12-03T16:43:31.171+0000] {logging_mixin.py:120} INFO - [2024-12-03T16:43:31.170+0000] {taskmixin.py:205} WARNING - Dependency <Task(BashOperator): delete_entry>, create_entry_gcs already registered for DAG: example_complex
[2024-12-03T16:43:31.173+0000] {logging_mixin.py:120} INFO - [2024-12-03T16:43:31.172+0000] {taskmixin.py:205} WARNING - Dependency <Task(BashOperator): create_tag>, delete_tag already registered for DAG: example_complex
[2024-12-03T16:43:31.174+0000] {logging_mixin.py:120} INFO - [2024-12-03T16:43:31.174+0000] {taskmixin.py:205} WARNING - Dependency <Task(BashOperator): delete_tag>, create_tag already registered for DAG: example_complex
[2024-12-03T16:43:31.211+0000] {processor.py:766} INFO - DAG(s) dict_keys(['example_complex']) retrieved from /home/airflow/.local/lib/python3.7/site-packages/airflow/example_dags/example_complex.py
[2024-12-03T16:43:31.424+0000] {logging_mixin.py:120} INFO - [2024-12-03T16:43:31.424+0000] {dag.py:2585} INFO - Sync 1 DAGs
[2024-12-03T16:43:31.501+0000] {logging_mixin.py:120} INFO - [2024-12-03T16:43:31.501+0000] {dag.py:3340} INFO - Setting next_dagrun for example_complex to None, run_after=None
[2024-12-03T16:43:31.570+0000] {processor.py:176} INFO - Processing /home/airflow/.local/lib/python3.7/site-packages/airflow/example_dags/example_complex.py took 0.497 seconds
[2024-12-03T16:44:01.764+0000] {processor.py:154} INFO - Started process (PID=6054) to work on /home/airflow/.local/lib/python3.7/site-packages/airflow/example_dags/example_complex.py
[2024-12-03T16:44:01.766+0000] {processor.py:756} INFO - Processing file /home/airflow/.local/lib/python3.7/site-packages/airflow/example_dags/example_complex.py for tasks to queue
[2024-12-03T16:44:01.768+0000] {logging_mixin.py:120} INFO - [2024-12-03T16:44:01.767+0000] {dagbag.py:537} INFO - Filling up the DagBag from /home/airflow/.local/lib/python3.7/site-packages/airflow/example_dags/example_complex.py
[2024-12-03T16:44:01.796+0000] {logging_mixin.py:120} INFO - [2024-12-03T16:44:01.795+0000] {taskmixin.py:205} WARNING - Dependency <Task(BashOperator): create_entry_group>, delete_entry_group already registered for DAG: example_complex
[2024-12-03T16:44:01.797+0000] {logging_mixin.py:120} INFO - [2024-12-03T16:44:01.797+0000] {taskmixin.py:205} WARNING - Dependency <Task(BashOperator): delete_entry_group>, create_entry_group already registered for DAG: example_complex
[2024-12-03T16:44:01.798+0000] {logging_mixin.py:120} INFO - [2024-12-03T16:44:01.798+0000] {taskmixin.py:205} WARNING - Dependency <Task(BashOperator): create_entry_gcs>, delete_entry already registered for DAG: example_complex
[2024-12-03T16:44:01.799+0000] {logging_mixin.py:120} INFO - [2024-12-03T16:44:01.798+0000] {taskmixin.py:205} WARNING - Dependency <Task(BashOperator): delete_entry>, create_entry_gcs already registered for DAG: example_complex
[2024-12-03T16:44:01.800+0000] {logging_mixin.py:120} INFO - [2024-12-03T16:44:01.800+0000] {taskmixin.py:205} WARNING - Dependency <Task(BashOperator): create_tag>, delete_tag already registered for DAG: example_complex
[2024-12-03T16:44:01.802+0000] {logging_mixin.py:120} INFO - [2024-12-03T16:44:01.801+0000] {taskmixin.py:205} WARNING - Dependency <Task(BashOperator): delete_tag>, create_tag already registered for DAG: example_complex
[2024-12-03T16:44:01.816+0000] {processor.py:766} INFO - DAG(s) dict_keys(['example_complex']) retrieved from /home/airflow/.local/lib/python3.7/site-packages/airflow/example_dags/example_complex.py
[2024-12-03T16:44:01.927+0000] {logging_mixin.py:120} INFO - [2024-12-03T16:44:01.927+0000] {dag.py:2585} INFO - Sync 1 DAGs
[2024-12-03T16:44:01.988+0000] {logging_mixin.py:120} INFO - [2024-12-03T16:44:01.988+0000] {dag.py:3340} INFO - Setting next_dagrun for example_complex to None, run_after=None
[2024-12-03T16:44:02.055+0000] {processor.py:176} INFO - Processing /home/airflow/.local/lib/python3.7/site-packages/airflow/example_dags/example_complex.py took 0.296 seconds
[2024-12-03T16:44:32.249+0000] {processor.py:154} INFO - Started process (PID=6118) to work on /home/airflow/.local/lib/python3.7/site-packages/airflow/example_dags/example_complex.py
[2024-12-03T16:44:32.252+0000] {processor.py:756} INFO - Processing file /home/airflow/.local/lib/python3.7/site-packages/airflow/example_dags/example_complex.py for tasks to queue
[2024-12-03T16:44:32.255+0000] {logging_mixin.py:120} INFO - [2024-12-03T16:44:32.255+0000] {dagbag.py:537} INFO - Filling up the DagBag from /home/airflow/.local/lib/python3.7/site-packages/airflow/example_dags/example_complex.py
[2024-12-03T16:44:32.275+0000] {logging_mixin.py:120} INFO - [2024-12-03T16:44:32.274+0000] {taskmixin.py:205} WARNING - Dependency <Task(BashOperator): create_entry_group>, delete_entry_group already registered for DAG: example_complex
[2024-12-03T16:44:32.277+0000] {logging_mixin.py:120} INFO - [2024-12-03T16:44:32.276+0000] {taskmixin.py:205} WARNING - Dependency <Task(BashOperator): delete_entry_group>, create_entry_group already registered for DAG: example_complex
[2024-12-03T16:44:32.279+0000] {logging_mixin.py:120} INFO - [2024-12-03T16:44:32.278+0000] {taskmixin.py:205} WARNING - Dependency <Task(BashOperator): create_entry_gcs>, delete_entry already registered for DAG: example_complex
[2024-12-03T16:44:32.280+0000] {logging_mixin.py:120} INFO - [2024-12-03T16:44:32.280+0000] {taskmixin.py:205} WARNING - Dependency <Task(BashOperator): delete_entry>, create_entry_gcs already registered for DAG: example_complex
[2024-12-03T16:44:32.281+0000] {logging_mixin.py:120} INFO - [2024-12-03T16:44:32.281+0000] {taskmixin.py:205} WARNING - Dependency <Task(BashOperator): create_tag>, delete_tag already registered for DAG: example_complex
[2024-12-03T16:44:32.283+0000] {logging_mixin.py:120} INFO - [2024-12-03T16:44:32.282+0000] {taskmixin.py:205} WARNING - Dependency <Task(BashOperator): delete_tag>, create_tag already registered for DAG: example_complex
[2024-12-03T16:44:32.304+0000] {processor.py:766} INFO - DAG(s) dict_keys(['example_complex']) retrieved from /home/airflow/.local/lib/python3.7/site-packages/airflow/example_dags/example_complex.py
[2024-12-03T16:44:32.411+0000] {logging_mixin.py:120} INFO - [2024-12-03T16:44:32.410+0000] {dag.py:2585} INFO - Sync 1 DAGs
[2024-12-03T16:44:32.483+0000] {logging_mixin.py:120} INFO - [2024-12-03T16:44:32.483+0000] {dag.py:3340} INFO - Setting next_dagrun for example_complex to None, run_after=None
[2024-12-03T16:44:32.535+0000] {processor.py:176} INFO - Processing /home/airflow/.local/lib/python3.7/site-packages/airflow/example_dags/example_complex.py took 0.295 seconds
[2024-12-03T16:45:02.767+0000] {processor.py:154} INFO - Started process (PID=6178) to work on /home/airflow/.local/lib/python3.7/site-packages/airflow/example_dags/example_complex.py
[2024-12-03T16:45:02.769+0000] {processor.py:756} INFO - Processing file /home/airflow/.local/lib/python3.7/site-packages/airflow/example_dags/example_complex.py for tasks to queue
[2024-12-03T16:45:02.771+0000] {logging_mixin.py:120} INFO - [2024-12-03T16:45:02.771+0000] {dagbag.py:537} INFO - Filling up the DagBag from /home/airflow/.local/lib/python3.7/site-packages/airflow/example_dags/example_complex.py
[2024-12-03T16:45:02.785+0000] {logging_mixin.py:120} INFO - [2024-12-03T16:45:02.784+0000] {taskmixin.py:205} WARNING - Dependency <Task(BashOperator): create_entry_group>, delete_entry_group already registered for DAG: example_complex
[2024-12-03T16:45:02.786+0000] {logging_mixin.py:120} INFO - [2024-12-03T16:45:02.785+0000] {taskmixin.py:205} WARNING - Dependency <Task(BashOperator): delete_entry_group>, create_entry_group already registered for DAG: example_complex
[2024-12-03T16:45:02.787+0000] {logging_mixin.py:120} INFO - [2024-12-03T16:45:02.787+0000] {taskmixin.py:205} WARNING - Dependency <Task(BashOperator): create_entry_gcs>, delete_entry already registered for DAG: example_complex
[2024-12-03T16:45:02.788+0000] {logging_mixin.py:120} INFO - [2024-12-03T16:45:02.787+0000] {taskmixin.py:205} WARNING - Dependency <Task(BashOperator): delete_entry>, create_entry_gcs already registered for DAG: example_complex
[2024-12-03T16:45:02.789+0000] {logging_mixin.py:120} INFO - [2024-12-03T16:45:02.789+0000] {taskmixin.py:205} WARNING - Dependency <Task(BashOperator): create_tag>, delete_tag already registered for DAG: example_complex
[2024-12-03T16:45:02.790+0000] {logging_mixin.py:120} INFO - [2024-12-03T16:45:02.790+0000] {taskmixin.py:205} WARNING - Dependency <Task(BashOperator): delete_tag>, create_tag already registered for DAG: example_complex
[2024-12-03T16:45:02.800+0000] {processor.py:766} INFO - DAG(s) dict_keys(['example_complex']) retrieved from /home/airflow/.local/lib/python3.7/site-packages/airflow/example_dags/example_complex.py
[2024-12-03T16:45:02.854+0000] {logging_mixin.py:120} INFO - [2024-12-03T16:45:02.854+0000] {dag.py:2585} INFO - Sync 1 DAGs
[2024-12-03T16:45:02.887+0000] {logging_mixin.py:120} INFO - [2024-12-03T16:45:02.887+0000] {dag.py:3340} INFO - Setting next_dagrun for example_complex to None, run_after=None
[2024-12-03T16:45:02.922+0000] {processor.py:176} INFO - Processing /home/airflow/.local/lib/python3.7/site-packages/airflow/example_dags/example_complex.py took 0.158 seconds
[2024-12-03T16:45:33.036+0000] {processor.py:154} INFO - Started process (PID=6246) to work on /home/airflow/.local/lib/python3.7/site-packages/airflow/example_dags/example_complex.py
[2024-12-03T16:45:33.038+0000] {processor.py:756} INFO - Processing file /home/airflow/.local/lib/python3.7/site-packages/airflow/example_dags/example_complex.py for tasks to queue
[2024-12-03T16:45:33.040+0000] {logging_mixin.py:120} INFO - [2024-12-03T16:45:33.039+0000] {dagbag.py:537} INFO - Filling up the DagBag from /home/airflow/.local/lib/python3.7/site-packages/airflow/example_dags/example_complex.py
[2024-12-03T16:45:33.055+0000] {logging_mixin.py:120} INFO - [2024-12-03T16:45:33.055+0000] {taskmixin.py:205} WARNING - Dependency <Task(BashOperator): create_entry_group>, delete_entry_group already registered for DAG: example_complex
[2024-12-03T16:45:33.056+0000] {logging_mixin.py:120} INFO - [2024-12-03T16:45:33.056+0000] {taskmixin.py:205} WARNING - Dependency <Task(BashOperator): delete_entry_group>, create_entry_group already registered for DAG: example_complex
[2024-12-03T16:45:33.057+0000] {logging_mixin.py:120} INFO - [2024-12-03T16:45:33.057+0000] {taskmixin.py:205} WARNING - Dependency <Task(BashOperator): create_entry_gcs>, delete_entry already registered for DAG: example_complex
[2024-12-03T16:45:33.058+0000] {logging_mixin.py:120} INFO - [2024-12-03T16:45:33.058+0000] {taskmixin.py:205} WARNING - Dependency <Task(BashOperator): delete_entry>, create_entry_gcs already registered for DAG: example_complex
[2024-12-03T16:45:33.059+0000] {logging_mixin.py:120} INFO - [2024-12-03T16:45:33.059+0000] {taskmixin.py:205} WARNING - Dependency <Task(BashOperator): create_tag>, delete_tag already registered for DAG: example_complex
[2024-12-03T16:45:33.060+0000] {logging_mixin.py:120} INFO - [2024-12-03T16:45:33.060+0000] {taskmixin.py:205} WARNING - Dependency <Task(BashOperator): delete_tag>, create_tag already registered for DAG: example_complex
[2024-12-03T16:45:33.069+0000] {processor.py:766} INFO - DAG(s) dict_keys(['example_complex']) retrieved from /home/airflow/.local/lib/python3.7/site-packages/airflow/example_dags/example_complex.py
[2024-12-03T16:45:33.129+0000] {logging_mixin.py:120} INFO - [2024-12-03T16:45:33.128+0000] {dag.py:2585} INFO - Sync 1 DAGs
[2024-12-03T16:45:33.170+0000] {logging_mixin.py:120} INFO - [2024-12-03T16:45:33.170+0000] {dag.py:3340} INFO - Setting next_dagrun for example_complex to None, run_after=None
[2024-12-03T16:45:33.206+0000] {processor.py:176} INFO - Processing /home/airflow/.local/lib/python3.7/site-packages/airflow/example_dags/example_complex.py took 0.173 seconds
[2024-12-03T16:46:03.717+0000] {processor.py:154} INFO - Started process (PID=6301) to work on /home/airflow/.local/lib/python3.7/site-packages/airflow/example_dags/example_complex.py
[2024-12-03T16:46:03.718+0000] {processor.py:756} INFO - Processing file /home/airflow/.local/lib/python3.7/site-packages/airflow/example_dags/example_complex.py for tasks to queue
[2024-12-03T16:46:03.719+0000] {logging_mixin.py:120} INFO - [2024-12-03T16:46:03.719+0000] {dagbag.py:537} INFO - Filling up the DagBag from /home/airflow/.local/lib/python3.7/site-packages/airflow/example_dags/example_complex.py
[2024-12-03T16:46:03.743+0000] {logging_mixin.py:120} INFO - [2024-12-03T16:46:03.743+0000] {taskmixin.py:205} WARNING - Dependency <Task(BashOperator): create_entry_group>, delete_entry_group already registered for DAG: example_complex
[2024-12-03T16:46:03.744+0000] {logging_mixin.py:120} INFO - [2024-12-03T16:46:03.744+0000] {taskmixin.py:205} WARNING - Dependency <Task(BashOperator): delete_entry_group>, create_entry_group already registered for DAG: example_complex
[2024-12-03T16:46:03.746+0000] {logging_mixin.py:120} INFO - [2024-12-03T16:46:03.745+0000] {taskmixin.py:205} WARNING - Dependency <Task(BashOperator): create_entry_gcs>, delete_entry already registered for DAG: example_complex
[2024-12-03T16:46:03.748+0000] {logging_mixin.py:120} INFO - [2024-12-03T16:46:03.747+0000] {taskmixin.py:205} WARNING - Dependency <Task(BashOperator): delete_entry>, create_entry_gcs already registered for DAG: example_complex
[2024-12-03T16:46:03.749+0000] {logging_mixin.py:120} INFO - [2024-12-03T16:46:03.749+0000] {taskmixin.py:205} WARNING - Dependency <Task(BashOperator): create_tag>, delete_tag already registered for DAG: example_complex
[2024-12-03T16:46:03.750+0000] {logging_mixin.py:120} INFO - [2024-12-03T16:46:03.749+0000] {taskmixin.py:205} WARNING - Dependency <Task(BashOperator): delete_tag>, create_tag already registered for DAG: example_complex
[2024-12-03T16:46:03.761+0000] {processor.py:766} INFO - DAG(s) dict_keys(['example_complex']) retrieved from /home/airflow/.local/lib/python3.7/site-packages/airflow/example_dags/example_complex.py
[2024-12-03T16:46:03.841+0000] {logging_mixin.py:120} INFO - [2024-12-03T16:46:03.841+0000] {dag.py:2585} INFO - Sync 1 DAGs
[2024-12-03T16:46:03.888+0000] {logging_mixin.py:120} INFO - [2024-12-03T16:46:03.888+0000] {dag.py:3340} INFO - Setting next_dagrun for example_complex to None, run_after=None
[2024-12-03T16:46:03.930+0000] {processor.py:176} INFO - Processing /home/airflow/.local/lib/python3.7/site-packages/airflow/example_dags/example_complex.py took 0.218 seconds
[2024-12-03T16:46:36.098+0000] {processor.py:154} INFO - Started process (PID=6374) to work on /home/airflow/.local/lib/python3.7/site-packages/airflow/example_dags/example_complex.py
[2024-12-03T16:46:36.100+0000] {processor.py:756} INFO - Processing file /home/airflow/.local/lib/python3.7/site-packages/airflow/example_dags/example_complex.py for tasks to queue
[2024-12-03T16:46:36.103+0000] {logging_mixin.py:120} INFO - [2024-12-03T16:46:36.102+0000] {dagbag.py:537} INFO - Filling up the DagBag from /home/airflow/.local/lib/python3.7/site-packages/airflow/example_dags/example_complex.py
[2024-12-03T16:46:36.141+0000] {logging_mixin.py:120} INFO - [2024-12-03T16:46:36.141+0000] {taskmixin.py:205} WARNING - Dependency <Task(BashOperator): create_entry_group>, delete_entry_group already registered for DAG: example_complex
[2024-12-03T16:46:36.143+0000] {logging_mixin.py:120} INFO - [2024-12-03T16:46:36.143+0000] {taskmixin.py:205} WARNING - Dependency <Task(BashOperator): delete_entry_group>, create_entry_group already registered for DAG: example_complex
[2024-12-03T16:46:36.145+0000] {logging_mixin.py:120} INFO - [2024-12-03T16:46:36.145+0000] {taskmixin.py:205} WARNING - Dependency <Task(BashOperator): create_entry_gcs>, delete_entry already registered for DAG: example_complex
[2024-12-03T16:46:36.146+0000] {logging_mixin.py:120} INFO - [2024-12-03T16:46:36.146+0000] {taskmixin.py:205} WARNING - Dependency <Task(BashOperator): delete_entry>, create_entry_gcs already registered for DAG: example_complex
[2024-12-03T16:46:36.148+0000] {logging_mixin.py:120} INFO - [2024-12-03T16:46:36.148+0000] {taskmixin.py:205} WARNING - Dependency <Task(BashOperator): create_tag>, delete_tag already registered for DAG: example_complex
[2024-12-03T16:46:36.150+0000] {logging_mixin.py:120} INFO - [2024-12-03T16:46:36.149+0000] {taskmixin.py:205} WARNING - Dependency <Task(BashOperator): delete_tag>, create_tag already registered for DAG: example_complex
[2024-12-03T16:46:36.183+0000] {processor.py:766} INFO - DAG(s) dict_keys(['example_complex']) retrieved from /home/airflow/.local/lib/python3.7/site-packages/airflow/example_dags/example_complex.py
[2024-12-03T16:46:36.310+0000] {logging_mixin.py:120} INFO - [2024-12-03T16:46:36.309+0000] {dag.py:2585} INFO - Sync 1 DAGs
[2024-12-03T16:46:36.406+0000] {logging_mixin.py:120} INFO - [2024-12-03T16:46:36.406+0000] {dag.py:3340} INFO - Setting next_dagrun for example_complex to None, run_after=None
[2024-12-03T16:46:36.479+0000] {processor.py:176} INFO - Processing /home/airflow/.local/lib/python3.7/site-packages/airflow/example_dags/example_complex.py took 0.388 seconds
[2024-12-03T16:47:06.732+0000] {processor.py:154} INFO - Started process (PID=6437) to work on /home/airflow/.local/lib/python3.7/site-packages/airflow/example_dags/example_complex.py
[2024-12-03T16:47:06.734+0000] {processor.py:756} INFO - Processing file /home/airflow/.local/lib/python3.7/site-packages/airflow/example_dags/example_complex.py for tasks to queue
[2024-12-03T16:47:06.736+0000] {logging_mixin.py:120} INFO - [2024-12-03T16:47:06.736+0000] {dagbag.py:537} INFO - Filling up the DagBag from /home/airflow/.local/lib/python3.7/site-packages/airflow/example_dags/example_complex.py
[2024-12-03T16:47:06.763+0000] {logging_mixin.py:120} INFO - [2024-12-03T16:47:06.762+0000] {taskmixin.py:205} WARNING - Dependency <Task(BashOperator): create_entry_group>, delete_entry_group already registered for DAG: example_complex
[2024-12-03T16:47:06.764+0000] {logging_mixin.py:120} INFO - [2024-12-03T16:47:06.764+0000] {taskmixin.py:205} WARNING - Dependency <Task(BashOperator): delete_entry_group>, create_entry_group already registered for DAG: example_complex
[2024-12-03T16:47:06.765+0000] {logging_mixin.py:120} INFO - [2024-12-03T16:47:06.765+0000] {taskmixin.py:205} WARNING - Dependency <Task(BashOperator): create_entry_gcs>, delete_entry already registered for DAG: example_complex
[2024-12-03T16:47:06.767+0000] {logging_mixin.py:120} INFO - [2024-12-03T16:47:06.766+0000] {taskmixin.py:205} WARNING - Dependency <Task(BashOperator): delete_entry>, create_entry_gcs already registered for DAG: example_complex
[2024-12-03T16:47:06.769+0000] {logging_mixin.py:120} INFO - [2024-12-03T16:47:06.768+0000] {taskmixin.py:205} WARNING - Dependency <Task(BashOperator): create_tag>, delete_tag already registered for DAG: example_complex
[2024-12-03T16:47:06.770+0000] {logging_mixin.py:120} INFO - [2024-12-03T16:47:06.770+0000] {taskmixin.py:205} WARNING - Dependency <Task(BashOperator): delete_tag>, create_tag already registered for DAG: example_complex
[2024-12-03T16:47:06.792+0000] {processor.py:766} INFO - DAG(s) dict_keys(['example_complex']) retrieved from /home/airflow/.local/lib/python3.7/site-packages/airflow/example_dags/example_complex.py
[2024-12-03T16:47:06.910+0000] {logging_mixin.py:120} INFO - [2024-12-03T16:47:06.910+0000] {dag.py:2585} INFO - Sync 1 DAGs
[2024-12-03T16:47:06.976+0000] {logging_mixin.py:120} INFO - [2024-12-03T16:47:06.975+0000] {dag.py:3340} INFO - Setting next_dagrun for example_complex to None, run_after=None
[2024-12-03T16:47:07.022+0000] {processor.py:176} INFO - Processing /home/airflow/.local/lib/python3.7/site-packages/airflow/example_dags/example_complex.py took 0.295 seconds
[2024-12-03T16:47:37.163+0000] {processor.py:154} INFO - Started process (PID=6502) to work on /home/airflow/.local/lib/python3.7/site-packages/airflow/example_dags/example_complex.py
[2024-12-03T16:47:37.169+0000] {processor.py:756} INFO - Processing file /home/airflow/.local/lib/python3.7/site-packages/airflow/example_dags/example_complex.py for tasks to queue
[2024-12-03T16:47:37.172+0000] {logging_mixin.py:120} INFO - [2024-12-03T16:47:37.172+0000] {dagbag.py:537} INFO - Filling up the DagBag from /home/airflow/.local/lib/python3.7/site-packages/airflow/example_dags/example_complex.py
[2024-12-03T16:47:37.189+0000] {logging_mixin.py:120} INFO - [2024-12-03T16:47:37.189+0000] {taskmixin.py:205} WARNING - Dependency <Task(BashOperator): create_entry_group>, delete_entry_group already registered for DAG: example_complex
[2024-12-03T16:47:37.190+0000] {logging_mixin.py:120} INFO - [2024-12-03T16:47:37.190+0000] {taskmixin.py:205} WARNING - Dependency <Task(BashOperator): delete_entry_group>, create_entry_group already registered for DAG: example_complex
[2024-12-03T16:47:37.191+0000] {logging_mixin.py:120} INFO - [2024-12-03T16:47:37.190+0000] {taskmixin.py:205} WARNING - Dependency <Task(BashOperator): create_entry_gcs>, delete_entry already registered for DAG: example_complex
[2024-12-03T16:47:37.193+0000] {logging_mixin.py:120} INFO - [2024-12-03T16:47:37.192+0000] {taskmixin.py:205} WARNING - Dependency <Task(BashOperator): delete_entry>, create_entry_gcs already registered for DAG: example_complex
[2024-12-03T16:47:37.195+0000] {logging_mixin.py:120} INFO - [2024-12-03T16:47:37.194+0000] {taskmixin.py:205} WARNING - Dependency <Task(BashOperator): create_tag>, delete_tag already registered for DAG: example_complex
[2024-12-03T16:47:37.197+0000] {logging_mixin.py:120} INFO - [2024-12-03T16:47:37.196+0000] {taskmixin.py:205} WARNING - Dependency <Task(BashOperator): delete_tag>, create_tag already registered for DAG: example_complex
[2024-12-03T16:47:37.210+0000] {processor.py:766} INFO - DAG(s) dict_keys(['example_complex']) retrieved from /home/airflow/.local/lib/python3.7/site-packages/airflow/example_dags/example_complex.py
[2024-12-03T16:47:37.292+0000] {logging_mixin.py:120} INFO - [2024-12-03T16:47:37.292+0000] {dag.py:2585} INFO - Sync 1 DAGs
[2024-12-03T16:47:37.341+0000] {logging_mixin.py:120} INFO - [2024-12-03T16:47:37.340+0000] {dag.py:3340} INFO - Setting next_dagrun for example_complex to None, run_after=None
[2024-12-03T16:47:37.392+0000] {processor.py:176} INFO - Processing /home/airflow/.local/lib/python3.7/site-packages/airflow/example_dags/example_complex.py took 0.235 seconds
[2024-12-03T16:48:08.412+0000] {processor.py:154} INFO - Started process (PID=6564) to work on /home/airflow/.local/lib/python3.7/site-packages/airflow/example_dags/example_complex.py
[2024-12-03T16:48:08.415+0000] {processor.py:756} INFO - Processing file /home/airflow/.local/lib/python3.7/site-packages/airflow/example_dags/example_complex.py for tasks to queue
[2024-12-03T16:48:08.418+0000] {logging_mixin.py:120} INFO - [2024-12-03T16:48:08.417+0000] {dagbag.py:537} INFO - Filling up the DagBag from /home/airflow/.local/lib/python3.7/site-packages/airflow/example_dags/example_complex.py
[2024-12-03T16:48:08.437+0000] {logging_mixin.py:120} INFO - [2024-12-03T16:48:08.436+0000] {taskmixin.py:205} WARNING - Dependency <Task(BashOperator): create_entry_group>, delete_entry_group already registered for DAG: example_complex
[2024-12-03T16:48:08.438+0000] {logging_mixin.py:120} INFO - [2024-12-03T16:48:08.437+0000] {taskmixin.py:205} WARNING - Dependency <Task(BashOperator): delete_entry_group>, create_entry_group already registered for DAG: example_complex
[2024-12-03T16:48:08.439+0000] {logging_mixin.py:120} INFO - [2024-12-03T16:48:08.439+0000] {taskmixin.py:205} WARNING - Dependency <Task(BashOperator): create_entry_gcs>, delete_entry already registered for DAG: example_complex
[2024-12-03T16:48:08.439+0000] {logging_mixin.py:120} INFO - [2024-12-03T16:48:08.439+0000] {taskmixin.py:205} WARNING - Dependency <Task(BashOperator): delete_entry>, create_entry_gcs already registered for DAG: example_complex
[2024-12-03T16:48:08.440+0000] {logging_mixin.py:120} INFO - [2024-12-03T16:48:08.440+0000] {taskmixin.py:205} WARNING - Dependency <Task(BashOperator): create_tag>, delete_tag already registered for DAG: example_complex
[2024-12-03T16:48:08.441+0000] {logging_mixin.py:120} INFO - [2024-12-03T16:48:08.441+0000] {taskmixin.py:205} WARNING - Dependency <Task(BashOperator): delete_tag>, create_tag already registered for DAG: example_complex
[2024-12-03T16:48:08.458+0000] {processor.py:766} INFO - DAG(s) dict_keys(['example_complex']) retrieved from /home/airflow/.local/lib/python3.7/site-packages/airflow/example_dags/example_complex.py
[2024-12-03T16:48:08.530+0000] {logging_mixin.py:120} INFO - [2024-12-03T16:48:08.530+0000] {dag.py:2585} INFO - Sync 1 DAGs
[2024-12-03T16:48:08.566+0000] {logging_mixin.py:120} INFO - [2024-12-03T16:48:08.566+0000] {dag.py:3340} INFO - Setting next_dagrun for example_complex to None, run_after=None
[2024-12-03T16:48:08.620+0000] {processor.py:176} INFO - Processing /home/airflow/.local/lib/python3.7/site-packages/airflow/example_dags/example_complex.py took 0.214 seconds
[2024-12-03T16:48:39.535+0000] {processor.py:154} INFO - Started process (PID=6622) to work on /home/airflow/.local/lib/python3.7/site-packages/airflow/example_dags/example_complex.py
[2024-12-03T16:48:39.537+0000] {processor.py:756} INFO - Processing file /home/airflow/.local/lib/python3.7/site-packages/airflow/example_dags/example_complex.py for tasks to queue
[2024-12-03T16:48:39.538+0000] {logging_mixin.py:120} INFO - [2024-12-03T16:48:39.538+0000] {dagbag.py:537} INFO - Filling up the DagBag from /home/airflow/.local/lib/python3.7/site-packages/airflow/example_dags/example_complex.py
[2024-12-03T16:48:39.554+0000] {logging_mixin.py:120} INFO - [2024-12-03T16:48:39.554+0000] {taskmixin.py:205} WARNING - Dependency <Task(BashOperator): create_entry_group>, delete_entry_group already registered for DAG: example_complex
[2024-12-03T16:48:39.557+0000] {logging_mixin.py:120} INFO - [2024-12-03T16:48:39.557+0000] {taskmixin.py:205} WARNING - Dependency <Task(BashOperator): delete_entry_group>, create_entry_group already registered for DAG: example_complex
[2024-12-03T16:48:39.558+0000] {logging_mixin.py:120} INFO - [2024-12-03T16:48:39.558+0000] {taskmixin.py:205} WARNING - Dependency <Task(BashOperator): create_entry_gcs>, delete_entry already registered for DAG: example_complex
[2024-12-03T16:48:39.560+0000] {logging_mixin.py:120} INFO - [2024-12-03T16:48:39.559+0000] {taskmixin.py:205} WARNING - Dependency <Task(BashOperator): delete_entry>, create_entry_gcs already registered for DAG: example_complex
[2024-12-03T16:48:39.562+0000] {logging_mixin.py:120} INFO - [2024-12-03T16:48:39.561+0000] {taskmixin.py:205} WARNING - Dependency <Task(BashOperator): create_tag>, delete_tag already registered for DAG: example_complex
[2024-12-03T16:48:39.562+0000] {logging_mixin.py:120} INFO - [2024-12-03T16:48:39.562+0000] {taskmixin.py:205} WARNING - Dependency <Task(BashOperator): delete_tag>, create_tag already registered for DAG: example_complex
[2024-12-03T16:48:39.574+0000] {processor.py:766} INFO - DAG(s) dict_keys(['example_complex']) retrieved from /home/airflow/.local/lib/python3.7/site-packages/airflow/example_dags/example_complex.py
[2024-12-03T16:48:39.654+0000] {logging_mixin.py:120} INFO - [2024-12-03T16:48:39.654+0000] {dag.py:2585} INFO - Sync 1 DAGs
[2024-12-03T16:48:39.702+0000] {logging_mixin.py:120} INFO - [2024-12-03T16:48:39.701+0000] {dag.py:3340} INFO - Setting next_dagrun for example_complex to None, run_after=None
[2024-12-03T16:48:39.757+0000] {processor.py:176} INFO - Processing /home/airflow/.local/lib/python3.7/site-packages/airflow/example_dags/example_complex.py took 0.227 seconds
[2024-12-03T16:49:09.976+0000] {processor.py:154} INFO - Started process (PID=6686) to work on /home/airflow/.local/lib/python3.7/site-packages/airflow/example_dags/example_complex.py
[2024-12-03T16:49:09.977+0000] {processor.py:756} INFO - Processing file /home/airflow/.local/lib/python3.7/site-packages/airflow/example_dags/example_complex.py for tasks to queue
[2024-12-03T16:49:09.979+0000] {logging_mixin.py:120} INFO - [2024-12-03T16:49:09.979+0000] {dagbag.py:537} INFO - Filling up the DagBag from /home/airflow/.local/lib/python3.7/site-packages/airflow/example_dags/example_complex.py
[2024-12-03T16:49:09.994+0000] {logging_mixin.py:120} INFO - [2024-12-03T16:49:09.994+0000] {taskmixin.py:205} WARNING - Dependency <Task(BashOperator): create_entry_group>, delete_entry_group already registered for DAG: example_complex
[2024-12-03T16:49:09.995+0000] {logging_mixin.py:120} INFO - [2024-12-03T16:49:09.995+0000] {taskmixin.py:205} WARNING - Dependency <Task(BashOperator): delete_entry_group>, create_entry_group already registered for DAG: example_complex
[2024-12-03T16:49:09.997+0000] {logging_mixin.py:120} INFO - [2024-12-03T16:49:09.996+0000] {taskmixin.py:205} WARNING - Dependency <Task(BashOperator): create_entry_gcs>, delete_entry already registered for DAG: example_complex
[2024-12-03T16:49:09.998+0000] {logging_mixin.py:120} INFO - [2024-12-03T16:49:09.997+0000] {taskmixin.py:205} WARNING - Dependency <Task(BashOperator): delete_entry>, create_entry_gcs already registered for DAG: example_complex
[2024-12-03T16:49:09.999+0000] {logging_mixin.py:120} INFO - [2024-12-03T16:49:09.998+0000] {taskmixin.py:205} WARNING - Dependency <Task(BashOperator): create_tag>, delete_tag already registered for DAG: example_complex
[2024-12-03T16:49:10.000+0000] {logging_mixin.py:120} INFO - [2024-12-03T16:49:09.999+0000] {taskmixin.py:205} WARNING - Dependency <Task(BashOperator): delete_tag>, create_tag already registered for DAG: example_complex
[2024-12-03T16:49:10.024+0000] {processor.py:766} INFO - DAG(s) dict_keys(['example_complex']) retrieved from /home/airflow/.local/lib/python3.7/site-packages/airflow/example_dags/example_complex.py
[2024-12-03T16:49:10.104+0000] {logging_mixin.py:120} INFO - [2024-12-03T16:49:10.103+0000] {dag.py:2585} INFO - Sync 1 DAGs
[2024-12-03T16:49:10.150+0000] {logging_mixin.py:120} INFO - [2024-12-03T16:49:10.150+0000] {dag.py:3340} INFO - Setting next_dagrun for example_complex to None, run_after=None
[2024-12-03T16:49:10.201+0000] {processor.py:176} INFO - Processing /home/airflow/.local/lib/python3.7/site-packages/airflow/example_dags/example_complex.py took 0.229 seconds
[2024-12-03T16:49:40.509+0000] {processor.py:154} INFO - Started process (PID=6741) to work on /home/airflow/.local/lib/python3.7/site-packages/airflow/example_dags/example_complex.py
[2024-12-03T16:49:40.510+0000] {processor.py:756} INFO - Processing file /home/airflow/.local/lib/python3.7/site-packages/airflow/example_dags/example_complex.py for tasks to queue
[2024-12-03T16:49:40.512+0000] {logging_mixin.py:120} INFO - [2024-12-03T16:49:40.512+0000] {dagbag.py:537} INFO - Filling up the DagBag from /home/airflow/.local/lib/python3.7/site-packages/airflow/example_dags/example_complex.py
[2024-12-03T16:49:40.527+0000] {logging_mixin.py:120} INFO - [2024-12-03T16:49:40.527+0000] {taskmixin.py:205} WARNING - Dependency <Task(BashOperator): create_entry_group>, delete_entry_group already registered for DAG: example_complex
[2024-12-03T16:49:40.528+0000] {logging_mixin.py:120} INFO - [2024-12-03T16:49:40.528+0000] {taskmixin.py:205} WARNING - Dependency <Task(BashOperator): delete_entry_group>, create_entry_group already registered for DAG: example_complex
[2024-12-03T16:49:40.529+0000] {logging_mixin.py:120} INFO - [2024-12-03T16:49:40.529+0000] {taskmixin.py:205} WARNING - Dependency <Task(BashOperator): create_entry_gcs>, delete_entry already registered for DAG: example_complex
[2024-12-03T16:49:40.530+0000] {logging_mixin.py:120} INFO - [2024-12-03T16:49:40.530+0000] {taskmixin.py:205} WARNING - Dependency <Task(BashOperator): delete_entry>, create_entry_gcs already registered for DAG: example_complex
[2024-12-03T16:49:40.532+0000] {logging_mixin.py:120} INFO - [2024-12-03T16:49:40.531+0000] {taskmixin.py:205} WARNING - Dependency <Task(BashOperator): create_tag>, delete_tag already registered for DAG: example_complex
[2024-12-03T16:49:40.533+0000] {logging_mixin.py:120} INFO - [2024-12-03T16:49:40.532+0000] {taskmixin.py:205} WARNING - Dependency <Task(BashOperator): delete_tag>, create_tag already registered for DAG: example_complex
[2024-12-03T16:49:40.546+0000] {processor.py:766} INFO - DAG(s) dict_keys(['example_complex']) retrieved from /home/airflow/.local/lib/python3.7/site-packages/airflow/example_dags/example_complex.py
[2024-12-03T16:49:40.621+0000] {logging_mixin.py:120} INFO - [2024-12-03T16:49:40.621+0000] {dag.py:2585} INFO - Sync 1 DAGs
[2024-12-03T16:49:40.667+0000] {logging_mixin.py:120} INFO - [2024-12-03T16:49:40.667+0000] {dag.py:3340} INFO - Setting next_dagrun for example_complex to None, run_after=None
[2024-12-03T16:49:40.712+0000] {processor.py:176} INFO - Processing /home/airflow/.local/lib/python3.7/site-packages/airflow/example_dags/example_complex.py took 0.208 seconds
[2024-12-03T16:50:10.971+0000] {processor.py:154} INFO - Started process (PID=6806) to work on /home/airflow/.local/lib/python3.7/site-packages/airflow/example_dags/example_complex.py
[2024-12-03T16:50:10.972+0000] {processor.py:756} INFO - Processing file /home/airflow/.local/lib/python3.7/site-packages/airflow/example_dags/example_complex.py for tasks to queue
[2024-12-03T16:50:10.974+0000] {logging_mixin.py:120} INFO - [2024-12-03T16:50:10.974+0000] {dagbag.py:537} INFO - Filling up the DagBag from /home/airflow/.local/lib/python3.7/site-packages/airflow/example_dags/example_complex.py
[2024-12-03T16:50:10.991+0000] {logging_mixin.py:120} INFO - [2024-12-03T16:50:10.991+0000] {taskmixin.py:205} WARNING - Dependency <Task(BashOperator): create_entry_group>, delete_entry_group already registered for DAG: example_complex
[2024-12-03T16:50:10.992+0000] {logging_mixin.py:120} INFO - [2024-12-03T16:50:10.992+0000] {taskmixin.py:205} WARNING - Dependency <Task(BashOperator): delete_entry_group>, create_entry_group already registered for DAG: example_complex
[2024-12-03T16:50:10.993+0000] {logging_mixin.py:120} INFO - [2024-12-03T16:50:10.993+0000] {taskmixin.py:205} WARNING - Dependency <Task(BashOperator): create_entry_gcs>, delete_entry already registered for DAG: example_complex
[2024-12-03T16:50:10.994+0000] {logging_mixin.py:120} INFO - [2024-12-03T16:50:10.993+0000] {taskmixin.py:205} WARNING - Dependency <Task(BashOperator): delete_entry>, create_entry_gcs already registered for DAG: example_complex
[2024-12-03T16:50:10.995+0000] {logging_mixin.py:120} INFO - [2024-12-03T16:50:10.994+0000] {taskmixin.py:205} WARNING - Dependency <Task(BashOperator): create_tag>, delete_tag already registered for DAG: example_complex
[2024-12-03T16:50:10.995+0000] {logging_mixin.py:120} INFO - [2024-12-03T16:50:10.995+0000] {taskmixin.py:205} WARNING - Dependency <Task(BashOperator): delete_tag>, create_tag already registered for DAG: example_complex
[2024-12-03T16:50:11.007+0000] {processor.py:766} INFO - DAG(s) dict_keys(['example_complex']) retrieved from /home/airflow/.local/lib/python3.7/site-packages/airflow/example_dags/example_complex.py
[2024-12-03T16:50:11.078+0000] {logging_mixin.py:120} INFO - [2024-12-03T16:50:11.077+0000] {dag.py:2585} INFO - Sync 1 DAGs
[2024-12-03T16:50:11.117+0000] {logging_mixin.py:120} INFO - [2024-12-03T16:50:11.117+0000] {dag.py:3340} INFO - Setting next_dagrun for example_complex to None, run_after=None
[2024-12-03T16:50:11.169+0000] {processor.py:176} INFO - Processing /home/airflow/.local/lib/python3.7/site-packages/airflow/example_dags/example_complex.py took 0.203 seconds
[2024-12-03T16:50:41.341+0000] {processor.py:154} INFO - Started process (PID=6870) to work on /home/airflow/.local/lib/python3.7/site-packages/airflow/example_dags/example_complex.py
[2024-12-03T16:50:41.342+0000] {processor.py:756} INFO - Processing file /home/airflow/.local/lib/python3.7/site-packages/airflow/example_dags/example_complex.py for tasks to queue
[2024-12-03T16:50:41.343+0000] {logging_mixin.py:120} INFO - [2024-12-03T16:50:41.343+0000] {dagbag.py:537} INFO - Filling up the DagBag from /home/airflow/.local/lib/python3.7/site-packages/airflow/example_dags/example_complex.py
[2024-12-03T16:50:41.355+0000] {logging_mixin.py:120} INFO - [2024-12-03T16:50:41.355+0000] {taskmixin.py:205} WARNING - Dependency <Task(BashOperator): create_entry_group>, delete_entry_group already registered for DAG: example_complex
[2024-12-03T16:50:41.357+0000] {logging_mixin.py:120} INFO - [2024-12-03T16:50:41.357+0000] {taskmixin.py:205} WARNING - Dependency <Task(BashOperator): delete_entry_group>, create_entry_group already registered for DAG: example_complex
[2024-12-03T16:50:41.358+0000] {logging_mixin.py:120} INFO - [2024-12-03T16:50:41.358+0000] {taskmixin.py:205} WARNING - Dependency <Task(BashOperator): create_entry_gcs>, delete_entry already registered for DAG: example_complex
[2024-12-03T16:50:41.359+0000] {logging_mixin.py:120} INFO - [2024-12-03T16:50:41.358+0000] {taskmixin.py:205} WARNING - Dependency <Task(BashOperator): delete_entry>, create_entry_gcs already registered for DAG: example_complex
[2024-12-03T16:50:41.360+0000] {logging_mixin.py:120} INFO - [2024-12-03T16:50:41.360+0000] {taskmixin.py:205} WARNING - Dependency <Task(BashOperator): create_tag>, delete_tag already registered for DAG: example_complex
[2024-12-03T16:50:41.361+0000] {logging_mixin.py:120} INFO - [2024-12-03T16:50:41.361+0000] {taskmixin.py:205} WARNING - Dependency <Task(BashOperator): delete_tag>, create_tag already registered for DAG: example_complex
[2024-12-03T16:50:41.371+0000] {processor.py:766} INFO - DAG(s) dict_keys(['example_complex']) retrieved from /home/airflow/.local/lib/python3.7/site-packages/airflow/example_dags/example_complex.py
[2024-12-03T16:50:41.435+0000] {logging_mixin.py:120} INFO - [2024-12-03T16:50:41.435+0000] {dag.py:2585} INFO - Sync 1 DAGs
[2024-12-03T16:50:41.469+0000] {logging_mixin.py:120} INFO - [2024-12-03T16:50:41.469+0000] {dag.py:3340} INFO - Setting next_dagrun for example_complex to None, run_after=None
[2024-12-03T16:50:41.523+0000] {processor.py:176} INFO - Processing /home/airflow/.local/lib/python3.7/site-packages/airflow/example_dags/example_complex.py took 0.186 seconds
[2024-12-03T16:51:12.170+0000] {processor.py:154} INFO - Started process (PID=6925) to work on /home/airflow/.local/lib/python3.7/site-packages/airflow/example_dags/example_complex.py
[2024-12-03T16:51:12.174+0000] {processor.py:756} INFO - Processing file /home/airflow/.local/lib/python3.7/site-packages/airflow/example_dags/example_complex.py for tasks to queue
[2024-12-03T16:51:12.178+0000] {logging_mixin.py:120} INFO - [2024-12-03T16:51:12.178+0000] {dagbag.py:537} INFO - Filling up the DagBag from /home/airflow/.local/lib/python3.7/site-packages/airflow/example_dags/example_complex.py
[2024-12-03T16:51:12.216+0000] {logging_mixin.py:120} INFO - [2024-12-03T16:51:12.216+0000] {taskmixin.py:205} WARNING - Dependency <Task(BashOperator): create_entry_group>, delete_entry_group already registered for DAG: example_complex
[2024-12-03T16:51:12.218+0000] {logging_mixin.py:120} INFO - [2024-12-03T16:51:12.218+0000] {taskmixin.py:205} WARNING - Dependency <Task(BashOperator): delete_entry_group>, create_entry_group already registered for DAG: example_complex
[2024-12-03T16:51:12.220+0000] {logging_mixin.py:120} INFO - [2024-12-03T16:51:12.220+0000] {taskmixin.py:205} WARNING - Dependency <Task(BashOperator): create_entry_gcs>, delete_entry already registered for DAG: example_complex
[2024-12-03T16:51:12.223+0000] {logging_mixin.py:120} INFO - [2024-12-03T16:51:12.222+0000] {taskmixin.py:205} WARNING - Dependency <Task(BashOperator): delete_entry>, create_entry_gcs already registered for DAG: example_complex
[2024-12-03T16:51:12.226+0000] {logging_mixin.py:120} INFO - [2024-12-03T16:51:12.225+0000] {taskmixin.py:205} WARNING - Dependency <Task(BashOperator): create_tag>, delete_tag already registered for DAG: example_complex
[2024-12-03T16:51:12.228+0000] {logging_mixin.py:120} INFO - [2024-12-03T16:51:12.228+0000] {taskmixin.py:205} WARNING - Dependency <Task(BashOperator): delete_tag>, create_tag already registered for DAG: example_complex
[2024-12-03T16:51:12.252+0000] {processor.py:766} INFO - DAG(s) dict_keys(['example_complex']) retrieved from /home/airflow/.local/lib/python3.7/site-packages/airflow/example_dags/example_complex.py
[2024-12-03T16:51:12.376+0000] {logging_mixin.py:120} INFO - [2024-12-03T16:51:12.376+0000] {dag.py:2585} INFO - Sync 1 DAGs
[2024-12-03T16:51:12.441+0000] {logging_mixin.py:120} INFO - [2024-12-03T16:51:12.440+0000] {dag.py:3340} INFO - Setting next_dagrun for example_complex to None, run_after=None
[2024-12-03T16:51:12.505+0000] {processor.py:176} INFO - Processing /home/airflow/.local/lib/python3.7/site-packages/airflow/example_dags/example_complex.py took 0.351 seconds
[2024-12-03T16:51:43.346+0000] {processor.py:154} INFO - Started process (PID=6993) to work on /home/airflow/.local/lib/python3.7/site-packages/airflow/example_dags/example_complex.py
[2024-12-03T16:51:43.351+0000] {processor.py:756} INFO - Processing file /home/airflow/.local/lib/python3.7/site-packages/airflow/example_dags/example_complex.py for tasks to queue
[2024-12-03T16:51:43.355+0000] {logging_mixin.py:120} INFO - [2024-12-03T16:51:43.355+0000] {dagbag.py:537} INFO - Filling up the DagBag from /home/airflow/.local/lib/python3.7/site-packages/airflow/example_dags/example_complex.py
[2024-12-03T16:51:43.407+0000] {logging_mixin.py:120} INFO - [2024-12-03T16:51:43.406+0000] {taskmixin.py:205} WARNING - Dependency <Task(BashOperator): create_entry_group>, delete_entry_group already registered for DAG: example_complex
[2024-12-03T16:51:43.410+0000] {logging_mixin.py:120} INFO - [2024-12-03T16:51:43.409+0000] {taskmixin.py:205} WARNING - Dependency <Task(BashOperator): delete_entry_group>, create_entry_group already registered for DAG: example_complex
[2024-12-03T16:51:43.412+0000] {logging_mixin.py:120} INFO - [2024-12-03T16:51:43.411+0000] {taskmixin.py:205} WARNING - Dependency <Task(BashOperator): create_entry_gcs>, delete_entry already registered for DAG: example_complex
[2024-12-03T16:51:43.413+0000] {logging_mixin.py:120} INFO - [2024-12-03T16:51:43.413+0000] {taskmixin.py:205} WARNING - Dependency <Task(BashOperator): delete_entry>, create_entry_gcs already registered for DAG: example_complex
[2024-12-03T16:51:43.415+0000] {logging_mixin.py:120} INFO - [2024-12-03T16:51:43.415+0000] {taskmixin.py:205} WARNING - Dependency <Task(BashOperator): create_tag>, delete_tag already registered for DAG: example_complex
[2024-12-03T16:51:43.417+0000] {logging_mixin.py:120} INFO - [2024-12-03T16:51:43.417+0000] {taskmixin.py:205} WARNING - Dependency <Task(BashOperator): delete_tag>, create_tag already registered for DAG: example_complex
[2024-12-03T16:51:43.450+0000] {processor.py:766} INFO - DAG(s) dict_keys(['example_complex']) retrieved from /home/airflow/.local/lib/python3.7/site-packages/airflow/example_dags/example_complex.py
[2024-12-03T16:51:43.593+0000] {logging_mixin.py:120} INFO - [2024-12-03T16:51:43.592+0000] {dag.py:2585} INFO - Sync 1 DAGs
[2024-12-03T16:51:43.649+0000] {logging_mixin.py:120} INFO - [2024-12-03T16:51:43.649+0000] {dag.py:3340} INFO - Setting next_dagrun for example_complex to None, run_after=None
[2024-12-03T16:51:43.704+0000] {processor.py:176} INFO - Processing /home/airflow/.local/lib/python3.7/site-packages/airflow/example_dags/example_complex.py took 0.371 seconds
[2024-12-03T16:52:14.261+0000] {processor.py:154} INFO - Started process (PID=7056) to work on /home/airflow/.local/lib/python3.7/site-packages/airflow/example_dags/example_complex.py
[2024-12-03T16:52:14.264+0000] {processor.py:756} INFO - Processing file /home/airflow/.local/lib/python3.7/site-packages/airflow/example_dags/example_complex.py for tasks to queue
[2024-12-03T16:52:14.267+0000] {logging_mixin.py:120} INFO - [2024-12-03T16:52:14.266+0000] {dagbag.py:537} INFO - Filling up the DagBag from /home/airflow/.local/lib/python3.7/site-packages/airflow/example_dags/example_complex.py
[2024-12-03T16:52:14.286+0000] {logging_mixin.py:120} INFO - [2024-12-03T16:52:14.286+0000] {taskmixin.py:205} WARNING - Dependency <Task(BashOperator): create_entry_group>, delete_entry_group already registered for DAG: example_complex
[2024-12-03T16:52:14.287+0000] {logging_mixin.py:120} INFO - [2024-12-03T16:52:14.287+0000] {taskmixin.py:205} WARNING - Dependency <Task(BashOperator): delete_entry_group>, create_entry_group already registered for DAG: example_complex
[2024-12-03T16:52:14.288+0000] {logging_mixin.py:120} INFO - [2024-12-03T16:52:14.288+0000] {taskmixin.py:205} WARNING - Dependency <Task(BashOperator): create_entry_gcs>, delete_entry already registered for DAG: example_complex
[2024-12-03T16:52:14.289+0000] {logging_mixin.py:120} INFO - [2024-12-03T16:52:14.289+0000] {taskmixin.py:205} WARNING - Dependency <Task(BashOperator): delete_entry>, create_entry_gcs already registered for DAG: example_complex
[2024-12-03T16:52:14.290+0000] {logging_mixin.py:120} INFO - [2024-12-03T16:52:14.290+0000] {taskmixin.py:205} WARNING - Dependency <Task(BashOperator): create_tag>, delete_tag already registered for DAG: example_complex
[2024-12-03T16:52:14.291+0000] {logging_mixin.py:120} INFO - [2024-12-03T16:52:14.291+0000] {taskmixin.py:205} WARNING - Dependency <Task(BashOperator): delete_tag>, create_tag already registered for DAG: example_complex
[2024-12-03T16:52:14.305+0000] {processor.py:766} INFO - DAG(s) dict_keys(['example_complex']) retrieved from /home/airflow/.local/lib/python3.7/site-packages/airflow/example_dags/example_complex.py
[2024-12-03T16:52:14.396+0000] {logging_mixin.py:120} INFO - [2024-12-03T16:52:14.396+0000] {dag.py:2585} INFO - Sync 1 DAGs
[2024-12-03T16:52:14.461+0000] {logging_mixin.py:120} INFO - [2024-12-03T16:52:14.461+0000] {dag.py:3340} INFO - Setting next_dagrun for example_complex to None, run_after=None
[2024-12-03T16:52:14.524+0000] {processor.py:176} INFO - Processing /home/airflow/.local/lib/python3.7/site-packages/airflow/example_dags/example_complex.py took 0.269 seconds
[2024-12-03T16:52:44.968+0000] {processor.py:154} INFO - Started process (PID=7111) to work on /home/airflow/.local/lib/python3.7/site-packages/airflow/example_dags/example_complex.py
[2024-12-03T16:52:44.970+0000] {processor.py:756} INFO - Processing file /home/airflow/.local/lib/python3.7/site-packages/airflow/example_dags/example_complex.py for tasks to queue
[2024-12-03T16:52:44.972+0000] {logging_mixin.py:120} INFO - [2024-12-03T16:52:44.971+0000] {dagbag.py:537} INFO - Filling up the DagBag from /home/airflow/.local/lib/python3.7/site-packages/airflow/example_dags/example_complex.py
[2024-12-03T16:52:44.995+0000] {logging_mixin.py:120} INFO - [2024-12-03T16:52:44.995+0000] {taskmixin.py:205} WARNING - Dependency <Task(BashOperator): create_entry_group>, delete_entry_group already registered for DAG: example_complex
[2024-12-03T16:52:44.997+0000] {logging_mixin.py:120} INFO - [2024-12-03T16:52:44.997+0000] {taskmixin.py:205} WARNING - Dependency <Task(BashOperator): delete_entry_group>, create_entry_group already registered for DAG: example_complex
[2024-12-03T16:52:44.998+0000] {logging_mixin.py:120} INFO - [2024-12-03T16:52:44.998+0000] {taskmixin.py:205} WARNING - Dependency <Task(BashOperator): create_entry_gcs>, delete_entry already registered for DAG: example_complex
[2024-12-03T16:52:44.999+0000] {logging_mixin.py:120} INFO - [2024-12-03T16:52:44.998+0000] {taskmixin.py:205} WARNING - Dependency <Task(BashOperator): delete_entry>, create_entry_gcs already registered for DAG: example_complex
[2024-12-03T16:52:45.000+0000] {logging_mixin.py:120} INFO - [2024-12-03T16:52:44.999+0000] {taskmixin.py:205} WARNING - Dependency <Task(BashOperator): create_tag>, delete_tag already registered for DAG: example_complex
[2024-12-03T16:52:45.000+0000] {logging_mixin.py:120} INFO - [2024-12-03T16:52:45.000+0000] {taskmixin.py:205} WARNING - Dependency <Task(BashOperator): delete_tag>, create_tag already registered for DAG: example_complex
[2024-12-03T16:52:45.017+0000] {processor.py:766} INFO - DAG(s) dict_keys(['example_complex']) retrieved from /home/airflow/.local/lib/python3.7/site-packages/airflow/example_dags/example_complex.py
[2024-12-03T16:52:45.104+0000] {logging_mixin.py:120} INFO - [2024-12-03T16:52:45.104+0000] {dag.py:2585} INFO - Sync 1 DAGs
[2024-12-03T16:52:45.175+0000] {logging_mixin.py:120} INFO - [2024-12-03T16:52:45.174+0000] {dag.py:3340} INFO - Setting next_dagrun for example_complex to None, run_after=None
[2024-12-03T16:52:45.221+0000] {processor.py:176} INFO - Processing /home/airflow/.local/lib/python3.7/site-packages/airflow/example_dags/example_complex.py took 0.258 seconds
[2024-12-03T16:53:15.648+0000] {processor.py:154} INFO - Started process (PID=7176) to work on /home/airflow/.local/lib/python3.7/site-packages/airflow/example_dags/example_complex.py
[2024-12-03T16:53:15.650+0000] {processor.py:756} INFO - Processing file /home/airflow/.local/lib/python3.7/site-packages/airflow/example_dags/example_complex.py for tasks to queue
[2024-12-03T16:53:15.652+0000] {logging_mixin.py:120} INFO - [2024-12-03T16:53:15.651+0000] {dagbag.py:537} INFO - Filling up the DagBag from /home/airflow/.local/lib/python3.7/site-packages/airflow/example_dags/example_complex.py
[2024-12-03T16:53:15.670+0000] {logging_mixin.py:120} INFO - [2024-12-03T16:53:15.670+0000] {taskmixin.py:205} WARNING - Dependency <Task(BashOperator): create_entry_group>, delete_entry_group already registered for DAG: example_complex
[2024-12-03T16:53:15.671+0000] {logging_mixin.py:120} INFO - [2024-12-03T16:53:15.671+0000] {taskmixin.py:205} WARNING - Dependency <Task(BashOperator): delete_entry_group>, create_entry_group already registered for DAG: example_complex
[2024-12-03T16:53:15.673+0000] {logging_mixin.py:120} INFO - [2024-12-03T16:53:15.672+0000] {taskmixin.py:205} WARNING - Dependency <Task(BashOperator): create_entry_gcs>, delete_entry already registered for DAG: example_complex
[2024-12-03T16:53:15.674+0000] {logging_mixin.py:120} INFO - [2024-12-03T16:53:15.673+0000] {taskmixin.py:205} WARNING - Dependency <Task(BashOperator): delete_entry>, create_entry_gcs already registered for DAG: example_complex
[2024-12-03T16:53:15.675+0000] {logging_mixin.py:120} INFO - [2024-12-03T16:53:15.674+0000] {taskmixin.py:205} WARNING - Dependency <Task(BashOperator): create_tag>, delete_tag already registered for DAG: example_complex
[2024-12-03T16:53:15.675+0000] {logging_mixin.py:120} INFO - [2024-12-03T16:53:15.675+0000] {taskmixin.py:205} WARNING - Dependency <Task(BashOperator): delete_tag>, create_tag already registered for DAG: example_complex
[2024-12-03T16:53:15.687+0000] {processor.py:766} INFO - DAG(s) dict_keys(['example_complex']) retrieved from /home/airflow/.local/lib/python3.7/site-packages/airflow/example_dags/example_complex.py
[2024-12-03T16:53:15.755+0000] {logging_mixin.py:120} INFO - [2024-12-03T16:53:15.754+0000] {dag.py:2585} INFO - Sync 1 DAGs
[2024-12-03T16:53:15.797+0000] {logging_mixin.py:120} INFO - [2024-12-03T16:53:15.796+0000] {dag.py:3340} INFO - Setting next_dagrun for example_complex to None, run_after=None
[2024-12-03T16:53:15.839+0000] {processor.py:176} INFO - Processing /home/airflow/.local/lib/python3.7/site-packages/airflow/example_dags/example_complex.py took 0.196 seconds
[2024-12-03T16:53:46.361+0000] {processor.py:154} INFO - Started process (PID=7240) to work on /home/airflow/.local/lib/python3.7/site-packages/airflow/example_dags/example_complex.py
[2024-12-03T16:53:46.362+0000] {processor.py:756} INFO - Processing file /home/airflow/.local/lib/python3.7/site-packages/airflow/example_dags/example_complex.py for tasks to queue
[2024-12-03T16:53:46.364+0000] {logging_mixin.py:120} INFO - [2024-12-03T16:53:46.364+0000] {dagbag.py:537} INFO - Filling up the DagBag from /home/airflow/.local/lib/python3.7/site-packages/airflow/example_dags/example_complex.py
[2024-12-03T16:53:46.378+0000] {logging_mixin.py:120} INFO - [2024-12-03T16:53:46.378+0000] {taskmixin.py:205} WARNING - Dependency <Task(BashOperator): create_entry_group>, delete_entry_group already registered for DAG: example_complex
[2024-12-03T16:53:46.379+0000] {logging_mixin.py:120} INFO - [2024-12-03T16:53:46.379+0000] {taskmixin.py:205} WARNING - Dependency <Task(BashOperator): delete_entry_group>, create_entry_group already registered for DAG: example_complex
[2024-12-03T16:53:46.380+0000] {logging_mixin.py:120} INFO - [2024-12-03T16:53:46.380+0000] {taskmixin.py:205} WARNING - Dependency <Task(BashOperator): create_entry_gcs>, delete_entry already registered for DAG: example_complex
[2024-12-03T16:53:46.381+0000] {logging_mixin.py:120} INFO - [2024-12-03T16:53:46.381+0000] {taskmixin.py:205} WARNING - Dependency <Task(BashOperator): delete_entry>, create_entry_gcs already registered for DAG: example_complex
[2024-12-03T16:53:46.382+0000] {logging_mixin.py:120} INFO - [2024-12-03T16:53:46.382+0000] {taskmixin.py:205} WARNING - Dependency <Task(BashOperator): create_tag>, delete_tag already registered for DAG: example_complex
[2024-12-03T16:53:46.383+0000] {logging_mixin.py:120} INFO - [2024-12-03T16:53:46.383+0000] {taskmixin.py:205} WARNING - Dependency <Task(BashOperator): delete_tag>, create_tag already registered for DAG: example_complex
[2024-12-03T16:53:46.395+0000] {processor.py:766} INFO - DAG(s) dict_keys(['example_complex']) retrieved from /home/airflow/.local/lib/python3.7/site-packages/airflow/example_dags/example_complex.py
[2024-12-03T16:53:46.466+0000] {logging_mixin.py:120} INFO - [2024-12-03T16:53:46.466+0000] {dag.py:2585} INFO - Sync 1 DAGs
[2024-12-03T16:53:46.514+0000] {logging_mixin.py:120} INFO - [2024-12-03T16:53:46.514+0000] {dag.py:3340} INFO - Setting next_dagrun for example_complex to None, run_after=None
[2024-12-03T16:53:46.549+0000] {processor.py:176} INFO - Processing /home/airflow/.local/lib/python3.7/site-packages/airflow/example_dags/example_complex.py took 0.193 seconds
[2024-12-03T16:54:16.754+0000] {processor.py:154} INFO - Started process (PID=7295) to work on /home/airflow/.local/lib/python3.7/site-packages/airflow/example_dags/example_complex.py
[2024-12-03T16:54:16.756+0000] {processor.py:756} INFO - Processing file /home/airflow/.local/lib/python3.7/site-packages/airflow/example_dags/example_complex.py for tasks to queue
[2024-12-03T16:54:16.757+0000] {logging_mixin.py:120} INFO - [2024-12-03T16:54:16.757+0000] {dagbag.py:537} INFO - Filling up the DagBag from /home/airflow/.local/lib/python3.7/site-packages/airflow/example_dags/example_complex.py
[2024-12-03T16:54:16.772+0000] {logging_mixin.py:120} INFO - [2024-12-03T16:54:16.772+0000] {taskmixin.py:205} WARNING - Dependency <Task(BashOperator): create_entry_group>, delete_entry_group already registered for DAG: example_complex
[2024-12-03T16:54:16.773+0000] {logging_mixin.py:120} INFO - [2024-12-03T16:54:16.773+0000] {taskmixin.py:205} WARNING - Dependency <Task(BashOperator): delete_entry_group>, create_entry_group already registered for DAG: example_complex
[2024-12-03T16:54:16.774+0000] {logging_mixin.py:120} INFO - [2024-12-03T16:54:16.774+0000] {taskmixin.py:205} WARNING - Dependency <Task(BashOperator): create_entry_gcs>, delete_entry already registered for DAG: example_complex
[2024-12-03T16:54:16.775+0000] {logging_mixin.py:120} INFO - [2024-12-03T16:54:16.775+0000] {taskmixin.py:205} WARNING - Dependency <Task(BashOperator): delete_entry>, create_entry_gcs already registered for DAG: example_complex
[2024-12-03T16:54:16.776+0000] {logging_mixin.py:120} INFO - [2024-12-03T16:54:16.775+0000] {taskmixin.py:205} WARNING - Dependency <Task(BashOperator): create_tag>, delete_tag already registered for DAG: example_complex
[2024-12-03T16:54:16.776+0000] {logging_mixin.py:120} INFO - [2024-12-03T16:54:16.776+0000] {taskmixin.py:205} WARNING - Dependency <Task(BashOperator): delete_tag>, create_tag already registered for DAG: example_complex
[2024-12-03T16:54:16.789+0000] {processor.py:766} INFO - DAG(s) dict_keys(['example_complex']) retrieved from /home/airflow/.local/lib/python3.7/site-packages/airflow/example_dags/example_complex.py
[2024-12-03T16:54:16.848+0000] {logging_mixin.py:120} INFO - [2024-12-03T16:54:16.848+0000] {dag.py:2585} INFO - Sync 1 DAGs
[2024-12-03T16:54:16.884+0000] {logging_mixin.py:120} INFO - [2024-12-03T16:54:16.884+0000] {dag.py:3340} INFO - Setting next_dagrun for example_complex to None, run_after=None
[2024-12-03T16:54:16.920+0000] {processor.py:176} INFO - Processing /home/airflow/.local/lib/python3.7/site-packages/airflow/example_dags/example_complex.py took 0.170 seconds
[2024-12-03T16:54:47.717+0000] {processor.py:154} INFO - Started process (PID=7359) to work on /home/airflow/.local/lib/python3.7/site-packages/airflow/example_dags/example_complex.py
[2024-12-03T16:54:47.721+0000] {processor.py:756} INFO - Processing file /home/airflow/.local/lib/python3.7/site-packages/airflow/example_dags/example_complex.py for tasks to queue
[2024-12-03T16:54:47.723+0000] {logging_mixin.py:120} INFO - [2024-12-03T16:54:47.723+0000] {dagbag.py:537} INFO - Filling up the DagBag from /home/airflow/.local/lib/python3.7/site-packages/airflow/example_dags/example_complex.py
[2024-12-03T16:54:47.767+0000] {logging_mixin.py:120} INFO - [2024-12-03T16:54:47.767+0000] {taskmixin.py:205} WARNING - Dependency <Task(BashOperator): create_entry_group>, delete_entry_group already registered for DAG: example_complex
[2024-12-03T16:54:47.769+0000] {logging_mixin.py:120} INFO - [2024-12-03T16:54:47.768+0000] {taskmixin.py:205} WARNING - Dependency <Task(BashOperator): delete_entry_group>, create_entry_group already registered for DAG: example_complex
[2024-12-03T16:54:47.774+0000] {logging_mixin.py:120} INFO - [2024-12-03T16:54:47.770+0000] {taskmixin.py:205} WARNING - Dependency <Task(BashOperator): create_entry_gcs>, delete_entry already registered for DAG: example_complex
[2024-12-03T16:54:47.777+0000] {logging_mixin.py:120} INFO - [2024-12-03T16:54:47.776+0000] {taskmixin.py:205} WARNING - Dependency <Task(BashOperator): delete_entry>, create_entry_gcs already registered for DAG: example_complex
[2024-12-03T16:54:47.779+0000] {logging_mixin.py:120} INFO - [2024-12-03T16:54:47.778+0000] {taskmixin.py:205} WARNING - Dependency <Task(BashOperator): create_tag>, delete_tag already registered for DAG: example_complex
[2024-12-03T16:54:47.781+0000] {logging_mixin.py:120} INFO - [2024-12-03T16:54:47.780+0000] {taskmixin.py:205} WARNING - Dependency <Task(BashOperator): delete_tag>, create_tag already registered for DAG: example_complex
[2024-12-03T16:54:47.813+0000] {processor.py:766} INFO - DAG(s) dict_keys(['example_complex']) retrieved from /home/airflow/.local/lib/python3.7/site-packages/airflow/example_dags/example_complex.py
[2024-12-03T16:54:47.988+0000] {logging_mixin.py:120} INFO - [2024-12-03T16:54:47.987+0000] {dag.py:2585} INFO - Sync 1 DAGs
[2024-12-03T16:54:48.090+0000] {logging_mixin.py:120} INFO - [2024-12-03T16:54:48.089+0000] {dag.py:3340} INFO - Setting next_dagrun for example_complex to None, run_after=None
[2024-12-03T16:54:48.152+0000] {processor.py:176} INFO - Processing /home/airflow/.local/lib/python3.7/site-packages/airflow/example_dags/example_complex.py took 0.449 seconds
[2024-12-03T16:55:18.643+0000] {processor.py:154} INFO - Started process (PID=7415) to work on /home/airflow/.local/lib/python3.7/site-packages/airflow/example_dags/example_complex.py
[2024-12-03T16:55:18.644+0000] {processor.py:756} INFO - Processing file /home/airflow/.local/lib/python3.7/site-packages/airflow/example_dags/example_complex.py for tasks to queue
[2024-12-03T16:55:18.646+0000] {logging_mixin.py:120} INFO - [2024-12-03T16:55:18.645+0000] {dagbag.py:537} INFO - Filling up the DagBag from /home/airflow/.local/lib/python3.7/site-packages/airflow/example_dags/example_complex.py
[2024-12-03T16:55:18.663+0000] {logging_mixin.py:120} INFO - [2024-12-03T16:55:18.662+0000] {taskmixin.py:205} WARNING - Dependency <Task(BashOperator): create_entry_group>, delete_entry_group already registered for DAG: example_complex
[2024-12-03T16:55:18.663+0000] {logging_mixin.py:120} INFO - [2024-12-03T16:55:18.663+0000] {taskmixin.py:205} WARNING - Dependency <Task(BashOperator): delete_entry_group>, create_entry_group already registered for DAG: example_complex
[2024-12-03T16:55:18.665+0000] {logging_mixin.py:120} INFO - [2024-12-03T16:55:18.664+0000] {taskmixin.py:205} WARNING - Dependency <Task(BashOperator): create_entry_gcs>, delete_entry already registered for DAG: example_complex
[2024-12-03T16:55:18.665+0000] {logging_mixin.py:120} INFO - [2024-12-03T16:55:18.665+0000] {taskmixin.py:205} WARNING - Dependency <Task(BashOperator): delete_entry>, create_entry_gcs already registered for DAG: example_complex
[2024-12-03T16:55:18.666+0000] {logging_mixin.py:120} INFO - [2024-12-03T16:55:18.666+0000] {taskmixin.py:205} WARNING - Dependency <Task(BashOperator): create_tag>, delete_tag already registered for DAG: example_complex
[2024-12-03T16:55:18.667+0000] {logging_mixin.py:120} INFO - [2024-12-03T16:55:18.667+0000] {taskmixin.py:205} WARNING - Dependency <Task(BashOperator): delete_tag>, create_tag already registered for DAG: example_complex
[2024-12-03T16:55:18.681+0000] {processor.py:766} INFO - DAG(s) dict_keys(['example_complex']) retrieved from /home/airflow/.local/lib/python3.7/site-packages/airflow/example_dags/example_complex.py
[2024-12-03T16:55:18.749+0000] {logging_mixin.py:120} INFO - [2024-12-03T16:55:18.748+0000] {dag.py:2585} INFO - Sync 1 DAGs
[2024-12-03T16:55:18.791+0000] {logging_mixin.py:120} INFO - [2024-12-03T16:55:18.790+0000] {dag.py:3340} INFO - Setting next_dagrun for example_complex to None, run_after=None
[2024-12-03T16:55:18.849+0000] {processor.py:176} INFO - Processing /home/airflow/.local/lib/python3.7/site-packages/airflow/example_dags/example_complex.py took 0.210 seconds
[2024-12-03T16:55:49.505+0000] {processor.py:154} INFO - Started process (PID=7485) to work on /home/airflow/.local/lib/python3.7/site-packages/airflow/example_dags/example_complex.py
[2024-12-03T16:55:49.507+0000] {processor.py:756} INFO - Processing file /home/airflow/.local/lib/python3.7/site-packages/airflow/example_dags/example_complex.py for tasks to queue
[2024-12-03T16:55:49.510+0000] {logging_mixin.py:120} INFO - [2024-12-03T16:55:49.510+0000] {dagbag.py:537} INFO - Filling up the DagBag from /home/airflow/.local/lib/python3.7/site-packages/airflow/example_dags/example_complex.py
[2024-12-03T16:55:49.537+0000] {logging_mixin.py:120} INFO - [2024-12-03T16:55:49.537+0000] {taskmixin.py:205} WARNING - Dependency <Task(BashOperator): create_entry_group>, delete_entry_group already registered for DAG: example_complex
[2024-12-03T16:55:49.538+0000] {logging_mixin.py:120} INFO - [2024-12-03T16:55:49.538+0000] {taskmixin.py:205} WARNING - Dependency <Task(BashOperator): delete_entry_group>, create_entry_group already registered for DAG: example_complex
[2024-12-03T16:55:49.539+0000] {logging_mixin.py:120} INFO - [2024-12-03T16:55:49.539+0000] {taskmixin.py:205} WARNING - Dependency <Task(BashOperator): create_entry_gcs>, delete_entry already registered for DAG: example_complex
[2024-12-03T16:55:49.540+0000] {logging_mixin.py:120} INFO - [2024-12-03T16:55:49.539+0000] {taskmixin.py:205} WARNING - Dependency <Task(BashOperator): delete_entry>, create_entry_gcs already registered for DAG: example_complex
[2024-12-03T16:55:49.541+0000] {logging_mixin.py:120} INFO - [2024-12-03T16:55:49.541+0000] {taskmixin.py:205} WARNING - Dependency <Task(BashOperator): create_tag>, delete_tag already registered for DAG: example_complex
[2024-12-03T16:55:49.542+0000] {logging_mixin.py:120} INFO - [2024-12-03T16:55:49.542+0000] {taskmixin.py:205} WARNING - Dependency <Task(BashOperator): delete_tag>, create_tag already registered for DAG: example_complex
[2024-12-03T16:55:49.559+0000] {processor.py:766} INFO - DAG(s) dict_keys(['example_complex']) retrieved from /home/airflow/.local/lib/python3.7/site-packages/airflow/example_dags/example_complex.py
[2024-12-03T16:55:49.671+0000] {logging_mixin.py:120} INFO - [2024-12-03T16:55:49.671+0000] {dag.py:2585} INFO - Sync 1 DAGs
[2024-12-03T16:55:49.712+0000] {logging_mixin.py:120} INFO - [2024-12-03T16:55:49.712+0000] {dag.py:3340} INFO - Setting next_dagrun for example_complex to None, run_after=None
[2024-12-03T16:55:49.751+0000] {processor.py:176} INFO - Processing /home/airflow/.local/lib/python3.7/site-packages/airflow/example_dags/example_complex.py took 0.253 seconds
[2024-12-03T16:56:20.555+0000] {processor.py:154} INFO - Started process (PID=7547) to work on /home/airflow/.local/lib/python3.7/site-packages/airflow/example_dags/example_complex.py
[2024-12-03T16:56:20.556+0000] {processor.py:756} INFO - Processing file /home/airflow/.local/lib/python3.7/site-packages/airflow/example_dags/example_complex.py for tasks to queue
[2024-12-03T16:56:20.559+0000] {logging_mixin.py:120} INFO - [2024-12-03T16:56:20.558+0000] {dagbag.py:537} INFO - Filling up the DagBag from /home/airflow/.local/lib/python3.7/site-packages/airflow/example_dags/example_complex.py
[2024-12-03T16:56:20.574+0000] {logging_mixin.py:120} INFO - [2024-12-03T16:56:20.573+0000] {taskmixin.py:205} WARNING - Dependency <Task(BashOperator): create_entry_group>, delete_entry_group already registered for DAG: example_complex
[2024-12-03T16:56:20.575+0000] {logging_mixin.py:120} INFO - [2024-12-03T16:56:20.575+0000] {taskmixin.py:205} WARNING - Dependency <Task(BashOperator): delete_entry_group>, create_entry_group already registered for DAG: example_complex
[2024-12-03T16:56:20.577+0000] {logging_mixin.py:120} INFO - [2024-12-03T16:56:20.577+0000] {taskmixin.py:205} WARNING - Dependency <Task(BashOperator): create_entry_gcs>, delete_entry already registered for DAG: example_complex
[2024-12-03T16:56:20.578+0000] {logging_mixin.py:120} INFO - [2024-12-03T16:56:20.578+0000] {taskmixin.py:205} WARNING - Dependency <Task(BashOperator): delete_entry>, create_entry_gcs already registered for DAG: example_complex
[2024-12-03T16:56:20.579+0000] {logging_mixin.py:120} INFO - [2024-12-03T16:56:20.579+0000] {taskmixin.py:205} WARNING - Dependency <Task(BashOperator): create_tag>, delete_tag already registered for DAG: example_complex
[2024-12-03T16:56:20.580+0000] {logging_mixin.py:120} INFO - [2024-12-03T16:56:20.579+0000] {taskmixin.py:205} WARNING - Dependency <Task(BashOperator): delete_tag>, create_tag already registered for DAG: example_complex
[2024-12-03T16:56:20.589+0000] {processor.py:766} INFO - DAG(s) dict_keys(['example_complex']) retrieved from /home/airflow/.local/lib/python3.7/site-packages/airflow/example_dags/example_complex.py
[2024-12-03T16:56:20.652+0000] {logging_mixin.py:120} INFO - [2024-12-03T16:56:20.652+0000] {dag.py:2585} INFO - Sync 1 DAGs
[2024-12-03T16:56:20.686+0000] {logging_mixin.py:120} INFO - [2024-12-03T16:56:20.686+0000] {dag.py:3340} INFO - Setting next_dagrun for example_complex to None, run_after=None
[2024-12-03T16:56:20.722+0000] {processor.py:176} INFO - Processing /home/airflow/.local/lib/python3.7/site-packages/airflow/example_dags/example_complex.py took 0.170 seconds
