[2024-12-03T15:07:36.152+0000] {processor.py:154} INFO - Started process (PID=67) to work on /home/airflow/.local/lib/python3.7/site-packages/airflow/example_dags/example_branch_datetime_operator.py
[2024-12-03T15:07:36.154+0000] {processor.py:756} INFO - Processing file /home/airflow/.local/lib/python3.7/site-packages/airflow/example_dags/example_branch_datetime_operator.py for tasks to queue
[2024-12-03T15:07:36.157+0000] {logging_mixin.py:120} INFO - [2024-12-03T15:07:36.156+0000] {dagbag.py:537} INFO - Filling up the DagBag from /home/airflow/.local/lib/python3.7/site-packages/airflow/example_dags/example_branch_datetime_operator.py
[2024-12-03T15:07:36.196+0000] {processor.py:766} INFO - DAG(s) dict_keys(['example_branch_datetime_operator_2', 'example_branch_datetime_operator', 'example_branch_datetime_operator_3']) retrieved from /home/airflow/.local/lib/python3.7/site-packages/airflow/example_dags/example_branch_datetime_operator.py
[2024-12-03T15:07:36.995+0000] {logging_mixin.py:120} INFO - [2024-12-03T15:07:36.994+0000] {manager.py:507} INFO - Created Permission View: can read on DAG:example_branch_datetime_operator_2
[2024-12-03T15:07:37.018+0000] {logging_mixin.py:120} INFO - [2024-12-03T15:07:37.017+0000] {manager.py:507} INFO - Created Permission View: can delete on DAG:example_branch_datetime_operator_2
[2024-12-03T15:07:37.035+0000] {logging_mixin.py:120} INFO - [2024-12-03T15:07:37.035+0000] {manager.py:507} INFO - Created Permission View: can edit on DAG:example_branch_datetime_operator_2
[2024-12-03T15:07:37.065+0000] {logging_mixin.py:120} INFO - [2024-12-03T15:07:37.065+0000] {manager.py:507} INFO - Created Permission View: can read on DAG:example_branch_datetime_operator
[2024-12-03T15:07:37.087+0000] {logging_mixin.py:120} INFO - [2024-12-03T15:07:37.087+0000] {manager.py:507} INFO - Created Permission View: can delete on DAG:example_branch_datetime_operator
[2024-12-03T15:07:37.116+0000] {logging_mixin.py:120} INFO - [2024-12-03T15:07:37.115+0000] {manager.py:507} INFO - Created Permission View: can edit on DAG:example_branch_datetime_operator
[2024-12-03T15:07:37.149+0000] {logging_mixin.py:120} INFO - [2024-12-03T15:07:37.148+0000] {manager.py:507} INFO - Created Permission View: can read on DAG:example_branch_datetime_operator_3
[2024-12-03T15:07:37.171+0000] {logging_mixin.py:120} INFO - [2024-12-03T15:07:37.171+0000] {manager.py:507} INFO - Created Permission View: can delete on DAG:example_branch_datetime_operator_3
[2024-12-03T15:07:37.197+0000] {logging_mixin.py:120} INFO - [2024-12-03T15:07:37.196+0000] {manager.py:507} INFO - Created Permission View: can edit on DAG:example_branch_datetime_operator_3
[2024-12-03T15:07:37.198+0000] {logging_mixin.py:120} INFO - [2024-12-03T15:07:37.198+0000] {dag.py:2585} INFO - Sync 3 DAGs
[2024-12-03T15:07:37.261+0000] {logging_mixin.py:120} INFO - [2024-12-03T15:07:37.261+0000] {dag.py:2606} INFO - Creating ORM DAG for example_branch_datetime_operator_2
[2024-12-03T15:07:37.263+0000] {logging_mixin.py:120} INFO - [2024-12-03T15:07:37.263+0000] {dag.py:2606} INFO - Creating ORM DAG for example_branch_datetime_operator_3
[2024-12-03T15:07:37.265+0000] {logging_mixin.py:120} INFO - [2024-12-03T15:07:37.265+0000] {dag.py:2606} INFO - Creating ORM DAG for example_branch_datetime_operator
[2024-12-03T15:07:37.331+0000] {logging_mixin.py:120} INFO - [2024-12-03T15:07:37.330+0000] {dag.py:3340} INFO - Setting next_dagrun for example_branch_datetime_operator to 2024-12-02T00:00:00+00:00, run_after=2024-12-03T00:00:00+00:00
[2024-12-03T15:07:37.339+0000] {logging_mixin.py:120} INFO - [2024-12-03T15:07:37.339+0000] {dag.py:3340} INFO - Setting next_dagrun for example_branch_datetime_operator_2 to 2024-12-02T00:00:00+00:00, run_after=2024-12-03T00:00:00+00:00
[2024-12-03T15:07:37.351+0000] {logging_mixin.py:120} INFO - [2024-12-03T15:07:37.350+0000] {dag.py:3340} INFO - Setting next_dagrun for example_branch_datetime_operator_3 to 2024-12-02T00:00:00+00:00, run_after=2024-12-03T00:00:00+00:00
[2024-12-03T15:07:37.448+0000] {processor.py:176} INFO - Processing /home/airflow/.local/lib/python3.7/site-packages/airflow/example_dags/example_branch_datetime_operator.py took 1.300 seconds
[2024-12-03T15:08:08.271+0000] {processor.py:154} INFO - Started process (PID=122) to work on /home/airflow/.local/lib/python3.7/site-packages/airflow/example_dags/example_branch_datetime_operator.py
[2024-12-03T15:08:08.272+0000] {processor.py:756} INFO - Processing file /home/airflow/.local/lib/python3.7/site-packages/airflow/example_dags/example_branch_datetime_operator.py for tasks to queue
[2024-12-03T15:08:08.274+0000] {logging_mixin.py:120} INFO - [2024-12-03T15:08:08.274+0000] {dagbag.py:537} INFO - Filling up the DagBag from /home/airflow/.local/lib/python3.7/site-packages/airflow/example_dags/example_branch_datetime_operator.py
[2024-12-03T15:08:08.301+0000] {processor.py:766} INFO - DAG(s) dict_keys(['example_branch_datetime_operator', 'example_branch_datetime_operator_2', 'example_branch_datetime_operator_3']) retrieved from /home/airflow/.local/lib/python3.7/site-packages/airflow/example_dags/example_branch_datetime_operator.py
[2024-12-03T15:08:08.371+0000] {logging_mixin.py:120} INFO - [2024-12-03T15:08:08.370+0000] {dag.py:2585} INFO - Sync 3 DAGs
[2024-12-03T15:08:08.411+0000] {logging_mixin.py:120} INFO - [2024-12-03T15:08:08.411+0000] {dag.py:3340} INFO - Setting next_dagrun for example_branch_datetime_operator to 2024-12-02T00:00:00+00:00, run_after=2024-12-03T00:00:00+00:00
[2024-12-03T15:08:08.419+0000] {logging_mixin.py:120} INFO - [2024-12-03T15:08:08.418+0000] {dag.py:3340} INFO - Setting next_dagrun for example_branch_datetime_operator_2 to 2024-12-02T00:00:00+00:00, run_after=2024-12-03T00:00:00+00:00
[2024-12-03T15:08:08.424+0000] {logging_mixin.py:120} INFO - [2024-12-03T15:08:08.423+0000] {dag.py:3340} INFO - Setting next_dagrun for example_branch_datetime_operator_3 to 2024-12-02T00:00:00+00:00, run_after=2024-12-03T00:00:00+00:00
[2024-12-03T15:08:08.457+0000] {processor.py:176} INFO - Processing /home/airflow/.local/lib/python3.7/site-packages/airflow/example_dags/example_branch_datetime_operator.py took 0.191 seconds
[2024-12-03T15:08:38.779+0000] {processor.py:154} INFO - Started process (PID=178) to work on /home/airflow/.local/lib/python3.7/site-packages/airflow/example_dags/example_branch_datetime_operator.py
[2024-12-03T15:08:38.782+0000] {processor.py:756} INFO - Processing file /home/airflow/.local/lib/python3.7/site-packages/airflow/example_dags/example_branch_datetime_operator.py for tasks to queue
[2024-12-03T15:08:38.784+0000] {logging_mixin.py:120} INFO - [2024-12-03T15:08:38.783+0000] {dagbag.py:537} INFO - Filling up the DagBag from /home/airflow/.local/lib/python3.7/site-packages/airflow/example_dags/example_branch_datetime_operator.py
[2024-12-03T15:08:38.824+0000] {processor.py:766} INFO - DAG(s) dict_keys(['example_branch_datetime_operator_2', 'example_branch_datetime_operator_3', 'example_branch_datetime_operator']) retrieved from /home/airflow/.local/lib/python3.7/site-packages/airflow/example_dags/example_branch_datetime_operator.py
[2024-12-03T15:08:38.911+0000] {logging_mixin.py:120} INFO - [2024-12-03T15:08:38.910+0000] {dag.py:2585} INFO - Sync 3 DAGs
[2024-12-03T15:08:38.962+0000] {logging_mixin.py:120} INFO - [2024-12-03T15:08:38.962+0000] {dag.py:3340} INFO - Setting next_dagrun for example_branch_datetime_operator to 2024-12-02T00:00:00+00:00, run_after=2024-12-03T00:00:00+00:00
[2024-12-03T15:08:38.971+0000] {logging_mixin.py:120} INFO - [2024-12-03T15:08:38.970+0000] {dag.py:3340} INFO - Setting next_dagrun for example_branch_datetime_operator_2 to 2024-12-02T00:00:00+00:00, run_after=2024-12-03T00:00:00+00:00
[2024-12-03T15:08:38.975+0000] {logging_mixin.py:120} INFO - [2024-12-03T15:08:38.975+0000] {dag.py:3340} INFO - Setting next_dagrun for example_branch_datetime_operator_3 to 2024-12-02T00:00:00+00:00, run_after=2024-12-03T00:00:00+00:00
[2024-12-03T15:08:39.015+0000] {processor.py:176} INFO - Processing /home/airflow/.local/lib/python3.7/site-packages/airflow/example_dags/example_branch_datetime_operator.py took 0.240 seconds
[2024-12-03T15:09:09.532+0000] {processor.py:154} INFO - Started process (PID=240) to work on /home/airflow/.local/lib/python3.7/site-packages/airflow/example_dags/example_branch_datetime_operator.py
[2024-12-03T15:09:09.534+0000] {processor.py:756} INFO - Processing file /home/airflow/.local/lib/python3.7/site-packages/airflow/example_dags/example_branch_datetime_operator.py for tasks to queue
[2024-12-03T15:09:09.536+0000] {logging_mixin.py:120} INFO - [2024-12-03T15:09:09.536+0000] {dagbag.py:537} INFO - Filling up the DagBag from /home/airflow/.local/lib/python3.7/site-packages/airflow/example_dags/example_branch_datetime_operator.py
[2024-12-03T15:09:09.592+0000] {processor.py:766} INFO - DAG(s) dict_keys(['example_branch_datetime_operator', 'example_branch_datetime_operator_2', 'example_branch_datetime_operator_3']) retrieved from /home/airflow/.local/lib/python3.7/site-packages/airflow/example_dags/example_branch_datetime_operator.py
[2024-12-03T15:09:09.686+0000] {logging_mixin.py:120} INFO - [2024-12-03T15:09:09.686+0000] {dag.py:2585} INFO - Sync 3 DAGs
[2024-12-03T15:09:09.751+0000] {logging_mixin.py:120} INFO - [2024-12-03T15:09:09.746+0000] {dag.py:3340} INFO - Setting next_dagrun for example_branch_datetime_operator to 2024-12-02T00:00:00+00:00, run_after=2024-12-03T00:00:00+00:00
[2024-12-03T15:09:09.768+0000] {logging_mixin.py:120} INFO - [2024-12-03T15:09:09.767+0000] {dag.py:3340} INFO - Setting next_dagrun for example_branch_datetime_operator_2 to 2024-12-02T00:00:00+00:00, run_after=2024-12-03T00:00:00+00:00
[2024-12-03T15:09:09.776+0000] {logging_mixin.py:120} INFO - [2024-12-03T15:09:09.776+0000] {dag.py:3340} INFO - Setting next_dagrun for example_branch_datetime_operator_3 to 2024-12-02T00:00:00+00:00, run_after=2024-12-03T00:00:00+00:00
[2024-12-03T15:09:09.815+0000] {processor.py:176} INFO - Processing /home/airflow/.local/lib/python3.7/site-packages/airflow/example_dags/example_branch_datetime_operator.py took 0.290 seconds
[2024-12-03T15:09:40.019+0000] {processor.py:154} INFO - Started process (PID=297) to work on /home/airflow/.local/lib/python3.7/site-packages/airflow/example_dags/example_branch_datetime_operator.py
[2024-12-03T15:09:40.022+0000] {processor.py:756} INFO - Processing file /home/airflow/.local/lib/python3.7/site-packages/airflow/example_dags/example_branch_datetime_operator.py for tasks to queue
[2024-12-03T15:09:40.024+0000] {logging_mixin.py:120} INFO - [2024-12-03T15:09:40.023+0000] {dagbag.py:537} INFO - Filling up the DagBag from /home/airflow/.local/lib/python3.7/site-packages/airflow/example_dags/example_branch_datetime_operator.py
[2024-12-03T15:09:40.051+0000] {processor.py:766} INFO - DAG(s) dict_keys(['example_branch_datetime_operator_2', 'example_branch_datetime_operator', 'example_branch_datetime_operator_3']) retrieved from /home/airflow/.local/lib/python3.7/site-packages/airflow/example_dags/example_branch_datetime_operator.py
[2024-12-03T15:09:40.130+0000] {logging_mixin.py:120} INFO - [2024-12-03T15:09:40.130+0000] {dag.py:2585} INFO - Sync 3 DAGs
[2024-12-03T15:09:40.182+0000] {logging_mixin.py:120} INFO - [2024-12-03T15:09:40.182+0000] {dag.py:3340} INFO - Setting next_dagrun for example_branch_datetime_operator to 2024-12-02T00:00:00+00:00, run_after=2024-12-03T00:00:00+00:00
[2024-12-03T15:09:40.190+0000] {logging_mixin.py:120} INFO - [2024-12-03T15:09:40.190+0000] {dag.py:3340} INFO - Setting next_dagrun for example_branch_datetime_operator_2 to 2024-12-02T00:00:00+00:00, run_after=2024-12-03T00:00:00+00:00
[2024-12-03T15:09:40.195+0000] {logging_mixin.py:120} INFO - [2024-12-03T15:09:40.195+0000] {dag.py:3340} INFO - Setting next_dagrun for example_branch_datetime_operator_3 to 2024-12-02T00:00:00+00:00, run_after=2024-12-03T00:00:00+00:00
[2024-12-03T15:09:40.242+0000] {processor.py:176} INFO - Processing /home/airflow/.local/lib/python3.7/site-packages/airflow/example_dags/example_branch_datetime_operator.py took 0.230 seconds
[2024-12-03T15:10:10.470+0000] {processor.py:154} INFO - Started process (PID=352) to work on /home/airflow/.local/lib/python3.7/site-packages/airflow/example_dags/example_branch_datetime_operator.py
[2024-12-03T15:10:10.472+0000] {processor.py:756} INFO - Processing file /home/airflow/.local/lib/python3.7/site-packages/airflow/example_dags/example_branch_datetime_operator.py for tasks to queue
[2024-12-03T15:10:10.474+0000] {logging_mixin.py:120} INFO - [2024-12-03T15:10:10.473+0000] {dagbag.py:537} INFO - Filling up the DagBag from /home/airflow/.local/lib/python3.7/site-packages/airflow/example_dags/example_branch_datetime_operator.py
[2024-12-03T15:10:10.508+0000] {processor.py:766} INFO - DAG(s) dict_keys(['example_branch_datetime_operator', 'example_branch_datetime_operator_3', 'example_branch_datetime_operator_2']) retrieved from /home/airflow/.local/lib/python3.7/site-packages/airflow/example_dags/example_branch_datetime_operator.py
[2024-12-03T15:10:10.607+0000] {logging_mixin.py:120} INFO - [2024-12-03T15:10:10.607+0000] {dag.py:2585} INFO - Sync 3 DAGs
[2024-12-03T15:10:10.654+0000] {logging_mixin.py:120} INFO - [2024-12-03T15:10:10.654+0000] {dag.py:3340} INFO - Setting next_dagrun for example_branch_datetime_operator to 2024-12-02T00:00:00+00:00, run_after=2024-12-03T00:00:00+00:00
[2024-12-03T15:10:10.664+0000] {logging_mixin.py:120} INFO - [2024-12-03T15:10:10.664+0000] {dag.py:3340} INFO - Setting next_dagrun for example_branch_datetime_operator_2 to 2024-12-02T00:00:00+00:00, run_after=2024-12-03T00:00:00+00:00
[2024-12-03T15:10:10.670+0000] {logging_mixin.py:120} INFO - [2024-12-03T15:10:10.670+0000] {dag.py:3340} INFO - Setting next_dagrun for example_branch_datetime_operator_3 to 2024-12-02T00:00:00+00:00, run_after=2024-12-03T00:00:00+00:00
[2024-12-03T15:10:10.708+0000] {processor.py:176} INFO - Processing /home/airflow/.local/lib/python3.7/site-packages/airflow/example_dags/example_branch_datetime_operator.py took 0.244 seconds
[2024-12-03T15:10:41.359+0000] {processor.py:154} INFO - Started process (PID=417) to work on /home/airflow/.local/lib/python3.7/site-packages/airflow/example_dags/example_branch_datetime_operator.py
[2024-12-03T15:10:41.362+0000] {processor.py:756} INFO - Processing file /home/airflow/.local/lib/python3.7/site-packages/airflow/example_dags/example_branch_datetime_operator.py for tasks to queue
[2024-12-03T15:10:41.364+0000] {logging_mixin.py:120} INFO - [2024-12-03T15:10:41.363+0000] {dagbag.py:537} INFO - Filling up the DagBag from /home/airflow/.local/lib/python3.7/site-packages/airflow/example_dags/example_branch_datetime_operator.py
[2024-12-03T15:10:41.410+0000] {processor.py:766} INFO - DAG(s) dict_keys(['example_branch_datetime_operator', 'example_branch_datetime_operator_3', 'example_branch_datetime_operator_2']) retrieved from /home/airflow/.local/lib/python3.7/site-packages/airflow/example_dags/example_branch_datetime_operator.py
[2024-12-03T15:10:41.498+0000] {logging_mixin.py:120} INFO - [2024-12-03T15:10:41.497+0000] {dag.py:2585} INFO - Sync 3 DAGs
[2024-12-03T15:10:41.545+0000] {logging_mixin.py:120} INFO - [2024-12-03T15:10:41.545+0000] {dag.py:3340} INFO - Setting next_dagrun for example_branch_datetime_operator to 2024-12-02T00:00:00+00:00, run_after=2024-12-03T00:00:00+00:00
[2024-12-03T15:10:41.554+0000] {logging_mixin.py:120} INFO - [2024-12-03T15:10:41.554+0000] {dag.py:3340} INFO - Setting next_dagrun for example_branch_datetime_operator_2 to 2024-12-02T00:00:00+00:00, run_after=2024-12-03T00:00:00+00:00
[2024-12-03T15:10:41.559+0000] {logging_mixin.py:120} INFO - [2024-12-03T15:10:41.559+0000] {dag.py:3340} INFO - Setting next_dagrun for example_branch_datetime_operator_3 to 2024-12-02T00:00:00+00:00, run_after=2024-12-03T00:00:00+00:00
[2024-12-03T15:10:41.595+0000] {processor.py:176} INFO - Processing /home/airflow/.local/lib/python3.7/site-packages/airflow/example_dags/example_branch_datetime_operator.py took 0.247 seconds
[2024-12-03T15:11:11.684+0000] {processor.py:154} INFO - Started process (PID=472) to work on /home/airflow/.local/lib/python3.7/site-packages/airflow/example_dags/example_branch_datetime_operator.py
[2024-12-03T15:11:11.687+0000] {processor.py:756} INFO - Processing file /home/airflow/.local/lib/python3.7/site-packages/airflow/example_dags/example_branch_datetime_operator.py for tasks to queue
[2024-12-03T15:11:11.691+0000] {logging_mixin.py:120} INFO - [2024-12-03T15:11:11.690+0000] {dagbag.py:537} INFO - Filling up the DagBag from /home/airflow/.local/lib/python3.7/site-packages/airflow/example_dags/example_branch_datetime_operator.py
[2024-12-03T15:11:11.725+0000] {processor.py:766} INFO - DAG(s) dict_keys(['example_branch_datetime_operator_3', 'example_branch_datetime_operator_2', 'example_branch_datetime_operator']) retrieved from /home/airflow/.local/lib/python3.7/site-packages/airflow/example_dags/example_branch_datetime_operator.py
[2024-12-03T15:11:11.819+0000] {logging_mixin.py:120} INFO - [2024-12-03T15:11:11.818+0000] {dag.py:2585} INFO - Sync 3 DAGs
[2024-12-03T15:11:11.869+0000] {logging_mixin.py:120} INFO - [2024-12-03T15:11:11.868+0000] {dag.py:3340} INFO - Setting next_dagrun for example_branch_datetime_operator to 2024-12-02T00:00:00+00:00, run_after=2024-12-03T00:00:00+00:00
[2024-12-03T15:11:11.879+0000] {logging_mixin.py:120} INFO - [2024-12-03T15:11:11.879+0000] {dag.py:3340} INFO - Setting next_dagrun for example_branch_datetime_operator_2 to 2024-12-02T00:00:00+00:00, run_after=2024-12-03T00:00:00+00:00
[2024-12-03T15:11:11.886+0000] {logging_mixin.py:120} INFO - [2024-12-03T15:11:11.885+0000] {dag.py:3340} INFO - Setting next_dagrun for example_branch_datetime_operator_3 to 2024-12-02T00:00:00+00:00, run_after=2024-12-03T00:00:00+00:00
[2024-12-03T15:11:11.929+0000] {processor.py:176} INFO - Processing /home/airflow/.local/lib/python3.7/site-packages/airflow/example_dags/example_branch_datetime_operator.py took 0.249 seconds
[2024-12-03T15:11:42.754+0000] {processor.py:154} INFO - Started process (PID=528) to work on /home/airflow/.local/lib/python3.7/site-packages/airflow/example_dags/example_branch_datetime_operator.py
[2024-12-03T15:11:42.756+0000] {processor.py:756} INFO - Processing file /home/airflow/.local/lib/python3.7/site-packages/airflow/example_dags/example_branch_datetime_operator.py for tasks to queue
[2024-12-03T15:11:42.759+0000] {logging_mixin.py:120} INFO - [2024-12-03T15:11:42.758+0000] {dagbag.py:537} INFO - Filling up the DagBag from /home/airflow/.local/lib/python3.7/site-packages/airflow/example_dags/example_branch_datetime_operator.py
[2024-12-03T15:11:42.797+0000] {processor.py:766} INFO - DAG(s) dict_keys(['example_branch_datetime_operator_3', 'example_branch_datetime_operator_2', 'example_branch_datetime_operator']) retrieved from /home/airflow/.local/lib/python3.7/site-packages/airflow/example_dags/example_branch_datetime_operator.py
[2024-12-03T15:11:42.905+0000] {logging_mixin.py:120} INFO - [2024-12-03T15:11:42.905+0000] {dag.py:2585} INFO - Sync 3 DAGs
[2024-12-03T15:11:42.958+0000] {logging_mixin.py:120} INFO - [2024-12-03T15:11:42.958+0000] {dag.py:3340} INFO - Setting next_dagrun for example_branch_datetime_operator to 2024-12-02T00:00:00+00:00, run_after=2024-12-03T00:00:00+00:00
[2024-12-03T15:11:42.976+0000] {logging_mixin.py:120} INFO - [2024-12-03T15:11:42.975+0000] {dag.py:3340} INFO - Setting next_dagrun for example_branch_datetime_operator_2 to 2024-12-02T00:00:00+00:00, run_after=2024-12-03T00:00:00+00:00
[2024-12-03T15:11:42.981+0000] {logging_mixin.py:120} INFO - [2024-12-03T15:11:42.981+0000] {dag.py:3340} INFO - Setting next_dagrun for example_branch_datetime_operator_3 to 2024-12-02T00:00:00+00:00, run_after=2024-12-03T00:00:00+00:00
[2024-12-03T15:11:43.025+0000] {processor.py:176} INFO - Processing /home/airflow/.local/lib/python3.7/site-packages/airflow/example_dags/example_branch_datetime_operator.py took 0.279 seconds
[2024-12-03T15:12:13.400+0000] {processor.py:154} INFO - Started process (PID=592) to work on /home/airflow/.local/lib/python3.7/site-packages/airflow/example_dags/example_branch_datetime_operator.py
[2024-12-03T15:12:13.402+0000] {processor.py:756} INFO - Processing file /home/airflow/.local/lib/python3.7/site-packages/airflow/example_dags/example_branch_datetime_operator.py for tasks to queue
[2024-12-03T15:12:13.405+0000] {logging_mixin.py:120} INFO - [2024-12-03T15:12:13.404+0000] {dagbag.py:537} INFO - Filling up the DagBag from /home/airflow/.local/lib/python3.7/site-packages/airflow/example_dags/example_branch_datetime_operator.py
[2024-12-03T15:12:13.432+0000] {processor.py:766} INFO - DAG(s) dict_keys(['example_branch_datetime_operator', 'example_branch_datetime_operator_3', 'example_branch_datetime_operator_2']) retrieved from /home/airflow/.local/lib/python3.7/site-packages/airflow/example_dags/example_branch_datetime_operator.py
[2024-12-03T15:12:13.514+0000] {logging_mixin.py:120} INFO - [2024-12-03T15:12:13.514+0000] {dag.py:2585} INFO - Sync 3 DAGs
[2024-12-03T15:12:13.557+0000] {logging_mixin.py:120} INFO - [2024-12-03T15:12:13.556+0000] {dag.py:3340} INFO - Setting next_dagrun for example_branch_datetime_operator to 2024-12-02T00:00:00+00:00, run_after=2024-12-03T00:00:00+00:00
[2024-12-03T15:12:13.567+0000] {logging_mixin.py:120} INFO - [2024-12-03T15:12:13.567+0000] {dag.py:3340} INFO - Setting next_dagrun for example_branch_datetime_operator_2 to 2024-12-02T00:00:00+00:00, run_after=2024-12-03T00:00:00+00:00
[2024-12-03T15:12:13.577+0000] {logging_mixin.py:120} INFO - [2024-12-03T15:12:13.577+0000] {dag.py:3340} INFO - Setting next_dagrun for example_branch_datetime_operator_3 to 2024-12-02T00:00:00+00:00, run_after=2024-12-03T00:00:00+00:00
[2024-12-03T15:12:13.631+0000] {processor.py:176} INFO - Processing /home/airflow/.local/lib/python3.7/site-packages/airflow/example_dags/example_branch_datetime_operator.py took 0.237 seconds
[2024-12-03T15:12:44.084+0000] {processor.py:154} INFO - Started process (PID=647) to work on /home/airflow/.local/lib/python3.7/site-packages/airflow/example_dags/example_branch_datetime_operator.py
[2024-12-03T15:12:44.085+0000] {processor.py:756} INFO - Processing file /home/airflow/.local/lib/python3.7/site-packages/airflow/example_dags/example_branch_datetime_operator.py for tasks to queue
[2024-12-03T15:12:44.087+0000] {logging_mixin.py:120} INFO - [2024-12-03T15:12:44.087+0000] {dagbag.py:537} INFO - Filling up the DagBag from /home/airflow/.local/lib/python3.7/site-packages/airflow/example_dags/example_branch_datetime_operator.py
[2024-12-03T15:12:44.117+0000] {processor.py:766} INFO - DAG(s) dict_keys(['example_branch_datetime_operator_2', 'example_branch_datetime_operator', 'example_branch_datetime_operator_3']) retrieved from /home/airflow/.local/lib/python3.7/site-packages/airflow/example_dags/example_branch_datetime_operator.py
[2024-12-03T15:12:44.202+0000] {logging_mixin.py:120} INFO - [2024-12-03T15:12:44.201+0000] {dag.py:2585} INFO - Sync 3 DAGs
[2024-12-03T15:12:44.249+0000] {logging_mixin.py:120} INFO - [2024-12-03T15:12:44.249+0000] {dag.py:3340} INFO - Setting next_dagrun for example_branch_datetime_operator to 2024-12-02T00:00:00+00:00, run_after=2024-12-03T00:00:00+00:00
[2024-12-03T15:12:44.262+0000] {logging_mixin.py:120} INFO - [2024-12-03T15:12:44.262+0000] {dag.py:3340} INFO - Setting next_dagrun for example_branch_datetime_operator_2 to 2024-12-02T00:00:00+00:00, run_after=2024-12-03T00:00:00+00:00
[2024-12-03T15:12:44.268+0000] {logging_mixin.py:120} INFO - [2024-12-03T15:12:44.268+0000] {dag.py:3340} INFO - Setting next_dagrun for example_branch_datetime_operator_3 to 2024-12-02T00:00:00+00:00, run_after=2024-12-03T00:00:00+00:00
[2024-12-03T15:12:44.313+0000] {processor.py:176} INFO - Processing /home/airflow/.local/lib/python3.7/site-packages/airflow/example_dags/example_branch_datetime_operator.py took 0.234 seconds
[2024-12-03T15:13:15.017+0000] {processor.py:154} INFO - Started process (PID=712) to work on /home/airflow/.local/lib/python3.7/site-packages/airflow/example_dags/example_branch_datetime_operator.py
[2024-12-03T15:13:15.019+0000] {processor.py:756} INFO - Processing file /home/airflow/.local/lib/python3.7/site-packages/airflow/example_dags/example_branch_datetime_operator.py for tasks to queue
[2024-12-03T15:13:15.021+0000] {logging_mixin.py:120} INFO - [2024-12-03T15:13:15.020+0000] {dagbag.py:537} INFO - Filling up the DagBag from /home/airflow/.local/lib/python3.7/site-packages/airflow/example_dags/example_branch_datetime_operator.py
[2024-12-03T15:13:15.060+0000] {processor.py:766} INFO - DAG(s) dict_keys(['example_branch_datetime_operator_2', 'example_branch_datetime_operator', 'example_branch_datetime_operator_3']) retrieved from /home/airflow/.local/lib/python3.7/site-packages/airflow/example_dags/example_branch_datetime_operator.py
[2024-12-03T15:13:15.170+0000] {logging_mixin.py:120} INFO - [2024-12-03T15:13:15.170+0000] {dag.py:2585} INFO - Sync 3 DAGs
[2024-12-03T15:13:15.230+0000] {logging_mixin.py:120} INFO - [2024-12-03T15:13:15.229+0000] {dag.py:3340} INFO - Setting next_dagrun for example_branch_datetime_operator to 2024-12-02T00:00:00+00:00, run_after=2024-12-03T00:00:00+00:00
[2024-12-03T15:13:15.241+0000] {logging_mixin.py:120} INFO - [2024-12-03T15:13:15.241+0000] {dag.py:3340} INFO - Setting next_dagrun for example_branch_datetime_operator_2 to 2024-12-02T00:00:00+00:00, run_after=2024-12-03T00:00:00+00:00
[2024-12-03T15:13:15.246+0000] {logging_mixin.py:120} INFO - [2024-12-03T15:13:15.246+0000] {dag.py:3340} INFO - Setting next_dagrun for example_branch_datetime_operator_3 to 2024-12-02T00:00:00+00:00, run_after=2024-12-03T00:00:00+00:00
[2024-12-03T15:13:15.284+0000] {processor.py:176} INFO - Processing /home/airflow/.local/lib/python3.7/site-packages/airflow/example_dags/example_branch_datetime_operator.py took 0.272 seconds
[2024-12-03T15:13:45.905+0000] {processor.py:154} INFO - Started process (PID=767) to work on /home/airflow/.local/lib/python3.7/site-packages/airflow/example_dags/example_branch_datetime_operator.py
[2024-12-03T15:13:45.906+0000] {processor.py:756} INFO - Processing file /home/airflow/.local/lib/python3.7/site-packages/airflow/example_dags/example_branch_datetime_operator.py for tasks to queue
[2024-12-03T15:13:45.907+0000] {logging_mixin.py:120} INFO - [2024-12-03T15:13:45.907+0000] {dagbag.py:537} INFO - Filling up the DagBag from /home/airflow/.local/lib/python3.7/site-packages/airflow/example_dags/example_branch_datetime_operator.py
[2024-12-03T15:13:45.931+0000] {processor.py:766} INFO - DAG(s) dict_keys(['example_branch_datetime_operator_3', 'example_branch_datetime_operator', 'example_branch_datetime_operator_2']) retrieved from /home/airflow/.local/lib/python3.7/site-packages/airflow/example_dags/example_branch_datetime_operator.py
[2024-12-03T15:13:46.007+0000] {logging_mixin.py:120} INFO - [2024-12-03T15:13:46.007+0000] {dag.py:2585} INFO - Sync 3 DAGs
[2024-12-03T15:13:46.047+0000] {logging_mixin.py:120} INFO - [2024-12-03T15:13:46.047+0000] {dag.py:3340} INFO - Setting next_dagrun for example_branch_datetime_operator to 2024-12-02T00:00:00+00:00, run_after=2024-12-03T00:00:00+00:00
[2024-12-03T15:13:46.054+0000] {logging_mixin.py:120} INFO - [2024-12-03T15:13:46.054+0000] {dag.py:3340} INFO - Setting next_dagrun for example_branch_datetime_operator_2 to 2024-12-02T00:00:00+00:00, run_after=2024-12-03T00:00:00+00:00
[2024-12-03T15:13:46.058+0000] {logging_mixin.py:120} INFO - [2024-12-03T15:13:46.058+0000] {dag.py:3340} INFO - Setting next_dagrun for example_branch_datetime_operator_3 to 2024-12-02T00:00:00+00:00, run_after=2024-12-03T00:00:00+00:00
[2024-12-03T15:13:46.092+0000] {processor.py:176} INFO - Processing /home/airflow/.local/lib/python3.7/site-packages/airflow/example_dags/example_branch_datetime_operator.py took 0.193 seconds
[2024-12-03T15:14:16.204+0000] {processor.py:154} INFO - Started process (PID=821) to work on /home/airflow/.local/lib/python3.7/site-packages/airflow/example_dags/example_branch_datetime_operator.py
[2024-12-03T15:14:16.206+0000] {processor.py:756} INFO - Processing file /home/airflow/.local/lib/python3.7/site-packages/airflow/example_dags/example_branch_datetime_operator.py for tasks to queue
[2024-12-03T15:14:16.208+0000] {logging_mixin.py:120} INFO - [2024-12-03T15:14:16.207+0000] {dagbag.py:537} INFO - Filling up the DagBag from /home/airflow/.local/lib/python3.7/site-packages/airflow/example_dags/example_branch_datetime_operator.py
[2024-12-03T15:14:16.286+0000] {processor.py:766} INFO - DAG(s) dict_keys(['example_branch_datetime_operator_3', 'example_branch_datetime_operator', 'example_branch_datetime_operator_2']) retrieved from /home/airflow/.local/lib/python3.7/site-packages/airflow/example_dags/example_branch_datetime_operator.py
[2024-12-03T15:14:16.391+0000] {logging_mixin.py:120} INFO - [2024-12-03T15:14:16.391+0000] {dag.py:2585} INFO - Sync 3 DAGs
[2024-12-03T15:14:16.483+0000] {logging_mixin.py:120} INFO - [2024-12-03T15:14:16.482+0000] {dag.py:3340} INFO - Setting next_dagrun for example_branch_datetime_operator to 2024-12-02T00:00:00+00:00, run_after=2024-12-03T00:00:00+00:00
[2024-12-03T15:14:16.501+0000] {logging_mixin.py:120} INFO - [2024-12-03T15:14:16.500+0000] {dag.py:3340} INFO - Setting next_dagrun for example_branch_datetime_operator_2 to 2024-12-02T00:00:00+00:00, run_after=2024-12-03T00:00:00+00:00
[2024-12-03T15:14:16.515+0000] {logging_mixin.py:120} INFO - [2024-12-03T15:14:16.514+0000] {dag.py:3340} INFO - Setting next_dagrun for example_branch_datetime_operator_3 to 2024-12-02T00:00:00+00:00, run_after=2024-12-03T00:00:00+00:00
[2024-12-03T15:14:16.605+0000] {processor.py:176} INFO - Processing /home/airflow/.local/lib/python3.7/site-packages/airflow/example_dags/example_branch_datetime_operator.py took 0.408 seconds
[2024-12-03T15:14:46.729+0000] {processor.py:154} INFO - Started process (PID=876) to work on /home/airflow/.local/lib/python3.7/site-packages/airflow/example_dags/example_branch_datetime_operator.py
[2024-12-03T15:14:46.731+0000] {processor.py:756} INFO - Processing file /home/airflow/.local/lib/python3.7/site-packages/airflow/example_dags/example_branch_datetime_operator.py for tasks to queue
[2024-12-03T15:14:46.733+0000] {logging_mixin.py:120} INFO - [2024-12-03T15:14:46.733+0000] {dagbag.py:537} INFO - Filling up the DagBag from /home/airflow/.local/lib/python3.7/site-packages/airflow/example_dags/example_branch_datetime_operator.py
[2024-12-03T15:14:46.776+0000] {processor.py:766} INFO - DAG(s) dict_keys(['example_branch_datetime_operator_3', 'example_branch_datetime_operator', 'example_branch_datetime_operator_2']) retrieved from /home/airflow/.local/lib/python3.7/site-packages/airflow/example_dags/example_branch_datetime_operator.py
[2024-12-03T15:14:46.888+0000] {logging_mixin.py:120} INFO - [2024-12-03T15:14:46.887+0000] {dag.py:2585} INFO - Sync 3 DAGs
[2024-12-03T15:14:46.946+0000] {logging_mixin.py:120} INFO - [2024-12-03T15:14:46.946+0000] {dag.py:3340} INFO - Setting next_dagrun for example_branch_datetime_operator to 2024-12-02T00:00:00+00:00, run_after=2024-12-03T00:00:00+00:00
[2024-12-03T15:14:46.957+0000] {logging_mixin.py:120} INFO - [2024-12-03T15:14:46.957+0000] {dag.py:3340} INFO - Setting next_dagrun for example_branch_datetime_operator_2 to 2024-12-02T00:00:00+00:00, run_after=2024-12-03T00:00:00+00:00
[2024-12-03T15:14:46.964+0000] {logging_mixin.py:120} INFO - [2024-12-03T15:14:46.964+0000] {dag.py:3340} INFO - Setting next_dagrun for example_branch_datetime_operator_3 to 2024-12-02T00:00:00+00:00, run_after=2024-12-03T00:00:00+00:00
[2024-12-03T15:14:47.019+0000] {processor.py:176} INFO - Processing /home/airflow/.local/lib/python3.7/site-packages/airflow/example_dags/example_branch_datetime_operator.py took 0.297 seconds
[2024-12-03T15:15:17.246+0000] {processor.py:154} INFO - Started process (PID=941) to work on /home/airflow/.local/lib/python3.7/site-packages/airflow/example_dags/example_branch_datetime_operator.py
[2024-12-03T15:15:17.248+0000] {processor.py:756} INFO - Processing file /home/airflow/.local/lib/python3.7/site-packages/airflow/example_dags/example_branch_datetime_operator.py for tasks to queue
[2024-12-03T15:15:17.250+0000] {logging_mixin.py:120} INFO - [2024-12-03T15:15:17.250+0000] {dagbag.py:537} INFO - Filling up the DagBag from /home/airflow/.local/lib/python3.7/site-packages/airflow/example_dags/example_branch_datetime_operator.py
[2024-12-03T15:15:17.288+0000] {processor.py:766} INFO - DAG(s) dict_keys(['example_branch_datetime_operator', 'example_branch_datetime_operator_2', 'example_branch_datetime_operator_3']) retrieved from /home/airflow/.local/lib/python3.7/site-packages/airflow/example_dags/example_branch_datetime_operator.py
[2024-12-03T15:15:17.387+0000] {logging_mixin.py:120} INFO - [2024-12-03T15:15:17.387+0000] {dag.py:2585} INFO - Sync 3 DAGs
[2024-12-03T15:15:17.458+0000] {logging_mixin.py:120} INFO - [2024-12-03T15:15:17.457+0000] {dag.py:3340} INFO - Setting next_dagrun for example_branch_datetime_operator to 2024-12-02T00:00:00+00:00, run_after=2024-12-03T00:00:00+00:00
[2024-12-03T15:15:17.479+0000] {logging_mixin.py:120} INFO - [2024-12-03T15:15:17.478+0000] {dag.py:3340} INFO - Setting next_dagrun for example_branch_datetime_operator_2 to 2024-12-02T00:00:00+00:00, run_after=2024-12-03T00:00:00+00:00
[2024-12-03T15:15:17.487+0000] {logging_mixin.py:120} INFO - [2024-12-03T15:15:17.486+0000] {dag.py:3340} INFO - Setting next_dagrun for example_branch_datetime_operator_3 to 2024-12-02T00:00:00+00:00, run_after=2024-12-03T00:00:00+00:00
[2024-12-03T15:15:17.550+0000] {processor.py:176} INFO - Processing /home/airflow/.local/lib/python3.7/site-packages/airflow/example_dags/example_branch_datetime_operator.py took 0.309 seconds
[2024-12-03T15:15:48.237+0000] {processor.py:154} INFO - Started process (PID=997) to work on /home/airflow/.local/lib/python3.7/site-packages/airflow/example_dags/example_branch_datetime_operator.py
[2024-12-03T15:15:48.259+0000] {processor.py:756} INFO - Processing file /home/airflow/.local/lib/python3.7/site-packages/airflow/example_dags/example_branch_datetime_operator.py for tasks to queue
[2024-12-03T15:15:48.261+0000] {logging_mixin.py:120} INFO - [2024-12-03T15:15:48.261+0000] {dagbag.py:537} INFO - Filling up the DagBag from /home/airflow/.local/lib/python3.7/site-packages/airflow/example_dags/example_branch_datetime_operator.py
[2024-12-03T15:15:48.301+0000] {processor.py:766} INFO - DAG(s) dict_keys(['example_branch_datetime_operator_2', 'example_branch_datetime_operator_3', 'example_branch_datetime_operator']) retrieved from /home/airflow/.local/lib/python3.7/site-packages/airflow/example_dags/example_branch_datetime_operator.py
[2024-12-03T15:15:48.389+0000] {logging_mixin.py:120} INFO - [2024-12-03T15:15:48.388+0000] {dag.py:2585} INFO - Sync 3 DAGs
[2024-12-03T15:15:48.432+0000] {logging_mixin.py:120} INFO - [2024-12-03T15:15:48.432+0000] {dag.py:3340} INFO - Setting next_dagrun for example_branch_datetime_operator to 2024-12-02T00:00:00+00:00, run_after=2024-12-03T00:00:00+00:00
[2024-12-03T15:15:48.444+0000] {logging_mixin.py:120} INFO - [2024-12-03T15:15:48.443+0000] {dag.py:3340} INFO - Setting next_dagrun for example_branch_datetime_operator_2 to 2024-12-02T00:00:00+00:00, run_after=2024-12-03T00:00:00+00:00
[2024-12-03T15:15:48.451+0000] {logging_mixin.py:120} INFO - [2024-12-03T15:15:48.451+0000] {dag.py:3340} INFO - Setting next_dagrun for example_branch_datetime_operator_3 to 2024-12-02T00:00:00+00:00, run_after=2024-12-03T00:00:00+00:00
[2024-12-03T15:15:48.488+0000] {processor.py:176} INFO - Processing /home/airflow/.local/lib/python3.7/site-packages/airflow/example_dags/example_branch_datetime_operator.py took 0.261 seconds
[2024-12-03T15:16:18.697+0000] {processor.py:154} INFO - Started process (PID=1062) to work on /home/airflow/.local/lib/python3.7/site-packages/airflow/example_dags/example_branch_datetime_operator.py
[2024-12-03T15:16:18.699+0000] {processor.py:756} INFO - Processing file /home/airflow/.local/lib/python3.7/site-packages/airflow/example_dags/example_branch_datetime_operator.py for tasks to queue
[2024-12-03T15:16:18.700+0000] {logging_mixin.py:120} INFO - [2024-12-03T15:16:18.700+0000] {dagbag.py:537} INFO - Filling up the DagBag from /home/airflow/.local/lib/python3.7/site-packages/airflow/example_dags/example_branch_datetime_operator.py
[2024-12-03T15:16:18.731+0000] {processor.py:766} INFO - DAG(s) dict_keys(['example_branch_datetime_operator', 'example_branch_datetime_operator_3', 'example_branch_datetime_operator_2']) retrieved from /home/airflow/.local/lib/python3.7/site-packages/airflow/example_dags/example_branch_datetime_operator.py
[2024-12-03T15:16:18.826+0000] {logging_mixin.py:120} INFO - [2024-12-03T15:16:18.826+0000] {dag.py:2585} INFO - Sync 3 DAGs
[2024-12-03T15:16:18.895+0000] {logging_mixin.py:120} INFO - [2024-12-03T15:16:18.895+0000] {dag.py:3340} INFO - Setting next_dagrun for example_branch_datetime_operator to 2024-12-02T00:00:00+00:00, run_after=2024-12-03T00:00:00+00:00
[2024-12-03T15:16:18.905+0000] {logging_mixin.py:120} INFO - [2024-12-03T15:16:18.905+0000] {dag.py:3340} INFO - Setting next_dagrun for example_branch_datetime_operator_2 to 2024-12-02T00:00:00+00:00, run_after=2024-12-03T00:00:00+00:00
[2024-12-03T15:16:18.916+0000] {logging_mixin.py:120} INFO - [2024-12-03T15:16:18.915+0000] {dag.py:3340} INFO - Setting next_dagrun for example_branch_datetime_operator_3 to 2024-12-02T00:00:00+00:00, run_after=2024-12-03T00:00:00+00:00
[2024-12-03T15:16:18.969+0000] {processor.py:176} INFO - Processing /home/airflow/.local/lib/python3.7/site-packages/airflow/example_dags/example_branch_datetime_operator.py took 0.277 seconds
[2024-12-03T15:16:49.060+0000] {processor.py:154} INFO - Started process (PID=1117) to work on /home/airflow/.local/lib/python3.7/site-packages/airflow/example_dags/example_branch_datetime_operator.py
[2024-12-03T15:16:49.061+0000] {processor.py:756} INFO - Processing file /home/airflow/.local/lib/python3.7/site-packages/airflow/example_dags/example_branch_datetime_operator.py for tasks to queue
[2024-12-03T15:16:49.063+0000] {logging_mixin.py:120} INFO - [2024-12-03T15:16:49.062+0000] {dagbag.py:537} INFO - Filling up the DagBag from /home/airflow/.local/lib/python3.7/site-packages/airflow/example_dags/example_branch_datetime_operator.py
[2024-12-03T15:16:49.102+0000] {processor.py:766} INFO - DAG(s) dict_keys(['example_branch_datetime_operator_2', 'example_branch_datetime_operator', 'example_branch_datetime_operator_3']) retrieved from /home/airflow/.local/lib/python3.7/site-packages/airflow/example_dags/example_branch_datetime_operator.py
[2024-12-03T15:16:49.147+0000] {logging_mixin.py:120} INFO - [2024-12-03T15:16:49.147+0000] {dag.py:2585} INFO - Sync 3 DAGs
[2024-12-03T15:16:49.185+0000] {logging_mixin.py:120} INFO - [2024-12-03T15:16:49.185+0000] {dag.py:3340} INFO - Setting next_dagrun for example_branch_datetime_operator to 2024-12-02T00:00:00+00:00, run_after=2024-12-03T00:00:00+00:00
[2024-12-03T15:16:49.193+0000] {logging_mixin.py:120} INFO - [2024-12-03T15:16:49.193+0000] {dag.py:3340} INFO - Setting next_dagrun for example_branch_datetime_operator_2 to 2024-12-02T00:00:00+00:00, run_after=2024-12-03T00:00:00+00:00
[2024-12-03T15:16:49.197+0000] {logging_mixin.py:120} INFO - [2024-12-03T15:16:49.197+0000] {dag.py:3340} INFO - Setting next_dagrun for example_branch_datetime_operator_3 to 2024-12-02T00:00:00+00:00, run_after=2024-12-03T00:00:00+00:00
[2024-12-03T15:16:49.230+0000] {processor.py:176} INFO - Processing /home/airflow/.local/lib/python3.7/site-packages/airflow/example_dags/example_branch_datetime_operator.py took 0.174 seconds
[2024-12-03T15:17:19.820+0000] {processor.py:154} INFO - Started process (PID=1172) to work on /home/airflow/.local/lib/python3.7/site-packages/airflow/example_dags/example_branch_datetime_operator.py
[2024-12-03T15:17:19.822+0000] {processor.py:756} INFO - Processing file /home/airflow/.local/lib/python3.7/site-packages/airflow/example_dags/example_branch_datetime_operator.py for tasks to queue
[2024-12-03T15:17:19.824+0000] {logging_mixin.py:120} INFO - [2024-12-03T15:17:19.824+0000] {dagbag.py:537} INFO - Filling up the DagBag from /home/airflow/.local/lib/python3.7/site-packages/airflow/example_dags/example_branch_datetime_operator.py
[2024-12-03T15:17:19.855+0000] {processor.py:766} INFO - DAG(s) dict_keys(['example_branch_datetime_operator_3', 'example_branch_datetime_operator_2', 'example_branch_datetime_operator']) retrieved from /home/airflow/.local/lib/python3.7/site-packages/airflow/example_dags/example_branch_datetime_operator.py
[2024-12-03T15:17:19.926+0000] {logging_mixin.py:120} INFO - [2024-12-03T15:17:19.925+0000] {dag.py:2585} INFO - Sync 3 DAGs
[2024-12-03T15:17:19.973+0000] {logging_mixin.py:120} INFO - [2024-12-03T15:17:19.973+0000] {dag.py:3340} INFO - Setting next_dagrun for example_branch_datetime_operator to 2024-12-02T00:00:00+00:00, run_after=2024-12-03T00:00:00+00:00
[2024-12-03T15:17:19.981+0000] {logging_mixin.py:120} INFO - [2024-12-03T15:17:19.980+0000] {dag.py:3340} INFO - Setting next_dagrun for example_branch_datetime_operator_2 to 2024-12-02T00:00:00+00:00, run_after=2024-12-03T00:00:00+00:00
[2024-12-03T15:17:19.986+0000] {logging_mixin.py:120} INFO - [2024-12-03T15:17:19.985+0000] {dag.py:3340} INFO - Setting next_dagrun for example_branch_datetime_operator_3 to 2024-12-02T00:00:00+00:00, run_after=2024-12-03T00:00:00+00:00
[2024-12-03T15:17:20.020+0000] {processor.py:176} INFO - Processing /home/airflow/.local/lib/python3.7/site-packages/airflow/example_dags/example_branch_datetime_operator.py took 0.203 seconds
[2024-12-03T15:17:57.146+0000] {processor.py:154} INFO - Started process (PID=58) to work on /home/airflow/.local/lib/python3.7/site-packages/airflow/example_dags/example_branch_datetime_operator.py
[2024-12-03T15:17:57.147+0000] {processor.py:756} INFO - Processing file /home/airflow/.local/lib/python3.7/site-packages/airflow/example_dags/example_branch_datetime_operator.py for tasks to queue
[2024-12-03T15:17:57.149+0000] {logging_mixin.py:120} INFO - [2024-12-03T15:17:57.149+0000] {dagbag.py:537} INFO - Filling up the DagBag from /home/airflow/.local/lib/python3.7/site-packages/airflow/example_dags/example_branch_datetime_operator.py
[2024-12-03T15:17:57.170+0000] {processor.py:766} INFO - DAG(s) dict_keys(['example_branch_datetime_operator_3', 'example_branch_datetime_operator', 'example_branch_datetime_operator_2']) retrieved from /home/airflow/.local/lib/python3.7/site-packages/airflow/example_dags/example_branch_datetime_operator.py
[2024-12-03T15:17:57.268+0000] {logging_mixin.py:120} INFO - [2024-12-03T15:17:57.268+0000] {dag.py:2585} INFO - Sync 3 DAGs
[2024-12-03T15:17:57.327+0000] {logging_mixin.py:120} INFO - [2024-12-03T15:17:57.327+0000] {dag.py:3340} INFO - Setting next_dagrun for example_branch_datetime_operator to 2024-12-02T00:00:00+00:00, run_after=2024-12-03T00:00:00+00:00
[2024-12-03T15:17:57.342+0000] {logging_mixin.py:120} INFO - [2024-12-03T15:17:57.341+0000] {dag.py:3340} INFO - Setting next_dagrun for example_branch_datetime_operator_2 to 2024-12-02T00:00:00+00:00, run_after=2024-12-03T00:00:00+00:00
[2024-12-03T15:17:57.348+0000] {logging_mixin.py:120} INFO - [2024-12-03T15:17:57.347+0000] {dag.py:3340} INFO - Setting next_dagrun for example_branch_datetime_operator_3 to 2024-12-02T00:00:00+00:00, run_after=2024-12-03T00:00:00+00:00
[2024-12-03T15:17:57.385+0000] {processor.py:176} INFO - Processing /home/airflow/.local/lib/python3.7/site-packages/airflow/example_dags/example_branch_datetime_operator.py took 0.243 seconds
[2024-12-03T15:18:28.483+0000] {processor.py:154} INFO - Started process (PID=122) to work on /home/airflow/.local/lib/python3.7/site-packages/airflow/example_dags/example_branch_datetime_operator.py
[2024-12-03T15:18:28.486+0000] {processor.py:756} INFO - Processing file /home/airflow/.local/lib/python3.7/site-packages/airflow/example_dags/example_branch_datetime_operator.py for tasks to queue
[2024-12-03T15:18:28.488+0000] {logging_mixin.py:120} INFO - [2024-12-03T15:18:28.488+0000] {dagbag.py:537} INFO - Filling up the DagBag from /home/airflow/.local/lib/python3.7/site-packages/airflow/example_dags/example_branch_datetime_operator.py
[2024-12-03T15:18:28.537+0000] {processor.py:766} INFO - DAG(s) dict_keys(['example_branch_datetime_operator', 'example_branch_datetime_operator_3', 'example_branch_datetime_operator_2']) retrieved from /home/airflow/.local/lib/python3.7/site-packages/airflow/example_dags/example_branch_datetime_operator.py
[2024-12-03T15:18:28.641+0000] {logging_mixin.py:120} INFO - [2024-12-03T15:18:28.640+0000] {dag.py:2585} INFO - Sync 3 DAGs
[2024-12-03T15:18:28.697+0000] {logging_mixin.py:120} INFO - [2024-12-03T15:18:28.697+0000] {dag.py:3340} INFO - Setting next_dagrun for example_branch_datetime_operator to 2024-12-02T00:00:00+00:00, run_after=2024-12-03T00:00:00+00:00
[2024-12-03T15:18:28.711+0000] {logging_mixin.py:120} INFO - [2024-12-03T15:18:28.711+0000] {dag.py:3340} INFO - Setting next_dagrun for example_branch_datetime_operator_2 to 2024-12-02T00:00:00+00:00, run_after=2024-12-03T00:00:00+00:00
[2024-12-03T15:18:28.718+0000] {logging_mixin.py:120} INFO - [2024-12-03T15:18:28.718+0000] {dag.py:3340} INFO - Setting next_dagrun for example_branch_datetime_operator_3 to 2024-12-02T00:00:00+00:00, run_after=2024-12-03T00:00:00+00:00
[2024-12-03T15:18:28.780+0000] {processor.py:176} INFO - Processing /home/airflow/.local/lib/python3.7/site-packages/airflow/example_dags/example_branch_datetime_operator.py took 0.305 seconds
[2024-12-03T15:18:59.265+0000] {processor.py:154} INFO - Started process (PID=179) to work on /home/airflow/.local/lib/python3.7/site-packages/airflow/example_dags/example_branch_datetime_operator.py
[2024-12-03T15:18:59.267+0000] {processor.py:756} INFO - Processing file /home/airflow/.local/lib/python3.7/site-packages/airflow/example_dags/example_branch_datetime_operator.py for tasks to queue
[2024-12-03T15:18:59.268+0000] {logging_mixin.py:120} INFO - [2024-12-03T15:18:59.268+0000] {dagbag.py:537} INFO - Filling up the DagBag from /home/airflow/.local/lib/python3.7/site-packages/airflow/example_dags/example_branch_datetime_operator.py
[2024-12-03T15:18:59.293+0000] {processor.py:766} INFO - DAG(s) dict_keys(['example_branch_datetime_operator_2', 'example_branch_datetime_operator', 'example_branch_datetime_operator_3']) retrieved from /home/airflow/.local/lib/python3.7/site-packages/airflow/example_dags/example_branch_datetime_operator.py
[2024-12-03T15:18:59.360+0000] {logging_mixin.py:120} INFO - [2024-12-03T15:18:59.360+0000] {dag.py:2585} INFO - Sync 3 DAGs
[2024-12-03T15:18:59.400+0000] {logging_mixin.py:120} INFO - [2024-12-03T15:18:59.399+0000] {dag.py:3340} INFO - Setting next_dagrun for example_branch_datetime_operator to 2024-12-02T00:00:00+00:00, run_after=2024-12-03T00:00:00+00:00
[2024-12-03T15:18:59.408+0000] {logging_mixin.py:120} INFO - [2024-12-03T15:18:59.408+0000] {dag.py:3340} INFO - Setting next_dagrun for example_branch_datetime_operator_2 to 2024-12-02T00:00:00+00:00, run_after=2024-12-03T00:00:00+00:00
[2024-12-03T15:18:59.413+0000] {logging_mixin.py:120} INFO - [2024-12-03T15:18:59.413+0000] {dag.py:3340} INFO - Setting next_dagrun for example_branch_datetime_operator_3 to 2024-12-02T00:00:00+00:00, run_after=2024-12-03T00:00:00+00:00
[2024-12-03T15:18:59.445+0000] {processor.py:176} INFO - Processing /home/airflow/.local/lib/python3.7/site-packages/airflow/example_dags/example_branch_datetime_operator.py took 0.186 seconds
[2024-12-03T15:19:29.930+0000] {processor.py:154} INFO - Started process (PID=234) to work on /home/airflow/.local/lib/python3.7/site-packages/airflow/example_dags/example_branch_datetime_operator.py
[2024-12-03T15:19:29.932+0000] {processor.py:756} INFO - Processing file /home/airflow/.local/lib/python3.7/site-packages/airflow/example_dags/example_branch_datetime_operator.py for tasks to queue
[2024-12-03T15:19:29.934+0000] {logging_mixin.py:120} INFO - [2024-12-03T15:19:29.934+0000] {dagbag.py:537} INFO - Filling up the DagBag from /home/airflow/.local/lib/python3.7/site-packages/airflow/example_dags/example_branch_datetime_operator.py
[2024-12-03T15:19:29.970+0000] {processor.py:766} INFO - DAG(s) dict_keys(['example_branch_datetime_operator', 'example_branch_datetime_operator_3', 'example_branch_datetime_operator_2']) retrieved from /home/airflow/.local/lib/python3.7/site-packages/airflow/example_dags/example_branch_datetime_operator.py
[2024-12-03T15:19:30.096+0000] {logging_mixin.py:120} INFO - [2024-12-03T15:19:30.096+0000] {dag.py:2585} INFO - Sync 3 DAGs
[2024-12-03T15:19:30.160+0000] {logging_mixin.py:120} INFO - [2024-12-03T15:19:30.159+0000] {dag.py:3340} INFO - Setting next_dagrun for example_branch_datetime_operator to 2024-12-02T00:00:00+00:00, run_after=2024-12-03T00:00:00+00:00
[2024-12-03T15:19:30.177+0000] {logging_mixin.py:120} INFO - [2024-12-03T15:19:30.177+0000] {dag.py:3340} INFO - Setting next_dagrun for example_branch_datetime_operator_2 to 2024-12-02T00:00:00+00:00, run_after=2024-12-03T00:00:00+00:00
[2024-12-03T15:19:30.183+0000] {logging_mixin.py:120} INFO - [2024-12-03T15:19:30.182+0000] {dag.py:3340} INFO - Setting next_dagrun for example_branch_datetime_operator_3 to 2024-12-02T00:00:00+00:00, run_after=2024-12-03T00:00:00+00:00
[2024-12-03T15:19:30.222+0000] {processor.py:176} INFO - Processing /home/airflow/.local/lib/python3.7/site-packages/airflow/example_dags/example_branch_datetime_operator.py took 0.297 seconds
[2024-12-03T15:20:00.639+0000] {processor.py:154} INFO - Started process (PID=298) to work on /home/airflow/.local/lib/python3.7/site-packages/airflow/example_dags/example_branch_datetime_operator.py
[2024-12-03T15:20:00.640+0000] {processor.py:756} INFO - Processing file /home/airflow/.local/lib/python3.7/site-packages/airflow/example_dags/example_branch_datetime_operator.py for tasks to queue
[2024-12-03T15:20:00.643+0000] {logging_mixin.py:120} INFO - [2024-12-03T15:20:00.643+0000] {dagbag.py:537} INFO - Filling up the DagBag from /home/airflow/.local/lib/python3.7/site-packages/airflow/example_dags/example_branch_datetime_operator.py
[2024-12-03T15:20:00.668+0000] {processor.py:766} INFO - DAG(s) dict_keys(['example_branch_datetime_operator', 'example_branch_datetime_operator_3', 'example_branch_datetime_operator_2']) retrieved from /home/airflow/.local/lib/python3.7/site-packages/airflow/example_dags/example_branch_datetime_operator.py
[2024-12-03T15:20:00.743+0000] {logging_mixin.py:120} INFO - [2024-12-03T15:20:00.743+0000] {dag.py:2585} INFO - Sync 3 DAGs
[2024-12-03T15:20:00.782+0000] {logging_mixin.py:120} INFO - [2024-12-03T15:20:00.782+0000] {dag.py:3340} INFO - Setting next_dagrun for example_branch_datetime_operator to 2024-12-02T00:00:00+00:00, run_after=2024-12-03T00:00:00+00:00
[2024-12-03T15:20:00.797+0000] {logging_mixin.py:120} INFO - [2024-12-03T15:20:00.797+0000] {dag.py:3340} INFO - Setting next_dagrun for example_branch_datetime_operator_2 to 2024-12-02T00:00:00+00:00, run_after=2024-12-03T00:00:00+00:00
[2024-12-03T15:20:00.801+0000] {logging_mixin.py:120} INFO - [2024-12-03T15:20:00.801+0000] {dag.py:3340} INFO - Setting next_dagrun for example_branch_datetime_operator_3 to 2024-12-02T00:00:00+00:00, run_after=2024-12-03T00:00:00+00:00
[2024-12-03T15:20:00.831+0000] {processor.py:176} INFO - Processing /home/airflow/.local/lib/python3.7/site-packages/airflow/example_dags/example_branch_datetime_operator.py took 0.196 seconds
[2024-12-03T15:20:31.264+0000] {processor.py:154} INFO - Started process (PID=353) to work on /home/airflow/.local/lib/python3.7/site-packages/airflow/example_dags/example_branch_datetime_operator.py
[2024-12-03T15:20:31.266+0000] {processor.py:756} INFO - Processing file /home/airflow/.local/lib/python3.7/site-packages/airflow/example_dags/example_branch_datetime_operator.py for tasks to queue
[2024-12-03T15:20:31.268+0000] {logging_mixin.py:120} INFO - [2024-12-03T15:20:31.267+0000] {dagbag.py:537} INFO - Filling up the DagBag from /home/airflow/.local/lib/python3.7/site-packages/airflow/example_dags/example_branch_datetime_operator.py
[2024-12-03T15:20:31.311+0000] {processor.py:766} INFO - DAG(s) dict_keys(['example_branch_datetime_operator_3', 'example_branch_datetime_operator_2', 'example_branch_datetime_operator']) retrieved from /home/airflow/.local/lib/python3.7/site-packages/airflow/example_dags/example_branch_datetime_operator.py
[2024-12-03T15:20:31.431+0000] {logging_mixin.py:120} INFO - [2024-12-03T15:20:31.430+0000] {dag.py:2585} INFO - Sync 3 DAGs
[2024-12-03T15:20:31.505+0000] {logging_mixin.py:120} INFO - [2024-12-03T15:20:31.505+0000] {dag.py:3340} INFO - Setting next_dagrun for example_branch_datetime_operator to 2024-12-02T00:00:00+00:00, run_after=2024-12-03T00:00:00+00:00
[2024-12-03T15:20:31.515+0000] {logging_mixin.py:120} INFO - [2024-12-03T15:20:31.515+0000] {dag.py:3340} INFO - Setting next_dagrun for example_branch_datetime_operator_2 to 2024-12-02T00:00:00+00:00, run_after=2024-12-03T00:00:00+00:00
[2024-12-03T15:20:31.521+0000] {logging_mixin.py:120} INFO - [2024-12-03T15:20:31.521+0000] {dag.py:3340} INFO - Setting next_dagrun for example_branch_datetime_operator_3 to 2024-12-02T00:00:00+00:00, run_after=2024-12-03T00:00:00+00:00
[2024-12-03T15:20:31.583+0000] {processor.py:176} INFO - Processing /home/airflow/.local/lib/python3.7/site-packages/airflow/example_dags/example_branch_datetime_operator.py took 0.324 seconds
[2024-12-03T15:21:01.807+0000] {processor.py:154} INFO - Started process (PID=417) to work on /home/airflow/.local/lib/python3.7/site-packages/airflow/example_dags/example_branch_datetime_operator.py
[2024-12-03T15:21:01.810+0000] {processor.py:756} INFO - Processing file /home/airflow/.local/lib/python3.7/site-packages/airflow/example_dags/example_branch_datetime_operator.py for tasks to queue
[2024-12-03T15:21:01.813+0000] {logging_mixin.py:120} INFO - [2024-12-03T15:21:01.813+0000] {dagbag.py:537} INFO - Filling up the DagBag from /home/airflow/.local/lib/python3.7/site-packages/airflow/example_dags/example_branch_datetime_operator.py
[2024-12-03T15:21:01.868+0000] {processor.py:766} INFO - DAG(s) dict_keys(['example_branch_datetime_operator', 'example_branch_datetime_operator_3', 'example_branch_datetime_operator_2']) retrieved from /home/airflow/.local/lib/python3.7/site-packages/airflow/example_dags/example_branch_datetime_operator.py
[2024-12-03T15:21:02.030+0000] {logging_mixin.py:120} INFO - [2024-12-03T15:21:02.030+0000] {dag.py:2585} INFO - Sync 3 DAGs
[2024-12-03T15:21:02.097+0000] {logging_mixin.py:120} INFO - [2024-12-03T15:21:02.097+0000] {dag.py:3340} INFO - Setting next_dagrun for example_branch_datetime_operator to 2024-12-02T00:00:00+00:00, run_after=2024-12-03T00:00:00+00:00
[2024-12-03T15:21:02.107+0000] {logging_mixin.py:120} INFO - [2024-12-03T15:21:02.107+0000] {dag.py:3340} INFO - Setting next_dagrun for example_branch_datetime_operator_2 to 2024-12-02T00:00:00+00:00, run_after=2024-12-03T00:00:00+00:00
[2024-12-03T15:21:02.113+0000] {logging_mixin.py:120} INFO - [2024-12-03T15:21:02.112+0000] {dag.py:3340} INFO - Setting next_dagrun for example_branch_datetime_operator_3 to 2024-12-02T00:00:00+00:00, run_after=2024-12-03T00:00:00+00:00
[2024-12-03T15:21:02.176+0000] {processor.py:176} INFO - Processing /home/airflow/.local/lib/python3.7/site-packages/airflow/example_dags/example_branch_datetime_operator.py took 0.380 seconds
[2024-12-03T15:21:32.799+0000] {processor.py:154} INFO - Started process (PID=473) to work on /home/airflow/.local/lib/python3.7/site-packages/airflow/example_dags/example_branch_datetime_operator.py
[2024-12-03T15:21:32.801+0000] {processor.py:756} INFO - Processing file /home/airflow/.local/lib/python3.7/site-packages/airflow/example_dags/example_branch_datetime_operator.py for tasks to queue
[2024-12-03T15:21:32.805+0000] {logging_mixin.py:120} INFO - [2024-12-03T15:21:32.804+0000] {dagbag.py:537} INFO - Filling up the DagBag from /home/airflow/.local/lib/python3.7/site-packages/airflow/example_dags/example_branch_datetime_operator.py
[2024-12-03T15:21:32.855+0000] {processor.py:766} INFO - DAG(s) dict_keys(['example_branch_datetime_operator', 'example_branch_datetime_operator_2', 'example_branch_datetime_operator_3']) retrieved from /home/airflow/.local/lib/python3.7/site-packages/airflow/example_dags/example_branch_datetime_operator.py
[2024-12-03T15:21:32.971+0000] {logging_mixin.py:120} INFO - [2024-12-03T15:21:32.971+0000] {dag.py:2585} INFO - Sync 3 DAGs
[2024-12-03T15:21:33.032+0000] {logging_mixin.py:120} INFO - [2024-12-03T15:21:33.031+0000] {dag.py:3340} INFO - Setting next_dagrun for example_branch_datetime_operator to 2024-12-02T00:00:00+00:00, run_after=2024-12-03T00:00:00+00:00
[2024-12-03T15:21:33.047+0000] {logging_mixin.py:120} INFO - [2024-12-03T15:21:33.046+0000] {dag.py:3340} INFO - Setting next_dagrun for example_branch_datetime_operator_2 to 2024-12-02T00:00:00+00:00, run_after=2024-12-03T00:00:00+00:00
[2024-12-03T15:21:33.053+0000] {logging_mixin.py:120} INFO - [2024-12-03T15:21:33.053+0000] {dag.py:3340} INFO - Setting next_dagrun for example_branch_datetime_operator_3 to 2024-12-02T00:00:00+00:00, run_after=2024-12-03T00:00:00+00:00
[2024-12-03T15:21:33.105+0000] {processor.py:176} INFO - Processing /home/airflow/.local/lib/python3.7/site-packages/airflow/example_dags/example_branch_datetime_operator.py took 0.310 seconds
[2024-12-03T15:22:04.027+0000] {processor.py:154} INFO - Started process (PID=528) to work on /home/airflow/.local/lib/python3.7/site-packages/airflow/example_dags/example_branch_datetime_operator.py
[2024-12-03T15:22:04.029+0000] {processor.py:756} INFO - Processing file /home/airflow/.local/lib/python3.7/site-packages/airflow/example_dags/example_branch_datetime_operator.py for tasks to queue
[2024-12-03T15:22:04.031+0000] {logging_mixin.py:120} INFO - [2024-12-03T15:22:04.031+0000] {dagbag.py:537} INFO - Filling up the DagBag from /home/airflow/.local/lib/python3.7/site-packages/airflow/example_dags/example_branch_datetime_operator.py
[2024-12-03T15:22:04.073+0000] {processor.py:766} INFO - DAG(s) dict_keys(['example_branch_datetime_operator_2', 'example_branch_datetime_operator', 'example_branch_datetime_operator_3']) retrieved from /home/airflow/.local/lib/python3.7/site-packages/airflow/example_dags/example_branch_datetime_operator.py
[2024-12-03T15:22:04.176+0000] {logging_mixin.py:120} INFO - [2024-12-03T15:22:04.175+0000] {dag.py:2585} INFO - Sync 3 DAGs
[2024-12-03T15:22:04.235+0000] {logging_mixin.py:120} INFO - [2024-12-03T15:22:04.235+0000] {dag.py:3340} INFO - Setting next_dagrun for example_branch_datetime_operator to 2024-12-02T00:00:00+00:00, run_after=2024-12-03T00:00:00+00:00
[2024-12-03T15:22:04.246+0000] {logging_mixin.py:120} INFO - [2024-12-03T15:22:04.246+0000] {dag.py:3340} INFO - Setting next_dagrun for example_branch_datetime_operator_2 to 2024-12-02T00:00:00+00:00, run_after=2024-12-03T00:00:00+00:00
[2024-12-03T15:22:04.253+0000] {logging_mixin.py:120} INFO - [2024-12-03T15:22:04.253+0000] {dag.py:3340} INFO - Setting next_dagrun for example_branch_datetime_operator_3 to 2024-12-02T00:00:00+00:00, run_after=2024-12-03T00:00:00+00:00
[2024-12-03T15:22:04.305+0000] {processor.py:176} INFO - Processing /home/airflow/.local/lib/python3.7/site-packages/airflow/example_dags/example_branch_datetime_operator.py took 0.283 seconds
[2024-12-03T15:22:34.862+0000] {processor.py:154} INFO - Started process (PID=593) to work on /home/airflow/.local/lib/python3.7/site-packages/airflow/example_dags/example_branch_datetime_operator.py
[2024-12-03T15:22:34.869+0000] {processor.py:756} INFO - Processing file /home/airflow/.local/lib/python3.7/site-packages/airflow/example_dags/example_branch_datetime_operator.py for tasks to queue
[2024-12-03T15:22:34.872+0000] {logging_mixin.py:120} INFO - [2024-12-03T15:22:34.872+0000] {dagbag.py:537} INFO - Filling up the DagBag from /home/airflow/.local/lib/python3.7/site-packages/airflow/example_dags/example_branch_datetime_operator.py
[2024-12-03T15:22:34.925+0000] {processor.py:766} INFO - DAG(s) dict_keys(['example_branch_datetime_operator', 'example_branch_datetime_operator_3', 'example_branch_datetime_operator_2']) retrieved from /home/airflow/.local/lib/python3.7/site-packages/airflow/example_dags/example_branch_datetime_operator.py
[2024-12-03T15:22:35.057+0000] {logging_mixin.py:120} INFO - [2024-12-03T15:22:35.057+0000] {dag.py:2585} INFO - Sync 3 DAGs
[2024-12-03T15:22:35.143+0000] {logging_mixin.py:120} INFO - [2024-12-03T15:22:35.143+0000] {dag.py:3340} INFO - Setting next_dagrun for example_branch_datetime_operator to 2024-12-02T00:00:00+00:00, run_after=2024-12-03T00:00:00+00:00
[2024-12-03T15:22:35.161+0000] {logging_mixin.py:120} INFO - [2024-12-03T15:22:35.161+0000] {dag.py:3340} INFO - Setting next_dagrun for example_branch_datetime_operator_2 to 2024-12-02T00:00:00+00:00, run_after=2024-12-03T00:00:00+00:00
[2024-12-03T15:22:35.168+0000] {logging_mixin.py:120} INFO - [2024-12-03T15:22:35.168+0000] {dag.py:3340} INFO - Setting next_dagrun for example_branch_datetime_operator_3 to 2024-12-02T00:00:00+00:00, run_after=2024-12-03T00:00:00+00:00
[2024-12-03T15:22:35.213+0000] {processor.py:176} INFO - Processing /home/airflow/.local/lib/python3.7/site-packages/airflow/example_dags/example_branch_datetime_operator.py took 0.360 seconds
[2024-12-03T15:23:05.351+0000] {processor.py:154} INFO - Started process (PID=649) to work on /home/airflow/.local/lib/python3.7/site-packages/airflow/example_dags/example_branch_datetime_operator.py
[2024-12-03T15:23:05.352+0000] {processor.py:756} INFO - Processing file /home/airflow/.local/lib/python3.7/site-packages/airflow/example_dags/example_branch_datetime_operator.py for tasks to queue
[2024-12-03T15:23:05.354+0000] {logging_mixin.py:120} INFO - [2024-12-03T15:23:05.354+0000] {dagbag.py:537} INFO - Filling up the DagBag from /home/airflow/.local/lib/python3.7/site-packages/airflow/example_dags/example_branch_datetime_operator.py
[2024-12-03T15:23:05.426+0000] {processor.py:766} INFO - DAG(s) dict_keys(['example_branch_datetime_operator', 'example_branch_datetime_operator_2', 'example_branch_datetime_operator_3']) retrieved from /home/airflow/.local/lib/python3.7/site-packages/airflow/example_dags/example_branch_datetime_operator.py
[2024-12-03T15:23:05.577+0000] {logging_mixin.py:120} INFO - [2024-12-03T15:23:05.576+0000] {dag.py:2585} INFO - Sync 3 DAGs
[2024-12-03T15:23:05.671+0000] {logging_mixin.py:120} INFO - [2024-12-03T15:23:05.671+0000] {dag.py:3340} INFO - Setting next_dagrun for example_branch_datetime_operator to 2024-12-02T00:00:00+00:00, run_after=2024-12-03T00:00:00+00:00
[2024-12-03T15:23:05.691+0000] {logging_mixin.py:120} INFO - [2024-12-03T15:23:05.691+0000] {dag.py:3340} INFO - Setting next_dagrun for example_branch_datetime_operator_2 to 2024-12-02T00:00:00+00:00, run_after=2024-12-03T00:00:00+00:00
[2024-12-03T15:23:05.706+0000] {logging_mixin.py:120} INFO - [2024-12-03T15:23:05.705+0000] {dag.py:3340} INFO - Setting next_dagrun for example_branch_datetime_operator_3 to 2024-12-02T00:00:00+00:00, run_after=2024-12-03T00:00:00+00:00
[2024-12-03T15:23:05.777+0000] {processor.py:176} INFO - Processing /home/airflow/.local/lib/python3.7/site-packages/airflow/example_dags/example_branch_datetime_operator.py took 0.431 seconds
[2024-12-03T15:23:36.240+0000] {processor.py:154} INFO - Started process (PID=712) to work on /home/airflow/.local/lib/python3.7/site-packages/airflow/example_dags/example_branch_datetime_operator.py
[2024-12-03T15:23:36.242+0000] {processor.py:756} INFO - Processing file /home/airflow/.local/lib/python3.7/site-packages/airflow/example_dags/example_branch_datetime_operator.py for tasks to queue
[2024-12-03T15:23:36.244+0000] {logging_mixin.py:120} INFO - [2024-12-03T15:23:36.244+0000] {dagbag.py:537} INFO - Filling up the DagBag from /home/airflow/.local/lib/python3.7/site-packages/airflow/example_dags/example_branch_datetime_operator.py
[2024-12-03T15:23:36.280+0000] {processor.py:766} INFO - DAG(s) dict_keys(['example_branch_datetime_operator_3', 'example_branch_datetime_operator', 'example_branch_datetime_operator_2']) retrieved from /home/airflow/.local/lib/python3.7/site-packages/airflow/example_dags/example_branch_datetime_operator.py
[2024-12-03T15:23:36.385+0000] {logging_mixin.py:120} INFO - [2024-12-03T15:23:36.384+0000] {dag.py:2585} INFO - Sync 3 DAGs
[2024-12-03T15:23:36.438+0000] {logging_mixin.py:120} INFO - [2024-12-03T15:23:36.437+0000] {dag.py:3340} INFO - Setting next_dagrun for example_branch_datetime_operator to 2024-12-02T00:00:00+00:00, run_after=2024-12-03T00:00:00+00:00
[2024-12-03T15:23:36.455+0000] {logging_mixin.py:120} INFO - [2024-12-03T15:23:36.455+0000] {dag.py:3340} INFO - Setting next_dagrun for example_branch_datetime_operator_2 to 2024-12-02T00:00:00+00:00, run_after=2024-12-03T00:00:00+00:00
[2024-12-03T15:23:36.461+0000] {logging_mixin.py:120} INFO - [2024-12-03T15:23:36.461+0000] {dag.py:3340} INFO - Setting next_dagrun for example_branch_datetime_operator_3 to 2024-12-02T00:00:00+00:00, run_after=2024-12-03T00:00:00+00:00
[2024-12-03T15:23:36.502+0000] {processor.py:176} INFO - Processing /home/airflow/.local/lib/python3.7/site-packages/airflow/example_dags/example_branch_datetime_operator.py took 0.271 seconds
[2024-12-03T15:24:07.016+0000] {processor.py:154} INFO - Started process (PID=767) to work on /home/airflow/.local/lib/python3.7/site-packages/airflow/example_dags/example_branch_datetime_operator.py
[2024-12-03T15:24:07.018+0000] {processor.py:756} INFO - Processing file /home/airflow/.local/lib/python3.7/site-packages/airflow/example_dags/example_branch_datetime_operator.py for tasks to queue
[2024-12-03T15:24:07.020+0000] {logging_mixin.py:120} INFO - [2024-12-03T15:24:07.020+0000] {dagbag.py:537} INFO - Filling up the DagBag from /home/airflow/.local/lib/python3.7/site-packages/airflow/example_dags/example_branch_datetime_operator.py
[2024-12-03T15:24:07.062+0000] {processor.py:766} INFO - DAG(s) dict_keys(['example_branch_datetime_operator_2', 'example_branch_datetime_operator_3', 'example_branch_datetime_operator']) retrieved from /home/airflow/.local/lib/python3.7/site-packages/airflow/example_dags/example_branch_datetime_operator.py
[2024-12-03T15:24:07.148+0000] {logging_mixin.py:120} INFO - [2024-12-03T15:24:07.148+0000] {dag.py:2585} INFO - Sync 3 DAGs
[2024-12-03T15:24:07.198+0000] {logging_mixin.py:120} INFO - [2024-12-03T15:24:07.197+0000] {dag.py:3340} INFO - Setting next_dagrun for example_branch_datetime_operator to 2024-12-02T00:00:00+00:00, run_after=2024-12-03T00:00:00+00:00
[2024-12-03T15:24:07.210+0000] {logging_mixin.py:120} INFO - [2024-12-03T15:24:07.209+0000] {dag.py:3340} INFO - Setting next_dagrun for example_branch_datetime_operator_2 to 2024-12-02T00:00:00+00:00, run_after=2024-12-03T00:00:00+00:00
[2024-12-03T15:24:07.216+0000] {logging_mixin.py:120} INFO - [2024-12-03T15:24:07.216+0000] {dag.py:3340} INFO - Setting next_dagrun for example_branch_datetime_operator_3 to 2024-12-02T00:00:00+00:00, run_after=2024-12-03T00:00:00+00:00
[2024-12-03T15:24:07.279+0000] {processor.py:176} INFO - Processing /home/airflow/.local/lib/python3.7/site-packages/airflow/example_dags/example_branch_datetime_operator.py took 0.269 seconds
[2024-12-03T15:24:37.745+0000] {processor.py:154} INFO - Started process (PID=831) to work on /home/airflow/.local/lib/python3.7/site-packages/airflow/example_dags/example_branch_datetime_operator.py
[2024-12-03T15:24:37.747+0000] {processor.py:756} INFO - Processing file /home/airflow/.local/lib/python3.7/site-packages/airflow/example_dags/example_branch_datetime_operator.py for tasks to queue
[2024-12-03T15:24:37.748+0000] {logging_mixin.py:120} INFO - [2024-12-03T15:24:37.748+0000] {dagbag.py:537} INFO - Filling up the DagBag from /home/airflow/.local/lib/python3.7/site-packages/airflow/example_dags/example_branch_datetime_operator.py
[2024-12-03T15:24:37.781+0000] {processor.py:766} INFO - DAG(s) dict_keys(['example_branch_datetime_operator_2', 'example_branch_datetime_operator', 'example_branch_datetime_operator_3']) retrieved from /home/airflow/.local/lib/python3.7/site-packages/airflow/example_dags/example_branch_datetime_operator.py
[2024-12-03T15:24:37.883+0000] {logging_mixin.py:120} INFO - [2024-12-03T15:24:37.883+0000] {dag.py:2585} INFO - Sync 3 DAGs
[2024-12-03T15:24:37.935+0000] {logging_mixin.py:120} INFO - [2024-12-03T15:24:37.935+0000] {dag.py:3340} INFO - Setting next_dagrun for example_branch_datetime_operator to 2024-12-02T00:00:00+00:00, run_after=2024-12-03T00:00:00+00:00
[2024-12-03T15:24:37.944+0000] {logging_mixin.py:120} INFO - [2024-12-03T15:24:37.944+0000] {dag.py:3340} INFO - Setting next_dagrun for example_branch_datetime_operator_2 to 2024-12-02T00:00:00+00:00, run_after=2024-12-03T00:00:00+00:00
[2024-12-03T15:24:37.951+0000] {logging_mixin.py:120} INFO - [2024-12-03T15:24:37.950+0000] {dag.py:3340} INFO - Setting next_dagrun for example_branch_datetime_operator_3 to 2024-12-02T00:00:00+00:00, run_after=2024-12-03T00:00:00+00:00
[2024-12-03T15:24:37.991+0000] {processor.py:176} INFO - Processing /home/airflow/.local/lib/python3.7/site-packages/airflow/example_dags/example_branch_datetime_operator.py took 0.250 seconds
[2024-12-03T15:25:08.578+0000] {processor.py:154} INFO - Started process (PID=886) to work on /home/airflow/.local/lib/python3.7/site-packages/airflow/example_dags/example_branch_datetime_operator.py
[2024-12-03T15:25:08.579+0000] {processor.py:756} INFO - Processing file /home/airflow/.local/lib/python3.7/site-packages/airflow/example_dags/example_branch_datetime_operator.py for tasks to queue
[2024-12-03T15:25:08.581+0000] {logging_mixin.py:120} INFO - [2024-12-03T15:25:08.581+0000] {dagbag.py:537} INFO - Filling up the DagBag from /home/airflow/.local/lib/python3.7/site-packages/airflow/example_dags/example_branch_datetime_operator.py
[2024-12-03T15:25:08.607+0000] {processor.py:766} INFO - DAG(s) dict_keys(['example_branch_datetime_operator_2', 'example_branch_datetime_operator', 'example_branch_datetime_operator_3']) retrieved from /home/airflow/.local/lib/python3.7/site-packages/airflow/example_dags/example_branch_datetime_operator.py
[2024-12-03T15:25:08.687+0000] {logging_mixin.py:120} INFO - [2024-12-03T15:25:08.686+0000] {dag.py:2585} INFO - Sync 3 DAGs
[2024-12-03T15:25:08.734+0000] {logging_mixin.py:120} INFO - [2024-12-03T15:25:08.734+0000] {dag.py:3340} INFO - Setting next_dagrun for example_branch_datetime_operator to 2024-12-02T00:00:00+00:00, run_after=2024-12-03T00:00:00+00:00
[2024-12-03T15:25:08.744+0000] {logging_mixin.py:120} INFO - [2024-12-03T15:25:08.743+0000] {dag.py:3340} INFO - Setting next_dagrun for example_branch_datetime_operator_2 to 2024-12-02T00:00:00+00:00, run_after=2024-12-03T00:00:00+00:00
[2024-12-03T15:25:08.750+0000] {logging_mixin.py:120} INFO - [2024-12-03T15:25:08.750+0000] {dag.py:3340} INFO - Setting next_dagrun for example_branch_datetime_operator_3 to 2024-12-02T00:00:00+00:00, run_after=2024-12-03T00:00:00+00:00
[2024-12-03T15:25:08.808+0000] {processor.py:176} INFO - Processing /home/airflow/.local/lib/python3.7/site-packages/airflow/example_dags/example_branch_datetime_operator.py took 0.235 seconds
[2024-12-03T15:25:39.496+0000] {processor.py:154} INFO - Started process (PID=950) to work on /home/airflow/.local/lib/python3.7/site-packages/airflow/example_dags/example_branch_datetime_operator.py
[2024-12-03T15:25:39.499+0000] {processor.py:756} INFO - Processing file /home/airflow/.local/lib/python3.7/site-packages/airflow/example_dags/example_branch_datetime_operator.py for tasks to queue
[2024-12-03T15:25:39.502+0000] {logging_mixin.py:120} INFO - [2024-12-03T15:25:39.502+0000] {dagbag.py:537} INFO - Filling up the DagBag from /home/airflow/.local/lib/python3.7/site-packages/airflow/example_dags/example_branch_datetime_operator.py
[2024-12-03T15:25:39.545+0000] {processor.py:766} INFO - DAG(s) dict_keys(['example_branch_datetime_operator', 'example_branch_datetime_operator_3', 'example_branch_datetime_operator_2']) retrieved from /home/airflow/.local/lib/python3.7/site-packages/airflow/example_dags/example_branch_datetime_operator.py
[2024-12-03T15:25:39.710+0000] {logging_mixin.py:120} INFO - [2024-12-03T15:25:39.710+0000] {dag.py:2585} INFO - Sync 3 DAGs
[2024-12-03T15:25:39.846+0000] {logging_mixin.py:120} INFO - [2024-12-03T15:25:39.843+0000] {dag.py:3340} INFO - Setting next_dagrun for example_branch_datetime_operator to 2024-12-02T00:00:00+00:00, run_after=2024-12-03T00:00:00+00:00
[2024-12-03T15:25:39.865+0000] {logging_mixin.py:120} INFO - [2024-12-03T15:25:39.865+0000] {dag.py:3340} INFO - Setting next_dagrun for example_branch_datetime_operator_2 to 2024-12-02T00:00:00+00:00, run_after=2024-12-03T00:00:00+00:00
[2024-12-03T15:25:39.872+0000] {logging_mixin.py:120} INFO - [2024-12-03T15:25:39.872+0000] {dag.py:3340} INFO - Setting next_dagrun for example_branch_datetime_operator_3 to 2024-12-02T00:00:00+00:00, run_after=2024-12-03T00:00:00+00:00
[2024-12-03T15:25:39.965+0000] {processor.py:176} INFO - Processing /home/airflow/.local/lib/python3.7/site-packages/airflow/example_dags/example_branch_datetime_operator.py took 0.476 seconds
[2024-12-03T15:26:10.208+0000] {processor.py:154} INFO - Started process (PID=1005) to work on /home/airflow/.local/lib/python3.7/site-packages/airflow/example_dags/example_branch_datetime_operator.py
[2024-12-03T15:26:10.211+0000] {processor.py:756} INFO - Processing file /home/airflow/.local/lib/python3.7/site-packages/airflow/example_dags/example_branch_datetime_operator.py for tasks to queue
[2024-12-03T15:26:10.214+0000] {logging_mixin.py:120} INFO - [2024-12-03T15:26:10.214+0000] {dagbag.py:537} INFO - Filling up the DagBag from /home/airflow/.local/lib/python3.7/site-packages/airflow/example_dags/example_branch_datetime_operator.py
[2024-12-03T15:26:10.273+0000] {processor.py:766} INFO - DAG(s) dict_keys(['example_branch_datetime_operator_3', 'example_branch_datetime_operator', 'example_branch_datetime_operator_2']) retrieved from /home/airflow/.local/lib/python3.7/site-packages/airflow/example_dags/example_branch_datetime_operator.py
[2024-12-03T15:26:10.399+0000] {logging_mixin.py:120} INFO - [2024-12-03T15:26:10.399+0000] {dag.py:2585} INFO - Sync 3 DAGs
[2024-12-03T15:26:10.452+0000] {logging_mixin.py:120} INFO - [2024-12-03T15:26:10.451+0000] {dag.py:3340} INFO - Setting next_dagrun for example_branch_datetime_operator to 2024-12-02T00:00:00+00:00, run_after=2024-12-03T00:00:00+00:00
[2024-12-03T15:26:10.462+0000] {logging_mixin.py:120} INFO - [2024-12-03T15:26:10.462+0000] {dag.py:3340} INFO - Setting next_dagrun for example_branch_datetime_operator_2 to 2024-12-02T00:00:00+00:00, run_after=2024-12-03T00:00:00+00:00
[2024-12-03T15:26:10.469+0000] {logging_mixin.py:120} INFO - [2024-12-03T15:26:10.469+0000] {dag.py:3340} INFO - Setting next_dagrun for example_branch_datetime_operator_3 to 2024-12-02T00:00:00+00:00, run_after=2024-12-03T00:00:00+00:00
[2024-12-03T15:26:10.519+0000] {processor.py:176} INFO - Processing /home/airflow/.local/lib/python3.7/site-packages/airflow/example_dags/example_branch_datetime_operator.py took 0.322 seconds
[2024-12-03T15:26:40.768+0000] {processor.py:154} INFO - Started process (PID=1060) to work on /home/airflow/.local/lib/python3.7/site-packages/airflow/example_dags/example_branch_datetime_operator.py
[2024-12-03T15:26:40.770+0000] {processor.py:756} INFO - Processing file /home/airflow/.local/lib/python3.7/site-packages/airflow/example_dags/example_branch_datetime_operator.py for tasks to queue
[2024-12-03T15:26:40.771+0000] {logging_mixin.py:120} INFO - [2024-12-03T15:26:40.771+0000] {dagbag.py:537} INFO - Filling up the DagBag from /home/airflow/.local/lib/python3.7/site-packages/airflow/example_dags/example_branch_datetime_operator.py
[2024-12-03T15:26:40.799+0000] {processor.py:766} INFO - DAG(s) dict_keys(['example_branch_datetime_operator', 'example_branch_datetime_operator_3', 'example_branch_datetime_operator_2']) retrieved from /home/airflow/.local/lib/python3.7/site-packages/airflow/example_dags/example_branch_datetime_operator.py
[2024-12-03T15:26:40.886+0000] {logging_mixin.py:120} INFO - [2024-12-03T15:26:40.886+0000] {dag.py:2585} INFO - Sync 3 DAGs
[2024-12-03T15:26:40.969+0000] {logging_mixin.py:120} INFO - [2024-12-03T15:26:40.967+0000] {dag.py:3340} INFO - Setting next_dagrun for example_branch_datetime_operator to 2024-12-02T00:00:00+00:00, run_after=2024-12-03T00:00:00+00:00
[2024-12-03T15:26:40.981+0000] {logging_mixin.py:120} INFO - [2024-12-03T15:26:40.981+0000] {dag.py:3340} INFO - Setting next_dagrun for example_branch_datetime_operator_2 to 2024-12-02T00:00:00+00:00, run_after=2024-12-03T00:00:00+00:00
[2024-12-03T15:26:40.988+0000] {logging_mixin.py:120} INFO - [2024-12-03T15:26:40.987+0000] {dag.py:3340} INFO - Setting next_dagrun for example_branch_datetime_operator_3 to 2024-12-02T00:00:00+00:00, run_after=2024-12-03T00:00:00+00:00
[2024-12-03T15:26:41.051+0000] {processor.py:176} INFO - Processing /home/airflow/.local/lib/python3.7/site-packages/airflow/example_dags/example_branch_datetime_operator.py took 0.288 seconds
[2024-12-03T15:27:11.154+0000] {processor.py:154} INFO - Started process (PID=1125) to work on /home/airflow/.local/lib/python3.7/site-packages/airflow/example_dags/example_branch_datetime_operator.py
[2024-12-03T15:27:11.156+0000] {processor.py:756} INFO - Processing file /home/airflow/.local/lib/python3.7/site-packages/airflow/example_dags/example_branch_datetime_operator.py for tasks to queue
[2024-12-03T15:27:11.159+0000] {logging_mixin.py:120} INFO - [2024-12-03T15:27:11.159+0000] {dagbag.py:537} INFO - Filling up the DagBag from /home/airflow/.local/lib/python3.7/site-packages/airflow/example_dags/example_branch_datetime_operator.py
[2024-12-03T15:27:11.190+0000] {processor.py:766} INFO - DAG(s) dict_keys(['example_branch_datetime_operator', 'example_branch_datetime_operator_3', 'example_branch_datetime_operator_2']) retrieved from /home/airflow/.local/lib/python3.7/site-packages/airflow/example_dags/example_branch_datetime_operator.py
[2024-12-03T15:27:11.273+0000] {logging_mixin.py:120} INFO - [2024-12-03T15:27:11.273+0000] {dag.py:2585} INFO - Sync 3 DAGs
[2024-12-03T15:27:11.323+0000] {logging_mixin.py:120} INFO - [2024-12-03T15:27:11.323+0000] {dag.py:3340} INFO - Setting next_dagrun for example_branch_datetime_operator to 2024-12-02T00:00:00+00:00, run_after=2024-12-03T00:00:00+00:00
[2024-12-03T15:27:11.333+0000] {logging_mixin.py:120} INFO - [2024-12-03T15:27:11.333+0000] {dag.py:3340} INFO - Setting next_dagrun for example_branch_datetime_operator_2 to 2024-12-02T00:00:00+00:00, run_after=2024-12-03T00:00:00+00:00
[2024-12-03T15:27:11.339+0000] {logging_mixin.py:120} INFO - [2024-12-03T15:27:11.339+0000] {dag.py:3340} INFO - Setting next_dagrun for example_branch_datetime_operator_3 to 2024-12-02T00:00:00+00:00, run_after=2024-12-03T00:00:00+00:00
[2024-12-03T15:27:11.377+0000] {processor.py:176} INFO - Processing /home/airflow/.local/lib/python3.7/site-packages/airflow/example_dags/example_branch_datetime_operator.py took 0.229 seconds
[2024-12-03T15:27:41.644+0000] {processor.py:154} INFO - Started process (PID=1180) to work on /home/airflow/.local/lib/python3.7/site-packages/airflow/example_dags/example_branch_datetime_operator.py
[2024-12-03T15:27:41.646+0000] {processor.py:756} INFO - Processing file /home/airflow/.local/lib/python3.7/site-packages/airflow/example_dags/example_branch_datetime_operator.py for tasks to queue
[2024-12-03T15:27:41.648+0000] {logging_mixin.py:120} INFO - [2024-12-03T15:27:41.648+0000] {dagbag.py:537} INFO - Filling up the DagBag from /home/airflow/.local/lib/python3.7/site-packages/airflow/example_dags/example_branch_datetime_operator.py
[2024-12-03T15:27:41.681+0000] {processor.py:766} INFO - DAG(s) dict_keys(['example_branch_datetime_operator', 'example_branch_datetime_operator_3', 'example_branch_datetime_operator_2']) retrieved from /home/airflow/.local/lib/python3.7/site-packages/airflow/example_dags/example_branch_datetime_operator.py
[2024-12-03T15:27:41.771+0000] {logging_mixin.py:120} INFO - [2024-12-03T15:27:41.770+0000] {dag.py:2585} INFO - Sync 3 DAGs
[2024-12-03T15:27:41.829+0000] {logging_mixin.py:120} INFO - [2024-12-03T15:27:41.829+0000] {dag.py:3340} INFO - Setting next_dagrun for example_branch_datetime_operator to 2024-12-02T00:00:00+00:00, run_after=2024-12-03T00:00:00+00:00
[2024-12-03T15:27:41.841+0000] {logging_mixin.py:120} INFO - [2024-12-03T15:27:41.841+0000] {dag.py:3340} INFO - Setting next_dagrun for example_branch_datetime_operator_2 to 2024-12-02T00:00:00+00:00, run_after=2024-12-03T00:00:00+00:00
[2024-12-03T15:27:41.848+0000] {logging_mixin.py:120} INFO - [2024-12-03T15:27:41.847+0000] {dag.py:3340} INFO - Setting next_dagrun for example_branch_datetime_operator_3 to 2024-12-02T00:00:00+00:00, run_after=2024-12-03T00:00:00+00:00
[2024-12-03T15:27:41.905+0000] {processor.py:176} INFO - Processing /home/airflow/.local/lib/python3.7/site-packages/airflow/example_dags/example_branch_datetime_operator.py took 0.267 seconds
[2024-12-03T15:28:12.230+0000] {processor.py:154} INFO - Started process (PID=1242) to work on /home/airflow/.local/lib/python3.7/site-packages/airflow/example_dags/example_branch_datetime_operator.py
[2024-12-03T15:28:12.232+0000] {processor.py:756} INFO - Processing file /home/airflow/.local/lib/python3.7/site-packages/airflow/example_dags/example_branch_datetime_operator.py for tasks to queue
[2024-12-03T15:28:12.234+0000] {logging_mixin.py:120} INFO - [2024-12-03T15:28:12.234+0000] {dagbag.py:537} INFO - Filling up the DagBag from /home/airflow/.local/lib/python3.7/site-packages/airflow/example_dags/example_branch_datetime_operator.py
[2024-12-03T15:28:12.267+0000] {processor.py:766} INFO - DAG(s) dict_keys(['example_branch_datetime_operator', 'example_branch_datetime_operator_2', 'example_branch_datetime_operator_3']) retrieved from /home/airflow/.local/lib/python3.7/site-packages/airflow/example_dags/example_branch_datetime_operator.py
[2024-12-03T15:28:12.364+0000] {logging_mixin.py:120} INFO - [2024-12-03T15:28:12.364+0000] {dag.py:2585} INFO - Sync 3 DAGs
[2024-12-03T15:28:12.426+0000] {logging_mixin.py:120} INFO - [2024-12-03T15:28:12.425+0000] {dag.py:3340} INFO - Setting next_dagrun for example_branch_datetime_operator to 2024-12-02T00:00:00+00:00, run_after=2024-12-03T00:00:00+00:00
[2024-12-03T15:28:12.440+0000] {logging_mixin.py:120} INFO - [2024-12-03T15:28:12.439+0000] {dag.py:3340} INFO - Setting next_dagrun for example_branch_datetime_operator_2 to 2024-12-02T00:00:00+00:00, run_after=2024-12-03T00:00:00+00:00
[2024-12-03T15:28:12.446+0000] {logging_mixin.py:120} INFO - [2024-12-03T15:28:12.446+0000] {dag.py:3340} INFO - Setting next_dagrun for example_branch_datetime_operator_3 to 2024-12-02T00:00:00+00:00, run_after=2024-12-03T00:00:00+00:00
[2024-12-03T15:28:12.498+0000] {processor.py:176} INFO - Processing /home/airflow/.local/lib/python3.7/site-packages/airflow/example_dags/example_branch_datetime_operator.py took 0.272 seconds
[2024-12-03T15:28:42.904+0000] {processor.py:154} INFO - Started process (PID=1299) to work on /home/airflow/.local/lib/python3.7/site-packages/airflow/example_dags/example_branch_datetime_operator.py
[2024-12-03T15:28:42.905+0000] {processor.py:756} INFO - Processing file /home/airflow/.local/lib/python3.7/site-packages/airflow/example_dags/example_branch_datetime_operator.py for tasks to queue
[2024-12-03T15:28:42.907+0000] {logging_mixin.py:120} INFO - [2024-12-03T15:28:42.907+0000] {dagbag.py:537} INFO - Filling up the DagBag from /home/airflow/.local/lib/python3.7/site-packages/airflow/example_dags/example_branch_datetime_operator.py
[2024-12-03T15:28:42.929+0000] {processor.py:766} INFO - DAG(s) dict_keys(['example_branch_datetime_operator_2', 'example_branch_datetime_operator_3', 'example_branch_datetime_operator']) retrieved from /home/airflow/.local/lib/python3.7/site-packages/airflow/example_dags/example_branch_datetime_operator.py
[2024-12-03T15:28:43.008+0000] {logging_mixin.py:120} INFO - [2024-12-03T15:28:43.008+0000] {dag.py:2585} INFO - Sync 3 DAGs
[2024-12-03T15:28:43.054+0000] {logging_mixin.py:120} INFO - [2024-12-03T15:28:43.054+0000] {dag.py:3340} INFO - Setting next_dagrun for example_branch_datetime_operator to 2024-12-02T00:00:00+00:00, run_after=2024-12-03T00:00:00+00:00
[2024-12-03T15:28:43.062+0000] {logging_mixin.py:120} INFO - [2024-12-03T15:28:43.062+0000] {dag.py:3340} INFO - Setting next_dagrun for example_branch_datetime_operator_2 to 2024-12-02T00:00:00+00:00, run_after=2024-12-03T00:00:00+00:00
[2024-12-03T15:28:43.069+0000] {logging_mixin.py:120} INFO - [2024-12-03T15:28:43.068+0000] {dag.py:3340} INFO - Setting next_dagrun for example_branch_datetime_operator_3 to 2024-12-02T00:00:00+00:00, run_after=2024-12-03T00:00:00+00:00
[2024-12-03T15:28:43.112+0000] {processor.py:176} INFO - Processing /home/airflow/.local/lib/python3.7/site-packages/airflow/example_dags/example_branch_datetime_operator.py took 0.213 seconds
[2024-12-03T15:29:13.457+0000] {processor.py:154} INFO - Started process (PID=1354) to work on /home/airflow/.local/lib/python3.7/site-packages/airflow/example_dags/example_branch_datetime_operator.py
[2024-12-03T15:29:13.460+0000] {processor.py:756} INFO - Processing file /home/airflow/.local/lib/python3.7/site-packages/airflow/example_dags/example_branch_datetime_operator.py for tasks to queue
[2024-12-03T15:29:13.462+0000] {logging_mixin.py:120} INFO - [2024-12-03T15:29:13.461+0000] {dagbag.py:537} INFO - Filling up the DagBag from /home/airflow/.local/lib/python3.7/site-packages/airflow/example_dags/example_branch_datetime_operator.py
[2024-12-03T15:29:13.494+0000] {processor.py:766} INFO - DAG(s) dict_keys(['example_branch_datetime_operator_3', 'example_branch_datetime_operator', 'example_branch_datetime_operator_2']) retrieved from /home/airflow/.local/lib/python3.7/site-packages/airflow/example_dags/example_branch_datetime_operator.py
[2024-12-03T15:29:13.579+0000] {logging_mixin.py:120} INFO - [2024-12-03T15:29:13.579+0000] {dag.py:2585} INFO - Sync 3 DAGs
[2024-12-03T15:29:13.629+0000] {logging_mixin.py:120} INFO - [2024-12-03T15:29:13.628+0000] {dag.py:3340} INFO - Setting next_dagrun for example_branch_datetime_operator to 2024-12-02T00:00:00+00:00, run_after=2024-12-03T00:00:00+00:00
[2024-12-03T15:29:13.638+0000] {logging_mixin.py:120} INFO - [2024-12-03T15:29:13.638+0000] {dag.py:3340} INFO - Setting next_dagrun for example_branch_datetime_operator_2 to 2024-12-02T00:00:00+00:00, run_after=2024-12-03T00:00:00+00:00
[2024-12-03T15:29:13.643+0000] {logging_mixin.py:120} INFO - [2024-12-03T15:29:13.643+0000] {dag.py:3340} INFO - Setting next_dagrun for example_branch_datetime_operator_3 to 2024-12-02T00:00:00+00:00, run_after=2024-12-03T00:00:00+00:00
[2024-12-03T15:29:13.694+0000] {processor.py:176} INFO - Processing /home/airflow/.local/lib/python3.7/site-packages/airflow/example_dags/example_branch_datetime_operator.py took 0.243 seconds
[2024-12-03T15:29:44.025+0000] {processor.py:154} INFO - Started process (PID=1418) to work on /home/airflow/.local/lib/python3.7/site-packages/airflow/example_dags/example_branch_datetime_operator.py
[2024-12-03T15:29:44.027+0000] {processor.py:756} INFO - Processing file /home/airflow/.local/lib/python3.7/site-packages/airflow/example_dags/example_branch_datetime_operator.py for tasks to queue
[2024-12-03T15:29:44.029+0000] {logging_mixin.py:120} INFO - [2024-12-03T15:29:44.028+0000] {dagbag.py:537} INFO - Filling up the DagBag from /home/airflow/.local/lib/python3.7/site-packages/airflow/example_dags/example_branch_datetime_operator.py
[2024-12-03T15:29:44.060+0000] {processor.py:766} INFO - DAG(s) dict_keys(['example_branch_datetime_operator_2', 'example_branch_datetime_operator_3', 'example_branch_datetime_operator']) retrieved from /home/airflow/.local/lib/python3.7/site-packages/airflow/example_dags/example_branch_datetime_operator.py
[2024-12-03T15:29:44.150+0000] {logging_mixin.py:120} INFO - [2024-12-03T15:29:44.149+0000] {dag.py:2585} INFO - Sync 3 DAGs
[2024-12-03T15:29:44.203+0000] {logging_mixin.py:120} INFO - [2024-12-03T15:29:44.203+0000] {dag.py:3340} INFO - Setting next_dagrun for example_branch_datetime_operator to 2024-12-02T00:00:00+00:00, run_after=2024-12-03T00:00:00+00:00
[2024-12-03T15:29:44.215+0000] {logging_mixin.py:120} INFO - [2024-12-03T15:29:44.214+0000] {dag.py:3340} INFO - Setting next_dagrun for example_branch_datetime_operator_2 to 2024-12-02T00:00:00+00:00, run_after=2024-12-03T00:00:00+00:00
[2024-12-03T15:29:44.220+0000] {logging_mixin.py:120} INFO - [2024-12-03T15:29:44.219+0000] {dag.py:3340} INFO - Setting next_dagrun for example_branch_datetime_operator_3 to 2024-12-02T00:00:00+00:00, run_after=2024-12-03T00:00:00+00:00
[2024-12-03T15:29:44.269+0000] {processor.py:176} INFO - Processing /home/airflow/.local/lib/python3.7/site-packages/airflow/example_dags/example_branch_datetime_operator.py took 0.249 seconds
[2024-12-03T15:30:14.815+0000] {processor.py:154} INFO - Started process (PID=1473) to work on /home/airflow/.local/lib/python3.7/site-packages/airflow/example_dags/example_branch_datetime_operator.py
[2024-12-03T15:30:14.817+0000] {processor.py:756} INFO - Processing file /home/airflow/.local/lib/python3.7/site-packages/airflow/example_dags/example_branch_datetime_operator.py for tasks to queue
[2024-12-03T15:30:14.818+0000] {logging_mixin.py:120} INFO - [2024-12-03T15:30:14.818+0000] {dagbag.py:537} INFO - Filling up the DagBag from /home/airflow/.local/lib/python3.7/site-packages/airflow/example_dags/example_branch_datetime_operator.py
[2024-12-03T15:30:14.846+0000] {processor.py:766} INFO - DAG(s) dict_keys(['example_branch_datetime_operator_3', 'example_branch_datetime_operator', 'example_branch_datetime_operator_2']) retrieved from /home/airflow/.local/lib/python3.7/site-packages/airflow/example_dags/example_branch_datetime_operator.py
[2024-12-03T15:30:14.936+0000] {logging_mixin.py:120} INFO - [2024-12-03T15:30:14.935+0000] {dag.py:2585} INFO - Sync 3 DAGs
[2024-12-03T15:30:14.983+0000] {logging_mixin.py:120} INFO - [2024-12-03T15:30:14.982+0000] {dag.py:3340} INFO - Setting next_dagrun for example_branch_datetime_operator to 2024-12-02T00:00:00+00:00, run_after=2024-12-03T00:00:00+00:00
[2024-12-03T15:30:14.992+0000] {logging_mixin.py:120} INFO - [2024-12-03T15:30:14.992+0000] {dag.py:3340} INFO - Setting next_dagrun for example_branch_datetime_operator_2 to 2024-12-02T00:00:00+00:00, run_after=2024-12-03T00:00:00+00:00
[2024-12-03T15:30:14.999+0000] {logging_mixin.py:120} INFO - [2024-12-03T15:30:14.999+0000] {dag.py:3340} INFO - Setting next_dagrun for example_branch_datetime_operator_3 to 2024-12-02T00:00:00+00:00, run_after=2024-12-03T00:00:00+00:00
[2024-12-03T15:30:15.050+0000] {processor.py:176} INFO - Processing /home/airflow/.local/lib/python3.7/site-packages/airflow/example_dags/example_branch_datetime_operator.py took 0.241 seconds
[2024-12-03T15:30:45.479+0000] {processor.py:154} INFO - Started process (PID=1538) to work on /home/airflow/.local/lib/python3.7/site-packages/airflow/example_dags/example_branch_datetime_operator.py
[2024-12-03T15:30:45.481+0000] {processor.py:756} INFO - Processing file /home/airflow/.local/lib/python3.7/site-packages/airflow/example_dags/example_branch_datetime_operator.py for tasks to queue
[2024-12-03T15:30:45.483+0000] {logging_mixin.py:120} INFO - [2024-12-03T15:30:45.483+0000] {dagbag.py:537} INFO - Filling up the DagBag from /home/airflow/.local/lib/python3.7/site-packages/airflow/example_dags/example_branch_datetime_operator.py
[2024-12-03T15:30:45.537+0000] {processor.py:766} INFO - DAG(s) dict_keys(['example_branch_datetime_operator_3', 'example_branch_datetime_operator', 'example_branch_datetime_operator_2']) retrieved from /home/airflow/.local/lib/python3.7/site-packages/airflow/example_dags/example_branch_datetime_operator.py
[2024-12-03T15:30:45.615+0000] {logging_mixin.py:120} INFO - [2024-12-03T15:30:45.615+0000] {dag.py:2585} INFO - Sync 3 DAGs
[2024-12-03T15:30:45.666+0000] {logging_mixin.py:120} INFO - [2024-12-03T15:30:45.666+0000] {dag.py:3340} INFO - Setting next_dagrun for example_branch_datetime_operator to 2024-12-02T00:00:00+00:00, run_after=2024-12-03T00:00:00+00:00
[2024-12-03T15:30:45.675+0000] {logging_mixin.py:120} INFO - [2024-12-03T15:30:45.675+0000] {dag.py:3340} INFO - Setting next_dagrun for example_branch_datetime_operator_2 to 2024-12-02T00:00:00+00:00, run_after=2024-12-03T00:00:00+00:00
[2024-12-03T15:30:45.680+0000] {logging_mixin.py:120} INFO - [2024-12-03T15:30:45.680+0000] {dag.py:3340} INFO - Setting next_dagrun for example_branch_datetime_operator_3 to 2024-12-02T00:00:00+00:00, run_after=2024-12-03T00:00:00+00:00
[2024-12-03T15:30:45.730+0000] {processor.py:176} INFO - Processing /home/airflow/.local/lib/python3.7/site-packages/airflow/example_dags/example_branch_datetime_operator.py took 0.256 seconds
[2024-12-03T15:31:16.297+0000] {processor.py:154} INFO - Started process (PID=1593) to work on /home/airflow/.local/lib/python3.7/site-packages/airflow/example_dags/example_branch_datetime_operator.py
[2024-12-03T15:31:16.299+0000] {processor.py:756} INFO - Processing file /home/airflow/.local/lib/python3.7/site-packages/airflow/example_dags/example_branch_datetime_operator.py for tasks to queue
[2024-12-03T15:31:16.301+0000] {logging_mixin.py:120} INFO - [2024-12-03T15:31:16.301+0000] {dagbag.py:537} INFO - Filling up the DagBag from /home/airflow/.local/lib/python3.7/site-packages/airflow/example_dags/example_branch_datetime_operator.py
[2024-12-03T15:31:16.334+0000] {processor.py:766} INFO - DAG(s) dict_keys(['example_branch_datetime_operator', 'example_branch_datetime_operator_3', 'example_branch_datetime_operator_2']) retrieved from /home/airflow/.local/lib/python3.7/site-packages/airflow/example_dags/example_branch_datetime_operator.py
[2024-12-03T15:31:16.432+0000] {logging_mixin.py:120} INFO - [2024-12-03T15:31:16.432+0000] {dag.py:2585} INFO - Sync 3 DAGs
[2024-12-03T15:31:16.495+0000] {logging_mixin.py:120} INFO - [2024-12-03T15:31:16.495+0000] {dag.py:3340} INFO - Setting next_dagrun for example_branch_datetime_operator to 2024-12-02T00:00:00+00:00, run_after=2024-12-03T00:00:00+00:00
[2024-12-03T15:31:16.506+0000] {logging_mixin.py:120} INFO - [2024-12-03T15:31:16.506+0000] {dag.py:3340} INFO - Setting next_dagrun for example_branch_datetime_operator_2 to 2024-12-02T00:00:00+00:00, run_after=2024-12-03T00:00:00+00:00
[2024-12-03T15:31:16.511+0000] {logging_mixin.py:120} INFO - [2024-12-03T15:31:16.511+0000] {dag.py:3340} INFO - Setting next_dagrun for example_branch_datetime_operator_3 to 2024-12-02T00:00:00+00:00, run_after=2024-12-03T00:00:00+00:00
[2024-12-03T15:31:16.573+0000] {processor.py:176} INFO - Processing /home/airflow/.local/lib/python3.7/site-packages/airflow/example_dags/example_branch_datetime_operator.py took 0.283 seconds
[2024-12-03T15:31:47.230+0000] {processor.py:154} INFO - Started process (PID=1657) to work on /home/airflow/.local/lib/python3.7/site-packages/airflow/example_dags/example_branch_datetime_operator.py
[2024-12-03T15:31:47.231+0000] {processor.py:756} INFO - Processing file /home/airflow/.local/lib/python3.7/site-packages/airflow/example_dags/example_branch_datetime_operator.py for tasks to queue
[2024-12-03T15:31:47.234+0000] {logging_mixin.py:120} INFO - [2024-12-03T15:31:47.233+0000] {dagbag.py:537} INFO - Filling up the DagBag from /home/airflow/.local/lib/python3.7/site-packages/airflow/example_dags/example_branch_datetime_operator.py
[2024-12-03T15:31:47.262+0000] {processor.py:766} INFO - DAG(s) dict_keys(['example_branch_datetime_operator', 'example_branch_datetime_operator_3', 'example_branch_datetime_operator_2']) retrieved from /home/airflow/.local/lib/python3.7/site-packages/airflow/example_dags/example_branch_datetime_operator.py
[2024-12-03T15:31:47.352+0000] {logging_mixin.py:120} INFO - [2024-12-03T15:31:47.351+0000] {dag.py:2585} INFO - Sync 3 DAGs
[2024-12-03T15:31:47.418+0000] {logging_mixin.py:120} INFO - [2024-12-03T15:31:47.417+0000] {dag.py:3340} INFO - Setting next_dagrun for example_branch_datetime_operator to 2024-12-02T00:00:00+00:00, run_after=2024-12-03T00:00:00+00:00
[2024-12-03T15:31:47.436+0000] {logging_mixin.py:120} INFO - [2024-12-03T15:31:47.436+0000] {dag.py:3340} INFO - Setting next_dagrun for example_branch_datetime_operator_2 to 2024-12-02T00:00:00+00:00, run_after=2024-12-03T00:00:00+00:00
[2024-12-03T15:31:47.444+0000] {logging_mixin.py:120} INFO - [2024-12-03T15:31:47.444+0000] {dag.py:3340} INFO - Setting next_dagrun for example_branch_datetime_operator_3 to 2024-12-02T00:00:00+00:00, run_after=2024-12-03T00:00:00+00:00
[2024-12-03T15:31:47.489+0000] {processor.py:176} INFO - Processing /home/airflow/.local/lib/python3.7/site-packages/airflow/example_dags/example_branch_datetime_operator.py took 0.264 seconds
[2024-12-03T15:32:17.897+0000] {processor.py:154} INFO - Started process (PID=1712) to work on /home/airflow/.local/lib/python3.7/site-packages/airflow/example_dags/example_branch_datetime_operator.py
[2024-12-03T15:32:17.899+0000] {processor.py:756} INFO - Processing file /home/airflow/.local/lib/python3.7/site-packages/airflow/example_dags/example_branch_datetime_operator.py for tasks to queue
[2024-12-03T15:32:17.900+0000] {logging_mixin.py:120} INFO - [2024-12-03T15:32:17.900+0000] {dagbag.py:537} INFO - Filling up the DagBag from /home/airflow/.local/lib/python3.7/site-packages/airflow/example_dags/example_branch_datetime_operator.py
[2024-12-03T15:32:17.928+0000] {processor.py:766} INFO - DAG(s) dict_keys(['example_branch_datetime_operator_2', 'example_branch_datetime_operator', 'example_branch_datetime_operator_3']) retrieved from /home/airflow/.local/lib/python3.7/site-packages/airflow/example_dags/example_branch_datetime_operator.py
[2024-12-03T15:32:18.024+0000] {logging_mixin.py:120} INFO - [2024-12-03T15:32:18.023+0000] {dag.py:2585} INFO - Sync 3 DAGs
[2024-12-03T15:32:18.073+0000] {logging_mixin.py:120} INFO - [2024-12-03T15:32:18.072+0000] {dag.py:3340} INFO - Setting next_dagrun for example_branch_datetime_operator to 2024-12-02T00:00:00+00:00, run_after=2024-12-03T00:00:00+00:00
[2024-12-03T15:32:18.081+0000] {logging_mixin.py:120} INFO - [2024-12-03T15:32:18.081+0000] {dag.py:3340} INFO - Setting next_dagrun for example_branch_datetime_operator_2 to 2024-12-02T00:00:00+00:00, run_after=2024-12-03T00:00:00+00:00
[2024-12-03T15:32:18.086+0000] {logging_mixin.py:120} INFO - [2024-12-03T15:32:18.086+0000] {dag.py:3340} INFO - Setting next_dagrun for example_branch_datetime_operator_3 to 2024-12-02T00:00:00+00:00, run_after=2024-12-03T00:00:00+00:00
[2024-12-03T15:32:18.135+0000] {processor.py:176} INFO - Processing /home/airflow/.local/lib/python3.7/site-packages/airflow/example_dags/example_branch_datetime_operator.py took 0.242 seconds
[2024-12-03T15:32:48.371+0000] {processor.py:154} INFO - Started process (PID=1776) to work on /home/airflow/.local/lib/python3.7/site-packages/airflow/example_dags/example_branch_datetime_operator.py
[2024-12-03T15:32:48.373+0000] {processor.py:756} INFO - Processing file /home/airflow/.local/lib/python3.7/site-packages/airflow/example_dags/example_branch_datetime_operator.py for tasks to queue
[2024-12-03T15:32:48.375+0000] {logging_mixin.py:120} INFO - [2024-12-03T15:32:48.375+0000] {dagbag.py:537} INFO - Filling up the DagBag from /home/airflow/.local/lib/python3.7/site-packages/airflow/example_dags/example_branch_datetime_operator.py
[2024-12-03T15:32:48.406+0000] {processor.py:766} INFO - DAG(s) dict_keys(['example_branch_datetime_operator_2', 'example_branch_datetime_operator', 'example_branch_datetime_operator_3']) retrieved from /home/airflow/.local/lib/python3.7/site-packages/airflow/example_dags/example_branch_datetime_operator.py
[2024-12-03T15:32:48.493+0000] {logging_mixin.py:120} INFO - [2024-12-03T15:32:48.492+0000] {dag.py:2585} INFO - Sync 3 DAGs
[2024-12-03T15:32:48.539+0000] {logging_mixin.py:120} INFO - [2024-12-03T15:32:48.539+0000] {dag.py:3340} INFO - Setting next_dagrun for example_branch_datetime_operator to 2024-12-02T00:00:00+00:00, run_after=2024-12-03T00:00:00+00:00
[2024-12-03T15:32:48.549+0000] {logging_mixin.py:120} INFO - [2024-12-03T15:32:48.549+0000] {dag.py:3340} INFO - Setting next_dagrun for example_branch_datetime_operator_2 to 2024-12-02T00:00:00+00:00, run_after=2024-12-03T00:00:00+00:00
[2024-12-03T15:32:48.554+0000] {logging_mixin.py:120} INFO - [2024-12-03T15:32:48.554+0000] {dag.py:3340} INFO - Setting next_dagrun for example_branch_datetime_operator_3 to 2024-12-02T00:00:00+00:00, run_after=2024-12-03T00:00:00+00:00
[2024-12-03T15:32:48.593+0000] {processor.py:176} INFO - Processing /home/airflow/.local/lib/python3.7/site-packages/airflow/example_dags/example_branch_datetime_operator.py took 0.227 seconds
[2024-12-03T15:33:18.725+0000] {processor.py:154} INFO - Started process (PID=1831) to work on /home/airflow/.local/lib/python3.7/site-packages/airflow/example_dags/example_branch_datetime_operator.py
[2024-12-03T15:33:18.727+0000] {processor.py:756} INFO - Processing file /home/airflow/.local/lib/python3.7/site-packages/airflow/example_dags/example_branch_datetime_operator.py for tasks to queue
[2024-12-03T15:33:18.730+0000] {logging_mixin.py:120} INFO - [2024-12-03T15:33:18.729+0000] {dagbag.py:537} INFO - Filling up the DagBag from /home/airflow/.local/lib/python3.7/site-packages/airflow/example_dags/example_branch_datetime_operator.py
[2024-12-03T15:33:18.759+0000] {processor.py:766} INFO - DAG(s) dict_keys(['example_branch_datetime_operator_2', 'example_branch_datetime_operator', 'example_branch_datetime_operator_3']) retrieved from /home/airflow/.local/lib/python3.7/site-packages/airflow/example_dags/example_branch_datetime_operator.py
[2024-12-03T15:33:18.845+0000] {logging_mixin.py:120} INFO - [2024-12-03T15:33:18.845+0000] {dag.py:2585} INFO - Sync 3 DAGs
[2024-12-03T15:33:18.896+0000] {logging_mixin.py:120} INFO - [2024-12-03T15:33:18.896+0000] {dag.py:3340} INFO - Setting next_dagrun for example_branch_datetime_operator to 2024-12-02T00:00:00+00:00, run_after=2024-12-03T00:00:00+00:00
[2024-12-03T15:33:18.906+0000] {logging_mixin.py:120} INFO - [2024-12-03T15:33:18.906+0000] {dag.py:3340} INFO - Setting next_dagrun for example_branch_datetime_operator_2 to 2024-12-02T00:00:00+00:00, run_after=2024-12-03T00:00:00+00:00
[2024-12-03T15:33:18.912+0000] {logging_mixin.py:120} INFO - [2024-12-03T15:33:18.912+0000] {dag.py:3340} INFO - Setting next_dagrun for example_branch_datetime_operator_3 to 2024-12-02T00:00:00+00:00, run_after=2024-12-03T00:00:00+00:00
[2024-12-03T15:33:18.953+0000] {processor.py:176} INFO - Processing /home/airflow/.local/lib/python3.7/site-packages/airflow/example_dags/example_branch_datetime_operator.py took 0.233 seconds
[2024-12-03T15:33:49.159+0000] {processor.py:154} INFO - Started process (PID=1895) to work on /home/airflow/.local/lib/python3.7/site-packages/airflow/example_dags/example_branch_datetime_operator.py
[2024-12-03T15:33:49.162+0000] {processor.py:756} INFO - Processing file /home/airflow/.local/lib/python3.7/site-packages/airflow/example_dags/example_branch_datetime_operator.py for tasks to queue
[2024-12-03T15:33:49.164+0000] {logging_mixin.py:120} INFO - [2024-12-03T15:33:49.163+0000] {dagbag.py:537} INFO - Filling up the DagBag from /home/airflow/.local/lib/python3.7/site-packages/airflow/example_dags/example_branch_datetime_operator.py
[2024-12-03T15:33:49.195+0000] {processor.py:766} INFO - DAG(s) dict_keys(['example_branch_datetime_operator_2', 'example_branch_datetime_operator', 'example_branch_datetime_operator_3']) retrieved from /home/airflow/.local/lib/python3.7/site-packages/airflow/example_dags/example_branch_datetime_operator.py
[2024-12-03T15:33:49.281+0000] {logging_mixin.py:120} INFO - [2024-12-03T15:33:49.281+0000] {dag.py:2585} INFO - Sync 3 DAGs
[2024-12-03T15:33:49.348+0000] {logging_mixin.py:120} INFO - [2024-12-03T15:33:49.348+0000] {dag.py:3340} INFO - Setting next_dagrun for example_branch_datetime_operator to 2024-12-02T00:00:00+00:00, run_after=2024-12-03T00:00:00+00:00
[2024-12-03T15:33:49.357+0000] {logging_mixin.py:120} INFO - [2024-12-03T15:33:49.357+0000] {dag.py:3340} INFO - Setting next_dagrun for example_branch_datetime_operator_2 to 2024-12-02T00:00:00+00:00, run_after=2024-12-03T00:00:00+00:00
[2024-12-03T15:33:49.363+0000] {logging_mixin.py:120} INFO - [2024-12-03T15:33:49.363+0000] {dag.py:3340} INFO - Setting next_dagrun for example_branch_datetime_operator_3 to 2024-12-02T00:00:00+00:00, run_after=2024-12-03T00:00:00+00:00
[2024-12-03T15:33:49.401+0000] {processor.py:176} INFO - Processing /home/airflow/.local/lib/python3.7/site-packages/airflow/example_dags/example_branch_datetime_operator.py took 0.247 seconds
[2024-12-03T15:34:19.649+0000] {processor.py:154} INFO - Started process (PID=1950) to work on /home/airflow/.local/lib/python3.7/site-packages/airflow/example_dags/example_branch_datetime_operator.py
[2024-12-03T15:34:19.652+0000] {processor.py:756} INFO - Processing file /home/airflow/.local/lib/python3.7/site-packages/airflow/example_dags/example_branch_datetime_operator.py for tasks to queue
[2024-12-03T15:34:19.654+0000] {logging_mixin.py:120} INFO - [2024-12-03T15:34:19.653+0000] {dagbag.py:537} INFO - Filling up the DagBag from /home/airflow/.local/lib/python3.7/site-packages/airflow/example_dags/example_branch_datetime_operator.py
[2024-12-03T15:34:19.684+0000] {processor.py:766} INFO - DAG(s) dict_keys(['example_branch_datetime_operator_3', 'example_branch_datetime_operator', 'example_branch_datetime_operator_2']) retrieved from /home/airflow/.local/lib/python3.7/site-packages/airflow/example_dags/example_branch_datetime_operator.py
[2024-12-03T15:34:19.779+0000] {logging_mixin.py:120} INFO - [2024-12-03T15:34:19.779+0000] {dag.py:2585} INFO - Sync 3 DAGs
[2024-12-03T15:34:19.840+0000] {logging_mixin.py:120} INFO - [2024-12-03T15:34:19.840+0000] {dag.py:3340} INFO - Setting next_dagrun for example_branch_datetime_operator to 2024-12-02T00:00:00+00:00, run_after=2024-12-03T00:00:00+00:00
[2024-12-03T15:34:19.850+0000] {logging_mixin.py:120} INFO - [2024-12-03T15:34:19.850+0000] {dag.py:3340} INFO - Setting next_dagrun for example_branch_datetime_operator_2 to 2024-12-02T00:00:00+00:00, run_after=2024-12-03T00:00:00+00:00
[2024-12-03T15:34:19.860+0000] {logging_mixin.py:120} INFO - [2024-12-03T15:34:19.859+0000] {dag.py:3340} INFO - Setting next_dagrun for example_branch_datetime_operator_3 to 2024-12-02T00:00:00+00:00, run_after=2024-12-03T00:00:00+00:00
[2024-12-03T15:34:19.901+0000] {processor.py:176} INFO - Processing /home/airflow/.local/lib/python3.7/site-packages/airflow/example_dags/example_branch_datetime_operator.py took 0.257 seconds
[2024-12-03T15:34:50.680+0000] {processor.py:154} INFO - Started process (PID=2014) to work on /home/airflow/.local/lib/python3.7/site-packages/airflow/example_dags/example_branch_datetime_operator.py
[2024-12-03T15:34:50.683+0000] {processor.py:756} INFO - Processing file /home/airflow/.local/lib/python3.7/site-packages/airflow/example_dags/example_branch_datetime_operator.py for tasks to queue
[2024-12-03T15:34:50.686+0000] {logging_mixin.py:120} INFO - [2024-12-03T15:34:50.686+0000] {dagbag.py:537} INFO - Filling up the DagBag from /home/airflow/.local/lib/python3.7/site-packages/airflow/example_dags/example_branch_datetime_operator.py
[2024-12-03T15:34:50.712+0000] {processor.py:766} INFO - DAG(s) dict_keys(['example_branch_datetime_operator', 'example_branch_datetime_operator_2', 'example_branch_datetime_operator_3']) retrieved from /home/airflow/.local/lib/python3.7/site-packages/airflow/example_dags/example_branch_datetime_operator.py
[2024-12-03T15:34:50.804+0000] {logging_mixin.py:120} INFO - [2024-12-03T15:34:50.804+0000] {dag.py:2585} INFO - Sync 3 DAGs
[2024-12-03T15:34:50.853+0000] {logging_mixin.py:120} INFO - [2024-12-03T15:34:50.853+0000] {dag.py:3340} INFO - Setting next_dagrun for example_branch_datetime_operator to 2024-12-02T00:00:00+00:00, run_after=2024-12-03T00:00:00+00:00
[2024-12-03T15:34:50.863+0000] {logging_mixin.py:120} INFO - [2024-12-03T15:34:50.863+0000] {dag.py:3340} INFO - Setting next_dagrun for example_branch_datetime_operator_2 to 2024-12-02T00:00:00+00:00, run_after=2024-12-03T00:00:00+00:00
[2024-12-03T15:34:50.868+0000] {logging_mixin.py:120} INFO - [2024-12-03T15:34:50.868+0000] {dag.py:3340} INFO - Setting next_dagrun for example_branch_datetime_operator_3 to 2024-12-02T00:00:00+00:00, run_after=2024-12-03T00:00:00+00:00
[2024-12-03T15:34:50.927+0000] {processor.py:176} INFO - Processing /home/airflow/.local/lib/python3.7/site-packages/airflow/example_dags/example_branch_datetime_operator.py took 0.254 seconds
[2024-12-03T15:35:21.616+0000] {processor.py:154} INFO - Started process (PID=2068) to work on /home/airflow/.local/lib/python3.7/site-packages/airflow/example_dags/example_branch_datetime_operator.py
[2024-12-03T15:35:21.618+0000] {processor.py:756} INFO - Processing file /home/airflow/.local/lib/python3.7/site-packages/airflow/example_dags/example_branch_datetime_operator.py for tasks to queue
[2024-12-03T15:35:21.620+0000] {logging_mixin.py:120} INFO - [2024-12-03T15:35:21.619+0000] {dagbag.py:537} INFO - Filling up the DagBag from /home/airflow/.local/lib/python3.7/site-packages/airflow/example_dags/example_branch_datetime_operator.py
[2024-12-03T15:35:21.653+0000] {processor.py:766} INFO - DAG(s) dict_keys(['example_branch_datetime_operator_3', 'example_branch_datetime_operator_2', 'example_branch_datetime_operator']) retrieved from /home/airflow/.local/lib/python3.7/site-packages/airflow/example_dags/example_branch_datetime_operator.py
[2024-12-03T15:35:21.734+0000] {logging_mixin.py:120} INFO - [2024-12-03T15:35:21.733+0000] {dag.py:2585} INFO - Sync 3 DAGs
[2024-12-03T15:35:21.794+0000] {logging_mixin.py:120} INFO - [2024-12-03T15:35:21.794+0000] {dag.py:3340} INFO - Setting next_dagrun for example_branch_datetime_operator to 2024-12-02T00:00:00+00:00, run_after=2024-12-03T00:00:00+00:00
[2024-12-03T15:35:21.804+0000] {logging_mixin.py:120} INFO - [2024-12-03T15:35:21.804+0000] {dag.py:3340} INFO - Setting next_dagrun for example_branch_datetime_operator_2 to 2024-12-02T00:00:00+00:00, run_after=2024-12-03T00:00:00+00:00
[2024-12-03T15:35:21.811+0000] {logging_mixin.py:120} INFO - [2024-12-03T15:35:21.811+0000] {dag.py:3340} INFO - Setting next_dagrun for example_branch_datetime_operator_3 to 2024-12-02T00:00:00+00:00, run_after=2024-12-03T00:00:00+00:00
[2024-12-03T15:35:21.849+0000] {processor.py:176} INFO - Processing /home/airflow/.local/lib/python3.7/site-packages/airflow/example_dags/example_branch_datetime_operator.py took 0.237 seconds
[2024-12-03T15:35:52.269+0000] {processor.py:154} INFO - Started process (PID=2132) to work on /home/airflow/.local/lib/python3.7/site-packages/airflow/example_dags/example_branch_datetime_operator.py
[2024-12-03T15:35:52.273+0000] {processor.py:756} INFO - Processing file /home/airflow/.local/lib/python3.7/site-packages/airflow/example_dags/example_branch_datetime_operator.py for tasks to queue
[2024-12-03T15:35:52.275+0000] {logging_mixin.py:120} INFO - [2024-12-03T15:35:52.274+0000] {dagbag.py:537} INFO - Filling up the DagBag from /home/airflow/.local/lib/python3.7/site-packages/airflow/example_dags/example_branch_datetime_operator.py
[2024-12-03T15:35:52.313+0000] {processor.py:766} INFO - DAG(s) dict_keys(['example_branch_datetime_operator_3', 'example_branch_datetime_operator', 'example_branch_datetime_operator_2']) retrieved from /home/airflow/.local/lib/python3.7/site-packages/airflow/example_dags/example_branch_datetime_operator.py
[2024-12-03T15:35:52.422+0000] {logging_mixin.py:120} INFO - [2024-12-03T15:35:52.422+0000] {dag.py:2585} INFO - Sync 3 DAGs
[2024-12-03T15:35:52.489+0000] {logging_mixin.py:120} INFO - [2024-12-03T15:35:52.489+0000] {dag.py:3340} INFO - Setting next_dagrun for example_branch_datetime_operator to 2024-12-02T00:00:00+00:00, run_after=2024-12-03T00:00:00+00:00
[2024-12-03T15:35:52.503+0000] {logging_mixin.py:120} INFO - [2024-12-03T15:35:52.502+0000] {dag.py:3340} INFO - Setting next_dagrun for example_branch_datetime_operator_2 to 2024-12-02T00:00:00+00:00, run_after=2024-12-03T00:00:00+00:00
[2024-12-03T15:35:52.515+0000] {logging_mixin.py:120} INFO - [2024-12-03T15:35:52.514+0000] {dag.py:3340} INFO - Setting next_dagrun for example_branch_datetime_operator_3 to 2024-12-02T00:00:00+00:00, run_after=2024-12-03T00:00:00+00:00
[2024-12-03T15:35:52.573+0000] {processor.py:176} INFO - Processing /home/airflow/.local/lib/python3.7/site-packages/airflow/example_dags/example_branch_datetime_operator.py took 0.312 seconds
[2024-12-03T15:36:22.743+0000] {processor.py:154} INFO - Started process (PID=2187) to work on /home/airflow/.local/lib/python3.7/site-packages/airflow/example_dags/example_branch_datetime_operator.py
[2024-12-03T15:36:22.745+0000] {processor.py:756} INFO - Processing file /home/airflow/.local/lib/python3.7/site-packages/airflow/example_dags/example_branch_datetime_operator.py for tasks to queue
[2024-12-03T15:36:22.748+0000] {logging_mixin.py:120} INFO - [2024-12-03T15:36:22.747+0000] {dagbag.py:537} INFO - Filling up the DagBag from /home/airflow/.local/lib/python3.7/site-packages/airflow/example_dags/example_branch_datetime_operator.py
[2024-12-03T15:36:22.776+0000] {processor.py:766} INFO - DAG(s) dict_keys(['example_branch_datetime_operator', 'example_branch_datetime_operator_2', 'example_branch_datetime_operator_3']) retrieved from /home/airflow/.local/lib/python3.7/site-packages/airflow/example_dags/example_branch_datetime_operator.py
[2024-12-03T15:36:22.881+0000] {logging_mixin.py:120} INFO - [2024-12-03T15:36:22.880+0000] {dag.py:2585} INFO - Sync 3 DAGs
[2024-12-03T15:36:22.940+0000] {logging_mixin.py:120} INFO - [2024-12-03T15:36:22.940+0000] {dag.py:3340} INFO - Setting next_dagrun for example_branch_datetime_operator to 2024-12-02T00:00:00+00:00, run_after=2024-12-03T00:00:00+00:00
[2024-12-03T15:36:22.950+0000] {logging_mixin.py:120} INFO - [2024-12-03T15:36:22.950+0000] {dag.py:3340} INFO - Setting next_dagrun for example_branch_datetime_operator_2 to 2024-12-02T00:00:00+00:00, run_after=2024-12-03T00:00:00+00:00
[2024-12-03T15:36:22.956+0000] {logging_mixin.py:120} INFO - [2024-12-03T15:36:22.956+0000] {dag.py:3340} INFO - Setting next_dagrun for example_branch_datetime_operator_3 to 2024-12-02T00:00:00+00:00, run_after=2024-12-03T00:00:00+00:00
[2024-12-03T15:36:22.996+0000] {processor.py:176} INFO - Processing /home/airflow/.local/lib/python3.7/site-packages/airflow/example_dags/example_branch_datetime_operator.py took 0.259 seconds
[2024-12-03T15:36:53.319+0000] {processor.py:154} INFO - Started process (PID=2245) to work on /home/airflow/.local/lib/python3.7/site-packages/airflow/example_dags/example_branch_datetime_operator.py
[2024-12-03T15:36:53.321+0000] {processor.py:756} INFO - Processing file /home/airflow/.local/lib/python3.7/site-packages/airflow/example_dags/example_branch_datetime_operator.py for tasks to queue
[2024-12-03T15:36:53.323+0000] {logging_mixin.py:120} INFO - [2024-12-03T15:36:53.322+0000] {dagbag.py:537} INFO - Filling up the DagBag from /home/airflow/.local/lib/python3.7/site-packages/airflow/example_dags/example_branch_datetime_operator.py
[2024-12-03T15:36:53.360+0000] {processor.py:766} INFO - DAG(s) dict_keys(['example_branch_datetime_operator_2', 'example_branch_datetime_operator_3', 'example_branch_datetime_operator']) retrieved from /home/airflow/.local/lib/python3.7/site-packages/airflow/example_dags/example_branch_datetime_operator.py
[2024-12-03T15:36:53.458+0000] {logging_mixin.py:120} INFO - [2024-12-03T15:36:53.458+0000] {dag.py:2585} INFO - Sync 3 DAGs
[2024-12-03T15:36:53.504+0000] {logging_mixin.py:120} INFO - [2024-12-03T15:36:53.504+0000] {dag.py:3340} INFO - Setting next_dagrun for example_branch_datetime_operator to 2024-12-02T00:00:00+00:00, run_after=2024-12-03T00:00:00+00:00
[2024-12-03T15:36:53.515+0000] {logging_mixin.py:120} INFO - [2024-12-03T15:36:53.515+0000] {dag.py:3340} INFO - Setting next_dagrun for example_branch_datetime_operator_2 to 2024-12-02T00:00:00+00:00, run_after=2024-12-03T00:00:00+00:00
[2024-12-03T15:36:53.520+0000] {logging_mixin.py:120} INFO - [2024-12-03T15:36:53.520+0000] {dag.py:3340} INFO - Setting next_dagrun for example_branch_datetime_operator_3 to 2024-12-02T00:00:00+00:00, run_after=2024-12-03T00:00:00+00:00
[2024-12-03T15:36:53.566+0000] {processor.py:176} INFO - Processing /home/airflow/.local/lib/python3.7/site-packages/airflow/example_dags/example_branch_datetime_operator.py took 0.254 seconds
[2024-12-03T15:37:24.360+0000] {processor.py:154} INFO - Started process (PID=2308) to work on /home/airflow/.local/lib/python3.7/site-packages/airflow/example_dags/example_branch_datetime_operator.py
[2024-12-03T15:37:24.362+0000] {processor.py:756} INFO - Processing file /home/airflow/.local/lib/python3.7/site-packages/airflow/example_dags/example_branch_datetime_operator.py for tasks to queue
[2024-12-03T15:37:24.365+0000] {logging_mixin.py:120} INFO - [2024-12-03T15:37:24.364+0000] {dagbag.py:537} INFO - Filling up the DagBag from /home/airflow/.local/lib/python3.7/site-packages/airflow/example_dags/example_branch_datetime_operator.py
[2024-12-03T15:37:24.413+0000] {processor.py:766} INFO - DAG(s) dict_keys(['example_branch_datetime_operator_2', 'example_branch_datetime_operator_3', 'example_branch_datetime_operator']) retrieved from /home/airflow/.local/lib/python3.7/site-packages/airflow/example_dags/example_branch_datetime_operator.py
[2024-12-03T15:37:24.545+0000] {logging_mixin.py:120} INFO - [2024-12-03T15:37:24.544+0000] {dag.py:2585} INFO - Sync 3 DAGs
[2024-12-03T15:37:24.614+0000] {logging_mixin.py:120} INFO - [2024-12-03T15:37:24.614+0000] {dag.py:3340} INFO - Setting next_dagrun for example_branch_datetime_operator to 2024-12-02T00:00:00+00:00, run_after=2024-12-03T00:00:00+00:00
[2024-12-03T15:37:24.622+0000] {logging_mixin.py:120} INFO - [2024-12-03T15:37:24.622+0000] {dag.py:3340} INFO - Setting next_dagrun for example_branch_datetime_operator_2 to 2024-12-02T00:00:00+00:00, run_after=2024-12-03T00:00:00+00:00
[2024-12-03T15:37:24.627+0000] {logging_mixin.py:120} INFO - [2024-12-03T15:37:24.627+0000] {dag.py:3340} INFO - Setting next_dagrun for example_branch_datetime_operator_3 to 2024-12-02T00:00:00+00:00, run_after=2024-12-03T00:00:00+00:00
[2024-12-03T15:37:24.665+0000] {processor.py:176} INFO - Processing /home/airflow/.local/lib/python3.7/site-packages/airflow/example_dags/example_branch_datetime_operator.py took 0.315 seconds
[2024-12-03T15:37:55.424+0000] {processor.py:154} INFO - Started process (PID=2363) to work on /home/airflow/.local/lib/python3.7/site-packages/airflow/example_dags/example_branch_datetime_operator.py
[2024-12-03T15:37:55.426+0000] {processor.py:756} INFO - Processing file /home/airflow/.local/lib/python3.7/site-packages/airflow/example_dags/example_branch_datetime_operator.py for tasks to queue
[2024-12-03T15:37:55.428+0000] {logging_mixin.py:120} INFO - [2024-12-03T15:37:55.428+0000] {dagbag.py:537} INFO - Filling up the DagBag from /home/airflow/.local/lib/python3.7/site-packages/airflow/example_dags/example_branch_datetime_operator.py
[2024-12-03T15:37:55.462+0000] {processor.py:766} INFO - DAG(s) dict_keys(['example_branch_datetime_operator_2', 'example_branch_datetime_operator', 'example_branch_datetime_operator_3']) retrieved from /home/airflow/.local/lib/python3.7/site-packages/airflow/example_dags/example_branch_datetime_operator.py
[2024-12-03T15:37:55.566+0000] {logging_mixin.py:120} INFO - [2024-12-03T15:37:55.566+0000] {dag.py:2585} INFO - Sync 3 DAGs
[2024-12-03T15:37:55.631+0000] {logging_mixin.py:120} INFO - [2024-12-03T15:37:55.631+0000] {dag.py:3340} INFO - Setting next_dagrun for example_branch_datetime_operator to 2024-12-02T00:00:00+00:00, run_after=2024-12-03T00:00:00+00:00
[2024-12-03T15:37:55.645+0000] {logging_mixin.py:120} INFO - [2024-12-03T15:37:55.645+0000] {dag.py:3340} INFO - Setting next_dagrun for example_branch_datetime_operator_2 to 2024-12-02T00:00:00+00:00, run_after=2024-12-03T00:00:00+00:00
[2024-12-03T15:37:55.658+0000] {logging_mixin.py:120} INFO - [2024-12-03T15:37:55.658+0000] {dag.py:3340} INFO - Setting next_dagrun for example_branch_datetime_operator_3 to 2024-12-02T00:00:00+00:00, run_after=2024-12-03T00:00:00+00:00
[2024-12-03T15:37:55.703+0000] {processor.py:176} INFO - Processing /home/airflow/.local/lib/python3.7/site-packages/airflow/example_dags/example_branch_datetime_operator.py took 0.283 seconds
[2024-12-03T15:38:26.033+0000] {processor.py:154} INFO - Started process (PID=2428) to work on /home/airflow/.local/lib/python3.7/site-packages/airflow/example_dags/example_branch_datetime_operator.py
[2024-12-03T15:38:26.035+0000] {processor.py:756} INFO - Processing file /home/airflow/.local/lib/python3.7/site-packages/airflow/example_dags/example_branch_datetime_operator.py for tasks to queue
[2024-12-03T15:38:26.036+0000] {logging_mixin.py:120} INFO - [2024-12-03T15:38:26.036+0000] {dagbag.py:537} INFO - Filling up the DagBag from /home/airflow/.local/lib/python3.7/site-packages/airflow/example_dags/example_branch_datetime_operator.py
[2024-12-03T15:38:26.074+0000] {processor.py:766} INFO - DAG(s) dict_keys(['example_branch_datetime_operator', 'example_branch_datetime_operator_3', 'example_branch_datetime_operator_2']) retrieved from /home/airflow/.local/lib/python3.7/site-packages/airflow/example_dags/example_branch_datetime_operator.py
[2024-12-03T15:38:26.169+0000] {logging_mixin.py:120} INFO - [2024-12-03T15:38:26.169+0000] {dag.py:2585} INFO - Sync 3 DAGs
[2024-12-03T15:38:26.236+0000] {logging_mixin.py:120} INFO - [2024-12-03T15:38:26.236+0000] {dag.py:3340} INFO - Setting next_dagrun for example_branch_datetime_operator to 2024-12-02T00:00:00+00:00, run_after=2024-12-03T00:00:00+00:00
[2024-12-03T15:38:26.248+0000] {logging_mixin.py:120} INFO - [2024-12-03T15:38:26.247+0000] {dag.py:3340} INFO - Setting next_dagrun for example_branch_datetime_operator_2 to 2024-12-02T00:00:00+00:00, run_after=2024-12-03T00:00:00+00:00
[2024-12-03T15:38:26.254+0000] {logging_mixin.py:120} INFO - [2024-12-03T15:38:26.254+0000] {dag.py:3340} INFO - Setting next_dagrun for example_branch_datetime_operator_3 to 2024-12-02T00:00:00+00:00, run_after=2024-12-03T00:00:00+00:00
[2024-12-03T15:38:26.317+0000] {processor.py:176} INFO - Processing /home/airflow/.local/lib/python3.7/site-packages/airflow/example_dags/example_branch_datetime_operator.py took 0.288 seconds
[2024-12-03T15:38:56.574+0000] {processor.py:154} INFO - Started process (PID=2483) to work on /home/airflow/.local/lib/python3.7/site-packages/airflow/example_dags/example_branch_datetime_operator.py
[2024-12-03T15:38:56.576+0000] {processor.py:756} INFO - Processing file /home/airflow/.local/lib/python3.7/site-packages/airflow/example_dags/example_branch_datetime_operator.py for tasks to queue
[2024-12-03T15:38:56.579+0000] {logging_mixin.py:120} INFO - [2024-12-03T15:38:56.578+0000] {dagbag.py:537} INFO - Filling up the DagBag from /home/airflow/.local/lib/python3.7/site-packages/airflow/example_dags/example_branch_datetime_operator.py
[2024-12-03T15:38:56.622+0000] {processor.py:766} INFO - DAG(s) dict_keys(['example_branch_datetime_operator_3', 'example_branch_datetime_operator', 'example_branch_datetime_operator_2']) retrieved from /home/airflow/.local/lib/python3.7/site-packages/airflow/example_dags/example_branch_datetime_operator.py
[2024-12-03T15:38:56.717+0000] {logging_mixin.py:120} INFO - [2024-12-03T15:38:56.716+0000] {dag.py:2585} INFO - Sync 3 DAGs
[2024-12-03T15:38:56.772+0000] {logging_mixin.py:120} INFO - [2024-12-03T15:38:56.771+0000] {dag.py:3340} INFO - Setting next_dagrun for example_branch_datetime_operator to 2024-12-02T00:00:00+00:00, run_after=2024-12-03T00:00:00+00:00
[2024-12-03T15:38:56.782+0000] {logging_mixin.py:120} INFO - [2024-12-03T15:38:56.781+0000] {dag.py:3340} INFO - Setting next_dagrun for example_branch_datetime_operator_2 to 2024-12-02T00:00:00+00:00, run_after=2024-12-03T00:00:00+00:00
[2024-12-03T15:38:56.788+0000] {logging_mixin.py:120} INFO - [2024-12-03T15:38:56.788+0000] {dag.py:3340} INFO - Setting next_dagrun for example_branch_datetime_operator_3 to 2024-12-02T00:00:00+00:00, run_after=2024-12-03T00:00:00+00:00
[2024-12-03T15:38:56.831+0000] {processor.py:176} INFO - Processing /home/airflow/.local/lib/python3.7/site-packages/airflow/example_dags/example_branch_datetime_operator.py took 0.262 seconds
[2024-12-03T15:39:27.026+0000] {processor.py:154} INFO - Started process (PID=2547) to work on /home/airflow/.local/lib/python3.7/site-packages/airflow/example_dags/example_branch_datetime_operator.py
[2024-12-03T15:39:27.029+0000] {processor.py:756} INFO - Processing file /home/airflow/.local/lib/python3.7/site-packages/airflow/example_dags/example_branch_datetime_operator.py for tasks to queue
[2024-12-03T15:39:27.032+0000] {logging_mixin.py:120} INFO - [2024-12-03T15:39:27.032+0000] {dagbag.py:537} INFO - Filling up the DagBag from /home/airflow/.local/lib/python3.7/site-packages/airflow/example_dags/example_branch_datetime_operator.py
[2024-12-03T15:39:27.066+0000] {processor.py:766} INFO - DAG(s) dict_keys(['example_branch_datetime_operator', 'example_branch_datetime_operator_3', 'example_branch_datetime_operator_2']) retrieved from /home/airflow/.local/lib/python3.7/site-packages/airflow/example_dags/example_branch_datetime_operator.py
[2024-12-03T15:39:27.177+0000] {logging_mixin.py:120} INFO - [2024-12-03T15:39:27.176+0000] {dag.py:2585} INFO - Sync 3 DAGs
[2024-12-03T15:39:27.233+0000] {logging_mixin.py:120} INFO - [2024-12-03T15:39:27.233+0000] {dag.py:3340} INFO - Setting next_dagrun for example_branch_datetime_operator to 2024-12-02T00:00:00+00:00, run_after=2024-12-03T00:00:00+00:00
[2024-12-03T15:39:27.245+0000] {logging_mixin.py:120} INFO - [2024-12-03T15:39:27.245+0000] {dag.py:3340} INFO - Setting next_dagrun for example_branch_datetime_operator_2 to 2024-12-02T00:00:00+00:00, run_after=2024-12-03T00:00:00+00:00
[2024-12-03T15:39:27.251+0000] {logging_mixin.py:120} INFO - [2024-12-03T15:39:27.251+0000] {dag.py:3340} INFO - Setting next_dagrun for example_branch_datetime_operator_3 to 2024-12-02T00:00:00+00:00, run_after=2024-12-03T00:00:00+00:00
[2024-12-03T15:39:27.291+0000] {processor.py:176} INFO - Processing /home/airflow/.local/lib/python3.7/site-packages/airflow/example_dags/example_branch_datetime_operator.py took 0.271 seconds
[2024-12-03T15:39:57.463+0000] {processor.py:154} INFO - Started process (PID=2602) to work on /home/airflow/.local/lib/python3.7/site-packages/airflow/example_dags/example_branch_datetime_operator.py
[2024-12-03T15:39:57.465+0000] {processor.py:756} INFO - Processing file /home/airflow/.local/lib/python3.7/site-packages/airflow/example_dags/example_branch_datetime_operator.py for tasks to queue
[2024-12-03T15:39:57.466+0000] {logging_mixin.py:120} INFO - [2024-12-03T15:39:57.466+0000] {dagbag.py:537} INFO - Filling up the DagBag from /home/airflow/.local/lib/python3.7/site-packages/airflow/example_dags/example_branch_datetime_operator.py
[2024-12-03T15:39:57.491+0000] {processor.py:766} INFO - DAG(s) dict_keys(['example_branch_datetime_operator_3', 'example_branch_datetime_operator_2', 'example_branch_datetime_operator']) retrieved from /home/airflow/.local/lib/python3.7/site-packages/airflow/example_dags/example_branch_datetime_operator.py
[2024-12-03T15:39:57.563+0000] {logging_mixin.py:120} INFO - [2024-12-03T15:39:57.562+0000] {dag.py:2585} INFO - Sync 3 DAGs
[2024-12-03T15:39:57.600+0000] {logging_mixin.py:120} INFO - [2024-12-03T15:39:57.600+0000] {dag.py:3340} INFO - Setting next_dagrun for example_branch_datetime_operator to 2024-12-02T00:00:00+00:00, run_after=2024-12-03T00:00:00+00:00
[2024-12-03T15:39:57.607+0000] {logging_mixin.py:120} INFO - [2024-12-03T15:39:57.607+0000] {dag.py:3340} INFO - Setting next_dagrun for example_branch_datetime_operator_2 to 2024-12-02T00:00:00+00:00, run_after=2024-12-03T00:00:00+00:00
[2024-12-03T15:39:57.612+0000] {logging_mixin.py:120} INFO - [2024-12-03T15:39:57.612+0000] {dag.py:3340} INFO - Setting next_dagrun for example_branch_datetime_operator_3 to 2024-12-02T00:00:00+00:00, run_after=2024-12-03T00:00:00+00:00
[2024-12-03T15:39:57.660+0000] {processor.py:176} INFO - Processing /home/airflow/.local/lib/python3.7/site-packages/airflow/example_dags/example_branch_datetime_operator.py took 0.200 seconds
[2024-12-03T15:40:28.193+0000] {processor.py:154} INFO - Started process (PID=2665) to work on /home/airflow/.local/lib/python3.7/site-packages/airflow/example_dags/example_branch_datetime_operator.py
[2024-12-03T15:40:28.195+0000] {processor.py:756} INFO - Processing file /home/airflow/.local/lib/python3.7/site-packages/airflow/example_dags/example_branch_datetime_operator.py for tasks to queue
[2024-12-03T15:40:28.197+0000] {logging_mixin.py:120} INFO - [2024-12-03T15:40:28.196+0000] {dagbag.py:537} INFO - Filling up the DagBag from /home/airflow/.local/lib/python3.7/site-packages/airflow/example_dags/example_branch_datetime_operator.py
[2024-12-03T15:40:28.236+0000] {processor.py:766} INFO - DAG(s) dict_keys(['example_branch_datetime_operator_3', 'example_branch_datetime_operator', 'example_branch_datetime_operator_2']) retrieved from /home/airflow/.local/lib/python3.7/site-packages/airflow/example_dags/example_branch_datetime_operator.py
[2024-12-03T15:40:28.348+0000] {logging_mixin.py:120} INFO - [2024-12-03T15:40:28.347+0000] {dag.py:2585} INFO - Sync 3 DAGs
[2024-12-03T15:40:28.424+0000] {logging_mixin.py:120} INFO - [2024-12-03T15:40:28.424+0000] {dag.py:3340} INFO - Setting next_dagrun for example_branch_datetime_operator to 2024-12-02T00:00:00+00:00, run_after=2024-12-03T00:00:00+00:00
[2024-12-03T15:40:28.440+0000] {logging_mixin.py:120} INFO - [2024-12-03T15:40:28.440+0000] {dag.py:3340} INFO - Setting next_dagrun for example_branch_datetime_operator_2 to 2024-12-02T00:00:00+00:00, run_after=2024-12-03T00:00:00+00:00
[2024-12-03T15:40:28.445+0000] {logging_mixin.py:120} INFO - [2024-12-03T15:40:28.445+0000] {dag.py:3340} INFO - Setting next_dagrun for example_branch_datetime_operator_3 to 2024-12-02T00:00:00+00:00, run_after=2024-12-03T00:00:00+00:00
[2024-12-03T15:40:28.485+0000] {processor.py:176} INFO - Processing /home/airflow/.local/lib/python3.7/site-packages/airflow/example_dags/example_branch_datetime_operator.py took 0.298 seconds
[2024-12-03T15:40:59.022+0000] {processor.py:154} INFO - Started process (PID=2720) to work on /home/airflow/.local/lib/python3.7/site-packages/airflow/example_dags/example_branch_datetime_operator.py
[2024-12-03T15:40:59.023+0000] {processor.py:756} INFO - Processing file /home/airflow/.local/lib/python3.7/site-packages/airflow/example_dags/example_branch_datetime_operator.py for tasks to queue
[2024-12-03T15:40:59.026+0000] {logging_mixin.py:120} INFO - [2024-12-03T15:40:59.025+0000] {dagbag.py:537} INFO - Filling up the DagBag from /home/airflow/.local/lib/python3.7/site-packages/airflow/example_dags/example_branch_datetime_operator.py
[2024-12-03T15:40:59.062+0000] {processor.py:766} INFO - DAG(s) dict_keys(['example_branch_datetime_operator_3', 'example_branch_datetime_operator_2', 'example_branch_datetime_operator']) retrieved from /home/airflow/.local/lib/python3.7/site-packages/airflow/example_dags/example_branch_datetime_operator.py
[2024-12-03T15:40:59.152+0000] {logging_mixin.py:120} INFO - [2024-12-03T15:40:59.152+0000] {dag.py:2585} INFO - Sync 3 DAGs
[2024-12-03T15:40:59.206+0000] {logging_mixin.py:120} INFO - [2024-12-03T15:40:59.205+0000] {dag.py:3340} INFO - Setting next_dagrun for example_branch_datetime_operator to 2024-12-02T00:00:00+00:00, run_after=2024-12-03T00:00:00+00:00
[2024-12-03T15:40:59.215+0000] {logging_mixin.py:120} INFO - [2024-12-03T15:40:59.215+0000] {dag.py:3340} INFO - Setting next_dagrun for example_branch_datetime_operator_2 to 2024-12-02T00:00:00+00:00, run_after=2024-12-03T00:00:00+00:00
[2024-12-03T15:40:59.222+0000] {logging_mixin.py:120} INFO - [2024-12-03T15:40:59.221+0000] {dag.py:3340} INFO - Setting next_dagrun for example_branch_datetime_operator_3 to 2024-12-02T00:00:00+00:00, run_after=2024-12-03T00:00:00+00:00
[2024-12-03T15:40:59.265+0000] {processor.py:176} INFO - Processing /home/airflow/.local/lib/python3.7/site-packages/airflow/example_dags/example_branch_datetime_operator.py took 0.250 seconds
[2024-12-03T15:41:29.753+0000] {processor.py:154} INFO - Started process (PID=2782) to work on /home/airflow/.local/lib/python3.7/site-packages/airflow/example_dags/example_branch_datetime_operator.py
[2024-12-03T15:41:29.755+0000] {processor.py:756} INFO - Processing file /home/airflow/.local/lib/python3.7/site-packages/airflow/example_dags/example_branch_datetime_operator.py for tasks to queue
[2024-12-03T15:41:29.756+0000] {logging_mixin.py:120} INFO - [2024-12-03T15:41:29.756+0000] {dagbag.py:537} INFO - Filling up the DagBag from /home/airflow/.local/lib/python3.7/site-packages/airflow/example_dags/example_branch_datetime_operator.py
[2024-12-03T15:41:29.786+0000] {processor.py:766} INFO - DAG(s) dict_keys(['example_branch_datetime_operator_3', 'example_branch_datetime_operator', 'example_branch_datetime_operator_2']) retrieved from /home/airflow/.local/lib/python3.7/site-packages/airflow/example_dags/example_branch_datetime_operator.py
[2024-12-03T15:41:29.875+0000] {logging_mixin.py:120} INFO - [2024-12-03T15:41:29.874+0000] {dag.py:2585} INFO - Sync 3 DAGs
[2024-12-03T15:41:29.923+0000] {logging_mixin.py:120} INFO - [2024-12-03T15:41:29.923+0000] {dag.py:3340} INFO - Setting next_dagrun for example_branch_datetime_operator to 2024-12-02T00:00:00+00:00, run_after=2024-12-03T00:00:00+00:00
[2024-12-03T15:41:29.934+0000] {logging_mixin.py:120} INFO - [2024-12-03T15:41:29.934+0000] {dag.py:3340} INFO - Setting next_dagrun for example_branch_datetime_operator_2 to 2024-12-02T00:00:00+00:00, run_after=2024-12-03T00:00:00+00:00
[2024-12-03T15:41:29.941+0000] {logging_mixin.py:120} INFO - [2024-12-03T15:41:29.940+0000] {dag.py:3340} INFO - Setting next_dagrun for example_branch_datetime_operator_3 to 2024-12-02T00:00:00+00:00, run_after=2024-12-03T00:00:00+00:00
[2024-12-03T15:41:29.989+0000] {processor.py:176} INFO - Processing /home/airflow/.local/lib/python3.7/site-packages/airflow/example_dags/example_branch_datetime_operator.py took 0.241 seconds
[2024-12-03T15:42:00.377+0000] {processor.py:154} INFO - Started process (PID=2839) to work on /home/airflow/.local/lib/python3.7/site-packages/airflow/example_dags/example_branch_datetime_operator.py
[2024-12-03T15:42:00.379+0000] {processor.py:756} INFO - Processing file /home/airflow/.local/lib/python3.7/site-packages/airflow/example_dags/example_branch_datetime_operator.py for tasks to queue
[2024-12-03T15:42:00.382+0000] {logging_mixin.py:120} INFO - [2024-12-03T15:42:00.382+0000] {dagbag.py:537} INFO - Filling up the DagBag from /home/airflow/.local/lib/python3.7/site-packages/airflow/example_dags/example_branch_datetime_operator.py
[2024-12-03T15:42:00.428+0000] {processor.py:766} INFO - DAG(s) dict_keys(['example_branch_datetime_operator_2', 'example_branch_datetime_operator_3', 'example_branch_datetime_operator']) retrieved from /home/airflow/.local/lib/python3.7/site-packages/airflow/example_dags/example_branch_datetime_operator.py
[2024-12-03T15:42:00.527+0000] {logging_mixin.py:120} INFO - [2024-12-03T15:42:00.527+0000] {dag.py:2585} INFO - Sync 3 DAGs
[2024-12-03T15:42:00.584+0000] {logging_mixin.py:120} INFO - [2024-12-03T15:42:00.584+0000] {dag.py:3340} INFO - Setting next_dagrun for example_branch_datetime_operator to 2024-12-02T00:00:00+00:00, run_after=2024-12-03T00:00:00+00:00
[2024-12-03T15:42:00.598+0000] {logging_mixin.py:120} INFO - [2024-12-03T15:42:00.597+0000] {dag.py:3340} INFO - Setting next_dagrun for example_branch_datetime_operator_2 to 2024-12-02T00:00:00+00:00, run_after=2024-12-03T00:00:00+00:00
[2024-12-03T15:42:00.603+0000] {logging_mixin.py:120} INFO - [2024-12-03T15:42:00.603+0000] {dag.py:3340} INFO - Setting next_dagrun for example_branch_datetime_operator_3 to 2024-12-02T00:00:00+00:00, run_after=2024-12-03T00:00:00+00:00
[2024-12-03T15:42:00.639+0000] {processor.py:176} INFO - Processing /home/airflow/.local/lib/python3.7/site-packages/airflow/example_dags/example_branch_datetime_operator.py took 0.266 seconds
[2024-12-03T15:42:31.696+0000] {processor.py:154} INFO - Started process (PID=2894) to work on /home/airflow/.local/lib/python3.7/site-packages/airflow/example_dags/example_branch_datetime_operator.py
[2024-12-03T15:42:31.698+0000] {processor.py:756} INFO - Processing file /home/airflow/.local/lib/python3.7/site-packages/airflow/example_dags/example_branch_datetime_operator.py for tasks to queue
[2024-12-03T15:42:31.699+0000] {logging_mixin.py:120} INFO - [2024-12-03T15:42:31.699+0000] {dagbag.py:537} INFO - Filling up the DagBag from /home/airflow/.local/lib/python3.7/site-packages/airflow/example_dags/example_branch_datetime_operator.py
[2024-12-03T15:42:31.734+0000] {processor.py:766} INFO - DAG(s) dict_keys(['example_branch_datetime_operator_2', 'example_branch_datetime_operator_3', 'example_branch_datetime_operator']) retrieved from /home/airflow/.local/lib/python3.7/site-packages/airflow/example_dags/example_branch_datetime_operator.py
[2024-12-03T15:42:31.840+0000] {logging_mixin.py:120} INFO - [2024-12-03T15:42:31.839+0000] {dag.py:2585} INFO - Sync 3 DAGs
[2024-12-03T15:42:31.900+0000] {logging_mixin.py:120} INFO - [2024-12-03T15:42:31.900+0000] {dag.py:3340} INFO - Setting next_dagrun for example_branch_datetime_operator to 2024-12-02T00:00:00+00:00, run_after=2024-12-03T00:00:00+00:00
[2024-12-03T15:42:31.911+0000] {logging_mixin.py:120} INFO - [2024-12-03T15:42:31.910+0000] {dag.py:3340} INFO - Setting next_dagrun for example_branch_datetime_operator_2 to 2024-12-02T00:00:00+00:00, run_after=2024-12-03T00:00:00+00:00
[2024-12-03T15:42:31.916+0000] {logging_mixin.py:120} INFO - [2024-12-03T15:42:31.916+0000] {dag.py:3340} INFO - Setting next_dagrun for example_branch_datetime_operator_3 to 2024-12-02T00:00:00+00:00, run_after=2024-12-03T00:00:00+00:00
[2024-12-03T15:42:31.961+0000] {processor.py:176} INFO - Processing /home/airflow/.local/lib/python3.7/site-packages/airflow/example_dags/example_branch_datetime_operator.py took 0.271 seconds
[2024-12-03T15:43:02.628+0000] {processor.py:154} INFO - Started process (PID=2958) to work on /home/airflow/.local/lib/python3.7/site-packages/airflow/example_dags/example_branch_datetime_operator.py
[2024-12-03T15:43:02.630+0000] {processor.py:756} INFO - Processing file /home/airflow/.local/lib/python3.7/site-packages/airflow/example_dags/example_branch_datetime_operator.py for tasks to queue
[2024-12-03T15:43:02.632+0000] {logging_mixin.py:120} INFO - [2024-12-03T15:43:02.632+0000] {dagbag.py:537} INFO - Filling up the DagBag from /home/airflow/.local/lib/python3.7/site-packages/airflow/example_dags/example_branch_datetime_operator.py
[2024-12-03T15:43:02.655+0000] {processor.py:766} INFO - DAG(s) dict_keys(['example_branch_datetime_operator_3', 'example_branch_datetime_operator_2', 'example_branch_datetime_operator']) retrieved from /home/airflow/.local/lib/python3.7/site-packages/airflow/example_dags/example_branch_datetime_operator.py
[2024-12-03T15:43:02.718+0000] {logging_mixin.py:120} INFO - [2024-12-03T15:43:02.718+0000] {dag.py:2585} INFO - Sync 3 DAGs
[2024-12-03T15:43:02.761+0000] {logging_mixin.py:120} INFO - [2024-12-03T15:43:02.761+0000] {dag.py:3340} INFO - Setting next_dagrun for example_branch_datetime_operator to 2024-12-02T00:00:00+00:00, run_after=2024-12-03T00:00:00+00:00
[2024-12-03T15:43:02.768+0000] {logging_mixin.py:120} INFO - [2024-12-03T15:43:02.768+0000] {dag.py:3340} INFO - Setting next_dagrun for example_branch_datetime_operator_2 to 2024-12-02T00:00:00+00:00, run_after=2024-12-03T00:00:00+00:00
[2024-12-03T15:43:02.772+0000] {logging_mixin.py:120} INFO - [2024-12-03T15:43:02.772+0000] {dag.py:3340} INFO - Setting next_dagrun for example_branch_datetime_operator_3 to 2024-12-02T00:00:00+00:00, run_after=2024-12-03T00:00:00+00:00
[2024-12-03T15:43:02.803+0000] {processor.py:176} INFO - Processing /home/airflow/.local/lib/python3.7/site-packages/airflow/example_dags/example_branch_datetime_operator.py took 0.179 seconds
[2024-12-03T15:43:32.997+0000] {processor.py:154} INFO - Started process (PID=3014) to work on /home/airflow/.local/lib/python3.7/site-packages/airflow/example_dags/example_branch_datetime_operator.py
[2024-12-03T15:43:32.999+0000] {processor.py:756} INFO - Processing file /home/airflow/.local/lib/python3.7/site-packages/airflow/example_dags/example_branch_datetime_operator.py for tasks to queue
[2024-12-03T15:43:33.001+0000] {logging_mixin.py:120} INFO - [2024-12-03T15:43:33.000+0000] {dagbag.py:537} INFO - Filling up the DagBag from /home/airflow/.local/lib/python3.7/site-packages/airflow/example_dags/example_branch_datetime_operator.py
[2024-12-03T15:43:33.031+0000] {processor.py:766} INFO - DAG(s) dict_keys(['example_branch_datetime_operator_2', 'example_branch_datetime_operator_3', 'example_branch_datetime_operator']) retrieved from /home/airflow/.local/lib/python3.7/site-packages/airflow/example_dags/example_branch_datetime_operator.py
[2024-12-03T15:43:33.109+0000] {logging_mixin.py:120} INFO - [2024-12-03T15:43:33.109+0000] {dag.py:2585} INFO - Sync 3 DAGs
[2024-12-03T15:43:33.153+0000] {logging_mixin.py:120} INFO - [2024-12-03T15:43:33.153+0000] {dag.py:3340} INFO - Setting next_dagrun for example_branch_datetime_operator to 2024-12-02T00:00:00+00:00, run_after=2024-12-03T00:00:00+00:00
[2024-12-03T15:43:33.161+0000] {logging_mixin.py:120} INFO - [2024-12-03T15:43:33.161+0000] {dag.py:3340} INFO - Setting next_dagrun for example_branch_datetime_operator_2 to 2024-12-02T00:00:00+00:00, run_after=2024-12-03T00:00:00+00:00
[2024-12-03T15:43:33.168+0000] {logging_mixin.py:120} INFO - [2024-12-03T15:43:33.167+0000] {dag.py:3340} INFO - Setting next_dagrun for example_branch_datetime_operator_3 to 2024-12-02T00:00:00+00:00, run_after=2024-12-03T00:00:00+00:00
[2024-12-03T15:43:33.213+0000] {processor.py:176} INFO - Processing /home/airflow/.local/lib/python3.7/site-packages/airflow/example_dags/example_branch_datetime_operator.py took 0.222 seconds
[2024-12-03T15:44:04.025+0000] {processor.py:154} INFO - Started process (PID=3078) to work on /home/airflow/.local/lib/python3.7/site-packages/airflow/example_dags/example_branch_datetime_operator.py
[2024-12-03T15:44:04.027+0000] {processor.py:756} INFO - Processing file /home/airflow/.local/lib/python3.7/site-packages/airflow/example_dags/example_branch_datetime_operator.py for tasks to queue
[2024-12-03T15:44:04.030+0000] {logging_mixin.py:120} INFO - [2024-12-03T15:44:04.030+0000] {dagbag.py:537} INFO - Filling up the DagBag from /home/airflow/.local/lib/python3.7/site-packages/airflow/example_dags/example_branch_datetime_operator.py
[2024-12-03T15:44:04.068+0000] {processor.py:766} INFO - DAG(s) dict_keys(['example_branch_datetime_operator', 'example_branch_datetime_operator_3', 'example_branch_datetime_operator_2']) retrieved from /home/airflow/.local/lib/python3.7/site-packages/airflow/example_dags/example_branch_datetime_operator.py
[2024-12-03T15:44:04.177+0000] {logging_mixin.py:120} INFO - [2024-12-03T15:44:04.177+0000] {dag.py:2585} INFO - Sync 3 DAGs
[2024-12-03T15:44:04.247+0000] {logging_mixin.py:120} INFO - [2024-12-03T15:44:04.246+0000] {dag.py:3340} INFO - Setting next_dagrun for example_branch_datetime_operator to 2024-12-02T00:00:00+00:00, run_after=2024-12-03T00:00:00+00:00
[2024-12-03T15:44:04.257+0000] {logging_mixin.py:120} INFO - [2024-12-03T15:44:04.257+0000] {dag.py:3340} INFO - Setting next_dagrun for example_branch_datetime_operator_2 to 2024-12-02T00:00:00+00:00, run_after=2024-12-03T00:00:00+00:00
[2024-12-03T15:44:04.264+0000] {logging_mixin.py:120} INFO - [2024-12-03T15:44:04.264+0000] {dag.py:3340} INFO - Setting next_dagrun for example_branch_datetime_operator_3 to 2024-12-02T00:00:00+00:00, run_after=2024-12-03T00:00:00+00:00
[2024-12-03T15:44:04.303+0000] {processor.py:176} INFO - Processing /home/airflow/.local/lib/python3.7/site-packages/airflow/example_dags/example_branch_datetime_operator.py took 0.283 seconds
[2024-12-03T15:44:34.847+0000] {processor.py:154} INFO - Started process (PID=3133) to work on /home/airflow/.local/lib/python3.7/site-packages/airflow/example_dags/example_branch_datetime_operator.py
[2024-12-03T15:44:34.849+0000] {processor.py:756} INFO - Processing file /home/airflow/.local/lib/python3.7/site-packages/airflow/example_dags/example_branch_datetime_operator.py for tasks to queue
[2024-12-03T15:44:34.850+0000] {logging_mixin.py:120} INFO - [2024-12-03T15:44:34.850+0000] {dagbag.py:537} INFO - Filling up the DagBag from /home/airflow/.local/lib/python3.7/site-packages/airflow/example_dags/example_branch_datetime_operator.py
[2024-12-03T15:44:34.888+0000] {processor.py:766} INFO - DAG(s) dict_keys(['example_branch_datetime_operator_3', 'example_branch_datetime_operator_2', 'example_branch_datetime_operator']) retrieved from /home/airflow/.local/lib/python3.7/site-packages/airflow/example_dags/example_branch_datetime_operator.py
[2024-12-03T15:44:34.987+0000] {logging_mixin.py:120} INFO - [2024-12-03T15:44:34.987+0000] {dag.py:2585} INFO - Sync 3 DAGs
[2024-12-03T15:44:35.040+0000] {logging_mixin.py:120} INFO - [2024-12-03T15:44:35.040+0000] {dag.py:3340} INFO - Setting next_dagrun for example_branch_datetime_operator to 2024-12-02T00:00:00+00:00, run_after=2024-12-03T00:00:00+00:00
[2024-12-03T15:44:35.049+0000] {logging_mixin.py:120} INFO - [2024-12-03T15:44:35.049+0000] {dag.py:3340} INFO - Setting next_dagrun for example_branch_datetime_operator_2 to 2024-12-02T00:00:00+00:00, run_after=2024-12-03T00:00:00+00:00
[2024-12-03T15:44:35.054+0000] {logging_mixin.py:120} INFO - [2024-12-03T15:44:35.054+0000] {dag.py:3340} INFO - Setting next_dagrun for example_branch_datetime_operator_3 to 2024-12-02T00:00:00+00:00, run_after=2024-12-03T00:00:00+00:00
[2024-12-03T15:44:35.092+0000] {processor.py:176} INFO - Processing /home/airflow/.local/lib/python3.7/site-packages/airflow/example_dags/example_branch_datetime_operator.py took 0.252 seconds
[2024-12-03T15:45:05.173+0000] {processor.py:154} INFO - Started process (PID=3197) to work on /home/airflow/.local/lib/python3.7/site-packages/airflow/example_dags/example_branch_datetime_operator.py
[2024-12-03T15:45:05.175+0000] {processor.py:756} INFO - Processing file /home/airflow/.local/lib/python3.7/site-packages/airflow/example_dags/example_branch_datetime_operator.py for tasks to queue
[2024-12-03T15:45:05.177+0000] {logging_mixin.py:120} INFO - [2024-12-03T15:45:05.176+0000] {dagbag.py:537} INFO - Filling up the DagBag from /home/airflow/.local/lib/python3.7/site-packages/airflow/example_dags/example_branch_datetime_operator.py
[2024-12-03T15:45:05.209+0000] {processor.py:766} INFO - DAG(s) dict_keys(['example_branch_datetime_operator_2', 'example_branch_datetime_operator_3', 'example_branch_datetime_operator']) retrieved from /home/airflow/.local/lib/python3.7/site-packages/airflow/example_dags/example_branch_datetime_operator.py
[2024-12-03T15:45:05.297+0000] {logging_mixin.py:120} INFO - [2024-12-03T15:45:05.296+0000] {dag.py:2585} INFO - Sync 3 DAGs
[2024-12-03T15:45:05.357+0000] {logging_mixin.py:120} INFO - [2024-12-03T15:45:05.357+0000] {dag.py:3340} INFO - Setting next_dagrun for example_branch_datetime_operator to 2024-12-02T00:00:00+00:00, run_after=2024-12-03T00:00:00+00:00
[2024-12-03T15:45:05.367+0000] {logging_mixin.py:120} INFO - [2024-12-03T15:45:05.366+0000] {dag.py:3340} INFO - Setting next_dagrun for example_branch_datetime_operator_2 to 2024-12-02T00:00:00+00:00, run_after=2024-12-03T00:00:00+00:00
[2024-12-03T15:45:05.372+0000] {logging_mixin.py:120} INFO - [2024-12-03T15:45:05.372+0000] {dag.py:3340} INFO - Setting next_dagrun for example_branch_datetime_operator_3 to 2024-12-02T00:00:00+00:00, run_after=2024-12-03T00:00:00+00:00
[2024-12-03T15:45:05.412+0000] {processor.py:176} INFO - Processing /home/airflow/.local/lib/python3.7/site-packages/airflow/example_dags/example_branch_datetime_operator.py took 0.244 seconds
[2024-12-03T15:45:36.205+0000] {processor.py:154} INFO - Started process (PID=3252) to work on /home/airflow/.local/lib/python3.7/site-packages/airflow/example_dags/example_branch_datetime_operator.py
[2024-12-03T15:45:36.207+0000] {processor.py:756} INFO - Processing file /home/airflow/.local/lib/python3.7/site-packages/airflow/example_dags/example_branch_datetime_operator.py for tasks to queue
[2024-12-03T15:45:36.208+0000] {logging_mixin.py:120} INFO - [2024-12-03T15:45:36.208+0000] {dagbag.py:537} INFO - Filling up the DagBag from /home/airflow/.local/lib/python3.7/site-packages/airflow/example_dags/example_branch_datetime_operator.py
[2024-12-03T15:45:36.237+0000] {processor.py:766} INFO - DAG(s) dict_keys(['example_branch_datetime_operator_3', 'example_branch_datetime_operator', 'example_branch_datetime_operator_2']) retrieved from /home/airflow/.local/lib/python3.7/site-packages/airflow/example_dags/example_branch_datetime_operator.py
[2024-12-03T15:45:36.325+0000] {logging_mixin.py:120} INFO - [2024-12-03T15:45:36.324+0000] {dag.py:2585} INFO - Sync 3 DAGs
[2024-12-03T15:45:36.377+0000] {logging_mixin.py:120} INFO - [2024-12-03T15:45:36.377+0000] {dag.py:3340} INFO - Setting next_dagrun for example_branch_datetime_operator to 2024-12-02T00:00:00+00:00, run_after=2024-12-03T00:00:00+00:00
[2024-12-03T15:45:36.390+0000] {logging_mixin.py:120} INFO - [2024-12-03T15:45:36.389+0000] {dag.py:3340} INFO - Setting next_dagrun for example_branch_datetime_operator_2 to 2024-12-02T00:00:00+00:00, run_after=2024-12-03T00:00:00+00:00
[2024-12-03T15:45:36.395+0000] {logging_mixin.py:120} INFO - [2024-12-03T15:45:36.395+0000] {dag.py:3340} INFO - Setting next_dagrun for example_branch_datetime_operator_3 to 2024-12-02T00:00:00+00:00, run_after=2024-12-03T00:00:00+00:00
[2024-12-03T15:45:36.443+0000] {processor.py:176} INFO - Processing /home/airflow/.local/lib/python3.7/site-packages/airflow/example_dags/example_branch_datetime_operator.py took 0.242 seconds
[2024-12-03T15:46:06.945+0000] {processor.py:154} INFO - Started process (PID=3316) to work on /home/airflow/.local/lib/python3.7/site-packages/airflow/example_dags/example_branch_datetime_operator.py
[2024-12-03T15:46:06.948+0000] {processor.py:756} INFO - Processing file /home/airflow/.local/lib/python3.7/site-packages/airflow/example_dags/example_branch_datetime_operator.py for tasks to queue
[2024-12-03T15:46:06.952+0000] {logging_mixin.py:120} INFO - [2024-12-03T15:46:06.951+0000] {dagbag.py:537} INFO - Filling up the DagBag from /home/airflow/.local/lib/python3.7/site-packages/airflow/example_dags/example_branch_datetime_operator.py
[2024-12-03T15:46:06.998+0000] {processor.py:766} INFO - DAG(s) dict_keys(['example_branch_datetime_operator_3', 'example_branch_datetime_operator_2', 'example_branch_datetime_operator']) retrieved from /home/airflow/.local/lib/python3.7/site-packages/airflow/example_dags/example_branch_datetime_operator.py
[2024-12-03T15:46:07.173+0000] {logging_mixin.py:120} INFO - [2024-12-03T15:46:07.173+0000] {dag.py:2585} INFO - Sync 3 DAGs
[2024-12-03T15:46:07.252+0000] {logging_mixin.py:120} INFO - [2024-12-03T15:46:07.251+0000] {dag.py:3340} INFO - Setting next_dagrun for example_branch_datetime_operator to 2024-12-02T00:00:00+00:00, run_after=2024-12-03T00:00:00+00:00
[2024-12-03T15:46:07.261+0000] {logging_mixin.py:120} INFO - [2024-12-03T15:46:07.261+0000] {dag.py:3340} INFO - Setting next_dagrun for example_branch_datetime_operator_2 to 2024-12-02T00:00:00+00:00, run_after=2024-12-03T00:00:00+00:00
[2024-12-03T15:46:07.268+0000] {logging_mixin.py:120} INFO - [2024-12-03T15:46:07.268+0000] {dag.py:3340} INFO - Setting next_dagrun for example_branch_datetime_operator_3 to 2024-12-02T00:00:00+00:00, run_after=2024-12-03T00:00:00+00:00
[2024-12-03T15:46:07.318+0000] {processor.py:176} INFO - Processing /home/airflow/.local/lib/python3.7/site-packages/airflow/example_dags/example_branch_datetime_operator.py took 0.378 seconds
[2024-12-03T15:46:37.741+0000] {processor.py:154} INFO - Started process (PID=3373) to work on /home/airflow/.local/lib/python3.7/site-packages/airflow/example_dags/example_branch_datetime_operator.py
[2024-12-03T15:46:37.743+0000] {processor.py:756} INFO - Processing file /home/airflow/.local/lib/python3.7/site-packages/airflow/example_dags/example_branch_datetime_operator.py for tasks to queue
[2024-12-03T15:46:37.746+0000] {logging_mixin.py:120} INFO - [2024-12-03T15:46:37.746+0000] {dagbag.py:537} INFO - Filling up the DagBag from /home/airflow/.local/lib/python3.7/site-packages/airflow/example_dags/example_branch_datetime_operator.py
[2024-12-03T15:46:37.793+0000] {processor.py:766} INFO - DAG(s) dict_keys(['example_branch_datetime_operator_2', 'example_branch_datetime_operator', 'example_branch_datetime_operator_3']) retrieved from /home/airflow/.local/lib/python3.7/site-packages/airflow/example_dags/example_branch_datetime_operator.py
[2024-12-03T15:46:37.879+0000] {logging_mixin.py:120} INFO - [2024-12-03T15:46:37.879+0000] {dag.py:2585} INFO - Sync 3 DAGs
[2024-12-03T15:46:37.918+0000] {logging_mixin.py:120} INFO - [2024-12-03T15:46:37.918+0000] {dag.py:3340} INFO - Setting next_dagrun for example_branch_datetime_operator to 2024-12-02T00:00:00+00:00, run_after=2024-12-03T00:00:00+00:00
[2024-12-03T15:46:37.927+0000] {logging_mixin.py:120} INFO - [2024-12-03T15:46:37.926+0000] {dag.py:3340} INFO - Setting next_dagrun for example_branch_datetime_operator_2 to 2024-12-02T00:00:00+00:00, run_after=2024-12-03T00:00:00+00:00
[2024-12-03T15:46:37.931+0000] {logging_mixin.py:120} INFO - [2024-12-03T15:46:37.931+0000] {dag.py:3340} INFO - Setting next_dagrun for example_branch_datetime_operator_3 to 2024-12-02T00:00:00+00:00, run_after=2024-12-03T00:00:00+00:00
[2024-12-03T15:46:37.967+0000] {processor.py:176} INFO - Processing /home/airflow/.local/lib/python3.7/site-packages/airflow/example_dags/example_branch_datetime_operator.py took 0.231 seconds
[2024-12-03T15:47:08.655+0000] {processor.py:154} INFO - Started process (PID=3428) to work on /home/airflow/.local/lib/python3.7/site-packages/airflow/example_dags/example_branch_datetime_operator.py
[2024-12-03T15:47:08.657+0000] {processor.py:756} INFO - Processing file /home/airflow/.local/lib/python3.7/site-packages/airflow/example_dags/example_branch_datetime_operator.py for tasks to queue
[2024-12-03T15:47:08.659+0000] {logging_mixin.py:120} INFO - [2024-12-03T15:47:08.659+0000] {dagbag.py:537} INFO - Filling up the DagBag from /home/airflow/.local/lib/python3.7/site-packages/airflow/example_dags/example_branch_datetime_operator.py
[2024-12-03T15:47:08.689+0000] {processor.py:766} INFO - DAG(s) dict_keys(['example_branch_datetime_operator_3', 'example_branch_datetime_operator_2', 'example_branch_datetime_operator']) retrieved from /home/airflow/.local/lib/python3.7/site-packages/airflow/example_dags/example_branch_datetime_operator.py
[2024-12-03T15:47:08.782+0000] {logging_mixin.py:120} INFO - [2024-12-03T15:47:08.782+0000] {dag.py:2585} INFO - Sync 3 DAGs
[2024-12-03T15:47:08.851+0000] {logging_mixin.py:120} INFO - [2024-12-03T15:47:08.851+0000] {dag.py:3340} INFO - Setting next_dagrun for example_branch_datetime_operator to 2024-12-02T00:00:00+00:00, run_after=2024-12-03T00:00:00+00:00
[2024-12-03T15:47:08.864+0000] {logging_mixin.py:120} INFO - [2024-12-03T15:47:08.863+0000] {dag.py:3340} INFO - Setting next_dagrun for example_branch_datetime_operator_2 to 2024-12-02T00:00:00+00:00, run_after=2024-12-03T00:00:00+00:00
[2024-12-03T15:47:08.870+0000] {logging_mixin.py:120} INFO - [2024-12-03T15:47:08.869+0000] {dag.py:3340} INFO - Setting next_dagrun for example_branch_datetime_operator_3 to 2024-12-02T00:00:00+00:00, run_after=2024-12-03T00:00:00+00:00
[2024-12-03T15:47:08.917+0000] {processor.py:176} INFO - Processing /home/airflow/.local/lib/python3.7/site-packages/airflow/example_dags/example_branch_datetime_operator.py took 0.267 seconds
[2024-12-03T15:47:38.999+0000] {processor.py:154} INFO - Started process (PID=3491) to work on /home/airflow/.local/lib/python3.7/site-packages/airflow/example_dags/example_branch_datetime_operator.py
[2024-12-03T15:47:39.001+0000] {processor.py:756} INFO - Processing file /home/airflow/.local/lib/python3.7/site-packages/airflow/example_dags/example_branch_datetime_operator.py for tasks to queue
[2024-12-03T15:47:39.003+0000] {logging_mixin.py:120} INFO - [2024-12-03T15:47:39.003+0000] {dagbag.py:537} INFO - Filling up the DagBag from /home/airflow/.local/lib/python3.7/site-packages/airflow/example_dags/example_branch_datetime_operator.py
[2024-12-03T15:47:39.039+0000] {processor.py:766} INFO - DAG(s) dict_keys(['example_branch_datetime_operator_3', 'example_branch_datetime_operator_2', 'example_branch_datetime_operator']) retrieved from /home/airflow/.local/lib/python3.7/site-packages/airflow/example_dags/example_branch_datetime_operator.py
[2024-12-03T15:47:39.120+0000] {logging_mixin.py:120} INFO - [2024-12-03T15:47:39.120+0000] {dag.py:2585} INFO - Sync 3 DAGs
[2024-12-03T15:47:39.179+0000] {logging_mixin.py:120} INFO - [2024-12-03T15:47:39.178+0000] {dag.py:3340} INFO - Setting next_dagrun for example_branch_datetime_operator to 2024-12-02T00:00:00+00:00, run_after=2024-12-03T00:00:00+00:00
[2024-12-03T15:47:39.189+0000] {logging_mixin.py:120} INFO - [2024-12-03T15:47:39.189+0000] {dag.py:3340} INFO - Setting next_dagrun for example_branch_datetime_operator_2 to 2024-12-02T00:00:00+00:00, run_after=2024-12-03T00:00:00+00:00
[2024-12-03T15:47:39.195+0000] {logging_mixin.py:120} INFO - [2024-12-03T15:47:39.194+0000] {dag.py:3340} INFO - Setting next_dagrun for example_branch_datetime_operator_3 to 2024-12-02T00:00:00+00:00, run_after=2024-12-03T00:00:00+00:00
[2024-12-03T15:47:39.229+0000] {processor.py:176} INFO - Processing /home/airflow/.local/lib/python3.7/site-packages/airflow/example_dags/example_branch_datetime_operator.py took 0.234 seconds
[2024-12-03T15:49:07.474+0000] {processor.py:154} INFO - Started process (PID=67) to work on /home/airflow/.local/lib/python3.7/site-packages/airflow/example_dags/example_branch_datetime_operator.py
[2024-12-03T15:49:07.476+0000] {processor.py:756} INFO - Processing file /home/airflow/.local/lib/python3.7/site-packages/airflow/example_dags/example_branch_datetime_operator.py for tasks to queue
[2024-12-03T15:49:07.478+0000] {logging_mixin.py:120} INFO - [2024-12-03T15:49:07.478+0000] {dagbag.py:537} INFO - Filling up the DagBag from /home/airflow/.local/lib/python3.7/site-packages/airflow/example_dags/example_branch_datetime_operator.py
[2024-12-03T15:49:07.554+0000] {processor.py:766} INFO - DAG(s) dict_keys(['example_branch_datetime_operator', 'example_branch_datetime_operator_3', 'example_branch_datetime_operator_2']) retrieved from /home/airflow/.local/lib/python3.7/site-packages/airflow/example_dags/example_branch_datetime_operator.py
[2024-12-03T15:49:08.471+0000] {logging_mixin.py:120} INFO - [2024-12-03T15:49:08.470+0000] {dag.py:2585} INFO - Sync 3 DAGs
[2024-12-03T15:49:08.966+0000] {logging_mixin.py:120} INFO - [2024-12-03T15:49:08.966+0000] {dag.py:3340} INFO - Setting next_dagrun for example_branch_datetime_operator to 2024-12-02T00:00:00+00:00, run_after=2024-12-03T00:00:00+00:00
[2024-12-03T15:49:08.993+0000] {logging_mixin.py:120} INFO - [2024-12-03T15:49:08.993+0000] {dag.py:3340} INFO - Setting next_dagrun for example_branch_datetime_operator_2 to 2024-12-02T00:00:00+00:00, run_after=2024-12-03T00:00:00+00:00
[2024-12-03T15:49:08.998+0000] {logging_mixin.py:120} INFO - [2024-12-03T15:49:08.998+0000] {dag.py:3340} INFO - Setting next_dagrun for example_branch_datetime_operator_3 to 2024-12-02T00:00:00+00:00, run_after=2024-12-03T00:00:00+00:00
[2024-12-03T15:49:09.132+0000] {processor.py:176} INFO - Processing /home/airflow/.local/lib/python3.7/site-packages/airflow/example_dags/example_branch_datetime_operator.py took 1.663 seconds
[2024-12-03T15:49:58.254+0000] {processor.py:154} INFO - Started process (PID=127) to work on /home/airflow/.local/lib/python3.7/site-packages/airflow/example_dags/example_branch_datetime_operator.py
[2024-12-03T15:49:58.257+0000] {processor.py:756} INFO - Processing file /home/airflow/.local/lib/python3.7/site-packages/airflow/example_dags/example_branch_datetime_operator.py for tasks to queue
[2024-12-03T15:49:58.259+0000] {logging_mixin.py:120} INFO - [2024-12-03T15:49:58.259+0000] {dagbag.py:537} INFO - Filling up the DagBag from /home/airflow/.local/lib/python3.7/site-packages/airflow/example_dags/example_branch_datetime_operator.py
[2024-12-03T15:49:58.578+0000] {processor.py:766} INFO - DAG(s) dict_keys(['example_branch_datetime_operator_2', 'example_branch_datetime_operator_3', 'example_branch_datetime_operator']) retrieved from /home/airflow/.local/lib/python3.7/site-packages/airflow/example_dags/example_branch_datetime_operator.py
[2024-12-03T15:49:58.965+0000] {logging_mixin.py:120} INFO - [2024-12-03T15:49:58.965+0000] {dag.py:2585} INFO - Sync 3 DAGs
[2024-12-03T15:49:59.177+0000] {logging_mixin.py:120} INFO - [2024-12-03T15:49:59.177+0000] {dag.py:3340} INFO - Setting next_dagrun for example_branch_datetime_operator to 2024-12-02T00:00:00+00:00, run_after=2024-12-03T00:00:00+00:00
[2024-12-03T15:49:59.231+0000] {logging_mixin.py:120} INFO - [2024-12-03T15:49:59.231+0000] {dag.py:3340} INFO - Setting next_dagrun for example_branch_datetime_operator_2 to 2024-12-02T00:00:00+00:00, run_after=2024-12-03T00:00:00+00:00
[2024-12-03T15:49:59.251+0000] {logging_mixin.py:120} INFO - [2024-12-03T15:49:59.251+0000] {dag.py:3340} INFO - Setting next_dagrun for example_branch_datetime_operator_3 to 2024-12-02T00:00:00+00:00, run_after=2024-12-03T00:00:00+00:00
[2024-12-03T15:49:59.424+0000] {processor.py:176} INFO - Processing /home/airflow/.local/lib/python3.7/site-packages/airflow/example_dags/example_branch_datetime_operator.py took 1.178 seconds
[2024-12-03T15:50:30.587+0000] {processor.py:154} INFO - Started process (PID=177) to work on /home/airflow/.local/lib/python3.7/site-packages/airflow/example_dags/example_branch_datetime_operator.py
[2024-12-03T15:50:30.590+0000] {processor.py:756} INFO - Processing file /home/airflow/.local/lib/python3.7/site-packages/airflow/example_dags/example_branch_datetime_operator.py for tasks to queue
[2024-12-03T15:50:30.592+0000] {logging_mixin.py:120} INFO - [2024-12-03T15:50:30.592+0000] {dagbag.py:537} INFO - Filling up the DagBag from /home/airflow/.local/lib/python3.7/site-packages/airflow/example_dags/example_branch_datetime_operator.py
[2024-12-03T15:50:30.649+0000] {processor.py:766} INFO - DAG(s) dict_keys(['example_branch_datetime_operator_3', 'example_branch_datetime_operator_2', 'example_branch_datetime_operator']) retrieved from /home/airflow/.local/lib/python3.7/site-packages/airflow/example_dags/example_branch_datetime_operator.py
[2024-12-03T15:50:30.733+0000] {logging_mixin.py:120} INFO - [2024-12-03T15:50:30.733+0000] {dag.py:2585} INFO - Sync 3 DAGs
[2024-12-03T15:50:30.785+0000] {logging_mixin.py:120} INFO - [2024-12-03T15:50:30.785+0000] {dag.py:3340} INFO - Setting next_dagrun for example_branch_datetime_operator to 2024-12-02T00:00:00+00:00, run_after=2024-12-03T00:00:00+00:00
[2024-12-03T15:50:30.796+0000] {logging_mixin.py:120} INFO - [2024-12-03T15:50:30.796+0000] {dag.py:3340} INFO - Setting next_dagrun for example_branch_datetime_operator_2 to 2024-12-02T00:00:00+00:00, run_after=2024-12-03T00:00:00+00:00
[2024-12-03T15:50:30.810+0000] {logging_mixin.py:120} INFO - [2024-12-03T15:50:30.809+0000] {dag.py:3340} INFO - Setting next_dagrun for example_branch_datetime_operator_3 to 2024-12-02T00:00:00+00:00, run_after=2024-12-03T00:00:00+00:00
[2024-12-03T15:50:30.860+0000] {processor.py:176} INFO - Processing /home/airflow/.local/lib/python3.7/site-packages/airflow/example_dags/example_branch_datetime_operator.py took 0.283 seconds
[2024-12-03T15:51:01.183+0000] {processor.py:154} INFO - Started process (PID=241) to work on /home/airflow/.local/lib/python3.7/site-packages/airflow/example_dags/example_branch_datetime_operator.py
[2024-12-03T15:51:01.185+0000] {processor.py:756} INFO - Processing file /home/airflow/.local/lib/python3.7/site-packages/airflow/example_dags/example_branch_datetime_operator.py for tasks to queue
[2024-12-03T15:51:01.188+0000] {logging_mixin.py:120} INFO - [2024-12-03T15:51:01.187+0000] {dagbag.py:537} INFO - Filling up the DagBag from /home/airflow/.local/lib/python3.7/site-packages/airflow/example_dags/example_branch_datetime_operator.py
[2024-12-03T15:51:01.219+0000] {processor.py:766} INFO - DAG(s) dict_keys(['example_branch_datetime_operator_3', 'example_branch_datetime_operator', 'example_branch_datetime_operator_2']) retrieved from /home/airflow/.local/lib/python3.7/site-packages/airflow/example_dags/example_branch_datetime_operator.py
[2024-12-03T15:51:01.333+0000] {logging_mixin.py:120} INFO - [2024-12-03T15:51:01.332+0000] {dag.py:2585} INFO - Sync 3 DAGs
[2024-12-03T15:51:01.389+0000] {logging_mixin.py:120} INFO - [2024-12-03T15:51:01.389+0000] {dag.py:3340} INFO - Setting next_dagrun for example_branch_datetime_operator to 2024-12-02T00:00:00+00:00, run_after=2024-12-03T00:00:00+00:00
[2024-12-03T15:51:01.404+0000] {logging_mixin.py:120} INFO - [2024-12-03T15:51:01.404+0000] {dag.py:3340} INFO - Setting next_dagrun for example_branch_datetime_operator_2 to 2024-12-02T00:00:00+00:00, run_after=2024-12-03T00:00:00+00:00
[2024-12-03T15:51:01.411+0000] {logging_mixin.py:120} INFO - [2024-12-03T15:51:01.410+0000] {dag.py:3340} INFO - Setting next_dagrun for example_branch_datetime_operator_3 to 2024-12-02T00:00:00+00:00, run_after=2024-12-03T00:00:00+00:00
[2024-12-03T15:51:01.468+0000] {processor.py:176} INFO - Processing /home/airflow/.local/lib/python3.7/site-packages/airflow/example_dags/example_branch_datetime_operator.py took 0.292 seconds
[2024-12-03T15:51:31.756+0000] {processor.py:154} INFO - Started process (PID=296) to work on /home/airflow/.local/lib/python3.7/site-packages/airflow/example_dags/example_branch_datetime_operator.py
[2024-12-03T15:51:31.758+0000] {processor.py:756} INFO - Processing file /home/airflow/.local/lib/python3.7/site-packages/airflow/example_dags/example_branch_datetime_operator.py for tasks to queue
[2024-12-03T15:51:31.760+0000] {logging_mixin.py:120} INFO - [2024-12-03T15:51:31.760+0000] {dagbag.py:537} INFO - Filling up the DagBag from /home/airflow/.local/lib/python3.7/site-packages/airflow/example_dags/example_branch_datetime_operator.py
[2024-12-03T15:51:31.801+0000] {processor.py:766} INFO - DAG(s) dict_keys(['example_branch_datetime_operator_2', 'example_branch_datetime_operator', 'example_branch_datetime_operator_3']) retrieved from /home/airflow/.local/lib/python3.7/site-packages/airflow/example_dags/example_branch_datetime_operator.py
[2024-12-03T15:51:31.887+0000] {logging_mixin.py:120} INFO - [2024-12-03T15:51:31.887+0000] {dag.py:2585} INFO - Sync 3 DAGs
[2024-12-03T15:51:31.932+0000] {logging_mixin.py:120} INFO - [2024-12-03T15:51:31.931+0000] {dag.py:3340} INFO - Setting next_dagrun for example_branch_datetime_operator to 2024-12-02T00:00:00+00:00, run_after=2024-12-03T00:00:00+00:00
[2024-12-03T15:51:31.941+0000] {logging_mixin.py:120} INFO - [2024-12-03T15:51:31.940+0000] {dag.py:3340} INFO - Setting next_dagrun for example_branch_datetime_operator_2 to 2024-12-02T00:00:00+00:00, run_after=2024-12-03T00:00:00+00:00
[2024-12-03T15:51:31.947+0000] {logging_mixin.py:120} INFO - [2024-12-03T15:51:31.947+0000] {dag.py:3340} INFO - Setting next_dagrun for example_branch_datetime_operator_3 to 2024-12-02T00:00:00+00:00, run_after=2024-12-03T00:00:00+00:00
[2024-12-03T15:51:31.990+0000] {processor.py:176} INFO - Processing /home/airflow/.local/lib/python3.7/site-packages/airflow/example_dags/example_branch_datetime_operator.py took 0.238 seconds
[2024-12-03T15:53:04.566+0000] {processor.py:154} INFO - Started process (PID=62) to work on /home/airflow/.local/lib/python3.7/site-packages/airflow/example_dags/example_branch_datetime_operator.py
[2024-12-03T15:53:04.570+0000] {processor.py:756} INFO - Processing file /home/airflow/.local/lib/python3.7/site-packages/airflow/example_dags/example_branch_datetime_operator.py for tasks to queue
[2024-12-03T15:53:04.573+0000] {logging_mixin.py:120} INFO - [2024-12-03T15:53:04.573+0000] {dagbag.py:537} INFO - Filling up the DagBag from /home/airflow/.local/lib/python3.7/site-packages/airflow/example_dags/example_branch_datetime_operator.py
[2024-12-03T15:53:04.602+0000] {processor.py:766} INFO - DAG(s) dict_keys(['example_branch_datetime_operator_3', 'example_branch_datetime_operator', 'example_branch_datetime_operator_2']) retrieved from /home/airflow/.local/lib/python3.7/site-packages/airflow/example_dags/example_branch_datetime_operator.py
[2024-12-03T15:53:04.672+0000] {logging_mixin.py:120} INFO - [2024-12-03T15:53:04.672+0000] {dag.py:2585} INFO - Sync 3 DAGs
[2024-12-03T15:53:04.709+0000] {logging_mixin.py:120} INFO - [2024-12-03T15:53:04.709+0000] {dag.py:3340} INFO - Setting next_dagrun for example_branch_datetime_operator to 2024-12-02T00:00:00+00:00, run_after=2024-12-03T00:00:00+00:00
[2024-12-03T15:53:04.719+0000] {logging_mixin.py:120} INFO - [2024-12-03T15:53:04.719+0000] {dag.py:3340} INFO - Setting next_dagrun for example_branch_datetime_operator_2 to 2024-12-02T00:00:00+00:00, run_after=2024-12-03T00:00:00+00:00
[2024-12-03T15:53:04.725+0000] {logging_mixin.py:120} INFO - [2024-12-03T15:53:04.725+0000] {dag.py:3340} INFO - Setting next_dagrun for example_branch_datetime_operator_3 to 2024-12-02T00:00:00+00:00, run_after=2024-12-03T00:00:00+00:00
[2024-12-03T15:53:04.760+0000] {processor.py:176} INFO - Processing /home/airflow/.local/lib/python3.7/site-packages/airflow/example_dags/example_branch_datetime_operator.py took 0.199 seconds
[2024-12-03T15:53:35.478+0000] {processor.py:154} INFO - Started process (PID=127) to work on /home/airflow/.local/lib/python3.7/site-packages/airflow/example_dags/example_branch_datetime_operator.py
[2024-12-03T15:53:35.483+0000] {processor.py:756} INFO - Processing file /home/airflow/.local/lib/python3.7/site-packages/airflow/example_dags/example_branch_datetime_operator.py for tasks to queue
[2024-12-03T15:53:35.486+0000] {logging_mixin.py:120} INFO - [2024-12-03T15:53:35.485+0000] {dagbag.py:537} INFO - Filling up the DagBag from /home/airflow/.local/lib/python3.7/site-packages/airflow/example_dags/example_branch_datetime_operator.py
[2024-12-03T15:53:35.539+0000] {processor.py:766} INFO - DAG(s) dict_keys(['example_branch_datetime_operator', 'example_branch_datetime_operator_2', 'example_branch_datetime_operator_3']) retrieved from /home/airflow/.local/lib/python3.7/site-packages/airflow/example_dags/example_branch_datetime_operator.py
[2024-12-03T15:53:35.649+0000] {logging_mixin.py:120} INFO - [2024-12-03T15:53:35.648+0000] {dag.py:2585} INFO - Sync 3 DAGs
[2024-12-03T15:53:35.716+0000] {logging_mixin.py:120} INFO - [2024-12-03T15:53:35.716+0000] {dag.py:3340} INFO - Setting next_dagrun for example_branch_datetime_operator to 2024-12-02T00:00:00+00:00, run_after=2024-12-03T00:00:00+00:00
[2024-12-03T15:53:35.728+0000] {logging_mixin.py:120} INFO - [2024-12-03T15:53:35.727+0000] {dag.py:3340} INFO - Setting next_dagrun for example_branch_datetime_operator_2 to 2024-12-02T00:00:00+00:00, run_after=2024-12-03T00:00:00+00:00
[2024-12-03T15:53:35.736+0000] {logging_mixin.py:120} INFO - [2024-12-03T15:53:35.735+0000] {dag.py:3340} INFO - Setting next_dagrun for example_branch_datetime_operator_3 to 2024-12-02T00:00:00+00:00, run_after=2024-12-03T00:00:00+00:00
[2024-12-03T15:53:35.857+0000] {processor.py:176} INFO - Processing /home/airflow/.local/lib/python3.7/site-packages/airflow/example_dags/example_branch_datetime_operator.py took 0.385 seconds
[2024-12-03T15:54:06.301+0000] {processor.py:154} INFO - Started process (PID=185) to work on /home/airflow/.local/lib/python3.7/site-packages/airflow/example_dags/example_branch_datetime_operator.py
[2024-12-03T15:54:06.302+0000] {processor.py:756} INFO - Processing file /home/airflow/.local/lib/python3.7/site-packages/airflow/example_dags/example_branch_datetime_operator.py for tasks to queue
[2024-12-03T15:54:06.304+0000] {logging_mixin.py:120} INFO - [2024-12-03T15:54:06.303+0000] {dagbag.py:537} INFO - Filling up the DagBag from /home/airflow/.local/lib/python3.7/site-packages/airflow/example_dags/example_branch_datetime_operator.py
[2024-12-03T15:54:06.329+0000] {processor.py:766} INFO - DAG(s) dict_keys(['example_branch_datetime_operator', 'example_branch_datetime_operator_2', 'example_branch_datetime_operator_3']) retrieved from /home/airflow/.local/lib/python3.7/site-packages/airflow/example_dags/example_branch_datetime_operator.py
[2024-12-03T15:54:06.418+0000] {logging_mixin.py:120} INFO - [2024-12-03T15:54:06.418+0000] {dag.py:2585} INFO - Sync 3 DAGs
[2024-12-03T15:54:06.504+0000] {logging_mixin.py:120} INFO - [2024-12-03T15:54:06.504+0000] {dag.py:3340} INFO - Setting next_dagrun for example_branch_datetime_operator to 2024-12-02T00:00:00+00:00, run_after=2024-12-03T00:00:00+00:00
[2024-12-03T15:54:06.533+0000] {logging_mixin.py:120} INFO - [2024-12-03T15:54:06.531+0000] {dag.py:3340} INFO - Setting next_dagrun for example_branch_datetime_operator_2 to 2024-12-02T00:00:00+00:00, run_after=2024-12-03T00:00:00+00:00
[2024-12-03T15:54:06.551+0000] {logging_mixin.py:120} INFO - [2024-12-03T15:54:06.551+0000] {dag.py:3340} INFO - Setting next_dagrun for example_branch_datetime_operator_3 to 2024-12-02T00:00:00+00:00, run_after=2024-12-03T00:00:00+00:00
[2024-12-03T15:54:06.609+0000] {processor.py:176} INFO - Processing /home/airflow/.local/lib/python3.7/site-packages/airflow/example_dags/example_branch_datetime_operator.py took 0.314 seconds
[2024-12-03T15:54:37.528+0000] {processor.py:154} INFO - Started process (PID=240) to work on /home/airflow/.local/lib/python3.7/site-packages/airflow/example_dags/example_branch_datetime_operator.py
[2024-12-03T15:54:37.530+0000] {processor.py:756} INFO - Processing file /home/airflow/.local/lib/python3.7/site-packages/airflow/example_dags/example_branch_datetime_operator.py for tasks to queue
[2024-12-03T15:54:37.533+0000] {logging_mixin.py:120} INFO - [2024-12-03T15:54:37.532+0000] {dagbag.py:537} INFO - Filling up the DagBag from /home/airflow/.local/lib/python3.7/site-packages/airflow/example_dags/example_branch_datetime_operator.py
[2024-12-03T15:54:37.571+0000] {processor.py:766} INFO - DAG(s) dict_keys(['example_branch_datetime_operator', 'example_branch_datetime_operator_2', 'example_branch_datetime_operator_3']) retrieved from /home/airflow/.local/lib/python3.7/site-packages/airflow/example_dags/example_branch_datetime_operator.py
[2024-12-03T15:54:37.682+0000] {logging_mixin.py:120} INFO - [2024-12-03T15:54:37.681+0000] {dag.py:2585} INFO - Sync 3 DAGs
[2024-12-03T15:54:37.758+0000] {logging_mixin.py:120} INFO - [2024-12-03T15:54:37.757+0000] {dag.py:3340} INFO - Setting next_dagrun for example_branch_datetime_operator to 2024-12-02T00:00:00+00:00, run_after=2024-12-03T00:00:00+00:00
[2024-12-03T15:54:37.771+0000] {logging_mixin.py:120} INFO - [2024-12-03T15:54:37.771+0000] {dag.py:3340} INFO - Setting next_dagrun for example_branch_datetime_operator_2 to 2024-12-02T00:00:00+00:00, run_after=2024-12-03T00:00:00+00:00
[2024-12-03T15:54:37.777+0000] {logging_mixin.py:120} INFO - [2024-12-03T15:54:37.777+0000] {dag.py:3340} INFO - Setting next_dagrun for example_branch_datetime_operator_3 to 2024-12-02T00:00:00+00:00, run_after=2024-12-03T00:00:00+00:00
[2024-12-03T15:54:37.823+0000] {processor.py:176} INFO - Processing /home/airflow/.local/lib/python3.7/site-packages/airflow/example_dags/example_branch_datetime_operator.py took 0.301 seconds
[2024-12-03T15:55:08.123+0000] {processor.py:154} INFO - Started process (PID=304) to work on /home/airflow/.local/lib/python3.7/site-packages/airflow/example_dags/example_branch_datetime_operator.py
[2024-12-03T15:55:08.125+0000] {processor.py:756} INFO - Processing file /home/airflow/.local/lib/python3.7/site-packages/airflow/example_dags/example_branch_datetime_operator.py for tasks to queue
[2024-12-03T15:55:08.127+0000] {logging_mixin.py:120} INFO - [2024-12-03T15:55:08.127+0000] {dagbag.py:537} INFO - Filling up the DagBag from /home/airflow/.local/lib/python3.7/site-packages/airflow/example_dags/example_branch_datetime_operator.py
[2024-12-03T15:55:08.182+0000] {processor.py:766} INFO - DAG(s) dict_keys(['example_branch_datetime_operator_2', 'example_branch_datetime_operator', 'example_branch_datetime_operator_3']) retrieved from /home/airflow/.local/lib/python3.7/site-packages/airflow/example_dags/example_branch_datetime_operator.py
[2024-12-03T15:55:08.303+0000] {logging_mixin.py:120} INFO - [2024-12-03T15:55:08.303+0000] {dag.py:2585} INFO - Sync 3 DAGs
[2024-12-03T15:55:08.366+0000] {logging_mixin.py:120} INFO - [2024-12-03T15:55:08.365+0000] {dag.py:3340} INFO - Setting next_dagrun for example_branch_datetime_operator to 2024-12-02T00:00:00+00:00, run_after=2024-12-03T00:00:00+00:00
[2024-12-03T15:55:08.379+0000] {logging_mixin.py:120} INFO - [2024-12-03T15:55:08.378+0000] {dag.py:3340} INFO - Setting next_dagrun for example_branch_datetime_operator_2 to 2024-12-02T00:00:00+00:00, run_after=2024-12-03T00:00:00+00:00
[2024-12-03T15:55:08.384+0000] {logging_mixin.py:120} INFO - [2024-12-03T15:55:08.384+0000] {dag.py:3340} INFO - Setting next_dagrun for example_branch_datetime_operator_3 to 2024-12-02T00:00:00+00:00, run_after=2024-12-03T00:00:00+00:00
[2024-12-03T15:55:08.423+0000] {processor.py:176} INFO - Processing /home/airflow/.local/lib/python3.7/site-packages/airflow/example_dags/example_branch_datetime_operator.py took 0.314 seconds
[2024-12-03T15:55:38.679+0000] {processor.py:154} INFO - Started process (PID=358) to work on /home/airflow/.local/lib/python3.7/site-packages/airflow/example_dags/example_branch_datetime_operator.py
[2024-12-03T15:55:38.682+0000] {processor.py:756} INFO - Processing file /home/airflow/.local/lib/python3.7/site-packages/airflow/example_dags/example_branch_datetime_operator.py for tasks to queue
[2024-12-03T15:55:38.685+0000] {logging_mixin.py:120} INFO - [2024-12-03T15:55:38.684+0000] {dagbag.py:537} INFO - Filling up the DagBag from /home/airflow/.local/lib/python3.7/site-packages/airflow/example_dags/example_branch_datetime_operator.py
[2024-12-03T15:55:38.713+0000] {processor.py:766} INFO - DAG(s) dict_keys(['example_branch_datetime_operator', 'example_branch_datetime_operator_3', 'example_branch_datetime_operator_2']) retrieved from /home/airflow/.local/lib/python3.7/site-packages/airflow/example_dags/example_branch_datetime_operator.py
[2024-12-03T15:55:38.781+0000] {logging_mixin.py:120} INFO - [2024-12-03T15:55:38.781+0000] {dag.py:2585} INFO - Sync 3 DAGs
[2024-12-03T15:55:38.826+0000] {logging_mixin.py:120} INFO - [2024-12-03T15:55:38.826+0000] {dag.py:3340} INFO - Setting next_dagrun for example_branch_datetime_operator to 2024-12-02T00:00:00+00:00, run_after=2024-12-03T00:00:00+00:00
[2024-12-03T15:55:38.834+0000] {logging_mixin.py:120} INFO - [2024-12-03T15:55:38.834+0000] {dag.py:3340} INFO - Setting next_dagrun for example_branch_datetime_operator_2 to 2024-12-02T00:00:00+00:00, run_after=2024-12-03T00:00:00+00:00
[2024-12-03T15:55:38.841+0000] {logging_mixin.py:120} INFO - [2024-12-03T15:55:38.841+0000] {dag.py:3340} INFO - Setting next_dagrun for example_branch_datetime_operator_3 to 2024-12-02T00:00:00+00:00, run_after=2024-12-03T00:00:00+00:00
[2024-12-03T15:55:38.878+0000] {processor.py:176} INFO - Processing /home/airflow/.local/lib/python3.7/site-packages/airflow/example_dags/example_branch_datetime_operator.py took 0.202 seconds
[2024-12-03T15:56:09.570+0000] {processor.py:154} INFO - Started process (PID=413) to work on /home/airflow/.local/lib/python3.7/site-packages/airflow/example_dags/example_branch_datetime_operator.py
[2024-12-03T15:56:09.582+0000] {processor.py:756} INFO - Processing file /home/airflow/.local/lib/python3.7/site-packages/airflow/example_dags/example_branch_datetime_operator.py for tasks to queue
[2024-12-03T15:56:09.584+0000] {logging_mixin.py:120} INFO - [2024-12-03T15:56:09.584+0000] {dagbag.py:537} INFO - Filling up the DagBag from /home/airflow/.local/lib/python3.7/site-packages/airflow/example_dags/example_branch_datetime_operator.py
[2024-12-03T15:56:09.655+0000] {processor.py:766} INFO - DAG(s) dict_keys(['example_branch_datetime_operator_2', 'example_branch_datetime_operator_3', 'example_branch_datetime_operator']) retrieved from /home/airflow/.local/lib/python3.7/site-packages/airflow/example_dags/example_branch_datetime_operator.py
[2024-12-03T15:56:09.863+0000] {logging_mixin.py:120} INFO - [2024-12-03T15:56:09.863+0000] {dag.py:2585} INFO - Sync 3 DAGs
[2024-12-03T15:56:09.984+0000] {logging_mixin.py:120} INFO - [2024-12-03T15:56:09.984+0000] {dag.py:3340} INFO - Setting next_dagrun for example_branch_datetime_operator to 2024-12-02T00:00:00+00:00, run_after=2024-12-03T00:00:00+00:00
[2024-12-03T15:56:10.015+0000] {logging_mixin.py:120} INFO - [2024-12-03T15:56:10.014+0000] {dag.py:3340} INFO - Setting next_dagrun for example_branch_datetime_operator_2 to 2024-12-02T00:00:00+00:00, run_after=2024-12-03T00:00:00+00:00
[2024-12-03T15:56:10.047+0000] {logging_mixin.py:120} INFO - [2024-12-03T15:56:10.046+0000] {dag.py:3340} INFO - Setting next_dagrun for example_branch_datetime_operator_3 to 2024-12-02T00:00:00+00:00, run_after=2024-12-03T00:00:00+00:00
[2024-12-03T15:56:10.158+0000] {processor.py:176} INFO - Processing /home/airflow/.local/lib/python3.7/site-packages/airflow/example_dags/example_branch_datetime_operator.py took 0.586 seconds
[2024-12-03T15:56:40.549+0000] {processor.py:154} INFO - Started process (PID=477) to work on /home/airflow/.local/lib/python3.7/site-packages/airflow/example_dags/example_branch_datetime_operator.py
[2024-12-03T15:56:40.551+0000] {processor.py:756} INFO - Processing file /home/airflow/.local/lib/python3.7/site-packages/airflow/example_dags/example_branch_datetime_operator.py for tasks to queue
[2024-12-03T15:56:40.555+0000] {logging_mixin.py:120} INFO - [2024-12-03T15:56:40.554+0000] {dagbag.py:537} INFO - Filling up the DagBag from /home/airflow/.local/lib/python3.7/site-packages/airflow/example_dags/example_branch_datetime_operator.py
[2024-12-03T15:56:40.598+0000] {processor.py:766} INFO - DAG(s) dict_keys(['example_branch_datetime_operator', 'example_branch_datetime_operator_3', 'example_branch_datetime_operator_2']) retrieved from /home/airflow/.local/lib/python3.7/site-packages/airflow/example_dags/example_branch_datetime_operator.py
[2024-12-03T15:56:40.742+0000] {logging_mixin.py:120} INFO - [2024-12-03T15:56:40.742+0000] {dag.py:2585} INFO - Sync 3 DAGs
[2024-12-03T15:56:40.838+0000] {logging_mixin.py:120} INFO - [2024-12-03T15:56:40.837+0000] {dag.py:3340} INFO - Setting next_dagrun for example_branch_datetime_operator to 2024-12-02T00:00:00+00:00, run_after=2024-12-03T00:00:00+00:00
[2024-12-03T15:56:40.860+0000] {logging_mixin.py:120} INFO - [2024-12-03T15:56:40.859+0000] {dag.py:3340} INFO - Setting next_dagrun for example_branch_datetime_operator_2 to 2024-12-02T00:00:00+00:00, run_after=2024-12-03T00:00:00+00:00
[2024-12-03T15:56:40.867+0000] {logging_mixin.py:120} INFO - [2024-12-03T15:56:40.866+0000] {dag.py:3340} INFO - Setting next_dagrun for example_branch_datetime_operator_3 to 2024-12-02T00:00:00+00:00, run_after=2024-12-03T00:00:00+00:00
[2024-12-03T15:56:40.930+0000] {processor.py:176} INFO - Processing /home/airflow/.local/lib/python3.7/site-packages/airflow/example_dags/example_branch_datetime_operator.py took 0.390 seconds
[2024-12-03T15:57:11.204+0000] {processor.py:154} INFO - Started process (PID=537) to work on /home/airflow/.local/lib/python3.7/site-packages/airflow/example_dags/example_branch_datetime_operator.py
[2024-12-03T15:57:11.207+0000] {processor.py:756} INFO - Processing file /home/airflow/.local/lib/python3.7/site-packages/airflow/example_dags/example_branch_datetime_operator.py for tasks to queue
[2024-12-03T15:57:11.209+0000] {logging_mixin.py:120} INFO - [2024-12-03T15:57:11.209+0000] {dagbag.py:537} INFO - Filling up the DagBag from /home/airflow/.local/lib/python3.7/site-packages/airflow/example_dags/example_branch_datetime_operator.py
[2024-12-03T15:57:11.239+0000] {processor.py:766} INFO - DAG(s) dict_keys(['example_branch_datetime_operator_2', 'example_branch_datetime_operator_3', 'example_branch_datetime_operator']) retrieved from /home/airflow/.local/lib/python3.7/site-packages/airflow/example_dags/example_branch_datetime_operator.py
[2024-12-03T15:57:11.322+0000] {logging_mixin.py:120} INFO - [2024-12-03T15:57:11.322+0000] {dag.py:2585} INFO - Sync 3 DAGs
[2024-12-03T15:57:11.368+0000] {logging_mixin.py:120} INFO - [2024-12-03T15:57:11.368+0000] {dag.py:3340} INFO - Setting next_dagrun for example_branch_datetime_operator to 2024-12-02T00:00:00+00:00, run_after=2024-12-03T00:00:00+00:00
[2024-12-03T15:57:11.376+0000] {logging_mixin.py:120} INFO - [2024-12-03T15:57:11.376+0000] {dag.py:3340} INFO - Setting next_dagrun for example_branch_datetime_operator_2 to 2024-12-02T00:00:00+00:00, run_after=2024-12-03T00:00:00+00:00
[2024-12-03T15:57:11.382+0000] {logging_mixin.py:120} INFO - [2024-12-03T15:57:11.382+0000] {dag.py:3340} INFO - Setting next_dagrun for example_branch_datetime_operator_3 to 2024-12-02T00:00:00+00:00, run_after=2024-12-03T00:00:00+00:00
[2024-12-03T15:57:11.424+0000] {processor.py:176} INFO - Processing /home/airflow/.local/lib/python3.7/site-packages/airflow/example_dags/example_branch_datetime_operator.py took 0.224 seconds
[2024-12-03T15:57:41.619+0000] {processor.py:154} INFO - Started process (PID=592) to work on /home/airflow/.local/lib/python3.7/site-packages/airflow/example_dags/example_branch_datetime_operator.py
[2024-12-03T15:57:41.621+0000] {processor.py:756} INFO - Processing file /home/airflow/.local/lib/python3.7/site-packages/airflow/example_dags/example_branch_datetime_operator.py for tasks to queue
[2024-12-03T15:57:41.624+0000] {logging_mixin.py:120} INFO - [2024-12-03T15:57:41.624+0000] {dagbag.py:537} INFO - Filling up the DagBag from /home/airflow/.local/lib/python3.7/site-packages/airflow/example_dags/example_branch_datetime_operator.py
[2024-12-03T15:57:41.666+0000] {processor.py:766} INFO - DAG(s) dict_keys(['example_branch_datetime_operator_3', 'example_branch_datetime_operator', 'example_branch_datetime_operator_2']) retrieved from /home/airflow/.local/lib/python3.7/site-packages/airflow/example_dags/example_branch_datetime_operator.py
[2024-12-03T15:57:41.757+0000] {logging_mixin.py:120} INFO - [2024-12-03T15:57:41.757+0000] {dag.py:2585} INFO - Sync 3 DAGs
[2024-12-03T15:57:41.812+0000] {logging_mixin.py:120} INFO - [2024-12-03T15:57:41.812+0000] {dag.py:3340} INFO - Setting next_dagrun for example_branch_datetime_operator to 2024-12-02T00:00:00+00:00, run_after=2024-12-03T00:00:00+00:00
[2024-12-03T15:57:41.830+0000] {logging_mixin.py:120} INFO - [2024-12-03T15:57:41.829+0000] {dag.py:3340} INFO - Setting next_dagrun for example_branch_datetime_operator_2 to 2024-12-02T00:00:00+00:00, run_after=2024-12-03T00:00:00+00:00
[2024-12-03T15:57:41.844+0000] {logging_mixin.py:120} INFO - [2024-12-03T15:57:41.844+0000] {dag.py:3340} INFO - Setting next_dagrun for example_branch_datetime_operator_3 to 2024-12-02T00:00:00+00:00, run_after=2024-12-03T00:00:00+00:00
[2024-12-03T15:57:41.932+0000] {processor.py:176} INFO - Processing /home/airflow/.local/lib/python3.7/site-packages/airflow/example_dags/example_branch_datetime_operator.py took 0.319 seconds
[2024-12-03T15:58:12.205+0000] {processor.py:154} INFO - Started process (PID=672) to work on /home/airflow/.local/lib/python3.7/site-packages/airflow/example_dags/example_branch_datetime_operator.py
[2024-12-03T15:58:12.207+0000] {processor.py:756} INFO - Processing file /home/airflow/.local/lib/python3.7/site-packages/airflow/example_dags/example_branch_datetime_operator.py for tasks to queue
[2024-12-03T15:58:12.209+0000] {logging_mixin.py:120} INFO - [2024-12-03T15:58:12.209+0000] {dagbag.py:537} INFO - Filling up the DagBag from /home/airflow/.local/lib/python3.7/site-packages/airflow/example_dags/example_branch_datetime_operator.py
[2024-12-03T15:58:12.235+0000] {processor.py:766} INFO - DAG(s) dict_keys(['example_branch_datetime_operator_3', 'example_branch_datetime_operator_2', 'example_branch_datetime_operator']) retrieved from /home/airflow/.local/lib/python3.7/site-packages/airflow/example_dags/example_branch_datetime_operator.py
[2024-12-03T15:58:12.323+0000] {logging_mixin.py:120} INFO - [2024-12-03T15:58:12.323+0000] {dag.py:2585} INFO - Sync 3 DAGs
[2024-12-03T15:58:12.373+0000] {logging_mixin.py:120} INFO - [2024-12-03T15:58:12.373+0000] {dag.py:3340} INFO - Setting next_dagrun for example_branch_datetime_operator to 2024-12-02T00:00:00+00:00, run_after=2024-12-03T00:00:00+00:00
[2024-12-03T15:58:12.381+0000] {logging_mixin.py:120} INFO - [2024-12-03T15:58:12.381+0000] {dag.py:3340} INFO - Setting next_dagrun for example_branch_datetime_operator_2 to 2024-12-02T00:00:00+00:00, run_after=2024-12-03T00:00:00+00:00
[2024-12-03T15:58:12.387+0000] {logging_mixin.py:120} INFO - [2024-12-03T15:58:12.387+0000] {dag.py:3340} INFO - Setting next_dagrun for example_branch_datetime_operator_3 to 2024-12-02T00:00:00+00:00, run_after=2024-12-03T00:00:00+00:00
[2024-12-03T15:58:12.425+0000] {processor.py:176} INFO - Processing /home/airflow/.local/lib/python3.7/site-packages/airflow/example_dags/example_branch_datetime_operator.py took 0.227 seconds
[2024-12-03T15:58:42.904+0000] {processor.py:154} INFO - Started process (PID=726) to work on /home/airflow/.local/lib/python3.7/site-packages/airflow/example_dags/example_branch_datetime_operator.py
[2024-12-03T15:58:42.906+0000] {processor.py:756} INFO - Processing file /home/airflow/.local/lib/python3.7/site-packages/airflow/example_dags/example_branch_datetime_operator.py for tasks to queue
[2024-12-03T15:58:42.908+0000] {logging_mixin.py:120} INFO - [2024-12-03T15:58:42.908+0000] {dagbag.py:537} INFO - Filling up the DagBag from /home/airflow/.local/lib/python3.7/site-packages/airflow/example_dags/example_branch_datetime_operator.py
[2024-12-03T15:58:42.939+0000] {processor.py:766} INFO - DAG(s) dict_keys(['example_branch_datetime_operator_2', 'example_branch_datetime_operator_3', 'example_branch_datetime_operator']) retrieved from /home/airflow/.local/lib/python3.7/site-packages/airflow/example_dags/example_branch_datetime_operator.py
[2024-12-03T15:58:43.058+0000] {logging_mixin.py:120} INFO - [2024-12-03T15:58:43.058+0000] {dag.py:2585} INFO - Sync 3 DAGs
[2024-12-03T15:58:43.119+0000] {logging_mixin.py:120} INFO - [2024-12-03T15:58:43.118+0000] {dag.py:3340} INFO - Setting next_dagrun for example_branch_datetime_operator to 2024-12-02T00:00:00+00:00, run_after=2024-12-03T00:00:00+00:00
[2024-12-03T15:58:43.127+0000] {logging_mixin.py:120} INFO - [2024-12-03T15:58:43.127+0000] {dag.py:3340} INFO - Setting next_dagrun for example_branch_datetime_operator_2 to 2024-12-02T00:00:00+00:00, run_after=2024-12-03T00:00:00+00:00
[2024-12-03T15:58:43.132+0000] {logging_mixin.py:120} INFO - [2024-12-03T15:58:43.132+0000] {dag.py:3340} INFO - Setting next_dagrun for example_branch_datetime_operator_3 to 2024-12-02T00:00:00+00:00, run_after=2024-12-03T00:00:00+00:00
[2024-12-03T15:58:43.178+0000] {processor.py:176} INFO - Processing /home/airflow/.local/lib/python3.7/site-packages/airflow/example_dags/example_branch_datetime_operator.py took 0.278 seconds
[2024-12-03T15:59:13.681+0000] {processor.py:154} INFO - Started process (PID=781) to work on /home/airflow/.local/lib/python3.7/site-packages/airflow/example_dags/example_branch_datetime_operator.py
[2024-12-03T15:59:13.684+0000] {processor.py:756} INFO - Processing file /home/airflow/.local/lib/python3.7/site-packages/airflow/example_dags/example_branch_datetime_operator.py for tasks to queue
[2024-12-03T15:59:13.688+0000] {logging_mixin.py:120} INFO - [2024-12-03T15:59:13.687+0000] {dagbag.py:537} INFO - Filling up the DagBag from /home/airflow/.local/lib/python3.7/site-packages/airflow/example_dags/example_branch_datetime_operator.py
[2024-12-03T15:59:13.733+0000] {processor.py:766} INFO - DAG(s) dict_keys(['example_branch_datetime_operator_2', 'example_branch_datetime_operator', 'example_branch_datetime_operator_3']) retrieved from /home/airflow/.local/lib/python3.7/site-packages/airflow/example_dags/example_branch_datetime_operator.py
[2024-12-03T15:59:13.828+0000] {logging_mixin.py:120} INFO - [2024-12-03T15:59:13.828+0000] {dag.py:2585} INFO - Sync 3 DAGs
[2024-12-03T15:59:13.899+0000] {logging_mixin.py:120} INFO - [2024-12-03T15:59:13.898+0000] {dag.py:3340} INFO - Setting next_dagrun for example_branch_datetime_operator to 2024-12-02T00:00:00+00:00, run_after=2024-12-03T00:00:00+00:00
[2024-12-03T15:59:13.911+0000] {logging_mixin.py:120} INFO - [2024-12-03T15:59:13.911+0000] {dag.py:3340} INFO - Setting next_dagrun for example_branch_datetime_operator_2 to 2024-12-02T00:00:00+00:00, run_after=2024-12-03T00:00:00+00:00
[2024-12-03T15:59:13.919+0000] {logging_mixin.py:120} INFO - [2024-12-03T15:59:13.919+0000] {dag.py:3340} INFO - Setting next_dagrun for example_branch_datetime_operator_3 to 2024-12-02T00:00:00+00:00, run_after=2024-12-03T00:00:00+00:00
[2024-12-03T15:59:13.985+0000] {processor.py:176} INFO - Processing /home/airflow/.local/lib/python3.7/site-packages/airflow/example_dags/example_branch_datetime_operator.py took 0.309 seconds
[2024-12-03T15:59:44.547+0000] {processor.py:154} INFO - Started process (PID=846) to work on /home/airflow/.local/lib/python3.7/site-packages/airflow/example_dags/example_branch_datetime_operator.py
[2024-12-03T15:59:44.549+0000] {processor.py:756} INFO - Processing file /home/airflow/.local/lib/python3.7/site-packages/airflow/example_dags/example_branch_datetime_operator.py for tasks to queue
[2024-12-03T15:59:44.551+0000] {logging_mixin.py:120} INFO - [2024-12-03T15:59:44.550+0000] {dagbag.py:537} INFO - Filling up the DagBag from /home/airflow/.local/lib/python3.7/site-packages/airflow/example_dags/example_branch_datetime_operator.py
[2024-12-03T15:59:44.577+0000] {processor.py:766} INFO - DAG(s) dict_keys(['example_branch_datetime_operator_2', 'example_branch_datetime_operator_3', 'example_branch_datetime_operator']) retrieved from /home/airflow/.local/lib/python3.7/site-packages/airflow/example_dags/example_branch_datetime_operator.py
[2024-12-03T15:59:44.651+0000] {logging_mixin.py:120} INFO - [2024-12-03T15:59:44.651+0000] {dag.py:2585} INFO - Sync 3 DAGs
[2024-12-03T15:59:44.691+0000] {logging_mixin.py:120} INFO - [2024-12-03T15:59:44.690+0000] {dag.py:3340} INFO - Setting next_dagrun for example_branch_datetime_operator to 2024-12-02T00:00:00+00:00, run_after=2024-12-03T00:00:00+00:00
[2024-12-03T15:59:44.698+0000] {logging_mixin.py:120} INFO - [2024-12-03T15:59:44.697+0000] {dag.py:3340} INFO - Setting next_dagrun for example_branch_datetime_operator_2 to 2024-12-02T00:00:00+00:00, run_after=2024-12-03T00:00:00+00:00
[2024-12-03T15:59:44.702+0000] {logging_mixin.py:120} INFO - [2024-12-03T15:59:44.702+0000] {dag.py:3340} INFO - Setting next_dagrun for example_branch_datetime_operator_3 to 2024-12-02T00:00:00+00:00, run_after=2024-12-03T00:00:00+00:00
[2024-12-03T15:59:44.735+0000] {processor.py:176} INFO - Processing /home/airflow/.local/lib/python3.7/site-packages/airflow/example_dags/example_branch_datetime_operator.py took 0.192 seconds
[2024-12-03T16:00:15.187+0000] {processor.py:154} INFO - Started process (PID=901) to work on /home/airflow/.local/lib/python3.7/site-packages/airflow/example_dags/example_branch_datetime_operator.py
[2024-12-03T16:00:15.191+0000] {processor.py:756} INFO - Processing file /home/airflow/.local/lib/python3.7/site-packages/airflow/example_dags/example_branch_datetime_operator.py for tasks to queue
[2024-12-03T16:00:15.192+0000] {logging_mixin.py:120} INFO - [2024-12-03T16:00:15.192+0000] {dagbag.py:537} INFO - Filling up the DagBag from /home/airflow/.local/lib/python3.7/site-packages/airflow/example_dags/example_branch_datetime_operator.py
[2024-12-03T16:00:15.227+0000] {processor.py:766} INFO - DAG(s) dict_keys(['example_branch_datetime_operator_2', 'example_branch_datetime_operator_3', 'example_branch_datetime_operator']) retrieved from /home/airflow/.local/lib/python3.7/site-packages/airflow/example_dags/example_branch_datetime_operator.py
[2024-12-03T16:00:15.317+0000] {logging_mixin.py:120} INFO - [2024-12-03T16:00:15.317+0000] {dag.py:2585} INFO - Sync 3 DAGs
[2024-12-03T16:00:15.363+0000] {logging_mixin.py:120} INFO - [2024-12-03T16:00:15.363+0000] {dag.py:3340} INFO - Setting next_dagrun for example_branch_datetime_operator to 2024-12-02T00:00:00+00:00, run_after=2024-12-03T00:00:00+00:00
[2024-12-03T16:00:15.371+0000] {logging_mixin.py:120} INFO - [2024-12-03T16:00:15.371+0000] {dag.py:3340} INFO - Setting next_dagrun for example_branch_datetime_operator_2 to 2024-12-02T00:00:00+00:00, run_after=2024-12-03T00:00:00+00:00
[2024-12-03T16:00:15.375+0000] {logging_mixin.py:120} INFO - [2024-12-03T16:00:15.375+0000] {dag.py:3340} INFO - Setting next_dagrun for example_branch_datetime_operator_3 to 2024-12-02T00:00:00+00:00, run_after=2024-12-03T00:00:00+00:00
[2024-12-03T16:00:15.408+0000] {processor.py:176} INFO - Processing /home/airflow/.local/lib/python3.7/site-packages/airflow/example_dags/example_branch_datetime_operator.py took 0.227 seconds
[2024-12-03T16:00:45.684+0000] {processor.py:154} INFO - Started process (PID=965) to work on /home/airflow/.local/lib/python3.7/site-packages/airflow/example_dags/example_branch_datetime_operator.py
[2024-12-03T16:00:45.686+0000] {processor.py:756} INFO - Processing file /home/airflow/.local/lib/python3.7/site-packages/airflow/example_dags/example_branch_datetime_operator.py for tasks to queue
[2024-12-03T16:00:45.689+0000] {logging_mixin.py:120} INFO - [2024-12-03T16:00:45.688+0000] {dagbag.py:537} INFO - Filling up the DagBag from /home/airflow/.local/lib/python3.7/site-packages/airflow/example_dags/example_branch_datetime_operator.py
[2024-12-03T16:00:45.733+0000] {processor.py:766} INFO - DAG(s) dict_keys(['example_branch_datetime_operator', 'example_branch_datetime_operator_2', 'example_branch_datetime_operator_3']) retrieved from /home/airflow/.local/lib/python3.7/site-packages/airflow/example_dags/example_branch_datetime_operator.py
[2024-12-03T16:00:45.842+0000] {logging_mixin.py:120} INFO - [2024-12-03T16:00:45.842+0000] {dag.py:2585} INFO - Sync 3 DAGs
[2024-12-03T16:00:45.899+0000] {logging_mixin.py:120} INFO - [2024-12-03T16:00:45.899+0000] {dag.py:3340} INFO - Setting next_dagrun for example_branch_datetime_operator to 2024-12-02T00:00:00+00:00, run_after=2024-12-03T00:00:00+00:00
[2024-12-03T16:00:45.917+0000] {logging_mixin.py:120} INFO - [2024-12-03T16:00:45.916+0000] {dag.py:3340} INFO - Setting next_dagrun for example_branch_datetime_operator_2 to 2024-12-02T00:00:00+00:00, run_after=2024-12-03T00:00:00+00:00
[2024-12-03T16:00:45.935+0000] {logging_mixin.py:120} INFO - [2024-12-03T16:00:45.934+0000] {dag.py:3340} INFO - Setting next_dagrun for example_branch_datetime_operator_3 to 2024-12-02T00:00:00+00:00, run_after=2024-12-03T00:00:00+00:00
[2024-12-03T16:00:46.031+0000] {processor.py:176} INFO - Processing /home/airflow/.local/lib/python3.7/site-packages/airflow/example_dags/example_branch_datetime_operator.py took 0.357 seconds
[2024-12-03T16:01:16.382+0000] {processor.py:154} INFO - Started process (PID=1020) to work on /home/airflow/.local/lib/python3.7/site-packages/airflow/example_dags/example_branch_datetime_operator.py
[2024-12-03T16:01:16.384+0000] {processor.py:756} INFO - Processing file /home/airflow/.local/lib/python3.7/site-packages/airflow/example_dags/example_branch_datetime_operator.py for tasks to queue
[2024-12-03T16:01:16.385+0000] {logging_mixin.py:120} INFO - [2024-12-03T16:01:16.385+0000] {dagbag.py:537} INFO - Filling up the DagBag from /home/airflow/.local/lib/python3.7/site-packages/airflow/example_dags/example_branch_datetime_operator.py
[2024-12-03T16:01:16.411+0000] {processor.py:766} INFO - DAG(s) dict_keys(['example_branch_datetime_operator_3', 'example_branch_datetime_operator_2', 'example_branch_datetime_operator']) retrieved from /home/airflow/.local/lib/python3.7/site-packages/airflow/example_dags/example_branch_datetime_operator.py
[2024-12-03T16:01:16.537+0000] {logging_mixin.py:120} INFO - [2024-12-03T16:01:16.537+0000] {dag.py:2585} INFO - Sync 3 DAGs
[2024-12-03T16:01:16.598+0000] {logging_mixin.py:120} INFO - [2024-12-03T16:01:16.598+0000] {dag.py:3340} INFO - Setting next_dagrun for example_branch_datetime_operator to 2024-12-02T00:00:00+00:00, run_after=2024-12-03T00:00:00+00:00
[2024-12-03T16:01:16.610+0000] {logging_mixin.py:120} INFO - [2024-12-03T16:01:16.610+0000] {dag.py:3340} INFO - Setting next_dagrun for example_branch_datetime_operator_2 to 2024-12-02T00:00:00+00:00, run_after=2024-12-03T00:00:00+00:00
[2024-12-03T16:01:16.616+0000] {logging_mixin.py:120} INFO - [2024-12-03T16:01:16.616+0000] {dag.py:3340} INFO - Setting next_dagrun for example_branch_datetime_operator_3 to 2024-12-02T00:00:00+00:00, run_after=2024-12-03T00:00:00+00:00
[2024-12-03T16:01:16.665+0000] {processor.py:176} INFO - Processing /home/airflow/.local/lib/python3.7/site-packages/airflow/example_dags/example_branch_datetime_operator.py took 0.288 seconds
[2024-12-03T16:01:47.086+0000] {processor.py:154} INFO - Started process (PID=1084) to work on /home/airflow/.local/lib/python3.7/site-packages/airflow/example_dags/example_branch_datetime_operator.py
[2024-12-03T16:01:47.089+0000] {processor.py:756} INFO - Processing file /home/airflow/.local/lib/python3.7/site-packages/airflow/example_dags/example_branch_datetime_operator.py for tasks to queue
[2024-12-03T16:01:47.091+0000] {logging_mixin.py:120} INFO - [2024-12-03T16:01:47.091+0000] {dagbag.py:537} INFO - Filling up the DagBag from /home/airflow/.local/lib/python3.7/site-packages/airflow/example_dags/example_branch_datetime_operator.py
[2024-12-03T16:01:47.145+0000] {processor.py:766} INFO - DAG(s) dict_keys(['example_branch_datetime_operator', 'example_branch_datetime_operator_3', 'example_branch_datetime_operator_2']) retrieved from /home/airflow/.local/lib/python3.7/site-packages/airflow/example_dags/example_branch_datetime_operator.py
[2024-12-03T16:01:47.271+0000] {logging_mixin.py:120} INFO - [2024-12-03T16:01:47.271+0000] {dag.py:2585} INFO - Sync 3 DAGs
[2024-12-03T16:01:47.333+0000] {logging_mixin.py:120} INFO - [2024-12-03T16:01:47.332+0000] {dag.py:3340} INFO - Setting next_dagrun for example_branch_datetime_operator to 2024-12-02T00:00:00+00:00, run_after=2024-12-03T00:00:00+00:00
[2024-12-03T16:01:47.347+0000] {logging_mixin.py:120} INFO - [2024-12-03T16:01:47.346+0000] {dag.py:3340} INFO - Setting next_dagrun for example_branch_datetime_operator_2 to 2024-12-02T00:00:00+00:00, run_after=2024-12-03T00:00:00+00:00
[2024-12-03T16:01:47.356+0000] {logging_mixin.py:120} INFO - [2024-12-03T16:01:47.356+0000] {dag.py:3340} INFO - Setting next_dagrun for example_branch_datetime_operator_3 to 2024-12-02T00:00:00+00:00, run_after=2024-12-03T00:00:00+00:00
[2024-12-03T16:01:47.405+0000] {processor.py:176} INFO - Processing /home/airflow/.local/lib/python3.7/site-packages/airflow/example_dags/example_branch_datetime_operator.py took 0.326 seconds
[2024-12-03T16:02:18.380+0000] {processor.py:154} INFO - Started process (PID=1140) to work on /home/airflow/.local/lib/python3.7/site-packages/airflow/example_dags/example_branch_datetime_operator.py
[2024-12-03T16:02:18.382+0000] {processor.py:756} INFO - Processing file /home/airflow/.local/lib/python3.7/site-packages/airflow/example_dags/example_branch_datetime_operator.py for tasks to queue
[2024-12-03T16:02:18.385+0000] {logging_mixin.py:120} INFO - [2024-12-03T16:02:18.384+0000] {dagbag.py:537} INFO - Filling up the DagBag from /home/airflow/.local/lib/python3.7/site-packages/airflow/example_dags/example_branch_datetime_operator.py
[2024-12-03T16:02:18.414+0000] {processor.py:766} INFO - DAG(s) dict_keys(['example_branch_datetime_operator_2', 'example_branch_datetime_operator_3', 'example_branch_datetime_operator']) retrieved from /home/airflow/.local/lib/python3.7/site-packages/airflow/example_dags/example_branch_datetime_operator.py
[2024-12-03T16:02:18.514+0000] {logging_mixin.py:120} INFO - [2024-12-03T16:02:18.513+0000] {dag.py:2585} INFO - Sync 3 DAGs
[2024-12-03T16:02:18.562+0000] {logging_mixin.py:120} INFO - [2024-12-03T16:02:18.561+0000] {dag.py:3340} INFO - Setting next_dagrun for example_branch_datetime_operator to 2024-12-02T00:00:00+00:00, run_after=2024-12-03T00:00:00+00:00
[2024-12-03T16:02:18.571+0000] {logging_mixin.py:120} INFO - [2024-12-03T16:02:18.571+0000] {dag.py:3340} INFO - Setting next_dagrun for example_branch_datetime_operator_2 to 2024-12-02T00:00:00+00:00, run_after=2024-12-03T00:00:00+00:00
[2024-12-03T16:02:18.577+0000] {logging_mixin.py:120} INFO - [2024-12-03T16:02:18.576+0000] {dag.py:3340} INFO - Setting next_dagrun for example_branch_datetime_operator_3 to 2024-12-02T00:00:00+00:00, run_after=2024-12-03T00:00:00+00:00
[2024-12-03T16:02:18.614+0000] {processor.py:176} INFO - Processing /home/airflow/.local/lib/python3.7/site-packages/airflow/example_dags/example_branch_datetime_operator.py took 0.240 seconds
[2024-12-03T16:02:49.217+0000] {processor.py:154} INFO - Started process (PID=1203) to work on /home/airflow/.local/lib/python3.7/site-packages/airflow/example_dags/example_branch_datetime_operator.py
[2024-12-03T16:02:49.219+0000] {processor.py:756} INFO - Processing file /home/airflow/.local/lib/python3.7/site-packages/airflow/example_dags/example_branch_datetime_operator.py for tasks to queue
[2024-12-03T16:02:49.222+0000] {logging_mixin.py:120} INFO - [2024-12-03T16:02:49.222+0000] {dagbag.py:537} INFO - Filling up the DagBag from /home/airflow/.local/lib/python3.7/site-packages/airflow/example_dags/example_branch_datetime_operator.py
[2024-12-03T16:02:49.275+0000] {processor.py:766} INFO - DAG(s) dict_keys(['example_branch_datetime_operator', 'example_branch_datetime_operator_3', 'example_branch_datetime_operator_2']) retrieved from /home/airflow/.local/lib/python3.7/site-packages/airflow/example_dags/example_branch_datetime_operator.py
[2024-12-03T16:02:49.380+0000] {logging_mixin.py:120} INFO - [2024-12-03T16:02:49.379+0000] {dag.py:2585} INFO - Sync 3 DAGs
[2024-12-03T16:02:49.437+0000] {logging_mixin.py:120} INFO - [2024-12-03T16:02:49.436+0000] {dag.py:3340} INFO - Setting next_dagrun for example_branch_datetime_operator to 2024-12-02T00:00:00+00:00, run_after=2024-12-03T00:00:00+00:00
[2024-12-03T16:02:49.447+0000] {logging_mixin.py:120} INFO - [2024-12-03T16:02:49.447+0000] {dag.py:3340} INFO - Setting next_dagrun for example_branch_datetime_operator_2 to 2024-12-02T00:00:00+00:00, run_after=2024-12-03T00:00:00+00:00
[2024-12-03T16:02:49.455+0000] {logging_mixin.py:120} INFO - [2024-12-03T16:02:49.454+0000] {dag.py:3340} INFO - Setting next_dagrun for example_branch_datetime_operator_3 to 2024-12-02T00:00:00+00:00, run_after=2024-12-03T00:00:00+00:00
[2024-12-03T16:02:49.501+0000] {processor.py:176} INFO - Processing /home/airflow/.local/lib/python3.7/site-packages/airflow/example_dags/example_branch_datetime_operator.py took 0.290 seconds
[2024-12-03T16:03:19.734+0000] {processor.py:154} INFO - Started process (PID=1260) to work on /home/airflow/.local/lib/python3.7/site-packages/airflow/example_dags/example_branch_datetime_operator.py
[2024-12-03T16:03:19.736+0000] {processor.py:756} INFO - Processing file /home/airflow/.local/lib/python3.7/site-packages/airflow/example_dags/example_branch_datetime_operator.py for tasks to queue
[2024-12-03T16:03:19.738+0000] {logging_mixin.py:120} INFO - [2024-12-03T16:03:19.738+0000] {dagbag.py:537} INFO - Filling up the DagBag from /home/airflow/.local/lib/python3.7/site-packages/airflow/example_dags/example_branch_datetime_operator.py
[2024-12-03T16:03:19.771+0000] {processor.py:766} INFO - DAG(s) dict_keys(['example_branch_datetime_operator', 'example_branch_datetime_operator_3', 'example_branch_datetime_operator_2']) retrieved from /home/airflow/.local/lib/python3.7/site-packages/airflow/example_dags/example_branch_datetime_operator.py
[2024-12-03T16:03:19.863+0000] {logging_mixin.py:120} INFO - [2024-12-03T16:03:19.862+0000] {dag.py:2585} INFO - Sync 3 DAGs
[2024-12-03T16:03:19.915+0000] {logging_mixin.py:120} INFO - [2024-12-03T16:03:19.914+0000] {dag.py:3340} INFO - Setting next_dagrun for example_branch_datetime_operator to 2024-12-02T00:00:00+00:00, run_after=2024-12-03T00:00:00+00:00
[2024-12-03T16:03:19.925+0000] {logging_mixin.py:120} INFO - [2024-12-03T16:03:19.924+0000] {dag.py:3340} INFO - Setting next_dagrun for example_branch_datetime_operator_2 to 2024-12-02T00:00:00+00:00, run_after=2024-12-03T00:00:00+00:00
[2024-12-03T16:03:19.931+0000] {logging_mixin.py:120} INFO - [2024-12-03T16:03:19.931+0000] {dag.py:3340} INFO - Setting next_dagrun for example_branch_datetime_operator_3 to 2024-12-02T00:00:00+00:00, run_after=2024-12-03T00:00:00+00:00
[2024-12-03T16:03:19.973+0000] {processor.py:176} INFO - Processing /home/airflow/.local/lib/python3.7/site-packages/airflow/example_dags/example_branch_datetime_operator.py took 0.245 seconds
[2024-12-03T16:03:50.126+0000] {processor.py:154} INFO - Started process (PID=1328) to work on /home/airflow/.local/lib/python3.7/site-packages/airflow/example_dags/example_branch_datetime_operator.py
[2024-12-03T16:03:50.128+0000] {processor.py:756} INFO - Processing file /home/airflow/.local/lib/python3.7/site-packages/airflow/example_dags/example_branch_datetime_operator.py for tasks to queue
[2024-12-03T16:03:50.130+0000] {logging_mixin.py:120} INFO - [2024-12-03T16:03:50.130+0000] {dagbag.py:537} INFO - Filling up the DagBag from /home/airflow/.local/lib/python3.7/site-packages/airflow/example_dags/example_branch_datetime_operator.py
[2024-12-03T16:03:50.176+0000] {processor.py:766} INFO - DAG(s) dict_keys(['example_branch_datetime_operator_3', 'example_branch_datetime_operator', 'example_branch_datetime_operator_2']) retrieved from /home/airflow/.local/lib/python3.7/site-packages/airflow/example_dags/example_branch_datetime_operator.py
[2024-12-03T16:03:50.262+0000] {logging_mixin.py:120} INFO - [2024-12-03T16:03:50.262+0000] {dag.py:2585} INFO - Sync 3 DAGs
[2024-12-03T16:03:50.321+0000] {logging_mixin.py:120} INFO - [2024-12-03T16:03:50.321+0000] {dag.py:3340} INFO - Setting next_dagrun for example_branch_datetime_operator to 2024-12-02T00:00:00+00:00, run_after=2024-12-03T00:00:00+00:00
[2024-12-03T16:03:50.331+0000] {logging_mixin.py:120} INFO - [2024-12-03T16:03:50.330+0000] {dag.py:3340} INFO - Setting next_dagrun for example_branch_datetime_operator_2 to 2024-12-02T00:00:00+00:00, run_after=2024-12-03T00:00:00+00:00
[2024-12-03T16:03:50.337+0000] {logging_mixin.py:120} INFO - [2024-12-03T16:03:50.337+0000] {dag.py:3340} INFO - Setting next_dagrun for example_branch_datetime_operator_3 to 2024-12-02T00:00:00+00:00, run_after=2024-12-03T00:00:00+00:00
[2024-12-03T16:03:50.392+0000] {processor.py:176} INFO - Processing /home/airflow/.local/lib/python3.7/site-packages/airflow/example_dags/example_branch_datetime_operator.py took 0.269 seconds
[2024-12-03T16:04:21.230+0000] {processor.py:154} INFO - Started process (PID=1393) to work on /home/airflow/.local/lib/python3.7/site-packages/airflow/example_dags/example_branch_datetime_operator.py
[2024-12-03T16:04:21.232+0000] {processor.py:756} INFO - Processing file /home/airflow/.local/lib/python3.7/site-packages/airflow/example_dags/example_branch_datetime_operator.py for tasks to queue
[2024-12-03T16:04:21.236+0000] {logging_mixin.py:120} INFO - [2024-12-03T16:04:21.235+0000] {dagbag.py:537} INFO - Filling up the DagBag from /home/airflow/.local/lib/python3.7/site-packages/airflow/example_dags/example_branch_datetime_operator.py
[2024-12-03T16:04:21.354+0000] {processor.py:766} INFO - DAG(s) dict_keys(['example_branch_datetime_operator_2', 'example_branch_datetime_operator_3', 'example_branch_datetime_operator']) retrieved from /home/airflow/.local/lib/python3.7/site-packages/airflow/example_dags/example_branch_datetime_operator.py
[2024-12-03T16:04:21.689+0000] {logging_mixin.py:120} INFO - [2024-12-03T16:04:21.687+0000] {dag.py:2585} INFO - Sync 3 DAGs
[2024-12-03T16:04:21.835+0000] {logging_mixin.py:120} INFO - [2024-12-03T16:04:21.835+0000] {dag.py:3340} INFO - Setting next_dagrun for example_branch_datetime_operator to 2024-12-02T00:00:00+00:00, run_after=2024-12-03T00:00:00+00:00
[2024-12-03T16:04:21.860+0000] {logging_mixin.py:120} INFO - [2024-12-03T16:04:21.859+0000] {dag.py:3340} INFO - Setting next_dagrun for example_branch_datetime_operator_2 to 2024-12-02T00:00:00+00:00, run_after=2024-12-03T00:00:00+00:00
[2024-12-03T16:04:21.885+0000] {logging_mixin.py:120} INFO - [2024-12-03T16:04:21.885+0000] {dag.py:3340} INFO - Setting next_dagrun for example_branch_datetime_operator_3 to 2024-12-02T00:00:00+00:00, run_after=2024-12-03T00:00:00+00:00
[2024-12-03T16:04:22.013+0000] {processor.py:176} INFO - Processing /home/airflow/.local/lib/python3.7/site-packages/airflow/example_dags/example_branch_datetime_operator.py took 0.793 seconds
[2024-12-03T16:04:52.439+0000] {processor.py:154} INFO - Started process (PID=1448) to work on /home/airflow/.local/lib/python3.7/site-packages/airflow/example_dags/example_branch_datetime_operator.py
[2024-12-03T16:04:52.442+0000] {processor.py:756} INFO - Processing file /home/airflow/.local/lib/python3.7/site-packages/airflow/example_dags/example_branch_datetime_operator.py for tasks to queue
[2024-12-03T16:04:52.444+0000] {logging_mixin.py:120} INFO - [2024-12-03T16:04:52.444+0000] {dagbag.py:537} INFO - Filling up the DagBag from /home/airflow/.local/lib/python3.7/site-packages/airflow/example_dags/example_branch_datetime_operator.py
[2024-12-03T16:04:52.508+0000] {processor.py:766} INFO - DAG(s) dict_keys(['example_branch_datetime_operator_2', 'example_branch_datetime_operator_3', 'example_branch_datetime_operator']) retrieved from /home/airflow/.local/lib/python3.7/site-packages/airflow/example_dags/example_branch_datetime_operator.py
[2024-12-03T16:04:52.715+0000] {logging_mixin.py:120} INFO - [2024-12-03T16:04:52.715+0000] {dag.py:2585} INFO - Sync 3 DAGs
[2024-12-03T16:04:52.810+0000] {logging_mixin.py:120} INFO - [2024-12-03T16:04:52.809+0000] {dag.py:3340} INFO - Setting next_dagrun for example_branch_datetime_operator to 2024-12-02T00:00:00+00:00, run_after=2024-12-03T00:00:00+00:00
[2024-12-03T16:04:52.831+0000] {logging_mixin.py:120} INFO - [2024-12-03T16:04:52.830+0000] {dag.py:3340} INFO - Setting next_dagrun for example_branch_datetime_operator_2 to 2024-12-02T00:00:00+00:00, run_after=2024-12-03T00:00:00+00:00
[2024-12-03T16:04:52.841+0000] {logging_mixin.py:120} INFO - [2024-12-03T16:04:52.840+0000] {dag.py:3340} INFO - Setting next_dagrun for example_branch_datetime_operator_3 to 2024-12-02T00:00:00+00:00, run_after=2024-12-03T00:00:00+00:00
[2024-12-03T16:04:52.905+0000] {processor.py:176} INFO - Processing /home/airflow/.local/lib/python3.7/site-packages/airflow/example_dags/example_branch_datetime_operator.py took 0.474 seconds
[2024-12-03T16:05:23.087+0000] {processor.py:154} INFO - Started process (PID=1503) to work on /home/airflow/.local/lib/python3.7/site-packages/airflow/example_dags/example_branch_datetime_operator.py
[2024-12-03T16:05:23.089+0000] {processor.py:756} INFO - Processing file /home/airflow/.local/lib/python3.7/site-packages/airflow/example_dags/example_branch_datetime_operator.py for tasks to queue
[2024-12-03T16:05:23.093+0000] {logging_mixin.py:120} INFO - [2024-12-03T16:05:23.092+0000] {dagbag.py:537} INFO - Filling up the DagBag from /home/airflow/.local/lib/python3.7/site-packages/airflow/example_dags/example_branch_datetime_operator.py
[2024-12-03T16:05:23.186+0000] {processor.py:766} INFO - DAG(s) dict_keys(['example_branch_datetime_operator_3', 'example_branch_datetime_operator', 'example_branch_datetime_operator_2']) retrieved from /home/airflow/.local/lib/python3.7/site-packages/airflow/example_dags/example_branch_datetime_operator.py
[2024-12-03T16:05:23.329+0000] {logging_mixin.py:120} INFO - [2024-12-03T16:05:23.329+0000] {dag.py:2585} INFO - Sync 3 DAGs
[2024-12-03T16:05:23.420+0000] {logging_mixin.py:120} INFO - [2024-12-03T16:05:23.420+0000] {dag.py:3340} INFO - Setting next_dagrun for example_branch_datetime_operator to 2024-12-02T00:00:00+00:00, run_after=2024-12-03T00:00:00+00:00
[2024-12-03T16:05:23.432+0000] {logging_mixin.py:120} INFO - [2024-12-03T16:05:23.432+0000] {dag.py:3340} INFO - Setting next_dagrun for example_branch_datetime_operator_2 to 2024-12-02T00:00:00+00:00, run_after=2024-12-03T00:00:00+00:00
[2024-12-03T16:05:23.444+0000] {logging_mixin.py:120} INFO - [2024-12-03T16:05:23.443+0000] {dag.py:3340} INFO - Setting next_dagrun for example_branch_datetime_operator_3 to 2024-12-02T00:00:00+00:00, run_after=2024-12-03T00:00:00+00:00
[2024-12-03T16:05:23.535+0000] {processor.py:176} INFO - Processing /home/airflow/.local/lib/python3.7/site-packages/airflow/example_dags/example_branch_datetime_operator.py took 0.464 seconds
[2024-12-03T16:05:54.013+0000] {processor.py:154} INFO - Started process (PID=1559) to work on /home/airflow/.local/lib/python3.7/site-packages/airflow/example_dags/example_branch_datetime_operator.py
[2024-12-03T16:05:54.015+0000] {processor.py:756} INFO - Processing file /home/airflow/.local/lib/python3.7/site-packages/airflow/example_dags/example_branch_datetime_operator.py for tasks to queue
[2024-12-03T16:05:54.018+0000] {logging_mixin.py:120} INFO - [2024-12-03T16:05:54.018+0000] {dagbag.py:537} INFO - Filling up the DagBag from /home/airflow/.local/lib/python3.7/site-packages/airflow/example_dags/example_branch_datetime_operator.py
[2024-12-03T16:05:54.066+0000] {processor.py:766} INFO - DAG(s) dict_keys(['example_branch_datetime_operator', 'example_branch_datetime_operator_3', 'example_branch_datetime_operator_2']) retrieved from /home/airflow/.local/lib/python3.7/site-packages/airflow/example_dags/example_branch_datetime_operator.py
[2024-12-03T16:05:54.258+0000] {logging_mixin.py:120} INFO - [2024-12-03T16:05:54.258+0000] {dag.py:2585} INFO - Sync 3 DAGs
[2024-12-03T16:05:54.344+0000] {logging_mixin.py:120} INFO - [2024-12-03T16:05:54.344+0000] {dag.py:3340} INFO - Setting next_dagrun for example_branch_datetime_operator to 2024-12-02T00:00:00+00:00, run_after=2024-12-03T00:00:00+00:00
[2024-12-03T16:05:54.360+0000] {logging_mixin.py:120} INFO - [2024-12-03T16:05:54.360+0000] {dag.py:3340} INFO - Setting next_dagrun for example_branch_datetime_operator_2 to 2024-12-02T00:00:00+00:00, run_after=2024-12-03T00:00:00+00:00
[2024-12-03T16:05:54.368+0000] {logging_mixin.py:120} INFO - [2024-12-03T16:05:54.368+0000] {dag.py:3340} INFO - Setting next_dagrun for example_branch_datetime_operator_3 to 2024-12-02T00:00:00+00:00, run_after=2024-12-03T00:00:00+00:00
[2024-12-03T16:05:54.447+0000] {processor.py:176} INFO - Processing /home/airflow/.local/lib/python3.7/site-packages/airflow/example_dags/example_branch_datetime_operator.py took 0.440 seconds
[2024-12-03T16:06:24.740+0000] {processor.py:154} INFO - Started process (PID=1615) to work on /home/airflow/.local/lib/python3.7/site-packages/airflow/example_dags/example_branch_datetime_operator.py
[2024-12-03T16:06:24.742+0000] {processor.py:756} INFO - Processing file /home/airflow/.local/lib/python3.7/site-packages/airflow/example_dags/example_branch_datetime_operator.py for tasks to queue
[2024-12-03T16:06:24.744+0000] {logging_mixin.py:120} INFO - [2024-12-03T16:06:24.744+0000] {dagbag.py:537} INFO - Filling up the DagBag from /home/airflow/.local/lib/python3.7/site-packages/airflow/example_dags/example_branch_datetime_operator.py
[2024-12-03T16:06:24.788+0000] {processor.py:766} INFO - DAG(s) dict_keys(['example_branch_datetime_operator', 'example_branch_datetime_operator_3', 'example_branch_datetime_operator_2']) retrieved from /home/airflow/.local/lib/python3.7/site-packages/airflow/example_dags/example_branch_datetime_operator.py
[2024-12-03T16:06:24.901+0000] {logging_mixin.py:120} INFO - [2024-12-03T16:06:24.901+0000] {dag.py:2585} INFO - Sync 3 DAGs
[2024-12-03T16:06:24.971+0000] {logging_mixin.py:120} INFO - [2024-12-03T16:06:24.971+0000] {dag.py:3340} INFO - Setting next_dagrun for example_branch_datetime_operator to 2024-12-02T00:00:00+00:00, run_after=2024-12-03T00:00:00+00:00
[2024-12-03T16:06:24.987+0000] {logging_mixin.py:120} INFO - [2024-12-03T16:06:24.986+0000] {dag.py:3340} INFO - Setting next_dagrun for example_branch_datetime_operator_2 to 2024-12-02T00:00:00+00:00, run_after=2024-12-03T00:00:00+00:00
[2024-12-03T16:06:24.998+0000] {logging_mixin.py:120} INFO - [2024-12-03T16:06:24.998+0000] {dag.py:3340} INFO - Setting next_dagrun for example_branch_datetime_operator_3 to 2024-12-02T00:00:00+00:00, run_after=2024-12-03T00:00:00+00:00
[2024-12-03T16:06:25.059+0000] {processor.py:176} INFO - Processing /home/airflow/.local/lib/python3.7/site-packages/airflow/example_dags/example_branch_datetime_operator.py took 0.326 seconds
[2024-12-03T16:06:55.496+0000] {processor.py:154} INFO - Started process (PID=1670) to work on /home/airflow/.local/lib/python3.7/site-packages/airflow/example_dags/example_branch_datetime_operator.py
[2024-12-03T16:06:55.499+0000] {processor.py:756} INFO - Processing file /home/airflow/.local/lib/python3.7/site-packages/airflow/example_dags/example_branch_datetime_operator.py for tasks to queue
[2024-12-03T16:06:55.503+0000] {logging_mixin.py:120} INFO - [2024-12-03T16:06:55.502+0000] {dagbag.py:537} INFO - Filling up the DagBag from /home/airflow/.local/lib/python3.7/site-packages/airflow/example_dags/example_branch_datetime_operator.py
[2024-12-03T16:06:55.572+0000] {processor.py:766} INFO - DAG(s) dict_keys(['example_branch_datetime_operator', 'example_branch_datetime_operator_3', 'example_branch_datetime_operator_2']) retrieved from /home/airflow/.local/lib/python3.7/site-packages/airflow/example_dags/example_branch_datetime_operator.py
[2024-12-03T16:06:55.735+0000] {logging_mixin.py:120} INFO - [2024-12-03T16:06:55.734+0000] {dag.py:2585} INFO - Sync 3 DAGs
[2024-12-03T16:06:55.860+0000] {logging_mixin.py:120} INFO - [2024-12-03T16:06:55.859+0000] {dag.py:3340} INFO - Setting next_dagrun for example_branch_datetime_operator to 2024-12-02T00:00:00+00:00, run_after=2024-12-03T00:00:00+00:00
[2024-12-03T16:06:55.878+0000] {logging_mixin.py:120} INFO - [2024-12-03T16:06:55.878+0000] {dag.py:3340} INFO - Setting next_dagrun for example_branch_datetime_operator_2 to 2024-12-02T00:00:00+00:00, run_after=2024-12-03T00:00:00+00:00
[2024-12-03T16:06:55.893+0000] {logging_mixin.py:120} INFO - [2024-12-03T16:06:55.892+0000] {dag.py:3340} INFO - Setting next_dagrun for example_branch_datetime_operator_3 to 2024-12-02T00:00:00+00:00, run_after=2024-12-03T00:00:00+00:00
[2024-12-03T16:06:55.968+0000] {processor.py:176} INFO - Processing /home/airflow/.local/lib/python3.7/site-packages/airflow/example_dags/example_branch_datetime_operator.py took 0.480 seconds
[2024-12-03T16:07:26.598+0000] {processor.py:154} INFO - Started process (PID=1725) to work on /home/airflow/.local/lib/python3.7/site-packages/airflow/example_dags/example_branch_datetime_operator.py
[2024-12-03T16:07:26.602+0000] {processor.py:756} INFO - Processing file /home/airflow/.local/lib/python3.7/site-packages/airflow/example_dags/example_branch_datetime_operator.py for tasks to queue
[2024-12-03T16:07:26.605+0000] {logging_mixin.py:120} INFO - [2024-12-03T16:07:26.604+0000] {dagbag.py:537} INFO - Filling up the DagBag from /home/airflow/.local/lib/python3.7/site-packages/airflow/example_dags/example_branch_datetime_operator.py
[2024-12-03T16:07:26.647+0000] {processor.py:766} INFO - DAG(s) dict_keys(['example_branch_datetime_operator_2', 'example_branch_datetime_operator_3', 'example_branch_datetime_operator']) retrieved from /home/airflow/.local/lib/python3.7/site-packages/airflow/example_dags/example_branch_datetime_operator.py
[2024-12-03T16:07:26.772+0000] {logging_mixin.py:120} INFO - [2024-12-03T16:07:26.771+0000] {dag.py:2585} INFO - Sync 3 DAGs
[2024-12-03T16:07:26.848+0000] {logging_mixin.py:120} INFO - [2024-12-03T16:07:26.848+0000] {dag.py:3340} INFO - Setting next_dagrun for example_branch_datetime_operator to 2024-12-02T00:00:00+00:00, run_after=2024-12-03T00:00:00+00:00
[2024-12-03T16:07:26.869+0000] {logging_mixin.py:120} INFO - [2024-12-03T16:07:26.869+0000] {dag.py:3340} INFO - Setting next_dagrun for example_branch_datetime_operator_2 to 2024-12-02T00:00:00+00:00, run_after=2024-12-03T00:00:00+00:00
[2024-12-03T16:07:26.881+0000] {logging_mixin.py:120} INFO - [2024-12-03T16:07:26.881+0000] {dag.py:3340} INFO - Setting next_dagrun for example_branch_datetime_operator_3 to 2024-12-02T00:00:00+00:00, run_after=2024-12-03T00:00:00+00:00
[2024-12-03T16:07:26.950+0000] {processor.py:176} INFO - Processing /home/airflow/.local/lib/python3.7/site-packages/airflow/example_dags/example_branch_datetime_operator.py took 0.358 seconds
[2024-12-03T16:07:57.625+0000] {processor.py:154} INFO - Started process (PID=1790) to work on /home/airflow/.local/lib/python3.7/site-packages/airflow/example_dags/example_branch_datetime_operator.py
[2024-12-03T16:07:57.628+0000] {processor.py:756} INFO - Processing file /home/airflow/.local/lib/python3.7/site-packages/airflow/example_dags/example_branch_datetime_operator.py for tasks to queue
[2024-12-03T16:07:57.632+0000] {logging_mixin.py:120} INFO - [2024-12-03T16:07:57.632+0000] {dagbag.py:537} INFO - Filling up the DagBag from /home/airflow/.local/lib/python3.7/site-packages/airflow/example_dags/example_branch_datetime_operator.py
[2024-12-03T16:07:57.706+0000] {processor.py:766} INFO - DAG(s) dict_keys(['example_branch_datetime_operator_2', 'example_branch_datetime_operator_3', 'example_branch_datetime_operator']) retrieved from /home/airflow/.local/lib/python3.7/site-packages/airflow/example_dags/example_branch_datetime_operator.py
[2024-12-03T16:07:57.849+0000] {logging_mixin.py:120} INFO - [2024-12-03T16:07:57.849+0000] {dag.py:2585} INFO - Sync 3 DAGs
[2024-12-03T16:07:57.951+0000] {logging_mixin.py:120} INFO - [2024-12-03T16:07:57.951+0000] {dag.py:3340} INFO - Setting next_dagrun for example_branch_datetime_operator to 2024-12-02T00:00:00+00:00, run_after=2024-12-03T00:00:00+00:00
[2024-12-03T16:07:57.972+0000] {logging_mixin.py:120} INFO - [2024-12-03T16:07:57.972+0000] {dag.py:3340} INFO - Setting next_dagrun for example_branch_datetime_operator_2 to 2024-12-02T00:00:00+00:00, run_after=2024-12-03T00:00:00+00:00
[2024-12-03T16:07:57.984+0000] {logging_mixin.py:120} INFO - [2024-12-03T16:07:57.983+0000] {dag.py:3340} INFO - Setting next_dagrun for example_branch_datetime_operator_3 to 2024-12-02T00:00:00+00:00, run_after=2024-12-03T00:00:00+00:00
[2024-12-03T16:07:58.065+0000] {processor.py:176} INFO - Processing /home/airflow/.local/lib/python3.7/site-packages/airflow/example_dags/example_branch_datetime_operator.py took 0.447 seconds
[2024-12-03T16:08:28.503+0000] {processor.py:154} INFO - Started process (PID=1853) to work on /home/airflow/.local/lib/python3.7/site-packages/airflow/example_dags/example_branch_datetime_operator.py
[2024-12-03T16:08:28.506+0000] {processor.py:756} INFO - Processing file /home/airflow/.local/lib/python3.7/site-packages/airflow/example_dags/example_branch_datetime_operator.py for tasks to queue
[2024-12-03T16:08:28.509+0000] {logging_mixin.py:120} INFO - [2024-12-03T16:08:28.508+0000] {dagbag.py:537} INFO - Filling up the DagBag from /home/airflow/.local/lib/python3.7/site-packages/airflow/example_dags/example_branch_datetime_operator.py
[2024-12-03T16:08:28.588+0000] {processor.py:766} INFO - DAG(s) dict_keys(['example_branch_datetime_operator', 'example_branch_datetime_operator_2', 'example_branch_datetime_operator_3']) retrieved from /home/airflow/.local/lib/python3.7/site-packages/airflow/example_dags/example_branch_datetime_operator.py
[2024-12-03T16:08:28.763+0000] {logging_mixin.py:120} INFO - [2024-12-03T16:08:28.763+0000] {dag.py:2585} INFO - Sync 3 DAGs
[2024-12-03T16:08:28.863+0000] {logging_mixin.py:120} INFO - [2024-12-03T16:08:28.863+0000] {dag.py:3340} INFO - Setting next_dagrun for example_branch_datetime_operator to 2024-12-02T00:00:00+00:00, run_after=2024-12-03T00:00:00+00:00
[2024-12-03T16:08:28.886+0000] {logging_mixin.py:120} INFO - [2024-12-03T16:08:28.886+0000] {dag.py:3340} INFO - Setting next_dagrun for example_branch_datetime_operator_2 to 2024-12-02T00:00:00+00:00, run_after=2024-12-03T00:00:00+00:00
[2024-12-03T16:08:28.897+0000] {logging_mixin.py:120} INFO - [2024-12-03T16:08:28.897+0000] {dag.py:3340} INFO - Setting next_dagrun for example_branch_datetime_operator_3 to 2024-12-02T00:00:00+00:00, run_after=2024-12-03T00:00:00+00:00
[2024-12-03T16:08:28.972+0000] {processor.py:176} INFO - Processing /home/airflow/.local/lib/python3.7/site-packages/airflow/example_dags/example_branch_datetime_operator.py took 0.477 seconds
[2024-12-03T16:08:59.375+0000] {processor.py:154} INFO - Started process (PID=1920) to work on /home/airflow/.local/lib/python3.7/site-packages/airflow/example_dags/example_branch_datetime_operator.py
[2024-12-03T16:08:59.378+0000] {processor.py:756} INFO - Processing file /home/airflow/.local/lib/python3.7/site-packages/airflow/example_dags/example_branch_datetime_operator.py for tasks to queue
[2024-12-03T16:08:59.380+0000] {logging_mixin.py:120} INFO - [2024-12-03T16:08:59.380+0000] {dagbag.py:537} INFO - Filling up the DagBag from /home/airflow/.local/lib/python3.7/site-packages/airflow/example_dags/example_branch_datetime_operator.py
[2024-12-03T16:08:59.441+0000] {processor.py:766} INFO - DAG(s) dict_keys(['example_branch_datetime_operator_2', 'example_branch_datetime_operator_3', 'example_branch_datetime_operator']) retrieved from /home/airflow/.local/lib/python3.7/site-packages/airflow/example_dags/example_branch_datetime_operator.py
[2024-12-03T16:08:59.578+0000] {logging_mixin.py:120} INFO - [2024-12-03T16:08:59.578+0000] {dag.py:2585} INFO - Sync 3 DAGs
[2024-12-03T16:08:59.654+0000] {logging_mixin.py:120} INFO - [2024-12-03T16:08:59.653+0000] {dag.py:3340} INFO - Setting next_dagrun for example_branch_datetime_operator to 2024-12-02T00:00:00+00:00, run_after=2024-12-03T00:00:00+00:00
[2024-12-03T16:08:59.668+0000] {logging_mixin.py:120} INFO - [2024-12-03T16:08:59.668+0000] {dag.py:3340} INFO - Setting next_dagrun for example_branch_datetime_operator_2 to 2024-12-02T00:00:00+00:00, run_after=2024-12-03T00:00:00+00:00
[2024-12-03T16:08:59.677+0000] {logging_mixin.py:120} INFO - [2024-12-03T16:08:59.677+0000] {dag.py:3340} INFO - Setting next_dagrun for example_branch_datetime_operator_3 to 2024-12-02T00:00:00+00:00, run_after=2024-12-03T00:00:00+00:00
[2024-12-03T16:08:59.751+0000] {processor.py:176} INFO - Processing /home/airflow/.local/lib/python3.7/site-packages/airflow/example_dags/example_branch_datetime_operator.py took 0.382 seconds
[2024-12-03T16:09:29.947+0000] {processor.py:154} INFO - Started process (PID=1974) to work on /home/airflow/.local/lib/python3.7/site-packages/airflow/example_dags/example_branch_datetime_operator.py
[2024-12-03T16:09:29.950+0000] {processor.py:756} INFO - Processing file /home/airflow/.local/lib/python3.7/site-packages/airflow/example_dags/example_branch_datetime_operator.py for tasks to queue
[2024-12-03T16:09:29.953+0000] {logging_mixin.py:120} INFO - [2024-12-03T16:09:29.952+0000] {dagbag.py:537} INFO - Filling up the DagBag from /home/airflow/.local/lib/python3.7/site-packages/airflow/example_dags/example_branch_datetime_operator.py
[2024-12-03T16:09:30.035+0000] {processor.py:766} INFO - DAG(s) dict_keys(['example_branch_datetime_operator', 'example_branch_datetime_operator_3', 'example_branch_datetime_operator_2']) retrieved from /home/airflow/.local/lib/python3.7/site-packages/airflow/example_dags/example_branch_datetime_operator.py
[2024-12-03T16:09:30.208+0000] {logging_mixin.py:120} INFO - [2024-12-03T16:09:30.208+0000] {dag.py:2585} INFO - Sync 3 DAGs
[2024-12-03T16:09:30.352+0000] {logging_mixin.py:120} INFO - [2024-12-03T16:09:30.352+0000] {dag.py:3340} INFO - Setting next_dagrun for example_branch_datetime_operator to 2024-12-02T00:00:00+00:00, run_after=2024-12-03T00:00:00+00:00
[2024-12-03T16:09:30.376+0000] {logging_mixin.py:120} INFO - [2024-12-03T16:09:30.375+0000] {dag.py:3340} INFO - Setting next_dagrun for example_branch_datetime_operator_2 to 2024-12-02T00:00:00+00:00, run_after=2024-12-03T00:00:00+00:00
[2024-12-03T16:09:30.386+0000] {logging_mixin.py:120} INFO - [2024-12-03T16:09:30.386+0000] {dag.py:3340} INFO - Setting next_dagrun for example_branch_datetime_operator_3 to 2024-12-02T00:00:00+00:00, run_after=2024-12-03T00:00:00+00:00
[2024-12-03T16:09:30.478+0000] {processor.py:176} INFO - Processing /home/airflow/.local/lib/python3.7/site-packages/airflow/example_dags/example_branch_datetime_operator.py took 0.543 seconds
[2024-12-03T16:10:00.732+0000] {processor.py:154} INFO - Started process (PID=2029) to work on /home/airflow/.local/lib/python3.7/site-packages/airflow/example_dags/example_branch_datetime_operator.py
[2024-12-03T16:10:00.735+0000] {processor.py:756} INFO - Processing file /home/airflow/.local/lib/python3.7/site-packages/airflow/example_dags/example_branch_datetime_operator.py for tasks to queue
[2024-12-03T16:10:00.738+0000] {logging_mixin.py:120} INFO - [2024-12-03T16:10:00.738+0000] {dagbag.py:537} INFO - Filling up the DagBag from /home/airflow/.local/lib/python3.7/site-packages/airflow/example_dags/example_branch_datetime_operator.py
[2024-12-03T16:10:00.787+0000] {processor.py:766} INFO - DAG(s) dict_keys(['example_branch_datetime_operator', 'example_branch_datetime_operator_3', 'example_branch_datetime_operator_2']) retrieved from /home/airflow/.local/lib/python3.7/site-packages/airflow/example_dags/example_branch_datetime_operator.py
[2024-12-03T16:10:00.918+0000] {logging_mixin.py:120} INFO - [2024-12-03T16:10:00.918+0000] {dag.py:2585} INFO - Sync 3 DAGs
[2024-12-03T16:10:00.990+0000] {logging_mixin.py:120} INFO - [2024-12-03T16:10:00.990+0000] {dag.py:3340} INFO - Setting next_dagrun for example_branch_datetime_operator to 2024-12-02T00:00:00+00:00, run_after=2024-12-03T00:00:00+00:00
[2024-12-03T16:10:01.003+0000] {logging_mixin.py:120} INFO - [2024-12-03T16:10:01.002+0000] {dag.py:3340} INFO - Setting next_dagrun for example_branch_datetime_operator_2 to 2024-12-02T00:00:00+00:00, run_after=2024-12-03T00:00:00+00:00
[2024-12-03T16:10:01.013+0000] {logging_mixin.py:120} INFO - [2024-12-03T16:10:01.013+0000] {dag.py:3340} INFO - Setting next_dagrun for example_branch_datetime_operator_3 to 2024-12-02T00:00:00+00:00, run_after=2024-12-03T00:00:00+00:00
[2024-12-03T16:10:01.081+0000] {processor.py:176} INFO - Processing /home/airflow/.local/lib/python3.7/site-packages/airflow/example_dags/example_branch_datetime_operator.py took 0.357 seconds
[2024-12-03T16:10:32.154+0000] {processor.py:154} INFO - Started process (PID=2084) to work on /home/airflow/.local/lib/python3.7/site-packages/airflow/example_dags/example_branch_datetime_operator.py
[2024-12-03T16:10:32.156+0000] {processor.py:756} INFO - Processing file /home/airflow/.local/lib/python3.7/site-packages/airflow/example_dags/example_branch_datetime_operator.py for tasks to queue
[2024-12-03T16:10:32.158+0000] {logging_mixin.py:120} INFO - [2024-12-03T16:10:32.158+0000] {dagbag.py:537} INFO - Filling up the DagBag from /home/airflow/.local/lib/python3.7/site-packages/airflow/example_dags/example_branch_datetime_operator.py
[2024-12-03T16:10:32.201+0000] {processor.py:766} INFO - DAG(s) dict_keys(['example_branch_datetime_operator_2', 'example_branch_datetime_operator_3', 'example_branch_datetime_operator']) retrieved from /home/airflow/.local/lib/python3.7/site-packages/airflow/example_dags/example_branch_datetime_operator.py
[2024-12-03T16:10:32.322+0000] {logging_mixin.py:120} INFO - [2024-12-03T16:10:32.322+0000] {dag.py:2585} INFO - Sync 3 DAGs
[2024-12-03T16:10:32.387+0000] {logging_mixin.py:120} INFO - [2024-12-03T16:10:32.387+0000] {dag.py:3340} INFO - Setting next_dagrun for example_branch_datetime_operator to 2024-12-02T00:00:00+00:00, run_after=2024-12-03T00:00:00+00:00
[2024-12-03T16:10:32.399+0000] {logging_mixin.py:120} INFO - [2024-12-03T16:10:32.399+0000] {dag.py:3340} INFO - Setting next_dagrun for example_branch_datetime_operator_2 to 2024-12-02T00:00:00+00:00, run_after=2024-12-03T00:00:00+00:00
[2024-12-03T16:10:32.406+0000] {logging_mixin.py:120} INFO - [2024-12-03T16:10:32.406+0000] {dag.py:3340} INFO - Setting next_dagrun for example_branch_datetime_operator_3 to 2024-12-02T00:00:00+00:00, run_after=2024-12-03T00:00:00+00:00
[2024-12-03T16:10:32.467+0000] {processor.py:176} INFO - Processing /home/airflow/.local/lib/python3.7/site-packages/airflow/example_dags/example_branch_datetime_operator.py took 0.319 seconds
[2024-12-03T16:11:02.932+0000] {processor.py:154} INFO - Started process (PID=2139) to work on /home/airflow/.local/lib/python3.7/site-packages/airflow/example_dags/example_branch_datetime_operator.py
[2024-12-03T16:11:02.934+0000] {processor.py:756} INFO - Processing file /home/airflow/.local/lib/python3.7/site-packages/airflow/example_dags/example_branch_datetime_operator.py for tasks to queue
[2024-12-03T16:11:02.936+0000] {logging_mixin.py:120} INFO - [2024-12-03T16:11:02.936+0000] {dagbag.py:537} INFO - Filling up the DagBag from /home/airflow/.local/lib/python3.7/site-packages/airflow/example_dags/example_branch_datetime_operator.py
[2024-12-03T16:11:02.988+0000] {processor.py:766} INFO - DAG(s) dict_keys(['example_branch_datetime_operator', 'example_branch_datetime_operator_3', 'example_branch_datetime_operator_2']) retrieved from /home/airflow/.local/lib/python3.7/site-packages/airflow/example_dags/example_branch_datetime_operator.py
[2024-12-03T16:11:03.141+0000] {logging_mixin.py:120} INFO - [2024-12-03T16:11:03.141+0000] {dag.py:2585} INFO - Sync 3 DAGs
[2024-12-03T16:11:03.240+0000] {logging_mixin.py:120} INFO - [2024-12-03T16:11:03.240+0000] {dag.py:3340} INFO - Setting next_dagrun for example_branch_datetime_operator to 2024-12-02T00:00:00+00:00, run_after=2024-12-03T00:00:00+00:00
[2024-12-03T16:11:03.260+0000] {logging_mixin.py:120} INFO - [2024-12-03T16:11:03.259+0000] {dag.py:3340} INFO - Setting next_dagrun for example_branch_datetime_operator_2 to 2024-12-02T00:00:00+00:00, run_after=2024-12-03T00:00:00+00:00
[2024-12-03T16:11:03.276+0000] {logging_mixin.py:120} INFO - [2024-12-03T16:11:03.276+0000] {dag.py:3340} INFO - Setting next_dagrun for example_branch_datetime_operator_3 to 2024-12-02T00:00:00+00:00, run_after=2024-12-03T00:00:00+00:00
[2024-12-03T16:11:03.364+0000] {processor.py:176} INFO - Processing /home/airflow/.local/lib/python3.7/site-packages/airflow/example_dags/example_branch_datetime_operator.py took 0.443 seconds
[2024-12-03T16:11:33.941+0000] {processor.py:154} INFO - Started process (PID=2194) to work on /home/airflow/.local/lib/python3.7/site-packages/airflow/example_dags/example_branch_datetime_operator.py
[2024-12-03T16:11:33.946+0000] {processor.py:756} INFO - Processing file /home/airflow/.local/lib/python3.7/site-packages/airflow/example_dags/example_branch_datetime_operator.py for tasks to queue
[2024-12-03T16:11:33.949+0000] {logging_mixin.py:120} INFO - [2024-12-03T16:11:33.949+0000] {dagbag.py:537} INFO - Filling up the DagBag from /home/airflow/.local/lib/python3.7/site-packages/airflow/example_dags/example_branch_datetime_operator.py
[2024-12-03T16:11:34.031+0000] {processor.py:766} INFO - DAG(s) dict_keys(['example_branch_datetime_operator_3', 'example_branch_datetime_operator', 'example_branch_datetime_operator_2']) retrieved from /home/airflow/.local/lib/python3.7/site-packages/airflow/example_dags/example_branch_datetime_operator.py
[2024-12-03T16:11:34.367+0000] {logging_mixin.py:120} INFO - [2024-12-03T16:11:34.365+0000] {dag.py:2585} INFO - Sync 3 DAGs
[2024-12-03T16:11:34.469+0000] {logging_mixin.py:120} INFO - [2024-12-03T16:11:34.469+0000] {dag.py:3340} INFO - Setting next_dagrun for example_branch_datetime_operator to 2024-12-02T00:00:00+00:00, run_after=2024-12-03T00:00:00+00:00
[2024-12-03T16:11:34.486+0000] {logging_mixin.py:120} INFO - [2024-12-03T16:11:34.485+0000] {dag.py:3340} INFO - Setting next_dagrun for example_branch_datetime_operator_2 to 2024-12-02T00:00:00+00:00, run_after=2024-12-03T00:00:00+00:00
[2024-12-03T16:11:34.492+0000] {logging_mixin.py:120} INFO - [2024-12-03T16:11:34.492+0000] {dag.py:3340} INFO - Setting next_dagrun for example_branch_datetime_operator_3 to 2024-12-02T00:00:00+00:00, run_after=2024-12-03T00:00:00+00:00
[2024-12-03T16:11:34.553+0000] {processor.py:176} INFO - Processing /home/airflow/.local/lib/python3.7/site-packages/airflow/example_dags/example_branch_datetime_operator.py took 0.622 seconds
[2024-12-03T16:12:05.089+0000] {processor.py:154} INFO - Started process (PID=2258) to work on /home/airflow/.local/lib/python3.7/site-packages/airflow/example_dags/example_branch_datetime_operator.py
[2024-12-03T16:12:05.091+0000] {processor.py:756} INFO - Processing file /home/airflow/.local/lib/python3.7/site-packages/airflow/example_dags/example_branch_datetime_operator.py for tasks to queue
[2024-12-03T16:12:05.094+0000] {logging_mixin.py:120} INFO - [2024-12-03T16:12:05.093+0000] {dagbag.py:537} INFO - Filling up the DagBag from /home/airflow/.local/lib/python3.7/site-packages/airflow/example_dags/example_branch_datetime_operator.py
[2024-12-03T16:12:05.153+0000] {processor.py:766} INFO - DAG(s) dict_keys(['example_branch_datetime_operator_2', 'example_branch_datetime_operator_3', 'example_branch_datetime_operator']) retrieved from /home/airflow/.local/lib/python3.7/site-packages/airflow/example_dags/example_branch_datetime_operator.py
[2024-12-03T16:12:05.306+0000] {logging_mixin.py:120} INFO - [2024-12-03T16:12:05.305+0000] {dag.py:2585} INFO - Sync 3 DAGs
[2024-12-03T16:12:05.406+0000] {logging_mixin.py:120} INFO - [2024-12-03T16:12:05.406+0000] {dag.py:3340} INFO - Setting next_dagrun for example_branch_datetime_operator to 2024-12-02T00:00:00+00:00, run_after=2024-12-03T00:00:00+00:00
[2024-12-03T16:12:05.433+0000] {logging_mixin.py:120} INFO - [2024-12-03T16:12:05.429+0000] {dag.py:3340} INFO - Setting next_dagrun for example_branch_datetime_operator_2 to 2024-12-02T00:00:00+00:00, run_after=2024-12-03T00:00:00+00:00
[2024-12-03T16:12:05.449+0000] {logging_mixin.py:120} INFO - [2024-12-03T16:12:05.448+0000] {dag.py:3340} INFO - Setting next_dagrun for example_branch_datetime_operator_3 to 2024-12-02T00:00:00+00:00, run_after=2024-12-03T00:00:00+00:00
[2024-12-03T16:12:05.575+0000] {processor.py:176} INFO - Processing /home/airflow/.local/lib/python3.7/site-packages/airflow/example_dags/example_branch_datetime_operator.py took 0.496 seconds
[2024-12-03T16:12:35.788+0000] {processor.py:154} INFO - Started process (PID=2313) to work on /home/airflow/.local/lib/python3.7/site-packages/airflow/example_dags/example_branch_datetime_operator.py
[2024-12-03T16:12:35.814+0000] {processor.py:756} INFO - Processing file /home/airflow/.local/lib/python3.7/site-packages/airflow/example_dags/example_branch_datetime_operator.py for tasks to queue
[2024-12-03T16:12:35.819+0000] {logging_mixin.py:120} INFO - [2024-12-03T16:12:35.818+0000] {dagbag.py:537} INFO - Filling up the DagBag from /home/airflow/.local/lib/python3.7/site-packages/airflow/example_dags/example_branch_datetime_operator.py
[2024-12-03T16:12:35.970+0000] {processor.py:766} INFO - DAG(s) dict_keys(['example_branch_datetime_operator', 'example_branch_datetime_operator_3', 'example_branch_datetime_operator_2']) retrieved from /home/airflow/.local/lib/python3.7/site-packages/airflow/example_dags/example_branch_datetime_operator.py
[2024-12-03T16:12:36.253+0000] {logging_mixin.py:120} INFO - [2024-12-03T16:12:36.253+0000] {dag.py:2585} INFO - Sync 3 DAGs
[2024-12-03T16:12:36.393+0000] {logging_mixin.py:120} INFO - [2024-12-03T16:12:36.393+0000] {dag.py:3340} INFO - Setting next_dagrun for example_branch_datetime_operator to 2024-12-02T00:00:00+00:00, run_after=2024-12-03T00:00:00+00:00
[2024-12-03T16:12:36.418+0000] {logging_mixin.py:120} INFO - [2024-12-03T16:12:36.417+0000] {dag.py:3340} INFO - Setting next_dagrun for example_branch_datetime_operator_2 to 2024-12-02T00:00:00+00:00, run_after=2024-12-03T00:00:00+00:00
[2024-12-03T16:12:36.425+0000] {logging_mixin.py:120} INFO - [2024-12-03T16:12:36.425+0000] {dag.py:3340} INFO - Setting next_dagrun for example_branch_datetime_operator_3 to 2024-12-02T00:00:00+00:00, run_after=2024-12-03T00:00:00+00:00
[2024-12-03T16:12:36.495+0000] {processor.py:176} INFO - Processing /home/airflow/.local/lib/python3.7/site-packages/airflow/example_dags/example_branch_datetime_operator.py took 0.724 seconds
[2024-12-03T16:13:06.802+0000] {processor.py:154} INFO - Started process (PID=2369) to work on /home/airflow/.local/lib/python3.7/site-packages/airflow/example_dags/example_branch_datetime_operator.py
[2024-12-03T16:13:06.806+0000] {processor.py:756} INFO - Processing file /home/airflow/.local/lib/python3.7/site-packages/airflow/example_dags/example_branch_datetime_operator.py for tasks to queue
[2024-12-03T16:13:06.809+0000] {logging_mixin.py:120} INFO - [2024-12-03T16:13:06.809+0000] {dagbag.py:537} INFO - Filling up the DagBag from /home/airflow/.local/lib/python3.7/site-packages/airflow/example_dags/example_branch_datetime_operator.py
[2024-12-03T16:13:06.879+0000] {processor.py:766} INFO - DAG(s) dict_keys(['example_branch_datetime_operator_2', 'example_branch_datetime_operator_3', 'example_branch_datetime_operator']) retrieved from /home/airflow/.local/lib/python3.7/site-packages/airflow/example_dags/example_branch_datetime_operator.py
[2024-12-03T16:13:07.084+0000] {logging_mixin.py:120} INFO - [2024-12-03T16:13:07.084+0000] {dag.py:2585} INFO - Sync 3 DAGs
[2024-12-03T16:13:07.246+0000] {logging_mixin.py:120} INFO - [2024-12-03T16:13:07.246+0000] {dag.py:3340} INFO - Setting next_dagrun for example_branch_datetime_operator to 2024-12-02T00:00:00+00:00, run_after=2024-12-03T00:00:00+00:00
[2024-12-03T16:13:07.268+0000] {logging_mixin.py:120} INFO - [2024-12-03T16:13:07.268+0000] {dag.py:3340} INFO - Setting next_dagrun for example_branch_datetime_operator_2 to 2024-12-02T00:00:00+00:00, run_after=2024-12-03T00:00:00+00:00
[2024-12-03T16:13:07.281+0000] {logging_mixin.py:120} INFO - [2024-12-03T16:13:07.281+0000] {dag.py:3340} INFO - Setting next_dagrun for example_branch_datetime_operator_3 to 2024-12-02T00:00:00+00:00, run_after=2024-12-03T00:00:00+00:00
[2024-12-03T16:13:07.368+0000] {processor.py:176} INFO - Processing /home/airflow/.local/lib/python3.7/site-packages/airflow/example_dags/example_branch_datetime_operator.py took 0.576 seconds
[2024-12-03T16:13:37.496+0000] {processor.py:154} INFO - Started process (PID=2424) to work on /home/airflow/.local/lib/python3.7/site-packages/airflow/example_dags/example_branch_datetime_operator.py
[2024-12-03T16:13:37.498+0000] {processor.py:756} INFO - Processing file /home/airflow/.local/lib/python3.7/site-packages/airflow/example_dags/example_branch_datetime_operator.py for tasks to queue
[2024-12-03T16:13:37.501+0000] {logging_mixin.py:120} INFO - [2024-12-03T16:13:37.500+0000] {dagbag.py:537} INFO - Filling up the DagBag from /home/airflow/.local/lib/python3.7/site-packages/airflow/example_dags/example_branch_datetime_operator.py
[2024-12-03T16:13:37.544+0000] {processor.py:766} INFO - DAG(s) dict_keys(['example_branch_datetime_operator', 'example_branch_datetime_operator_2', 'example_branch_datetime_operator_3']) retrieved from /home/airflow/.local/lib/python3.7/site-packages/airflow/example_dags/example_branch_datetime_operator.py
[2024-12-03T16:13:37.694+0000] {logging_mixin.py:120} INFO - [2024-12-03T16:13:37.694+0000] {dag.py:2585} INFO - Sync 3 DAGs
[2024-12-03T16:13:37.783+0000] {logging_mixin.py:120} INFO - [2024-12-03T16:13:37.783+0000] {dag.py:3340} INFO - Setting next_dagrun for example_branch_datetime_operator to 2024-12-02T00:00:00+00:00, run_after=2024-12-03T00:00:00+00:00
[2024-12-03T16:13:37.796+0000] {logging_mixin.py:120} INFO - [2024-12-03T16:13:37.795+0000] {dag.py:3340} INFO - Setting next_dagrun for example_branch_datetime_operator_2 to 2024-12-02T00:00:00+00:00, run_after=2024-12-03T00:00:00+00:00
[2024-12-03T16:13:37.804+0000] {logging_mixin.py:120} INFO - [2024-12-03T16:13:37.804+0000] {dag.py:3340} INFO - Setting next_dagrun for example_branch_datetime_operator_3 to 2024-12-02T00:00:00+00:00, run_after=2024-12-03T00:00:00+00:00
[2024-12-03T16:13:37.865+0000] {processor.py:176} INFO - Processing /home/airflow/.local/lib/python3.7/site-packages/airflow/example_dags/example_branch_datetime_operator.py took 0.376 seconds
[2024-12-03T16:14:08.459+0000] {processor.py:154} INFO - Started process (PID=2484) to work on /home/airflow/.local/lib/python3.7/site-packages/airflow/example_dags/example_branch_datetime_operator.py
[2024-12-03T16:14:08.462+0000] {processor.py:756} INFO - Processing file /home/airflow/.local/lib/python3.7/site-packages/airflow/example_dags/example_branch_datetime_operator.py for tasks to queue
[2024-12-03T16:14:08.464+0000] {logging_mixin.py:120} INFO - [2024-12-03T16:14:08.464+0000] {dagbag.py:537} INFO - Filling up the DagBag from /home/airflow/.local/lib/python3.7/site-packages/airflow/example_dags/example_branch_datetime_operator.py
[2024-12-03T16:14:08.534+0000] {processor.py:766} INFO - DAG(s) dict_keys(['example_branch_datetime_operator_3', 'example_branch_datetime_operator', 'example_branch_datetime_operator_2']) retrieved from /home/airflow/.local/lib/python3.7/site-packages/airflow/example_dags/example_branch_datetime_operator.py
[2024-12-03T16:14:08.738+0000] {logging_mixin.py:120} INFO - [2024-12-03T16:14:08.737+0000] {dag.py:2585} INFO - Sync 3 DAGs
[2024-12-03T16:14:08.876+0000] {logging_mixin.py:120} INFO - [2024-12-03T16:14:08.875+0000] {dag.py:3340} INFO - Setting next_dagrun for example_branch_datetime_operator to 2024-12-02T00:00:00+00:00, run_after=2024-12-03T00:00:00+00:00
[2024-12-03T16:14:08.895+0000] {logging_mixin.py:120} INFO - [2024-12-03T16:14:08.895+0000] {dag.py:3340} INFO - Setting next_dagrun for example_branch_datetime_operator_2 to 2024-12-02T00:00:00+00:00, run_after=2024-12-03T00:00:00+00:00
[2024-12-03T16:14:08.916+0000] {logging_mixin.py:120} INFO - [2024-12-03T16:14:08.915+0000] {dag.py:3340} INFO - Setting next_dagrun for example_branch_datetime_operator_3 to 2024-12-02T00:00:00+00:00, run_after=2024-12-03T00:00:00+00:00
[2024-12-03T16:14:09.001+0000] {processor.py:176} INFO - Processing /home/airflow/.local/lib/python3.7/site-packages/airflow/example_dags/example_branch_datetime_operator.py took 0.552 seconds
[2024-12-03T16:14:39.370+0000] {processor.py:154} INFO - Started process (PID=2547) to work on /home/airflow/.local/lib/python3.7/site-packages/airflow/example_dags/example_branch_datetime_operator.py
[2024-12-03T16:14:39.373+0000] {processor.py:756} INFO - Processing file /home/airflow/.local/lib/python3.7/site-packages/airflow/example_dags/example_branch_datetime_operator.py for tasks to queue
[2024-12-03T16:14:39.376+0000] {logging_mixin.py:120} INFO - [2024-12-03T16:14:39.375+0000] {dagbag.py:537} INFO - Filling up the DagBag from /home/airflow/.local/lib/python3.7/site-packages/airflow/example_dags/example_branch_datetime_operator.py
[2024-12-03T16:14:39.443+0000] {processor.py:766} INFO - DAG(s) dict_keys(['example_branch_datetime_operator_3', 'example_branch_datetime_operator', 'example_branch_datetime_operator_2']) retrieved from /home/airflow/.local/lib/python3.7/site-packages/airflow/example_dags/example_branch_datetime_operator.py
[2024-12-03T16:14:39.629+0000] {logging_mixin.py:120} INFO - [2024-12-03T16:14:39.629+0000] {dag.py:2585} INFO - Sync 3 DAGs
[2024-12-03T16:14:39.757+0000] {logging_mixin.py:120} INFO - [2024-12-03T16:14:39.757+0000] {dag.py:3340} INFO - Setting next_dagrun for example_branch_datetime_operator to 2024-12-02T00:00:00+00:00, run_after=2024-12-03T00:00:00+00:00
[2024-12-03T16:14:39.774+0000] {logging_mixin.py:120} INFO - [2024-12-03T16:14:39.773+0000] {dag.py:3340} INFO - Setting next_dagrun for example_branch_datetime_operator_2 to 2024-12-02T00:00:00+00:00, run_after=2024-12-03T00:00:00+00:00
[2024-12-03T16:14:39.785+0000] {logging_mixin.py:120} INFO - [2024-12-03T16:14:39.785+0000] {dag.py:3340} INFO - Setting next_dagrun for example_branch_datetime_operator_3 to 2024-12-02T00:00:00+00:00, run_after=2024-12-03T00:00:00+00:00
[2024-12-03T16:14:39.876+0000] {processor.py:176} INFO - Processing /home/airflow/.local/lib/python3.7/site-packages/airflow/example_dags/example_branch_datetime_operator.py took 0.515 seconds
[2024-12-03T16:15:10.072+0000] {processor.py:154} INFO - Started process (PID=2600) to work on /home/airflow/.local/lib/python3.7/site-packages/airflow/example_dags/example_branch_datetime_operator.py
[2024-12-03T16:15:10.074+0000] {processor.py:756} INFO - Processing file /home/airflow/.local/lib/python3.7/site-packages/airflow/example_dags/example_branch_datetime_operator.py for tasks to queue
[2024-12-03T16:15:10.076+0000] {logging_mixin.py:120} INFO - [2024-12-03T16:15:10.076+0000] {dagbag.py:537} INFO - Filling up the DagBag from /home/airflow/.local/lib/python3.7/site-packages/airflow/example_dags/example_branch_datetime_operator.py
[2024-12-03T16:15:10.139+0000] {processor.py:766} INFO - DAG(s) dict_keys(['example_branch_datetime_operator', 'example_branch_datetime_operator_3', 'example_branch_datetime_operator_2']) retrieved from /home/airflow/.local/lib/python3.7/site-packages/airflow/example_dags/example_branch_datetime_operator.py
[2024-12-03T16:15:10.267+0000] {logging_mixin.py:120} INFO - [2024-12-03T16:15:10.266+0000] {dag.py:2585} INFO - Sync 3 DAGs
[2024-12-03T16:15:10.341+0000] {logging_mixin.py:120} INFO - [2024-12-03T16:15:10.340+0000] {dag.py:3340} INFO - Setting next_dagrun for example_branch_datetime_operator to 2024-12-02T00:00:00+00:00, run_after=2024-12-03T00:00:00+00:00
[2024-12-03T16:15:10.353+0000] {logging_mixin.py:120} INFO - [2024-12-03T16:15:10.352+0000] {dag.py:3340} INFO - Setting next_dagrun for example_branch_datetime_operator_2 to 2024-12-02T00:00:00+00:00, run_after=2024-12-03T00:00:00+00:00
[2024-12-03T16:15:10.372+0000] {logging_mixin.py:120} INFO - [2024-12-03T16:15:10.371+0000] {dag.py:3340} INFO - Setting next_dagrun for example_branch_datetime_operator_3 to 2024-12-02T00:00:00+00:00, run_after=2024-12-03T00:00:00+00:00
[2024-12-03T16:15:10.440+0000] {processor.py:176} INFO - Processing /home/airflow/.local/lib/python3.7/site-packages/airflow/example_dags/example_branch_datetime_operator.py took 0.374 seconds
[2024-12-03T16:15:40.584+0000] {processor.py:154} INFO - Started process (PID=2655) to work on /home/airflow/.local/lib/python3.7/site-packages/airflow/example_dags/example_branch_datetime_operator.py
[2024-12-03T16:15:40.600+0000] {processor.py:756} INFO - Processing file /home/airflow/.local/lib/python3.7/site-packages/airflow/example_dags/example_branch_datetime_operator.py for tasks to queue
[2024-12-03T16:15:40.603+0000] {logging_mixin.py:120} INFO - [2024-12-03T16:15:40.602+0000] {dagbag.py:537} INFO - Filling up the DagBag from /home/airflow/.local/lib/python3.7/site-packages/airflow/example_dags/example_branch_datetime_operator.py
[2024-12-03T16:15:40.650+0000] {processor.py:766} INFO - DAG(s) dict_keys(['example_branch_datetime_operator_3', 'example_branch_datetime_operator_2', 'example_branch_datetime_operator']) retrieved from /home/airflow/.local/lib/python3.7/site-packages/airflow/example_dags/example_branch_datetime_operator.py
[2024-12-03T16:15:40.838+0000] {logging_mixin.py:120} INFO - [2024-12-03T16:15:40.838+0000] {dag.py:2585} INFO - Sync 3 DAGs
[2024-12-03T16:15:40.936+0000] {logging_mixin.py:120} INFO - [2024-12-03T16:15:40.936+0000] {dag.py:3340} INFO - Setting next_dagrun for example_branch_datetime_operator to 2024-12-02T00:00:00+00:00, run_after=2024-12-03T00:00:00+00:00
[2024-12-03T16:15:40.955+0000] {logging_mixin.py:120} INFO - [2024-12-03T16:15:40.955+0000] {dag.py:3340} INFO - Setting next_dagrun for example_branch_datetime_operator_2 to 2024-12-02T00:00:00+00:00, run_after=2024-12-03T00:00:00+00:00
[2024-12-03T16:15:40.966+0000] {logging_mixin.py:120} INFO - [2024-12-03T16:15:40.965+0000] {dag.py:3340} INFO - Setting next_dagrun for example_branch_datetime_operator_3 to 2024-12-02T00:00:00+00:00, run_after=2024-12-03T00:00:00+00:00
[2024-12-03T16:15:41.026+0000] {processor.py:176} INFO - Processing /home/airflow/.local/lib/python3.7/site-packages/airflow/example_dags/example_branch_datetime_operator.py took 0.450 seconds
[2024-12-03T16:16:11.344+0000] {processor.py:154} INFO - Started process (PID=2721) to work on /home/airflow/.local/lib/python3.7/site-packages/airflow/example_dags/example_branch_datetime_operator.py
[2024-12-03T16:16:11.347+0000] {processor.py:756} INFO - Processing file /home/airflow/.local/lib/python3.7/site-packages/airflow/example_dags/example_branch_datetime_operator.py for tasks to queue
[2024-12-03T16:16:11.351+0000] {logging_mixin.py:120} INFO - [2024-12-03T16:16:11.351+0000] {dagbag.py:537} INFO - Filling up the DagBag from /home/airflow/.local/lib/python3.7/site-packages/airflow/example_dags/example_branch_datetime_operator.py
[2024-12-03T16:16:11.407+0000] {processor.py:766} INFO - DAG(s) dict_keys(['example_branch_datetime_operator_3', 'example_branch_datetime_operator', 'example_branch_datetime_operator_2']) retrieved from /home/airflow/.local/lib/python3.7/site-packages/airflow/example_dags/example_branch_datetime_operator.py
[2024-12-03T16:16:11.572+0000] {logging_mixin.py:120} INFO - [2024-12-03T16:16:11.572+0000] {dag.py:2585} INFO - Sync 3 DAGs
[2024-12-03T16:16:11.689+0000] {logging_mixin.py:120} INFO - [2024-12-03T16:16:11.689+0000] {dag.py:3340} INFO - Setting next_dagrun for example_branch_datetime_operator to 2024-12-02T00:00:00+00:00, run_after=2024-12-03T00:00:00+00:00
[2024-12-03T16:16:11.714+0000] {logging_mixin.py:120} INFO - [2024-12-03T16:16:11.713+0000] {dag.py:3340} INFO - Setting next_dagrun for example_branch_datetime_operator_2 to 2024-12-02T00:00:00+00:00, run_after=2024-12-03T00:00:00+00:00
[2024-12-03T16:16:11.729+0000] {logging_mixin.py:120} INFO - [2024-12-03T16:16:11.729+0000] {dag.py:3340} INFO - Setting next_dagrun for example_branch_datetime_operator_3 to 2024-12-02T00:00:00+00:00, run_after=2024-12-03T00:00:00+00:00
[2024-12-03T16:16:11.817+0000] {processor.py:176} INFO - Processing /home/airflow/.local/lib/python3.7/site-packages/airflow/example_dags/example_branch_datetime_operator.py took 0.482 seconds
[2024-12-03T16:16:42.315+0000] {processor.py:154} INFO - Started process (PID=2777) to work on /home/airflow/.local/lib/python3.7/site-packages/airflow/example_dags/example_branch_datetime_operator.py
[2024-12-03T16:16:42.318+0000] {processor.py:756} INFO - Processing file /home/airflow/.local/lib/python3.7/site-packages/airflow/example_dags/example_branch_datetime_operator.py for tasks to queue
[2024-12-03T16:16:42.321+0000] {logging_mixin.py:120} INFO - [2024-12-03T16:16:42.321+0000] {dagbag.py:537} INFO - Filling up the DagBag from /home/airflow/.local/lib/python3.7/site-packages/airflow/example_dags/example_branch_datetime_operator.py
[2024-12-03T16:16:42.377+0000] {processor.py:766} INFO - DAG(s) dict_keys(['example_branch_datetime_operator_3', 'example_branch_datetime_operator', 'example_branch_datetime_operator_2']) retrieved from /home/airflow/.local/lib/python3.7/site-packages/airflow/example_dags/example_branch_datetime_operator.py
[2024-12-03T16:16:42.508+0000] {logging_mixin.py:120} INFO - [2024-12-03T16:16:42.508+0000] {dag.py:2585} INFO - Sync 3 DAGs
[2024-12-03T16:16:42.579+0000] {logging_mixin.py:120} INFO - [2024-12-03T16:16:42.579+0000] {dag.py:3340} INFO - Setting next_dagrun for example_branch_datetime_operator to 2024-12-02T00:00:00+00:00, run_after=2024-12-03T00:00:00+00:00
[2024-12-03T16:16:42.593+0000] {logging_mixin.py:120} INFO - [2024-12-03T16:16:42.593+0000] {dag.py:3340} INFO - Setting next_dagrun for example_branch_datetime_operator_2 to 2024-12-02T00:00:00+00:00, run_after=2024-12-03T00:00:00+00:00
[2024-12-03T16:16:42.602+0000] {logging_mixin.py:120} INFO - [2024-12-03T16:16:42.602+0000] {dag.py:3340} INFO - Setting next_dagrun for example_branch_datetime_operator_3 to 2024-12-02T00:00:00+00:00, run_after=2024-12-03T00:00:00+00:00
[2024-12-03T16:16:42.678+0000] {processor.py:176} INFO - Processing /home/airflow/.local/lib/python3.7/site-packages/airflow/example_dags/example_branch_datetime_operator.py took 0.376 seconds
[2024-12-03T16:17:12.987+0000] {processor.py:154} INFO - Started process (PID=2833) to work on /home/airflow/.local/lib/python3.7/site-packages/airflow/example_dags/example_branch_datetime_operator.py
[2024-12-03T16:17:12.990+0000] {processor.py:756} INFO - Processing file /home/airflow/.local/lib/python3.7/site-packages/airflow/example_dags/example_branch_datetime_operator.py for tasks to queue
[2024-12-03T16:17:12.995+0000] {logging_mixin.py:120} INFO - [2024-12-03T16:17:12.994+0000] {dagbag.py:537} INFO - Filling up the DagBag from /home/airflow/.local/lib/python3.7/site-packages/airflow/example_dags/example_branch_datetime_operator.py
[2024-12-03T16:17:13.064+0000] {processor.py:766} INFO - DAG(s) dict_keys(['example_branch_datetime_operator_3', 'example_branch_datetime_operator', 'example_branch_datetime_operator_2']) retrieved from /home/airflow/.local/lib/python3.7/site-packages/airflow/example_dags/example_branch_datetime_operator.py
[2024-12-03T16:17:13.213+0000] {logging_mixin.py:120} INFO - [2024-12-03T16:17:13.212+0000] {dag.py:2585} INFO - Sync 3 DAGs
[2024-12-03T16:17:13.329+0000] {logging_mixin.py:120} INFO - [2024-12-03T16:17:13.329+0000] {dag.py:3340} INFO - Setting next_dagrun for example_branch_datetime_operator to 2024-12-02T00:00:00+00:00, run_after=2024-12-03T00:00:00+00:00
[2024-12-03T16:17:13.347+0000] {logging_mixin.py:120} INFO - [2024-12-03T16:17:13.346+0000] {dag.py:3340} INFO - Setting next_dagrun for example_branch_datetime_operator_2 to 2024-12-02T00:00:00+00:00, run_after=2024-12-03T00:00:00+00:00
[2024-12-03T16:17:13.359+0000] {logging_mixin.py:120} INFO - [2024-12-03T16:17:13.358+0000] {dag.py:3340} INFO - Setting next_dagrun for example_branch_datetime_operator_3 to 2024-12-02T00:00:00+00:00, run_after=2024-12-03T00:00:00+00:00
[2024-12-03T16:17:13.415+0000] {processor.py:176} INFO - Processing /home/airflow/.local/lib/python3.7/site-packages/airflow/example_dags/example_branch_datetime_operator.py took 0.434 seconds
[2024-12-03T16:17:44.315+0000] {processor.py:154} INFO - Started process (PID=2889) to work on /home/airflow/.local/lib/python3.7/site-packages/airflow/example_dags/example_branch_datetime_operator.py
[2024-12-03T16:17:44.317+0000] {processor.py:756} INFO - Processing file /home/airflow/.local/lib/python3.7/site-packages/airflow/example_dags/example_branch_datetime_operator.py for tasks to queue
[2024-12-03T16:17:44.319+0000] {logging_mixin.py:120} INFO - [2024-12-03T16:17:44.319+0000] {dagbag.py:537} INFO - Filling up the DagBag from /home/airflow/.local/lib/python3.7/site-packages/airflow/example_dags/example_branch_datetime_operator.py
[2024-12-03T16:17:44.379+0000] {processor.py:766} INFO - DAG(s) dict_keys(['example_branch_datetime_operator_3', 'example_branch_datetime_operator_2', 'example_branch_datetime_operator']) retrieved from /home/airflow/.local/lib/python3.7/site-packages/airflow/example_dags/example_branch_datetime_operator.py
[2024-12-03T16:17:44.515+0000] {logging_mixin.py:120} INFO - [2024-12-03T16:17:44.514+0000] {dag.py:2585} INFO - Sync 3 DAGs
[2024-12-03T16:17:44.582+0000] {logging_mixin.py:120} INFO - [2024-12-03T16:17:44.582+0000] {dag.py:3340} INFO - Setting next_dagrun for example_branch_datetime_operator to 2024-12-02T00:00:00+00:00, run_after=2024-12-03T00:00:00+00:00
[2024-12-03T16:17:44.598+0000] {logging_mixin.py:120} INFO - [2024-12-03T16:17:44.598+0000] {dag.py:3340} INFO - Setting next_dagrun for example_branch_datetime_operator_2 to 2024-12-02T00:00:00+00:00, run_after=2024-12-03T00:00:00+00:00
[2024-12-03T16:17:44.606+0000] {logging_mixin.py:120} INFO - [2024-12-03T16:17:44.606+0000] {dag.py:3340} INFO - Setting next_dagrun for example_branch_datetime_operator_3 to 2024-12-02T00:00:00+00:00, run_after=2024-12-03T00:00:00+00:00
[2024-12-03T16:17:44.674+0000] {processor.py:176} INFO - Processing /home/airflow/.local/lib/python3.7/site-packages/airflow/example_dags/example_branch_datetime_operator.py took 0.366 seconds
[2024-12-03T16:18:14.853+0000] {processor.py:154} INFO - Started process (PID=2944) to work on /home/airflow/.local/lib/python3.7/site-packages/airflow/example_dags/example_branch_datetime_operator.py
[2024-12-03T16:18:14.856+0000] {processor.py:756} INFO - Processing file /home/airflow/.local/lib/python3.7/site-packages/airflow/example_dags/example_branch_datetime_operator.py for tasks to queue
[2024-12-03T16:18:14.859+0000] {logging_mixin.py:120} INFO - [2024-12-03T16:18:14.859+0000] {dagbag.py:537} INFO - Filling up the DagBag from /home/airflow/.local/lib/python3.7/site-packages/airflow/example_dags/example_branch_datetime_operator.py
[2024-12-03T16:18:14.912+0000] {processor.py:766} INFO - DAG(s) dict_keys(['example_branch_datetime_operator_2', 'example_branch_datetime_operator', 'example_branch_datetime_operator_3']) retrieved from /home/airflow/.local/lib/python3.7/site-packages/airflow/example_dags/example_branch_datetime_operator.py
[2024-12-03T16:18:15.048+0000] {logging_mixin.py:120} INFO - [2024-12-03T16:18:15.048+0000] {dag.py:2585} INFO - Sync 3 DAGs
[2024-12-03T16:18:15.125+0000] {logging_mixin.py:120} INFO - [2024-12-03T16:18:15.125+0000] {dag.py:3340} INFO - Setting next_dagrun for example_branch_datetime_operator to 2024-12-02T00:00:00+00:00, run_after=2024-12-03T00:00:00+00:00
[2024-12-03T16:18:15.152+0000] {logging_mixin.py:120} INFO - [2024-12-03T16:18:15.151+0000] {dag.py:3340} INFO - Setting next_dagrun for example_branch_datetime_operator_2 to 2024-12-02T00:00:00+00:00, run_after=2024-12-03T00:00:00+00:00
[2024-12-03T16:18:15.162+0000] {logging_mixin.py:120} INFO - [2024-12-03T16:18:15.161+0000] {dag.py:3340} INFO - Setting next_dagrun for example_branch_datetime_operator_3 to 2024-12-02T00:00:00+00:00, run_after=2024-12-03T00:00:00+00:00
[2024-12-03T16:18:15.243+0000] {processor.py:176} INFO - Processing /home/airflow/.local/lib/python3.7/site-packages/airflow/example_dags/example_branch_datetime_operator.py took 0.398 seconds
[2024-12-03T16:18:45.347+0000] {processor.py:154} INFO - Started process (PID=3012) to work on /home/airflow/.local/lib/python3.7/site-packages/airflow/example_dags/example_branch_datetime_operator.py
[2024-12-03T16:18:45.349+0000] {processor.py:756} INFO - Processing file /home/airflow/.local/lib/python3.7/site-packages/airflow/example_dags/example_branch_datetime_operator.py for tasks to queue
[2024-12-03T16:18:45.350+0000] {logging_mixin.py:120} INFO - [2024-12-03T16:18:45.350+0000] {dagbag.py:537} INFO - Filling up the DagBag from /home/airflow/.local/lib/python3.7/site-packages/airflow/example_dags/example_branch_datetime_operator.py
[2024-12-03T16:18:45.391+0000] {processor.py:766} INFO - DAG(s) dict_keys(['example_branch_datetime_operator_2', 'example_branch_datetime_operator_3', 'example_branch_datetime_operator']) retrieved from /home/airflow/.local/lib/python3.7/site-packages/airflow/example_dags/example_branch_datetime_operator.py
[2024-12-03T16:18:45.542+0000] {logging_mixin.py:120} INFO - [2024-12-03T16:18:45.541+0000] {dag.py:2585} INFO - Sync 3 DAGs
[2024-12-03T16:18:45.599+0000] {logging_mixin.py:120} INFO - [2024-12-03T16:18:45.599+0000] {dag.py:3340} INFO - Setting next_dagrun for example_branch_datetime_operator to 2024-12-02T00:00:00+00:00, run_after=2024-12-03T00:00:00+00:00
[2024-12-03T16:18:45.608+0000] {logging_mixin.py:120} INFO - [2024-12-03T16:18:45.608+0000] {dag.py:3340} INFO - Setting next_dagrun for example_branch_datetime_operator_2 to 2024-12-02T00:00:00+00:00, run_after=2024-12-03T00:00:00+00:00
[2024-12-03T16:18:45.615+0000] {logging_mixin.py:120} INFO - [2024-12-03T16:18:45.614+0000] {dag.py:3340} INFO - Setting next_dagrun for example_branch_datetime_operator_3 to 2024-12-02T00:00:00+00:00, run_after=2024-12-03T00:00:00+00:00
[2024-12-03T16:18:45.665+0000] {processor.py:176} INFO - Processing /home/airflow/.local/lib/python3.7/site-packages/airflow/example_dags/example_branch_datetime_operator.py took 0.321 seconds
[2024-12-03T16:19:16.492+0000] {processor.py:154} INFO - Started process (PID=3071) to work on /home/airflow/.local/lib/python3.7/site-packages/airflow/example_dags/example_branch_datetime_operator.py
[2024-12-03T16:19:16.494+0000] {processor.py:756} INFO - Processing file /home/airflow/.local/lib/python3.7/site-packages/airflow/example_dags/example_branch_datetime_operator.py for tasks to queue
[2024-12-03T16:19:16.495+0000] {logging_mixin.py:120} INFO - [2024-12-03T16:19:16.495+0000] {dagbag.py:537} INFO - Filling up the DagBag from /home/airflow/.local/lib/python3.7/site-packages/airflow/example_dags/example_branch_datetime_operator.py
[2024-12-03T16:19:16.515+0000] {processor.py:766} INFO - DAG(s) dict_keys(['example_branch_datetime_operator_2', 'example_branch_datetime_operator', 'example_branch_datetime_operator_3']) retrieved from /home/airflow/.local/lib/python3.7/site-packages/airflow/example_dags/example_branch_datetime_operator.py
[2024-12-03T16:19:16.575+0000] {logging_mixin.py:120} INFO - [2024-12-03T16:19:16.575+0000] {dag.py:2585} INFO - Sync 3 DAGs
[2024-12-03T16:19:16.609+0000] {logging_mixin.py:120} INFO - [2024-12-03T16:19:16.609+0000] {dag.py:3340} INFO - Setting next_dagrun for example_branch_datetime_operator to 2024-12-02T00:00:00+00:00, run_after=2024-12-03T00:00:00+00:00
[2024-12-03T16:19:16.617+0000] {logging_mixin.py:120} INFO - [2024-12-03T16:19:16.617+0000] {dag.py:3340} INFO - Setting next_dagrun for example_branch_datetime_operator_2 to 2024-12-02T00:00:00+00:00, run_after=2024-12-03T00:00:00+00:00
[2024-12-03T16:19:16.622+0000] {logging_mixin.py:120} INFO - [2024-12-03T16:19:16.621+0000] {dag.py:3340} INFO - Setting next_dagrun for example_branch_datetime_operator_3 to 2024-12-02T00:00:00+00:00, run_after=2024-12-03T00:00:00+00:00
[2024-12-03T16:19:16.651+0000] {processor.py:176} INFO - Processing /home/airflow/.local/lib/python3.7/site-packages/airflow/example_dags/example_branch_datetime_operator.py took 0.162 seconds
[2024-12-03T16:19:49.417+0000] {processor.py:154} INFO - Started process (PID=3153) to work on /home/airflow/.local/lib/python3.7/site-packages/airflow/example_dags/example_branch_datetime_operator.py
[2024-12-03T16:19:49.418+0000] {processor.py:756} INFO - Processing file /home/airflow/.local/lib/python3.7/site-packages/airflow/example_dags/example_branch_datetime_operator.py for tasks to queue
[2024-12-03T16:19:49.420+0000] {logging_mixin.py:120} INFO - [2024-12-03T16:19:49.420+0000] {dagbag.py:537} INFO - Filling up the DagBag from /home/airflow/.local/lib/python3.7/site-packages/airflow/example_dags/example_branch_datetime_operator.py
[2024-12-03T16:19:49.467+0000] {processor.py:766} INFO - DAG(s) dict_keys(['example_branch_datetime_operator_2', 'example_branch_datetime_operator_3', 'example_branch_datetime_operator']) retrieved from /home/airflow/.local/lib/python3.7/site-packages/airflow/example_dags/example_branch_datetime_operator.py
[2024-12-03T16:19:49.564+0000] {logging_mixin.py:120} INFO - [2024-12-03T16:19:49.564+0000] {dag.py:2585} INFO - Sync 3 DAGs
[2024-12-03T16:19:49.617+0000] {logging_mixin.py:120} INFO - [2024-12-03T16:19:49.616+0000] {dag.py:3340} INFO - Setting next_dagrun for example_branch_datetime_operator to 2024-12-02T00:00:00+00:00, run_after=2024-12-03T00:00:00+00:00
[2024-12-03T16:19:49.626+0000] {logging_mixin.py:120} INFO - [2024-12-03T16:19:49.625+0000] {dag.py:3340} INFO - Setting next_dagrun for example_branch_datetime_operator_2 to 2024-12-02T00:00:00+00:00, run_after=2024-12-03T00:00:00+00:00
[2024-12-03T16:19:49.631+0000] {logging_mixin.py:120} INFO - [2024-12-03T16:19:49.631+0000] {dag.py:3340} INFO - Setting next_dagrun for example_branch_datetime_operator_3 to 2024-12-02T00:00:00+00:00, run_after=2024-12-03T00:00:00+00:00
[2024-12-03T16:19:49.671+0000] {processor.py:176} INFO - Processing /home/airflow/.local/lib/python3.7/site-packages/airflow/example_dags/example_branch_datetime_operator.py took 0.261 seconds
[2024-12-03T16:20:19.811+0000] {processor.py:154} INFO - Started process (PID=3207) to work on /home/airflow/.local/lib/python3.7/site-packages/airflow/example_dags/example_branch_datetime_operator.py
[2024-12-03T16:20:19.814+0000] {processor.py:756} INFO - Processing file /home/airflow/.local/lib/python3.7/site-packages/airflow/example_dags/example_branch_datetime_operator.py for tasks to queue
[2024-12-03T16:20:19.817+0000] {logging_mixin.py:120} INFO - [2024-12-03T16:20:19.817+0000] {dagbag.py:537} INFO - Filling up the DagBag from /home/airflow/.local/lib/python3.7/site-packages/airflow/example_dags/example_branch_datetime_operator.py
[2024-12-03T16:20:19.842+0000] {processor.py:766} INFO - DAG(s) dict_keys(['example_branch_datetime_operator', 'example_branch_datetime_operator_2', 'example_branch_datetime_operator_3']) retrieved from /home/airflow/.local/lib/python3.7/site-packages/airflow/example_dags/example_branch_datetime_operator.py
[2024-12-03T16:20:19.917+0000] {logging_mixin.py:120} INFO - [2024-12-03T16:20:19.917+0000] {dag.py:2585} INFO - Sync 3 DAGs
[2024-12-03T16:20:19.957+0000] {logging_mixin.py:120} INFO - [2024-12-03T16:20:19.957+0000] {dag.py:3340} INFO - Setting next_dagrun for example_branch_datetime_operator to 2024-12-02T00:00:00+00:00, run_after=2024-12-03T00:00:00+00:00
[2024-12-03T16:20:19.967+0000] {logging_mixin.py:120} INFO - [2024-12-03T16:20:19.966+0000] {dag.py:3340} INFO - Setting next_dagrun for example_branch_datetime_operator_2 to 2024-12-02T00:00:00+00:00, run_after=2024-12-03T00:00:00+00:00
[2024-12-03T16:20:19.971+0000] {logging_mixin.py:120} INFO - [2024-12-03T16:20:19.971+0000] {dag.py:3340} INFO - Setting next_dagrun for example_branch_datetime_operator_3 to 2024-12-02T00:00:00+00:00, run_after=2024-12-03T00:00:00+00:00
[2024-12-03T16:20:20.013+0000] {processor.py:176} INFO - Processing /home/airflow/.local/lib/python3.7/site-packages/airflow/example_dags/example_branch_datetime_operator.py took 0.207 seconds
[2024-12-03T16:20:50.389+0000] {processor.py:154} INFO - Started process (PID=3262) to work on /home/airflow/.local/lib/python3.7/site-packages/airflow/example_dags/example_branch_datetime_operator.py
[2024-12-03T16:20:50.391+0000] {processor.py:756} INFO - Processing file /home/airflow/.local/lib/python3.7/site-packages/airflow/example_dags/example_branch_datetime_operator.py for tasks to queue
[2024-12-03T16:20:50.392+0000] {logging_mixin.py:120} INFO - [2024-12-03T16:20:50.392+0000] {dagbag.py:537} INFO - Filling up the DagBag from /home/airflow/.local/lib/python3.7/site-packages/airflow/example_dags/example_branch_datetime_operator.py
[2024-12-03T16:20:50.423+0000] {processor.py:766} INFO - DAG(s) dict_keys(['example_branch_datetime_operator_3', 'example_branch_datetime_operator_2', 'example_branch_datetime_operator']) retrieved from /home/airflow/.local/lib/python3.7/site-packages/airflow/example_dags/example_branch_datetime_operator.py
[2024-12-03T16:20:50.498+0000] {logging_mixin.py:120} INFO - [2024-12-03T16:20:50.497+0000] {dag.py:2585} INFO - Sync 3 DAGs
[2024-12-03T16:20:50.553+0000] {logging_mixin.py:120} INFO - [2024-12-03T16:20:50.553+0000] {dag.py:3340} INFO - Setting next_dagrun for example_branch_datetime_operator to 2024-12-02T00:00:00+00:00, run_after=2024-12-03T00:00:00+00:00
[2024-12-03T16:20:50.562+0000] {logging_mixin.py:120} INFO - [2024-12-03T16:20:50.562+0000] {dag.py:3340} INFO - Setting next_dagrun for example_branch_datetime_operator_2 to 2024-12-02T00:00:00+00:00, run_after=2024-12-03T00:00:00+00:00
[2024-12-03T16:20:50.569+0000] {logging_mixin.py:120} INFO - [2024-12-03T16:20:50.568+0000] {dag.py:3340} INFO - Setting next_dagrun for example_branch_datetime_operator_3 to 2024-12-02T00:00:00+00:00, run_after=2024-12-03T00:00:00+00:00
[2024-12-03T16:20:50.609+0000] {processor.py:176} INFO - Processing /home/airflow/.local/lib/python3.7/site-packages/airflow/example_dags/example_branch_datetime_operator.py took 0.226 seconds
[2024-12-03T16:21:21.192+0000] {processor.py:154} INFO - Started process (PID=3326) to work on /home/airflow/.local/lib/python3.7/site-packages/airflow/example_dags/example_branch_datetime_operator.py
[2024-12-03T16:21:21.193+0000] {processor.py:756} INFO - Processing file /home/airflow/.local/lib/python3.7/site-packages/airflow/example_dags/example_branch_datetime_operator.py for tasks to queue
[2024-12-03T16:21:21.195+0000] {logging_mixin.py:120} INFO - [2024-12-03T16:21:21.195+0000] {dagbag.py:537} INFO - Filling up the DagBag from /home/airflow/.local/lib/python3.7/site-packages/airflow/example_dags/example_branch_datetime_operator.py
[2024-12-03T16:21:21.227+0000] {processor.py:766} INFO - DAG(s) dict_keys(['example_branch_datetime_operator_3', 'example_branch_datetime_operator', 'example_branch_datetime_operator_2']) retrieved from /home/airflow/.local/lib/python3.7/site-packages/airflow/example_dags/example_branch_datetime_operator.py
[2024-12-03T16:21:21.343+0000] {logging_mixin.py:120} INFO - [2024-12-03T16:21:21.342+0000] {dag.py:2585} INFO - Sync 3 DAGs
[2024-12-03T16:21:21.422+0000] {logging_mixin.py:120} INFO - [2024-12-03T16:21:21.422+0000] {dag.py:3340} INFO - Setting next_dagrun for example_branch_datetime_operator to 2024-12-02T00:00:00+00:00, run_after=2024-12-03T00:00:00+00:00
[2024-12-03T16:21:21.435+0000] {logging_mixin.py:120} INFO - [2024-12-03T16:21:21.434+0000] {dag.py:3340} INFO - Setting next_dagrun for example_branch_datetime_operator_2 to 2024-12-02T00:00:00+00:00, run_after=2024-12-03T00:00:00+00:00
[2024-12-03T16:21:21.443+0000] {logging_mixin.py:120} INFO - [2024-12-03T16:21:21.443+0000] {dag.py:3340} INFO - Setting next_dagrun for example_branch_datetime_operator_3 to 2024-12-02T00:00:00+00:00, run_after=2024-12-03T00:00:00+00:00
[2024-12-03T16:21:21.494+0000] {processor.py:176} INFO - Processing /home/airflow/.local/lib/python3.7/site-packages/airflow/example_dags/example_branch_datetime_operator.py took 0.306 seconds
[2024-12-03T16:21:51.754+0000] {processor.py:154} INFO - Started process (PID=3381) to work on /home/airflow/.local/lib/python3.7/site-packages/airflow/example_dags/example_branch_datetime_operator.py
[2024-12-03T16:21:51.755+0000] {processor.py:756} INFO - Processing file /home/airflow/.local/lib/python3.7/site-packages/airflow/example_dags/example_branch_datetime_operator.py for tasks to queue
[2024-12-03T16:21:51.756+0000] {logging_mixin.py:120} INFO - [2024-12-03T16:21:51.756+0000] {dagbag.py:537} INFO - Filling up the DagBag from /home/airflow/.local/lib/python3.7/site-packages/airflow/example_dags/example_branch_datetime_operator.py
[2024-12-03T16:21:51.775+0000] {processor.py:766} INFO - DAG(s) dict_keys(['example_branch_datetime_operator_2', 'example_branch_datetime_operator', 'example_branch_datetime_operator_3']) retrieved from /home/airflow/.local/lib/python3.7/site-packages/airflow/example_dags/example_branch_datetime_operator.py
[2024-12-03T16:21:51.840+0000] {logging_mixin.py:120} INFO - [2024-12-03T16:21:51.839+0000] {dag.py:2585} INFO - Sync 3 DAGs
[2024-12-03T16:21:51.877+0000] {logging_mixin.py:120} INFO - [2024-12-03T16:21:51.877+0000] {dag.py:3340} INFO - Setting next_dagrun for example_branch_datetime_operator to 2024-12-02T00:00:00+00:00, run_after=2024-12-03T00:00:00+00:00
[2024-12-03T16:21:51.886+0000] {logging_mixin.py:120} INFO - [2024-12-03T16:21:51.886+0000] {dag.py:3340} INFO - Setting next_dagrun for example_branch_datetime_operator_2 to 2024-12-02T00:00:00+00:00, run_after=2024-12-03T00:00:00+00:00
[2024-12-03T16:21:51.890+0000] {logging_mixin.py:120} INFO - [2024-12-03T16:21:51.890+0000] {dag.py:3340} INFO - Setting next_dagrun for example_branch_datetime_operator_3 to 2024-12-02T00:00:00+00:00, run_after=2024-12-03T00:00:00+00:00
[2024-12-03T16:21:51.922+0000] {processor.py:176} INFO - Processing /home/airflow/.local/lib/python3.7/site-packages/airflow/example_dags/example_branch_datetime_operator.py took 0.171 seconds
[2024-12-03T16:22:22.151+0000] {processor.py:154} INFO - Started process (PID=3445) to work on /home/airflow/.local/lib/python3.7/site-packages/airflow/example_dags/example_branch_datetime_operator.py
[2024-12-03T16:22:22.152+0000] {processor.py:756} INFO - Processing file /home/airflow/.local/lib/python3.7/site-packages/airflow/example_dags/example_branch_datetime_operator.py for tasks to queue
[2024-12-03T16:22:22.154+0000] {logging_mixin.py:120} INFO - [2024-12-03T16:22:22.154+0000] {dagbag.py:537} INFO - Filling up the DagBag from /home/airflow/.local/lib/python3.7/site-packages/airflow/example_dags/example_branch_datetime_operator.py
[2024-12-03T16:22:22.174+0000] {processor.py:766} INFO - DAG(s) dict_keys(['example_branch_datetime_operator', 'example_branch_datetime_operator_3', 'example_branch_datetime_operator_2']) retrieved from /home/airflow/.local/lib/python3.7/site-packages/airflow/example_dags/example_branch_datetime_operator.py
[2024-12-03T16:22:22.231+0000] {logging_mixin.py:120} INFO - [2024-12-03T16:22:22.231+0000] {dag.py:2585} INFO - Sync 3 DAGs
[2024-12-03T16:22:22.263+0000] {logging_mixin.py:120} INFO - [2024-12-03T16:22:22.263+0000] {dag.py:3340} INFO - Setting next_dagrun for example_branch_datetime_operator to 2024-12-02T00:00:00+00:00, run_after=2024-12-03T00:00:00+00:00
[2024-12-03T16:22:22.271+0000] {logging_mixin.py:120} INFO - [2024-12-03T16:22:22.271+0000] {dag.py:3340} INFO - Setting next_dagrun for example_branch_datetime_operator_2 to 2024-12-02T00:00:00+00:00, run_after=2024-12-03T00:00:00+00:00
[2024-12-03T16:22:22.275+0000] {logging_mixin.py:120} INFO - [2024-12-03T16:22:22.275+0000] {dag.py:3340} INFO - Setting next_dagrun for example_branch_datetime_operator_3 to 2024-12-02T00:00:00+00:00, run_after=2024-12-03T00:00:00+00:00
[2024-12-03T16:22:22.307+0000] {processor.py:176} INFO - Processing /home/airflow/.local/lib/python3.7/site-packages/airflow/example_dags/example_branch_datetime_operator.py took 0.159 seconds
[2024-12-03T16:22:52.595+0000] {processor.py:154} INFO - Started process (PID=3509) to work on /home/airflow/.local/lib/python3.7/site-packages/airflow/example_dags/example_branch_datetime_operator.py
[2024-12-03T16:22:52.597+0000] {processor.py:756} INFO - Processing file /home/airflow/.local/lib/python3.7/site-packages/airflow/example_dags/example_branch_datetime_operator.py for tasks to queue
[2024-12-03T16:22:52.598+0000] {logging_mixin.py:120} INFO - [2024-12-03T16:22:52.598+0000] {dagbag.py:537} INFO - Filling up the DagBag from /home/airflow/.local/lib/python3.7/site-packages/airflow/example_dags/example_branch_datetime_operator.py
[2024-12-03T16:22:52.621+0000] {processor.py:766} INFO - DAG(s) dict_keys(['example_branch_datetime_operator_3', 'example_branch_datetime_operator', 'example_branch_datetime_operator_2']) retrieved from /home/airflow/.local/lib/python3.7/site-packages/airflow/example_dags/example_branch_datetime_operator.py
[2024-12-03T16:22:52.683+0000] {logging_mixin.py:120} INFO - [2024-12-03T16:22:52.683+0000] {dag.py:2585} INFO - Sync 3 DAGs
[2024-12-03T16:22:52.716+0000] {logging_mixin.py:120} INFO - [2024-12-03T16:22:52.716+0000] {dag.py:3340} INFO - Setting next_dagrun for example_branch_datetime_operator to 2024-12-02T00:00:00+00:00, run_after=2024-12-03T00:00:00+00:00
[2024-12-03T16:22:52.725+0000] {logging_mixin.py:120} INFO - [2024-12-03T16:22:52.725+0000] {dag.py:3340} INFO - Setting next_dagrun for example_branch_datetime_operator_2 to 2024-12-02T00:00:00+00:00, run_after=2024-12-03T00:00:00+00:00
[2024-12-03T16:22:52.730+0000] {logging_mixin.py:120} INFO - [2024-12-03T16:22:52.729+0000] {dag.py:3340} INFO - Setting next_dagrun for example_branch_datetime_operator_3 to 2024-12-02T00:00:00+00:00, run_after=2024-12-03T00:00:00+00:00
[2024-12-03T16:22:52.758+0000] {processor.py:176} INFO - Processing /home/airflow/.local/lib/python3.7/site-packages/airflow/example_dags/example_branch_datetime_operator.py took 0.166 seconds
[2024-12-03T16:23:23.077+0000] {processor.py:154} INFO - Started process (PID=3564) to work on /home/airflow/.local/lib/python3.7/site-packages/airflow/example_dags/example_branch_datetime_operator.py
[2024-12-03T16:23:23.078+0000] {processor.py:756} INFO - Processing file /home/airflow/.local/lib/python3.7/site-packages/airflow/example_dags/example_branch_datetime_operator.py for tasks to queue
[2024-12-03T16:23:23.079+0000] {logging_mixin.py:120} INFO - [2024-12-03T16:23:23.079+0000] {dagbag.py:537} INFO - Filling up the DagBag from /home/airflow/.local/lib/python3.7/site-packages/airflow/example_dags/example_branch_datetime_operator.py
[2024-12-03T16:23:23.101+0000] {processor.py:766} INFO - DAG(s) dict_keys(['example_branch_datetime_operator', 'example_branch_datetime_operator_3', 'example_branch_datetime_operator_2']) retrieved from /home/airflow/.local/lib/python3.7/site-packages/airflow/example_dags/example_branch_datetime_operator.py
[2024-12-03T16:23:23.158+0000] {logging_mixin.py:120} INFO - [2024-12-03T16:23:23.158+0000] {dag.py:2585} INFO - Sync 3 DAGs
[2024-12-03T16:23:23.194+0000] {logging_mixin.py:120} INFO - [2024-12-03T16:23:23.194+0000] {dag.py:3340} INFO - Setting next_dagrun for example_branch_datetime_operator to 2024-12-02T00:00:00+00:00, run_after=2024-12-03T00:00:00+00:00
[2024-12-03T16:23:23.201+0000] {logging_mixin.py:120} INFO - [2024-12-03T16:23:23.201+0000] {dag.py:3340} INFO - Setting next_dagrun for example_branch_datetime_operator_2 to 2024-12-02T00:00:00+00:00, run_after=2024-12-03T00:00:00+00:00
[2024-12-03T16:23:23.206+0000] {logging_mixin.py:120} INFO - [2024-12-03T16:23:23.205+0000] {dag.py:3340} INFO - Setting next_dagrun for example_branch_datetime_operator_3 to 2024-12-02T00:00:00+00:00, run_after=2024-12-03T00:00:00+00:00
[2024-12-03T16:23:23.237+0000] {processor.py:176} INFO - Processing /home/airflow/.local/lib/python3.7/site-packages/airflow/example_dags/example_branch_datetime_operator.py took 0.163 seconds
[2024-12-03T16:23:53.873+0000] {processor.py:154} INFO - Started process (PID=3628) to work on /home/airflow/.local/lib/python3.7/site-packages/airflow/example_dags/example_branch_datetime_operator.py
[2024-12-03T16:23:53.875+0000] {processor.py:756} INFO - Processing file /home/airflow/.local/lib/python3.7/site-packages/airflow/example_dags/example_branch_datetime_operator.py for tasks to queue
[2024-12-03T16:23:53.876+0000] {logging_mixin.py:120} INFO - [2024-12-03T16:23:53.875+0000] {dagbag.py:537} INFO - Filling up the DagBag from /home/airflow/.local/lib/python3.7/site-packages/airflow/example_dags/example_branch_datetime_operator.py
[2024-12-03T16:23:53.895+0000] {processor.py:766} INFO - DAG(s) dict_keys(['example_branch_datetime_operator_3', 'example_branch_datetime_operator', 'example_branch_datetime_operator_2']) retrieved from /home/airflow/.local/lib/python3.7/site-packages/airflow/example_dags/example_branch_datetime_operator.py
[2024-12-03T16:23:53.959+0000] {logging_mixin.py:120} INFO - [2024-12-03T16:23:53.959+0000] {dag.py:2585} INFO - Sync 3 DAGs
[2024-12-03T16:23:53.992+0000] {logging_mixin.py:120} INFO - [2024-12-03T16:23:53.992+0000] {dag.py:3340} INFO - Setting next_dagrun for example_branch_datetime_operator to 2024-12-02T00:00:00+00:00, run_after=2024-12-03T00:00:00+00:00
[2024-12-03T16:23:53.999+0000] {logging_mixin.py:120} INFO - [2024-12-03T16:23:53.999+0000] {dag.py:3340} INFO - Setting next_dagrun for example_branch_datetime_operator_2 to 2024-12-02T00:00:00+00:00, run_after=2024-12-03T00:00:00+00:00
[2024-12-03T16:23:54.004+0000] {logging_mixin.py:120} INFO - [2024-12-03T16:23:54.004+0000] {dag.py:3340} INFO - Setting next_dagrun for example_branch_datetime_operator_3 to 2024-12-02T00:00:00+00:00, run_after=2024-12-03T00:00:00+00:00
[2024-12-03T16:23:54.032+0000] {processor.py:176} INFO - Processing /home/airflow/.local/lib/python3.7/site-packages/airflow/example_dags/example_branch_datetime_operator.py took 0.162 seconds
[2024-12-03T16:24:24.426+0000] {processor.py:154} INFO - Started process (PID=3683) to work on /home/airflow/.local/lib/python3.7/site-packages/airflow/example_dags/example_branch_datetime_operator.py
[2024-12-03T16:24:24.427+0000] {processor.py:756} INFO - Processing file /home/airflow/.local/lib/python3.7/site-packages/airflow/example_dags/example_branch_datetime_operator.py for tasks to queue
[2024-12-03T16:24:24.428+0000] {logging_mixin.py:120} INFO - [2024-12-03T16:24:24.428+0000] {dagbag.py:537} INFO - Filling up the DagBag from /home/airflow/.local/lib/python3.7/site-packages/airflow/example_dags/example_branch_datetime_operator.py
[2024-12-03T16:24:24.448+0000] {processor.py:766} INFO - DAG(s) dict_keys(['example_branch_datetime_operator', 'example_branch_datetime_operator_2', 'example_branch_datetime_operator_3']) retrieved from /home/airflow/.local/lib/python3.7/site-packages/airflow/example_dags/example_branch_datetime_operator.py
[2024-12-03T16:24:24.514+0000] {logging_mixin.py:120} INFO - [2024-12-03T16:24:24.513+0000] {dag.py:2585} INFO - Sync 3 DAGs
[2024-12-03T16:24:24.567+0000] {logging_mixin.py:120} INFO - [2024-12-03T16:24:24.567+0000] {dag.py:3340} INFO - Setting next_dagrun for example_branch_datetime_operator to 2024-12-02T00:00:00+00:00, run_after=2024-12-03T00:00:00+00:00
[2024-12-03T16:24:24.579+0000] {logging_mixin.py:120} INFO - [2024-12-03T16:24:24.579+0000] {dag.py:3340} INFO - Setting next_dagrun for example_branch_datetime_operator_2 to 2024-12-02T00:00:00+00:00, run_after=2024-12-03T00:00:00+00:00
[2024-12-03T16:24:24.583+0000] {logging_mixin.py:120} INFO - [2024-12-03T16:24:24.583+0000] {dag.py:3340} INFO - Setting next_dagrun for example_branch_datetime_operator_3 to 2024-12-02T00:00:00+00:00, run_after=2024-12-03T00:00:00+00:00
[2024-12-03T16:24:24.625+0000] {processor.py:176} INFO - Processing /home/airflow/.local/lib/python3.7/site-packages/airflow/example_dags/example_branch_datetime_operator.py took 0.204 seconds
[2024-12-03T16:24:55.702+0000] {processor.py:154} INFO - Started process (PID=3760) to work on /home/airflow/.local/lib/python3.7/site-packages/airflow/example_dags/example_branch_datetime_operator.py
[2024-12-03T16:24:55.705+0000] {processor.py:756} INFO - Processing file /home/airflow/.local/lib/python3.7/site-packages/airflow/example_dags/example_branch_datetime_operator.py for tasks to queue
[2024-12-03T16:24:55.708+0000] {logging_mixin.py:120} INFO - [2024-12-03T16:24:55.707+0000] {dagbag.py:537} INFO - Filling up the DagBag from /home/airflow/.local/lib/python3.7/site-packages/airflow/example_dags/example_branch_datetime_operator.py
[2024-12-03T16:24:55.774+0000] {processor.py:766} INFO - DAG(s) dict_keys(['example_branch_datetime_operator_3', 'example_branch_datetime_operator_2', 'example_branch_datetime_operator']) retrieved from /home/airflow/.local/lib/python3.7/site-packages/airflow/example_dags/example_branch_datetime_operator.py
[2024-12-03T16:24:55.905+0000] {logging_mixin.py:120} INFO - [2024-12-03T16:24:55.904+0000] {dag.py:2585} INFO - Sync 3 DAGs
[2024-12-03T16:24:56.017+0000] {logging_mixin.py:120} INFO - [2024-12-03T16:24:56.016+0000] {dag.py:3340} INFO - Setting next_dagrun for example_branch_datetime_operator to 2024-12-02T00:00:00+00:00, run_after=2024-12-03T00:00:00+00:00
[2024-12-03T16:24:56.051+0000] {logging_mixin.py:120} INFO - [2024-12-03T16:24:56.050+0000] {dag.py:3340} INFO - Setting next_dagrun for example_branch_datetime_operator_2 to 2024-12-02T00:00:00+00:00, run_after=2024-12-03T00:00:00+00:00
[2024-12-03T16:24:56.067+0000] {logging_mixin.py:120} INFO - [2024-12-03T16:24:56.067+0000] {dag.py:3340} INFO - Setting next_dagrun for example_branch_datetime_operator_3 to 2024-12-02T00:00:00+00:00, run_after=2024-12-03T00:00:00+00:00
[2024-12-03T16:24:56.120+0000] {processor.py:176} INFO - Processing /home/airflow/.local/lib/python3.7/site-packages/airflow/example_dags/example_branch_datetime_operator.py took 0.427 seconds
[2024-12-03T16:25:26.903+0000] {processor.py:154} INFO - Started process (PID=3834) to work on /home/airflow/.local/lib/python3.7/site-packages/airflow/example_dags/example_branch_datetime_operator.py
[2024-12-03T16:25:26.905+0000] {processor.py:756} INFO - Processing file /home/airflow/.local/lib/python3.7/site-packages/airflow/example_dags/example_branch_datetime_operator.py for tasks to queue
[2024-12-03T16:25:26.909+0000] {logging_mixin.py:120} INFO - [2024-12-03T16:25:26.909+0000] {dagbag.py:537} INFO - Filling up the DagBag from /home/airflow/.local/lib/python3.7/site-packages/airflow/example_dags/example_branch_datetime_operator.py
[2024-12-03T16:25:26.973+0000] {processor.py:766} INFO - DAG(s) dict_keys(['example_branch_datetime_operator', 'example_branch_datetime_operator_3', 'example_branch_datetime_operator_2']) retrieved from /home/airflow/.local/lib/python3.7/site-packages/airflow/example_dags/example_branch_datetime_operator.py
[2024-12-03T16:25:27.168+0000] {logging_mixin.py:120} INFO - [2024-12-03T16:25:27.168+0000] {dag.py:2585} INFO - Sync 3 DAGs
[2024-12-03T16:25:27.245+0000] {logging_mixin.py:120} INFO - [2024-12-03T16:25:27.244+0000] {dag.py:3340} INFO - Setting next_dagrun for example_branch_datetime_operator to 2024-12-02T00:00:00+00:00, run_after=2024-12-03T00:00:00+00:00
[2024-12-03T16:25:27.256+0000] {logging_mixin.py:120} INFO - [2024-12-03T16:25:27.256+0000] {dag.py:3340} INFO - Setting next_dagrun for example_branch_datetime_operator_2 to 2024-12-02T00:00:00+00:00, run_after=2024-12-03T00:00:00+00:00
[2024-12-03T16:25:27.265+0000] {logging_mixin.py:120} INFO - [2024-12-03T16:25:27.265+0000] {dag.py:3340} INFO - Setting next_dagrun for example_branch_datetime_operator_3 to 2024-12-02T00:00:00+00:00, run_after=2024-12-03T00:00:00+00:00
[2024-12-03T16:25:27.320+0000] {processor.py:176} INFO - Processing /home/airflow/.local/lib/python3.7/site-packages/airflow/example_dags/example_branch_datetime_operator.py took 0.424 seconds
[2024-12-03T16:25:57.517+0000] {processor.py:154} INFO - Started process (PID=3892) to work on /home/airflow/.local/lib/python3.7/site-packages/airflow/example_dags/example_branch_datetime_operator.py
[2024-12-03T16:25:57.518+0000] {processor.py:756} INFO - Processing file /home/airflow/.local/lib/python3.7/site-packages/airflow/example_dags/example_branch_datetime_operator.py for tasks to queue
[2024-12-03T16:25:57.519+0000] {logging_mixin.py:120} INFO - [2024-12-03T16:25:57.518+0000] {dagbag.py:537} INFO - Filling up the DagBag from /home/airflow/.local/lib/python3.7/site-packages/airflow/example_dags/example_branch_datetime_operator.py
[2024-12-03T16:25:57.554+0000] {processor.py:766} INFO - DAG(s) dict_keys(['example_branch_datetime_operator_2', 'example_branch_datetime_operator_3', 'example_branch_datetime_operator']) retrieved from /home/airflow/.local/lib/python3.7/site-packages/airflow/example_dags/example_branch_datetime_operator.py
[2024-12-03T16:25:57.640+0000] {logging_mixin.py:120} INFO - [2024-12-03T16:25:57.639+0000] {dag.py:2585} INFO - Sync 3 DAGs
[2024-12-03T16:25:57.683+0000] {logging_mixin.py:120} INFO - [2024-12-03T16:25:57.683+0000] {dag.py:3340} INFO - Setting next_dagrun for example_branch_datetime_operator to 2024-12-02T00:00:00+00:00, run_after=2024-12-03T00:00:00+00:00
[2024-12-03T16:25:57.693+0000] {logging_mixin.py:120} INFO - [2024-12-03T16:25:57.693+0000] {dag.py:3340} INFO - Setting next_dagrun for example_branch_datetime_operator_2 to 2024-12-02T00:00:00+00:00, run_after=2024-12-03T00:00:00+00:00
[2024-12-03T16:25:57.699+0000] {logging_mixin.py:120} INFO - [2024-12-03T16:25:57.699+0000] {dag.py:3340} INFO - Setting next_dagrun for example_branch_datetime_operator_3 to 2024-12-02T00:00:00+00:00, run_after=2024-12-03T00:00:00+00:00
[2024-12-03T16:25:57.739+0000] {processor.py:176} INFO - Processing /home/airflow/.local/lib/python3.7/site-packages/airflow/example_dags/example_branch_datetime_operator.py took 0.225 seconds
[2024-12-03T16:26:28.182+0000] {processor.py:154} INFO - Started process (PID=3956) to work on /home/airflow/.local/lib/python3.7/site-packages/airflow/example_dags/example_branch_datetime_operator.py
[2024-12-03T16:26:28.184+0000] {processor.py:756} INFO - Processing file /home/airflow/.local/lib/python3.7/site-packages/airflow/example_dags/example_branch_datetime_operator.py for tasks to queue
[2024-12-03T16:26:28.186+0000] {logging_mixin.py:120} INFO - [2024-12-03T16:26:28.186+0000] {dagbag.py:537} INFO - Filling up the DagBag from /home/airflow/.local/lib/python3.7/site-packages/airflow/example_dags/example_branch_datetime_operator.py
[2024-12-03T16:26:28.232+0000] {processor.py:766} INFO - DAG(s) dict_keys(['example_branch_datetime_operator', 'example_branch_datetime_operator_2', 'example_branch_datetime_operator_3']) retrieved from /home/airflow/.local/lib/python3.7/site-packages/airflow/example_dags/example_branch_datetime_operator.py
[2024-12-03T16:26:28.332+0000] {logging_mixin.py:120} INFO - [2024-12-03T16:26:28.331+0000] {dag.py:2585} INFO - Sync 3 DAGs
[2024-12-03T16:26:28.386+0000] {logging_mixin.py:120} INFO - [2024-12-03T16:26:28.385+0000] {dag.py:3340} INFO - Setting next_dagrun for example_branch_datetime_operator to 2024-12-02T00:00:00+00:00, run_after=2024-12-03T00:00:00+00:00
[2024-12-03T16:26:28.394+0000] {logging_mixin.py:120} INFO - [2024-12-03T16:26:28.394+0000] {dag.py:3340} INFO - Setting next_dagrun for example_branch_datetime_operator_2 to 2024-12-02T00:00:00+00:00, run_after=2024-12-03T00:00:00+00:00
[2024-12-03T16:26:28.399+0000] {logging_mixin.py:120} INFO - [2024-12-03T16:26:28.399+0000] {dag.py:3340} INFO - Setting next_dagrun for example_branch_datetime_operator_3 to 2024-12-02T00:00:00+00:00, run_after=2024-12-03T00:00:00+00:00
[2024-12-03T16:26:28.438+0000] {processor.py:176} INFO - Processing /home/airflow/.local/lib/python3.7/site-packages/airflow/example_dags/example_branch_datetime_operator.py took 0.268 seconds
[2024-12-03T16:26:58.674+0000] {processor.py:154} INFO - Started process (PID=4011) to work on /home/airflow/.local/lib/python3.7/site-packages/airflow/example_dags/example_branch_datetime_operator.py
[2024-12-03T16:26:58.675+0000] {processor.py:756} INFO - Processing file /home/airflow/.local/lib/python3.7/site-packages/airflow/example_dags/example_branch_datetime_operator.py for tasks to queue
[2024-12-03T16:26:58.677+0000] {logging_mixin.py:120} INFO - [2024-12-03T16:26:58.676+0000] {dagbag.py:537} INFO - Filling up the DagBag from /home/airflow/.local/lib/python3.7/site-packages/airflow/example_dags/example_branch_datetime_operator.py
[2024-12-03T16:26:58.698+0000] {processor.py:766} INFO - DAG(s) dict_keys(['example_branch_datetime_operator_3', 'example_branch_datetime_operator', 'example_branch_datetime_operator_2']) retrieved from /home/airflow/.local/lib/python3.7/site-packages/airflow/example_dags/example_branch_datetime_operator.py
[2024-12-03T16:26:58.761+0000] {logging_mixin.py:120} INFO - [2024-12-03T16:26:58.761+0000] {dag.py:2585} INFO - Sync 3 DAGs
[2024-12-03T16:26:58.800+0000] {logging_mixin.py:120} INFO - [2024-12-03T16:26:58.799+0000] {dag.py:3340} INFO - Setting next_dagrun for example_branch_datetime_operator to 2024-12-02T00:00:00+00:00, run_after=2024-12-03T00:00:00+00:00
[2024-12-03T16:26:58.811+0000] {logging_mixin.py:120} INFO - [2024-12-03T16:26:58.811+0000] {dag.py:3340} INFO - Setting next_dagrun for example_branch_datetime_operator_2 to 2024-12-02T00:00:00+00:00, run_after=2024-12-03T00:00:00+00:00
[2024-12-03T16:26:58.815+0000] {logging_mixin.py:120} INFO - [2024-12-03T16:26:58.815+0000] {dag.py:3340} INFO - Setting next_dagrun for example_branch_datetime_operator_3 to 2024-12-02T00:00:00+00:00, run_after=2024-12-03T00:00:00+00:00
[2024-12-03T16:26:58.849+0000] {processor.py:176} INFO - Processing /home/airflow/.local/lib/python3.7/site-packages/airflow/example_dags/example_branch_datetime_operator.py took 0.179 seconds
[2024-12-03T16:27:28.934+0000] {processor.py:154} INFO - Started process (PID=4075) to work on /home/airflow/.local/lib/python3.7/site-packages/airflow/example_dags/example_branch_datetime_operator.py
[2024-12-03T16:27:28.935+0000] {processor.py:756} INFO - Processing file /home/airflow/.local/lib/python3.7/site-packages/airflow/example_dags/example_branch_datetime_operator.py for tasks to queue
[2024-12-03T16:27:28.937+0000] {logging_mixin.py:120} INFO - [2024-12-03T16:27:28.936+0000] {dagbag.py:537} INFO - Filling up the DagBag from /home/airflow/.local/lib/python3.7/site-packages/airflow/example_dags/example_branch_datetime_operator.py
[2024-12-03T16:27:28.966+0000] {processor.py:766} INFO - DAG(s) dict_keys(['example_branch_datetime_operator_3', 'example_branch_datetime_operator', 'example_branch_datetime_operator_2']) retrieved from /home/airflow/.local/lib/python3.7/site-packages/airflow/example_dags/example_branch_datetime_operator.py
[2024-12-03T16:27:29.082+0000] {logging_mixin.py:120} INFO - [2024-12-03T16:27:29.082+0000] {dag.py:2585} INFO - Sync 3 DAGs
[2024-12-03T16:27:29.135+0000] {logging_mixin.py:120} INFO - [2024-12-03T16:27:29.134+0000] {dag.py:3340} INFO - Setting next_dagrun for example_branch_datetime_operator to 2024-12-02T00:00:00+00:00, run_after=2024-12-03T00:00:00+00:00
[2024-12-03T16:27:29.145+0000] {logging_mixin.py:120} INFO - [2024-12-03T16:27:29.144+0000] {dag.py:3340} INFO - Setting next_dagrun for example_branch_datetime_operator_2 to 2024-12-02T00:00:00+00:00, run_after=2024-12-03T00:00:00+00:00
[2024-12-03T16:27:29.150+0000] {logging_mixin.py:120} INFO - [2024-12-03T16:27:29.150+0000] {dag.py:3340} INFO - Setting next_dagrun for example_branch_datetime_operator_3 to 2024-12-02T00:00:00+00:00, run_after=2024-12-03T00:00:00+00:00
[2024-12-03T16:27:29.184+0000] {processor.py:176} INFO - Processing /home/airflow/.local/lib/python3.7/site-packages/airflow/example_dags/example_branch_datetime_operator.py took 0.255 seconds
[2024-12-03T16:27:59.729+0000] {processor.py:154} INFO - Started process (PID=4130) to work on /home/airflow/.local/lib/python3.7/site-packages/airflow/example_dags/example_branch_datetime_operator.py
[2024-12-03T16:27:59.730+0000] {processor.py:756} INFO - Processing file /home/airflow/.local/lib/python3.7/site-packages/airflow/example_dags/example_branch_datetime_operator.py for tasks to queue
[2024-12-03T16:27:59.731+0000] {logging_mixin.py:120} INFO - [2024-12-03T16:27:59.731+0000] {dagbag.py:537} INFO - Filling up the DagBag from /home/airflow/.local/lib/python3.7/site-packages/airflow/example_dags/example_branch_datetime_operator.py
[2024-12-03T16:27:59.761+0000] {processor.py:766} INFO - DAG(s) dict_keys(['example_branch_datetime_operator_3', 'example_branch_datetime_operator', 'example_branch_datetime_operator_2']) retrieved from /home/airflow/.local/lib/python3.7/site-packages/airflow/example_dags/example_branch_datetime_operator.py
[2024-12-03T16:27:59.829+0000] {logging_mixin.py:120} INFO - [2024-12-03T16:27:59.829+0000] {dag.py:2585} INFO - Sync 3 DAGs
[2024-12-03T16:27:59.865+0000] {logging_mixin.py:120} INFO - [2024-12-03T16:27:59.864+0000] {dag.py:3340} INFO - Setting next_dagrun for example_branch_datetime_operator to 2024-12-02T00:00:00+00:00, run_after=2024-12-03T00:00:00+00:00
[2024-12-03T16:27:59.872+0000] {logging_mixin.py:120} INFO - [2024-12-03T16:27:59.872+0000] {dag.py:3340} INFO - Setting next_dagrun for example_branch_datetime_operator_2 to 2024-12-02T00:00:00+00:00, run_after=2024-12-03T00:00:00+00:00
[2024-12-03T16:27:59.876+0000] {logging_mixin.py:120} INFO - [2024-12-03T16:27:59.876+0000] {dag.py:3340} INFO - Setting next_dagrun for example_branch_datetime_operator_3 to 2024-12-02T00:00:00+00:00, run_after=2024-12-03T00:00:00+00:00
[2024-12-03T16:27:59.905+0000] {processor.py:176} INFO - Processing /home/airflow/.local/lib/python3.7/site-packages/airflow/example_dags/example_branch_datetime_operator.py took 0.180 seconds
[2024-12-03T16:28:30.222+0000] {processor.py:154} INFO - Started process (PID=4194) to work on /home/airflow/.local/lib/python3.7/site-packages/airflow/example_dags/example_branch_datetime_operator.py
[2024-12-03T16:28:30.224+0000] {processor.py:756} INFO - Processing file /home/airflow/.local/lib/python3.7/site-packages/airflow/example_dags/example_branch_datetime_operator.py for tasks to queue
[2024-12-03T16:28:30.226+0000] {logging_mixin.py:120} INFO - [2024-12-03T16:28:30.226+0000] {dagbag.py:537} INFO - Filling up the DagBag from /home/airflow/.local/lib/python3.7/site-packages/airflow/example_dags/example_branch_datetime_operator.py
[2024-12-03T16:28:30.253+0000] {processor.py:766} INFO - DAG(s) dict_keys(['example_branch_datetime_operator_2', 'example_branch_datetime_operator', 'example_branch_datetime_operator_3']) retrieved from /home/airflow/.local/lib/python3.7/site-packages/airflow/example_dags/example_branch_datetime_operator.py
[2024-12-03T16:28:30.340+0000] {logging_mixin.py:120} INFO - [2024-12-03T16:28:30.340+0000] {dag.py:2585} INFO - Sync 3 DAGs
[2024-12-03T16:28:30.385+0000] {logging_mixin.py:120} INFO - [2024-12-03T16:28:30.385+0000] {dag.py:3340} INFO - Setting next_dagrun for example_branch_datetime_operator to 2024-12-02T00:00:00+00:00, run_after=2024-12-03T00:00:00+00:00
[2024-12-03T16:28:30.392+0000] {logging_mixin.py:120} INFO - [2024-12-03T16:28:30.391+0000] {dag.py:3340} INFO - Setting next_dagrun for example_branch_datetime_operator_2 to 2024-12-02T00:00:00+00:00, run_after=2024-12-03T00:00:00+00:00
[2024-12-03T16:28:30.400+0000] {logging_mixin.py:120} INFO - [2024-12-03T16:28:30.399+0000] {dag.py:3340} INFO - Setting next_dagrun for example_branch_datetime_operator_3 to 2024-12-02T00:00:00+00:00, run_after=2024-12-03T00:00:00+00:00
[2024-12-03T16:28:30.436+0000] {processor.py:176} INFO - Processing /home/airflow/.local/lib/python3.7/site-packages/airflow/example_dags/example_branch_datetime_operator.py took 0.218 seconds
[2024-12-03T16:29:01.955+0000] {processor.py:154} INFO - Started process (PID=4255) to work on /home/airflow/.local/lib/python3.7/site-packages/airflow/example_dags/example_branch_datetime_operator.py
[2024-12-03T16:29:01.958+0000] {processor.py:756} INFO - Processing file /home/airflow/.local/lib/python3.7/site-packages/airflow/example_dags/example_branch_datetime_operator.py for tasks to queue
[2024-12-03T16:29:01.961+0000] {logging_mixin.py:120} INFO - [2024-12-03T16:29:01.960+0000] {dagbag.py:537} INFO - Filling up the DagBag from /home/airflow/.local/lib/python3.7/site-packages/airflow/example_dags/example_branch_datetime_operator.py
[2024-12-03T16:29:02.035+0000] {processor.py:766} INFO - DAG(s) dict_keys(['example_branch_datetime_operator_3', 'example_branch_datetime_operator', 'example_branch_datetime_operator_2']) retrieved from /home/airflow/.local/lib/python3.7/site-packages/airflow/example_dags/example_branch_datetime_operator.py
[2024-12-03T16:29:02.186+0000] {logging_mixin.py:120} INFO - [2024-12-03T16:29:02.186+0000] {dag.py:2585} INFO - Sync 3 DAGs
[2024-12-03T16:29:02.273+0000] {logging_mixin.py:120} INFO - [2024-12-03T16:29:02.271+0000] {dag.py:3340} INFO - Setting next_dagrun for example_branch_datetime_operator to 2024-12-02T00:00:00+00:00, run_after=2024-12-03T00:00:00+00:00
[2024-12-03T16:29:02.293+0000] {logging_mixin.py:120} INFO - [2024-12-03T16:29:02.292+0000] {dag.py:3340} INFO - Setting next_dagrun for example_branch_datetime_operator_2 to 2024-12-02T00:00:00+00:00, run_after=2024-12-03T00:00:00+00:00
[2024-12-03T16:29:02.299+0000] {logging_mixin.py:120} INFO - [2024-12-03T16:29:02.299+0000] {dag.py:3340} INFO - Setting next_dagrun for example_branch_datetime_operator_3 to 2024-12-02T00:00:00+00:00, run_after=2024-12-03T00:00:00+00:00
[2024-12-03T16:29:02.365+0000] {processor.py:176} INFO - Processing /home/airflow/.local/lib/python3.7/site-packages/airflow/example_dags/example_branch_datetime_operator.py took 0.430 seconds
[2024-12-03T16:29:32.785+0000] {processor.py:154} INFO - Started process (PID=4324) to work on /home/airflow/.local/lib/python3.7/site-packages/airflow/example_dags/example_branch_datetime_operator.py
[2024-12-03T16:29:32.788+0000] {processor.py:756} INFO - Processing file /home/airflow/.local/lib/python3.7/site-packages/airflow/example_dags/example_branch_datetime_operator.py for tasks to queue
[2024-12-03T16:29:32.790+0000] {logging_mixin.py:120} INFO - [2024-12-03T16:29:32.790+0000] {dagbag.py:537} INFO - Filling up the DagBag from /home/airflow/.local/lib/python3.7/site-packages/airflow/example_dags/example_branch_datetime_operator.py
[2024-12-03T16:29:32.847+0000] {processor.py:766} INFO - DAG(s) dict_keys(['example_branch_datetime_operator', 'example_branch_datetime_operator_2', 'example_branch_datetime_operator_3']) retrieved from /home/airflow/.local/lib/python3.7/site-packages/airflow/example_dags/example_branch_datetime_operator.py
[2024-12-03T16:29:33.087+0000] {logging_mixin.py:120} INFO - [2024-12-03T16:29:33.086+0000] {dag.py:2585} INFO - Sync 3 DAGs
[2024-12-03T16:29:33.202+0000] {logging_mixin.py:120} INFO - [2024-12-03T16:29:33.202+0000] {dag.py:3340} INFO - Setting next_dagrun for example_branch_datetime_operator to 2024-12-02T00:00:00+00:00, run_after=2024-12-03T00:00:00+00:00
[2024-12-03T16:29:33.232+0000] {logging_mixin.py:120} INFO - [2024-12-03T16:29:33.222+0000] {dag.py:3340} INFO - Setting next_dagrun for example_branch_datetime_operator_2 to 2024-12-02T00:00:00+00:00, run_after=2024-12-03T00:00:00+00:00
[2024-12-03T16:29:33.242+0000] {logging_mixin.py:120} INFO - [2024-12-03T16:29:33.240+0000] {dag.py:3340} INFO - Setting next_dagrun for example_branch_datetime_operator_3 to 2024-12-02T00:00:00+00:00, run_after=2024-12-03T00:00:00+00:00
[2024-12-03T16:29:33.320+0000] {processor.py:176} INFO - Processing /home/airflow/.local/lib/python3.7/site-packages/airflow/example_dags/example_branch_datetime_operator.py took 0.540 seconds
[2024-12-03T16:30:03.527+0000] {processor.py:154} INFO - Started process (PID=4380) to work on /home/airflow/.local/lib/python3.7/site-packages/airflow/example_dags/example_branch_datetime_operator.py
[2024-12-03T16:30:03.530+0000] {processor.py:756} INFO - Processing file /home/airflow/.local/lib/python3.7/site-packages/airflow/example_dags/example_branch_datetime_operator.py for tasks to queue
[2024-12-03T16:30:03.532+0000] {logging_mixin.py:120} INFO - [2024-12-03T16:30:03.532+0000] {dagbag.py:537} INFO - Filling up the DagBag from /home/airflow/.local/lib/python3.7/site-packages/airflow/example_dags/example_branch_datetime_operator.py
[2024-12-03T16:30:03.571+0000] {processor.py:766} INFO - DAG(s) dict_keys(['example_branch_datetime_operator_3', 'example_branch_datetime_operator', 'example_branch_datetime_operator_2']) retrieved from /home/airflow/.local/lib/python3.7/site-packages/airflow/example_dags/example_branch_datetime_operator.py
[2024-12-03T16:30:03.698+0000] {logging_mixin.py:120} INFO - [2024-12-03T16:30:03.697+0000] {dag.py:2585} INFO - Sync 3 DAGs
[2024-12-03T16:30:03.764+0000] {logging_mixin.py:120} INFO - [2024-12-03T16:30:03.763+0000] {dag.py:3340} INFO - Setting next_dagrun for example_branch_datetime_operator to 2024-12-02T00:00:00+00:00, run_after=2024-12-03T00:00:00+00:00
[2024-12-03T16:30:03.774+0000] {logging_mixin.py:120} INFO - [2024-12-03T16:30:03.773+0000] {dag.py:3340} INFO - Setting next_dagrun for example_branch_datetime_operator_2 to 2024-12-02T00:00:00+00:00, run_after=2024-12-03T00:00:00+00:00
[2024-12-03T16:30:03.779+0000] {logging_mixin.py:120} INFO - [2024-12-03T16:30:03.778+0000] {dag.py:3340} INFO - Setting next_dagrun for example_branch_datetime_operator_3 to 2024-12-02T00:00:00+00:00, run_after=2024-12-03T00:00:00+00:00
[2024-12-03T16:30:03.821+0000] {processor.py:176} INFO - Processing /home/airflow/.local/lib/python3.7/site-packages/airflow/example_dags/example_branch_datetime_operator.py took 0.300 seconds
[2024-12-03T16:30:34.413+0000] {processor.py:154} INFO - Started process (PID=4465) to work on /home/airflow/.local/lib/python3.7/site-packages/airflow/example_dags/example_branch_datetime_operator.py
[2024-12-03T16:30:34.416+0000] {processor.py:756} INFO - Processing file /home/airflow/.local/lib/python3.7/site-packages/airflow/example_dags/example_branch_datetime_operator.py for tasks to queue
[2024-12-03T16:30:34.418+0000] {logging_mixin.py:120} INFO - [2024-12-03T16:30:34.418+0000] {dagbag.py:537} INFO - Filling up the DagBag from /home/airflow/.local/lib/python3.7/site-packages/airflow/example_dags/example_branch_datetime_operator.py
[2024-12-03T16:30:34.458+0000] {processor.py:766} INFO - DAG(s) dict_keys(['example_branch_datetime_operator_2', 'example_branch_datetime_operator', 'example_branch_datetime_operator_3']) retrieved from /home/airflow/.local/lib/python3.7/site-packages/airflow/example_dags/example_branch_datetime_operator.py
[2024-12-03T16:30:34.579+0000] {logging_mixin.py:120} INFO - [2024-12-03T16:30:34.578+0000] {dag.py:2585} INFO - Sync 3 DAGs
[2024-12-03T16:30:34.647+0000] {logging_mixin.py:120} INFO - [2024-12-03T16:30:34.646+0000] {dag.py:3340} INFO - Setting next_dagrun for example_branch_datetime_operator to 2024-12-02T00:00:00+00:00, run_after=2024-12-03T00:00:00+00:00
[2024-12-03T16:30:34.659+0000] {logging_mixin.py:120} INFO - [2024-12-03T16:30:34.658+0000] {dag.py:3340} INFO - Setting next_dagrun for example_branch_datetime_operator_2 to 2024-12-02T00:00:00+00:00, run_after=2024-12-03T00:00:00+00:00
[2024-12-03T16:30:34.666+0000] {logging_mixin.py:120} INFO - [2024-12-03T16:30:34.665+0000] {dag.py:3340} INFO - Setting next_dagrun for example_branch_datetime_operator_3 to 2024-12-02T00:00:00+00:00, run_after=2024-12-03T00:00:00+00:00
[2024-12-03T16:30:34.716+0000] {processor.py:176} INFO - Processing /home/airflow/.local/lib/python3.7/site-packages/airflow/example_dags/example_branch_datetime_operator.py took 0.308 seconds
[2024-12-03T16:31:05.093+0000] {processor.py:154} INFO - Started process (PID=4520) to work on /home/airflow/.local/lib/python3.7/site-packages/airflow/example_dags/example_branch_datetime_operator.py
[2024-12-03T16:31:05.094+0000] {processor.py:756} INFO - Processing file /home/airflow/.local/lib/python3.7/site-packages/airflow/example_dags/example_branch_datetime_operator.py for tasks to queue
[2024-12-03T16:31:05.096+0000] {logging_mixin.py:120} INFO - [2024-12-03T16:31:05.096+0000] {dagbag.py:537} INFO - Filling up the DagBag from /home/airflow/.local/lib/python3.7/site-packages/airflow/example_dags/example_branch_datetime_operator.py
[2024-12-03T16:31:05.122+0000] {processor.py:766} INFO - DAG(s) dict_keys(['example_branch_datetime_operator_3', 'example_branch_datetime_operator_2', 'example_branch_datetime_operator']) retrieved from /home/airflow/.local/lib/python3.7/site-packages/airflow/example_dags/example_branch_datetime_operator.py
[2024-12-03T16:31:05.192+0000] {logging_mixin.py:120} INFO - [2024-12-03T16:31:05.191+0000] {dag.py:2585} INFO - Sync 3 DAGs
[2024-12-03T16:31:05.230+0000] {logging_mixin.py:120} INFO - [2024-12-03T16:31:05.229+0000] {dag.py:3340} INFO - Setting next_dagrun for example_branch_datetime_operator to 2024-12-02T00:00:00+00:00, run_after=2024-12-03T00:00:00+00:00
[2024-12-03T16:31:05.239+0000] {logging_mixin.py:120} INFO - [2024-12-03T16:31:05.238+0000] {dag.py:3340} INFO - Setting next_dagrun for example_branch_datetime_operator_2 to 2024-12-02T00:00:00+00:00, run_after=2024-12-03T00:00:00+00:00
[2024-12-03T16:31:05.243+0000] {logging_mixin.py:120} INFO - [2024-12-03T16:31:05.243+0000] {dag.py:3340} INFO - Setting next_dagrun for example_branch_datetime_operator_3 to 2024-12-02T00:00:00+00:00, run_after=2024-12-03T00:00:00+00:00
[2024-12-03T16:31:05.278+0000] {processor.py:176} INFO - Processing /home/airflow/.local/lib/python3.7/site-packages/airflow/example_dags/example_branch_datetime_operator.py took 0.188 seconds
[2024-12-03T16:31:35.838+0000] {processor.py:154} INFO - Started process (PID=4582) to work on /home/airflow/.local/lib/python3.7/site-packages/airflow/example_dags/example_branch_datetime_operator.py
[2024-12-03T16:31:35.839+0000] {processor.py:756} INFO - Processing file /home/airflow/.local/lib/python3.7/site-packages/airflow/example_dags/example_branch_datetime_operator.py for tasks to queue
[2024-12-03T16:31:35.840+0000] {logging_mixin.py:120} INFO - [2024-12-03T16:31:35.840+0000] {dagbag.py:537} INFO - Filling up the DagBag from /home/airflow/.local/lib/python3.7/site-packages/airflow/example_dags/example_branch_datetime_operator.py
[2024-12-03T16:31:35.862+0000] {processor.py:766} INFO - DAG(s) dict_keys(['example_branch_datetime_operator_2', 'example_branch_datetime_operator', 'example_branch_datetime_operator_3']) retrieved from /home/airflow/.local/lib/python3.7/site-packages/airflow/example_dags/example_branch_datetime_operator.py
[2024-12-03T16:31:35.936+0000] {logging_mixin.py:120} INFO - [2024-12-03T16:31:35.936+0000] {dag.py:2585} INFO - Sync 3 DAGs
[2024-12-03T16:31:36.001+0000] {logging_mixin.py:120} INFO - [2024-12-03T16:31:36.000+0000] {dag.py:3340} INFO - Setting next_dagrun for example_branch_datetime_operator to 2024-12-02T00:00:00+00:00, run_after=2024-12-03T00:00:00+00:00
[2024-12-03T16:31:36.013+0000] {logging_mixin.py:120} INFO - [2024-12-03T16:31:36.012+0000] {dag.py:3340} INFO - Setting next_dagrun for example_branch_datetime_operator_2 to 2024-12-02T00:00:00+00:00, run_after=2024-12-03T00:00:00+00:00
[2024-12-03T16:31:36.022+0000] {logging_mixin.py:120} INFO - [2024-12-03T16:31:36.022+0000] {dag.py:3340} INFO - Setting next_dagrun for example_branch_datetime_operator_3 to 2024-12-02T00:00:00+00:00, run_after=2024-12-03T00:00:00+00:00
[2024-12-03T16:31:36.060+0000] {processor.py:176} INFO - Processing /home/airflow/.local/lib/python3.7/site-packages/airflow/example_dags/example_branch_datetime_operator.py took 0.226 seconds
[2024-12-03T16:32:06.660+0000] {processor.py:154} INFO - Started process (PID=4640) to work on /home/airflow/.local/lib/python3.7/site-packages/airflow/example_dags/example_branch_datetime_operator.py
[2024-12-03T16:32:06.662+0000] {processor.py:756} INFO - Processing file /home/airflow/.local/lib/python3.7/site-packages/airflow/example_dags/example_branch_datetime_operator.py for tasks to queue
[2024-12-03T16:32:06.664+0000] {logging_mixin.py:120} INFO - [2024-12-03T16:32:06.664+0000] {dagbag.py:537} INFO - Filling up the DagBag from /home/airflow/.local/lib/python3.7/site-packages/airflow/example_dags/example_branch_datetime_operator.py
[2024-12-03T16:32:06.688+0000] {processor.py:766} INFO - DAG(s) dict_keys(['example_branch_datetime_operator_2', 'example_branch_datetime_operator_3', 'example_branch_datetime_operator']) retrieved from /home/airflow/.local/lib/python3.7/site-packages/airflow/example_dags/example_branch_datetime_operator.py
[2024-12-03T16:32:06.752+0000] {logging_mixin.py:120} INFO - [2024-12-03T16:32:06.751+0000] {dag.py:2585} INFO - Sync 3 DAGs
[2024-12-03T16:32:06.789+0000] {logging_mixin.py:120} INFO - [2024-12-03T16:32:06.788+0000] {dag.py:3340} INFO - Setting next_dagrun for example_branch_datetime_operator to 2024-12-02T00:00:00+00:00, run_after=2024-12-03T00:00:00+00:00
[2024-12-03T16:32:06.797+0000] {logging_mixin.py:120} INFO - [2024-12-03T16:32:06.797+0000] {dag.py:3340} INFO - Setting next_dagrun for example_branch_datetime_operator_2 to 2024-12-02T00:00:00+00:00, run_after=2024-12-03T00:00:00+00:00
[2024-12-03T16:32:06.801+0000] {logging_mixin.py:120} INFO - [2024-12-03T16:32:06.801+0000] {dag.py:3340} INFO - Setting next_dagrun for example_branch_datetime_operator_3 to 2024-12-02T00:00:00+00:00, run_after=2024-12-03T00:00:00+00:00
[2024-12-03T16:32:06.841+0000] {processor.py:176} INFO - Processing /home/airflow/.local/lib/python3.7/site-packages/airflow/example_dags/example_branch_datetime_operator.py took 0.184 seconds
[2024-12-03T16:32:37.351+0000] {processor.py:154} INFO - Started process (PID=4704) to work on /home/airflow/.local/lib/python3.7/site-packages/airflow/example_dags/example_branch_datetime_operator.py
[2024-12-03T16:32:37.352+0000] {processor.py:756} INFO - Processing file /home/airflow/.local/lib/python3.7/site-packages/airflow/example_dags/example_branch_datetime_operator.py for tasks to queue
[2024-12-03T16:32:37.354+0000] {logging_mixin.py:120} INFO - [2024-12-03T16:32:37.353+0000] {dagbag.py:537} INFO - Filling up the DagBag from /home/airflow/.local/lib/python3.7/site-packages/airflow/example_dags/example_branch_datetime_operator.py
[2024-12-03T16:32:37.382+0000] {processor.py:766} INFO - DAG(s) dict_keys(['example_branch_datetime_operator_2', 'example_branch_datetime_operator_3', 'example_branch_datetime_operator']) retrieved from /home/airflow/.local/lib/python3.7/site-packages/airflow/example_dags/example_branch_datetime_operator.py
[2024-12-03T16:32:37.469+0000] {logging_mixin.py:120} INFO - [2024-12-03T16:32:37.468+0000] {dag.py:2585} INFO - Sync 3 DAGs
[2024-12-03T16:32:37.512+0000] {logging_mixin.py:120} INFO - [2024-12-03T16:32:37.511+0000] {dag.py:3340} INFO - Setting next_dagrun for example_branch_datetime_operator to 2024-12-02T00:00:00+00:00, run_after=2024-12-03T00:00:00+00:00
[2024-12-03T16:32:37.519+0000] {logging_mixin.py:120} INFO - [2024-12-03T16:32:37.519+0000] {dag.py:3340} INFO - Setting next_dagrun for example_branch_datetime_operator_2 to 2024-12-02T00:00:00+00:00, run_after=2024-12-03T00:00:00+00:00
[2024-12-03T16:32:37.524+0000] {logging_mixin.py:120} INFO - [2024-12-03T16:32:37.524+0000] {dag.py:3340} INFO - Setting next_dagrun for example_branch_datetime_operator_3 to 2024-12-02T00:00:00+00:00, run_after=2024-12-03T00:00:00+00:00
[2024-12-03T16:32:37.563+0000] {processor.py:176} INFO - Processing /home/airflow/.local/lib/python3.7/site-packages/airflow/example_dags/example_branch_datetime_operator.py took 0.215 seconds
[2024-12-03T16:33:08.406+0000] {processor.py:154} INFO - Started process (PID=4760) to work on /home/airflow/.local/lib/python3.7/site-packages/airflow/example_dags/example_branch_datetime_operator.py
[2024-12-03T16:33:08.408+0000] {processor.py:756} INFO - Processing file /home/airflow/.local/lib/python3.7/site-packages/airflow/example_dags/example_branch_datetime_operator.py for tasks to queue
[2024-12-03T16:33:08.409+0000] {logging_mixin.py:120} INFO - [2024-12-03T16:33:08.409+0000] {dagbag.py:537} INFO - Filling up the DagBag from /home/airflow/.local/lib/python3.7/site-packages/airflow/example_dags/example_branch_datetime_operator.py
[2024-12-03T16:33:08.428+0000] {processor.py:766} INFO - DAG(s) dict_keys(['example_branch_datetime_operator', 'example_branch_datetime_operator_2', 'example_branch_datetime_operator_3']) retrieved from /home/airflow/.local/lib/python3.7/site-packages/airflow/example_dags/example_branch_datetime_operator.py
[2024-12-03T16:33:08.490+0000] {logging_mixin.py:120} INFO - [2024-12-03T16:33:08.489+0000] {dag.py:2585} INFO - Sync 3 DAGs
[2024-12-03T16:33:08.524+0000] {logging_mixin.py:120} INFO - [2024-12-03T16:33:08.524+0000] {dag.py:3340} INFO - Setting next_dagrun for example_branch_datetime_operator to 2024-12-02T00:00:00+00:00, run_after=2024-12-03T00:00:00+00:00
[2024-12-03T16:33:08.533+0000] {logging_mixin.py:120} INFO - [2024-12-03T16:33:08.533+0000] {dag.py:3340} INFO - Setting next_dagrun for example_branch_datetime_operator_2 to 2024-12-02T00:00:00+00:00, run_after=2024-12-03T00:00:00+00:00
[2024-12-03T16:33:08.537+0000] {logging_mixin.py:120} INFO - [2024-12-03T16:33:08.537+0000] {dag.py:3340} INFO - Setting next_dagrun for example_branch_datetime_operator_3 to 2024-12-02T00:00:00+00:00, run_after=2024-12-03T00:00:00+00:00
[2024-12-03T16:33:08.565+0000] {processor.py:176} INFO - Processing /home/airflow/.local/lib/python3.7/site-packages/airflow/example_dags/example_branch_datetime_operator.py took 0.163 seconds
[2024-12-03T16:33:39.497+0000] {processor.py:154} INFO - Started process (PID=4824) to work on /home/airflow/.local/lib/python3.7/site-packages/airflow/example_dags/example_branch_datetime_operator.py
[2024-12-03T16:33:39.499+0000] {processor.py:756} INFO - Processing file /home/airflow/.local/lib/python3.7/site-packages/airflow/example_dags/example_branch_datetime_operator.py for tasks to queue
[2024-12-03T16:33:39.502+0000] {logging_mixin.py:120} INFO - [2024-12-03T16:33:39.501+0000] {dagbag.py:537} INFO - Filling up the DagBag from /home/airflow/.local/lib/python3.7/site-packages/airflow/example_dags/example_branch_datetime_operator.py
[2024-12-03T16:33:39.552+0000] {processor.py:766} INFO - DAG(s) dict_keys(['example_branch_datetime_operator', 'example_branch_datetime_operator_2', 'example_branch_datetime_operator_3']) retrieved from /home/airflow/.local/lib/python3.7/site-packages/airflow/example_dags/example_branch_datetime_operator.py
[2024-12-03T16:33:39.676+0000] {logging_mixin.py:120} INFO - [2024-12-03T16:33:39.676+0000] {dag.py:2585} INFO - Sync 3 DAGs
[2024-12-03T16:33:39.795+0000] {logging_mixin.py:120} INFO - [2024-12-03T16:33:39.795+0000] {dag.py:3340} INFO - Setting next_dagrun for example_branch_datetime_operator to 2024-12-02T00:00:00+00:00, run_after=2024-12-03T00:00:00+00:00
[2024-12-03T16:33:39.814+0000] {logging_mixin.py:120} INFO - [2024-12-03T16:33:39.813+0000] {dag.py:3340} INFO - Setting next_dagrun for example_branch_datetime_operator_2 to 2024-12-02T00:00:00+00:00, run_after=2024-12-03T00:00:00+00:00
[2024-12-03T16:33:39.828+0000] {logging_mixin.py:120} INFO - [2024-12-03T16:33:39.827+0000] {dag.py:3340} INFO - Setting next_dagrun for example_branch_datetime_operator_3 to 2024-12-02T00:00:00+00:00, run_after=2024-12-03T00:00:00+00:00
[2024-12-03T16:33:39.891+0000] {processor.py:176} INFO - Processing /home/airflow/.local/lib/python3.7/site-packages/airflow/example_dags/example_branch_datetime_operator.py took 0.399 seconds
[2024-12-03T16:34:10.563+0000] {processor.py:154} INFO - Started process (PID=4879) to work on /home/airflow/.local/lib/python3.7/site-packages/airflow/example_dags/example_branch_datetime_operator.py
[2024-12-03T16:34:10.566+0000] {processor.py:756} INFO - Processing file /home/airflow/.local/lib/python3.7/site-packages/airflow/example_dags/example_branch_datetime_operator.py for tasks to queue
[2024-12-03T16:34:10.568+0000] {logging_mixin.py:120} INFO - [2024-12-03T16:34:10.567+0000] {dagbag.py:537} INFO - Filling up the DagBag from /home/airflow/.local/lib/python3.7/site-packages/airflow/example_dags/example_branch_datetime_operator.py
[2024-12-03T16:34:10.613+0000] {processor.py:766} INFO - DAG(s) dict_keys(['example_branch_datetime_operator', 'example_branch_datetime_operator_3', 'example_branch_datetime_operator_2']) retrieved from /home/airflow/.local/lib/python3.7/site-packages/airflow/example_dags/example_branch_datetime_operator.py
[2024-12-03T16:34:10.709+0000] {logging_mixin.py:120} INFO - [2024-12-03T16:34:10.708+0000] {dag.py:2585} INFO - Sync 3 DAGs
[2024-12-03T16:34:10.757+0000] {logging_mixin.py:120} INFO - [2024-12-03T16:34:10.756+0000] {dag.py:3340} INFO - Setting next_dagrun for example_branch_datetime_operator to 2024-12-02T00:00:00+00:00, run_after=2024-12-03T00:00:00+00:00
[2024-12-03T16:34:10.764+0000] {logging_mixin.py:120} INFO - [2024-12-03T16:34:10.764+0000] {dag.py:3340} INFO - Setting next_dagrun for example_branch_datetime_operator_2 to 2024-12-02T00:00:00+00:00, run_after=2024-12-03T00:00:00+00:00
[2024-12-03T16:34:10.770+0000] {logging_mixin.py:120} INFO - [2024-12-03T16:34:10.769+0000] {dag.py:3340} INFO - Setting next_dagrun for example_branch_datetime_operator_3 to 2024-12-02T00:00:00+00:00, run_after=2024-12-03T00:00:00+00:00
[2024-12-03T16:34:10.812+0000] {processor.py:176} INFO - Processing /home/airflow/.local/lib/python3.7/site-packages/airflow/example_dags/example_branch_datetime_operator.py took 0.255 seconds
[2024-12-03T16:34:41.195+0000] {processor.py:154} INFO - Started process (PID=4943) to work on /home/airflow/.local/lib/python3.7/site-packages/airflow/example_dags/example_branch_datetime_operator.py
[2024-12-03T16:34:41.198+0000] {processor.py:756} INFO - Processing file /home/airflow/.local/lib/python3.7/site-packages/airflow/example_dags/example_branch_datetime_operator.py for tasks to queue
[2024-12-03T16:34:41.200+0000] {logging_mixin.py:120} INFO - [2024-12-03T16:34:41.200+0000] {dagbag.py:537} INFO - Filling up the DagBag from /home/airflow/.local/lib/python3.7/site-packages/airflow/example_dags/example_branch_datetime_operator.py
[2024-12-03T16:34:41.248+0000] {processor.py:766} INFO - DAG(s) dict_keys(['example_branch_datetime_operator_3', 'example_branch_datetime_operator_2', 'example_branch_datetime_operator']) retrieved from /home/airflow/.local/lib/python3.7/site-packages/airflow/example_dags/example_branch_datetime_operator.py
[2024-12-03T16:34:41.402+0000] {logging_mixin.py:120} INFO - [2024-12-03T16:34:41.401+0000] {dag.py:2585} INFO - Sync 3 DAGs
[2024-12-03T16:34:41.501+0000] {logging_mixin.py:120} INFO - [2024-12-03T16:34:41.500+0000] {dag.py:3340} INFO - Setting next_dagrun for example_branch_datetime_operator to 2024-12-02T00:00:00+00:00, run_after=2024-12-03T00:00:00+00:00
[2024-12-03T16:34:41.519+0000] {logging_mixin.py:120} INFO - [2024-12-03T16:34:41.518+0000] {dag.py:3340} INFO - Setting next_dagrun for example_branch_datetime_operator_2 to 2024-12-02T00:00:00+00:00, run_after=2024-12-03T00:00:00+00:00
[2024-12-03T16:34:41.527+0000] {logging_mixin.py:120} INFO - [2024-12-03T16:34:41.527+0000] {dag.py:3340} INFO - Setting next_dagrun for example_branch_datetime_operator_3 to 2024-12-02T00:00:00+00:00, run_after=2024-12-03T00:00:00+00:00
[2024-12-03T16:34:41.589+0000] {processor.py:176} INFO - Processing /home/airflow/.local/lib/python3.7/site-packages/airflow/example_dags/example_branch_datetime_operator.py took 0.399 seconds
[2024-12-03T16:35:11.818+0000] {processor.py:154} INFO - Started process (PID=5008) to work on /home/airflow/.local/lib/python3.7/site-packages/airflow/example_dags/example_branch_datetime_operator.py
[2024-12-03T16:35:11.820+0000] {processor.py:756} INFO - Processing file /home/airflow/.local/lib/python3.7/site-packages/airflow/example_dags/example_branch_datetime_operator.py for tasks to queue
[2024-12-03T16:35:11.822+0000] {logging_mixin.py:120} INFO - [2024-12-03T16:35:11.822+0000] {dagbag.py:537} INFO - Filling up the DagBag from /home/airflow/.local/lib/python3.7/site-packages/airflow/example_dags/example_branch_datetime_operator.py
[2024-12-03T16:35:11.876+0000] {processor.py:766} INFO - DAG(s) dict_keys(['example_branch_datetime_operator_3', 'example_branch_datetime_operator_2', 'example_branch_datetime_operator']) retrieved from /home/airflow/.local/lib/python3.7/site-packages/airflow/example_dags/example_branch_datetime_operator.py
[2024-12-03T16:35:11.995+0000] {logging_mixin.py:120} INFO - [2024-12-03T16:35:11.995+0000] {dag.py:2585} INFO - Sync 3 DAGs
[2024-12-03T16:35:12.081+0000] {logging_mixin.py:120} INFO - [2024-12-03T16:35:12.081+0000] {dag.py:3340} INFO - Setting next_dagrun for example_branch_datetime_operator to 2024-12-02T00:00:00+00:00, run_after=2024-12-03T00:00:00+00:00
[2024-12-03T16:35:12.094+0000] {logging_mixin.py:120} INFO - [2024-12-03T16:35:12.093+0000] {dag.py:3340} INFO - Setting next_dagrun for example_branch_datetime_operator_2 to 2024-12-02T00:00:00+00:00, run_after=2024-12-03T00:00:00+00:00
[2024-12-03T16:35:12.110+0000] {logging_mixin.py:120} INFO - [2024-12-03T16:35:12.110+0000] {dag.py:3340} INFO - Setting next_dagrun for example_branch_datetime_operator_3 to 2024-12-02T00:00:00+00:00, run_after=2024-12-03T00:00:00+00:00
[2024-12-03T16:35:12.179+0000] {processor.py:176} INFO - Processing /home/airflow/.local/lib/python3.7/site-packages/airflow/example_dags/example_branch_datetime_operator.py took 0.369 seconds
[2024-12-03T16:35:42.590+0000] {processor.py:154} INFO - Started process (PID=5067) to work on /home/airflow/.local/lib/python3.7/site-packages/airflow/example_dags/example_branch_datetime_operator.py
[2024-12-03T16:35:42.594+0000] {processor.py:756} INFO - Processing file /home/airflow/.local/lib/python3.7/site-packages/airflow/example_dags/example_branch_datetime_operator.py for tasks to queue
[2024-12-03T16:35:42.596+0000] {logging_mixin.py:120} INFO - [2024-12-03T16:35:42.595+0000] {dagbag.py:537} INFO - Filling up the DagBag from /home/airflow/.local/lib/python3.7/site-packages/airflow/example_dags/example_branch_datetime_operator.py
[2024-12-03T16:35:42.634+0000] {processor.py:766} INFO - DAG(s) dict_keys(['example_branch_datetime_operator_3', 'example_branch_datetime_operator', 'example_branch_datetime_operator_2']) retrieved from /home/airflow/.local/lib/python3.7/site-packages/airflow/example_dags/example_branch_datetime_operator.py
[2024-12-03T16:35:42.746+0000] {logging_mixin.py:120} INFO - [2024-12-03T16:35:42.746+0000] {dag.py:2585} INFO - Sync 3 DAGs
[2024-12-03T16:35:42.818+0000] {logging_mixin.py:120} INFO - [2024-12-03T16:35:42.817+0000] {dag.py:3340} INFO - Setting next_dagrun for example_branch_datetime_operator to 2024-12-02T00:00:00+00:00, run_after=2024-12-03T00:00:00+00:00
[2024-12-03T16:35:42.830+0000] {logging_mixin.py:120} INFO - [2024-12-03T16:35:42.829+0000] {dag.py:3340} INFO - Setting next_dagrun for example_branch_datetime_operator_2 to 2024-12-02T00:00:00+00:00, run_after=2024-12-03T00:00:00+00:00
[2024-12-03T16:35:42.837+0000] {logging_mixin.py:120} INFO - [2024-12-03T16:35:42.837+0000] {dag.py:3340} INFO - Setting next_dagrun for example_branch_datetime_operator_3 to 2024-12-02T00:00:00+00:00, run_after=2024-12-03T00:00:00+00:00
[2024-12-03T16:35:42.885+0000] {processor.py:176} INFO - Processing /home/airflow/.local/lib/python3.7/site-packages/airflow/example_dags/example_branch_datetime_operator.py took 0.302 seconds
[2024-12-03T16:36:13.679+0000] {processor.py:154} INFO - Started process (PID=5136) to work on /home/airflow/.local/lib/python3.7/site-packages/airflow/example_dags/example_branch_datetime_operator.py
[2024-12-03T16:36:13.680+0000] {processor.py:756} INFO - Processing file /home/airflow/.local/lib/python3.7/site-packages/airflow/example_dags/example_branch_datetime_operator.py for tasks to queue
[2024-12-03T16:36:13.681+0000] {logging_mixin.py:120} INFO - [2024-12-03T16:36:13.681+0000] {dagbag.py:537} INFO - Filling up the DagBag from /home/airflow/.local/lib/python3.7/site-packages/airflow/example_dags/example_branch_datetime_operator.py
[2024-12-03T16:36:13.705+0000] {processor.py:766} INFO - DAG(s) dict_keys(['example_branch_datetime_operator_3', 'example_branch_datetime_operator_2', 'example_branch_datetime_operator']) retrieved from /home/airflow/.local/lib/python3.7/site-packages/airflow/example_dags/example_branch_datetime_operator.py
[2024-12-03T16:36:13.774+0000] {logging_mixin.py:120} INFO - [2024-12-03T16:36:13.774+0000] {dag.py:2585} INFO - Sync 3 DAGs
[2024-12-03T16:36:13.813+0000] {logging_mixin.py:120} INFO - [2024-12-03T16:36:13.812+0000] {dag.py:3340} INFO - Setting next_dagrun for example_branch_datetime_operator to 2024-12-02T00:00:00+00:00, run_after=2024-12-03T00:00:00+00:00
[2024-12-03T16:36:13.819+0000] {logging_mixin.py:120} INFO - [2024-12-03T16:36:13.819+0000] {dag.py:3340} INFO - Setting next_dagrun for example_branch_datetime_operator_2 to 2024-12-02T00:00:00+00:00, run_after=2024-12-03T00:00:00+00:00
[2024-12-03T16:36:13.824+0000] {logging_mixin.py:120} INFO - [2024-12-03T16:36:13.824+0000] {dag.py:3340} INFO - Setting next_dagrun for example_branch_datetime_operator_3 to 2024-12-02T00:00:00+00:00, run_after=2024-12-03T00:00:00+00:00
[2024-12-03T16:36:13.860+0000] {processor.py:176} INFO - Processing /home/airflow/.local/lib/python3.7/site-packages/airflow/example_dags/example_branch_datetime_operator.py took 0.185 seconds
[2024-12-03T16:36:43.941+0000] {processor.py:154} INFO - Started process (PID=5191) to work on /home/airflow/.local/lib/python3.7/site-packages/airflow/example_dags/example_branch_datetime_operator.py
[2024-12-03T16:36:43.943+0000] {processor.py:756} INFO - Processing file /home/airflow/.local/lib/python3.7/site-packages/airflow/example_dags/example_branch_datetime_operator.py for tasks to queue
[2024-12-03T16:36:43.944+0000] {logging_mixin.py:120} INFO - [2024-12-03T16:36:43.944+0000] {dagbag.py:537} INFO - Filling up the DagBag from /home/airflow/.local/lib/python3.7/site-packages/airflow/example_dags/example_branch_datetime_operator.py
[2024-12-03T16:36:43.970+0000] {processor.py:766} INFO - DAG(s) dict_keys(['example_branch_datetime_operator_2', 'example_branch_datetime_operator', 'example_branch_datetime_operator_3']) retrieved from /home/airflow/.local/lib/python3.7/site-packages/airflow/example_dags/example_branch_datetime_operator.py
[2024-12-03T16:36:44.044+0000] {logging_mixin.py:120} INFO - [2024-12-03T16:36:44.043+0000] {dag.py:2585} INFO - Sync 3 DAGs
[2024-12-03T16:36:44.081+0000] {logging_mixin.py:120} INFO - [2024-12-03T16:36:44.081+0000] {dag.py:3340} INFO - Setting next_dagrun for example_branch_datetime_operator to 2024-12-02T00:00:00+00:00, run_after=2024-12-03T00:00:00+00:00
[2024-12-03T16:36:44.088+0000] {logging_mixin.py:120} INFO - [2024-12-03T16:36:44.088+0000] {dag.py:3340} INFO - Setting next_dagrun for example_branch_datetime_operator_2 to 2024-12-02T00:00:00+00:00, run_after=2024-12-03T00:00:00+00:00
[2024-12-03T16:36:44.093+0000] {logging_mixin.py:120} INFO - [2024-12-03T16:36:44.093+0000] {dag.py:3340} INFO - Setting next_dagrun for example_branch_datetime_operator_3 to 2024-12-02T00:00:00+00:00, run_after=2024-12-03T00:00:00+00:00
[2024-12-03T16:36:44.128+0000] {processor.py:176} INFO - Processing /home/airflow/.local/lib/python3.7/site-packages/airflow/example_dags/example_branch_datetime_operator.py took 0.190 seconds
[2024-12-03T16:37:14.718+0000] {processor.py:154} INFO - Started process (PID=5255) to work on /home/airflow/.local/lib/python3.7/site-packages/airflow/example_dags/example_branch_datetime_operator.py
[2024-12-03T16:37:14.719+0000] {processor.py:756} INFO - Processing file /home/airflow/.local/lib/python3.7/site-packages/airflow/example_dags/example_branch_datetime_operator.py for tasks to queue
[2024-12-03T16:37:14.721+0000] {logging_mixin.py:120} INFO - [2024-12-03T16:37:14.721+0000] {dagbag.py:537} INFO - Filling up the DagBag from /home/airflow/.local/lib/python3.7/site-packages/airflow/example_dags/example_branch_datetime_operator.py
[2024-12-03T16:37:14.760+0000] {processor.py:766} INFO - DAG(s) dict_keys(['example_branch_datetime_operator_2', 'example_branch_datetime_operator', 'example_branch_datetime_operator_3']) retrieved from /home/airflow/.local/lib/python3.7/site-packages/airflow/example_dags/example_branch_datetime_operator.py
[2024-12-03T16:37:14.860+0000] {logging_mixin.py:120} INFO - [2024-12-03T16:37:14.859+0000] {dag.py:2585} INFO - Sync 3 DAGs
[2024-12-03T16:37:14.914+0000] {logging_mixin.py:120} INFO - [2024-12-03T16:37:14.914+0000] {dag.py:3340} INFO - Setting next_dagrun for example_branch_datetime_operator to 2024-12-02T00:00:00+00:00, run_after=2024-12-03T00:00:00+00:00
[2024-12-03T16:37:14.924+0000] {logging_mixin.py:120} INFO - [2024-12-03T16:37:14.923+0000] {dag.py:3340} INFO - Setting next_dagrun for example_branch_datetime_operator_2 to 2024-12-02T00:00:00+00:00, run_after=2024-12-03T00:00:00+00:00
[2024-12-03T16:37:14.929+0000] {logging_mixin.py:120} INFO - [2024-12-03T16:37:14.929+0000] {dag.py:3340} INFO - Setting next_dagrun for example_branch_datetime_operator_3 to 2024-12-02T00:00:00+00:00, run_after=2024-12-03T00:00:00+00:00
[2024-12-03T16:37:14.967+0000] {processor.py:176} INFO - Processing /home/airflow/.local/lib/python3.7/site-packages/airflow/example_dags/example_branch_datetime_operator.py took 0.255 seconds
[2024-12-03T16:37:45.459+0000] {processor.py:154} INFO - Started process (PID=5306) to work on /home/airflow/.local/lib/python3.7/site-packages/airflow/example_dags/example_branch_datetime_operator.py
[2024-12-03T16:37:45.461+0000] {processor.py:756} INFO - Processing file /home/airflow/.local/lib/python3.7/site-packages/airflow/example_dags/example_branch_datetime_operator.py for tasks to queue
[2024-12-03T16:37:45.463+0000] {logging_mixin.py:120} INFO - [2024-12-03T16:37:45.462+0000] {dagbag.py:537} INFO - Filling up the DagBag from /home/airflow/.local/lib/python3.7/site-packages/airflow/example_dags/example_branch_datetime_operator.py
[2024-12-03T16:37:45.494+0000] {processor.py:766} INFO - DAG(s) dict_keys(['example_branch_datetime_operator', 'example_branch_datetime_operator_2', 'example_branch_datetime_operator_3']) retrieved from /home/airflow/.local/lib/python3.7/site-packages/airflow/example_dags/example_branch_datetime_operator.py
[2024-12-03T16:37:45.600+0000] {logging_mixin.py:120} INFO - [2024-12-03T16:37:45.600+0000] {dag.py:2585} INFO - Sync 3 DAGs
[2024-12-03T16:37:45.657+0000] {logging_mixin.py:120} INFO - [2024-12-03T16:37:45.657+0000] {dag.py:3340} INFO - Setting next_dagrun for example_branch_datetime_operator to 2024-12-02T00:00:00+00:00, run_after=2024-12-03T00:00:00+00:00
[2024-12-03T16:37:45.668+0000] {logging_mixin.py:120} INFO - [2024-12-03T16:37:45.668+0000] {dag.py:3340} INFO - Setting next_dagrun for example_branch_datetime_operator_2 to 2024-12-02T00:00:00+00:00, run_after=2024-12-03T00:00:00+00:00
[2024-12-03T16:37:45.674+0000] {logging_mixin.py:120} INFO - [2024-12-03T16:37:45.674+0000] {dag.py:3340} INFO - Setting next_dagrun for example_branch_datetime_operator_3 to 2024-12-02T00:00:00+00:00, run_after=2024-12-03T00:00:00+00:00
[2024-12-03T16:37:45.729+0000] {processor.py:176} INFO - Processing /home/airflow/.local/lib/python3.7/site-packages/airflow/example_dags/example_branch_datetime_operator.py took 0.274 seconds
[2024-12-03T16:38:17.102+0000] {processor.py:154} INFO - Started process (PID=5368) to work on /home/airflow/.local/lib/python3.7/site-packages/airflow/example_dags/example_branch_datetime_operator.py
[2024-12-03T16:38:17.106+0000] {processor.py:756} INFO - Processing file /home/airflow/.local/lib/python3.7/site-packages/airflow/example_dags/example_branch_datetime_operator.py for tasks to queue
[2024-12-03T16:38:17.111+0000] {logging_mixin.py:120} INFO - [2024-12-03T16:38:17.110+0000] {dagbag.py:537} INFO - Filling up the DagBag from /home/airflow/.local/lib/python3.7/site-packages/airflow/example_dags/example_branch_datetime_operator.py
[2024-12-03T16:38:17.167+0000] {processor.py:766} INFO - DAG(s) dict_keys(['example_branch_datetime_operator', 'example_branch_datetime_operator_3', 'example_branch_datetime_operator_2']) retrieved from /home/airflow/.local/lib/python3.7/site-packages/airflow/example_dags/example_branch_datetime_operator.py
[2024-12-03T16:38:17.327+0000] {logging_mixin.py:120} INFO - [2024-12-03T16:38:17.327+0000] {dag.py:2585} INFO - Sync 3 DAGs
[2024-12-03T16:38:17.420+0000] {logging_mixin.py:120} INFO - [2024-12-03T16:38:17.419+0000] {dag.py:3340} INFO - Setting next_dagrun for example_branch_datetime_operator to 2024-12-02T00:00:00+00:00, run_after=2024-12-03T00:00:00+00:00
[2024-12-03T16:38:17.437+0000] {logging_mixin.py:120} INFO - [2024-12-03T16:38:17.436+0000] {dag.py:3340} INFO - Setting next_dagrun for example_branch_datetime_operator_2 to 2024-12-02T00:00:00+00:00, run_after=2024-12-03T00:00:00+00:00
[2024-12-03T16:38:17.447+0000] {logging_mixin.py:120} INFO - [2024-12-03T16:38:17.446+0000] {dag.py:3340} INFO - Setting next_dagrun for example_branch_datetime_operator_3 to 2024-12-02T00:00:00+00:00, run_after=2024-12-03T00:00:00+00:00
[2024-12-03T16:38:17.537+0000] {processor.py:176} INFO - Processing /home/airflow/.local/lib/python3.7/site-packages/airflow/example_dags/example_branch_datetime_operator.py took 0.443 seconds
[2024-12-03T16:38:47.632+0000] {processor.py:154} INFO - Started process (PID=5425) to work on /home/airflow/.local/lib/python3.7/site-packages/airflow/example_dags/example_branch_datetime_operator.py
[2024-12-03T16:38:47.633+0000] {processor.py:756} INFO - Processing file /home/airflow/.local/lib/python3.7/site-packages/airflow/example_dags/example_branch_datetime_operator.py for tasks to queue
[2024-12-03T16:38:47.635+0000] {logging_mixin.py:120} INFO - [2024-12-03T16:38:47.635+0000] {dagbag.py:537} INFO - Filling up the DagBag from /home/airflow/.local/lib/python3.7/site-packages/airflow/example_dags/example_branch_datetime_operator.py
[2024-12-03T16:38:47.671+0000] {processor.py:766} INFO - DAG(s) dict_keys(['example_branch_datetime_operator_3', 'example_branch_datetime_operator', 'example_branch_datetime_operator_2']) retrieved from /home/airflow/.local/lib/python3.7/site-packages/airflow/example_dags/example_branch_datetime_operator.py
[2024-12-03T16:38:47.776+0000] {logging_mixin.py:120} INFO - [2024-12-03T16:38:47.775+0000] {dag.py:2585} INFO - Sync 3 DAGs
[2024-12-03T16:38:47.851+0000] {logging_mixin.py:120} INFO - [2024-12-03T16:38:47.850+0000] {dag.py:3340} INFO - Setting next_dagrun for example_branch_datetime_operator to 2024-12-02T00:00:00+00:00, run_after=2024-12-03T00:00:00+00:00
[2024-12-03T16:38:47.860+0000] {logging_mixin.py:120} INFO - [2024-12-03T16:38:47.859+0000] {dag.py:3340} INFO - Setting next_dagrun for example_branch_datetime_operator_2 to 2024-12-02T00:00:00+00:00, run_after=2024-12-03T00:00:00+00:00
[2024-12-03T16:38:47.865+0000] {logging_mixin.py:120} INFO - [2024-12-03T16:38:47.865+0000] {dag.py:3340} INFO - Setting next_dagrun for example_branch_datetime_operator_3 to 2024-12-02T00:00:00+00:00, run_after=2024-12-03T00:00:00+00:00
[2024-12-03T16:38:47.902+0000] {processor.py:176} INFO - Processing /home/airflow/.local/lib/python3.7/site-packages/airflow/example_dags/example_branch_datetime_operator.py took 0.277 seconds
[2024-12-03T16:39:18.524+0000] {processor.py:154} INFO - Started process (PID=5480) to work on /home/airflow/.local/lib/python3.7/site-packages/airflow/example_dags/example_branch_datetime_operator.py
[2024-12-03T16:39:18.526+0000] {processor.py:756} INFO - Processing file /home/airflow/.local/lib/python3.7/site-packages/airflow/example_dags/example_branch_datetime_operator.py for tasks to queue
[2024-12-03T16:39:18.530+0000] {logging_mixin.py:120} INFO - [2024-12-03T16:39:18.529+0000] {dagbag.py:537} INFO - Filling up the DagBag from /home/airflow/.local/lib/python3.7/site-packages/airflow/example_dags/example_branch_datetime_operator.py
[2024-12-03T16:39:18.569+0000] {processor.py:766} INFO - DAG(s) dict_keys(['example_branch_datetime_operator', 'example_branch_datetime_operator_2', 'example_branch_datetime_operator_3']) retrieved from /home/airflow/.local/lib/python3.7/site-packages/airflow/example_dags/example_branch_datetime_operator.py
[2024-12-03T16:39:18.653+0000] {logging_mixin.py:120} INFO - [2024-12-03T16:39:18.653+0000] {dag.py:2585} INFO - Sync 3 DAGs
[2024-12-03T16:39:18.699+0000] {logging_mixin.py:120} INFO - [2024-12-03T16:39:18.698+0000] {dag.py:3340} INFO - Setting next_dagrun for example_branch_datetime_operator to 2024-12-02T00:00:00+00:00, run_after=2024-12-03T00:00:00+00:00
[2024-12-03T16:39:18.708+0000] {logging_mixin.py:120} INFO - [2024-12-03T16:39:18.708+0000] {dag.py:3340} INFO - Setting next_dagrun for example_branch_datetime_operator_2 to 2024-12-02T00:00:00+00:00, run_after=2024-12-03T00:00:00+00:00
[2024-12-03T16:39:18.714+0000] {logging_mixin.py:120} INFO - [2024-12-03T16:39:18.714+0000] {dag.py:3340} INFO - Setting next_dagrun for example_branch_datetime_operator_3 to 2024-12-02T00:00:00+00:00, run_after=2024-12-03T00:00:00+00:00
[2024-12-03T16:39:18.753+0000] {processor.py:176} INFO - Processing /home/airflow/.local/lib/python3.7/site-packages/airflow/example_dags/example_branch_datetime_operator.py took 0.234 seconds
[2024-12-03T16:39:49.932+0000] {processor.py:154} INFO - Started process (PID=5548) to work on /home/airflow/.local/lib/python3.7/site-packages/airflow/example_dags/example_branch_datetime_operator.py
[2024-12-03T16:39:49.934+0000] {processor.py:756} INFO - Processing file /home/airflow/.local/lib/python3.7/site-packages/airflow/example_dags/example_branch_datetime_operator.py for tasks to queue
[2024-12-03T16:39:49.938+0000] {logging_mixin.py:120} INFO - [2024-12-03T16:39:49.937+0000] {dagbag.py:537} INFO - Filling up the DagBag from /home/airflow/.local/lib/python3.7/site-packages/airflow/example_dags/example_branch_datetime_operator.py
[2024-12-03T16:39:49.978+0000] {processor.py:766} INFO - DAG(s) dict_keys(['example_branch_datetime_operator', 'example_branch_datetime_operator_2', 'example_branch_datetime_operator_3']) retrieved from /home/airflow/.local/lib/python3.7/site-packages/airflow/example_dags/example_branch_datetime_operator.py
[2024-12-03T16:39:50.069+0000] {logging_mixin.py:120} INFO - [2024-12-03T16:39:50.069+0000] {dag.py:2585} INFO - Sync 3 DAGs
[2024-12-03T16:39:50.134+0000] {logging_mixin.py:120} INFO - [2024-12-03T16:39:50.134+0000] {dag.py:3340} INFO - Setting next_dagrun for example_branch_datetime_operator to 2024-12-02T00:00:00+00:00, run_after=2024-12-03T00:00:00+00:00
[2024-12-03T16:39:50.153+0000] {logging_mixin.py:120} INFO - [2024-12-03T16:39:50.153+0000] {dag.py:3340} INFO - Setting next_dagrun for example_branch_datetime_operator_2 to 2024-12-02T00:00:00+00:00, run_after=2024-12-03T00:00:00+00:00
[2024-12-03T16:39:50.166+0000] {logging_mixin.py:120} INFO - [2024-12-03T16:39:50.166+0000] {dag.py:3340} INFO - Setting next_dagrun for example_branch_datetime_operator_3 to 2024-12-02T00:00:00+00:00, run_after=2024-12-03T00:00:00+00:00
[2024-12-03T16:39:50.210+0000] {processor.py:176} INFO - Processing /home/airflow/.local/lib/python3.7/site-packages/airflow/example_dags/example_branch_datetime_operator.py took 0.287 seconds
[2024-12-03T16:40:20.319+0000] {processor.py:154} INFO - Started process (PID=5605) to work on /home/airflow/.local/lib/python3.7/site-packages/airflow/example_dags/example_branch_datetime_operator.py
[2024-12-03T16:40:20.321+0000] {processor.py:756} INFO - Processing file /home/airflow/.local/lib/python3.7/site-packages/airflow/example_dags/example_branch_datetime_operator.py for tasks to queue
[2024-12-03T16:40:20.323+0000] {logging_mixin.py:120} INFO - [2024-12-03T16:40:20.323+0000] {dagbag.py:537} INFO - Filling up the DagBag from /home/airflow/.local/lib/python3.7/site-packages/airflow/example_dags/example_branch_datetime_operator.py
[2024-12-03T16:40:20.360+0000] {processor.py:766} INFO - DAG(s) dict_keys(['example_branch_datetime_operator_2', 'example_branch_datetime_operator', 'example_branch_datetime_operator_3']) retrieved from /home/airflow/.local/lib/python3.7/site-packages/airflow/example_dags/example_branch_datetime_operator.py
[2024-12-03T16:40:20.433+0000] {logging_mixin.py:120} INFO - [2024-12-03T16:40:20.433+0000] {dag.py:2585} INFO - Sync 3 DAGs
[2024-12-03T16:40:20.473+0000] {logging_mixin.py:120} INFO - [2024-12-03T16:40:20.473+0000] {dag.py:3340} INFO - Setting next_dagrun for example_branch_datetime_operator to 2024-12-02T00:00:00+00:00, run_after=2024-12-03T00:00:00+00:00
[2024-12-03T16:40:20.482+0000] {logging_mixin.py:120} INFO - [2024-12-03T16:40:20.482+0000] {dag.py:3340} INFO - Setting next_dagrun for example_branch_datetime_operator_2 to 2024-12-02T00:00:00+00:00, run_after=2024-12-03T00:00:00+00:00
[2024-12-03T16:40:20.489+0000] {logging_mixin.py:120} INFO - [2024-12-03T16:40:20.488+0000] {dag.py:3340} INFO - Setting next_dagrun for example_branch_datetime_operator_3 to 2024-12-02T00:00:00+00:00, run_after=2024-12-03T00:00:00+00:00
[2024-12-03T16:40:20.523+0000] {processor.py:176} INFO - Processing /home/airflow/.local/lib/python3.7/site-packages/airflow/example_dags/example_branch_datetime_operator.py took 0.208 seconds
[2024-12-03T16:40:51.401+0000] {processor.py:154} INFO - Started process (PID=5676) to work on /home/airflow/.local/lib/python3.7/site-packages/airflow/example_dags/example_branch_datetime_operator.py
[2024-12-03T16:40:51.411+0000] {processor.py:756} INFO - Processing file /home/airflow/.local/lib/python3.7/site-packages/airflow/example_dags/example_branch_datetime_operator.py for tasks to queue
[2024-12-03T16:40:51.414+0000] {logging_mixin.py:120} INFO - [2024-12-03T16:40:51.414+0000] {dagbag.py:537} INFO - Filling up the DagBag from /home/airflow/.local/lib/python3.7/site-packages/airflow/example_dags/example_branch_datetime_operator.py
[2024-12-03T16:40:51.479+0000] {processor.py:766} INFO - DAG(s) dict_keys(['example_branch_datetime_operator_3', 'example_branch_datetime_operator_2', 'example_branch_datetime_operator']) retrieved from /home/airflow/.local/lib/python3.7/site-packages/airflow/example_dags/example_branch_datetime_operator.py
[2024-12-03T16:40:51.599+0000] {logging_mixin.py:120} INFO - [2024-12-03T16:40:51.598+0000] {dag.py:2585} INFO - Sync 3 DAGs
[2024-12-03T16:40:51.679+0000] {logging_mixin.py:120} INFO - [2024-12-03T16:40:51.678+0000] {dag.py:3340} INFO - Setting next_dagrun for example_branch_datetime_operator to 2024-12-02T00:00:00+00:00, run_after=2024-12-03T00:00:00+00:00
[2024-12-03T16:40:51.697+0000] {logging_mixin.py:120} INFO - [2024-12-03T16:40:51.697+0000] {dag.py:3340} INFO - Setting next_dagrun for example_branch_datetime_operator_2 to 2024-12-02T00:00:00+00:00, run_after=2024-12-03T00:00:00+00:00
[2024-12-03T16:40:51.706+0000] {logging_mixin.py:120} INFO - [2024-12-03T16:40:51.705+0000] {dag.py:3340} INFO - Setting next_dagrun for example_branch_datetime_operator_3 to 2024-12-02T00:00:00+00:00, run_after=2024-12-03T00:00:00+00:00
[2024-12-03T16:40:51.762+0000] {processor.py:176} INFO - Processing /home/airflow/.local/lib/python3.7/site-packages/airflow/example_dags/example_branch_datetime_operator.py took 0.370 seconds
[2024-12-03T16:41:22.047+0000] {processor.py:154} INFO - Started process (PID=5739) to work on /home/airflow/.local/lib/python3.7/site-packages/airflow/example_dags/example_branch_datetime_operator.py
[2024-12-03T16:41:22.049+0000] {processor.py:756} INFO - Processing file /home/airflow/.local/lib/python3.7/site-packages/airflow/example_dags/example_branch_datetime_operator.py for tasks to queue
[2024-12-03T16:41:22.050+0000] {logging_mixin.py:120} INFO - [2024-12-03T16:41:22.050+0000] {dagbag.py:537} INFO - Filling up the DagBag from /home/airflow/.local/lib/python3.7/site-packages/airflow/example_dags/example_branch_datetime_operator.py
[2024-12-03T16:41:22.071+0000] {processor.py:766} INFO - DAG(s) dict_keys(['example_branch_datetime_operator_3', 'example_branch_datetime_operator_2', 'example_branch_datetime_operator']) retrieved from /home/airflow/.local/lib/python3.7/site-packages/airflow/example_dags/example_branch_datetime_operator.py
[2024-12-03T16:41:22.136+0000] {logging_mixin.py:120} INFO - [2024-12-03T16:41:22.136+0000] {dag.py:2585} INFO - Sync 3 DAGs
[2024-12-03T16:41:22.170+0000] {logging_mixin.py:120} INFO - [2024-12-03T16:41:22.170+0000] {dag.py:3340} INFO - Setting next_dagrun for example_branch_datetime_operator to 2024-12-02T00:00:00+00:00, run_after=2024-12-03T00:00:00+00:00
[2024-12-03T16:41:22.177+0000] {logging_mixin.py:120} INFO - [2024-12-03T16:41:22.177+0000] {dag.py:3340} INFO - Setting next_dagrun for example_branch_datetime_operator_2 to 2024-12-02T00:00:00+00:00, run_after=2024-12-03T00:00:00+00:00
[2024-12-03T16:41:22.181+0000] {logging_mixin.py:120} INFO - [2024-12-03T16:41:22.181+0000] {dag.py:3340} INFO - Setting next_dagrun for example_branch_datetime_operator_3 to 2024-12-02T00:00:00+00:00, run_after=2024-12-03T00:00:00+00:00
[2024-12-03T16:41:22.213+0000] {processor.py:176} INFO - Processing /home/airflow/.local/lib/python3.7/site-packages/airflow/example_dags/example_branch_datetime_operator.py took 0.170 seconds
[2024-12-03T16:41:52.860+0000] {processor.py:154} INFO - Started process (PID=5802) to work on /home/airflow/.local/lib/python3.7/site-packages/airflow/example_dags/example_branch_datetime_operator.py
[2024-12-03T16:41:52.862+0000] {processor.py:756} INFO - Processing file /home/airflow/.local/lib/python3.7/site-packages/airflow/example_dags/example_branch_datetime_operator.py for tasks to queue
[2024-12-03T16:41:52.864+0000] {logging_mixin.py:120} INFO - [2024-12-03T16:41:52.864+0000] {dagbag.py:537} INFO - Filling up the DagBag from /home/airflow/.local/lib/python3.7/site-packages/airflow/example_dags/example_branch_datetime_operator.py
[2024-12-03T16:41:52.892+0000] {processor.py:766} INFO - DAG(s) dict_keys(['example_branch_datetime_operator', 'example_branch_datetime_operator_3', 'example_branch_datetime_operator_2']) retrieved from /home/airflow/.local/lib/python3.7/site-packages/airflow/example_dags/example_branch_datetime_operator.py
[2024-12-03T16:41:52.973+0000] {logging_mixin.py:120} INFO - [2024-12-03T16:41:52.973+0000] {dag.py:2585} INFO - Sync 3 DAGs
[2024-12-03T16:41:53.015+0000] {logging_mixin.py:120} INFO - [2024-12-03T16:41:53.015+0000] {dag.py:3340} INFO - Setting next_dagrun for example_branch_datetime_operator to 2024-12-02T00:00:00+00:00, run_after=2024-12-03T00:00:00+00:00
[2024-12-03T16:41:53.024+0000] {logging_mixin.py:120} INFO - [2024-12-03T16:41:53.024+0000] {dag.py:3340} INFO - Setting next_dagrun for example_branch_datetime_operator_2 to 2024-12-02T00:00:00+00:00, run_after=2024-12-03T00:00:00+00:00
[2024-12-03T16:41:53.030+0000] {logging_mixin.py:120} INFO - [2024-12-03T16:41:53.030+0000] {dag.py:3340} INFO - Setting next_dagrun for example_branch_datetime_operator_3 to 2024-12-02T00:00:00+00:00, run_after=2024-12-03T00:00:00+00:00
[2024-12-03T16:41:53.076+0000] {processor.py:176} INFO - Processing /home/airflow/.local/lib/python3.7/site-packages/airflow/example_dags/example_branch_datetime_operator.py took 0.219 seconds
[2024-12-03T16:42:23.196+0000] {processor.py:154} INFO - Started process (PID=5857) to work on /home/airflow/.local/lib/python3.7/site-packages/airflow/example_dags/example_branch_datetime_operator.py
[2024-12-03T16:42:23.198+0000] {processor.py:756} INFO - Processing file /home/airflow/.local/lib/python3.7/site-packages/airflow/example_dags/example_branch_datetime_operator.py for tasks to queue
[2024-12-03T16:42:23.200+0000] {logging_mixin.py:120} INFO - [2024-12-03T16:42:23.200+0000] {dagbag.py:537} INFO - Filling up the DagBag from /home/airflow/.local/lib/python3.7/site-packages/airflow/example_dags/example_branch_datetime_operator.py
[2024-12-03T16:42:23.228+0000] {processor.py:766} INFO - DAG(s) dict_keys(['example_branch_datetime_operator', 'example_branch_datetime_operator_3', 'example_branch_datetime_operator_2']) retrieved from /home/airflow/.local/lib/python3.7/site-packages/airflow/example_dags/example_branch_datetime_operator.py
[2024-12-03T16:42:23.311+0000] {logging_mixin.py:120} INFO - [2024-12-03T16:42:23.310+0000] {dag.py:2585} INFO - Sync 3 DAGs
[2024-12-03T16:42:23.353+0000] {logging_mixin.py:120} INFO - [2024-12-03T16:42:23.353+0000] {dag.py:3340} INFO - Setting next_dagrun for example_branch_datetime_operator to 2024-12-02T00:00:00+00:00, run_after=2024-12-03T00:00:00+00:00
[2024-12-03T16:42:23.362+0000] {logging_mixin.py:120} INFO - [2024-12-03T16:42:23.361+0000] {dag.py:3340} INFO - Setting next_dagrun for example_branch_datetime_operator_2 to 2024-12-02T00:00:00+00:00, run_after=2024-12-03T00:00:00+00:00
[2024-12-03T16:42:23.366+0000] {logging_mixin.py:120} INFO - [2024-12-03T16:42:23.366+0000] {dag.py:3340} INFO - Setting next_dagrun for example_branch_datetime_operator_3 to 2024-12-02T00:00:00+00:00, run_after=2024-12-03T00:00:00+00:00
[2024-12-03T16:42:23.399+0000] {processor.py:176} INFO - Processing /home/airflow/.local/lib/python3.7/site-packages/airflow/example_dags/example_branch_datetime_operator.py took 0.208 seconds
[2024-12-03T16:42:54.537+0000] {processor.py:154} INFO - Started process (PID=5921) to work on /home/airflow/.local/lib/python3.7/site-packages/airflow/example_dags/example_branch_datetime_operator.py
[2024-12-03T16:42:54.539+0000] {processor.py:756} INFO - Processing file /home/airflow/.local/lib/python3.7/site-packages/airflow/example_dags/example_branch_datetime_operator.py for tasks to queue
[2024-12-03T16:42:54.542+0000] {logging_mixin.py:120} INFO - [2024-12-03T16:42:54.541+0000] {dagbag.py:537} INFO - Filling up the DagBag from /home/airflow/.local/lib/python3.7/site-packages/airflow/example_dags/example_branch_datetime_operator.py
[2024-12-03T16:42:54.593+0000] {processor.py:766} INFO - DAG(s) dict_keys(['example_branch_datetime_operator', 'example_branch_datetime_operator_2', 'example_branch_datetime_operator_3']) retrieved from /home/airflow/.local/lib/python3.7/site-packages/airflow/example_dags/example_branch_datetime_operator.py
[2024-12-03T16:42:54.749+0000] {logging_mixin.py:120} INFO - [2024-12-03T16:42:54.749+0000] {dag.py:2585} INFO - Sync 3 DAGs
[2024-12-03T16:42:54.814+0000] {logging_mixin.py:120} INFO - [2024-12-03T16:42:54.814+0000] {dag.py:3340} INFO - Setting next_dagrun for example_branch_datetime_operator to 2024-12-02T00:00:00+00:00, run_after=2024-12-03T00:00:00+00:00
[2024-12-03T16:42:54.828+0000] {logging_mixin.py:120} INFO - [2024-12-03T16:42:54.827+0000] {dag.py:3340} INFO - Setting next_dagrun for example_branch_datetime_operator_2 to 2024-12-02T00:00:00+00:00, run_after=2024-12-03T00:00:00+00:00
[2024-12-03T16:42:54.837+0000] {logging_mixin.py:120} INFO - [2024-12-03T16:42:54.836+0000] {dag.py:3340} INFO - Setting next_dagrun for example_branch_datetime_operator_3 to 2024-12-02T00:00:00+00:00, run_after=2024-12-03T00:00:00+00:00
[2024-12-03T16:42:54.899+0000] {processor.py:176} INFO - Processing /home/airflow/.local/lib/python3.7/site-packages/airflow/example_dags/example_branch_datetime_operator.py took 0.377 seconds
[2024-12-03T16:43:25.539+0000] {processor.py:154} INFO - Started process (PID=5976) to work on /home/airflow/.local/lib/python3.7/site-packages/airflow/example_dags/example_branch_datetime_operator.py
[2024-12-03T16:43:25.542+0000] {processor.py:756} INFO - Processing file /home/airflow/.local/lib/python3.7/site-packages/airflow/example_dags/example_branch_datetime_operator.py for tasks to queue
[2024-12-03T16:43:25.544+0000] {logging_mixin.py:120} INFO - [2024-12-03T16:43:25.543+0000] {dagbag.py:537} INFO - Filling up the DagBag from /home/airflow/.local/lib/python3.7/site-packages/airflow/example_dags/example_branch_datetime_operator.py
[2024-12-03T16:43:25.568+0000] {processor.py:766} INFO - DAG(s) dict_keys(['example_branch_datetime_operator_3', 'example_branch_datetime_operator', 'example_branch_datetime_operator_2']) retrieved from /home/airflow/.local/lib/python3.7/site-packages/airflow/example_dags/example_branch_datetime_operator.py
[2024-12-03T16:43:25.658+0000] {logging_mixin.py:120} INFO - [2024-12-03T16:43:25.658+0000] {dag.py:2585} INFO - Sync 3 DAGs
[2024-12-03T16:43:25.748+0000] {logging_mixin.py:120} INFO - [2024-12-03T16:43:25.748+0000] {dag.py:3340} INFO - Setting next_dagrun for example_branch_datetime_operator to 2024-12-02T00:00:00+00:00, run_after=2024-12-03T00:00:00+00:00
[2024-12-03T16:43:25.769+0000] {logging_mixin.py:120} INFO - [2024-12-03T16:43:25.768+0000] {dag.py:3340} INFO - Setting next_dagrun for example_branch_datetime_operator_2 to 2024-12-02T00:00:00+00:00, run_after=2024-12-03T00:00:00+00:00
[2024-12-03T16:43:25.778+0000] {logging_mixin.py:120} INFO - [2024-12-03T16:43:25.777+0000] {dag.py:3340} INFO - Setting next_dagrun for example_branch_datetime_operator_3 to 2024-12-02T00:00:00+00:00, run_after=2024-12-03T00:00:00+00:00
[2024-12-03T16:43:25.817+0000] {processor.py:176} INFO - Processing /home/airflow/.local/lib/python3.7/site-packages/airflow/example_dags/example_branch_datetime_operator.py took 0.285 seconds
[2024-12-03T16:43:55.980+0000] {processor.py:154} INFO - Started process (PID=6039) to work on /home/airflow/.local/lib/python3.7/site-packages/airflow/example_dags/example_branch_datetime_operator.py
[2024-12-03T16:43:55.982+0000] {processor.py:756} INFO - Processing file /home/airflow/.local/lib/python3.7/site-packages/airflow/example_dags/example_branch_datetime_operator.py for tasks to queue
[2024-12-03T16:43:55.983+0000] {logging_mixin.py:120} INFO - [2024-12-03T16:43:55.983+0000] {dagbag.py:537} INFO - Filling up the DagBag from /home/airflow/.local/lib/python3.7/site-packages/airflow/example_dags/example_branch_datetime_operator.py
[2024-12-03T16:43:56.007+0000] {processor.py:766} INFO - DAG(s) dict_keys(['example_branch_datetime_operator_3', 'example_branch_datetime_operator_2', 'example_branch_datetime_operator']) retrieved from /home/airflow/.local/lib/python3.7/site-packages/airflow/example_dags/example_branch_datetime_operator.py
[2024-12-03T16:43:56.076+0000] {logging_mixin.py:120} INFO - [2024-12-03T16:43:56.076+0000] {dag.py:2585} INFO - Sync 3 DAGs
[2024-12-03T16:43:56.119+0000] {logging_mixin.py:120} INFO - [2024-12-03T16:43:56.119+0000] {dag.py:3340} INFO - Setting next_dagrun for example_branch_datetime_operator to 2024-12-02T00:00:00+00:00, run_after=2024-12-03T00:00:00+00:00
[2024-12-03T16:43:56.126+0000] {logging_mixin.py:120} INFO - [2024-12-03T16:43:56.126+0000] {dag.py:3340} INFO - Setting next_dagrun for example_branch_datetime_operator_2 to 2024-12-02T00:00:00+00:00, run_after=2024-12-03T00:00:00+00:00
[2024-12-03T16:43:56.131+0000] {logging_mixin.py:120} INFO - [2024-12-03T16:43:56.131+0000] {dag.py:3340} INFO - Setting next_dagrun for example_branch_datetime_operator_3 to 2024-12-02T00:00:00+00:00, run_after=2024-12-03T00:00:00+00:00
[2024-12-03T16:43:56.167+0000] {processor.py:176} INFO - Processing /home/airflow/.local/lib/python3.7/site-packages/airflow/example_dags/example_branch_datetime_operator.py took 0.190 seconds
[2024-12-03T16:44:26.433+0000] {processor.py:154} INFO - Started process (PID=6094) to work on /home/airflow/.local/lib/python3.7/site-packages/airflow/example_dags/example_branch_datetime_operator.py
[2024-12-03T16:44:26.436+0000] {processor.py:756} INFO - Processing file /home/airflow/.local/lib/python3.7/site-packages/airflow/example_dags/example_branch_datetime_operator.py for tasks to queue
[2024-12-03T16:44:26.438+0000] {logging_mixin.py:120} INFO - [2024-12-03T16:44:26.437+0000] {dagbag.py:537} INFO - Filling up the DagBag from /home/airflow/.local/lib/python3.7/site-packages/airflow/example_dags/example_branch_datetime_operator.py
[2024-12-03T16:44:26.463+0000] {processor.py:766} INFO - DAG(s) dict_keys(['example_branch_datetime_operator_2', 'example_branch_datetime_operator', 'example_branch_datetime_operator_3']) retrieved from /home/airflow/.local/lib/python3.7/site-packages/airflow/example_dags/example_branch_datetime_operator.py
[2024-12-03T16:44:26.536+0000] {logging_mixin.py:120} INFO - [2024-12-03T16:44:26.536+0000] {dag.py:2585} INFO - Sync 3 DAGs
[2024-12-03T16:44:26.591+0000] {logging_mixin.py:120} INFO - [2024-12-03T16:44:26.591+0000] {dag.py:3340} INFO - Setting next_dagrun for example_branch_datetime_operator to 2024-12-02T00:00:00+00:00, run_after=2024-12-03T00:00:00+00:00
[2024-12-03T16:44:26.597+0000] {logging_mixin.py:120} INFO - [2024-12-03T16:44:26.597+0000] {dag.py:3340} INFO - Setting next_dagrun for example_branch_datetime_operator_2 to 2024-12-02T00:00:00+00:00, run_after=2024-12-03T00:00:00+00:00
[2024-12-03T16:44:26.602+0000] {logging_mixin.py:120} INFO - [2024-12-03T16:44:26.602+0000] {dag.py:3340} INFO - Setting next_dagrun for example_branch_datetime_operator_3 to 2024-12-02T00:00:00+00:00, run_after=2024-12-03T00:00:00+00:00
[2024-12-03T16:44:26.638+0000] {processor.py:176} INFO - Processing /home/airflow/.local/lib/python3.7/site-packages/airflow/example_dags/example_branch_datetime_operator.py took 0.210 seconds
[2024-12-03T16:44:56.763+0000] {processor.py:154} INFO - Started process (PID=6163) to work on /home/airflow/.local/lib/python3.7/site-packages/airflow/example_dags/example_branch_datetime_operator.py
[2024-12-03T16:44:56.766+0000] {processor.py:756} INFO - Processing file /home/airflow/.local/lib/python3.7/site-packages/airflow/example_dags/example_branch_datetime_operator.py for tasks to queue
[2024-12-03T16:44:56.768+0000] {logging_mixin.py:120} INFO - [2024-12-03T16:44:56.767+0000] {dagbag.py:537} INFO - Filling up the DagBag from /home/airflow/.local/lib/python3.7/site-packages/airflow/example_dags/example_branch_datetime_operator.py
[2024-12-03T16:44:56.802+0000] {processor.py:766} INFO - DAG(s) dict_keys(['example_branch_datetime_operator', 'example_branch_datetime_operator_2', 'example_branch_datetime_operator_3']) retrieved from /home/airflow/.local/lib/python3.7/site-packages/airflow/example_dags/example_branch_datetime_operator.py
[2024-12-03T16:44:56.900+0000] {logging_mixin.py:120} INFO - [2024-12-03T16:44:56.900+0000] {dag.py:2585} INFO - Sync 3 DAGs
[2024-12-03T16:44:56.945+0000] {logging_mixin.py:120} INFO - [2024-12-03T16:44:56.945+0000] {dag.py:3340} INFO - Setting next_dagrun for example_branch_datetime_operator to 2024-12-02T00:00:00+00:00, run_after=2024-12-03T00:00:00+00:00
[2024-12-03T16:44:56.953+0000] {logging_mixin.py:120} INFO - [2024-12-03T16:44:56.953+0000] {dag.py:3340} INFO - Setting next_dagrun for example_branch_datetime_operator_2 to 2024-12-02T00:00:00+00:00, run_after=2024-12-03T00:00:00+00:00
[2024-12-03T16:44:56.959+0000] {logging_mixin.py:120} INFO - [2024-12-03T16:44:56.959+0000] {dag.py:3340} INFO - Setting next_dagrun for example_branch_datetime_operator_3 to 2024-12-02T00:00:00+00:00, run_after=2024-12-03T00:00:00+00:00
[2024-12-03T16:44:56.998+0000] {processor.py:176} INFO - Processing /home/airflow/.local/lib/python3.7/site-packages/airflow/example_dags/example_branch_datetime_operator.py took 0.239 seconds
[2024-12-03T16:45:27.927+0000] {processor.py:154} INFO - Started process (PID=6222) to work on /home/airflow/.local/lib/python3.7/site-packages/airflow/example_dags/example_branch_datetime_operator.py
[2024-12-03T16:45:27.928+0000] {processor.py:756} INFO - Processing file /home/airflow/.local/lib/python3.7/site-packages/airflow/example_dags/example_branch_datetime_operator.py for tasks to queue
[2024-12-03T16:45:27.930+0000] {logging_mixin.py:120} INFO - [2024-12-03T16:45:27.930+0000] {dagbag.py:537} INFO - Filling up the DagBag from /home/airflow/.local/lib/python3.7/site-packages/airflow/example_dags/example_branch_datetime_operator.py
[2024-12-03T16:45:27.954+0000] {processor.py:766} INFO - DAG(s) dict_keys(['example_branch_datetime_operator', 'example_branch_datetime_operator_3', 'example_branch_datetime_operator_2']) retrieved from /home/airflow/.local/lib/python3.7/site-packages/airflow/example_dags/example_branch_datetime_operator.py
[2024-12-03T16:45:28.020+0000] {logging_mixin.py:120} INFO - [2024-12-03T16:45:28.019+0000] {dag.py:2585} INFO - Sync 3 DAGs
[2024-12-03T16:45:28.058+0000] {logging_mixin.py:120} INFO - [2024-12-03T16:45:28.057+0000] {dag.py:3340} INFO - Setting next_dagrun for example_branch_datetime_operator to 2024-12-02T00:00:00+00:00, run_after=2024-12-03T00:00:00+00:00
[2024-12-03T16:45:28.064+0000] {logging_mixin.py:120} INFO - [2024-12-03T16:45:28.064+0000] {dag.py:3340} INFO - Setting next_dagrun for example_branch_datetime_operator_2 to 2024-12-02T00:00:00+00:00, run_after=2024-12-03T00:00:00+00:00
[2024-12-03T16:45:28.069+0000] {logging_mixin.py:120} INFO - [2024-12-03T16:45:28.069+0000] {dag.py:3340} INFO - Setting next_dagrun for example_branch_datetime_operator_3 to 2024-12-02T00:00:00+00:00, run_after=2024-12-03T00:00:00+00:00
[2024-12-03T16:45:28.100+0000] {processor.py:176} INFO - Processing /home/airflow/.local/lib/python3.7/site-packages/airflow/example_dags/example_branch_datetime_operator.py took 0.177 seconds
[2024-12-03T16:45:58.422+0000] {processor.py:154} INFO - Started process (PID=6286) to work on /home/airflow/.local/lib/python3.7/site-packages/airflow/example_dags/example_branch_datetime_operator.py
[2024-12-03T16:45:58.424+0000] {processor.py:756} INFO - Processing file /home/airflow/.local/lib/python3.7/site-packages/airflow/example_dags/example_branch_datetime_operator.py for tasks to queue
[2024-12-03T16:45:58.427+0000] {logging_mixin.py:120} INFO - [2024-12-03T16:45:58.427+0000] {dagbag.py:537} INFO - Filling up the DagBag from /home/airflow/.local/lib/python3.7/site-packages/airflow/example_dags/example_branch_datetime_operator.py
[2024-12-03T16:45:58.457+0000] {processor.py:766} INFO - DAG(s) dict_keys(['example_branch_datetime_operator', 'example_branch_datetime_operator_2', 'example_branch_datetime_operator_3']) retrieved from /home/airflow/.local/lib/python3.7/site-packages/airflow/example_dags/example_branch_datetime_operator.py
[2024-12-03T16:45:58.562+0000] {logging_mixin.py:120} INFO - [2024-12-03T16:45:58.562+0000] {dag.py:2585} INFO - Sync 3 DAGs
[2024-12-03T16:45:58.615+0000] {logging_mixin.py:120} INFO - [2024-12-03T16:45:58.614+0000] {dag.py:3340} INFO - Setting next_dagrun for example_branch_datetime_operator to 2024-12-02T00:00:00+00:00, run_after=2024-12-03T00:00:00+00:00
[2024-12-03T16:45:58.624+0000] {logging_mixin.py:120} INFO - [2024-12-03T16:45:58.624+0000] {dag.py:3340} INFO - Setting next_dagrun for example_branch_datetime_operator_2 to 2024-12-02T00:00:00+00:00, run_after=2024-12-03T00:00:00+00:00
[2024-12-03T16:45:58.630+0000] {logging_mixin.py:120} INFO - [2024-12-03T16:45:58.629+0000] {dag.py:3340} INFO - Setting next_dagrun for example_branch_datetime_operator_3 to 2024-12-02T00:00:00+00:00, run_after=2024-12-03T00:00:00+00:00
[2024-12-03T16:45:58.667+0000] {processor.py:176} INFO - Processing /home/airflow/.local/lib/python3.7/site-packages/airflow/example_dags/example_branch_datetime_operator.py took 0.248 seconds
[2024-12-03T16:46:29.170+0000] {processor.py:154} INFO - Started process (PID=6350) to work on /home/airflow/.local/lib/python3.7/site-packages/airflow/example_dags/example_branch_datetime_operator.py
[2024-12-03T16:46:29.172+0000] {processor.py:756} INFO - Processing file /home/airflow/.local/lib/python3.7/site-packages/airflow/example_dags/example_branch_datetime_operator.py for tasks to queue
[2024-12-03T16:46:29.173+0000] {logging_mixin.py:120} INFO - [2024-12-03T16:46:29.173+0000] {dagbag.py:537} INFO - Filling up the DagBag from /home/airflow/.local/lib/python3.7/site-packages/airflow/example_dags/example_branch_datetime_operator.py
[2024-12-03T16:46:29.202+0000] {processor.py:766} INFO - DAG(s) dict_keys(['example_branch_datetime_operator', 'example_branch_datetime_operator_3', 'example_branch_datetime_operator_2']) retrieved from /home/airflow/.local/lib/python3.7/site-packages/airflow/example_dags/example_branch_datetime_operator.py
[2024-12-03T16:46:29.287+0000] {logging_mixin.py:120} INFO - [2024-12-03T16:46:29.286+0000] {dag.py:2585} INFO - Sync 3 DAGs
[2024-12-03T16:46:29.323+0000] {logging_mixin.py:120} INFO - [2024-12-03T16:46:29.323+0000] {dag.py:3340} INFO - Setting next_dagrun for example_branch_datetime_operator to 2024-12-02T00:00:00+00:00, run_after=2024-12-03T00:00:00+00:00
[2024-12-03T16:46:29.331+0000] {logging_mixin.py:120} INFO - [2024-12-03T16:46:29.330+0000] {dag.py:3340} INFO - Setting next_dagrun for example_branch_datetime_operator_2 to 2024-12-02T00:00:00+00:00, run_after=2024-12-03T00:00:00+00:00
[2024-12-03T16:46:29.335+0000] {logging_mixin.py:120} INFO - [2024-12-03T16:46:29.335+0000] {dag.py:3340} INFO - Setting next_dagrun for example_branch_datetime_operator_3 to 2024-12-02T00:00:00+00:00, run_after=2024-12-03T00:00:00+00:00
[2024-12-03T16:46:29.371+0000] {processor.py:176} INFO - Processing /home/airflow/.local/lib/python3.7/site-packages/airflow/example_dags/example_branch_datetime_operator.py took 0.205 seconds
[2024-12-03T16:46:59.983+0000] {processor.py:154} INFO - Started process (PID=6422) to work on /home/airflow/.local/lib/python3.7/site-packages/airflow/example_dags/example_branch_datetime_operator.py
[2024-12-03T16:46:59.997+0000] {processor.py:756} INFO - Processing file /home/airflow/.local/lib/python3.7/site-packages/airflow/example_dags/example_branch_datetime_operator.py for tasks to queue
[2024-12-03T16:46:59.999+0000] {logging_mixin.py:120} INFO - [2024-12-03T16:46:59.999+0000] {dagbag.py:537} INFO - Filling up the DagBag from /home/airflow/.local/lib/python3.7/site-packages/airflow/example_dags/example_branch_datetime_operator.py
[2024-12-03T16:47:00.030+0000] {processor.py:766} INFO - DAG(s) dict_keys(['example_branch_datetime_operator', 'example_branch_datetime_operator_3', 'example_branch_datetime_operator_2']) retrieved from /home/airflow/.local/lib/python3.7/site-packages/airflow/example_dags/example_branch_datetime_operator.py
[2024-12-03T16:47:00.100+0000] {logging_mixin.py:120} INFO - [2024-12-03T16:47:00.099+0000] {dag.py:2585} INFO - Sync 3 DAGs
[2024-12-03T16:47:00.139+0000] {logging_mixin.py:120} INFO - [2024-12-03T16:47:00.139+0000] {dag.py:3340} INFO - Setting next_dagrun for example_branch_datetime_operator to 2024-12-02T00:00:00+00:00, run_after=2024-12-03T00:00:00+00:00
[2024-12-03T16:47:00.147+0000] {logging_mixin.py:120} INFO - [2024-12-03T16:47:00.147+0000] {dag.py:3340} INFO - Setting next_dagrun for example_branch_datetime_operator_2 to 2024-12-02T00:00:00+00:00, run_after=2024-12-03T00:00:00+00:00
[2024-12-03T16:47:00.151+0000] {logging_mixin.py:120} INFO - [2024-12-03T16:47:00.151+0000] {dag.py:3340} INFO - Setting next_dagrun for example_branch_datetime_operator_3 to 2024-12-02T00:00:00+00:00, run_after=2024-12-03T00:00:00+00:00
[2024-12-03T16:47:00.184+0000] {processor.py:176} INFO - Processing /home/airflow/.local/lib/python3.7/site-packages/airflow/example_dags/example_branch_datetime_operator.py took 0.204 seconds
[2024-12-03T16:47:30.662+0000] {processor.py:154} INFO - Started process (PID=6477) to work on /home/airflow/.local/lib/python3.7/site-packages/airflow/example_dags/example_branch_datetime_operator.py
[2024-12-03T16:47:30.664+0000] {processor.py:756} INFO - Processing file /home/airflow/.local/lib/python3.7/site-packages/airflow/example_dags/example_branch_datetime_operator.py for tasks to queue
[2024-12-03T16:47:30.666+0000] {logging_mixin.py:120} INFO - [2024-12-03T16:47:30.666+0000] {dagbag.py:537} INFO - Filling up the DagBag from /home/airflow/.local/lib/python3.7/site-packages/airflow/example_dags/example_branch_datetime_operator.py
[2024-12-03T16:47:30.689+0000] {processor.py:766} INFO - DAG(s) dict_keys(['example_branch_datetime_operator', 'example_branch_datetime_operator_3', 'example_branch_datetime_operator_2']) retrieved from /home/airflow/.local/lib/python3.7/site-packages/airflow/example_dags/example_branch_datetime_operator.py
[2024-12-03T16:47:30.761+0000] {logging_mixin.py:120} INFO - [2024-12-03T16:47:30.761+0000] {dag.py:2585} INFO - Sync 3 DAGs
[2024-12-03T16:47:30.805+0000] {logging_mixin.py:120} INFO - [2024-12-03T16:47:30.804+0000] {dag.py:3340} INFO - Setting next_dagrun for example_branch_datetime_operator to 2024-12-02T00:00:00+00:00, run_after=2024-12-03T00:00:00+00:00
[2024-12-03T16:47:30.817+0000] {logging_mixin.py:120} INFO - [2024-12-03T16:47:30.816+0000] {dag.py:3340} INFO - Setting next_dagrun for example_branch_datetime_operator_2 to 2024-12-02T00:00:00+00:00, run_after=2024-12-03T00:00:00+00:00
[2024-12-03T16:47:30.822+0000] {logging_mixin.py:120} INFO - [2024-12-03T16:47:30.822+0000] {dag.py:3340} INFO - Setting next_dagrun for example_branch_datetime_operator_3 to 2024-12-02T00:00:00+00:00, run_after=2024-12-03T00:00:00+00:00
[2024-12-03T16:47:30.867+0000] {processor.py:176} INFO - Processing /home/airflow/.local/lib/python3.7/site-packages/airflow/example_dags/example_branch_datetime_operator.py took 0.209 seconds
[2024-12-03T16:48:01.181+0000] {processor.py:154} INFO - Started process (PID=6542) to work on /home/airflow/.local/lib/python3.7/site-packages/airflow/example_dags/example_branch_datetime_operator.py
[2024-12-03T16:48:01.183+0000] {processor.py:756} INFO - Processing file /home/airflow/.local/lib/python3.7/site-packages/airflow/example_dags/example_branch_datetime_operator.py for tasks to queue
[2024-12-03T16:48:01.184+0000] {logging_mixin.py:120} INFO - [2024-12-03T16:48:01.184+0000] {dagbag.py:537} INFO - Filling up the DagBag from /home/airflow/.local/lib/python3.7/site-packages/airflow/example_dags/example_branch_datetime_operator.py
[2024-12-03T16:48:01.204+0000] {processor.py:766} INFO - DAG(s) dict_keys(['example_branch_datetime_operator', 'example_branch_datetime_operator_3', 'example_branch_datetime_operator_2']) retrieved from /home/airflow/.local/lib/python3.7/site-packages/airflow/example_dags/example_branch_datetime_operator.py
[2024-12-03T16:48:01.271+0000] {logging_mixin.py:120} INFO - [2024-12-03T16:48:01.271+0000] {dag.py:2585} INFO - Sync 3 DAGs
[2024-12-03T16:48:01.307+0000] {logging_mixin.py:120} INFO - [2024-12-03T16:48:01.307+0000] {dag.py:3340} INFO - Setting next_dagrun for example_branch_datetime_operator to 2024-12-02T00:00:00+00:00, run_after=2024-12-03T00:00:00+00:00
[2024-12-03T16:48:01.315+0000] {logging_mixin.py:120} INFO - [2024-12-03T16:48:01.315+0000] {dag.py:3340} INFO - Setting next_dagrun for example_branch_datetime_operator_2 to 2024-12-02T00:00:00+00:00, run_after=2024-12-03T00:00:00+00:00
[2024-12-03T16:48:01.320+0000] {logging_mixin.py:120} INFO - [2024-12-03T16:48:01.320+0000] {dag.py:3340} INFO - Setting next_dagrun for example_branch_datetime_operator_3 to 2024-12-02T00:00:00+00:00, run_after=2024-12-03T00:00:00+00:00
[2024-12-03T16:48:01.351+0000] {processor.py:176} INFO - Processing /home/airflow/.local/lib/python3.7/site-packages/airflow/example_dags/example_branch_datetime_operator.py took 0.173 seconds
[2024-12-03T16:48:31.477+0000] {processor.py:154} INFO - Started process (PID=6597) to work on /home/airflow/.local/lib/python3.7/site-packages/airflow/example_dags/example_branch_datetime_operator.py
[2024-12-03T16:48:31.479+0000] {processor.py:756} INFO - Processing file /home/airflow/.local/lib/python3.7/site-packages/airflow/example_dags/example_branch_datetime_operator.py for tasks to queue
[2024-12-03T16:48:31.483+0000] {logging_mixin.py:120} INFO - [2024-12-03T16:48:31.482+0000] {dagbag.py:537} INFO - Filling up the DagBag from /home/airflow/.local/lib/python3.7/site-packages/airflow/example_dags/example_branch_datetime_operator.py
[2024-12-03T16:48:31.507+0000] {processor.py:766} INFO - DAG(s) dict_keys(['example_branch_datetime_operator_3', 'example_branch_datetime_operator', 'example_branch_datetime_operator_2']) retrieved from /home/airflow/.local/lib/python3.7/site-packages/airflow/example_dags/example_branch_datetime_operator.py
[2024-12-03T16:48:31.575+0000] {logging_mixin.py:120} INFO - [2024-12-03T16:48:31.574+0000] {dag.py:2585} INFO - Sync 3 DAGs
[2024-12-03T16:48:31.612+0000] {logging_mixin.py:120} INFO - [2024-12-03T16:48:31.611+0000] {dag.py:3340} INFO - Setting next_dagrun for example_branch_datetime_operator to 2024-12-02T00:00:00+00:00, run_after=2024-12-03T00:00:00+00:00
[2024-12-03T16:48:31.624+0000] {logging_mixin.py:120} INFO - [2024-12-03T16:48:31.623+0000] {dag.py:3340} INFO - Setting next_dagrun for example_branch_datetime_operator_2 to 2024-12-02T00:00:00+00:00, run_after=2024-12-03T00:00:00+00:00
[2024-12-03T16:48:31.629+0000] {logging_mixin.py:120} INFO - [2024-12-03T16:48:31.629+0000] {dag.py:3340} INFO - Setting next_dagrun for example_branch_datetime_operator_3 to 2024-12-02T00:00:00+00:00, run_after=2024-12-03T00:00:00+00:00
[2024-12-03T16:48:31.668+0000] {processor.py:176} INFO - Processing /home/airflow/.local/lib/python3.7/site-packages/airflow/example_dags/example_branch_datetime_operator.py took 0.200 seconds
[2024-12-03T16:49:02.113+0000] {processor.py:154} INFO - Started process (PID=6662) to work on /home/airflow/.local/lib/python3.7/site-packages/airflow/example_dags/example_branch_datetime_operator.py
[2024-12-03T16:49:02.115+0000] {processor.py:756} INFO - Processing file /home/airflow/.local/lib/python3.7/site-packages/airflow/example_dags/example_branch_datetime_operator.py for tasks to queue
[2024-12-03T16:49:02.116+0000] {logging_mixin.py:120} INFO - [2024-12-03T16:49:02.116+0000] {dagbag.py:537} INFO - Filling up the DagBag from /home/airflow/.local/lib/python3.7/site-packages/airflow/example_dags/example_branch_datetime_operator.py
[2024-12-03T16:49:02.137+0000] {processor.py:766} INFO - DAG(s) dict_keys(['example_branch_datetime_operator_2', 'example_branch_datetime_operator', 'example_branch_datetime_operator_3']) retrieved from /home/airflow/.local/lib/python3.7/site-packages/airflow/example_dags/example_branch_datetime_operator.py
[2024-12-03T16:49:02.204+0000] {logging_mixin.py:120} INFO - [2024-12-03T16:49:02.203+0000] {dag.py:2585} INFO - Sync 3 DAGs
[2024-12-03T16:49:02.245+0000] {logging_mixin.py:120} INFO - [2024-12-03T16:49:02.245+0000] {dag.py:3340} INFO - Setting next_dagrun for example_branch_datetime_operator to 2024-12-02T00:00:00+00:00, run_after=2024-12-03T00:00:00+00:00
[2024-12-03T16:49:02.252+0000] {logging_mixin.py:120} INFO - [2024-12-03T16:49:02.251+0000] {dag.py:3340} INFO - Setting next_dagrun for example_branch_datetime_operator_2 to 2024-12-02T00:00:00+00:00, run_after=2024-12-03T00:00:00+00:00
[2024-12-03T16:49:02.256+0000] {logging_mixin.py:120} INFO - [2024-12-03T16:49:02.256+0000] {dag.py:3340} INFO - Setting next_dagrun for example_branch_datetime_operator_3 to 2024-12-02T00:00:00+00:00, run_after=2024-12-03T00:00:00+00:00
[2024-12-03T16:49:02.288+0000] {processor.py:176} INFO - Processing /home/airflow/.local/lib/python3.7/site-packages/airflow/example_dags/example_branch_datetime_operator.py took 0.177 seconds
[2024-12-03T16:49:32.827+0000] {processor.py:154} INFO - Started process (PID=6726) to work on /home/airflow/.local/lib/python3.7/site-packages/airflow/example_dags/example_branch_datetime_operator.py
[2024-12-03T16:49:32.829+0000] {processor.py:756} INFO - Processing file /home/airflow/.local/lib/python3.7/site-packages/airflow/example_dags/example_branch_datetime_operator.py for tasks to queue
[2024-12-03T16:49:32.830+0000] {logging_mixin.py:120} INFO - [2024-12-03T16:49:32.830+0000] {dagbag.py:537} INFO - Filling up the DagBag from /home/airflow/.local/lib/python3.7/site-packages/airflow/example_dags/example_branch_datetime_operator.py
[2024-12-03T16:49:32.850+0000] {processor.py:766} INFO - DAG(s) dict_keys(['example_branch_datetime_operator_3', 'example_branch_datetime_operator', 'example_branch_datetime_operator_2']) retrieved from /home/airflow/.local/lib/python3.7/site-packages/airflow/example_dags/example_branch_datetime_operator.py
[2024-12-03T16:49:32.905+0000] {logging_mixin.py:120} INFO - [2024-12-03T16:49:32.904+0000] {dag.py:2585} INFO - Sync 3 DAGs
[2024-12-03T16:49:32.934+0000] {logging_mixin.py:120} INFO - [2024-12-03T16:49:32.934+0000] {dag.py:3340} INFO - Setting next_dagrun for example_branch_datetime_operator to 2024-12-02T00:00:00+00:00, run_after=2024-12-03T00:00:00+00:00
[2024-12-03T16:49:32.941+0000] {logging_mixin.py:120} INFO - [2024-12-03T16:49:32.941+0000] {dag.py:3340} INFO - Setting next_dagrun for example_branch_datetime_operator_2 to 2024-12-02T00:00:00+00:00, run_after=2024-12-03T00:00:00+00:00
[2024-12-03T16:49:32.945+0000] {logging_mixin.py:120} INFO - [2024-12-03T16:49:32.945+0000] {dag.py:3340} INFO - Setting next_dagrun for example_branch_datetime_operator_3 to 2024-12-02T00:00:00+00:00, run_after=2024-12-03T00:00:00+00:00
[2024-12-03T16:49:32.975+0000] {processor.py:176} INFO - Processing /home/airflow/.local/lib/python3.7/site-packages/airflow/example_dags/example_branch_datetime_operator.py took 0.151 seconds
[2024-12-03T16:50:03.612+0000] {processor.py:154} INFO - Started process (PID=6782) to work on /home/airflow/.local/lib/python3.7/site-packages/airflow/example_dags/example_branch_datetime_operator.py
[2024-12-03T16:50:03.614+0000] {processor.py:756} INFO - Processing file /home/airflow/.local/lib/python3.7/site-packages/airflow/example_dags/example_branch_datetime_operator.py for tasks to queue
[2024-12-03T16:50:03.615+0000] {logging_mixin.py:120} INFO - [2024-12-03T16:50:03.615+0000] {dagbag.py:537} INFO - Filling up the DagBag from /home/airflow/.local/lib/python3.7/site-packages/airflow/example_dags/example_branch_datetime_operator.py
[2024-12-03T16:50:03.643+0000] {processor.py:766} INFO - DAG(s) dict_keys(['example_branch_datetime_operator_2', 'example_branch_datetime_operator_3', 'example_branch_datetime_operator']) retrieved from /home/airflow/.local/lib/python3.7/site-packages/airflow/example_dags/example_branch_datetime_operator.py
[2024-12-03T16:50:03.719+0000] {logging_mixin.py:120} INFO - [2024-12-03T16:50:03.719+0000] {dag.py:2585} INFO - Sync 3 DAGs
[2024-12-03T16:50:03.759+0000] {logging_mixin.py:120} INFO - [2024-12-03T16:50:03.758+0000] {dag.py:3340} INFO - Setting next_dagrun for example_branch_datetime_operator to 2024-12-02T00:00:00+00:00, run_after=2024-12-03T00:00:00+00:00
[2024-12-03T16:50:03.767+0000] {logging_mixin.py:120} INFO - [2024-12-03T16:50:03.767+0000] {dag.py:3340} INFO - Setting next_dagrun for example_branch_datetime_operator_2 to 2024-12-02T00:00:00+00:00, run_after=2024-12-03T00:00:00+00:00
[2024-12-03T16:50:03.772+0000] {logging_mixin.py:120} INFO - [2024-12-03T16:50:03.772+0000] {dag.py:3340} INFO - Setting next_dagrun for example_branch_datetime_operator_3 to 2024-12-02T00:00:00+00:00, run_after=2024-12-03T00:00:00+00:00
[2024-12-03T16:50:03.814+0000] {processor.py:176} INFO - Processing /home/airflow/.local/lib/python3.7/site-packages/airflow/example_dags/example_branch_datetime_operator.py took 0.207 seconds
[2024-12-03T16:50:34.360+0000] {processor.py:154} INFO - Started process (PID=6855) to work on /home/airflow/.local/lib/python3.7/site-packages/airflow/example_dags/example_branch_datetime_operator.py
[2024-12-03T16:50:34.361+0000] {processor.py:756} INFO - Processing file /home/airflow/.local/lib/python3.7/site-packages/airflow/example_dags/example_branch_datetime_operator.py for tasks to queue
[2024-12-03T16:50:34.363+0000] {logging_mixin.py:120} INFO - [2024-12-03T16:50:34.362+0000] {dagbag.py:537} INFO - Filling up the DagBag from /home/airflow/.local/lib/python3.7/site-packages/airflow/example_dags/example_branch_datetime_operator.py
[2024-12-03T16:50:34.382+0000] {processor.py:766} INFO - DAG(s) dict_keys(['example_branch_datetime_operator_3', 'example_branch_datetime_operator_2', 'example_branch_datetime_operator']) retrieved from /home/airflow/.local/lib/python3.7/site-packages/airflow/example_dags/example_branch_datetime_operator.py
[2024-12-03T16:50:34.459+0000] {logging_mixin.py:120} INFO - [2024-12-03T16:50:34.459+0000] {dag.py:2585} INFO - Sync 3 DAGs
[2024-12-03T16:50:34.493+0000] {logging_mixin.py:120} INFO - [2024-12-03T16:50:34.492+0000] {dag.py:3340} INFO - Setting next_dagrun for example_branch_datetime_operator to 2024-12-02T00:00:00+00:00, run_after=2024-12-03T00:00:00+00:00
[2024-12-03T16:50:34.500+0000] {logging_mixin.py:120} INFO - [2024-12-03T16:50:34.499+0000] {dag.py:3340} INFO - Setting next_dagrun for example_branch_datetime_operator_2 to 2024-12-02T00:00:00+00:00, run_after=2024-12-03T00:00:00+00:00
[2024-12-03T16:50:34.507+0000] {logging_mixin.py:120} INFO - [2024-12-03T16:50:34.507+0000] {dag.py:3340} INFO - Setting next_dagrun for example_branch_datetime_operator_3 to 2024-12-02T00:00:00+00:00, run_after=2024-12-03T00:00:00+00:00
[2024-12-03T16:50:34.535+0000] {processor.py:176} INFO - Processing /home/airflow/.local/lib/python3.7/site-packages/airflow/example_dags/example_branch_datetime_operator.py took 0.179 seconds
[2024-12-03T16:51:05.379+0000] {processor.py:154} INFO - Started process (PID=6910) to work on /home/airflow/.local/lib/python3.7/site-packages/airflow/example_dags/example_branch_datetime_operator.py
[2024-12-03T16:51:05.382+0000] {processor.py:756} INFO - Processing file /home/airflow/.local/lib/python3.7/site-packages/airflow/example_dags/example_branch_datetime_operator.py for tasks to queue
[2024-12-03T16:51:05.386+0000] {logging_mixin.py:120} INFO - [2024-12-03T16:51:05.385+0000] {dagbag.py:537} INFO - Filling up the DagBag from /home/airflow/.local/lib/python3.7/site-packages/airflow/example_dags/example_branch_datetime_operator.py
[2024-12-03T16:51:05.422+0000] {processor.py:766} INFO - DAG(s) dict_keys(['example_branch_datetime_operator_2', 'example_branch_datetime_operator', 'example_branch_datetime_operator_3']) retrieved from /home/airflow/.local/lib/python3.7/site-packages/airflow/example_dags/example_branch_datetime_operator.py
[2024-12-03T16:51:05.509+0000] {logging_mixin.py:120} INFO - [2024-12-03T16:51:05.509+0000] {dag.py:2585} INFO - Sync 3 DAGs
[2024-12-03T16:51:05.563+0000] {logging_mixin.py:120} INFO - [2024-12-03T16:51:05.562+0000] {dag.py:3340} INFO - Setting next_dagrun for example_branch_datetime_operator to 2024-12-02T00:00:00+00:00, run_after=2024-12-03T00:00:00+00:00
[2024-12-03T16:51:05.579+0000] {logging_mixin.py:120} INFO - [2024-12-03T16:51:05.579+0000] {dag.py:3340} INFO - Setting next_dagrun for example_branch_datetime_operator_2 to 2024-12-02T00:00:00+00:00, run_after=2024-12-03T00:00:00+00:00
[2024-12-03T16:51:05.586+0000] {logging_mixin.py:120} INFO - [2024-12-03T16:51:05.586+0000] {dag.py:3340} INFO - Setting next_dagrun for example_branch_datetime_operator_3 to 2024-12-02T00:00:00+00:00, run_after=2024-12-03T00:00:00+00:00
[2024-12-03T16:51:05.632+0000] {processor.py:176} INFO - Processing /home/airflow/.local/lib/python3.7/site-packages/airflow/example_dags/example_branch_datetime_operator.py took 0.263 seconds
[2024-12-03T16:51:35.820+0000] {processor.py:154} INFO - Started process (PID=6969) to work on /home/airflow/.local/lib/python3.7/site-packages/airflow/example_dags/example_branch_datetime_operator.py
[2024-12-03T16:51:35.822+0000] {processor.py:756} INFO - Processing file /home/airflow/.local/lib/python3.7/site-packages/airflow/example_dags/example_branch_datetime_operator.py for tasks to queue
[2024-12-03T16:51:35.824+0000] {logging_mixin.py:120} INFO - [2024-12-03T16:51:35.823+0000] {dagbag.py:537} INFO - Filling up the DagBag from /home/airflow/.local/lib/python3.7/site-packages/airflow/example_dags/example_branch_datetime_operator.py
[2024-12-03T16:51:35.860+0000] {processor.py:766} INFO - DAG(s) dict_keys(['example_branch_datetime_operator', 'example_branch_datetime_operator_3', 'example_branch_datetime_operator_2']) retrieved from /home/airflow/.local/lib/python3.7/site-packages/airflow/example_dags/example_branch_datetime_operator.py
[2024-12-03T16:51:35.948+0000] {logging_mixin.py:120} INFO - [2024-12-03T16:51:35.948+0000] {dag.py:2585} INFO - Sync 3 DAGs
[2024-12-03T16:51:35.996+0000] {logging_mixin.py:120} INFO - [2024-12-03T16:51:35.996+0000] {dag.py:3340} INFO - Setting next_dagrun for example_branch_datetime_operator to 2024-12-02T00:00:00+00:00, run_after=2024-12-03T00:00:00+00:00
[2024-12-03T16:51:36.007+0000] {logging_mixin.py:120} INFO - [2024-12-03T16:51:36.006+0000] {dag.py:3340} INFO - Setting next_dagrun for example_branch_datetime_operator_2 to 2024-12-02T00:00:00+00:00, run_after=2024-12-03T00:00:00+00:00
[2024-12-03T16:51:36.016+0000] {logging_mixin.py:120} INFO - [2024-12-03T16:51:36.016+0000] {dag.py:3340} INFO - Setting next_dagrun for example_branch_datetime_operator_3 to 2024-12-02T00:00:00+00:00, run_after=2024-12-03T00:00:00+00:00
[2024-12-03T16:51:36.058+0000] {processor.py:176} INFO - Processing /home/airflow/.local/lib/python3.7/site-packages/airflow/example_dags/example_branch_datetime_operator.py took 0.242 seconds
[2024-12-03T16:52:06.386+0000] {processor.py:154} INFO - Started process (PID=7039) to work on /home/airflow/.local/lib/python3.7/site-packages/airflow/example_dags/example_branch_datetime_operator.py
[2024-12-03T16:52:06.398+0000] {processor.py:756} INFO - Processing file /home/airflow/.local/lib/python3.7/site-packages/airflow/example_dags/example_branch_datetime_operator.py for tasks to queue
[2024-12-03T16:52:06.400+0000] {logging_mixin.py:120} INFO - [2024-12-03T16:52:06.400+0000] {dagbag.py:537} INFO - Filling up the DagBag from /home/airflow/.local/lib/python3.7/site-packages/airflow/example_dags/example_branch_datetime_operator.py
[2024-12-03T16:52:06.460+0000] {processor.py:766} INFO - DAG(s) dict_keys(['example_branch_datetime_operator', 'example_branch_datetime_operator_3', 'example_branch_datetime_operator_2']) retrieved from /home/airflow/.local/lib/python3.7/site-packages/airflow/example_dags/example_branch_datetime_operator.py
[2024-12-03T16:52:06.729+0000] {logging_mixin.py:120} INFO - [2024-12-03T16:52:06.728+0000] {dag.py:2585} INFO - Sync 3 DAGs
[2024-12-03T16:52:06.911+0000] {logging_mixin.py:120} INFO - [2024-12-03T16:52:06.911+0000] {dag.py:3340} INFO - Setting next_dagrun for example_branch_datetime_operator to 2024-12-02T00:00:00+00:00, run_after=2024-12-03T00:00:00+00:00
[2024-12-03T16:52:06.929+0000] {logging_mixin.py:120} INFO - [2024-12-03T16:52:06.929+0000] {dag.py:3340} INFO - Setting next_dagrun for example_branch_datetime_operator_2 to 2024-12-02T00:00:00+00:00, run_after=2024-12-03T00:00:00+00:00
[2024-12-03T16:52:06.937+0000] {logging_mixin.py:120} INFO - [2024-12-03T16:52:06.936+0000] {dag.py:3340} INFO - Setting next_dagrun for example_branch_datetime_operator_3 to 2024-12-02T00:00:00+00:00, run_after=2024-12-03T00:00:00+00:00
[2024-12-03T16:52:07.022+0000] {processor.py:176} INFO - Processing /home/airflow/.local/lib/python3.7/site-packages/airflow/example_dags/example_branch_datetime_operator.py took 0.641 seconds
[2024-12-03T16:52:37.542+0000] {processor.py:154} INFO - Started process (PID=7096) to work on /home/airflow/.local/lib/python3.7/site-packages/airflow/example_dags/example_branch_datetime_operator.py
[2024-12-03T16:52:37.545+0000] {processor.py:756} INFO - Processing file /home/airflow/.local/lib/python3.7/site-packages/airflow/example_dags/example_branch_datetime_operator.py for tasks to queue
[2024-12-03T16:52:37.546+0000] {logging_mixin.py:120} INFO - [2024-12-03T16:52:37.546+0000] {dagbag.py:537} INFO - Filling up the DagBag from /home/airflow/.local/lib/python3.7/site-packages/airflow/example_dags/example_branch_datetime_operator.py
[2024-12-03T16:52:37.586+0000] {processor.py:766} INFO - DAG(s) dict_keys(['example_branch_datetime_operator_2', 'example_branch_datetime_operator', 'example_branch_datetime_operator_3']) retrieved from /home/airflow/.local/lib/python3.7/site-packages/airflow/example_dags/example_branch_datetime_operator.py
[2024-12-03T16:52:37.678+0000] {logging_mixin.py:120} INFO - [2024-12-03T16:52:37.678+0000] {dag.py:2585} INFO - Sync 3 DAGs
[2024-12-03T16:52:37.728+0000] {logging_mixin.py:120} INFO - [2024-12-03T16:52:37.728+0000] {dag.py:3340} INFO - Setting next_dagrun for example_branch_datetime_operator to 2024-12-02T00:00:00+00:00, run_after=2024-12-03T00:00:00+00:00
[2024-12-03T16:52:37.738+0000] {logging_mixin.py:120} INFO - [2024-12-03T16:52:37.738+0000] {dag.py:3340} INFO - Setting next_dagrun for example_branch_datetime_operator_2 to 2024-12-02T00:00:00+00:00, run_after=2024-12-03T00:00:00+00:00
[2024-12-03T16:52:37.743+0000] {logging_mixin.py:120} INFO - [2024-12-03T16:52:37.743+0000] {dag.py:3340} INFO - Setting next_dagrun for example_branch_datetime_operator_3 to 2024-12-02T00:00:00+00:00, run_after=2024-12-03T00:00:00+00:00
[2024-12-03T16:52:37.785+0000] {processor.py:176} INFO - Processing /home/airflow/.local/lib/python3.7/site-packages/airflow/example_dags/example_branch_datetime_operator.py took 0.249 seconds
[2024-12-03T16:53:08.043+0000] {processor.py:154} INFO - Started process (PID=7152) to work on /home/airflow/.local/lib/python3.7/site-packages/airflow/example_dags/example_branch_datetime_operator.py
[2024-12-03T16:53:08.046+0000] {processor.py:756} INFO - Processing file /home/airflow/.local/lib/python3.7/site-packages/airflow/example_dags/example_branch_datetime_operator.py for tasks to queue
[2024-12-03T16:53:08.048+0000] {logging_mixin.py:120} INFO - [2024-12-03T16:53:08.047+0000] {dagbag.py:537} INFO - Filling up the DagBag from /home/airflow/.local/lib/python3.7/site-packages/airflow/example_dags/example_branch_datetime_operator.py
[2024-12-03T16:53:08.070+0000] {processor.py:766} INFO - DAG(s) dict_keys(['example_branch_datetime_operator_2', 'example_branch_datetime_operator', 'example_branch_datetime_operator_3']) retrieved from /home/airflow/.local/lib/python3.7/site-packages/airflow/example_dags/example_branch_datetime_operator.py
[2024-12-03T16:53:08.139+0000] {logging_mixin.py:120} INFO - [2024-12-03T16:53:08.139+0000] {dag.py:2585} INFO - Sync 3 DAGs
[2024-12-03T16:53:08.179+0000] {logging_mixin.py:120} INFO - [2024-12-03T16:53:08.179+0000] {dag.py:3340} INFO - Setting next_dagrun for example_branch_datetime_operator to 2024-12-02T00:00:00+00:00, run_after=2024-12-03T00:00:00+00:00
[2024-12-03T16:53:08.187+0000] {logging_mixin.py:120} INFO - [2024-12-03T16:53:08.186+0000] {dag.py:3340} INFO - Setting next_dagrun for example_branch_datetime_operator_2 to 2024-12-02T00:00:00+00:00, run_after=2024-12-03T00:00:00+00:00
[2024-12-03T16:53:08.191+0000] {logging_mixin.py:120} INFO - [2024-12-03T16:53:08.191+0000] {dag.py:3340} INFO - Setting next_dagrun for example_branch_datetime_operator_3 to 2024-12-02T00:00:00+00:00, run_after=2024-12-03T00:00:00+00:00
[2024-12-03T16:53:08.225+0000] {processor.py:176} INFO - Processing /home/airflow/.local/lib/python3.7/site-packages/airflow/example_dags/example_branch_datetime_operator.py took 0.186 seconds
[2024-12-03T16:53:38.394+0000] {processor.py:154} INFO - Started process (PID=7217) to work on /home/airflow/.local/lib/python3.7/site-packages/airflow/example_dags/example_branch_datetime_operator.py
[2024-12-03T16:53:38.395+0000] {processor.py:756} INFO - Processing file /home/airflow/.local/lib/python3.7/site-packages/airflow/example_dags/example_branch_datetime_operator.py for tasks to queue
[2024-12-03T16:53:38.397+0000] {logging_mixin.py:120} INFO - [2024-12-03T16:53:38.396+0000] {dagbag.py:537} INFO - Filling up the DagBag from /home/airflow/.local/lib/python3.7/site-packages/airflow/example_dags/example_branch_datetime_operator.py
[2024-12-03T16:53:38.414+0000] {processor.py:766} INFO - DAG(s) dict_keys(['example_branch_datetime_operator_3', 'example_branch_datetime_operator_2', 'example_branch_datetime_operator']) retrieved from /home/airflow/.local/lib/python3.7/site-packages/airflow/example_dags/example_branch_datetime_operator.py
[2024-12-03T16:53:38.485+0000] {logging_mixin.py:120} INFO - [2024-12-03T16:53:38.485+0000] {dag.py:2585} INFO - Sync 3 DAGs
[2024-12-03T16:53:38.524+0000] {logging_mixin.py:120} INFO - [2024-12-03T16:53:38.524+0000] {dag.py:3340} INFO - Setting next_dagrun for example_branch_datetime_operator to 2024-12-02T00:00:00+00:00, run_after=2024-12-03T00:00:00+00:00
[2024-12-03T16:53:38.531+0000] {logging_mixin.py:120} INFO - [2024-12-03T16:53:38.531+0000] {dag.py:3340} INFO - Setting next_dagrun for example_branch_datetime_operator_2 to 2024-12-02T00:00:00+00:00, run_after=2024-12-03T00:00:00+00:00
[2024-12-03T16:53:38.535+0000] {logging_mixin.py:120} INFO - [2024-12-03T16:53:38.535+0000] {dag.py:3340} INFO - Setting next_dagrun for example_branch_datetime_operator_3 to 2024-12-02T00:00:00+00:00, run_after=2024-12-03T00:00:00+00:00
[2024-12-03T16:53:38.569+0000] {processor.py:176} INFO - Processing /home/airflow/.local/lib/python3.7/site-packages/airflow/example_dags/example_branch_datetime_operator.py took 0.179 seconds
[2024-12-03T16:54:08.999+0000] {processor.py:154} INFO - Started process (PID=7271) to work on /home/airflow/.local/lib/python3.7/site-packages/airflow/example_dags/example_branch_datetime_operator.py
[2024-12-03T16:54:09.000+0000] {processor.py:756} INFO - Processing file /home/airflow/.local/lib/python3.7/site-packages/airflow/example_dags/example_branch_datetime_operator.py for tasks to queue
[2024-12-03T16:54:09.002+0000] {logging_mixin.py:120} INFO - [2024-12-03T16:54:09.002+0000] {dagbag.py:537} INFO - Filling up the DagBag from /home/airflow/.local/lib/python3.7/site-packages/airflow/example_dags/example_branch_datetime_operator.py
[2024-12-03T16:54:09.028+0000] {processor.py:766} INFO - DAG(s) dict_keys(['example_branch_datetime_operator_2', 'example_branch_datetime_operator', 'example_branch_datetime_operator_3']) retrieved from /home/airflow/.local/lib/python3.7/site-packages/airflow/example_dags/example_branch_datetime_operator.py
[2024-12-03T16:54:09.096+0000] {logging_mixin.py:120} INFO - [2024-12-03T16:54:09.096+0000] {dag.py:2585} INFO - Sync 3 DAGs
[2024-12-03T16:54:09.131+0000] {logging_mixin.py:120} INFO - [2024-12-03T16:54:09.130+0000] {dag.py:3340} INFO - Setting next_dagrun for example_branch_datetime_operator to 2024-12-02T00:00:00+00:00, run_after=2024-12-03T00:00:00+00:00
[2024-12-03T16:54:09.140+0000] {logging_mixin.py:120} INFO - [2024-12-03T16:54:09.140+0000] {dag.py:3340} INFO - Setting next_dagrun for example_branch_datetime_operator_2 to 2024-12-02T00:00:00+00:00, run_after=2024-12-03T00:00:00+00:00
[2024-12-03T16:54:09.144+0000] {logging_mixin.py:120} INFO - [2024-12-03T16:54:09.144+0000] {dag.py:3340} INFO - Setting next_dagrun for example_branch_datetime_operator_3 to 2024-12-02T00:00:00+00:00, run_after=2024-12-03T00:00:00+00:00
[2024-12-03T16:54:09.172+0000] {processor.py:176} INFO - Processing /home/airflow/.local/lib/python3.7/site-packages/airflow/example_dags/example_branch_datetime_operator.py took 0.180 seconds
[2024-12-03T16:54:39.446+0000] {processor.py:154} INFO - Started process (PID=7335) to work on /home/airflow/.local/lib/python3.7/site-packages/airflow/example_dags/example_branch_datetime_operator.py
[2024-12-03T16:54:39.448+0000] {processor.py:756} INFO - Processing file /home/airflow/.local/lib/python3.7/site-packages/airflow/example_dags/example_branch_datetime_operator.py for tasks to queue
[2024-12-03T16:54:39.449+0000] {logging_mixin.py:120} INFO - [2024-12-03T16:54:39.449+0000] {dagbag.py:537} INFO - Filling up the DagBag from /home/airflow/.local/lib/python3.7/site-packages/airflow/example_dags/example_branch_datetime_operator.py
[2024-12-03T16:54:39.474+0000] {processor.py:766} INFO - DAG(s) dict_keys(['example_branch_datetime_operator_3', 'example_branch_datetime_operator_2', 'example_branch_datetime_operator']) retrieved from /home/airflow/.local/lib/python3.7/site-packages/airflow/example_dags/example_branch_datetime_operator.py
[2024-12-03T16:54:39.540+0000] {logging_mixin.py:120} INFO - [2024-12-03T16:54:39.539+0000] {dag.py:2585} INFO - Sync 3 DAGs
[2024-12-03T16:54:39.582+0000] {logging_mixin.py:120} INFO - [2024-12-03T16:54:39.582+0000] {dag.py:3340} INFO - Setting next_dagrun for example_branch_datetime_operator to 2024-12-02T00:00:00+00:00, run_after=2024-12-03T00:00:00+00:00
[2024-12-03T16:54:39.588+0000] {logging_mixin.py:120} INFO - [2024-12-03T16:54:39.588+0000] {dag.py:3340} INFO - Setting next_dagrun for example_branch_datetime_operator_2 to 2024-12-02T00:00:00+00:00, run_after=2024-12-03T00:00:00+00:00
[2024-12-03T16:54:39.592+0000] {logging_mixin.py:120} INFO - [2024-12-03T16:54:39.592+0000] {dag.py:3340} INFO - Setting next_dagrun for example_branch_datetime_operator_3 to 2024-12-02T00:00:00+00:00, run_after=2024-12-03T00:00:00+00:00
[2024-12-03T16:54:39.640+0000] {processor.py:176} INFO - Processing /home/airflow/.local/lib/python3.7/site-packages/airflow/example_dags/example_branch_datetime_operator.py took 0.196 seconds
[2024-12-03T16:55:09.959+0000] {processor.py:154} INFO - Started process (PID=7391) to work on /home/airflow/.local/lib/python3.7/site-packages/airflow/example_dags/example_branch_datetime_operator.py
[2024-12-03T16:55:09.961+0000] {processor.py:756} INFO - Processing file /home/airflow/.local/lib/python3.7/site-packages/airflow/example_dags/example_branch_datetime_operator.py for tasks to queue
[2024-12-03T16:55:09.963+0000] {logging_mixin.py:120} INFO - [2024-12-03T16:55:09.963+0000] {dagbag.py:537} INFO - Filling up the DagBag from /home/airflow/.local/lib/python3.7/site-packages/airflow/example_dags/example_branch_datetime_operator.py
[2024-12-03T16:55:10.017+0000] {processor.py:766} INFO - DAG(s) dict_keys(['example_branch_datetime_operator', 'example_branch_datetime_operator_2', 'example_branch_datetime_operator_3']) retrieved from /home/airflow/.local/lib/python3.7/site-packages/airflow/example_dags/example_branch_datetime_operator.py
[2024-12-03T16:55:10.144+0000] {logging_mixin.py:120} INFO - [2024-12-03T16:55:10.144+0000] {dag.py:2585} INFO - Sync 3 DAGs
[2024-12-03T16:55:10.206+0000] {logging_mixin.py:120} INFO - [2024-12-03T16:55:10.206+0000] {dag.py:3340} INFO - Setting next_dagrun for example_branch_datetime_operator to 2024-12-02T00:00:00+00:00, run_after=2024-12-03T00:00:00+00:00
[2024-12-03T16:55:10.214+0000] {logging_mixin.py:120} INFO - [2024-12-03T16:55:10.214+0000] {dag.py:3340} INFO - Setting next_dagrun for example_branch_datetime_operator_2 to 2024-12-02T00:00:00+00:00, run_after=2024-12-03T00:00:00+00:00
[2024-12-03T16:55:10.219+0000] {logging_mixin.py:120} INFO - [2024-12-03T16:55:10.219+0000] {dag.py:3340} INFO - Setting next_dagrun for example_branch_datetime_operator_3 to 2024-12-02T00:00:00+00:00, run_after=2024-12-03T00:00:00+00:00
[2024-12-03T16:55:10.274+0000] {processor.py:176} INFO - Processing /home/airflow/.local/lib/python3.7/site-packages/airflow/example_dags/example_branch_datetime_operator.py took 0.321 seconds
[2024-12-03T16:55:41.011+0000] {processor.py:154} INFO - Started process (PID=7457) to work on /home/airflow/.local/lib/python3.7/site-packages/airflow/example_dags/example_branch_datetime_operator.py
[2024-12-03T16:55:41.013+0000] {processor.py:756} INFO - Processing file /home/airflow/.local/lib/python3.7/site-packages/airflow/example_dags/example_branch_datetime_operator.py for tasks to queue
[2024-12-03T16:55:41.014+0000] {logging_mixin.py:120} INFO - [2024-12-03T16:55:41.014+0000] {dagbag.py:537} INFO - Filling up the DagBag from /home/airflow/.local/lib/python3.7/site-packages/airflow/example_dags/example_branch_datetime_operator.py
[2024-12-03T16:55:41.037+0000] {processor.py:766} INFO - DAG(s) dict_keys(['example_branch_datetime_operator_3', 'example_branch_datetime_operator_2', 'example_branch_datetime_operator']) retrieved from /home/airflow/.local/lib/python3.7/site-packages/airflow/example_dags/example_branch_datetime_operator.py
[2024-12-03T16:55:41.095+0000] {logging_mixin.py:120} INFO - [2024-12-03T16:55:41.095+0000] {dag.py:2585} INFO - Sync 3 DAGs
[2024-12-03T16:55:41.129+0000] {logging_mixin.py:120} INFO - [2024-12-03T16:55:41.128+0000] {dag.py:3340} INFO - Setting next_dagrun for example_branch_datetime_operator to 2024-12-02T00:00:00+00:00, run_after=2024-12-03T00:00:00+00:00
[2024-12-03T16:55:41.137+0000] {logging_mixin.py:120} INFO - [2024-12-03T16:55:41.137+0000] {dag.py:3340} INFO - Setting next_dagrun for example_branch_datetime_operator_2 to 2024-12-02T00:00:00+00:00, run_after=2024-12-03T00:00:00+00:00
[2024-12-03T16:55:41.141+0000] {logging_mixin.py:120} INFO - [2024-12-03T16:55:41.141+0000] {dag.py:3340} INFO - Setting next_dagrun for example_branch_datetime_operator_3 to 2024-12-02T00:00:00+00:00, run_after=2024-12-03T00:00:00+00:00
[2024-12-03T16:55:41.169+0000] {processor.py:176} INFO - Processing /home/airflow/.local/lib/python3.7/site-packages/airflow/example_dags/example_branch_datetime_operator.py took 0.161 seconds
[2024-12-03T16:56:11.652+0000] {processor.py:154} INFO - Started process (PID=7531) to work on /home/airflow/.local/lib/python3.7/site-packages/airflow/example_dags/example_branch_datetime_operator.py
[2024-12-03T16:56:11.653+0000] {processor.py:756} INFO - Processing file /home/airflow/.local/lib/python3.7/site-packages/airflow/example_dags/example_branch_datetime_operator.py for tasks to queue
[2024-12-03T16:56:11.655+0000] {logging_mixin.py:120} INFO - [2024-12-03T16:56:11.654+0000] {dagbag.py:537} INFO - Filling up the DagBag from /home/airflow/.local/lib/python3.7/site-packages/airflow/example_dags/example_branch_datetime_operator.py
[2024-12-03T16:56:11.689+0000] {processor.py:766} INFO - DAG(s) dict_keys(['example_branch_datetime_operator_3', 'example_branch_datetime_operator_2', 'example_branch_datetime_operator']) retrieved from /home/airflow/.local/lib/python3.7/site-packages/airflow/example_dags/example_branch_datetime_operator.py
[2024-12-03T16:56:11.747+0000] {logging_mixin.py:120} INFO - [2024-12-03T16:56:11.747+0000] {dag.py:2585} INFO - Sync 3 DAGs
[2024-12-03T16:56:11.780+0000] {logging_mixin.py:120} INFO - [2024-12-03T16:56:11.780+0000] {dag.py:3340} INFO - Setting next_dagrun for example_branch_datetime_operator to 2024-12-02T00:00:00+00:00, run_after=2024-12-03T00:00:00+00:00
[2024-12-03T16:56:11.787+0000] {logging_mixin.py:120} INFO - [2024-12-03T16:56:11.787+0000] {dag.py:3340} INFO - Setting next_dagrun for example_branch_datetime_operator_2 to 2024-12-02T00:00:00+00:00, run_after=2024-12-03T00:00:00+00:00
[2024-12-03T16:56:11.795+0000] {logging_mixin.py:120} INFO - [2024-12-03T16:56:11.794+0000] {dag.py:3340} INFO - Setting next_dagrun for example_branch_datetime_operator_3 to 2024-12-02T00:00:00+00:00, run_after=2024-12-03T00:00:00+00:00
[2024-12-03T16:56:11.824+0000] {processor.py:176} INFO - Processing /home/airflow/.local/lib/python3.7/site-packages/airflow/example_dags/example_branch_datetime_operator.py took 0.176 seconds
