[2024-12-03T15:07:44.190+0000] {processor.py:154} INFO - Started process (PID=75) to work on /home/airflow/.local/lib/python3.7/site-packages/airflow/example_dags/example_branch_labels.py
[2024-12-03T15:07:44.192+0000] {processor.py:756} INFO - Processing file /home/airflow/.local/lib/python3.7/site-packages/airflow/example_dags/example_branch_labels.py for tasks to queue
[2024-12-03T15:07:44.194+0000] {logging_mixin.py:120} INFO - [2024-12-03T15:07:44.193+0000] {dagbag.py:537} INFO - Filling up the DagBag from /home/airflow/.local/lib/python3.7/site-packages/airflow/example_dags/example_branch_labels.py
[2024-12-03T15:07:44.369+0000] {processor.py:766} INFO - DAG(s) dict_keys(['example_branch_labels']) retrieved from /home/airflow/.local/lib/python3.7/site-packages/airflow/example_dags/example_branch_labels.py
[2024-12-03T15:07:45.904+0000] {logging_mixin.py:120} INFO - [2024-12-03T15:07:45.904+0000] {manager.py:507} INFO - Created Permission View: can read on DAG:example_branch_labels
[2024-12-03T15:07:45.947+0000] {logging_mixin.py:120} INFO - [2024-12-03T15:07:45.947+0000] {manager.py:507} INFO - Created Permission View: can delete on DAG:example_branch_labels
[2024-12-03T15:07:45.976+0000] {logging_mixin.py:120} INFO - [2024-12-03T15:07:45.975+0000] {manager.py:507} INFO - Created Permission View: can edit on DAG:example_branch_labels
[2024-12-03T15:07:45.978+0000] {logging_mixin.py:120} INFO - [2024-12-03T15:07:45.978+0000] {dag.py:2585} INFO - Sync 1 DAGs
[2024-12-03T15:07:46.071+0000] {logging_mixin.py:120} INFO - [2024-12-03T15:07:46.071+0000] {dag.py:2606} INFO - Creating ORM DAG for example_branch_labels
[2024-12-03T15:07:46.442+0000] {logging_mixin.py:120} INFO - [2024-12-03T15:07:46.417+0000] {dag.py:3340} INFO - Setting next_dagrun for example_branch_labels to 2024-12-02T00:00:00+00:00, run_after=2024-12-03T00:00:00+00:00
[2024-12-03T15:07:46.810+0000] {processor.py:176} INFO - Processing /home/airflow/.local/lib/python3.7/site-packages/airflow/example_dags/example_branch_labels.py took 2.650 seconds
[2024-12-03T15:08:17.597+0000] {processor.py:154} INFO - Started process (PID=139) to work on /home/airflow/.local/lib/python3.7/site-packages/airflow/example_dags/example_branch_labels.py
[2024-12-03T15:08:17.602+0000] {processor.py:756} INFO - Processing file /home/airflow/.local/lib/python3.7/site-packages/airflow/example_dags/example_branch_labels.py for tasks to queue
[2024-12-03T15:08:17.608+0000] {logging_mixin.py:120} INFO - [2024-12-03T15:08:17.607+0000] {dagbag.py:537} INFO - Filling up the DagBag from /home/airflow/.local/lib/python3.7/site-packages/airflow/example_dags/example_branch_labels.py
[2024-12-03T15:08:17.681+0000] {processor.py:766} INFO - DAG(s) dict_keys(['example_branch_labels']) retrieved from /home/airflow/.local/lib/python3.7/site-packages/airflow/example_dags/example_branch_labels.py
[2024-12-03T15:08:17.821+0000] {logging_mixin.py:120} INFO - [2024-12-03T15:08:17.821+0000] {dag.py:2585} INFO - Sync 1 DAGs
[2024-12-03T15:08:17.903+0000] {logging_mixin.py:120} INFO - [2024-12-03T15:08:17.902+0000] {dag.py:3340} INFO - Setting next_dagrun for example_branch_labels to 2024-12-02T00:00:00+00:00, run_after=2024-12-03T00:00:00+00:00
[2024-12-03T15:08:17.993+0000] {processor.py:176} INFO - Processing /home/airflow/.local/lib/python3.7/site-packages/airflow/example_dags/example_branch_labels.py took 0.424 seconds
[2024-12-03T15:08:48.127+0000] {processor.py:154} INFO - Started process (PID=195) to work on /home/airflow/.local/lib/python3.7/site-packages/airflow/example_dags/example_branch_labels.py
[2024-12-03T15:08:48.129+0000] {processor.py:756} INFO - Processing file /home/airflow/.local/lib/python3.7/site-packages/airflow/example_dags/example_branch_labels.py for tasks to queue
[2024-12-03T15:08:48.131+0000] {logging_mixin.py:120} INFO - [2024-12-03T15:08:48.131+0000] {dagbag.py:537} INFO - Filling up the DagBag from /home/airflow/.local/lib/python3.7/site-packages/airflow/example_dags/example_branch_labels.py
[2024-12-03T15:08:48.160+0000] {processor.py:766} INFO - DAG(s) dict_keys(['example_branch_labels']) retrieved from /home/airflow/.local/lib/python3.7/site-packages/airflow/example_dags/example_branch_labels.py
[2024-12-03T15:08:48.257+0000] {logging_mixin.py:120} INFO - [2024-12-03T15:08:48.257+0000] {dag.py:2585} INFO - Sync 1 DAGs
[2024-12-03T15:08:48.312+0000] {logging_mixin.py:120} INFO - [2024-12-03T15:08:48.312+0000] {dag.py:3340} INFO - Setting next_dagrun for example_branch_labels to 2024-12-02T00:00:00+00:00, run_after=2024-12-03T00:00:00+00:00
[2024-12-03T15:08:48.353+0000] {processor.py:176} INFO - Processing /home/airflow/.local/lib/python3.7/site-packages/airflow/example_dags/example_branch_labels.py took 0.232 seconds
[2024-12-03T15:09:19.043+0000] {processor.py:154} INFO - Started process (PID=250) to work on /home/airflow/.local/lib/python3.7/site-packages/airflow/example_dags/example_branch_labels.py
[2024-12-03T15:09:19.046+0000] {processor.py:756} INFO - Processing file /home/airflow/.local/lib/python3.7/site-packages/airflow/example_dags/example_branch_labels.py for tasks to queue
[2024-12-03T15:09:19.047+0000] {logging_mixin.py:120} INFO - [2024-12-03T15:09:19.047+0000] {dagbag.py:537} INFO - Filling up the DagBag from /home/airflow/.local/lib/python3.7/site-packages/airflow/example_dags/example_branch_labels.py
[2024-12-03T15:09:19.075+0000] {processor.py:766} INFO - DAG(s) dict_keys(['example_branch_labels']) retrieved from /home/airflow/.local/lib/python3.7/site-packages/airflow/example_dags/example_branch_labels.py
[2024-12-03T15:09:19.147+0000] {logging_mixin.py:120} INFO - [2024-12-03T15:09:19.147+0000] {dag.py:2585} INFO - Sync 1 DAGs
[2024-12-03T15:09:19.207+0000] {logging_mixin.py:120} INFO - [2024-12-03T15:09:19.207+0000] {dag.py:3340} INFO - Setting next_dagrun for example_branch_labels to 2024-12-02T00:00:00+00:00, run_after=2024-12-03T00:00:00+00:00
[2024-12-03T15:09:19.246+0000] {processor.py:176} INFO - Processing /home/airflow/.local/lib/python3.7/site-packages/airflow/example_dags/example_branch_labels.py took 0.208 seconds
[2024-12-03T15:09:49.518+0000] {processor.py:154} INFO - Started process (PID=314) to work on /home/airflow/.local/lib/python3.7/site-packages/airflow/example_dags/example_branch_labels.py
[2024-12-03T15:09:49.521+0000] {processor.py:756} INFO - Processing file /home/airflow/.local/lib/python3.7/site-packages/airflow/example_dags/example_branch_labels.py for tasks to queue
[2024-12-03T15:09:49.523+0000] {logging_mixin.py:120} INFO - [2024-12-03T15:09:49.522+0000] {dagbag.py:537} INFO - Filling up the DagBag from /home/airflow/.local/lib/python3.7/site-packages/airflow/example_dags/example_branch_labels.py
[2024-12-03T15:09:49.554+0000] {processor.py:766} INFO - DAG(s) dict_keys(['example_branch_labels']) retrieved from /home/airflow/.local/lib/python3.7/site-packages/airflow/example_dags/example_branch_labels.py
[2024-12-03T15:09:49.647+0000] {logging_mixin.py:120} INFO - [2024-12-03T15:09:49.646+0000] {dag.py:2585} INFO - Sync 1 DAGs
[2024-12-03T15:09:49.705+0000] {logging_mixin.py:120} INFO - [2024-12-03T15:09:49.705+0000] {dag.py:3340} INFO - Setting next_dagrun for example_branch_labels to 2024-12-02T00:00:00+00:00, run_after=2024-12-03T00:00:00+00:00
[2024-12-03T15:09:49.749+0000] {processor.py:176} INFO - Processing /home/airflow/.local/lib/python3.7/site-packages/airflow/example_dags/example_branch_labels.py took 0.236 seconds
[2024-12-03T15:10:19.872+0000] {processor.py:154} INFO - Started process (PID=369) to work on /home/airflow/.local/lib/python3.7/site-packages/airflow/example_dags/example_branch_labels.py
[2024-12-03T15:10:19.875+0000] {processor.py:756} INFO - Processing file /home/airflow/.local/lib/python3.7/site-packages/airflow/example_dags/example_branch_labels.py for tasks to queue
[2024-12-03T15:10:19.876+0000] {logging_mixin.py:120} INFO - [2024-12-03T15:10:19.876+0000] {dagbag.py:537} INFO - Filling up the DagBag from /home/airflow/.local/lib/python3.7/site-packages/airflow/example_dags/example_branch_labels.py
[2024-12-03T15:10:19.908+0000] {processor.py:766} INFO - DAG(s) dict_keys(['example_branch_labels']) retrieved from /home/airflow/.local/lib/python3.7/site-packages/airflow/example_dags/example_branch_labels.py
[2024-12-03T15:10:19.974+0000] {logging_mixin.py:120} INFO - [2024-12-03T15:10:19.973+0000] {dag.py:2585} INFO - Sync 1 DAGs
[2024-12-03T15:10:20.032+0000] {logging_mixin.py:120} INFO - [2024-12-03T15:10:20.031+0000] {dag.py:3340} INFO - Setting next_dagrun for example_branch_labels to 2024-12-02T00:00:00+00:00, run_after=2024-12-03T00:00:00+00:00
[2024-12-03T15:10:20.078+0000] {processor.py:176} INFO - Processing /home/airflow/.local/lib/python3.7/site-packages/airflow/example_dags/example_branch_labels.py took 0.211 seconds
[2024-12-03T15:10:50.689+0000] {processor.py:154} INFO - Started process (PID=425) to work on /home/airflow/.local/lib/python3.7/site-packages/airflow/example_dags/example_branch_labels.py
[2024-12-03T15:10:50.692+0000] {processor.py:756} INFO - Processing file /home/airflow/.local/lib/python3.7/site-packages/airflow/example_dags/example_branch_labels.py for tasks to queue
[2024-12-03T15:10:50.694+0000] {logging_mixin.py:120} INFO - [2024-12-03T15:10:50.694+0000] {dagbag.py:537} INFO - Filling up the DagBag from /home/airflow/.local/lib/python3.7/site-packages/airflow/example_dags/example_branch_labels.py
[2024-12-03T15:10:50.720+0000] {processor.py:766} INFO - DAG(s) dict_keys(['example_branch_labels']) retrieved from /home/airflow/.local/lib/python3.7/site-packages/airflow/example_dags/example_branch_labels.py
[2024-12-03T15:10:50.789+0000] {logging_mixin.py:120} INFO - [2024-12-03T15:10:50.789+0000] {dag.py:2585} INFO - Sync 1 DAGs
[2024-12-03T15:10:50.836+0000] {logging_mixin.py:120} INFO - [2024-12-03T15:10:50.835+0000] {dag.py:3340} INFO - Setting next_dagrun for example_branch_labels to 2024-12-02T00:00:00+00:00, run_after=2024-12-03T00:00:00+00:00
[2024-12-03T15:10:50.878+0000] {processor.py:176} INFO - Processing /home/airflow/.local/lib/python3.7/site-packages/airflow/example_dags/example_branch_labels.py took 0.193 seconds
[2024-12-03T15:11:21.148+0000] {processor.py:154} INFO - Started process (PID=490) to work on /home/airflow/.local/lib/python3.7/site-packages/airflow/example_dags/example_branch_labels.py
[2024-12-03T15:11:21.150+0000] {processor.py:756} INFO - Processing file /home/airflow/.local/lib/python3.7/site-packages/airflow/example_dags/example_branch_labels.py for tasks to queue
[2024-12-03T15:11:21.153+0000] {logging_mixin.py:120} INFO - [2024-12-03T15:11:21.152+0000] {dagbag.py:537} INFO - Filling up the DagBag from /home/airflow/.local/lib/python3.7/site-packages/airflow/example_dags/example_branch_labels.py
[2024-12-03T15:11:21.192+0000] {processor.py:766} INFO - DAG(s) dict_keys(['example_branch_labels']) retrieved from /home/airflow/.local/lib/python3.7/site-packages/airflow/example_dags/example_branch_labels.py
[2024-12-03T15:11:21.302+0000] {logging_mixin.py:120} INFO - [2024-12-03T15:11:21.302+0000] {dag.py:2585} INFO - Sync 1 DAGs
[2024-12-03T15:11:21.356+0000] {logging_mixin.py:120} INFO - [2024-12-03T15:11:21.355+0000] {dag.py:3340} INFO - Setting next_dagrun for example_branch_labels to 2024-12-02T00:00:00+00:00, run_after=2024-12-03T00:00:00+00:00
[2024-12-03T15:11:21.395+0000] {processor.py:176} INFO - Processing /home/airflow/.local/lib/python3.7/site-packages/airflow/example_dags/example_branch_labels.py took 0.252 seconds
[2024-12-03T15:11:51.847+0000] {processor.py:154} INFO - Started process (PID=545) to work on /home/airflow/.local/lib/python3.7/site-packages/airflow/example_dags/example_branch_labels.py
[2024-12-03T15:11:51.849+0000] {processor.py:756} INFO - Processing file /home/airflow/.local/lib/python3.7/site-packages/airflow/example_dags/example_branch_labels.py for tasks to queue
[2024-12-03T15:11:51.851+0000] {logging_mixin.py:120} INFO - [2024-12-03T15:11:51.851+0000] {dagbag.py:537} INFO - Filling up the DagBag from /home/airflow/.local/lib/python3.7/site-packages/airflow/example_dags/example_branch_labels.py
[2024-12-03T15:11:51.878+0000] {processor.py:766} INFO - DAG(s) dict_keys(['example_branch_labels']) retrieved from /home/airflow/.local/lib/python3.7/site-packages/airflow/example_dags/example_branch_labels.py
[2024-12-03T15:11:51.951+0000] {logging_mixin.py:120} INFO - [2024-12-03T15:11:51.950+0000] {dag.py:2585} INFO - Sync 1 DAGs
[2024-12-03T15:11:52.005+0000] {logging_mixin.py:120} INFO - [2024-12-03T15:11:52.004+0000] {dag.py:3340} INFO - Setting next_dagrun for example_branch_labels to 2024-12-02T00:00:00+00:00, run_after=2024-12-03T00:00:00+00:00
[2024-12-03T15:11:52.045+0000] {processor.py:176} INFO - Processing /home/airflow/.local/lib/python3.7/site-packages/airflow/example_dags/example_branch_labels.py took 0.204 seconds
[2024-12-03T15:12:22.765+0000] {processor.py:154} INFO - Started process (PID=607) to work on /home/airflow/.local/lib/python3.7/site-packages/airflow/example_dags/example_branch_labels.py
[2024-12-03T15:12:22.768+0000] {processor.py:756} INFO - Processing file /home/airflow/.local/lib/python3.7/site-packages/airflow/example_dags/example_branch_labels.py for tasks to queue
[2024-12-03T15:12:22.771+0000] {logging_mixin.py:120} INFO - [2024-12-03T15:12:22.770+0000] {dagbag.py:537} INFO - Filling up the DagBag from /home/airflow/.local/lib/python3.7/site-packages/airflow/example_dags/example_branch_labels.py
[2024-12-03T15:12:22.811+0000] {processor.py:766} INFO - DAG(s) dict_keys(['example_branch_labels']) retrieved from /home/airflow/.local/lib/python3.7/site-packages/airflow/example_dags/example_branch_labels.py
[2024-12-03T15:12:22.925+0000] {logging_mixin.py:120} INFO - [2024-12-03T15:12:22.924+0000] {dag.py:2585} INFO - Sync 1 DAGs
[2024-12-03T15:12:23.012+0000] {logging_mixin.py:120} INFO - [2024-12-03T15:12:23.012+0000] {dag.py:3340} INFO - Setting next_dagrun for example_branch_labels to 2024-12-02T00:00:00+00:00, run_after=2024-12-03T00:00:00+00:00
[2024-12-03T15:12:23.054+0000] {processor.py:176} INFO - Processing /home/airflow/.local/lib/python3.7/site-packages/airflow/example_dags/example_branch_labels.py took 0.298 seconds
[2024-12-03T15:12:53.180+0000] {processor.py:154} INFO - Started process (PID=664) to work on /home/airflow/.local/lib/python3.7/site-packages/airflow/example_dags/example_branch_labels.py
[2024-12-03T15:12:53.182+0000] {processor.py:756} INFO - Processing file /home/airflow/.local/lib/python3.7/site-packages/airflow/example_dags/example_branch_labels.py for tasks to queue
[2024-12-03T15:12:53.183+0000] {logging_mixin.py:120} INFO - [2024-12-03T15:12:53.183+0000] {dagbag.py:537} INFO - Filling up the DagBag from /home/airflow/.local/lib/python3.7/site-packages/airflow/example_dags/example_branch_labels.py
[2024-12-03T15:12:53.209+0000] {processor.py:766} INFO - DAG(s) dict_keys(['example_branch_labels']) retrieved from /home/airflow/.local/lib/python3.7/site-packages/airflow/example_dags/example_branch_labels.py
[2024-12-03T15:12:53.295+0000] {logging_mixin.py:120} INFO - [2024-12-03T15:12:53.295+0000] {dag.py:2585} INFO - Sync 1 DAGs
[2024-12-03T15:12:53.350+0000] {logging_mixin.py:120} INFO - [2024-12-03T15:12:53.350+0000] {dag.py:3340} INFO - Setting next_dagrun for example_branch_labels to 2024-12-02T00:00:00+00:00, run_after=2024-12-03T00:00:00+00:00
[2024-12-03T15:12:53.396+0000] {processor.py:176} INFO - Processing /home/airflow/.local/lib/python3.7/site-packages/airflow/example_dags/example_branch_labels.py took 0.220 seconds
[2024-12-03T15:13:24.098+0000] {processor.py:154} INFO - Started process (PID=720) to work on /home/airflow/.local/lib/python3.7/site-packages/airflow/example_dags/example_branch_labels.py
[2024-12-03T15:13:24.100+0000] {processor.py:756} INFO - Processing file /home/airflow/.local/lib/python3.7/site-packages/airflow/example_dags/example_branch_labels.py for tasks to queue
[2024-12-03T15:13:24.103+0000] {logging_mixin.py:120} INFO - [2024-12-03T15:13:24.103+0000] {dagbag.py:537} INFO - Filling up the DagBag from /home/airflow/.local/lib/python3.7/site-packages/airflow/example_dags/example_branch_labels.py
[2024-12-03T15:13:24.129+0000] {processor.py:766} INFO - DAG(s) dict_keys(['example_branch_labels']) retrieved from /home/airflow/.local/lib/python3.7/site-packages/airflow/example_dags/example_branch_labels.py
[2024-12-03T15:13:24.224+0000] {logging_mixin.py:120} INFO - [2024-12-03T15:13:24.223+0000] {dag.py:2585} INFO - Sync 1 DAGs
[2024-12-03T15:13:24.275+0000] {logging_mixin.py:120} INFO - [2024-12-03T15:13:24.275+0000] {dag.py:3340} INFO - Setting next_dagrun for example_branch_labels to 2024-12-02T00:00:00+00:00, run_after=2024-12-03T00:00:00+00:00
[2024-12-03T15:13:24.321+0000] {processor.py:176} INFO - Processing /home/airflow/.local/lib/python3.7/site-packages/airflow/example_dags/example_branch_labels.py took 0.229 seconds
[2024-12-03T15:13:54.903+0000] {processor.py:154} INFO - Started process (PID=784) to work on /home/airflow/.local/lib/python3.7/site-packages/airflow/example_dags/example_branch_labels.py
[2024-12-03T15:13:54.905+0000] {processor.py:756} INFO - Processing file /home/airflow/.local/lib/python3.7/site-packages/airflow/example_dags/example_branch_labels.py for tasks to queue
[2024-12-03T15:13:54.906+0000] {logging_mixin.py:120} INFO - [2024-12-03T15:13:54.906+0000] {dagbag.py:537} INFO - Filling up the DagBag from /home/airflow/.local/lib/python3.7/site-packages/airflow/example_dags/example_branch_labels.py
[2024-12-03T15:13:54.927+0000] {processor.py:766} INFO - DAG(s) dict_keys(['example_branch_labels']) retrieved from /home/airflow/.local/lib/python3.7/site-packages/airflow/example_dags/example_branch_labels.py
[2024-12-03T15:13:54.983+0000] {logging_mixin.py:120} INFO - [2024-12-03T15:13:54.983+0000] {dag.py:2585} INFO - Sync 1 DAGs
[2024-12-03T15:13:55.023+0000] {logging_mixin.py:120} INFO - [2024-12-03T15:13:55.022+0000] {dag.py:3340} INFO - Setting next_dagrun for example_branch_labels to 2024-12-02T00:00:00+00:00, run_after=2024-12-03T00:00:00+00:00
[2024-12-03T15:13:55.056+0000] {processor.py:176} INFO - Processing /home/airflow/.local/lib/python3.7/site-packages/airflow/example_dags/example_branch_labels.py took 0.156 seconds
[2024-12-03T15:14:25.294+0000] {processor.py:154} INFO - Started process (PID=839) to work on /home/airflow/.local/lib/python3.7/site-packages/airflow/example_dags/example_branch_labels.py
[2024-12-03T15:14:25.303+0000] {processor.py:756} INFO - Processing file /home/airflow/.local/lib/python3.7/site-packages/airflow/example_dags/example_branch_labels.py for tasks to queue
[2024-12-03T15:14:25.305+0000] {logging_mixin.py:120} INFO - [2024-12-03T15:14:25.304+0000] {dagbag.py:537} INFO - Filling up the DagBag from /home/airflow/.local/lib/python3.7/site-packages/airflow/example_dags/example_branch_labels.py
[2024-12-03T15:14:25.347+0000] {processor.py:766} INFO - DAG(s) dict_keys(['example_branch_labels']) retrieved from /home/airflow/.local/lib/python3.7/site-packages/airflow/example_dags/example_branch_labels.py
[2024-12-03T15:14:25.489+0000] {logging_mixin.py:120} INFO - [2024-12-03T15:14:25.488+0000] {dag.py:2585} INFO - Sync 1 DAGs
[2024-12-03T15:14:25.551+0000] {logging_mixin.py:120} INFO - [2024-12-03T15:14:25.550+0000] {dag.py:3340} INFO - Setting next_dagrun for example_branch_labels to 2024-12-02T00:00:00+00:00, run_after=2024-12-03T00:00:00+00:00
[2024-12-03T15:14:25.602+0000] {processor.py:176} INFO - Processing /home/airflow/.local/lib/python3.7/site-packages/airflow/example_dags/example_branch_labels.py took 0.314 seconds
[2024-12-03T15:14:55.946+0000] {processor.py:154} INFO - Started process (PID=894) to work on /home/airflow/.local/lib/python3.7/site-packages/airflow/example_dags/example_branch_labels.py
[2024-12-03T15:14:55.948+0000] {processor.py:756} INFO - Processing file /home/airflow/.local/lib/python3.7/site-packages/airflow/example_dags/example_branch_labels.py for tasks to queue
[2024-12-03T15:14:55.949+0000] {logging_mixin.py:120} INFO - [2024-12-03T15:14:55.949+0000] {dagbag.py:537} INFO - Filling up the DagBag from /home/airflow/.local/lib/python3.7/site-packages/airflow/example_dags/example_branch_labels.py
[2024-12-03T15:14:55.974+0000] {processor.py:766} INFO - DAG(s) dict_keys(['example_branch_labels']) retrieved from /home/airflow/.local/lib/python3.7/site-packages/airflow/example_dags/example_branch_labels.py
[2024-12-03T15:14:56.039+0000] {logging_mixin.py:120} INFO - [2024-12-03T15:14:56.038+0000] {dag.py:2585} INFO - Sync 1 DAGs
[2024-12-03T15:14:56.082+0000] {logging_mixin.py:120} INFO - [2024-12-03T15:14:56.082+0000] {dag.py:3340} INFO - Setting next_dagrun for example_branch_labels to 2024-12-02T00:00:00+00:00, run_after=2024-12-03T00:00:00+00:00
[2024-12-03T15:14:56.122+0000] {processor.py:176} INFO - Processing /home/airflow/.local/lib/python3.7/site-packages/airflow/example_dags/example_branch_labels.py took 0.181 seconds
[2024-12-03T15:15:26.463+0000] {processor.py:154} INFO - Started process (PID=950) to work on /home/airflow/.local/lib/python3.7/site-packages/airflow/example_dags/example_branch_labels.py
[2024-12-03T15:15:26.466+0000] {processor.py:756} INFO - Processing file /home/airflow/.local/lib/python3.7/site-packages/airflow/example_dags/example_branch_labels.py for tasks to queue
[2024-12-03T15:15:26.469+0000] {logging_mixin.py:120} INFO - [2024-12-03T15:15:26.469+0000] {dagbag.py:537} INFO - Filling up the DagBag from /home/airflow/.local/lib/python3.7/site-packages/airflow/example_dags/example_branch_labels.py
[2024-12-03T15:15:26.499+0000] {processor.py:766} INFO - DAG(s) dict_keys(['example_branch_labels']) retrieved from /home/airflow/.local/lib/python3.7/site-packages/airflow/example_dags/example_branch_labels.py
[2024-12-03T15:15:26.580+0000] {logging_mixin.py:120} INFO - [2024-12-03T15:15:26.580+0000] {dag.py:2585} INFO - Sync 1 DAGs
[2024-12-03T15:15:26.631+0000] {logging_mixin.py:120} INFO - [2024-12-03T15:15:26.630+0000] {dag.py:3340} INFO - Setting next_dagrun for example_branch_labels to 2024-12-02T00:00:00+00:00, run_after=2024-12-03T00:00:00+00:00
[2024-12-03T15:15:26.679+0000] {processor.py:176} INFO - Processing /home/airflow/.local/lib/python3.7/site-packages/airflow/example_dags/example_branch_labels.py took 0.222 seconds
[2024-12-03T15:15:57.352+0000] {processor.py:154} INFO - Started process (PID=1015) to work on /home/airflow/.local/lib/python3.7/site-packages/airflow/example_dags/example_branch_labels.py
[2024-12-03T15:15:57.354+0000] {processor.py:756} INFO - Processing file /home/airflow/.local/lib/python3.7/site-packages/airflow/example_dags/example_branch_labels.py for tasks to queue
[2024-12-03T15:15:57.357+0000] {logging_mixin.py:120} INFO - [2024-12-03T15:15:57.357+0000] {dagbag.py:537} INFO - Filling up the DagBag from /home/airflow/.local/lib/python3.7/site-packages/airflow/example_dags/example_branch_labels.py
[2024-12-03T15:15:57.388+0000] {processor.py:766} INFO - DAG(s) dict_keys(['example_branch_labels']) retrieved from /home/airflow/.local/lib/python3.7/site-packages/airflow/example_dags/example_branch_labels.py
[2024-12-03T15:15:57.470+0000] {logging_mixin.py:120} INFO - [2024-12-03T15:15:57.470+0000] {dag.py:2585} INFO - Sync 1 DAGs
[2024-12-03T15:15:57.516+0000] {logging_mixin.py:120} INFO - [2024-12-03T15:15:57.516+0000] {dag.py:3340} INFO - Setting next_dagrun for example_branch_labels to 2024-12-02T00:00:00+00:00, run_after=2024-12-03T00:00:00+00:00
[2024-12-03T15:15:57.574+0000] {processor.py:176} INFO - Processing /home/airflow/.local/lib/python3.7/site-packages/airflow/example_dags/example_branch_labels.py took 0.227 seconds
[2024-12-03T15:16:27.759+0000] {processor.py:154} INFO - Started process (PID=1071) to work on /home/airflow/.local/lib/python3.7/site-packages/airflow/example_dags/example_branch_labels.py
[2024-12-03T15:16:27.762+0000] {processor.py:756} INFO - Processing file /home/airflow/.local/lib/python3.7/site-packages/airflow/example_dags/example_branch_labels.py for tasks to queue
[2024-12-03T15:16:27.765+0000] {logging_mixin.py:120} INFO - [2024-12-03T15:16:27.764+0000] {dagbag.py:537} INFO - Filling up the DagBag from /home/airflow/.local/lib/python3.7/site-packages/airflow/example_dags/example_branch_labels.py
[2024-12-03T15:16:27.808+0000] {processor.py:766} INFO - DAG(s) dict_keys(['example_branch_labels']) retrieved from /home/airflow/.local/lib/python3.7/site-packages/airflow/example_dags/example_branch_labels.py
[2024-12-03T15:16:27.884+0000] {logging_mixin.py:120} INFO - [2024-12-03T15:16:27.883+0000] {dag.py:2585} INFO - Sync 1 DAGs
[2024-12-03T15:16:27.930+0000] {logging_mixin.py:120} INFO - [2024-12-03T15:16:27.930+0000] {dag.py:3340} INFO - Setting next_dagrun for example_branch_labels to 2024-12-02T00:00:00+00:00, run_after=2024-12-03T00:00:00+00:00
[2024-12-03T15:16:27.982+0000] {processor.py:176} INFO - Processing /home/airflow/.local/lib/python3.7/site-packages/airflow/example_dags/example_branch_labels.py took 0.229 seconds
[2024-12-03T15:16:58.166+0000] {processor.py:154} INFO - Started process (PID=1135) to work on /home/airflow/.local/lib/python3.7/site-packages/airflow/example_dags/example_branch_labels.py
[2024-12-03T15:16:58.168+0000] {processor.py:756} INFO - Processing file /home/airflow/.local/lib/python3.7/site-packages/airflow/example_dags/example_branch_labels.py for tasks to queue
[2024-12-03T15:16:58.170+0000] {logging_mixin.py:120} INFO - [2024-12-03T15:16:58.170+0000] {dagbag.py:537} INFO - Filling up the DagBag from /home/airflow/.local/lib/python3.7/site-packages/airflow/example_dags/example_branch_labels.py
[2024-12-03T15:16:58.198+0000] {processor.py:766} INFO - DAG(s) dict_keys(['example_branch_labels']) retrieved from /home/airflow/.local/lib/python3.7/site-packages/airflow/example_dags/example_branch_labels.py
[2024-12-03T15:16:58.248+0000] {logging_mixin.py:120} INFO - [2024-12-03T15:16:58.248+0000] {dag.py:2585} INFO - Sync 1 DAGs
[2024-12-03T15:16:58.298+0000] {logging_mixin.py:120} INFO - [2024-12-03T15:16:58.298+0000] {dag.py:3340} INFO - Setting next_dagrun for example_branch_labels to 2024-12-02T00:00:00+00:00, run_after=2024-12-03T00:00:00+00:00
[2024-12-03T15:16:58.338+0000] {processor.py:176} INFO - Processing /home/airflow/.local/lib/python3.7/site-packages/airflow/example_dags/example_branch_labels.py took 0.178 seconds
[2024-12-03T15:17:58.520+0000] {processor.py:154} INFO - Started process (PID=66) to work on /home/airflow/.local/lib/python3.7/site-packages/airflow/example_dags/example_branch_labels.py
[2024-12-03T15:17:58.523+0000] {processor.py:756} INFO - Processing file /home/airflow/.local/lib/python3.7/site-packages/airflow/example_dags/example_branch_labels.py for tasks to queue
[2024-12-03T15:17:58.526+0000] {logging_mixin.py:120} INFO - [2024-12-03T15:17:58.525+0000] {dagbag.py:537} INFO - Filling up the DagBag from /home/airflow/.local/lib/python3.7/site-packages/airflow/example_dags/example_branch_labels.py
[2024-12-03T15:17:58.565+0000] {processor.py:766} INFO - DAG(s) dict_keys(['example_branch_labels']) retrieved from /home/airflow/.local/lib/python3.7/site-packages/airflow/example_dags/example_branch_labels.py
[2024-12-03T15:17:58.696+0000] {logging_mixin.py:120} INFO - [2024-12-03T15:17:58.696+0000] {dag.py:2585} INFO - Sync 1 DAGs
[2024-12-03T15:17:58.783+0000] {logging_mixin.py:120} INFO - [2024-12-03T15:17:58.782+0000] {dag.py:3340} INFO - Setting next_dagrun for example_branch_labels to 2024-12-02T00:00:00+00:00, run_after=2024-12-03T00:00:00+00:00
[2024-12-03T15:17:58.849+0000] {processor.py:176} INFO - Processing /home/airflow/.local/lib/python3.7/site-packages/airflow/example_dags/example_branch_labels.py took 0.338 seconds
[2024-12-03T15:18:30.167+0000] {processor.py:154} INFO - Started process (PID=130) to work on /home/airflow/.local/lib/python3.7/site-packages/airflow/example_dags/example_branch_labels.py
[2024-12-03T15:18:30.168+0000] {processor.py:756} INFO - Processing file /home/airflow/.local/lib/python3.7/site-packages/airflow/example_dags/example_branch_labels.py for tasks to queue
[2024-12-03T15:18:30.171+0000] {logging_mixin.py:120} INFO - [2024-12-03T15:18:30.170+0000] {dagbag.py:537} INFO - Filling up the DagBag from /home/airflow/.local/lib/python3.7/site-packages/airflow/example_dags/example_branch_labels.py
[2024-12-03T15:18:30.205+0000] {processor.py:766} INFO - DAG(s) dict_keys(['example_branch_labels']) retrieved from /home/airflow/.local/lib/python3.7/site-packages/airflow/example_dags/example_branch_labels.py
[2024-12-03T15:18:30.278+0000] {logging_mixin.py:120} INFO - [2024-12-03T15:18:30.278+0000] {dag.py:2585} INFO - Sync 1 DAGs
[2024-12-03T15:18:30.332+0000] {logging_mixin.py:120} INFO - [2024-12-03T15:18:30.332+0000] {dag.py:3340} INFO - Setting next_dagrun for example_branch_labels to 2024-12-02T00:00:00+00:00, run_after=2024-12-03T00:00:00+00:00
[2024-12-03T15:18:30.377+0000] {processor.py:176} INFO - Processing /home/airflow/.local/lib/python3.7/site-packages/airflow/example_dags/example_branch_labels.py took 0.215 seconds
[2024-12-03T15:19:00.508+0000] {processor.py:154} INFO - Started process (PID=187) to work on /home/airflow/.local/lib/python3.7/site-packages/airflow/example_dags/example_branch_labels.py
[2024-12-03T15:19:00.510+0000] {processor.py:756} INFO - Processing file /home/airflow/.local/lib/python3.7/site-packages/airflow/example_dags/example_branch_labels.py for tasks to queue
[2024-12-03T15:19:00.512+0000] {logging_mixin.py:120} INFO - [2024-12-03T15:19:00.512+0000] {dagbag.py:537} INFO - Filling up the DagBag from /home/airflow/.local/lib/python3.7/site-packages/airflow/example_dags/example_branch_labels.py
[2024-12-03T15:19:00.534+0000] {processor.py:766} INFO - DAG(s) dict_keys(['example_branch_labels']) retrieved from /home/airflow/.local/lib/python3.7/site-packages/airflow/example_dags/example_branch_labels.py
[2024-12-03T15:19:00.625+0000] {logging_mixin.py:120} INFO - [2024-12-03T15:19:00.624+0000] {dag.py:2585} INFO - Sync 1 DAGs
[2024-12-03T15:19:00.671+0000] {logging_mixin.py:120} INFO - [2024-12-03T15:19:00.670+0000] {dag.py:3340} INFO - Setting next_dagrun for example_branch_labels to 2024-12-02T00:00:00+00:00, run_after=2024-12-03T00:00:00+00:00
[2024-12-03T15:19:00.724+0000] {processor.py:176} INFO - Processing /home/airflow/.local/lib/python3.7/site-packages/airflow/example_dags/example_branch_labels.py took 0.222 seconds
[2024-12-03T15:19:31.154+0000] {processor.py:154} INFO - Started process (PID=249) to work on /home/airflow/.local/lib/python3.7/site-packages/airflow/example_dags/example_branch_labels.py
[2024-12-03T15:19:31.156+0000] {processor.py:756} INFO - Processing file /home/airflow/.local/lib/python3.7/site-packages/airflow/example_dags/example_branch_labels.py for tasks to queue
[2024-12-03T15:19:31.158+0000] {logging_mixin.py:120} INFO - [2024-12-03T15:19:31.158+0000] {dagbag.py:537} INFO - Filling up the DagBag from /home/airflow/.local/lib/python3.7/site-packages/airflow/example_dags/example_branch_labels.py
[2024-12-03T15:19:31.195+0000] {processor.py:766} INFO - DAG(s) dict_keys(['example_branch_labels']) retrieved from /home/airflow/.local/lib/python3.7/site-packages/airflow/example_dags/example_branch_labels.py
[2024-12-03T15:19:31.282+0000] {logging_mixin.py:120} INFO - [2024-12-03T15:19:31.282+0000] {dag.py:2585} INFO - Sync 1 DAGs
[2024-12-03T15:19:31.333+0000] {logging_mixin.py:120} INFO - [2024-12-03T15:19:31.333+0000] {dag.py:3340} INFO - Setting next_dagrun for example_branch_labels to 2024-12-02T00:00:00+00:00, run_after=2024-12-03T00:00:00+00:00
[2024-12-03T15:19:31.383+0000] {processor.py:176} INFO - Processing /home/airflow/.local/lib/python3.7/site-packages/airflow/example_dags/example_branch_labels.py took 0.234 seconds
[2024-12-03T15:20:02.028+0000] {processor.py:154} INFO - Started process (PID=306) to work on /home/airflow/.local/lib/python3.7/site-packages/airflow/example_dags/example_branch_labels.py
[2024-12-03T15:20:02.029+0000] {processor.py:756} INFO - Processing file /home/airflow/.local/lib/python3.7/site-packages/airflow/example_dags/example_branch_labels.py for tasks to queue
[2024-12-03T15:20:02.030+0000] {logging_mixin.py:120} INFO - [2024-12-03T15:20:02.030+0000] {dagbag.py:537} INFO - Filling up the DagBag from /home/airflow/.local/lib/python3.7/site-packages/airflow/example_dags/example_branch_labels.py
[2024-12-03T15:20:02.048+0000] {processor.py:766} INFO - DAG(s) dict_keys(['example_branch_labels']) retrieved from /home/airflow/.local/lib/python3.7/site-packages/airflow/example_dags/example_branch_labels.py
[2024-12-03T15:20:02.104+0000] {logging_mixin.py:120} INFO - [2024-12-03T15:20:02.103+0000] {dag.py:2585} INFO - Sync 1 DAGs
[2024-12-03T15:20:02.147+0000] {logging_mixin.py:120} INFO - [2024-12-03T15:20:02.147+0000] {dag.py:3340} INFO - Setting next_dagrun for example_branch_labels to 2024-12-02T00:00:00+00:00, run_after=2024-12-03T00:00:00+00:00
[2024-12-03T15:20:02.188+0000] {processor.py:176} INFO - Processing /home/airflow/.local/lib/python3.7/site-packages/airflow/example_dags/example_branch_labels.py took 0.165 seconds
[2024-12-03T15:20:33.312+0000] {processor.py:154} INFO - Started process (PID=361) to work on /home/airflow/.local/lib/python3.7/site-packages/airflow/example_dags/example_branch_labels.py
[2024-12-03T15:20:33.315+0000] {processor.py:756} INFO - Processing file /home/airflow/.local/lib/python3.7/site-packages/airflow/example_dags/example_branch_labels.py for tasks to queue
[2024-12-03T15:20:33.317+0000] {logging_mixin.py:120} INFO - [2024-12-03T15:20:33.317+0000] {dagbag.py:537} INFO - Filling up the DagBag from /home/airflow/.local/lib/python3.7/site-packages/airflow/example_dags/example_branch_labels.py
[2024-12-03T15:20:33.350+0000] {processor.py:766} INFO - DAG(s) dict_keys(['example_branch_labels']) retrieved from /home/airflow/.local/lib/python3.7/site-packages/airflow/example_dags/example_branch_labels.py
[2024-12-03T15:20:33.433+0000] {logging_mixin.py:120} INFO - [2024-12-03T15:20:33.433+0000] {dag.py:2585} INFO - Sync 1 DAGs
[2024-12-03T15:20:33.482+0000] {logging_mixin.py:120} INFO - [2024-12-03T15:20:33.482+0000] {dag.py:3340} INFO - Setting next_dagrun for example_branch_labels to 2024-12-02T00:00:00+00:00, run_after=2024-12-03T00:00:00+00:00
[2024-12-03T15:20:33.523+0000] {processor.py:176} INFO - Processing /home/airflow/.local/lib/python3.7/site-packages/airflow/example_dags/example_branch_labels.py took 0.219 seconds
[2024-12-03T15:21:03.811+0000] {processor.py:154} INFO - Started process (PID=426) to work on /home/airflow/.local/lib/python3.7/site-packages/airflow/example_dags/example_branch_labels.py
[2024-12-03T15:21:03.817+0000] {processor.py:756} INFO - Processing file /home/airflow/.local/lib/python3.7/site-packages/airflow/example_dags/example_branch_labels.py for tasks to queue
[2024-12-03T15:21:03.821+0000] {logging_mixin.py:120} INFO - [2024-12-03T15:21:03.820+0000] {dagbag.py:537} INFO - Filling up the DagBag from /home/airflow/.local/lib/python3.7/site-packages/airflow/example_dags/example_branch_labels.py
[2024-12-03T15:21:03.847+0000] {processor.py:766} INFO - DAG(s) dict_keys(['example_branch_labels']) retrieved from /home/airflow/.local/lib/python3.7/site-packages/airflow/example_dags/example_branch_labels.py
[2024-12-03T15:21:03.930+0000] {logging_mixin.py:120} INFO - [2024-12-03T15:21:03.929+0000] {dag.py:2585} INFO - Sync 1 DAGs
[2024-12-03T15:21:03.979+0000] {logging_mixin.py:120} INFO - [2024-12-03T15:21:03.979+0000] {dag.py:3340} INFO - Setting next_dagrun for example_branch_labels to 2024-12-02T00:00:00+00:00, run_after=2024-12-03T00:00:00+00:00
[2024-12-03T15:21:04.025+0000] {processor.py:176} INFO - Processing /home/airflow/.local/lib/python3.7/site-packages/airflow/example_dags/example_branch_labels.py took 0.222 seconds
[2024-12-03T15:21:35.506+0000] {processor.py:154} INFO - Started process (PID=482) to work on /home/airflow/.local/lib/python3.7/site-packages/airflow/example_dags/example_branch_labels.py
[2024-12-03T15:21:35.512+0000] {processor.py:756} INFO - Processing file /home/airflow/.local/lib/python3.7/site-packages/airflow/example_dags/example_branch_labels.py for tasks to queue
[2024-12-03T15:21:35.515+0000] {logging_mixin.py:120} INFO - [2024-12-03T15:21:35.515+0000] {dagbag.py:537} INFO - Filling up the DagBag from /home/airflow/.local/lib/python3.7/site-packages/airflow/example_dags/example_branch_labels.py
[2024-12-03T15:21:35.559+0000] {processor.py:766} INFO - DAG(s) dict_keys(['example_branch_labels']) retrieved from /home/airflow/.local/lib/python3.7/site-packages/airflow/example_dags/example_branch_labels.py
[2024-12-03T15:21:35.742+0000] {logging_mixin.py:120} INFO - [2024-12-03T15:21:35.741+0000] {dag.py:2585} INFO - Sync 1 DAGs
[2024-12-03T15:21:35.835+0000] {logging_mixin.py:120} INFO - [2024-12-03T15:21:35.834+0000] {dag.py:3340} INFO - Setting next_dagrun for example_branch_labels to 2024-12-02T00:00:00+00:00, run_after=2024-12-03T00:00:00+00:00
[2024-12-03T15:21:35.915+0000] {processor.py:176} INFO - Processing /home/airflow/.local/lib/python3.7/site-packages/airflow/example_dags/example_branch_labels.py took 0.417 seconds
[2024-12-03T15:22:06.199+0000] {processor.py:154} INFO - Started process (PID=547) to work on /home/airflow/.local/lib/python3.7/site-packages/airflow/example_dags/example_branch_labels.py
[2024-12-03T15:22:06.200+0000] {processor.py:756} INFO - Processing file /home/airflow/.local/lib/python3.7/site-packages/airflow/example_dags/example_branch_labels.py for tasks to queue
[2024-12-03T15:22:06.202+0000] {logging_mixin.py:120} INFO - [2024-12-03T15:22:06.201+0000] {dagbag.py:537} INFO - Filling up the DagBag from /home/airflow/.local/lib/python3.7/site-packages/airflow/example_dags/example_branch_labels.py
[2024-12-03T15:22:06.226+0000] {processor.py:766} INFO - DAG(s) dict_keys(['example_branch_labels']) retrieved from /home/airflow/.local/lib/python3.7/site-packages/airflow/example_dags/example_branch_labels.py
[2024-12-03T15:22:06.299+0000] {logging_mixin.py:120} INFO - [2024-12-03T15:22:06.298+0000] {dag.py:2585} INFO - Sync 1 DAGs
[2024-12-03T15:22:06.340+0000] {logging_mixin.py:120} INFO - [2024-12-03T15:22:06.340+0000] {dag.py:3340} INFO - Setting next_dagrun for example_branch_labels to 2024-12-02T00:00:00+00:00, run_after=2024-12-03T00:00:00+00:00
[2024-12-03T15:22:06.394+0000] {processor.py:176} INFO - Processing /home/airflow/.local/lib/python3.7/site-packages/airflow/example_dags/example_branch_labels.py took 0.199 seconds
[2024-12-03T15:22:36.891+0000] {processor.py:154} INFO - Started process (PID=602) to work on /home/airflow/.local/lib/python3.7/site-packages/airflow/example_dags/example_branch_labels.py
[2024-12-03T15:22:36.893+0000] {processor.py:756} INFO - Processing file /home/airflow/.local/lib/python3.7/site-packages/airflow/example_dags/example_branch_labels.py for tasks to queue
[2024-12-03T15:22:36.894+0000] {logging_mixin.py:120} INFO - [2024-12-03T15:22:36.894+0000] {dagbag.py:537} INFO - Filling up the DagBag from /home/airflow/.local/lib/python3.7/site-packages/airflow/example_dags/example_branch_labels.py
[2024-12-03T15:22:36.915+0000] {processor.py:766} INFO - DAG(s) dict_keys(['example_branch_labels']) retrieved from /home/airflow/.local/lib/python3.7/site-packages/airflow/example_dags/example_branch_labels.py
[2024-12-03T15:22:36.981+0000] {logging_mixin.py:120} INFO - [2024-12-03T15:22:36.981+0000] {dag.py:2585} INFO - Sync 1 DAGs
[2024-12-03T15:22:37.016+0000] {logging_mixin.py:120} INFO - [2024-12-03T15:22:37.016+0000] {dag.py:3340} INFO - Setting next_dagrun for example_branch_labels to 2024-12-02T00:00:00+00:00, run_after=2024-12-03T00:00:00+00:00
[2024-12-03T15:22:37.060+0000] {processor.py:176} INFO - Processing /home/airflow/.local/lib/python3.7/site-packages/airflow/example_dags/example_branch_labels.py took 0.172 seconds
[2024-12-03T15:23:08.229+0000] {processor.py:154} INFO - Started process (PID=663) to work on /home/airflow/.local/lib/python3.7/site-packages/airflow/example_dags/example_branch_labels.py
[2024-12-03T15:23:08.232+0000] {processor.py:756} INFO - Processing file /home/airflow/.local/lib/python3.7/site-packages/airflow/example_dags/example_branch_labels.py for tasks to queue
[2024-12-03T15:23:08.235+0000] {logging_mixin.py:120} INFO - [2024-12-03T15:23:08.235+0000] {dagbag.py:537} INFO - Filling up the DagBag from /home/airflow/.local/lib/python3.7/site-packages/airflow/example_dags/example_branch_labels.py
[2024-12-03T15:23:08.272+0000] {processor.py:766} INFO - DAG(s) dict_keys(['example_branch_labels']) retrieved from /home/airflow/.local/lib/python3.7/site-packages/airflow/example_dags/example_branch_labels.py
[2024-12-03T15:23:08.357+0000] {logging_mixin.py:120} INFO - [2024-12-03T15:23:08.356+0000] {dag.py:2585} INFO - Sync 1 DAGs
[2024-12-03T15:23:08.416+0000] {logging_mixin.py:120} INFO - [2024-12-03T15:23:08.416+0000] {dag.py:3340} INFO - Setting next_dagrun for example_branch_labels to 2024-12-02T00:00:00+00:00, run_after=2024-12-03T00:00:00+00:00
[2024-12-03T15:23:08.484+0000] {processor.py:176} INFO - Processing /home/airflow/.local/lib/python3.7/site-packages/airflow/example_dags/example_branch_labels.py took 0.259 seconds
[2024-12-03T15:23:38.640+0000] {processor.py:154} INFO - Started process (PID=721) to work on /home/airflow/.local/lib/python3.7/site-packages/airflow/example_dags/example_branch_labels.py
[2024-12-03T15:23:38.643+0000] {processor.py:756} INFO - Processing file /home/airflow/.local/lib/python3.7/site-packages/airflow/example_dags/example_branch_labels.py for tasks to queue
[2024-12-03T15:23:38.644+0000] {logging_mixin.py:120} INFO - [2024-12-03T15:23:38.644+0000] {dagbag.py:537} INFO - Filling up the DagBag from /home/airflow/.local/lib/python3.7/site-packages/airflow/example_dags/example_branch_labels.py
[2024-12-03T15:23:38.665+0000] {processor.py:766} INFO - DAG(s) dict_keys(['example_branch_labels']) retrieved from /home/airflow/.local/lib/python3.7/site-packages/airflow/example_dags/example_branch_labels.py
[2024-12-03T15:23:38.723+0000] {logging_mixin.py:120} INFO - [2024-12-03T15:23:38.723+0000] {dag.py:2585} INFO - Sync 1 DAGs
[2024-12-03T15:23:38.760+0000] {logging_mixin.py:120} INFO - [2024-12-03T15:23:38.760+0000] {dag.py:3340} INFO - Setting next_dagrun for example_branch_labels to 2024-12-02T00:00:00+00:00, run_after=2024-12-03T00:00:00+00:00
[2024-12-03T15:23:38.810+0000] {processor.py:176} INFO - Processing /home/airflow/.local/lib/python3.7/site-packages/airflow/example_dags/example_branch_labels.py took 0.177 seconds
[2024-12-03T15:24:09.146+0000] {processor.py:154} INFO - Started process (PID=776) to work on /home/airflow/.local/lib/python3.7/site-packages/airflow/example_dags/example_branch_labels.py
[2024-12-03T15:24:09.148+0000] {processor.py:756} INFO - Processing file /home/airflow/.local/lib/python3.7/site-packages/airflow/example_dags/example_branch_labels.py for tasks to queue
[2024-12-03T15:24:09.150+0000] {logging_mixin.py:120} INFO - [2024-12-03T15:24:09.150+0000] {dagbag.py:537} INFO - Filling up the DagBag from /home/airflow/.local/lib/python3.7/site-packages/airflow/example_dags/example_branch_labels.py
[2024-12-03T15:24:09.173+0000] {processor.py:766} INFO - DAG(s) dict_keys(['example_branch_labels']) retrieved from /home/airflow/.local/lib/python3.7/site-packages/airflow/example_dags/example_branch_labels.py
[2024-12-03T15:24:09.250+0000] {logging_mixin.py:120} INFO - [2024-12-03T15:24:09.249+0000] {dag.py:2585} INFO - Sync 1 DAGs
[2024-12-03T15:24:09.296+0000] {logging_mixin.py:120} INFO - [2024-12-03T15:24:09.296+0000] {dag.py:3340} INFO - Setting next_dagrun for example_branch_labels to 2024-12-02T00:00:00+00:00, run_after=2024-12-03T00:00:00+00:00
[2024-12-03T15:24:09.336+0000] {processor.py:176} INFO - Processing /home/airflow/.local/lib/python3.7/site-packages/airflow/example_dags/example_branch_labels.py took 0.197 seconds
[2024-12-03T15:24:39.984+0000] {processor.py:154} INFO - Started process (PID=840) to work on /home/airflow/.local/lib/python3.7/site-packages/airflow/example_dags/example_branch_labels.py
[2024-12-03T15:24:39.985+0000] {processor.py:756} INFO - Processing file /home/airflow/.local/lib/python3.7/site-packages/airflow/example_dags/example_branch_labels.py for tasks to queue
[2024-12-03T15:24:39.987+0000] {logging_mixin.py:120} INFO - [2024-12-03T15:24:39.987+0000] {dagbag.py:537} INFO - Filling up the DagBag from /home/airflow/.local/lib/python3.7/site-packages/airflow/example_dags/example_branch_labels.py
[2024-12-03T15:24:40.015+0000] {processor.py:766} INFO - DAG(s) dict_keys(['example_branch_labels']) retrieved from /home/airflow/.local/lib/python3.7/site-packages/airflow/example_dags/example_branch_labels.py
[2024-12-03T15:24:40.097+0000] {logging_mixin.py:120} INFO - [2024-12-03T15:24:40.097+0000] {dag.py:2585} INFO - Sync 1 DAGs
[2024-12-03T15:24:40.155+0000] {logging_mixin.py:120} INFO - [2024-12-03T15:24:40.155+0000] {dag.py:3340} INFO - Setting next_dagrun for example_branch_labels to 2024-12-02T00:00:00+00:00, run_after=2024-12-03T00:00:00+00:00
[2024-12-03T15:24:40.197+0000] {processor.py:176} INFO - Processing /home/airflow/.local/lib/python3.7/site-packages/airflow/example_dags/example_branch_labels.py took 0.220 seconds
[2024-12-03T15:25:10.246+0000] {processor.py:154} INFO - Started process (PID=895) to work on /home/airflow/.local/lib/python3.7/site-packages/airflow/example_dags/example_branch_labels.py
[2024-12-03T15:25:10.249+0000] {processor.py:756} INFO - Processing file /home/airflow/.local/lib/python3.7/site-packages/airflow/example_dags/example_branch_labels.py for tasks to queue
[2024-12-03T15:25:10.251+0000] {logging_mixin.py:120} INFO - [2024-12-03T15:25:10.251+0000] {dagbag.py:537} INFO - Filling up the DagBag from /home/airflow/.local/lib/python3.7/site-packages/airflow/example_dags/example_branch_labels.py
[2024-12-03T15:25:10.275+0000] {processor.py:766} INFO - DAG(s) dict_keys(['example_branch_labels']) retrieved from /home/airflow/.local/lib/python3.7/site-packages/airflow/example_dags/example_branch_labels.py
[2024-12-03T15:25:10.362+0000] {logging_mixin.py:120} INFO - [2024-12-03T15:25:10.361+0000] {dag.py:2585} INFO - Sync 1 DAGs
[2024-12-03T15:25:10.410+0000] {logging_mixin.py:120} INFO - [2024-12-03T15:25:10.410+0000] {dag.py:3340} INFO - Setting next_dagrun for example_branch_labels to 2024-12-02T00:00:00+00:00, run_after=2024-12-03T00:00:00+00:00
[2024-12-03T15:25:10.462+0000] {processor.py:176} INFO - Processing /home/airflow/.local/lib/python3.7/site-packages/airflow/example_dags/example_branch_labels.py took 0.220 seconds
[2024-12-03T15:25:42.796+0000] {processor.py:154} INFO - Started process (PID=959) to work on /home/airflow/.local/lib/python3.7/site-packages/airflow/example_dags/example_branch_labels.py
[2024-12-03T15:25:42.798+0000] {processor.py:756} INFO - Processing file /home/airflow/.local/lib/python3.7/site-packages/airflow/example_dags/example_branch_labels.py for tasks to queue
[2024-12-03T15:25:42.801+0000] {logging_mixin.py:120} INFO - [2024-12-03T15:25:42.800+0000] {dagbag.py:537} INFO - Filling up the DagBag from /home/airflow/.local/lib/python3.7/site-packages/airflow/example_dags/example_branch_labels.py
[2024-12-03T15:25:42.826+0000] {processor.py:766} INFO - DAG(s) dict_keys(['example_branch_labels']) retrieved from /home/airflow/.local/lib/python3.7/site-packages/airflow/example_dags/example_branch_labels.py
[2024-12-03T15:25:42.973+0000] {logging_mixin.py:120} INFO - [2024-12-03T15:25:42.970+0000] {dag.py:2585} INFO - Sync 1 DAGs
[2024-12-03T15:25:43.090+0000] {logging_mixin.py:120} INFO - [2024-12-03T15:25:43.089+0000] {dag.py:3340} INFO - Setting next_dagrun for example_branch_labels to 2024-12-02T00:00:00+00:00, run_after=2024-12-03T00:00:00+00:00
[2024-12-03T15:25:43.159+0000] {processor.py:176} INFO - Processing /home/airflow/.local/lib/python3.7/site-packages/airflow/example_dags/example_branch_labels.py took 0.370 seconds
[2024-12-03T15:26:13.705+0000] {processor.py:154} INFO - Started process (PID=1014) to work on /home/airflow/.local/lib/python3.7/site-packages/airflow/example_dags/example_branch_labels.py
[2024-12-03T15:26:13.708+0000] {processor.py:756} INFO - Processing file /home/airflow/.local/lib/python3.7/site-packages/airflow/example_dags/example_branch_labels.py for tasks to queue
[2024-12-03T15:26:13.712+0000] {logging_mixin.py:120} INFO - [2024-12-03T15:26:13.711+0000] {dagbag.py:537} INFO - Filling up the DagBag from /home/airflow/.local/lib/python3.7/site-packages/airflow/example_dags/example_branch_labels.py
[2024-12-03T15:26:13.740+0000] {processor.py:766} INFO - DAG(s) dict_keys(['example_branch_labels']) retrieved from /home/airflow/.local/lib/python3.7/site-packages/airflow/example_dags/example_branch_labels.py
[2024-12-03T15:26:13.832+0000] {logging_mixin.py:120} INFO - [2024-12-03T15:26:13.832+0000] {dag.py:2585} INFO - Sync 1 DAGs
[2024-12-03T15:26:13.889+0000] {logging_mixin.py:120} INFO - [2024-12-03T15:26:13.889+0000] {dag.py:3340} INFO - Setting next_dagrun for example_branch_labels to 2024-12-02T00:00:00+00:00, run_after=2024-12-03T00:00:00+00:00
[2024-12-03T15:26:13.973+0000] {processor.py:176} INFO - Processing /home/airflow/.local/lib/python3.7/site-packages/airflow/example_dags/example_branch_labels.py took 0.275 seconds
[2024-12-03T15:26:44.064+0000] {processor.py:154} INFO - Started process (PID=1077) to work on /home/airflow/.local/lib/python3.7/site-packages/airflow/example_dags/example_branch_labels.py
[2024-12-03T15:26:44.067+0000] {processor.py:756} INFO - Processing file /home/airflow/.local/lib/python3.7/site-packages/airflow/example_dags/example_branch_labels.py for tasks to queue
[2024-12-03T15:26:44.070+0000] {logging_mixin.py:120} INFO - [2024-12-03T15:26:44.069+0000] {dagbag.py:537} INFO - Filling up the DagBag from /home/airflow/.local/lib/python3.7/site-packages/airflow/example_dags/example_branch_labels.py
[2024-12-03T15:26:44.098+0000] {processor.py:766} INFO - DAG(s) dict_keys(['example_branch_labels']) retrieved from /home/airflow/.local/lib/python3.7/site-packages/airflow/example_dags/example_branch_labels.py
[2024-12-03T15:26:44.187+0000] {logging_mixin.py:120} INFO - [2024-12-03T15:26:44.187+0000] {dag.py:2585} INFO - Sync 1 DAGs
[2024-12-03T15:26:44.234+0000] {logging_mixin.py:120} INFO - [2024-12-03T15:26:44.233+0000] {dag.py:3340} INFO - Setting next_dagrun for example_branch_labels to 2024-12-02T00:00:00+00:00, run_after=2024-12-03T00:00:00+00:00
[2024-12-03T15:26:44.274+0000] {processor.py:176} INFO - Processing /home/airflow/.local/lib/python3.7/site-packages/airflow/example_dags/example_branch_labels.py took 0.215 seconds
[2024-12-03T15:27:14.370+0000] {processor.py:154} INFO - Started process (PID=1133) to work on /home/airflow/.local/lib/python3.7/site-packages/airflow/example_dags/example_branch_labels.py
[2024-12-03T15:27:14.372+0000] {processor.py:756} INFO - Processing file /home/airflow/.local/lib/python3.7/site-packages/airflow/example_dags/example_branch_labels.py for tasks to queue
[2024-12-03T15:27:14.375+0000] {logging_mixin.py:120} INFO - [2024-12-03T15:27:14.374+0000] {dagbag.py:537} INFO - Filling up the DagBag from /home/airflow/.local/lib/python3.7/site-packages/airflow/example_dags/example_branch_labels.py
[2024-12-03T15:27:14.409+0000] {processor.py:766} INFO - DAG(s) dict_keys(['example_branch_labels']) retrieved from /home/airflow/.local/lib/python3.7/site-packages/airflow/example_dags/example_branch_labels.py
[2024-12-03T15:27:14.483+0000] {logging_mixin.py:120} INFO - [2024-12-03T15:27:14.483+0000] {dag.py:2585} INFO - Sync 1 DAGs
[2024-12-03T15:27:14.533+0000] {logging_mixin.py:120} INFO - [2024-12-03T15:27:14.533+0000] {dag.py:3340} INFO - Setting next_dagrun for example_branch_labels to 2024-12-02T00:00:00+00:00, run_after=2024-12-03T00:00:00+00:00
[2024-12-03T15:27:14.573+0000] {processor.py:176} INFO - Processing /home/airflow/.local/lib/python3.7/site-packages/airflow/example_dags/example_branch_labels.py took 0.209 seconds
[2024-12-03T15:27:44.895+0000] {processor.py:154} INFO - Started process (PID=1188) to work on /home/airflow/.local/lib/python3.7/site-packages/airflow/example_dags/example_branch_labels.py
[2024-12-03T15:27:44.897+0000] {processor.py:756} INFO - Processing file /home/airflow/.local/lib/python3.7/site-packages/airflow/example_dags/example_branch_labels.py for tasks to queue
[2024-12-03T15:27:44.899+0000] {logging_mixin.py:120} INFO - [2024-12-03T15:27:44.898+0000] {dagbag.py:537} INFO - Filling up the DagBag from /home/airflow/.local/lib/python3.7/site-packages/airflow/example_dags/example_branch_labels.py
[2024-12-03T15:27:44.928+0000] {processor.py:766} INFO - DAG(s) dict_keys(['example_branch_labels']) retrieved from /home/airflow/.local/lib/python3.7/site-packages/airflow/example_dags/example_branch_labels.py
[2024-12-03T15:27:45.007+0000] {logging_mixin.py:120} INFO - [2024-12-03T15:27:45.006+0000] {dag.py:2585} INFO - Sync 1 DAGs
[2024-12-03T15:27:45.062+0000] {logging_mixin.py:120} INFO - [2024-12-03T15:27:45.061+0000] {dag.py:3340} INFO - Setting next_dagrun for example_branch_labels to 2024-12-02T00:00:00+00:00, run_after=2024-12-03T00:00:00+00:00
[2024-12-03T15:27:45.112+0000] {processor.py:176} INFO - Processing /home/airflow/.local/lib/python3.7/site-packages/airflow/example_dags/example_branch_labels.py took 0.222 seconds
[2024-12-03T15:28:15.246+0000] {processor.py:154} INFO - Started process (PID=1252) to work on /home/airflow/.local/lib/python3.7/site-packages/airflow/example_dags/example_branch_labels.py
[2024-12-03T15:28:15.249+0000] {processor.py:756} INFO - Processing file /home/airflow/.local/lib/python3.7/site-packages/airflow/example_dags/example_branch_labels.py for tasks to queue
[2024-12-03T15:28:15.252+0000] {logging_mixin.py:120} INFO - [2024-12-03T15:28:15.251+0000] {dagbag.py:537} INFO - Filling up the DagBag from /home/airflow/.local/lib/python3.7/site-packages/airflow/example_dags/example_branch_labels.py
[2024-12-03T15:28:15.280+0000] {processor.py:766} INFO - DAG(s) dict_keys(['example_branch_labels']) retrieved from /home/airflow/.local/lib/python3.7/site-packages/airflow/example_dags/example_branch_labels.py
[2024-12-03T15:28:15.360+0000] {logging_mixin.py:120} INFO - [2024-12-03T15:28:15.359+0000] {dag.py:2585} INFO - Sync 1 DAGs
[2024-12-03T15:28:15.413+0000] {logging_mixin.py:120} INFO - [2024-12-03T15:28:15.412+0000] {dag.py:3340} INFO - Setting next_dagrun for example_branch_labels to 2024-12-02T00:00:00+00:00, run_after=2024-12-03T00:00:00+00:00
[2024-12-03T15:28:15.475+0000] {processor.py:176} INFO - Processing /home/airflow/.local/lib/python3.7/site-packages/airflow/example_dags/example_branch_labels.py took 0.236 seconds
[2024-12-03T15:28:45.738+0000] {processor.py:154} INFO - Started process (PID=1307) to work on /home/airflow/.local/lib/python3.7/site-packages/airflow/example_dags/example_branch_labels.py
[2024-12-03T15:28:45.740+0000] {processor.py:756} INFO - Processing file /home/airflow/.local/lib/python3.7/site-packages/airflow/example_dags/example_branch_labels.py for tasks to queue
[2024-12-03T15:28:45.741+0000] {logging_mixin.py:120} INFO - [2024-12-03T15:28:45.741+0000] {dagbag.py:537} INFO - Filling up the DagBag from /home/airflow/.local/lib/python3.7/site-packages/airflow/example_dags/example_branch_labels.py
[2024-12-03T15:28:45.763+0000] {processor.py:766} INFO - DAG(s) dict_keys(['example_branch_labels']) retrieved from /home/airflow/.local/lib/python3.7/site-packages/airflow/example_dags/example_branch_labels.py
[2024-12-03T15:28:45.822+0000] {logging_mixin.py:120} INFO - [2024-12-03T15:28:45.822+0000] {dag.py:2585} INFO - Sync 1 DAGs
[2024-12-03T15:28:45.860+0000] {logging_mixin.py:120} INFO - [2024-12-03T15:28:45.860+0000] {dag.py:3340} INFO - Setting next_dagrun for example_branch_labels to 2024-12-02T00:00:00+00:00, run_after=2024-12-03T00:00:00+00:00
[2024-12-03T15:28:45.894+0000] {processor.py:176} INFO - Processing /home/airflow/.local/lib/python3.7/site-packages/airflow/example_dags/example_branch_labels.py took 0.160 seconds
[2024-12-03T15:29:16.451+0000] {processor.py:154} INFO - Started process (PID=1371) to work on /home/airflow/.local/lib/python3.7/site-packages/airflow/example_dags/example_branch_labels.py
[2024-12-03T15:29:16.454+0000] {processor.py:756} INFO - Processing file /home/airflow/.local/lib/python3.7/site-packages/airflow/example_dags/example_branch_labels.py for tasks to queue
[2024-12-03T15:29:16.456+0000] {logging_mixin.py:120} INFO - [2024-12-03T15:29:16.456+0000] {dagbag.py:537} INFO - Filling up the DagBag from /home/airflow/.local/lib/python3.7/site-packages/airflow/example_dags/example_branch_labels.py
[2024-12-03T15:29:16.486+0000] {processor.py:766} INFO - DAG(s) dict_keys(['example_branch_labels']) retrieved from /home/airflow/.local/lib/python3.7/site-packages/airflow/example_dags/example_branch_labels.py
[2024-12-03T15:29:16.570+0000] {logging_mixin.py:120} INFO - [2024-12-03T15:29:16.570+0000] {dag.py:2585} INFO - Sync 1 DAGs
[2024-12-03T15:29:16.685+0000] {logging_mixin.py:120} INFO - [2024-12-03T15:29:16.682+0000] {dag.py:3340} INFO - Setting next_dagrun for example_branch_labels to 2024-12-02T00:00:00+00:00, run_after=2024-12-03T00:00:00+00:00
[2024-12-03T15:29:16.750+0000] {processor.py:176} INFO - Processing /home/airflow/.local/lib/python3.7/site-packages/airflow/example_dags/example_branch_labels.py took 0.304 seconds
[2024-12-03T15:29:47.011+0000] {processor.py:154} INFO - Started process (PID=1426) to work on /home/airflow/.local/lib/python3.7/site-packages/airflow/example_dags/example_branch_labels.py
[2024-12-03T15:29:47.013+0000] {processor.py:756} INFO - Processing file /home/airflow/.local/lib/python3.7/site-packages/airflow/example_dags/example_branch_labels.py for tasks to queue
[2024-12-03T15:29:47.014+0000] {logging_mixin.py:120} INFO - [2024-12-03T15:29:47.014+0000] {dagbag.py:537} INFO - Filling up the DagBag from /home/airflow/.local/lib/python3.7/site-packages/airflow/example_dags/example_branch_labels.py
[2024-12-03T15:29:47.036+0000] {processor.py:766} INFO - DAG(s) dict_keys(['example_branch_labels']) retrieved from /home/airflow/.local/lib/python3.7/site-packages/airflow/example_dags/example_branch_labels.py
[2024-12-03T15:29:47.103+0000] {logging_mixin.py:120} INFO - [2024-12-03T15:29:47.102+0000] {dag.py:2585} INFO - Sync 1 DAGs
[2024-12-03T15:29:47.158+0000] {logging_mixin.py:120} INFO - [2024-12-03T15:29:47.158+0000] {dag.py:3340} INFO - Setting next_dagrun for example_branch_labels to 2024-12-02T00:00:00+00:00, run_after=2024-12-03T00:00:00+00:00
[2024-12-03T15:29:47.207+0000] {processor.py:176} INFO - Processing /home/airflow/.local/lib/python3.7/site-packages/airflow/example_dags/example_branch_labels.py took 0.201 seconds
[2024-12-03T15:30:17.669+0000] {processor.py:154} INFO - Started process (PID=1489) to work on /home/airflow/.local/lib/python3.7/site-packages/airflow/example_dags/example_branch_labels.py
[2024-12-03T15:30:17.671+0000] {processor.py:756} INFO - Processing file /home/airflow/.local/lib/python3.7/site-packages/airflow/example_dags/example_branch_labels.py for tasks to queue
[2024-12-03T15:30:17.673+0000] {logging_mixin.py:120} INFO - [2024-12-03T15:30:17.672+0000] {dagbag.py:537} INFO - Filling up the DagBag from /home/airflow/.local/lib/python3.7/site-packages/airflow/example_dags/example_branch_labels.py
[2024-12-03T15:30:17.704+0000] {processor.py:766} INFO - DAG(s) dict_keys(['example_branch_labels']) retrieved from /home/airflow/.local/lib/python3.7/site-packages/airflow/example_dags/example_branch_labels.py
[2024-12-03T15:30:17.799+0000] {logging_mixin.py:120} INFO - [2024-12-03T15:30:17.799+0000] {dag.py:2585} INFO - Sync 1 DAGs
[2024-12-03T15:30:17.861+0000] {logging_mixin.py:120} INFO - [2024-12-03T15:30:17.861+0000] {dag.py:3340} INFO - Setting next_dagrun for example_branch_labels to 2024-12-02T00:00:00+00:00, run_after=2024-12-03T00:00:00+00:00
[2024-12-03T15:30:17.908+0000] {processor.py:176} INFO - Processing /home/airflow/.local/lib/python3.7/site-packages/airflow/example_dags/example_branch_labels.py took 0.244 seconds
[2024-12-03T15:30:48.617+0000] {processor.py:154} INFO - Started process (PID=1546) to work on /home/airflow/.local/lib/python3.7/site-packages/airflow/example_dags/example_branch_labels.py
[2024-12-03T15:30:48.620+0000] {processor.py:756} INFO - Processing file /home/airflow/.local/lib/python3.7/site-packages/airflow/example_dags/example_branch_labels.py for tasks to queue
[2024-12-03T15:30:48.622+0000] {logging_mixin.py:120} INFO - [2024-12-03T15:30:48.622+0000] {dagbag.py:537} INFO - Filling up the DagBag from /home/airflow/.local/lib/python3.7/site-packages/airflow/example_dags/example_branch_labels.py
[2024-12-03T15:30:48.660+0000] {processor.py:766} INFO - DAG(s) dict_keys(['example_branch_labels']) retrieved from /home/airflow/.local/lib/python3.7/site-packages/airflow/example_dags/example_branch_labels.py
[2024-12-03T15:30:48.782+0000] {logging_mixin.py:120} INFO - [2024-12-03T15:30:48.782+0000] {dag.py:2585} INFO - Sync 1 DAGs
[2024-12-03T15:30:48.839+0000] {logging_mixin.py:120} INFO - [2024-12-03T15:30:48.839+0000] {dag.py:3340} INFO - Setting next_dagrun for example_branch_labels to 2024-12-02T00:00:00+00:00, run_after=2024-12-03T00:00:00+00:00
[2024-12-03T15:30:48.889+0000] {processor.py:176} INFO - Processing /home/airflow/.local/lib/python3.7/site-packages/airflow/example_dags/example_branch_labels.py took 0.277 seconds
[2024-12-03T15:31:19.366+0000] {processor.py:154} INFO - Started process (PID=1610) to work on /home/airflow/.local/lib/python3.7/site-packages/airflow/example_dags/example_branch_labels.py
[2024-12-03T15:31:19.370+0000] {processor.py:756} INFO - Processing file /home/airflow/.local/lib/python3.7/site-packages/airflow/example_dags/example_branch_labels.py for tasks to queue
[2024-12-03T15:31:19.373+0000] {logging_mixin.py:120} INFO - [2024-12-03T15:31:19.372+0000] {dagbag.py:537} INFO - Filling up the DagBag from /home/airflow/.local/lib/python3.7/site-packages/airflow/example_dags/example_branch_labels.py
[2024-12-03T15:31:19.398+0000] {processor.py:766} INFO - DAG(s) dict_keys(['example_branch_labels']) retrieved from /home/airflow/.local/lib/python3.7/site-packages/airflow/example_dags/example_branch_labels.py
[2024-12-03T15:31:19.466+0000] {logging_mixin.py:120} INFO - [2024-12-03T15:31:19.466+0000] {dag.py:2585} INFO - Sync 1 DAGs
[2024-12-03T15:31:19.524+0000] {logging_mixin.py:120} INFO - [2024-12-03T15:31:19.523+0000] {dag.py:3340} INFO - Setting next_dagrun for example_branch_labels to 2024-12-02T00:00:00+00:00, run_after=2024-12-03T00:00:00+00:00
[2024-12-03T15:31:19.563+0000] {processor.py:176} INFO - Processing /home/airflow/.local/lib/python3.7/site-packages/airflow/example_dags/example_branch_labels.py took 0.205 seconds
[2024-12-03T15:31:50.205+0000] {processor.py:154} INFO - Started process (PID=1665) to work on /home/airflow/.local/lib/python3.7/site-packages/airflow/example_dags/example_branch_labels.py
[2024-12-03T15:31:50.207+0000] {processor.py:756} INFO - Processing file /home/airflow/.local/lib/python3.7/site-packages/airflow/example_dags/example_branch_labels.py for tasks to queue
[2024-12-03T15:31:50.209+0000] {logging_mixin.py:120} INFO - [2024-12-03T15:31:50.209+0000] {dagbag.py:537} INFO - Filling up the DagBag from /home/airflow/.local/lib/python3.7/site-packages/airflow/example_dags/example_branch_labels.py
[2024-12-03T15:31:50.236+0000] {processor.py:766} INFO - DAG(s) dict_keys(['example_branch_labels']) retrieved from /home/airflow/.local/lib/python3.7/site-packages/airflow/example_dags/example_branch_labels.py
[2024-12-03T15:31:50.315+0000] {logging_mixin.py:120} INFO - [2024-12-03T15:31:50.315+0000] {dag.py:2585} INFO - Sync 1 DAGs
[2024-12-03T15:31:50.361+0000] {logging_mixin.py:120} INFO - [2024-12-03T15:31:50.361+0000] {dag.py:3340} INFO - Setting next_dagrun for example_branch_labels to 2024-12-02T00:00:00+00:00, run_after=2024-12-03T00:00:00+00:00
[2024-12-03T15:31:50.413+0000] {processor.py:176} INFO - Processing /home/airflow/.local/lib/python3.7/site-packages/airflow/example_dags/example_branch_labels.py took 0.217 seconds
[2024-12-03T15:32:20.687+0000] {processor.py:154} INFO - Started process (PID=1727) to work on /home/airflow/.local/lib/python3.7/site-packages/airflow/example_dags/example_branch_labels.py
[2024-12-03T15:32:20.689+0000] {processor.py:756} INFO - Processing file /home/airflow/.local/lib/python3.7/site-packages/airflow/example_dags/example_branch_labels.py for tasks to queue
[2024-12-03T15:32:20.691+0000] {logging_mixin.py:120} INFO - [2024-12-03T15:32:20.691+0000] {dagbag.py:537} INFO - Filling up the DagBag from /home/airflow/.local/lib/python3.7/site-packages/airflow/example_dags/example_branch_labels.py
[2024-12-03T15:32:20.711+0000] {processor.py:766} INFO - DAG(s) dict_keys(['example_branch_labels']) retrieved from /home/airflow/.local/lib/python3.7/site-packages/airflow/example_dags/example_branch_labels.py
[2024-12-03T15:32:20.805+0000] {logging_mixin.py:120} INFO - [2024-12-03T15:32:20.804+0000] {dag.py:2585} INFO - Sync 1 DAGs
[2024-12-03T15:32:20.863+0000] {logging_mixin.py:120} INFO - [2024-12-03T15:32:20.863+0000] {dag.py:3340} INFO - Setting next_dagrun for example_branch_labels to 2024-12-02T00:00:00+00:00, run_after=2024-12-03T00:00:00+00:00
[2024-12-03T15:32:20.911+0000] {processor.py:176} INFO - Processing /home/airflow/.local/lib/python3.7/site-packages/airflow/example_dags/example_branch_labels.py took 0.228 seconds
[2024-12-03T15:32:51.641+0000] {processor.py:154} INFO - Started process (PID=1784) to work on /home/airflow/.local/lib/python3.7/site-packages/airflow/example_dags/example_branch_labels.py
[2024-12-03T15:32:51.643+0000] {processor.py:756} INFO - Processing file /home/airflow/.local/lib/python3.7/site-packages/airflow/example_dags/example_branch_labels.py for tasks to queue
[2024-12-03T15:32:51.644+0000] {logging_mixin.py:120} INFO - [2024-12-03T15:32:51.644+0000] {dagbag.py:537} INFO - Filling up the DagBag from /home/airflow/.local/lib/python3.7/site-packages/airflow/example_dags/example_branch_labels.py
[2024-12-03T15:32:51.666+0000] {processor.py:766} INFO - DAG(s) dict_keys(['example_branch_labels']) retrieved from /home/airflow/.local/lib/python3.7/site-packages/airflow/example_dags/example_branch_labels.py
[2024-12-03T15:32:51.738+0000] {logging_mixin.py:120} INFO - [2024-12-03T15:32:51.738+0000] {dag.py:2585} INFO - Sync 1 DAGs
[2024-12-03T15:32:51.785+0000] {logging_mixin.py:120} INFO - [2024-12-03T15:32:51.784+0000] {dag.py:3340} INFO - Setting next_dagrun for example_branch_labels to 2024-12-02T00:00:00+00:00, run_after=2024-12-03T00:00:00+00:00
[2024-12-03T15:32:51.840+0000] {processor.py:176} INFO - Processing /home/airflow/.local/lib/python3.7/site-packages/airflow/example_dags/example_branch_labels.py took 0.203 seconds
[2024-12-03T15:33:21.935+0000] {processor.py:154} INFO - Started process (PID=1839) to work on /home/airflow/.local/lib/python3.7/site-packages/airflow/example_dags/example_branch_labels.py
[2024-12-03T15:33:21.937+0000] {processor.py:756} INFO - Processing file /home/airflow/.local/lib/python3.7/site-packages/airflow/example_dags/example_branch_labels.py for tasks to queue
[2024-12-03T15:33:21.939+0000] {logging_mixin.py:120} INFO - [2024-12-03T15:33:21.939+0000] {dagbag.py:537} INFO - Filling up the DagBag from /home/airflow/.local/lib/python3.7/site-packages/airflow/example_dags/example_branch_labels.py
[2024-12-03T15:33:21.982+0000] {processor.py:766} INFO - DAG(s) dict_keys(['example_branch_labels']) retrieved from /home/airflow/.local/lib/python3.7/site-packages/airflow/example_dags/example_branch_labels.py
[2024-12-03T15:33:22.055+0000] {logging_mixin.py:120} INFO - [2024-12-03T15:33:22.054+0000] {dag.py:2585} INFO - Sync 1 DAGs
[2024-12-03T15:33:22.105+0000] {logging_mixin.py:120} INFO - [2024-12-03T15:33:22.105+0000] {dag.py:3340} INFO - Setting next_dagrun for example_branch_labels to 2024-12-02T00:00:00+00:00, run_after=2024-12-03T00:00:00+00:00
[2024-12-03T15:33:22.169+0000] {processor.py:176} INFO - Processing /home/airflow/.local/lib/python3.7/site-packages/airflow/example_dags/example_branch_labels.py took 0.239 seconds
[2024-12-03T15:33:52.493+0000] {processor.py:154} INFO - Started process (PID=1903) to work on /home/airflow/.local/lib/python3.7/site-packages/airflow/example_dags/example_branch_labels.py
[2024-12-03T15:33:52.495+0000] {processor.py:756} INFO - Processing file /home/airflow/.local/lib/python3.7/site-packages/airflow/example_dags/example_branch_labels.py for tasks to queue
[2024-12-03T15:33:52.497+0000] {logging_mixin.py:120} INFO - [2024-12-03T15:33:52.496+0000] {dagbag.py:537} INFO - Filling up the DagBag from /home/airflow/.local/lib/python3.7/site-packages/airflow/example_dags/example_branch_labels.py
[2024-12-03T15:33:52.530+0000] {processor.py:766} INFO - DAG(s) dict_keys(['example_branch_labels']) retrieved from /home/airflow/.local/lib/python3.7/site-packages/airflow/example_dags/example_branch_labels.py
[2024-12-03T15:33:52.614+0000] {logging_mixin.py:120} INFO - [2024-12-03T15:33:52.614+0000] {dag.py:2585} INFO - Sync 1 DAGs
[2024-12-03T15:33:52.679+0000] {logging_mixin.py:120} INFO - [2024-12-03T15:33:52.679+0000] {dag.py:3340} INFO - Setting next_dagrun for example_branch_labels to 2024-12-02T00:00:00+00:00, run_after=2024-12-03T00:00:00+00:00
[2024-12-03T15:33:52.734+0000] {processor.py:176} INFO - Processing /home/airflow/.local/lib/python3.7/site-packages/airflow/example_dags/example_branch_labels.py took 0.249 seconds
[2024-12-03T15:34:22.918+0000] {processor.py:154} INFO - Started process (PID=1958) to work on /home/airflow/.local/lib/python3.7/site-packages/airflow/example_dags/example_branch_labels.py
[2024-12-03T15:34:22.921+0000] {processor.py:756} INFO - Processing file /home/airflow/.local/lib/python3.7/site-packages/airflow/example_dags/example_branch_labels.py for tasks to queue
[2024-12-03T15:34:22.923+0000] {logging_mixin.py:120} INFO - [2024-12-03T15:34:22.922+0000] {dagbag.py:537} INFO - Filling up the DagBag from /home/airflow/.local/lib/python3.7/site-packages/airflow/example_dags/example_branch_labels.py
[2024-12-03T15:34:22.950+0000] {processor.py:766} INFO - DAG(s) dict_keys(['example_branch_labels']) retrieved from /home/airflow/.local/lib/python3.7/site-packages/airflow/example_dags/example_branch_labels.py
[2024-12-03T15:34:23.033+0000] {logging_mixin.py:120} INFO - [2024-12-03T15:34:23.033+0000] {dag.py:2585} INFO - Sync 1 DAGs
[2024-12-03T15:34:23.089+0000] {logging_mixin.py:120} INFO - [2024-12-03T15:34:23.088+0000] {dag.py:3340} INFO - Setting next_dagrun for example_branch_labels to 2024-12-02T00:00:00+00:00, run_after=2024-12-03T00:00:00+00:00
[2024-12-03T15:34:23.143+0000] {processor.py:176} INFO - Processing /home/airflow/.local/lib/python3.7/site-packages/airflow/example_dags/example_branch_labels.py took 0.230 seconds
[2024-12-03T15:34:53.901+0000] {processor.py:154} INFO - Started process (PID=2022) to work on /home/airflow/.local/lib/python3.7/site-packages/airflow/example_dags/example_branch_labels.py
[2024-12-03T15:34:53.903+0000] {processor.py:756} INFO - Processing file /home/airflow/.local/lib/python3.7/site-packages/airflow/example_dags/example_branch_labels.py for tasks to queue
[2024-12-03T15:34:53.905+0000] {logging_mixin.py:120} INFO - [2024-12-03T15:34:53.904+0000] {dagbag.py:537} INFO - Filling up the DagBag from /home/airflow/.local/lib/python3.7/site-packages/airflow/example_dags/example_branch_labels.py
[2024-12-03T15:34:53.935+0000] {processor.py:766} INFO - DAG(s) dict_keys(['example_branch_labels']) retrieved from /home/airflow/.local/lib/python3.7/site-packages/airflow/example_dags/example_branch_labels.py
[2024-12-03T15:34:54.014+0000] {logging_mixin.py:120} INFO - [2024-12-03T15:34:54.014+0000] {dag.py:2585} INFO - Sync 1 DAGs
[2024-12-03T15:34:54.068+0000] {logging_mixin.py:120} INFO - [2024-12-03T15:34:54.068+0000] {dag.py:3340} INFO - Setting next_dagrun for example_branch_labels to 2024-12-02T00:00:00+00:00, run_after=2024-12-03T00:00:00+00:00
[2024-12-03T15:34:54.117+0000] {processor.py:176} INFO - Processing /home/airflow/.local/lib/python3.7/site-packages/airflow/example_dags/example_branch_labels.py took 0.222 seconds
[2024-12-03T15:35:24.446+0000] {processor.py:154} INFO - Started process (PID=2076) to work on /home/airflow/.local/lib/python3.7/site-packages/airflow/example_dags/example_branch_labels.py
[2024-12-03T15:35:24.448+0000] {processor.py:756} INFO - Processing file /home/airflow/.local/lib/python3.7/site-packages/airflow/example_dags/example_branch_labels.py for tasks to queue
[2024-12-03T15:35:24.449+0000] {logging_mixin.py:120} INFO - [2024-12-03T15:35:24.449+0000] {dagbag.py:537} INFO - Filling up the DagBag from /home/airflow/.local/lib/python3.7/site-packages/airflow/example_dags/example_branch_labels.py
[2024-12-03T15:35:24.482+0000] {processor.py:766} INFO - DAG(s) dict_keys(['example_branch_labels']) retrieved from /home/airflow/.local/lib/python3.7/site-packages/airflow/example_dags/example_branch_labels.py
[2024-12-03T15:35:24.563+0000] {logging_mixin.py:120} INFO - [2024-12-03T15:35:24.562+0000] {dag.py:2585} INFO - Sync 1 DAGs
[2024-12-03T15:35:24.622+0000] {logging_mixin.py:120} INFO - [2024-12-03T15:35:24.622+0000] {dag.py:3340} INFO - Setting next_dagrun for example_branch_labels to 2024-12-02T00:00:00+00:00, run_after=2024-12-03T00:00:00+00:00
[2024-12-03T15:35:24.663+0000] {processor.py:176} INFO - Processing /home/airflow/.local/lib/python3.7/site-packages/airflow/example_dags/example_branch_labels.py took 0.223 seconds
[2024-12-03T15:35:55.446+0000] {processor.py:154} INFO - Started process (PID=2140) to work on /home/airflow/.local/lib/python3.7/site-packages/airflow/example_dags/example_branch_labels.py
[2024-12-03T15:35:55.448+0000] {processor.py:756} INFO - Processing file /home/airflow/.local/lib/python3.7/site-packages/airflow/example_dags/example_branch_labels.py for tasks to queue
[2024-12-03T15:35:55.450+0000] {logging_mixin.py:120} INFO - [2024-12-03T15:35:55.450+0000] {dagbag.py:537} INFO - Filling up the DagBag from /home/airflow/.local/lib/python3.7/site-packages/airflow/example_dags/example_branch_labels.py
[2024-12-03T15:35:55.477+0000] {processor.py:766} INFO - DAG(s) dict_keys(['example_branch_labels']) retrieved from /home/airflow/.local/lib/python3.7/site-packages/airflow/example_dags/example_branch_labels.py
[2024-12-03T15:35:55.562+0000] {logging_mixin.py:120} INFO - [2024-12-03T15:35:55.562+0000] {dag.py:2585} INFO - Sync 1 DAGs
[2024-12-03T15:35:55.611+0000] {logging_mixin.py:120} INFO - [2024-12-03T15:35:55.611+0000] {dag.py:3340} INFO - Setting next_dagrun for example_branch_labels to 2024-12-02T00:00:00+00:00, run_after=2024-12-03T00:00:00+00:00
[2024-12-03T15:35:55.658+0000] {processor.py:176} INFO - Processing /home/airflow/.local/lib/python3.7/site-packages/airflow/example_dags/example_branch_labels.py took 0.217 seconds
[2024-12-03T15:36:26.026+0000] {processor.py:154} INFO - Started process (PID=2195) to work on /home/airflow/.local/lib/python3.7/site-packages/airflow/example_dags/example_branch_labels.py
[2024-12-03T15:36:26.028+0000] {processor.py:756} INFO - Processing file /home/airflow/.local/lib/python3.7/site-packages/airflow/example_dags/example_branch_labels.py for tasks to queue
[2024-12-03T15:36:26.030+0000] {logging_mixin.py:120} INFO - [2024-12-03T15:36:26.030+0000] {dagbag.py:537} INFO - Filling up the DagBag from /home/airflow/.local/lib/python3.7/site-packages/airflow/example_dags/example_branch_labels.py
[2024-12-03T15:36:26.054+0000] {processor.py:766} INFO - DAG(s) dict_keys(['example_branch_labels']) retrieved from /home/airflow/.local/lib/python3.7/site-packages/airflow/example_dags/example_branch_labels.py
[2024-12-03T15:36:26.124+0000] {logging_mixin.py:120} INFO - [2024-12-03T15:36:26.124+0000] {dag.py:2585} INFO - Sync 1 DAGs
[2024-12-03T15:36:26.180+0000] {logging_mixin.py:120} INFO - [2024-12-03T15:36:26.179+0000] {dag.py:3340} INFO - Setting next_dagrun for example_branch_labels to 2024-12-02T00:00:00+00:00, run_after=2024-12-03T00:00:00+00:00
[2024-12-03T15:36:26.220+0000] {processor.py:176} INFO - Processing /home/airflow/.local/lib/python3.7/site-packages/airflow/example_dags/example_branch_labels.py took 0.199 seconds
[2024-12-03T15:36:56.328+0000] {processor.py:154} INFO - Started process (PID=2261) to work on /home/airflow/.local/lib/python3.7/site-packages/airflow/example_dags/example_branch_labels.py
[2024-12-03T15:36:56.330+0000] {processor.py:756} INFO - Processing file /home/airflow/.local/lib/python3.7/site-packages/airflow/example_dags/example_branch_labels.py for tasks to queue
[2024-12-03T15:36:56.332+0000] {logging_mixin.py:120} INFO - [2024-12-03T15:36:56.332+0000] {dagbag.py:537} INFO - Filling up the DagBag from /home/airflow/.local/lib/python3.7/site-packages/airflow/example_dags/example_branch_labels.py
[2024-12-03T15:36:56.356+0000] {processor.py:766} INFO - DAG(s) dict_keys(['example_branch_labels']) retrieved from /home/airflow/.local/lib/python3.7/site-packages/airflow/example_dags/example_branch_labels.py
[2024-12-03T15:36:56.441+0000] {logging_mixin.py:120} INFO - [2024-12-03T15:36:56.440+0000] {dag.py:2585} INFO - Sync 1 DAGs
[2024-12-03T15:36:56.506+0000] {logging_mixin.py:120} INFO - [2024-12-03T15:36:56.505+0000] {dag.py:3340} INFO - Setting next_dagrun for example_branch_labels to 2024-12-02T00:00:00+00:00, run_after=2024-12-03T00:00:00+00:00
[2024-12-03T15:36:56.556+0000] {processor.py:176} INFO - Processing /home/airflow/.local/lib/python3.7/site-packages/airflow/example_dags/example_branch_labels.py took 0.234 seconds
[2024-12-03T15:37:27.513+0000] {processor.py:154} INFO - Started process (PID=2316) to work on /home/airflow/.local/lib/python3.7/site-packages/airflow/example_dags/example_branch_labels.py
[2024-12-03T15:37:27.515+0000] {processor.py:756} INFO - Processing file /home/airflow/.local/lib/python3.7/site-packages/airflow/example_dags/example_branch_labels.py for tasks to queue
[2024-12-03T15:37:27.517+0000] {logging_mixin.py:120} INFO - [2024-12-03T15:37:27.517+0000] {dagbag.py:537} INFO - Filling up the DagBag from /home/airflow/.local/lib/python3.7/site-packages/airflow/example_dags/example_branch_labels.py
[2024-12-03T15:37:27.538+0000] {processor.py:766} INFO - DAG(s) dict_keys(['example_branch_labels']) retrieved from /home/airflow/.local/lib/python3.7/site-packages/airflow/example_dags/example_branch_labels.py
[2024-12-03T15:37:27.601+0000] {logging_mixin.py:120} INFO - [2024-12-03T15:37:27.601+0000] {dag.py:2585} INFO - Sync 1 DAGs
[2024-12-03T15:37:27.655+0000] {logging_mixin.py:120} INFO - [2024-12-03T15:37:27.655+0000] {dag.py:3340} INFO - Setting next_dagrun for example_branch_labels to 2024-12-02T00:00:00+00:00, run_after=2024-12-03T00:00:00+00:00
[2024-12-03T15:37:27.695+0000] {processor.py:176} INFO - Processing /home/airflow/.local/lib/python3.7/site-packages/airflow/example_dags/example_branch_labels.py took 0.187 seconds
[2024-12-03T15:37:58.148+0000] {processor.py:154} INFO - Started process (PID=2378) to work on /home/airflow/.local/lib/python3.7/site-packages/airflow/example_dags/example_branch_labels.py
[2024-12-03T15:37:58.150+0000] {processor.py:756} INFO - Processing file /home/airflow/.local/lib/python3.7/site-packages/airflow/example_dags/example_branch_labels.py for tasks to queue
[2024-12-03T15:37:58.153+0000] {logging_mixin.py:120} INFO - [2024-12-03T15:37:58.152+0000] {dagbag.py:537} INFO - Filling up the DagBag from /home/airflow/.local/lib/python3.7/site-packages/airflow/example_dags/example_branch_labels.py
[2024-12-03T15:37:58.186+0000] {processor.py:766} INFO - DAG(s) dict_keys(['example_branch_labels']) retrieved from /home/airflow/.local/lib/python3.7/site-packages/airflow/example_dags/example_branch_labels.py
[2024-12-03T15:37:58.289+0000] {logging_mixin.py:120} INFO - [2024-12-03T15:37:58.289+0000] {dag.py:2585} INFO - Sync 1 DAGs
[2024-12-03T15:37:58.447+0000] {logging_mixin.py:120} INFO - [2024-12-03T15:37:58.446+0000] {dag.py:3340} INFO - Setting next_dagrun for example_branch_labels to 2024-12-02T00:00:00+00:00, run_after=2024-12-03T00:00:00+00:00
[2024-12-03T15:37:58.490+0000] {processor.py:176} INFO - Processing /home/airflow/.local/lib/python3.7/site-packages/airflow/example_dags/example_branch_labels.py took 0.348 seconds
[2024-12-03T15:38:28.704+0000] {processor.py:154} INFO - Started process (PID=2435) to work on /home/airflow/.local/lib/python3.7/site-packages/airflow/example_dags/example_branch_labels.py
[2024-12-03T15:38:28.706+0000] {processor.py:756} INFO - Processing file /home/airflow/.local/lib/python3.7/site-packages/airflow/example_dags/example_branch_labels.py for tasks to queue
[2024-12-03T15:38:28.707+0000] {logging_mixin.py:120} INFO - [2024-12-03T15:38:28.707+0000] {dagbag.py:537} INFO - Filling up the DagBag from /home/airflow/.local/lib/python3.7/site-packages/airflow/example_dags/example_branch_labels.py
[2024-12-03T15:38:28.725+0000] {processor.py:766} INFO - DAG(s) dict_keys(['example_branch_labels']) retrieved from /home/airflow/.local/lib/python3.7/site-packages/airflow/example_dags/example_branch_labels.py
[2024-12-03T15:38:28.781+0000] {logging_mixin.py:120} INFO - [2024-12-03T15:38:28.780+0000] {dag.py:2585} INFO - Sync 1 DAGs
[2024-12-03T15:38:28.823+0000] {logging_mixin.py:120} INFO - [2024-12-03T15:38:28.823+0000] {dag.py:3340} INFO - Setting next_dagrun for example_branch_labels to 2024-12-02T00:00:00+00:00, run_after=2024-12-03T00:00:00+00:00
[2024-12-03T15:38:28.860+0000] {processor.py:176} INFO - Processing /home/airflow/.local/lib/python3.7/site-packages/airflow/example_dags/example_branch_labels.py took 0.159 seconds
[2024-12-03T15:38:59.003+0000] {processor.py:154} INFO - Started process (PID=2489) to work on /home/airflow/.local/lib/python3.7/site-packages/airflow/example_dags/example_branch_labels.py
[2024-12-03T15:38:59.005+0000] {processor.py:756} INFO - Processing file /home/airflow/.local/lib/python3.7/site-packages/airflow/example_dags/example_branch_labels.py for tasks to queue
[2024-12-03T15:38:59.007+0000] {logging_mixin.py:120} INFO - [2024-12-03T15:38:59.007+0000] {dagbag.py:537} INFO - Filling up the DagBag from /home/airflow/.local/lib/python3.7/site-packages/airflow/example_dags/example_branch_labels.py
[2024-12-03T15:38:59.039+0000] {processor.py:766} INFO - DAG(s) dict_keys(['example_branch_labels']) retrieved from /home/airflow/.local/lib/python3.7/site-packages/airflow/example_dags/example_branch_labels.py
[2024-12-03T15:38:59.109+0000] {logging_mixin.py:120} INFO - [2024-12-03T15:38:59.109+0000] {dag.py:2585} INFO - Sync 1 DAGs
[2024-12-03T15:38:59.160+0000] {logging_mixin.py:120} INFO - [2024-12-03T15:38:59.160+0000] {dag.py:3340} INFO - Setting next_dagrun for example_branch_labels to 2024-12-02T00:00:00+00:00, run_after=2024-12-03T00:00:00+00:00
[2024-12-03T15:38:59.215+0000] {processor.py:176} INFO - Processing /home/airflow/.local/lib/python3.7/site-packages/airflow/example_dags/example_branch_labels.py took 0.217 seconds
[2024-12-03T15:39:29.381+0000] {processor.py:154} INFO - Started process (PID=2553) to work on /home/airflow/.local/lib/python3.7/site-packages/airflow/example_dags/example_branch_labels.py
[2024-12-03T15:39:29.382+0000] {processor.py:756} INFO - Processing file /home/airflow/.local/lib/python3.7/site-packages/airflow/example_dags/example_branch_labels.py for tasks to queue
[2024-12-03T15:39:29.384+0000] {logging_mixin.py:120} INFO - [2024-12-03T15:39:29.384+0000] {dagbag.py:537} INFO - Filling up the DagBag from /home/airflow/.local/lib/python3.7/site-packages/airflow/example_dags/example_branch_labels.py
[2024-12-03T15:39:29.404+0000] {processor.py:766} INFO - DAG(s) dict_keys(['example_branch_labels']) retrieved from /home/airflow/.local/lib/python3.7/site-packages/airflow/example_dags/example_branch_labels.py
[2024-12-03T15:39:29.472+0000] {logging_mixin.py:120} INFO - [2024-12-03T15:39:29.472+0000] {dag.py:2585} INFO - Sync 1 DAGs
[2024-12-03T15:39:29.512+0000] {logging_mixin.py:120} INFO - [2024-12-03T15:39:29.511+0000] {dag.py:3340} INFO - Setting next_dagrun for example_branch_labels to 2024-12-02T00:00:00+00:00, run_after=2024-12-03T00:00:00+00:00
[2024-12-03T15:39:29.558+0000] {processor.py:176} INFO - Processing /home/airflow/.local/lib/python3.7/site-packages/airflow/example_dags/example_branch_labels.py took 0.182 seconds
[2024-12-03T15:39:59.689+0000] {processor.py:154} INFO - Started process (PID=2608) to work on /home/airflow/.local/lib/python3.7/site-packages/airflow/example_dags/example_branch_labels.py
[2024-12-03T15:39:59.690+0000] {processor.py:756} INFO - Processing file /home/airflow/.local/lib/python3.7/site-packages/airflow/example_dags/example_branch_labels.py for tasks to queue
[2024-12-03T15:39:59.692+0000] {logging_mixin.py:120} INFO - [2024-12-03T15:39:59.692+0000] {dagbag.py:537} INFO - Filling up the DagBag from /home/airflow/.local/lib/python3.7/site-packages/airflow/example_dags/example_branch_labels.py
[2024-12-03T15:39:59.713+0000] {processor.py:766} INFO - DAG(s) dict_keys(['example_branch_labels']) retrieved from /home/airflow/.local/lib/python3.7/site-packages/airflow/example_dags/example_branch_labels.py
[2024-12-03T15:39:59.780+0000] {logging_mixin.py:120} INFO - [2024-12-03T15:39:59.780+0000] {dag.py:2585} INFO - Sync 1 DAGs
[2024-12-03T15:39:59.830+0000] {logging_mixin.py:120} INFO - [2024-12-03T15:39:59.830+0000] {dag.py:3340} INFO - Setting next_dagrun for example_branch_labels to 2024-12-02T00:00:00+00:00, run_after=2024-12-03T00:00:00+00:00
[2024-12-03T15:39:59.873+0000] {processor.py:176} INFO - Processing /home/airflow/.local/lib/python3.7/site-packages/airflow/example_dags/example_branch_labels.py took 0.189 seconds
[2024-12-03T15:40:30.469+0000] {processor.py:154} INFO - Started process (PID=2672) to work on /home/airflow/.local/lib/python3.7/site-packages/airflow/example_dags/example_branch_labels.py
[2024-12-03T15:40:30.471+0000] {processor.py:756} INFO - Processing file /home/airflow/.local/lib/python3.7/site-packages/airflow/example_dags/example_branch_labels.py for tasks to queue
[2024-12-03T15:40:30.474+0000] {logging_mixin.py:120} INFO - [2024-12-03T15:40:30.473+0000] {dagbag.py:537} INFO - Filling up the DagBag from /home/airflow/.local/lib/python3.7/site-packages/airflow/example_dags/example_branch_labels.py
[2024-12-03T15:40:30.507+0000] {processor.py:766} INFO - DAG(s) dict_keys(['example_branch_labels']) retrieved from /home/airflow/.local/lib/python3.7/site-packages/airflow/example_dags/example_branch_labels.py
[2024-12-03T15:40:30.593+0000] {logging_mixin.py:120} INFO - [2024-12-03T15:40:30.592+0000] {dag.py:2585} INFO - Sync 1 DAGs
[2024-12-03T15:40:30.649+0000] {logging_mixin.py:120} INFO - [2024-12-03T15:40:30.649+0000] {dag.py:3340} INFO - Setting next_dagrun for example_branch_labels to 2024-12-02T00:00:00+00:00, run_after=2024-12-03T00:00:00+00:00
[2024-12-03T15:40:30.701+0000] {processor.py:176} INFO - Processing /home/airflow/.local/lib/python3.7/site-packages/airflow/example_dags/example_branch_labels.py took 0.238 seconds
[2024-12-03T15:41:00.912+0000] {processor.py:154} INFO - Started process (PID=2727) to work on /home/airflow/.local/lib/python3.7/site-packages/airflow/example_dags/example_branch_labels.py
[2024-12-03T15:41:00.915+0000] {processor.py:756} INFO - Processing file /home/airflow/.local/lib/python3.7/site-packages/airflow/example_dags/example_branch_labels.py for tasks to queue
[2024-12-03T15:41:00.917+0000] {logging_mixin.py:120} INFO - [2024-12-03T15:41:00.916+0000] {dagbag.py:537} INFO - Filling up the DagBag from /home/airflow/.local/lib/python3.7/site-packages/airflow/example_dags/example_branch_labels.py
[2024-12-03T15:41:00.940+0000] {processor.py:766} INFO - DAG(s) dict_keys(['example_branch_labels']) retrieved from /home/airflow/.local/lib/python3.7/site-packages/airflow/example_dags/example_branch_labels.py
[2024-12-03T15:41:01.015+0000] {logging_mixin.py:120} INFO - [2024-12-03T15:41:01.015+0000] {dag.py:2585} INFO - Sync 1 DAGs
[2024-12-03T15:41:01.068+0000] {logging_mixin.py:120} INFO - [2024-12-03T15:41:01.068+0000] {dag.py:3340} INFO - Setting next_dagrun for example_branch_labels to 2024-12-02T00:00:00+00:00, run_after=2024-12-03T00:00:00+00:00
[2024-12-03T15:41:01.111+0000] {processor.py:176} INFO - Processing /home/airflow/.local/lib/python3.7/site-packages/airflow/example_dags/example_branch_labels.py took 0.204 seconds
[2024-12-03T15:41:31.764+0000] {processor.py:154} INFO - Started process (PID=2791) to work on /home/airflow/.local/lib/python3.7/site-packages/airflow/example_dags/example_branch_labels.py
[2024-12-03T15:41:31.766+0000] {processor.py:756} INFO - Processing file /home/airflow/.local/lib/python3.7/site-packages/airflow/example_dags/example_branch_labels.py for tasks to queue
[2024-12-03T15:41:31.769+0000] {logging_mixin.py:120} INFO - [2024-12-03T15:41:31.768+0000] {dagbag.py:537} INFO - Filling up the DagBag from /home/airflow/.local/lib/python3.7/site-packages/airflow/example_dags/example_branch_labels.py
[2024-12-03T15:41:31.805+0000] {processor.py:766} INFO - DAG(s) dict_keys(['example_branch_labels']) retrieved from /home/airflow/.local/lib/python3.7/site-packages/airflow/example_dags/example_branch_labels.py
[2024-12-03T15:41:31.913+0000] {logging_mixin.py:120} INFO - [2024-12-03T15:41:31.913+0000] {dag.py:2585} INFO - Sync 1 DAGs
[2024-12-03T15:41:31.977+0000] {logging_mixin.py:120} INFO - [2024-12-03T15:41:31.977+0000] {dag.py:3340} INFO - Setting next_dagrun for example_branch_labels to 2024-12-02T00:00:00+00:00, run_after=2024-12-03T00:00:00+00:00
[2024-12-03T15:41:32.035+0000] {processor.py:176} INFO - Processing /home/airflow/.local/lib/python3.7/site-packages/airflow/example_dags/example_branch_labels.py took 0.277 seconds
[2024-12-03T15:42:02.302+0000] {processor.py:154} INFO - Started process (PID=2846) to work on /home/airflow/.local/lib/python3.7/site-packages/airflow/example_dags/example_branch_labels.py
[2024-12-03T15:42:02.304+0000] {processor.py:756} INFO - Processing file /home/airflow/.local/lib/python3.7/site-packages/airflow/example_dags/example_branch_labels.py for tasks to queue
[2024-12-03T15:42:02.306+0000] {logging_mixin.py:120} INFO - [2024-12-03T15:42:02.305+0000] {dagbag.py:537} INFO - Filling up the DagBag from /home/airflow/.local/lib/python3.7/site-packages/airflow/example_dags/example_branch_labels.py
[2024-12-03T15:42:02.327+0000] {processor.py:766} INFO - DAG(s) dict_keys(['example_branch_labels']) retrieved from /home/airflow/.local/lib/python3.7/site-packages/airflow/example_dags/example_branch_labels.py
[2024-12-03T15:42:02.385+0000] {logging_mixin.py:120} INFO - [2024-12-03T15:42:02.385+0000] {dag.py:2585} INFO - Sync 1 DAGs
[2024-12-03T15:42:02.425+0000] {logging_mixin.py:120} INFO - [2024-12-03T15:42:02.425+0000] {dag.py:3340} INFO - Setting next_dagrun for example_branch_labels to 2024-12-02T00:00:00+00:00, run_after=2024-12-03T00:00:00+00:00
[2024-12-03T15:42:02.469+0000] {processor.py:176} INFO - Processing /home/airflow/.local/lib/python3.7/site-packages/airflow/example_dags/example_branch_labels.py took 0.169 seconds
[2024-12-03T15:42:32.621+0000] {processor.py:154} INFO - Started process (PID=2901) to work on /home/airflow/.local/lib/python3.7/site-packages/airflow/example_dags/example_branch_labels.py
[2024-12-03T15:42:32.623+0000] {processor.py:756} INFO - Processing file /home/airflow/.local/lib/python3.7/site-packages/airflow/example_dags/example_branch_labels.py for tasks to queue
[2024-12-03T15:42:32.625+0000] {logging_mixin.py:120} INFO - [2024-12-03T15:42:32.625+0000] {dagbag.py:537} INFO - Filling up the DagBag from /home/airflow/.local/lib/python3.7/site-packages/airflow/example_dags/example_branch_labels.py
[2024-12-03T15:42:32.655+0000] {processor.py:766} INFO - DAG(s) dict_keys(['example_branch_labels']) retrieved from /home/airflow/.local/lib/python3.7/site-packages/airflow/example_dags/example_branch_labels.py
[2024-12-03T15:42:32.728+0000] {logging_mixin.py:120} INFO - [2024-12-03T15:42:32.728+0000] {dag.py:2585} INFO - Sync 1 DAGs
[2024-12-03T15:42:32.785+0000] {logging_mixin.py:120} INFO - [2024-12-03T15:42:32.785+0000] {dag.py:3340} INFO - Setting next_dagrun for example_branch_labels to 2024-12-02T00:00:00+00:00, run_after=2024-12-03T00:00:00+00:00
[2024-12-03T15:42:32.829+0000] {processor.py:176} INFO - Processing /home/airflow/.local/lib/python3.7/site-packages/airflow/example_dags/example_branch_labels.py took 0.215 seconds
[2024-12-03T15:43:03.312+0000] {processor.py:154} INFO - Started process (PID=2965) to work on /home/airflow/.local/lib/python3.7/site-packages/airflow/example_dags/example_branch_labels.py
[2024-12-03T15:43:03.314+0000] {processor.py:756} INFO - Processing file /home/airflow/.local/lib/python3.7/site-packages/airflow/example_dags/example_branch_labels.py for tasks to queue
[2024-12-03T15:43:03.316+0000] {logging_mixin.py:120} INFO - [2024-12-03T15:43:03.315+0000] {dagbag.py:537} INFO - Filling up the DagBag from /home/airflow/.local/lib/python3.7/site-packages/airflow/example_dags/example_branch_labels.py
[2024-12-03T15:43:03.335+0000] {processor.py:766} INFO - DAG(s) dict_keys(['example_branch_labels']) retrieved from /home/airflow/.local/lib/python3.7/site-packages/airflow/example_dags/example_branch_labels.py
[2024-12-03T15:43:03.390+0000] {logging_mixin.py:120} INFO - [2024-12-03T15:43:03.390+0000] {dag.py:2585} INFO - Sync 1 DAGs
[2024-12-03T15:43:03.428+0000] {logging_mixin.py:120} INFO - [2024-12-03T15:43:03.428+0000] {dag.py:3340} INFO - Setting next_dagrun for example_branch_labels to 2024-12-02T00:00:00+00:00, run_after=2024-12-03T00:00:00+00:00
[2024-12-03T15:43:03.462+0000] {processor.py:176} INFO - Processing /home/airflow/.local/lib/python3.7/site-packages/airflow/example_dags/example_branch_labels.py took 0.155 seconds
[2024-12-03T15:43:33.809+0000] {processor.py:154} INFO - Started process (PID=3021) to work on /home/airflow/.local/lib/python3.7/site-packages/airflow/example_dags/example_branch_labels.py
[2024-12-03T15:43:33.811+0000] {processor.py:756} INFO - Processing file /home/airflow/.local/lib/python3.7/site-packages/airflow/example_dags/example_branch_labels.py for tasks to queue
[2024-12-03T15:43:33.815+0000] {logging_mixin.py:120} INFO - [2024-12-03T15:43:33.814+0000] {dagbag.py:537} INFO - Filling up the DagBag from /home/airflow/.local/lib/python3.7/site-packages/airflow/example_dags/example_branch_labels.py
[2024-12-03T15:43:33.837+0000] {processor.py:766} INFO - DAG(s) dict_keys(['example_branch_labels']) retrieved from /home/airflow/.local/lib/python3.7/site-packages/airflow/example_dags/example_branch_labels.py
[2024-12-03T15:43:33.923+0000] {logging_mixin.py:120} INFO - [2024-12-03T15:43:33.923+0000] {dag.py:2585} INFO - Sync 1 DAGs
[2024-12-03T15:43:33.983+0000] {logging_mixin.py:120} INFO - [2024-12-03T15:43:33.983+0000] {dag.py:3340} INFO - Setting next_dagrun for example_branch_labels to 2024-12-02T00:00:00+00:00, run_after=2024-12-03T00:00:00+00:00
[2024-12-03T15:43:34.040+0000] {processor.py:176} INFO - Processing /home/airflow/.local/lib/python3.7/site-packages/airflow/example_dags/example_branch_labels.py took 0.242 seconds
[2024-12-03T15:44:04.910+0000] {processor.py:154} INFO - Started process (PID=3085) to work on /home/airflow/.local/lib/python3.7/site-packages/airflow/example_dags/example_branch_labels.py
[2024-12-03T15:44:04.912+0000] {processor.py:756} INFO - Processing file /home/airflow/.local/lib/python3.7/site-packages/airflow/example_dags/example_branch_labels.py for tasks to queue
[2024-12-03T15:44:04.914+0000] {logging_mixin.py:120} INFO - [2024-12-03T15:44:04.914+0000] {dagbag.py:537} INFO - Filling up the DagBag from /home/airflow/.local/lib/python3.7/site-packages/airflow/example_dags/example_branch_labels.py
[2024-12-03T15:44:04.938+0000] {processor.py:766} INFO - DAG(s) dict_keys(['example_branch_labels']) retrieved from /home/airflow/.local/lib/python3.7/site-packages/airflow/example_dags/example_branch_labels.py
[2024-12-03T15:44:05.014+0000] {logging_mixin.py:120} INFO - [2024-12-03T15:44:05.014+0000] {dag.py:2585} INFO - Sync 1 DAGs
[2024-12-03T15:44:05.072+0000] {logging_mixin.py:120} INFO - [2024-12-03T15:44:05.072+0000] {dag.py:3340} INFO - Setting next_dagrun for example_branch_labels to 2024-12-02T00:00:00+00:00, run_after=2024-12-03T00:00:00+00:00
[2024-12-03T15:44:05.133+0000] {processor.py:176} INFO - Processing /home/airflow/.local/lib/python3.7/site-packages/airflow/example_dags/example_branch_labels.py took 0.228 seconds
[2024-12-03T15:44:35.769+0000] {processor.py:154} INFO - Started process (PID=3140) to work on /home/airflow/.local/lib/python3.7/site-packages/airflow/example_dags/example_branch_labels.py
[2024-12-03T15:44:35.771+0000] {processor.py:756} INFO - Processing file /home/airflow/.local/lib/python3.7/site-packages/airflow/example_dags/example_branch_labels.py for tasks to queue
[2024-12-03T15:44:35.773+0000] {logging_mixin.py:120} INFO - [2024-12-03T15:44:35.772+0000] {dagbag.py:537} INFO - Filling up the DagBag from /home/airflow/.local/lib/python3.7/site-packages/airflow/example_dags/example_branch_labels.py
[2024-12-03T15:44:35.802+0000] {processor.py:766} INFO - DAG(s) dict_keys(['example_branch_labels']) retrieved from /home/airflow/.local/lib/python3.7/site-packages/airflow/example_dags/example_branch_labels.py
[2024-12-03T15:44:35.878+0000] {logging_mixin.py:120} INFO - [2024-12-03T15:44:35.878+0000] {dag.py:2585} INFO - Sync 1 DAGs
[2024-12-03T15:44:35.923+0000] {logging_mixin.py:120} INFO - [2024-12-03T15:44:35.923+0000] {dag.py:3340} INFO - Setting next_dagrun for example_branch_labels to 2024-12-02T00:00:00+00:00, run_after=2024-12-03T00:00:00+00:00
[2024-12-03T15:44:35.967+0000] {processor.py:176} INFO - Processing /home/airflow/.local/lib/python3.7/site-packages/airflow/example_dags/example_branch_labels.py took 0.207 seconds
[2024-12-03T15:45:06.087+0000] {processor.py:154} INFO - Started process (PID=3204) to work on /home/airflow/.local/lib/python3.7/site-packages/airflow/example_dags/example_branch_labels.py
[2024-12-03T15:45:06.089+0000] {processor.py:756} INFO - Processing file /home/airflow/.local/lib/python3.7/site-packages/airflow/example_dags/example_branch_labels.py for tasks to queue
[2024-12-03T15:45:06.092+0000] {logging_mixin.py:120} INFO - [2024-12-03T15:45:06.092+0000] {dagbag.py:537} INFO - Filling up the DagBag from /home/airflow/.local/lib/python3.7/site-packages/airflow/example_dags/example_branch_labels.py
[2024-12-03T15:45:06.144+0000] {processor.py:766} INFO - DAG(s) dict_keys(['example_branch_labels']) retrieved from /home/airflow/.local/lib/python3.7/site-packages/airflow/example_dags/example_branch_labels.py
[2024-12-03T15:45:06.252+0000] {logging_mixin.py:120} INFO - [2024-12-03T15:45:06.252+0000] {dag.py:2585} INFO - Sync 1 DAGs
[2024-12-03T15:45:06.306+0000] {logging_mixin.py:120} INFO - [2024-12-03T15:45:06.306+0000] {dag.py:3340} INFO - Setting next_dagrun for example_branch_labels to 2024-12-02T00:00:00+00:00, run_after=2024-12-03T00:00:00+00:00
[2024-12-03T15:45:06.363+0000] {processor.py:176} INFO - Processing /home/airflow/.local/lib/python3.7/site-packages/airflow/example_dags/example_branch_labels.py took 0.283 seconds
[2024-12-03T15:45:37.150+0000] {processor.py:154} INFO - Started process (PID=3259) to work on /home/airflow/.local/lib/python3.7/site-packages/airflow/example_dags/example_branch_labels.py
[2024-12-03T15:45:37.152+0000] {processor.py:756} INFO - Processing file /home/airflow/.local/lib/python3.7/site-packages/airflow/example_dags/example_branch_labels.py for tasks to queue
[2024-12-03T15:45:37.154+0000] {logging_mixin.py:120} INFO - [2024-12-03T15:45:37.153+0000] {dagbag.py:537} INFO - Filling up the DagBag from /home/airflow/.local/lib/python3.7/site-packages/airflow/example_dags/example_branch_labels.py
[2024-12-03T15:45:37.178+0000] {processor.py:766} INFO - DAG(s) dict_keys(['example_branch_labels']) retrieved from /home/airflow/.local/lib/python3.7/site-packages/airflow/example_dags/example_branch_labels.py
[2024-12-03T15:45:37.252+0000] {logging_mixin.py:120} INFO - [2024-12-03T15:45:37.252+0000] {dag.py:2585} INFO - Sync 1 DAGs
[2024-12-03T15:45:37.298+0000] {logging_mixin.py:120} INFO - [2024-12-03T15:45:37.297+0000] {dag.py:3340} INFO - Setting next_dagrun for example_branch_labels to 2024-12-02T00:00:00+00:00, run_after=2024-12-03T00:00:00+00:00
[2024-12-03T15:45:37.341+0000] {processor.py:176} INFO - Processing /home/airflow/.local/lib/python3.7/site-packages/airflow/example_dags/example_branch_labels.py took 0.198 seconds
[2024-12-03T15:46:08.042+0000] {processor.py:154} INFO - Started process (PID=3323) to work on /home/airflow/.local/lib/python3.7/site-packages/airflow/example_dags/example_branch_labels.py
[2024-12-03T15:46:08.044+0000] {processor.py:756} INFO - Processing file /home/airflow/.local/lib/python3.7/site-packages/airflow/example_dags/example_branch_labels.py for tasks to queue
[2024-12-03T15:46:08.046+0000] {logging_mixin.py:120} INFO - [2024-12-03T15:46:08.046+0000] {dagbag.py:537} INFO - Filling up the DagBag from /home/airflow/.local/lib/python3.7/site-packages/airflow/example_dags/example_branch_labels.py
[2024-12-03T15:46:08.080+0000] {processor.py:766} INFO - DAG(s) dict_keys(['example_branch_labels']) retrieved from /home/airflow/.local/lib/python3.7/site-packages/airflow/example_dags/example_branch_labels.py
[2024-12-03T15:46:08.158+0000] {logging_mixin.py:120} INFO - [2024-12-03T15:46:08.158+0000] {dag.py:2585} INFO - Sync 1 DAGs
[2024-12-03T15:46:08.202+0000] {logging_mixin.py:120} INFO - [2024-12-03T15:46:08.202+0000] {dag.py:3340} INFO - Setting next_dagrun for example_branch_labels to 2024-12-02T00:00:00+00:00, run_after=2024-12-03T00:00:00+00:00
[2024-12-03T15:46:08.241+0000] {processor.py:176} INFO - Processing /home/airflow/.local/lib/python3.7/site-packages/airflow/example_dags/example_branch_labels.py took 0.203 seconds
[2024-12-03T15:46:38.592+0000] {processor.py:154} INFO - Started process (PID=3379) to work on /home/airflow/.local/lib/python3.7/site-packages/airflow/example_dags/example_branch_labels.py
[2024-12-03T15:46:38.594+0000] {processor.py:756} INFO - Processing file /home/airflow/.local/lib/python3.7/site-packages/airflow/example_dags/example_branch_labels.py for tasks to queue
[2024-12-03T15:46:38.595+0000] {logging_mixin.py:120} INFO - [2024-12-03T15:46:38.595+0000] {dagbag.py:537} INFO - Filling up the DagBag from /home/airflow/.local/lib/python3.7/site-packages/airflow/example_dags/example_branch_labels.py
[2024-12-03T15:46:38.626+0000] {processor.py:766} INFO - DAG(s) dict_keys(['example_branch_labels']) retrieved from /home/airflow/.local/lib/python3.7/site-packages/airflow/example_dags/example_branch_labels.py
[2024-12-03T15:46:38.701+0000] {logging_mixin.py:120} INFO - [2024-12-03T15:46:38.701+0000] {dag.py:2585} INFO - Sync 1 DAGs
[2024-12-03T15:46:38.746+0000] {logging_mixin.py:120} INFO - [2024-12-03T15:46:38.746+0000] {dag.py:3340} INFO - Setting next_dagrun for example_branch_labels to 2024-12-02T00:00:00+00:00, run_after=2024-12-03T00:00:00+00:00
[2024-12-03T15:46:38.792+0000] {processor.py:176} INFO - Processing /home/airflow/.local/lib/python3.7/site-packages/airflow/example_dags/example_branch_labels.py took 0.204 seconds
[2024-12-03T15:47:10.011+0000] {processor.py:154} INFO - Started process (PID=3443) to work on /home/airflow/.local/lib/python3.7/site-packages/airflow/example_dags/example_branch_labels.py
[2024-12-03T15:47:10.013+0000] {processor.py:756} INFO - Processing file /home/airflow/.local/lib/python3.7/site-packages/airflow/example_dags/example_branch_labels.py for tasks to queue
[2024-12-03T15:47:10.016+0000] {logging_mixin.py:120} INFO - [2024-12-03T15:47:10.016+0000] {dagbag.py:537} INFO - Filling up the DagBag from /home/airflow/.local/lib/python3.7/site-packages/airflow/example_dags/example_branch_labels.py
[2024-12-03T15:47:10.051+0000] {processor.py:766} INFO - DAG(s) dict_keys(['example_branch_labels']) retrieved from /home/airflow/.local/lib/python3.7/site-packages/airflow/example_dags/example_branch_labels.py
[2024-12-03T15:47:10.129+0000] {logging_mixin.py:120} INFO - [2024-12-03T15:47:10.129+0000] {dag.py:2585} INFO - Sync 1 DAGs
[2024-12-03T15:47:10.182+0000] {logging_mixin.py:120} INFO - [2024-12-03T15:47:10.181+0000] {dag.py:3340} INFO - Setting next_dagrun for example_branch_labels to 2024-12-02T00:00:00+00:00, run_after=2024-12-03T00:00:00+00:00
[2024-12-03T15:47:10.231+0000] {processor.py:176} INFO - Processing /home/airflow/.local/lib/python3.7/site-packages/airflow/example_dags/example_branch_labels.py took 0.226 seconds
[2024-12-03T15:47:40.335+0000] {processor.py:154} INFO - Started process (PID=3498) to work on /home/airflow/.local/lib/python3.7/site-packages/airflow/example_dags/example_branch_labels.py
[2024-12-03T15:47:40.336+0000] {processor.py:756} INFO - Processing file /home/airflow/.local/lib/python3.7/site-packages/airflow/example_dags/example_branch_labels.py for tasks to queue
[2024-12-03T15:47:40.338+0000] {logging_mixin.py:120} INFO - [2024-12-03T15:47:40.338+0000] {dagbag.py:537} INFO - Filling up the DagBag from /home/airflow/.local/lib/python3.7/site-packages/airflow/example_dags/example_branch_labels.py
[2024-12-03T15:47:40.358+0000] {processor.py:766} INFO - DAG(s) dict_keys(['example_branch_labels']) retrieved from /home/airflow/.local/lib/python3.7/site-packages/airflow/example_dags/example_branch_labels.py
[2024-12-03T15:47:40.418+0000] {logging_mixin.py:120} INFO - [2024-12-03T15:47:40.417+0000] {dag.py:2585} INFO - Sync 1 DAGs
[2024-12-03T15:47:40.471+0000] {logging_mixin.py:120} INFO - [2024-12-03T15:47:40.470+0000] {dag.py:3340} INFO - Setting next_dagrun for example_branch_labels to 2024-12-02T00:00:00+00:00, run_after=2024-12-03T00:00:00+00:00
[2024-12-03T15:47:40.506+0000] {processor.py:176} INFO - Processing /home/airflow/.local/lib/python3.7/site-packages/airflow/example_dags/example_branch_labels.py took 0.175 seconds
[2024-12-03T15:49:15.152+0000] {processor.py:154} INFO - Started process (PID=82) to work on /home/airflow/.local/lib/python3.7/site-packages/airflow/example_dags/example_branch_labels.py
[2024-12-03T15:49:15.155+0000] {processor.py:756} INFO - Processing file /home/airflow/.local/lib/python3.7/site-packages/airflow/example_dags/example_branch_labels.py for tasks to queue
[2024-12-03T15:49:15.158+0000] {logging_mixin.py:120} INFO - [2024-12-03T15:49:15.158+0000] {dagbag.py:537} INFO - Filling up the DagBag from /home/airflow/.local/lib/python3.7/site-packages/airflow/example_dags/example_branch_labels.py
[2024-12-03T15:49:15.261+0000] {processor.py:766} INFO - DAG(s) dict_keys(['example_branch_labels']) retrieved from /home/airflow/.local/lib/python3.7/site-packages/airflow/example_dags/example_branch_labels.py
[2024-12-03T15:49:15.338+0000] {logging_mixin.py:120} INFO - [2024-12-03T15:49:15.337+0000] {dag.py:2585} INFO - Sync 1 DAGs
[2024-12-03T15:49:15.514+0000] {logging_mixin.py:120} INFO - [2024-12-03T15:49:15.513+0000] {dag.py:3340} INFO - Setting next_dagrun for example_branch_labels to 2024-12-02T00:00:00+00:00, run_after=2024-12-03T00:00:00+00:00
[2024-12-03T15:49:15.639+0000] {processor.py:176} INFO - Processing /home/airflow/.local/lib/python3.7/site-packages/airflow/example_dags/example_branch_labels.py took 0.494 seconds
[2024-12-03T15:50:04.653+0000] {processor.py:154} INFO - Started process (PID=138) to work on /home/airflow/.local/lib/python3.7/site-packages/airflow/example_dags/example_branch_labels.py
[2024-12-03T15:50:04.664+0000] {processor.py:756} INFO - Processing file /home/airflow/.local/lib/python3.7/site-packages/airflow/example_dags/example_branch_labels.py for tasks to queue
[2024-12-03T15:50:04.685+0000] {logging_mixin.py:120} INFO - [2024-12-03T15:50:04.683+0000] {dagbag.py:537} INFO - Filling up the DagBag from /home/airflow/.local/lib/python3.7/site-packages/airflow/example_dags/example_branch_labels.py
[2024-12-03T15:50:04.833+0000] {processor.py:766} INFO - DAG(s) dict_keys(['example_branch_labels']) retrieved from /home/airflow/.local/lib/python3.7/site-packages/airflow/example_dags/example_branch_labels.py
[2024-12-03T15:50:05.180+0000] {logging_mixin.py:120} INFO - [2024-12-03T15:50:05.179+0000] {dag.py:2585} INFO - Sync 1 DAGs
[2024-12-03T15:50:05.425+0000] {logging_mixin.py:120} INFO - [2024-12-03T15:50:05.424+0000] {dag.py:3340} INFO - Setting next_dagrun for example_branch_labels to 2024-12-02T00:00:00+00:00, run_after=2024-12-03T00:00:00+00:00
[2024-12-03T15:50:05.577+0000] {processor.py:176} INFO - Processing /home/airflow/.local/lib/python3.7/site-packages/airflow/example_dags/example_branch_labels.py took 0.947 seconds
[2024-12-03T15:50:35.793+0000] {processor.py:154} INFO - Started process (PID=194) to work on /home/airflow/.local/lib/python3.7/site-packages/airflow/example_dags/example_branch_labels.py
[2024-12-03T15:50:35.796+0000] {processor.py:756} INFO - Processing file /home/airflow/.local/lib/python3.7/site-packages/airflow/example_dags/example_branch_labels.py for tasks to queue
[2024-12-03T15:50:35.798+0000] {logging_mixin.py:120} INFO - [2024-12-03T15:50:35.798+0000] {dagbag.py:537} INFO - Filling up the DagBag from /home/airflow/.local/lib/python3.7/site-packages/airflow/example_dags/example_branch_labels.py
[2024-12-03T15:50:35.817+0000] {processor.py:766} INFO - DAG(s) dict_keys(['example_branch_labels']) retrieved from /home/airflow/.local/lib/python3.7/site-packages/airflow/example_dags/example_branch_labels.py
[2024-12-03T15:50:35.883+0000] {logging_mixin.py:120} INFO - [2024-12-03T15:50:35.883+0000] {dag.py:2585} INFO - Sync 1 DAGs
[2024-12-03T15:50:35.920+0000] {logging_mixin.py:120} INFO - [2024-12-03T15:50:35.920+0000] {dag.py:3340} INFO - Setting next_dagrun for example_branch_labels to 2024-12-02T00:00:00+00:00, run_after=2024-12-03T00:00:00+00:00
[2024-12-03T15:50:35.959+0000] {processor.py:176} INFO - Processing /home/airflow/.local/lib/python3.7/site-packages/airflow/example_dags/example_branch_labels.py took 0.169 seconds
[2024-12-03T15:51:06.502+0000] {processor.py:154} INFO - Started process (PID=249) to work on /home/airflow/.local/lib/python3.7/site-packages/airflow/example_dags/example_branch_labels.py
[2024-12-03T15:51:06.504+0000] {processor.py:756} INFO - Processing file /home/airflow/.local/lib/python3.7/site-packages/airflow/example_dags/example_branch_labels.py for tasks to queue
[2024-12-03T15:51:06.507+0000] {logging_mixin.py:120} INFO - [2024-12-03T15:51:06.507+0000] {dagbag.py:537} INFO - Filling up the DagBag from /home/airflow/.local/lib/python3.7/site-packages/airflow/example_dags/example_branch_labels.py
[2024-12-03T15:51:06.530+0000] {processor.py:766} INFO - DAG(s) dict_keys(['example_branch_labels']) retrieved from /home/airflow/.local/lib/python3.7/site-packages/airflow/example_dags/example_branch_labels.py
[2024-12-03T15:51:06.654+0000] {logging_mixin.py:120} INFO - [2024-12-03T15:51:06.654+0000] {dag.py:2585} INFO - Sync 1 DAGs
[2024-12-03T15:51:06.728+0000] {logging_mixin.py:120} INFO - [2024-12-03T15:51:06.728+0000] {dag.py:3340} INFO - Setting next_dagrun for example_branch_labels to 2024-12-02T00:00:00+00:00, run_after=2024-12-03T00:00:00+00:00
[2024-12-03T15:51:06.771+0000] {processor.py:176} INFO - Processing /home/airflow/.local/lib/python3.7/site-packages/airflow/example_dags/example_branch_labels.py took 0.274 seconds
[2024-12-03T15:51:36.989+0000] {processor.py:154} INFO - Started process (PID=313) to work on /home/airflow/.local/lib/python3.7/site-packages/airflow/example_dags/example_branch_labels.py
[2024-12-03T15:51:36.991+0000] {processor.py:756} INFO - Processing file /home/airflow/.local/lib/python3.7/site-packages/airflow/example_dags/example_branch_labels.py for tasks to queue
[2024-12-03T15:51:36.993+0000] {logging_mixin.py:120} INFO - [2024-12-03T15:51:36.992+0000] {dagbag.py:537} INFO - Filling up the DagBag from /home/airflow/.local/lib/python3.7/site-packages/airflow/example_dags/example_branch_labels.py
[2024-12-03T15:51:37.015+0000] {processor.py:766} INFO - DAG(s) dict_keys(['example_branch_labels']) retrieved from /home/airflow/.local/lib/python3.7/site-packages/airflow/example_dags/example_branch_labels.py
[2024-12-03T15:51:37.079+0000] {logging_mixin.py:120} INFO - [2024-12-03T15:51:37.079+0000] {dag.py:2585} INFO - Sync 1 DAGs
[2024-12-03T15:51:37.131+0000] {logging_mixin.py:120} INFO - [2024-12-03T15:51:37.130+0000] {dag.py:3340} INFO - Setting next_dagrun for example_branch_labels to 2024-12-02T00:00:00+00:00, run_after=2024-12-03T00:00:00+00:00
[2024-12-03T15:51:37.173+0000] {processor.py:176} INFO - Processing /home/airflow/.local/lib/python3.7/site-packages/airflow/example_dags/example_branch_labels.py took 0.188 seconds
[2024-12-03T15:53:05.782+0000] {processor.py:154} INFO - Started process (PID=70) to work on /home/airflow/.local/lib/python3.7/site-packages/airflow/example_dags/example_branch_labels.py
[2024-12-03T15:53:05.785+0000] {processor.py:756} INFO - Processing file /home/airflow/.local/lib/python3.7/site-packages/airflow/example_dags/example_branch_labels.py for tasks to queue
[2024-12-03T15:53:05.786+0000] {logging_mixin.py:120} INFO - [2024-12-03T15:53:05.786+0000] {dagbag.py:537} INFO - Filling up the DagBag from /home/airflow/.local/lib/python3.7/site-packages/airflow/example_dags/example_branch_labels.py
[2024-12-03T15:53:05.808+0000] {processor.py:766} INFO - DAG(s) dict_keys(['example_branch_labels']) retrieved from /home/airflow/.local/lib/python3.7/site-packages/airflow/example_dags/example_branch_labels.py
[2024-12-03T15:53:05.884+0000] {logging_mixin.py:120} INFO - [2024-12-03T15:53:05.884+0000] {dag.py:2585} INFO - Sync 1 DAGs
[2024-12-03T15:53:05.927+0000] {logging_mixin.py:120} INFO - [2024-12-03T15:53:05.927+0000] {dag.py:3340} INFO - Setting next_dagrun for example_branch_labels to 2024-12-02T00:00:00+00:00, run_after=2024-12-03T00:00:00+00:00
[2024-12-03T15:53:05.973+0000] {processor.py:176} INFO - Processing /home/airflow/.local/lib/python3.7/site-packages/airflow/example_dags/example_branch_labels.py took 0.197 seconds
[2024-12-03T15:53:37.511+0000] {processor.py:154} INFO - Started process (PID=135) to work on /home/airflow/.local/lib/python3.7/site-packages/airflow/example_dags/example_branch_labels.py
[2024-12-03T15:53:37.512+0000] {processor.py:756} INFO - Processing file /home/airflow/.local/lib/python3.7/site-packages/airflow/example_dags/example_branch_labels.py for tasks to queue
[2024-12-03T15:53:37.514+0000] {logging_mixin.py:120} INFO - [2024-12-03T15:53:37.514+0000] {dagbag.py:537} INFO - Filling up the DagBag from /home/airflow/.local/lib/python3.7/site-packages/airflow/example_dags/example_branch_labels.py
[2024-12-03T15:53:37.547+0000] {processor.py:766} INFO - DAG(s) dict_keys(['example_branch_labels']) retrieved from /home/airflow/.local/lib/python3.7/site-packages/airflow/example_dags/example_branch_labels.py
[2024-12-03T15:53:37.638+0000] {logging_mixin.py:120} INFO - [2024-12-03T15:53:37.638+0000] {dag.py:2585} INFO - Sync 1 DAGs
[2024-12-03T15:53:37.716+0000] {logging_mixin.py:120} INFO - [2024-12-03T15:53:37.716+0000] {dag.py:3340} INFO - Setting next_dagrun for example_branch_labels to 2024-12-02T00:00:00+00:00, run_after=2024-12-03T00:00:00+00:00
[2024-12-03T15:53:37.760+0000] {processor.py:176} INFO - Processing /home/airflow/.local/lib/python3.7/site-packages/airflow/example_dags/example_branch_labels.py took 0.253 seconds
[2024-12-03T15:54:07.868+0000] {processor.py:154} INFO - Started process (PID=193) to work on /home/airflow/.local/lib/python3.7/site-packages/airflow/example_dags/example_branch_labels.py
[2024-12-03T15:54:07.871+0000] {processor.py:756} INFO - Processing file /home/airflow/.local/lib/python3.7/site-packages/airflow/example_dags/example_branch_labels.py for tasks to queue
[2024-12-03T15:54:07.872+0000] {logging_mixin.py:120} INFO - [2024-12-03T15:54:07.872+0000] {dagbag.py:537} INFO - Filling up the DagBag from /home/airflow/.local/lib/python3.7/site-packages/airflow/example_dags/example_branch_labels.py
[2024-12-03T15:54:07.896+0000] {processor.py:766} INFO - DAG(s) dict_keys(['example_branch_labels']) retrieved from /home/airflow/.local/lib/python3.7/site-packages/airflow/example_dags/example_branch_labels.py
[2024-12-03T15:54:07.965+0000] {logging_mixin.py:120} INFO - [2024-12-03T15:54:07.965+0000] {dag.py:2585} INFO - Sync 1 DAGs
[2024-12-03T15:54:08.007+0000] {logging_mixin.py:120} INFO - [2024-12-03T15:54:08.007+0000] {dag.py:3340} INFO - Setting next_dagrun for example_branch_labels to 2024-12-02T00:00:00+00:00, run_after=2024-12-03T00:00:00+00:00
[2024-12-03T15:54:08.060+0000] {processor.py:176} INFO - Processing /home/airflow/.local/lib/python3.7/site-packages/airflow/example_dags/example_branch_labels.py took 0.196 seconds
[2024-12-03T15:54:38.824+0000] {processor.py:154} INFO - Started process (PID=248) to work on /home/airflow/.local/lib/python3.7/site-packages/airflow/example_dags/example_branch_labels.py
[2024-12-03T15:54:38.827+0000] {processor.py:756} INFO - Processing file /home/airflow/.local/lib/python3.7/site-packages/airflow/example_dags/example_branch_labels.py for tasks to queue
[2024-12-03T15:54:38.830+0000] {logging_mixin.py:120} INFO - [2024-12-03T15:54:38.829+0000] {dagbag.py:537} INFO - Filling up the DagBag from /home/airflow/.local/lib/python3.7/site-packages/airflow/example_dags/example_branch_labels.py
[2024-12-03T15:54:38.862+0000] {processor.py:766} INFO - DAG(s) dict_keys(['example_branch_labels']) retrieved from /home/airflow/.local/lib/python3.7/site-packages/airflow/example_dags/example_branch_labels.py
[2024-12-03T15:54:38.932+0000] {logging_mixin.py:120} INFO - [2024-12-03T15:54:38.932+0000] {dag.py:2585} INFO - Sync 1 DAGs
[2024-12-03T15:54:38.985+0000] {logging_mixin.py:120} INFO - [2024-12-03T15:54:38.985+0000] {dag.py:3340} INFO - Setting next_dagrun for example_branch_labels to 2024-12-02T00:00:00+00:00, run_after=2024-12-03T00:00:00+00:00
[2024-12-03T15:54:39.053+0000] {processor.py:176} INFO - Processing /home/airflow/.local/lib/python3.7/site-packages/airflow/example_dags/example_branch_labels.py took 0.234 seconds
[2024-12-03T15:55:10.039+0000] {processor.py:154} INFO - Started process (PID=312) to work on /home/airflow/.local/lib/python3.7/site-packages/airflow/example_dags/example_branch_labels.py
[2024-12-03T15:55:10.044+0000] {processor.py:756} INFO - Processing file /home/airflow/.local/lib/python3.7/site-packages/airflow/example_dags/example_branch_labels.py for tasks to queue
[2024-12-03T15:55:10.048+0000] {logging_mixin.py:120} INFO - [2024-12-03T15:55:10.047+0000] {dagbag.py:537} INFO - Filling up the DagBag from /home/airflow/.local/lib/python3.7/site-packages/airflow/example_dags/example_branch_labels.py
[2024-12-03T15:55:10.131+0000] {processor.py:766} INFO - DAG(s) dict_keys(['example_branch_labels']) retrieved from /home/airflow/.local/lib/python3.7/site-packages/airflow/example_dags/example_branch_labels.py
[2024-12-03T15:55:10.313+0000] {logging_mixin.py:120} INFO - [2024-12-03T15:55:10.313+0000] {dag.py:2585} INFO - Sync 1 DAGs
[2024-12-03T15:55:10.396+0000] {logging_mixin.py:120} INFO - [2024-12-03T15:55:10.396+0000] {dag.py:3340} INFO - Setting next_dagrun for example_branch_labels to 2024-12-02T00:00:00+00:00, run_after=2024-12-03T00:00:00+00:00
[2024-12-03T15:55:10.465+0000] {processor.py:176} INFO - Processing /home/airflow/.local/lib/python3.7/site-packages/airflow/example_dags/example_branch_labels.py took 0.435 seconds
[2024-12-03T15:55:40.712+0000] {processor.py:154} INFO - Started process (PID=367) to work on /home/airflow/.local/lib/python3.7/site-packages/airflow/example_dags/example_branch_labels.py
[2024-12-03T15:55:40.713+0000] {processor.py:756} INFO - Processing file /home/airflow/.local/lib/python3.7/site-packages/airflow/example_dags/example_branch_labels.py for tasks to queue
[2024-12-03T15:55:40.715+0000] {logging_mixin.py:120} INFO - [2024-12-03T15:55:40.715+0000] {dagbag.py:537} INFO - Filling up the DagBag from /home/airflow/.local/lib/python3.7/site-packages/airflow/example_dags/example_branch_labels.py
[2024-12-03T15:55:40.739+0000] {processor.py:766} INFO - DAG(s) dict_keys(['example_branch_labels']) retrieved from /home/airflow/.local/lib/python3.7/site-packages/airflow/example_dags/example_branch_labels.py
[2024-12-03T15:55:40.805+0000] {logging_mixin.py:120} INFO - [2024-12-03T15:55:40.804+0000] {dag.py:2585} INFO - Sync 1 DAGs
[2024-12-03T15:55:40.858+0000] {logging_mixin.py:120} INFO - [2024-12-03T15:55:40.858+0000] {dag.py:3340} INFO - Setting next_dagrun for example_branch_labels to 2024-12-02T00:00:00+00:00, run_after=2024-12-03T00:00:00+00:00
[2024-12-03T15:55:40.910+0000] {processor.py:176} INFO - Processing /home/airflow/.local/lib/python3.7/site-packages/airflow/example_dags/example_branch_labels.py took 0.202 seconds
[2024-12-03T15:56:12.412+0000] {processor.py:154} INFO - Started process (PID=431) to work on /home/airflow/.local/lib/python3.7/site-packages/airflow/example_dags/example_branch_labels.py
[2024-12-03T15:56:12.415+0000] {processor.py:756} INFO - Processing file /home/airflow/.local/lib/python3.7/site-packages/airflow/example_dags/example_branch_labels.py for tasks to queue
[2024-12-03T15:56:12.420+0000] {logging_mixin.py:120} INFO - [2024-12-03T15:56:12.419+0000] {dagbag.py:537} INFO - Filling up the DagBag from /home/airflow/.local/lib/python3.7/site-packages/airflow/example_dags/example_branch_labels.py
[2024-12-03T15:56:12.477+0000] {processor.py:766} INFO - DAG(s) dict_keys(['example_branch_labels']) retrieved from /home/airflow/.local/lib/python3.7/site-packages/airflow/example_dags/example_branch_labels.py
[2024-12-03T15:56:12.590+0000] {logging_mixin.py:120} INFO - [2024-12-03T15:56:12.590+0000] {dag.py:2585} INFO - Sync 1 DAGs
[2024-12-03T15:56:12.674+0000] {logging_mixin.py:120} INFO - [2024-12-03T15:56:12.674+0000] {dag.py:3340} INFO - Setting next_dagrun for example_branch_labels to 2024-12-02T00:00:00+00:00, run_after=2024-12-03T00:00:00+00:00
[2024-12-03T15:56:12.725+0000] {processor.py:176} INFO - Processing /home/airflow/.local/lib/python3.7/site-packages/airflow/example_dags/example_branch_labels.py took 0.320 seconds
[2024-12-03T15:56:43.027+0000] {processor.py:154} INFO - Started process (PID=486) to work on /home/airflow/.local/lib/python3.7/site-packages/airflow/example_dags/example_branch_labels.py
[2024-12-03T15:56:43.029+0000] {processor.py:756} INFO - Processing file /home/airflow/.local/lib/python3.7/site-packages/airflow/example_dags/example_branch_labels.py for tasks to queue
[2024-12-03T15:56:43.031+0000] {logging_mixin.py:120} INFO - [2024-12-03T15:56:43.031+0000] {dagbag.py:537} INFO - Filling up the DagBag from /home/airflow/.local/lib/python3.7/site-packages/airflow/example_dags/example_branch_labels.py
[2024-12-03T15:56:43.064+0000] {processor.py:766} INFO - DAG(s) dict_keys(['example_branch_labels']) retrieved from /home/airflow/.local/lib/python3.7/site-packages/airflow/example_dags/example_branch_labels.py
[2024-12-03T15:56:43.161+0000] {logging_mixin.py:120} INFO - [2024-12-03T15:56:43.160+0000] {dag.py:2585} INFO - Sync 1 DAGs
[2024-12-03T15:56:43.231+0000] {logging_mixin.py:120} INFO - [2024-12-03T15:56:43.230+0000] {dag.py:3340} INFO - Setting next_dagrun for example_branch_labels to 2024-12-02T00:00:00+00:00, run_after=2024-12-03T00:00:00+00:00
[2024-12-03T15:56:43.291+0000] {processor.py:176} INFO - Processing /home/airflow/.local/lib/python3.7/site-packages/airflow/example_dags/example_branch_labels.py took 0.269 seconds
[2024-12-03T15:57:13.460+0000] {processor.py:154} INFO - Started process (PID=545) to work on /home/airflow/.local/lib/python3.7/site-packages/airflow/example_dags/example_branch_labels.py
[2024-12-03T15:57:13.462+0000] {processor.py:756} INFO - Processing file /home/airflow/.local/lib/python3.7/site-packages/airflow/example_dags/example_branch_labels.py for tasks to queue
[2024-12-03T15:57:13.464+0000] {logging_mixin.py:120} INFO - [2024-12-03T15:57:13.463+0000] {dagbag.py:537} INFO - Filling up the DagBag from /home/airflow/.local/lib/python3.7/site-packages/airflow/example_dags/example_branch_labels.py
[2024-12-03T15:57:13.494+0000] {processor.py:766} INFO - DAG(s) dict_keys(['example_branch_labels']) retrieved from /home/airflow/.local/lib/python3.7/site-packages/airflow/example_dags/example_branch_labels.py
[2024-12-03T15:57:13.558+0000] {logging_mixin.py:120} INFO - [2024-12-03T15:57:13.557+0000] {dag.py:2585} INFO - Sync 1 DAGs
[2024-12-03T15:57:13.599+0000] {logging_mixin.py:120} INFO - [2024-12-03T15:57:13.599+0000] {dag.py:3340} INFO - Setting next_dagrun for example_branch_labels to 2024-12-02T00:00:00+00:00, run_after=2024-12-03T00:00:00+00:00
[2024-12-03T15:57:13.639+0000] {processor.py:176} INFO - Processing /home/airflow/.local/lib/python3.7/site-packages/airflow/example_dags/example_branch_labels.py took 0.184 seconds
[2024-12-03T15:57:44.119+0000] {processor.py:154} INFO - Started process (PID=607) to work on /home/airflow/.local/lib/python3.7/site-packages/airflow/example_dags/example_branch_labels.py
[2024-12-03T15:57:44.121+0000] {processor.py:756} INFO - Processing file /home/airflow/.local/lib/python3.7/site-packages/airflow/example_dags/example_branch_labels.py for tasks to queue
[2024-12-03T15:57:44.123+0000] {logging_mixin.py:120} INFO - [2024-12-03T15:57:44.122+0000] {dagbag.py:537} INFO - Filling up the DagBag from /home/airflow/.local/lib/python3.7/site-packages/airflow/example_dags/example_branch_labels.py
[2024-12-03T15:57:44.156+0000] {processor.py:766} INFO - DAG(s) dict_keys(['example_branch_labels']) retrieved from /home/airflow/.local/lib/python3.7/site-packages/airflow/example_dags/example_branch_labels.py
[2024-12-03T15:57:44.276+0000] {logging_mixin.py:120} INFO - [2024-12-03T15:57:44.276+0000] {dag.py:2585} INFO - Sync 1 DAGs
[2024-12-03T15:57:44.359+0000] {logging_mixin.py:120} INFO - [2024-12-03T15:57:44.358+0000] {dag.py:3340} INFO - Setting next_dagrun for example_branch_labels to 2024-12-02T00:00:00+00:00, run_after=2024-12-03T00:00:00+00:00
[2024-12-03T15:57:44.423+0000] {processor.py:176} INFO - Processing /home/airflow/.local/lib/python3.7/site-packages/airflow/example_dags/example_branch_labels.py took 0.314 seconds
[2024-12-03T15:58:14.630+0000] {processor.py:154} INFO - Started process (PID=680) to work on /home/airflow/.local/lib/python3.7/site-packages/airflow/example_dags/example_branch_labels.py
[2024-12-03T15:58:14.632+0000] {processor.py:756} INFO - Processing file /home/airflow/.local/lib/python3.7/site-packages/airflow/example_dags/example_branch_labels.py for tasks to queue
[2024-12-03T15:58:14.633+0000] {logging_mixin.py:120} INFO - [2024-12-03T15:58:14.633+0000] {dagbag.py:537} INFO - Filling up the DagBag from /home/airflow/.local/lib/python3.7/site-packages/airflow/example_dags/example_branch_labels.py
[2024-12-03T15:58:14.655+0000] {processor.py:766} INFO - DAG(s) dict_keys(['example_branch_labels']) retrieved from /home/airflow/.local/lib/python3.7/site-packages/airflow/example_dags/example_branch_labels.py
[2024-12-03T15:58:14.718+0000] {logging_mixin.py:120} INFO - [2024-12-03T15:58:14.718+0000] {dag.py:2585} INFO - Sync 1 DAGs
[2024-12-03T15:58:14.760+0000] {logging_mixin.py:120} INFO - [2024-12-03T15:58:14.759+0000] {dag.py:3340} INFO - Setting next_dagrun for example_branch_labels to 2024-12-02T00:00:00+00:00, run_after=2024-12-03T00:00:00+00:00
[2024-12-03T15:58:14.793+0000] {processor.py:176} INFO - Processing /home/airflow/.local/lib/python3.7/site-packages/airflow/example_dags/example_branch_labels.py took 0.167 seconds
[2024-12-03T15:58:45.496+0000] {processor.py:154} INFO - Started process (PID=735) to work on /home/airflow/.local/lib/python3.7/site-packages/airflow/example_dags/example_branch_labels.py
[2024-12-03T15:58:45.498+0000] {processor.py:756} INFO - Processing file /home/airflow/.local/lib/python3.7/site-packages/airflow/example_dags/example_branch_labels.py for tasks to queue
[2024-12-03T15:58:45.499+0000] {logging_mixin.py:120} INFO - [2024-12-03T15:58:45.499+0000] {dagbag.py:537} INFO - Filling up the DagBag from /home/airflow/.local/lib/python3.7/site-packages/airflow/example_dags/example_branch_labels.py
[2024-12-03T15:58:45.523+0000] {processor.py:766} INFO - DAG(s) dict_keys(['example_branch_labels']) retrieved from /home/airflow/.local/lib/python3.7/site-packages/airflow/example_dags/example_branch_labels.py
[2024-12-03T15:58:45.595+0000] {logging_mixin.py:120} INFO - [2024-12-03T15:58:45.594+0000] {dag.py:2585} INFO - Sync 1 DAGs
[2024-12-03T15:58:45.642+0000] {logging_mixin.py:120} INFO - [2024-12-03T15:58:45.642+0000] {dag.py:3340} INFO - Setting next_dagrun for example_branch_labels to 2024-12-02T00:00:00+00:00, run_after=2024-12-03T00:00:00+00:00
[2024-12-03T15:58:45.700+0000] {processor.py:176} INFO - Processing /home/airflow/.local/lib/python3.7/site-packages/airflow/example_dags/example_branch_labels.py took 0.209 seconds
[2024-12-03T15:59:16.630+0000] {processor.py:154} INFO - Started process (PID=799) to work on /home/airflow/.local/lib/python3.7/site-packages/airflow/example_dags/example_branch_labels.py
[2024-12-03T15:59:16.632+0000] {processor.py:756} INFO - Processing file /home/airflow/.local/lib/python3.7/site-packages/airflow/example_dags/example_branch_labels.py for tasks to queue
[2024-12-03T15:59:16.635+0000] {logging_mixin.py:120} INFO - [2024-12-03T15:59:16.634+0000] {dagbag.py:537} INFO - Filling up the DagBag from /home/airflow/.local/lib/python3.7/site-packages/airflow/example_dags/example_branch_labels.py
[2024-12-03T15:59:16.678+0000] {processor.py:766} INFO - DAG(s) dict_keys(['example_branch_labels']) retrieved from /home/airflow/.local/lib/python3.7/site-packages/airflow/example_dags/example_branch_labels.py
[2024-12-03T15:59:16.787+0000] {logging_mixin.py:120} INFO - [2024-12-03T15:59:16.786+0000] {dag.py:2585} INFO - Sync 1 DAGs
[2024-12-03T15:59:16.840+0000] {logging_mixin.py:120} INFO - [2024-12-03T15:59:16.840+0000] {dag.py:3340} INFO - Setting next_dagrun for example_branch_labels to 2024-12-02T00:00:00+00:00, run_after=2024-12-03T00:00:00+00:00
[2024-12-03T15:59:16.886+0000] {processor.py:176} INFO - Processing /home/airflow/.local/lib/python3.7/site-packages/airflow/example_dags/example_branch_labels.py took 0.262 seconds
[2024-12-03T15:59:47.365+0000] {processor.py:154} INFO - Started process (PID=855) to work on /home/airflow/.local/lib/python3.7/site-packages/airflow/example_dags/example_branch_labels.py
[2024-12-03T15:59:47.368+0000] {processor.py:756} INFO - Processing file /home/airflow/.local/lib/python3.7/site-packages/airflow/example_dags/example_branch_labels.py for tasks to queue
[2024-12-03T15:59:47.369+0000] {logging_mixin.py:120} INFO - [2024-12-03T15:59:47.369+0000] {dagbag.py:537} INFO - Filling up the DagBag from /home/airflow/.local/lib/python3.7/site-packages/airflow/example_dags/example_branch_labels.py
[2024-12-03T15:59:47.396+0000] {processor.py:766} INFO - DAG(s) dict_keys(['example_branch_labels']) retrieved from /home/airflow/.local/lib/python3.7/site-packages/airflow/example_dags/example_branch_labels.py
[2024-12-03T15:59:47.458+0000] {logging_mixin.py:120} INFO - [2024-12-03T15:59:47.458+0000] {dag.py:2585} INFO - Sync 1 DAGs
[2024-12-03T15:59:47.503+0000] {logging_mixin.py:120} INFO - [2024-12-03T15:59:47.503+0000] {dag.py:3340} INFO - Setting next_dagrun for example_branch_labels to 2024-12-02T00:00:00+00:00, run_after=2024-12-03T00:00:00+00:00
[2024-12-03T15:59:47.545+0000] {processor.py:176} INFO - Processing /home/airflow/.local/lib/python3.7/site-packages/airflow/example_dags/example_branch_labels.py took 0.184 seconds
[2024-12-03T16:00:18.055+0000] {processor.py:154} INFO - Started process (PID=917) to work on /home/airflow/.local/lib/python3.7/site-packages/airflow/example_dags/example_branch_labels.py
[2024-12-03T16:00:18.057+0000] {processor.py:756} INFO - Processing file /home/airflow/.local/lib/python3.7/site-packages/airflow/example_dags/example_branch_labels.py for tasks to queue
[2024-12-03T16:00:18.059+0000] {logging_mixin.py:120} INFO - [2024-12-03T16:00:18.058+0000] {dagbag.py:537} INFO - Filling up the DagBag from /home/airflow/.local/lib/python3.7/site-packages/airflow/example_dags/example_branch_labels.py
[2024-12-03T16:00:18.078+0000] {processor.py:766} INFO - DAG(s) dict_keys(['example_branch_labels']) retrieved from /home/airflow/.local/lib/python3.7/site-packages/airflow/example_dags/example_branch_labels.py
[2024-12-03T16:00:18.183+0000] {logging_mixin.py:120} INFO - [2024-12-03T16:00:18.182+0000] {dag.py:2585} INFO - Sync 1 DAGs
[2024-12-03T16:00:18.266+0000] {logging_mixin.py:120} INFO - [2024-12-03T16:00:18.266+0000] {dag.py:3340} INFO - Setting next_dagrun for example_branch_labels to 2024-12-02T00:00:00+00:00, run_after=2024-12-03T00:00:00+00:00
[2024-12-03T16:00:18.318+0000] {processor.py:176} INFO - Processing /home/airflow/.local/lib/python3.7/site-packages/airflow/example_dags/example_branch_labels.py took 0.268 seconds
[2024-12-03T16:00:48.772+0000] {processor.py:154} INFO - Started process (PID=973) to work on /home/airflow/.local/lib/python3.7/site-packages/airflow/example_dags/example_branch_labels.py
[2024-12-03T16:00:48.776+0000] {processor.py:756} INFO - Processing file /home/airflow/.local/lib/python3.7/site-packages/airflow/example_dags/example_branch_labels.py for tasks to queue
[2024-12-03T16:00:48.782+0000] {logging_mixin.py:120} INFO - [2024-12-03T16:00:48.781+0000] {dagbag.py:537} INFO - Filling up the DagBag from /home/airflow/.local/lib/python3.7/site-packages/airflow/example_dags/example_branch_labels.py
[2024-12-03T16:00:48.835+0000] {processor.py:766} INFO - DAG(s) dict_keys(['example_branch_labels']) retrieved from /home/airflow/.local/lib/python3.7/site-packages/airflow/example_dags/example_branch_labels.py
[2024-12-03T16:00:48.954+0000] {logging_mixin.py:120} INFO - [2024-12-03T16:00:48.954+0000] {dag.py:2585} INFO - Sync 1 DAGs
[2024-12-03T16:00:49.047+0000] {logging_mixin.py:120} INFO - [2024-12-03T16:00:49.047+0000] {dag.py:3340} INFO - Setting next_dagrun for example_branch_labels to 2024-12-02T00:00:00+00:00, run_after=2024-12-03T00:00:00+00:00
[2024-12-03T16:00:49.114+0000] {processor.py:176} INFO - Processing /home/airflow/.local/lib/python3.7/site-packages/airflow/example_dags/example_branch_labels.py took 0.348 seconds
[2024-12-03T16:01:19.684+0000] {processor.py:154} INFO - Started process (PID=1028) to work on /home/airflow/.local/lib/python3.7/site-packages/airflow/example_dags/example_branch_labels.py
[2024-12-03T16:01:19.686+0000] {processor.py:756} INFO - Processing file /home/airflow/.local/lib/python3.7/site-packages/airflow/example_dags/example_branch_labels.py for tasks to queue
[2024-12-03T16:01:19.689+0000] {logging_mixin.py:120} INFO - [2024-12-03T16:01:19.689+0000] {dagbag.py:537} INFO - Filling up the DagBag from /home/airflow/.local/lib/python3.7/site-packages/airflow/example_dags/example_branch_labels.py
[2024-12-03T16:01:19.743+0000] {processor.py:766} INFO - DAG(s) dict_keys(['example_branch_labels']) retrieved from /home/airflow/.local/lib/python3.7/site-packages/airflow/example_dags/example_branch_labels.py
[2024-12-03T16:01:19.826+0000] {logging_mixin.py:120} INFO - [2024-12-03T16:01:19.826+0000] {dag.py:2585} INFO - Sync 1 DAGs
[2024-12-03T16:01:19.896+0000] {logging_mixin.py:120} INFO - [2024-12-03T16:01:19.895+0000] {dag.py:3340} INFO - Setting next_dagrun for example_branch_labels to 2024-12-02T00:00:00+00:00, run_after=2024-12-03T00:00:00+00:00
[2024-12-03T16:01:19.943+0000] {processor.py:176} INFO - Processing /home/airflow/.local/lib/python3.7/site-packages/airflow/example_dags/example_branch_labels.py took 0.265 seconds
[2024-12-03T16:01:50.505+0000] {processor.py:154} INFO - Started process (PID=1092) to work on /home/airflow/.local/lib/python3.7/site-packages/airflow/example_dags/example_branch_labels.py
[2024-12-03T16:01:50.507+0000] {processor.py:756} INFO - Processing file /home/airflow/.local/lib/python3.7/site-packages/airflow/example_dags/example_branch_labels.py for tasks to queue
[2024-12-03T16:01:50.508+0000] {logging_mixin.py:120} INFO - [2024-12-03T16:01:50.508+0000] {dagbag.py:537} INFO - Filling up the DagBag from /home/airflow/.local/lib/python3.7/site-packages/airflow/example_dags/example_branch_labels.py
[2024-12-03T16:01:50.528+0000] {processor.py:766} INFO - DAG(s) dict_keys(['example_branch_labels']) retrieved from /home/airflow/.local/lib/python3.7/site-packages/airflow/example_dags/example_branch_labels.py
[2024-12-03T16:01:50.602+0000] {logging_mixin.py:120} INFO - [2024-12-03T16:01:50.601+0000] {dag.py:2585} INFO - Sync 1 DAGs
[2024-12-03T16:01:50.657+0000] {logging_mixin.py:120} INFO - [2024-12-03T16:01:50.656+0000] {dag.py:3340} INFO - Setting next_dagrun for example_branch_labels to 2024-12-02T00:00:00+00:00, run_after=2024-12-03T00:00:00+00:00
[2024-12-03T16:01:50.705+0000] {processor.py:176} INFO - Processing /home/airflow/.local/lib/python3.7/site-packages/airflow/example_dags/example_branch_labels.py took 0.204 seconds
[2024-12-03T16:02:20.946+0000] {processor.py:154} INFO - Started process (PID=1148) to work on /home/airflow/.local/lib/python3.7/site-packages/airflow/example_dags/example_branch_labels.py
[2024-12-03T16:02:20.948+0000] {processor.py:756} INFO - Processing file /home/airflow/.local/lib/python3.7/site-packages/airflow/example_dags/example_branch_labels.py for tasks to queue
[2024-12-03T16:02:20.951+0000] {logging_mixin.py:120} INFO - [2024-12-03T16:02:20.950+0000] {dagbag.py:537} INFO - Filling up the DagBag from /home/airflow/.local/lib/python3.7/site-packages/airflow/example_dags/example_branch_labels.py
[2024-12-03T16:02:20.980+0000] {processor.py:766} INFO - DAG(s) dict_keys(['example_branch_labels']) retrieved from /home/airflow/.local/lib/python3.7/site-packages/airflow/example_dags/example_branch_labels.py
[2024-12-03T16:02:21.062+0000] {logging_mixin.py:120} INFO - [2024-12-03T16:02:21.062+0000] {dag.py:2585} INFO - Sync 1 DAGs
[2024-12-03T16:02:21.112+0000] {logging_mixin.py:120} INFO - [2024-12-03T16:02:21.112+0000] {dag.py:3340} INFO - Setting next_dagrun for example_branch_labels to 2024-12-02T00:00:00+00:00, run_after=2024-12-03T00:00:00+00:00
[2024-12-03T16:02:21.154+0000] {processor.py:176} INFO - Processing /home/airflow/.local/lib/python3.7/site-packages/airflow/example_dags/example_branch_labels.py took 0.214 seconds
[2024-12-03T16:02:51.710+0000] {processor.py:154} INFO - Started process (PID=1213) to work on /home/airflow/.local/lib/python3.7/site-packages/airflow/example_dags/example_branch_labels.py
[2024-12-03T16:02:51.711+0000] {processor.py:756} INFO - Processing file /home/airflow/.local/lib/python3.7/site-packages/airflow/example_dags/example_branch_labels.py for tasks to queue
[2024-12-03T16:02:51.713+0000] {logging_mixin.py:120} INFO - [2024-12-03T16:02:51.713+0000] {dagbag.py:537} INFO - Filling up the DagBag from /home/airflow/.local/lib/python3.7/site-packages/airflow/example_dags/example_branch_labels.py
[2024-12-03T16:02:51.742+0000] {processor.py:766} INFO - DAG(s) dict_keys(['example_branch_labels']) retrieved from /home/airflow/.local/lib/python3.7/site-packages/airflow/example_dags/example_branch_labels.py
[2024-12-03T16:02:51.817+0000] {logging_mixin.py:120} INFO - [2024-12-03T16:02:51.817+0000] {dag.py:2585} INFO - Sync 1 DAGs
[2024-12-03T16:02:51.877+0000] {logging_mixin.py:120} INFO - [2024-12-03T16:02:51.877+0000] {dag.py:3340} INFO - Setting next_dagrun for example_branch_labels to 2024-12-02T00:00:00+00:00, run_after=2024-12-03T00:00:00+00:00
[2024-12-03T16:02:51.920+0000] {processor.py:176} INFO - Processing /home/airflow/.local/lib/python3.7/site-packages/airflow/example_dags/example_branch_labels.py took 0.215 seconds
[2024-12-03T16:03:22.194+0000] {processor.py:154} INFO - Started process (PID=1272) to work on /home/airflow/.local/lib/python3.7/site-packages/airflow/example_dags/example_branch_labels.py
[2024-12-03T16:03:22.196+0000] {processor.py:756} INFO - Processing file /home/airflow/.local/lib/python3.7/site-packages/airflow/example_dags/example_branch_labels.py for tasks to queue
[2024-12-03T16:03:22.198+0000] {logging_mixin.py:120} INFO - [2024-12-03T16:03:22.198+0000] {dagbag.py:537} INFO - Filling up the DagBag from /home/airflow/.local/lib/python3.7/site-packages/airflow/example_dags/example_branch_labels.py
[2024-12-03T16:03:22.228+0000] {processor.py:766} INFO - DAG(s) dict_keys(['example_branch_labels']) retrieved from /home/airflow/.local/lib/python3.7/site-packages/airflow/example_dags/example_branch_labels.py
[2024-12-03T16:03:22.314+0000] {logging_mixin.py:120} INFO - [2024-12-03T16:03:22.313+0000] {dag.py:2585} INFO - Sync 1 DAGs
[2024-12-03T16:03:22.372+0000] {logging_mixin.py:120} INFO - [2024-12-03T16:03:22.372+0000] {dag.py:3340} INFO - Setting next_dagrun for example_branch_labels to 2024-12-02T00:00:00+00:00, run_after=2024-12-03T00:00:00+00:00
[2024-12-03T16:03:22.413+0000] {processor.py:176} INFO - Processing /home/airflow/.local/lib/python3.7/site-packages/airflow/example_dags/example_branch_labels.py took 0.223 seconds
[2024-12-03T16:03:52.691+0000] {processor.py:154} INFO - Started process (PID=1343) to work on /home/airflow/.local/lib/python3.7/site-packages/airflow/example_dags/example_branch_labels.py
[2024-12-03T16:03:52.693+0000] {processor.py:756} INFO - Processing file /home/airflow/.local/lib/python3.7/site-packages/airflow/example_dags/example_branch_labels.py for tasks to queue
[2024-12-03T16:03:52.695+0000] {logging_mixin.py:120} INFO - [2024-12-03T16:03:52.695+0000] {dagbag.py:537} INFO - Filling up the DagBag from /home/airflow/.local/lib/python3.7/site-packages/airflow/example_dags/example_branch_labels.py
[2024-12-03T16:03:52.722+0000] {processor.py:766} INFO - DAG(s) dict_keys(['example_branch_labels']) retrieved from /home/airflow/.local/lib/python3.7/site-packages/airflow/example_dags/example_branch_labels.py
[2024-12-03T16:03:52.798+0000] {logging_mixin.py:120} INFO - [2024-12-03T16:03:52.798+0000] {dag.py:2585} INFO - Sync 1 DAGs
[2024-12-03T16:03:52.859+0000] {logging_mixin.py:120} INFO - [2024-12-03T16:03:52.858+0000] {dag.py:3340} INFO - Setting next_dagrun for example_branch_labels to 2024-12-02T00:00:00+00:00, run_after=2024-12-03T00:00:00+00:00
[2024-12-03T16:03:52.906+0000] {processor.py:176} INFO - Processing /home/airflow/.local/lib/python3.7/site-packages/airflow/example_dags/example_branch_labels.py took 0.221 seconds
[2024-12-03T16:04:24.187+0000] {processor.py:154} INFO - Started process (PID=1401) to work on /home/airflow/.local/lib/python3.7/site-packages/airflow/example_dags/example_branch_labels.py
[2024-12-03T16:04:24.198+0000] {processor.py:756} INFO - Processing file /home/airflow/.local/lib/python3.7/site-packages/airflow/example_dags/example_branch_labels.py for tasks to queue
[2024-12-03T16:04:24.202+0000] {logging_mixin.py:120} INFO - [2024-12-03T16:04:24.202+0000] {dagbag.py:537} INFO - Filling up the DagBag from /home/airflow/.local/lib/python3.7/site-packages/airflow/example_dags/example_branch_labels.py
[2024-12-03T16:04:24.270+0000] {processor.py:766} INFO - DAG(s) dict_keys(['example_branch_labels']) retrieved from /home/airflow/.local/lib/python3.7/site-packages/airflow/example_dags/example_branch_labels.py
[2024-12-03T16:04:24.463+0000] {logging_mixin.py:120} INFO - [2024-12-03T16:04:24.462+0000] {dag.py:2585} INFO - Sync 1 DAGs
[2024-12-03T16:04:24.614+0000] {logging_mixin.py:120} INFO - [2024-12-03T16:04:24.613+0000] {dag.py:3340} INFO - Setting next_dagrun for example_branch_labels to 2024-12-02T00:00:00+00:00, run_after=2024-12-03T00:00:00+00:00
[2024-12-03T16:04:24.809+0000] {processor.py:176} INFO - Processing /home/airflow/.local/lib/python3.7/site-packages/airflow/example_dags/example_branch_labels.py took 0.658 seconds
[2024-12-03T16:04:55.667+0000] {processor.py:154} INFO - Started process (PID=1456) to work on /home/airflow/.local/lib/python3.7/site-packages/airflow/example_dags/example_branch_labels.py
[2024-12-03T16:04:55.670+0000] {processor.py:756} INFO - Processing file /home/airflow/.local/lib/python3.7/site-packages/airflow/example_dags/example_branch_labels.py for tasks to queue
[2024-12-03T16:04:55.673+0000] {logging_mixin.py:120} INFO - [2024-12-03T16:04:55.672+0000] {dagbag.py:537} INFO - Filling up the DagBag from /home/airflow/.local/lib/python3.7/site-packages/airflow/example_dags/example_branch_labels.py
[2024-12-03T16:04:55.705+0000] {processor.py:766} INFO - DAG(s) dict_keys(['example_branch_labels']) retrieved from /home/airflow/.local/lib/python3.7/site-packages/airflow/example_dags/example_branch_labels.py
[2024-12-03T16:04:55.818+0000] {logging_mixin.py:120} INFO - [2024-12-03T16:04:55.817+0000] {dag.py:2585} INFO - Sync 1 DAGs
[2024-12-03T16:04:55.921+0000] {logging_mixin.py:120} INFO - [2024-12-03T16:04:55.920+0000] {dag.py:3340} INFO - Setting next_dagrun for example_branch_labels to 2024-12-02T00:00:00+00:00, run_after=2024-12-03T00:00:00+00:00
[2024-12-03T16:04:55.974+0000] {processor.py:176} INFO - Processing /home/airflow/.local/lib/python3.7/site-packages/airflow/example_dags/example_branch_labels.py took 0.313 seconds
[2024-12-03T16:05:26.314+0000] {processor.py:154} INFO - Started process (PID=1511) to work on /home/airflow/.local/lib/python3.7/site-packages/airflow/example_dags/example_branch_labels.py
[2024-12-03T16:05:26.317+0000] {processor.py:756} INFO - Processing file /home/airflow/.local/lib/python3.7/site-packages/airflow/example_dags/example_branch_labels.py for tasks to queue
[2024-12-03T16:05:26.320+0000] {logging_mixin.py:120} INFO - [2024-12-03T16:05:26.319+0000] {dagbag.py:537} INFO - Filling up the DagBag from /home/airflow/.local/lib/python3.7/site-packages/airflow/example_dags/example_branch_labels.py
[2024-12-03T16:05:26.379+0000] {processor.py:766} INFO - DAG(s) dict_keys(['example_branch_labels']) retrieved from /home/airflow/.local/lib/python3.7/site-packages/airflow/example_dags/example_branch_labels.py
[2024-12-03T16:05:26.512+0000] {logging_mixin.py:120} INFO - [2024-12-03T16:05:26.512+0000] {dag.py:2585} INFO - Sync 1 DAGs
[2024-12-03T16:05:26.599+0000] {logging_mixin.py:120} INFO - [2024-12-03T16:05:26.598+0000] {dag.py:3340} INFO - Setting next_dagrun for example_branch_labels to 2024-12-02T00:00:00+00:00, run_after=2024-12-03T00:00:00+00:00
[2024-12-03T16:05:26.665+0000] {processor.py:176} INFO - Processing /home/airflow/.local/lib/python3.7/site-packages/airflow/example_dags/example_branch_labels.py took 0.359 seconds
[2024-12-03T16:05:57.743+0000] {processor.py:154} INFO - Started process (PID=1566) to work on /home/airflow/.local/lib/python3.7/site-packages/airflow/example_dags/example_branch_labels.py
[2024-12-03T16:05:57.746+0000] {processor.py:756} INFO - Processing file /home/airflow/.local/lib/python3.7/site-packages/airflow/example_dags/example_branch_labels.py for tasks to queue
[2024-12-03T16:05:57.749+0000] {logging_mixin.py:120} INFO - [2024-12-03T16:05:57.749+0000] {dagbag.py:537} INFO - Filling up the DagBag from /home/airflow/.local/lib/python3.7/site-packages/airflow/example_dags/example_branch_labels.py
[2024-12-03T16:05:57.827+0000] {processor.py:766} INFO - DAG(s) dict_keys(['example_branch_labels']) retrieved from /home/airflow/.local/lib/python3.7/site-packages/airflow/example_dags/example_branch_labels.py
[2024-12-03T16:05:58.016+0000] {logging_mixin.py:120} INFO - [2024-12-03T16:05:58.016+0000] {dag.py:2585} INFO - Sync 1 DAGs
[2024-12-03T16:05:58.182+0000] {logging_mixin.py:120} INFO - [2024-12-03T16:05:58.182+0000] {dag.py:3340} INFO - Setting next_dagrun for example_branch_labels to 2024-12-02T00:00:00+00:00, run_after=2024-12-03T00:00:00+00:00
[2024-12-03T16:05:58.283+0000] {processor.py:176} INFO - Processing /home/airflow/.local/lib/python3.7/site-packages/airflow/example_dags/example_branch_labels.py took 0.553 seconds
[2024-12-03T16:06:28.534+0000] {processor.py:154} INFO - Started process (PID=1622) to work on /home/airflow/.local/lib/python3.7/site-packages/airflow/example_dags/example_branch_labels.py
[2024-12-03T16:06:28.537+0000] {processor.py:756} INFO - Processing file /home/airflow/.local/lib/python3.7/site-packages/airflow/example_dags/example_branch_labels.py for tasks to queue
[2024-12-03T16:06:28.540+0000] {logging_mixin.py:120} INFO - [2024-12-03T16:06:28.539+0000] {dagbag.py:537} INFO - Filling up the DagBag from /home/airflow/.local/lib/python3.7/site-packages/airflow/example_dags/example_branch_labels.py
[2024-12-03T16:06:28.584+0000] {processor.py:766} INFO - DAG(s) dict_keys(['example_branch_labels']) retrieved from /home/airflow/.local/lib/python3.7/site-packages/airflow/example_dags/example_branch_labels.py
[2024-12-03T16:06:28.703+0000] {logging_mixin.py:120} INFO - [2024-12-03T16:06:28.702+0000] {dag.py:2585} INFO - Sync 1 DAGs
[2024-12-03T16:06:28.814+0000] {logging_mixin.py:120} INFO - [2024-12-03T16:06:28.814+0000] {dag.py:3340} INFO - Setting next_dagrun for example_branch_labels to 2024-12-02T00:00:00+00:00, run_after=2024-12-03T00:00:00+00:00
[2024-12-03T16:06:28.883+0000] {processor.py:176} INFO - Processing /home/airflow/.local/lib/python3.7/site-packages/airflow/example_dags/example_branch_labels.py took 0.355 seconds
[2024-12-03T16:06:59.998+0000] {processor.py:154} INFO - Started process (PID=1686) to work on /home/airflow/.local/lib/python3.7/site-packages/airflow/example_dags/example_branch_labels.py
[2024-12-03T16:07:00.004+0000] {processor.py:756} INFO - Processing file /home/airflow/.local/lib/python3.7/site-packages/airflow/example_dags/example_branch_labels.py for tasks to queue
[2024-12-03T16:07:00.008+0000] {logging_mixin.py:120} INFO - [2024-12-03T16:07:00.007+0000] {dagbag.py:537} INFO - Filling up the DagBag from /home/airflow/.local/lib/python3.7/site-packages/airflow/example_dags/example_branch_labels.py
[2024-12-03T16:07:00.075+0000] {processor.py:766} INFO - DAG(s) dict_keys(['example_branch_labels']) retrieved from /home/airflow/.local/lib/python3.7/site-packages/airflow/example_dags/example_branch_labels.py
[2024-12-03T16:07:00.212+0000] {logging_mixin.py:120} INFO - [2024-12-03T16:07:00.212+0000] {dag.py:2585} INFO - Sync 1 DAGs
[2024-12-03T16:07:00.339+0000] {logging_mixin.py:120} INFO - [2024-12-03T16:07:00.339+0000] {dag.py:3340} INFO - Setting next_dagrun for example_branch_labels to 2024-12-02T00:00:00+00:00, run_after=2024-12-03T00:00:00+00:00
[2024-12-03T16:07:00.425+0000] {processor.py:176} INFO - Processing /home/airflow/.local/lib/python3.7/site-packages/airflow/example_dags/example_branch_labels.py took 0.439 seconds
[2024-12-03T16:07:31.624+0000] {processor.py:154} INFO - Started process (PID=1741) to work on /home/airflow/.local/lib/python3.7/site-packages/airflow/example_dags/example_branch_labels.py
[2024-12-03T16:07:31.637+0000] {processor.py:756} INFO - Processing file /home/airflow/.local/lib/python3.7/site-packages/airflow/example_dags/example_branch_labels.py for tasks to queue
[2024-12-03T16:07:31.647+0000] {logging_mixin.py:120} INFO - [2024-12-03T16:07:31.646+0000] {dagbag.py:537} INFO - Filling up the DagBag from /home/airflow/.local/lib/python3.7/site-packages/airflow/example_dags/example_branch_labels.py
[2024-12-03T16:07:31.866+0000] {processor.py:766} INFO - DAG(s) dict_keys(['example_branch_labels']) retrieved from /home/airflow/.local/lib/python3.7/site-packages/airflow/example_dags/example_branch_labels.py
[2024-12-03T16:07:32.261+0000] {logging_mixin.py:120} INFO - [2024-12-03T16:07:32.261+0000] {dag.py:2585} INFO - Sync 1 DAGs
[2024-12-03T16:07:32.562+0000] {logging_mixin.py:120} INFO - [2024-12-03T16:07:32.560+0000] {dag.py:3340} INFO - Setting next_dagrun for example_branch_labels to 2024-12-02T00:00:00+00:00, run_after=2024-12-03T00:00:00+00:00
[2024-12-03T16:07:32.719+0000] {processor.py:176} INFO - Processing /home/airflow/.local/lib/python3.7/site-packages/airflow/example_dags/example_branch_labels.py took 1.161 seconds
[2024-12-03T16:08:02.971+0000] {processor.py:154} INFO - Started process (PID=1800) to work on /home/airflow/.local/lib/python3.7/site-packages/airflow/example_dags/example_branch_labels.py
[2024-12-03T16:08:02.974+0000] {processor.py:756} INFO - Processing file /home/airflow/.local/lib/python3.7/site-packages/airflow/example_dags/example_branch_labels.py for tasks to queue
[2024-12-03T16:08:02.976+0000] {logging_mixin.py:120} INFO - [2024-12-03T16:08:02.976+0000] {dagbag.py:537} INFO - Filling up the DagBag from /home/airflow/.local/lib/python3.7/site-packages/airflow/example_dags/example_branch_labels.py
[2024-12-03T16:08:03.016+0000] {processor.py:766} INFO - DAG(s) dict_keys(['example_branch_labels']) retrieved from /home/airflow/.local/lib/python3.7/site-packages/airflow/example_dags/example_branch_labels.py
[2024-12-03T16:08:03.154+0000] {logging_mixin.py:120} INFO - [2024-12-03T16:08:03.154+0000] {dag.py:2585} INFO - Sync 1 DAGs
[2024-12-03T16:08:03.219+0000] {logging_mixin.py:120} INFO - [2024-12-03T16:08:03.219+0000] {dag.py:3340} INFO - Setting next_dagrun for example_branch_labels to 2024-12-02T00:00:00+00:00, run_after=2024-12-03T00:00:00+00:00
[2024-12-03T16:08:03.286+0000] {processor.py:176} INFO - Processing /home/airflow/.local/lib/python3.7/site-packages/airflow/example_dags/example_branch_labels.py took 0.322 seconds
[2024-12-03T16:08:33.894+0000] {processor.py:154} INFO - Started process (PID=1859) to work on /home/airflow/.local/lib/python3.7/site-packages/airflow/example_dags/example_branch_labels.py
[2024-12-03T16:08:33.897+0000] {processor.py:756} INFO - Processing file /home/airflow/.local/lib/python3.7/site-packages/airflow/example_dags/example_branch_labels.py for tasks to queue
[2024-12-03T16:08:33.900+0000] {logging_mixin.py:120} INFO - [2024-12-03T16:08:33.900+0000] {dagbag.py:537} INFO - Filling up the DagBag from /home/airflow/.local/lib/python3.7/site-packages/airflow/example_dags/example_branch_labels.py
[2024-12-03T16:08:33.939+0000] {processor.py:766} INFO - DAG(s) dict_keys(['example_branch_labels']) retrieved from /home/airflow/.local/lib/python3.7/site-packages/airflow/example_dags/example_branch_labels.py
[2024-12-03T16:08:34.040+0000] {logging_mixin.py:120} INFO - [2024-12-03T16:08:34.040+0000] {dag.py:2585} INFO - Sync 1 DAGs
[2024-12-03T16:08:34.118+0000] {logging_mixin.py:120} INFO - [2024-12-03T16:08:34.118+0000] {dag.py:3340} INFO - Setting next_dagrun for example_branch_labels to 2024-12-02T00:00:00+00:00, run_after=2024-12-03T00:00:00+00:00
[2024-12-03T16:08:34.171+0000] {processor.py:176} INFO - Processing /home/airflow/.local/lib/python3.7/site-packages/airflow/example_dags/example_branch_labels.py took 0.284 seconds
[2024-12-03T16:09:07.015+0000] {processor.py:154} INFO - Started process (PID=1927) to work on /home/airflow/.local/lib/python3.7/site-packages/airflow/example_dags/example_branch_labels.py
[2024-12-03T16:09:07.021+0000] {processor.py:756} INFO - Processing file /home/airflow/.local/lib/python3.7/site-packages/airflow/example_dags/example_branch_labels.py for tasks to queue
[2024-12-03T16:09:07.028+0000] {logging_mixin.py:120} INFO - [2024-12-03T16:09:07.027+0000] {dagbag.py:537} INFO - Filling up the DagBag from /home/airflow/.local/lib/python3.7/site-packages/airflow/example_dags/example_branch_labels.py
[2024-12-03T16:09:07.150+0000] {processor.py:766} INFO - DAG(s) dict_keys(['example_branch_labels']) retrieved from /home/airflow/.local/lib/python3.7/site-packages/airflow/example_dags/example_branch_labels.py
[2024-12-03T16:09:07.389+0000] {logging_mixin.py:120} INFO - [2024-12-03T16:09:07.388+0000] {dag.py:2585} INFO - Sync 1 DAGs
[2024-12-03T16:09:07.592+0000] {logging_mixin.py:120} INFO - [2024-12-03T16:09:07.591+0000] {dag.py:3340} INFO - Setting next_dagrun for example_branch_labels to 2024-12-02T00:00:00+00:00, run_after=2024-12-03T00:00:00+00:00
[2024-12-03T16:09:07.716+0000] {processor.py:176} INFO - Processing /home/airflow/.local/lib/python3.7/site-packages/airflow/example_dags/example_branch_labels.py took 0.720 seconds
[2024-12-03T16:09:38.047+0000] {processor.py:154} INFO - Started process (PID=1982) to work on /home/airflow/.local/lib/python3.7/site-packages/airflow/example_dags/example_branch_labels.py
[2024-12-03T16:09:38.054+0000] {processor.py:756} INFO - Processing file /home/airflow/.local/lib/python3.7/site-packages/airflow/example_dags/example_branch_labels.py for tasks to queue
[2024-12-03T16:09:38.059+0000] {logging_mixin.py:120} INFO - [2024-12-03T16:09:38.056+0000] {dagbag.py:537} INFO - Filling up the DagBag from /home/airflow/.local/lib/python3.7/site-packages/airflow/example_dags/example_branch_labels.py
[2024-12-03T16:09:38.121+0000] {processor.py:766} INFO - DAG(s) dict_keys(['example_branch_labels']) retrieved from /home/airflow/.local/lib/python3.7/site-packages/airflow/example_dags/example_branch_labels.py
[2024-12-03T16:09:38.246+0000] {logging_mixin.py:120} INFO - [2024-12-03T16:09:38.246+0000] {dag.py:2585} INFO - Sync 1 DAGs
[2024-12-03T16:09:38.326+0000] {logging_mixin.py:120} INFO - [2024-12-03T16:09:38.326+0000] {dag.py:3340} INFO - Setting next_dagrun for example_branch_labels to 2024-12-02T00:00:00+00:00, run_after=2024-12-03T00:00:00+00:00
[2024-12-03T16:09:38.418+0000] {processor.py:176} INFO - Processing /home/airflow/.local/lib/python3.7/site-packages/airflow/example_dags/example_branch_labels.py took 0.379 seconds
[2024-12-03T16:10:08.721+0000] {processor.py:154} INFO - Started process (PID=2037) to work on /home/airflow/.local/lib/python3.7/site-packages/airflow/example_dags/example_branch_labels.py
[2024-12-03T16:10:08.725+0000] {processor.py:756} INFO - Processing file /home/airflow/.local/lib/python3.7/site-packages/airflow/example_dags/example_branch_labels.py for tasks to queue
[2024-12-03T16:10:08.729+0000] {logging_mixin.py:120} INFO - [2024-12-03T16:10:08.728+0000] {dagbag.py:537} INFO - Filling up the DagBag from /home/airflow/.local/lib/python3.7/site-packages/airflow/example_dags/example_branch_labels.py
[2024-12-03T16:10:08.771+0000] {processor.py:766} INFO - DAG(s) dict_keys(['example_branch_labels']) retrieved from /home/airflow/.local/lib/python3.7/site-packages/airflow/example_dags/example_branch_labels.py
[2024-12-03T16:10:08.918+0000] {logging_mixin.py:120} INFO - [2024-12-03T16:10:08.917+0000] {dag.py:2585} INFO - Sync 1 DAGs
[2024-12-03T16:10:09.017+0000] {logging_mixin.py:120} INFO - [2024-12-03T16:10:09.017+0000] {dag.py:3340} INFO - Setting next_dagrun for example_branch_labels to 2024-12-02T00:00:00+00:00, run_after=2024-12-03T00:00:00+00:00
[2024-12-03T16:10:09.090+0000] {processor.py:176} INFO - Processing /home/airflow/.local/lib/python3.7/site-packages/airflow/example_dags/example_branch_labels.py took 0.376 seconds
[2024-12-03T16:10:39.796+0000] {processor.py:154} INFO - Started process (PID=2101) to work on /home/airflow/.local/lib/python3.7/site-packages/airflow/example_dags/example_branch_labels.py
[2024-12-03T16:10:39.799+0000] {processor.py:756} INFO - Processing file /home/airflow/.local/lib/python3.7/site-packages/airflow/example_dags/example_branch_labels.py for tasks to queue
[2024-12-03T16:10:39.802+0000] {logging_mixin.py:120} INFO - [2024-12-03T16:10:39.801+0000] {dagbag.py:537} INFO - Filling up the DagBag from /home/airflow/.local/lib/python3.7/site-packages/airflow/example_dags/example_branch_labels.py
[2024-12-03T16:10:39.839+0000] {processor.py:766} INFO - DAG(s) dict_keys(['example_branch_labels']) retrieved from /home/airflow/.local/lib/python3.7/site-packages/airflow/example_dags/example_branch_labels.py
[2024-12-03T16:10:39.968+0000] {logging_mixin.py:120} INFO - [2024-12-03T16:10:39.967+0000] {dag.py:2585} INFO - Sync 1 DAGs
[2024-12-03T16:10:40.077+0000] {logging_mixin.py:120} INFO - [2024-12-03T16:10:40.077+0000] {dag.py:3340} INFO - Setting next_dagrun for example_branch_labels to 2024-12-02T00:00:00+00:00, run_after=2024-12-03T00:00:00+00:00
[2024-12-03T16:10:40.141+0000] {processor.py:176} INFO - Processing /home/airflow/.local/lib/python3.7/site-packages/airflow/example_dags/example_branch_labels.py took 0.354 seconds
[2024-12-03T16:11:10.411+0000] {processor.py:154} INFO - Started process (PID=2156) to work on /home/airflow/.local/lib/python3.7/site-packages/airflow/example_dags/example_branch_labels.py
[2024-12-03T16:11:10.415+0000] {processor.py:756} INFO - Processing file /home/airflow/.local/lib/python3.7/site-packages/airflow/example_dags/example_branch_labels.py for tasks to queue
[2024-12-03T16:11:10.418+0000] {logging_mixin.py:120} INFO - [2024-12-03T16:11:10.418+0000] {dagbag.py:537} INFO - Filling up the DagBag from /home/airflow/.local/lib/python3.7/site-packages/airflow/example_dags/example_branch_labels.py
[2024-12-03T16:11:10.466+0000] {processor.py:766} INFO - DAG(s) dict_keys(['example_branch_labels']) retrieved from /home/airflow/.local/lib/python3.7/site-packages/airflow/example_dags/example_branch_labels.py
[2024-12-03T16:11:10.652+0000] {logging_mixin.py:120} INFO - [2024-12-03T16:11:10.651+0000] {dag.py:2585} INFO - Sync 1 DAGs
[2024-12-03T16:11:10.738+0000] {logging_mixin.py:120} INFO - [2024-12-03T16:11:10.738+0000] {dag.py:3340} INFO - Setting next_dagrun for example_branch_labels to 2024-12-02T00:00:00+00:00, run_after=2024-12-03T00:00:00+00:00
[2024-12-03T16:11:10.806+0000] {processor.py:176} INFO - Processing /home/airflow/.local/lib/python3.7/site-packages/airflow/example_dags/example_branch_labels.py took 0.403 seconds
[2024-12-03T16:11:41.297+0000] {processor.py:154} INFO - Started process (PID=2211) to work on /home/airflow/.local/lib/python3.7/site-packages/airflow/example_dags/example_branch_labels.py
[2024-12-03T16:11:41.299+0000] {processor.py:756} INFO - Processing file /home/airflow/.local/lib/python3.7/site-packages/airflow/example_dags/example_branch_labels.py for tasks to queue
[2024-12-03T16:11:41.302+0000] {logging_mixin.py:120} INFO - [2024-12-03T16:11:41.301+0000] {dagbag.py:537} INFO - Filling up the DagBag from /home/airflow/.local/lib/python3.7/site-packages/airflow/example_dags/example_branch_labels.py
[2024-12-03T16:11:41.346+0000] {processor.py:766} INFO - DAG(s) dict_keys(['example_branch_labels']) retrieved from /home/airflow/.local/lib/python3.7/site-packages/airflow/example_dags/example_branch_labels.py
[2024-12-03T16:11:41.454+0000] {logging_mixin.py:120} INFO - [2024-12-03T16:11:41.454+0000] {dag.py:2585} INFO - Sync 1 DAGs
[2024-12-03T16:11:41.564+0000] {logging_mixin.py:120} INFO - [2024-12-03T16:11:41.564+0000] {dag.py:3340} INFO - Setting next_dagrun for example_branch_labels to 2024-12-02T00:00:00+00:00, run_after=2024-12-03T00:00:00+00:00
[2024-12-03T16:11:41.638+0000] {processor.py:176} INFO - Processing /home/airflow/.local/lib/python3.7/site-packages/airflow/example_dags/example_branch_labels.py took 0.351 seconds
[2024-12-03T16:12:12.525+0000] {processor.py:154} INFO - Started process (PID=2266) to work on /home/airflow/.local/lib/python3.7/site-packages/airflow/example_dags/example_branch_labels.py
[2024-12-03T16:12:12.527+0000] {processor.py:756} INFO - Processing file /home/airflow/.local/lib/python3.7/site-packages/airflow/example_dags/example_branch_labels.py for tasks to queue
[2024-12-03T16:12:12.530+0000] {logging_mixin.py:120} INFO - [2024-12-03T16:12:12.530+0000] {dagbag.py:537} INFO - Filling up the DagBag from /home/airflow/.local/lib/python3.7/site-packages/airflow/example_dags/example_branch_labels.py
[2024-12-03T16:12:12.568+0000] {processor.py:766} INFO - DAG(s) dict_keys(['example_branch_labels']) retrieved from /home/airflow/.local/lib/python3.7/site-packages/airflow/example_dags/example_branch_labels.py
[2024-12-03T16:12:12.753+0000] {logging_mixin.py:120} INFO - [2024-12-03T16:12:12.752+0000] {dag.py:2585} INFO - Sync 1 DAGs
[2024-12-03T16:12:12.864+0000] {logging_mixin.py:120} INFO - [2024-12-03T16:12:12.863+0000] {dag.py:3340} INFO - Setting next_dagrun for example_branch_labels to 2024-12-02T00:00:00+00:00, run_after=2024-12-03T00:00:00+00:00
[2024-12-03T16:12:12.934+0000] {processor.py:176} INFO - Processing /home/airflow/.local/lib/python3.7/site-packages/airflow/example_dags/example_branch_labels.py took 0.416 seconds
[2024-12-03T16:12:43.167+0000] {processor.py:154} INFO - Started process (PID=2321) to work on /home/airflow/.local/lib/python3.7/site-packages/airflow/example_dags/example_branch_labels.py
[2024-12-03T16:12:43.169+0000] {processor.py:756} INFO - Processing file /home/airflow/.local/lib/python3.7/site-packages/airflow/example_dags/example_branch_labels.py for tasks to queue
[2024-12-03T16:12:43.172+0000] {logging_mixin.py:120} INFO - [2024-12-03T16:12:43.172+0000] {dagbag.py:537} INFO - Filling up the DagBag from /home/airflow/.local/lib/python3.7/site-packages/airflow/example_dags/example_branch_labels.py
[2024-12-03T16:12:43.208+0000] {processor.py:766} INFO - DAG(s) dict_keys(['example_branch_labels']) retrieved from /home/airflow/.local/lib/python3.7/site-packages/airflow/example_dags/example_branch_labels.py
[2024-12-03T16:12:43.321+0000] {logging_mixin.py:120} INFO - [2024-12-03T16:12:43.320+0000] {dag.py:2585} INFO - Sync 1 DAGs
[2024-12-03T16:12:43.383+0000] {logging_mixin.py:120} INFO - [2024-12-03T16:12:43.383+0000] {dag.py:3340} INFO - Setting next_dagrun for example_branch_labels to 2024-12-02T00:00:00+00:00, run_after=2024-12-03T00:00:00+00:00
[2024-12-03T16:12:43.457+0000] {processor.py:176} INFO - Processing /home/airflow/.local/lib/python3.7/site-packages/airflow/example_dags/example_branch_labels.py took 0.297 seconds
[2024-12-03T16:13:13.844+0000] {processor.py:154} INFO - Started process (PID=2377) to work on /home/airflow/.local/lib/python3.7/site-packages/airflow/example_dags/example_branch_labels.py
[2024-12-03T16:13:13.847+0000] {processor.py:756} INFO - Processing file /home/airflow/.local/lib/python3.7/site-packages/airflow/example_dags/example_branch_labels.py for tasks to queue
[2024-12-03T16:13:13.849+0000] {logging_mixin.py:120} INFO - [2024-12-03T16:13:13.849+0000] {dagbag.py:537} INFO - Filling up the DagBag from /home/airflow/.local/lib/python3.7/site-packages/airflow/example_dags/example_branch_labels.py
[2024-12-03T16:13:13.890+0000] {processor.py:766} INFO - DAG(s) dict_keys(['example_branch_labels']) retrieved from /home/airflow/.local/lib/python3.7/site-packages/airflow/example_dags/example_branch_labels.py
[2024-12-03T16:13:14.055+0000] {logging_mixin.py:120} INFO - [2024-12-03T16:13:14.054+0000] {dag.py:2585} INFO - Sync 1 DAGs
[2024-12-03T16:13:14.167+0000] {logging_mixin.py:120} INFO - [2024-12-03T16:13:14.167+0000] {dag.py:3340} INFO - Setting next_dagrun for example_branch_labels to 2024-12-02T00:00:00+00:00, run_after=2024-12-03T00:00:00+00:00
[2024-12-03T16:13:14.226+0000] {processor.py:176} INFO - Processing /home/airflow/.local/lib/python3.7/site-packages/airflow/example_dags/example_branch_labels.py took 0.389 seconds
[2024-12-03T16:13:44.432+0000] {processor.py:154} INFO - Started process (PID=2432) to work on /home/airflow/.local/lib/python3.7/site-packages/airflow/example_dags/example_branch_labels.py
[2024-12-03T16:13:44.435+0000] {processor.py:756} INFO - Processing file /home/airflow/.local/lib/python3.7/site-packages/airflow/example_dags/example_branch_labels.py for tasks to queue
[2024-12-03T16:13:44.438+0000] {logging_mixin.py:120} INFO - [2024-12-03T16:13:44.437+0000] {dagbag.py:537} INFO - Filling up the DagBag from /home/airflow/.local/lib/python3.7/site-packages/airflow/example_dags/example_branch_labels.py
[2024-12-03T16:13:44.491+0000] {processor.py:766} INFO - DAG(s) dict_keys(['example_branch_labels']) retrieved from /home/airflow/.local/lib/python3.7/site-packages/airflow/example_dags/example_branch_labels.py
[2024-12-03T16:13:44.603+0000] {logging_mixin.py:120} INFO - [2024-12-03T16:13:44.602+0000] {dag.py:2585} INFO - Sync 1 DAGs
[2024-12-03T16:13:44.679+0000] {logging_mixin.py:120} INFO - [2024-12-03T16:13:44.679+0000] {dag.py:3340} INFO - Setting next_dagrun for example_branch_labels to 2024-12-02T00:00:00+00:00, run_after=2024-12-03T00:00:00+00:00
[2024-12-03T16:13:44.751+0000] {processor.py:176} INFO - Processing /home/airflow/.local/lib/python3.7/site-packages/airflow/example_dags/example_branch_labels.py took 0.326 seconds
[2024-12-03T16:14:15.346+0000] {processor.py:154} INFO - Started process (PID=2502) to work on /home/airflow/.local/lib/python3.7/site-packages/airflow/example_dags/example_branch_labels.py
[2024-12-03T16:14:15.350+0000] {processor.py:756} INFO - Processing file /home/airflow/.local/lib/python3.7/site-packages/airflow/example_dags/example_branch_labels.py for tasks to queue
[2024-12-03T16:14:15.354+0000] {logging_mixin.py:120} INFO - [2024-12-03T16:14:15.353+0000] {dagbag.py:537} INFO - Filling up the DagBag from /home/airflow/.local/lib/python3.7/site-packages/airflow/example_dags/example_branch_labels.py
[2024-12-03T16:14:15.418+0000] {processor.py:766} INFO - DAG(s) dict_keys(['example_branch_labels']) retrieved from /home/airflow/.local/lib/python3.7/site-packages/airflow/example_dags/example_branch_labels.py
[2024-12-03T16:14:15.576+0000] {logging_mixin.py:120} INFO - [2024-12-03T16:14:15.576+0000] {dag.py:2585} INFO - Sync 1 DAGs
[2024-12-03T16:14:15.703+0000] {logging_mixin.py:120} INFO - [2024-12-03T16:14:15.703+0000] {dag.py:3340} INFO - Setting next_dagrun for example_branch_labels to 2024-12-02T00:00:00+00:00, run_after=2024-12-03T00:00:00+00:00
[2024-12-03T16:14:15.775+0000] {processor.py:176} INFO - Processing /home/airflow/.local/lib/python3.7/site-packages/airflow/example_dags/example_branch_labels.py took 0.438 seconds
[2024-12-03T16:14:46.450+0000] {processor.py:154} INFO - Started process (PID=2563) to work on /home/airflow/.local/lib/python3.7/site-packages/airflow/example_dags/example_branch_labels.py
[2024-12-03T16:14:46.453+0000] {processor.py:756} INFO - Processing file /home/airflow/.local/lib/python3.7/site-packages/airflow/example_dags/example_branch_labels.py for tasks to queue
[2024-12-03T16:14:46.456+0000] {logging_mixin.py:120} INFO - [2024-12-03T16:14:46.456+0000] {dagbag.py:537} INFO - Filling up the DagBag from /home/airflow/.local/lib/python3.7/site-packages/airflow/example_dags/example_branch_labels.py
[2024-12-03T16:14:46.507+0000] {processor.py:766} INFO - DAG(s) dict_keys(['example_branch_labels']) retrieved from /home/airflow/.local/lib/python3.7/site-packages/airflow/example_dags/example_branch_labels.py
[2024-12-03T16:14:46.641+0000] {logging_mixin.py:120} INFO - [2024-12-03T16:14:46.640+0000] {dag.py:2585} INFO - Sync 1 DAGs
[2024-12-03T16:14:46.745+0000] {logging_mixin.py:120} INFO - [2024-12-03T16:14:46.744+0000] {dag.py:3340} INFO - Setting next_dagrun for example_branch_labels to 2024-12-02T00:00:00+00:00, run_after=2024-12-03T00:00:00+00:00
[2024-12-03T16:14:46.813+0000] {processor.py:176} INFO - Processing /home/airflow/.local/lib/python3.7/site-packages/airflow/example_dags/example_branch_labels.py took 0.371 seconds
[2024-12-03T16:15:17.283+0000] {processor.py:154} INFO - Started process (PID=2618) to work on /home/airflow/.local/lib/python3.7/site-packages/airflow/example_dags/example_branch_labels.py
[2024-12-03T16:15:17.286+0000] {processor.py:756} INFO - Processing file /home/airflow/.local/lib/python3.7/site-packages/airflow/example_dags/example_branch_labels.py for tasks to queue
[2024-12-03T16:15:17.288+0000] {logging_mixin.py:120} INFO - [2024-12-03T16:15:17.288+0000] {dagbag.py:537} INFO - Filling up the DagBag from /home/airflow/.local/lib/python3.7/site-packages/airflow/example_dags/example_branch_labels.py
[2024-12-03T16:15:17.321+0000] {processor.py:766} INFO - DAG(s) dict_keys(['example_branch_labels']) retrieved from /home/airflow/.local/lib/python3.7/site-packages/airflow/example_dags/example_branch_labels.py
[2024-12-03T16:15:17.433+0000] {logging_mixin.py:120} INFO - [2024-12-03T16:15:17.432+0000] {dag.py:2585} INFO - Sync 1 DAGs
[2024-12-03T16:15:17.525+0000] {logging_mixin.py:120} INFO - [2024-12-03T16:15:17.524+0000] {dag.py:3340} INFO - Setting next_dagrun for example_branch_labels to 2024-12-02T00:00:00+00:00, run_after=2024-12-03T00:00:00+00:00
[2024-12-03T16:15:17.593+0000] {processor.py:176} INFO - Processing /home/airflow/.local/lib/python3.7/site-packages/airflow/example_dags/example_branch_labels.py took 0.321 seconds
[2024-12-03T16:15:47.986+0000] {processor.py:154} INFO - Started process (PID=2674) to work on /home/airflow/.local/lib/python3.7/site-packages/airflow/example_dags/example_branch_labels.py
[2024-12-03T16:15:47.988+0000] {processor.py:756} INFO - Processing file /home/airflow/.local/lib/python3.7/site-packages/airflow/example_dags/example_branch_labels.py for tasks to queue
[2024-12-03T16:15:47.991+0000] {logging_mixin.py:120} INFO - [2024-12-03T16:15:47.991+0000] {dagbag.py:537} INFO - Filling up the DagBag from /home/airflow/.local/lib/python3.7/site-packages/airflow/example_dags/example_branch_labels.py
[2024-12-03T16:15:48.043+0000] {processor.py:766} INFO - DAG(s) dict_keys(['example_branch_labels']) retrieved from /home/airflow/.local/lib/python3.7/site-packages/airflow/example_dags/example_branch_labels.py
[2024-12-03T16:15:48.147+0000] {logging_mixin.py:120} INFO - [2024-12-03T16:15:48.147+0000] {dag.py:2585} INFO - Sync 1 DAGs
[2024-12-03T16:15:48.217+0000] {logging_mixin.py:120} INFO - [2024-12-03T16:15:48.216+0000] {dag.py:3340} INFO - Setting next_dagrun for example_branch_labels to 2024-12-02T00:00:00+00:00, run_after=2024-12-03T00:00:00+00:00
[2024-12-03T16:15:48.280+0000] {processor.py:176} INFO - Processing /home/airflow/.local/lib/python3.7/site-packages/airflow/example_dags/example_branch_labels.py took 0.304 seconds
[2024-12-03T16:16:18.654+0000] {processor.py:154} INFO - Started process (PID=2730) to work on /home/airflow/.local/lib/python3.7/site-packages/airflow/example_dags/example_branch_labels.py
[2024-12-03T16:16:18.658+0000] {processor.py:756} INFO - Processing file /home/airflow/.local/lib/python3.7/site-packages/airflow/example_dags/example_branch_labels.py for tasks to queue
[2024-12-03T16:16:18.660+0000] {logging_mixin.py:120} INFO - [2024-12-03T16:16:18.660+0000] {dagbag.py:537} INFO - Filling up the DagBag from /home/airflow/.local/lib/python3.7/site-packages/airflow/example_dags/example_branch_labels.py
[2024-12-03T16:16:18.707+0000] {processor.py:766} INFO - DAG(s) dict_keys(['example_branch_labels']) retrieved from /home/airflow/.local/lib/python3.7/site-packages/airflow/example_dags/example_branch_labels.py
[2024-12-03T16:16:18.836+0000] {logging_mixin.py:120} INFO - [2024-12-03T16:16:18.836+0000] {dag.py:2585} INFO - Sync 1 DAGs
[2024-12-03T16:16:18.914+0000] {logging_mixin.py:120} INFO - [2024-12-03T16:16:18.914+0000] {dag.py:3340} INFO - Setting next_dagrun for example_branch_labels to 2024-12-02T00:00:00+00:00, run_after=2024-12-03T00:00:00+00:00
[2024-12-03T16:16:18.972+0000] {processor.py:176} INFO - Processing /home/airflow/.local/lib/python3.7/site-packages/airflow/example_dags/example_branch_labels.py took 0.327 seconds
[2024-12-03T16:16:49.175+0000] {processor.py:154} INFO - Started process (PID=2785) to work on /home/airflow/.local/lib/python3.7/site-packages/airflow/example_dags/example_branch_labels.py
[2024-12-03T16:16:49.178+0000] {processor.py:756} INFO - Processing file /home/airflow/.local/lib/python3.7/site-packages/airflow/example_dags/example_branch_labels.py for tasks to queue
[2024-12-03T16:16:49.180+0000] {logging_mixin.py:120} INFO - [2024-12-03T16:16:49.180+0000] {dagbag.py:537} INFO - Filling up the DagBag from /home/airflow/.local/lib/python3.7/site-packages/airflow/example_dags/example_branch_labels.py
[2024-12-03T16:16:49.217+0000] {processor.py:766} INFO - DAG(s) dict_keys(['example_branch_labels']) retrieved from /home/airflow/.local/lib/python3.7/site-packages/airflow/example_dags/example_branch_labels.py
[2024-12-03T16:16:49.315+0000] {logging_mixin.py:120} INFO - [2024-12-03T16:16:49.315+0000] {dag.py:2585} INFO - Sync 1 DAGs
[2024-12-03T16:16:49.380+0000] {logging_mixin.py:120} INFO - [2024-12-03T16:16:49.380+0000] {dag.py:3340} INFO - Setting next_dagrun for example_branch_labels to 2024-12-02T00:00:00+00:00, run_after=2024-12-03T00:00:00+00:00
[2024-12-03T16:16:49.435+0000] {processor.py:176} INFO - Processing /home/airflow/.local/lib/python3.7/site-packages/airflow/example_dags/example_branch_labels.py took 0.268 seconds
[2024-12-03T16:17:19.866+0000] {processor.py:154} INFO - Started process (PID=2847) to work on /home/airflow/.local/lib/python3.7/site-packages/airflow/example_dags/example_branch_labels.py
[2024-12-03T16:17:19.868+0000] {processor.py:756} INFO - Processing file /home/airflow/.local/lib/python3.7/site-packages/airflow/example_dags/example_branch_labels.py for tasks to queue
[2024-12-03T16:17:19.871+0000] {logging_mixin.py:120} INFO - [2024-12-03T16:17:19.870+0000] {dagbag.py:537} INFO - Filling up the DagBag from /home/airflow/.local/lib/python3.7/site-packages/airflow/example_dags/example_branch_labels.py
[2024-12-03T16:17:19.909+0000] {processor.py:766} INFO - DAG(s) dict_keys(['example_branch_labels']) retrieved from /home/airflow/.local/lib/python3.7/site-packages/airflow/example_dags/example_branch_labels.py
[2024-12-03T16:17:20.013+0000] {logging_mixin.py:120} INFO - [2024-12-03T16:17:20.013+0000] {dag.py:2585} INFO - Sync 1 DAGs
[2024-12-03T16:17:20.105+0000] {logging_mixin.py:120} INFO - [2024-12-03T16:17:20.105+0000] {dag.py:3340} INFO - Setting next_dagrun for example_branch_labels to 2024-12-02T00:00:00+00:00, run_after=2024-12-03T00:00:00+00:00
[2024-12-03T16:17:20.182+0000] {processor.py:176} INFO - Processing /home/airflow/.local/lib/python3.7/site-packages/airflow/example_dags/example_branch_labels.py took 0.322 seconds
[2024-12-03T16:17:50.316+0000] {processor.py:154} INFO - Started process (PID=2906) to work on /home/airflow/.local/lib/python3.7/site-packages/airflow/example_dags/example_branch_labels.py
[2024-12-03T16:17:50.320+0000] {processor.py:756} INFO - Processing file /home/airflow/.local/lib/python3.7/site-packages/airflow/example_dags/example_branch_labels.py for tasks to queue
[2024-12-03T16:17:50.324+0000] {logging_mixin.py:120} INFO - [2024-12-03T16:17:50.324+0000] {dagbag.py:537} INFO - Filling up the DagBag from /home/airflow/.local/lib/python3.7/site-packages/airflow/example_dags/example_branch_labels.py
[2024-12-03T16:17:50.383+0000] {processor.py:766} INFO - DAG(s) dict_keys(['example_branch_labels']) retrieved from /home/airflow/.local/lib/python3.7/site-packages/airflow/example_dags/example_branch_labels.py
[2024-12-03T16:17:50.531+0000] {logging_mixin.py:120} INFO - [2024-12-03T16:17:50.530+0000] {dag.py:2585} INFO - Sync 1 DAGs
[2024-12-03T16:17:50.619+0000] {logging_mixin.py:120} INFO - [2024-12-03T16:17:50.618+0000] {dag.py:3340} INFO - Setting next_dagrun for example_branch_labels to 2024-12-02T00:00:00+00:00, run_after=2024-12-03T00:00:00+00:00
[2024-12-03T16:17:50.698+0000] {processor.py:176} INFO - Processing /home/airflow/.local/lib/python3.7/site-packages/airflow/example_dags/example_branch_labels.py took 0.392 seconds
[2024-12-03T16:18:21.203+0000] {processor.py:154} INFO - Started process (PID=2965) to work on /home/airflow/.local/lib/python3.7/site-packages/airflow/example_dags/example_branch_labels.py
[2024-12-03T16:18:21.205+0000] {processor.py:756} INFO - Processing file /home/airflow/.local/lib/python3.7/site-packages/airflow/example_dags/example_branch_labels.py for tasks to queue
[2024-12-03T16:18:21.207+0000] {logging_mixin.py:120} INFO - [2024-12-03T16:18:21.207+0000] {dagbag.py:537} INFO - Filling up the DagBag from /home/airflow/.local/lib/python3.7/site-packages/airflow/example_dags/example_branch_labels.py
[2024-12-03T16:18:21.260+0000] {processor.py:766} INFO - DAG(s) dict_keys(['example_branch_labels']) retrieved from /home/airflow/.local/lib/python3.7/site-packages/airflow/example_dags/example_branch_labels.py
[2024-12-03T16:18:21.375+0000] {logging_mixin.py:120} INFO - [2024-12-03T16:18:21.374+0000] {dag.py:2585} INFO - Sync 1 DAGs
[2024-12-03T16:18:21.453+0000] {logging_mixin.py:120} INFO - [2024-12-03T16:18:21.453+0000] {dag.py:3340} INFO - Setting next_dagrun for example_branch_labels to 2024-12-02T00:00:00+00:00, run_after=2024-12-03T00:00:00+00:00
[2024-12-03T16:18:21.509+0000] {processor.py:176} INFO - Processing /home/airflow/.local/lib/python3.7/site-packages/airflow/example_dags/example_branch_labels.py took 0.313 seconds
[2024-12-03T16:18:51.597+0000] {processor.py:154} INFO - Started process (PID=3020) to work on /home/airflow/.local/lib/python3.7/site-packages/airflow/example_dags/example_branch_labels.py
[2024-12-03T16:18:51.598+0000] {processor.py:756} INFO - Processing file /home/airflow/.local/lib/python3.7/site-packages/airflow/example_dags/example_branch_labels.py for tasks to queue
[2024-12-03T16:18:51.600+0000] {logging_mixin.py:120} INFO - [2024-12-03T16:18:51.600+0000] {dagbag.py:537} INFO - Filling up the DagBag from /home/airflow/.local/lib/python3.7/site-packages/airflow/example_dags/example_branch_labels.py
[2024-12-03T16:18:51.624+0000] {processor.py:766} INFO - DAG(s) dict_keys(['example_branch_labels']) retrieved from /home/airflow/.local/lib/python3.7/site-packages/airflow/example_dags/example_branch_labels.py
[2024-12-03T16:18:51.682+0000] {logging_mixin.py:120} INFO - [2024-12-03T16:18:51.682+0000] {dag.py:2585} INFO - Sync 1 DAGs
[2024-12-03T16:18:51.716+0000] {logging_mixin.py:120} INFO - [2024-12-03T16:18:51.715+0000] {dag.py:3340} INFO - Setting next_dagrun for example_branch_labels to 2024-12-02T00:00:00+00:00, run_after=2024-12-03T00:00:00+00:00
[2024-12-03T16:18:51.749+0000] {processor.py:176} INFO - Processing /home/airflow/.local/lib/python3.7/site-packages/airflow/example_dags/example_branch_labels.py took 0.158 seconds
[2024-12-03T16:19:22.494+0000] {processor.py:154} INFO - Started process (PID=3093) to work on /home/airflow/.local/lib/python3.7/site-packages/airflow/example_dags/example_branch_labels.py
[2024-12-03T16:19:22.496+0000] {processor.py:756} INFO - Processing file /home/airflow/.local/lib/python3.7/site-packages/airflow/example_dags/example_branch_labels.py for tasks to queue
[2024-12-03T16:19:22.498+0000] {logging_mixin.py:120} INFO - [2024-12-03T16:19:22.497+0000] {dagbag.py:537} INFO - Filling up the DagBag from /home/airflow/.local/lib/python3.7/site-packages/airflow/example_dags/example_branch_labels.py
[2024-12-03T16:19:22.523+0000] {processor.py:766} INFO - DAG(s) dict_keys(['example_branch_labels']) retrieved from /home/airflow/.local/lib/python3.7/site-packages/airflow/example_dags/example_branch_labels.py
[2024-12-03T16:19:22.583+0000] {logging_mixin.py:120} INFO - [2024-12-03T16:19:22.583+0000] {dag.py:2585} INFO - Sync 1 DAGs
[2024-12-03T16:19:22.617+0000] {logging_mixin.py:120} INFO - [2024-12-03T16:19:22.616+0000] {dag.py:3340} INFO - Setting next_dagrun for example_branch_labels to 2024-12-02T00:00:00+00:00, run_after=2024-12-03T00:00:00+00:00
[2024-12-03T16:19:22.681+0000] {processor.py:176} INFO - Processing /home/airflow/.local/lib/python3.7/site-packages/airflow/example_dags/example_branch_labels.py took 0.193 seconds
[2024-12-03T16:19:52.816+0000] {processor.py:154} INFO - Started process (PID=3161) to work on /home/airflow/.local/lib/python3.7/site-packages/airflow/example_dags/example_branch_labels.py
[2024-12-03T16:19:52.818+0000] {processor.py:756} INFO - Processing file /home/airflow/.local/lib/python3.7/site-packages/airflow/example_dags/example_branch_labels.py for tasks to queue
[2024-12-03T16:19:52.819+0000] {logging_mixin.py:120} INFO - [2024-12-03T16:19:52.819+0000] {dagbag.py:537} INFO - Filling up the DagBag from /home/airflow/.local/lib/python3.7/site-packages/airflow/example_dags/example_branch_labels.py
[2024-12-03T16:19:52.841+0000] {processor.py:766} INFO - DAG(s) dict_keys(['example_branch_labels']) retrieved from /home/airflow/.local/lib/python3.7/site-packages/airflow/example_dags/example_branch_labels.py
[2024-12-03T16:19:52.911+0000] {logging_mixin.py:120} INFO - [2024-12-03T16:19:52.911+0000] {dag.py:2585} INFO - Sync 1 DAGs
[2024-12-03T16:19:52.947+0000] {logging_mixin.py:120} INFO - [2024-12-03T16:19:52.947+0000] {dag.py:3340} INFO - Setting next_dagrun for example_branch_labels to 2024-12-02T00:00:00+00:00, run_after=2024-12-03T00:00:00+00:00
[2024-12-03T16:19:52.985+0000] {processor.py:176} INFO - Processing /home/airflow/.local/lib/python3.7/site-packages/airflow/example_dags/example_branch_labels.py took 0.172 seconds
[2024-12-03T16:20:23.155+0000] {processor.py:154} INFO - Started process (PID=3216) to work on /home/airflow/.local/lib/python3.7/site-packages/airflow/example_dags/example_branch_labels.py
[2024-12-03T16:20:23.157+0000] {processor.py:756} INFO - Processing file /home/airflow/.local/lib/python3.7/site-packages/airflow/example_dags/example_branch_labels.py for tasks to queue
[2024-12-03T16:20:23.159+0000] {logging_mixin.py:120} INFO - [2024-12-03T16:20:23.158+0000] {dagbag.py:537} INFO - Filling up the DagBag from /home/airflow/.local/lib/python3.7/site-packages/airflow/example_dags/example_branch_labels.py
[2024-12-03T16:20:23.175+0000] {processor.py:766} INFO - DAG(s) dict_keys(['example_branch_labels']) retrieved from /home/airflow/.local/lib/python3.7/site-packages/airflow/example_dags/example_branch_labels.py
[2024-12-03T16:20:23.228+0000] {logging_mixin.py:120} INFO - [2024-12-03T16:20:23.228+0000] {dag.py:2585} INFO - Sync 1 DAGs
[2024-12-03T16:20:23.258+0000] {logging_mixin.py:120} INFO - [2024-12-03T16:20:23.258+0000] {dag.py:3340} INFO - Setting next_dagrun for example_branch_labels to 2024-12-02T00:00:00+00:00, run_after=2024-12-03T00:00:00+00:00
[2024-12-03T16:20:23.288+0000] {processor.py:176} INFO - Processing /home/airflow/.local/lib/python3.7/site-packages/airflow/example_dags/example_branch_labels.py took 0.136 seconds
[2024-12-03T16:20:53.825+0000] {processor.py:154} INFO - Started process (PID=3280) to work on /home/airflow/.local/lib/python3.7/site-packages/airflow/example_dags/example_branch_labels.py
[2024-12-03T16:20:53.826+0000] {processor.py:756} INFO - Processing file /home/airflow/.local/lib/python3.7/site-packages/airflow/example_dags/example_branch_labels.py for tasks to queue
[2024-12-03T16:20:53.828+0000] {logging_mixin.py:120} INFO - [2024-12-03T16:20:53.828+0000] {dagbag.py:537} INFO - Filling up the DagBag from /home/airflow/.local/lib/python3.7/site-packages/airflow/example_dags/example_branch_labels.py
[2024-12-03T16:20:53.857+0000] {processor.py:766} INFO - DAG(s) dict_keys(['example_branch_labels']) retrieved from /home/airflow/.local/lib/python3.7/site-packages/airflow/example_dags/example_branch_labels.py
[2024-12-03T16:20:53.936+0000] {logging_mixin.py:120} INFO - [2024-12-03T16:20:53.936+0000] {dag.py:2585} INFO - Sync 1 DAGs
[2024-12-03T16:20:53.988+0000] {logging_mixin.py:120} INFO - [2024-12-03T16:20:53.988+0000] {dag.py:3340} INFO - Setting next_dagrun for example_branch_labels to 2024-12-02T00:00:00+00:00, run_after=2024-12-03T00:00:00+00:00
[2024-12-03T16:20:54.032+0000] {processor.py:176} INFO - Processing /home/airflow/.local/lib/python3.7/site-packages/airflow/example_dags/example_branch_labels.py took 0.211 seconds
[2024-12-03T16:21:24.244+0000] {processor.py:154} INFO - Started process (PID=3335) to work on /home/airflow/.local/lib/python3.7/site-packages/airflow/example_dags/example_branch_labels.py
[2024-12-03T16:21:24.247+0000] {processor.py:756} INFO - Processing file /home/airflow/.local/lib/python3.7/site-packages/airflow/example_dags/example_branch_labels.py for tasks to queue
[2024-12-03T16:21:24.249+0000] {logging_mixin.py:120} INFO - [2024-12-03T16:21:24.249+0000] {dagbag.py:537} INFO - Filling up the DagBag from /home/airflow/.local/lib/python3.7/site-packages/airflow/example_dags/example_branch_labels.py
[2024-12-03T16:21:24.268+0000] {processor.py:766} INFO - DAG(s) dict_keys(['example_branch_labels']) retrieved from /home/airflow/.local/lib/python3.7/site-packages/airflow/example_dags/example_branch_labels.py
[2024-12-03T16:21:24.333+0000] {logging_mixin.py:120} INFO - [2024-12-03T16:21:24.332+0000] {dag.py:2585} INFO - Sync 1 DAGs
[2024-12-03T16:21:24.373+0000] {logging_mixin.py:120} INFO - [2024-12-03T16:21:24.373+0000] {dag.py:3340} INFO - Setting next_dagrun for example_branch_labels to 2024-12-02T00:00:00+00:00, run_after=2024-12-03T00:00:00+00:00
[2024-12-03T16:21:24.417+0000] {processor.py:176} INFO - Processing /home/airflow/.local/lib/python3.7/site-packages/airflow/example_dags/example_branch_labels.py took 0.176 seconds
[2024-12-03T16:21:54.924+0000] {processor.py:154} INFO - Started process (PID=3399) to work on /home/airflow/.local/lib/python3.7/site-packages/airflow/example_dags/example_branch_labels.py
[2024-12-03T16:21:54.926+0000] {processor.py:756} INFO - Processing file /home/airflow/.local/lib/python3.7/site-packages/airflow/example_dags/example_branch_labels.py for tasks to queue
[2024-12-03T16:21:54.927+0000] {logging_mixin.py:120} INFO - [2024-12-03T16:21:54.926+0000] {dagbag.py:537} INFO - Filling up the DagBag from /home/airflow/.local/lib/python3.7/site-packages/airflow/example_dags/example_branch_labels.py
[2024-12-03T16:21:54.946+0000] {processor.py:766} INFO - DAG(s) dict_keys(['example_branch_labels']) retrieved from /home/airflow/.local/lib/python3.7/site-packages/airflow/example_dags/example_branch_labels.py
[2024-12-03T16:21:54.997+0000] {logging_mixin.py:120} INFO - [2024-12-03T16:21:54.996+0000] {dag.py:2585} INFO - Sync 1 DAGs
[2024-12-03T16:21:55.034+0000] {logging_mixin.py:120} INFO - [2024-12-03T16:21:55.033+0000] {dag.py:3340} INFO - Setting next_dagrun for example_branch_labels to 2024-12-02T00:00:00+00:00, run_after=2024-12-03T00:00:00+00:00
[2024-12-03T16:21:55.077+0000] {processor.py:176} INFO - Processing /home/airflow/.local/lib/python3.7/site-packages/airflow/example_dags/example_branch_labels.py took 0.156 seconds
[2024-12-03T16:22:25.213+0000] {processor.py:154} INFO - Started process (PID=3454) to work on /home/airflow/.local/lib/python3.7/site-packages/airflow/example_dags/example_branch_labels.py
[2024-12-03T16:22:25.214+0000] {processor.py:756} INFO - Processing file /home/airflow/.local/lib/python3.7/site-packages/airflow/example_dags/example_branch_labels.py for tasks to queue
[2024-12-03T16:22:25.216+0000] {logging_mixin.py:120} INFO - [2024-12-03T16:22:25.216+0000] {dagbag.py:537} INFO - Filling up the DagBag from /home/airflow/.local/lib/python3.7/site-packages/airflow/example_dags/example_branch_labels.py
[2024-12-03T16:22:25.233+0000] {processor.py:766} INFO - DAG(s) dict_keys(['example_branch_labels']) retrieved from /home/airflow/.local/lib/python3.7/site-packages/airflow/example_dags/example_branch_labels.py
[2024-12-03T16:22:25.290+0000] {logging_mixin.py:120} INFO - [2024-12-03T16:22:25.290+0000] {dag.py:2585} INFO - Sync 1 DAGs
[2024-12-03T16:22:25.325+0000] {logging_mixin.py:120} INFO - [2024-12-03T16:22:25.324+0000] {dag.py:3340} INFO - Setting next_dagrun for example_branch_labels to 2024-12-02T00:00:00+00:00, run_after=2024-12-03T00:00:00+00:00
[2024-12-03T16:22:25.361+0000] {processor.py:176} INFO - Processing /home/airflow/.local/lib/python3.7/site-packages/airflow/example_dags/example_branch_labels.py took 0.152 seconds
[2024-12-03T16:22:55.471+0000] {processor.py:154} INFO - Started process (PID=3518) to work on /home/airflow/.local/lib/python3.7/site-packages/airflow/example_dags/example_branch_labels.py
[2024-12-03T16:22:55.474+0000] {processor.py:756} INFO - Processing file /home/airflow/.local/lib/python3.7/site-packages/airflow/example_dags/example_branch_labels.py for tasks to queue
[2024-12-03T16:22:55.476+0000] {logging_mixin.py:120} INFO - [2024-12-03T16:22:55.476+0000] {dagbag.py:537} INFO - Filling up the DagBag from /home/airflow/.local/lib/python3.7/site-packages/airflow/example_dags/example_branch_labels.py
[2024-12-03T16:22:55.507+0000] {processor.py:766} INFO - DAG(s) dict_keys(['example_branch_labels']) retrieved from /home/airflow/.local/lib/python3.7/site-packages/airflow/example_dags/example_branch_labels.py
[2024-12-03T16:22:55.587+0000] {logging_mixin.py:120} INFO - [2024-12-03T16:22:55.587+0000] {dag.py:2585} INFO - Sync 1 DAGs
[2024-12-03T16:22:55.644+0000] {logging_mixin.py:120} INFO - [2024-12-03T16:22:55.644+0000] {dag.py:3340} INFO - Setting next_dagrun for example_branch_labels to 2024-12-02T00:00:00+00:00, run_after=2024-12-03T00:00:00+00:00
[2024-12-03T16:22:55.691+0000] {processor.py:176} INFO - Processing /home/airflow/.local/lib/python3.7/site-packages/airflow/example_dags/example_branch_labels.py took 0.227 seconds
[2024-12-03T16:23:26.132+0000] {processor.py:154} INFO - Started process (PID=3582) to work on /home/airflow/.local/lib/python3.7/site-packages/airflow/example_dags/example_branch_labels.py
[2024-12-03T16:23:26.134+0000] {processor.py:756} INFO - Processing file /home/airflow/.local/lib/python3.7/site-packages/airflow/example_dags/example_branch_labels.py for tasks to queue
[2024-12-03T16:23:26.136+0000] {logging_mixin.py:120} INFO - [2024-12-03T16:23:26.136+0000] {dagbag.py:537} INFO - Filling up the DagBag from /home/airflow/.local/lib/python3.7/site-packages/airflow/example_dags/example_branch_labels.py
[2024-12-03T16:23:26.170+0000] {processor.py:766} INFO - DAG(s) dict_keys(['example_branch_labels']) retrieved from /home/airflow/.local/lib/python3.7/site-packages/airflow/example_dags/example_branch_labels.py
[2024-12-03T16:23:26.265+0000] {logging_mixin.py:120} INFO - [2024-12-03T16:23:26.265+0000] {dag.py:2585} INFO - Sync 1 DAGs
[2024-12-03T16:23:26.473+0000] {logging_mixin.py:120} INFO - [2024-12-03T16:23:26.473+0000] {dag.py:3340} INFO - Setting next_dagrun for example_branch_labels to 2024-12-02T00:00:00+00:00, run_after=2024-12-03T00:00:00+00:00
[2024-12-03T16:23:26.525+0000] {processor.py:176} INFO - Processing /home/airflow/.local/lib/python3.7/site-packages/airflow/example_dags/example_branch_labels.py took 0.402 seconds
[2024-12-03T16:23:56.727+0000] {processor.py:154} INFO - Started process (PID=3637) to work on /home/airflow/.local/lib/python3.7/site-packages/airflow/example_dags/example_branch_labels.py
[2024-12-03T16:23:56.729+0000] {processor.py:756} INFO - Processing file /home/airflow/.local/lib/python3.7/site-packages/airflow/example_dags/example_branch_labels.py for tasks to queue
[2024-12-03T16:23:56.730+0000] {logging_mixin.py:120} INFO - [2024-12-03T16:23:56.730+0000] {dagbag.py:537} INFO - Filling up the DagBag from /home/airflow/.local/lib/python3.7/site-packages/airflow/example_dags/example_branch_labels.py
[2024-12-03T16:23:56.747+0000] {processor.py:766} INFO - DAG(s) dict_keys(['example_branch_labels']) retrieved from /home/airflow/.local/lib/python3.7/site-packages/airflow/example_dags/example_branch_labels.py
[2024-12-03T16:23:56.803+0000] {logging_mixin.py:120} INFO - [2024-12-03T16:23:56.802+0000] {dag.py:2585} INFO - Sync 1 DAGs
[2024-12-03T16:23:56.835+0000] {logging_mixin.py:120} INFO - [2024-12-03T16:23:56.835+0000] {dag.py:3340} INFO - Setting next_dagrun for example_branch_labels to 2024-12-02T00:00:00+00:00, run_after=2024-12-03T00:00:00+00:00
[2024-12-03T16:23:56.867+0000] {processor.py:176} INFO - Processing /home/airflow/.local/lib/python3.7/site-packages/airflow/example_dags/example_branch_labels.py took 0.142 seconds
[2024-12-03T16:24:28.133+0000] {processor.py:154} INFO - Started process (PID=3705) to work on /home/airflow/.local/lib/python3.7/site-packages/airflow/example_dags/example_branch_labels.py
[2024-12-03T16:24:28.135+0000] {processor.py:756} INFO - Processing file /home/airflow/.local/lib/python3.7/site-packages/airflow/example_dags/example_branch_labels.py for tasks to queue
[2024-12-03T16:24:28.137+0000] {logging_mixin.py:120} INFO - [2024-12-03T16:24:28.136+0000] {dagbag.py:537} INFO - Filling up the DagBag from /home/airflow/.local/lib/python3.7/site-packages/airflow/example_dags/example_branch_labels.py
[2024-12-03T16:24:28.161+0000] {processor.py:766} INFO - DAG(s) dict_keys(['example_branch_labels']) retrieved from /home/airflow/.local/lib/python3.7/site-packages/airflow/example_dags/example_branch_labels.py
[2024-12-03T16:24:28.227+0000] {logging_mixin.py:120} INFO - [2024-12-03T16:24:28.227+0000] {dag.py:2585} INFO - Sync 1 DAGs
[2024-12-03T16:24:28.268+0000] {logging_mixin.py:120} INFO - [2024-12-03T16:24:28.267+0000] {dag.py:3340} INFO - Setting next_dagrun for example_branch_labels to 2024-12-02T00:00:00+00:00, run_after=2024-12-03T00:00:00+00:00
[2024-12-03T16:24:28.301+0000] {processor.py:176} INFO - Processing /home/airflow/.local/lib/python3.7/site-packages/airflow/example_dags/example_branch_labels.py took 0.171 seconds
[2024-12-03T16:24:58.404+0000] {processor.py:154} INFO - Started process (PID=3769) to work on /home/airflow/.local/lib/python3.7/site-packages/airflow/example_dags/example_branch_labels.py
[2024-12-03T16:24:58.406+0000] {processor.py:756} INFO - Processing file /home/airflow/.local/lib/python3.7/site-packages/airflow/example_dags/example_branch_labels.py for tasks to queue
[2024-12-03T16:24:58.407+0000] {logging_mixin.py:120} INFO - [2024-12-03T16:24:58.407+0000] {dagbag.py:537} INFO - Filling up the DagBag from /home/airflow/.local/lib/python3.7/site-packages/airflow/example_dags/example_branch_labels.py
[2024-12-03T16:24:58.425+0000] {processor.py:766} INFO - DAG(s) dict_keys(['example_branch_labels']) retrieved from /home/airflow/.local/lib/python3.7/site-packages/airflow/example_dags/example_branch_labels.py
[2024-12-03T16:24:58.472+0000] {logging_mixin.py:120} INFO - [2024-12-03T16:24:58.472+0000] {dag.py:2585} INFO - Sync 1 DAGs
[2024-12-03T16:24:58.504+0000] {logging_mixin.py:120} INFO - [2024-12-03T16:24:58.504+0000] {dag.py:3340} INFO - Setting next_dagrun for example_branch_labels to 2024-12-02T00:00:00+00:00, run_after=2024-12-03T00:00:00+00:00
[2024-12-03T16:24:58.535+0000] {processor.py:176} INFO - Processing /home/airflow/.local/lib/python3.7/site-packages/airflow/example_dags/example_branch_labels.py took 0.135 seconds
[2024-12-03T16:25:29.119+0000] {processor.py:154} INFO - Started process (PID=3845) to work on /home/airflow/.local/lib/python3.7/site-packages/airflow/example_dags/example_branch_labels.py
[2024-12-03T16:25:29.124+0000] {processor.py:756} INFO - Processing file /home/airflow/.local/lib/python3.7/site-packages/airflow/example_dags/example_branch_labels.py for tasks to queue
[2024-12-03T16:25:29.127+0000] {logging_mixin.py:120} INFO - [2024-12-03T16:25:29.126+0000] {dagbag.py:537} INFO - Filling up the DagBag from /home/airflow/.local/lib/python3.7/site-packages/airflow/example_dags/example_branch_labels.py
[2024-12-03T16:25:29.179+0000] {processor.py:766} INFO - DAG(s) dict_keys(['example_branch_labels']) retrieved from /home/airflow/.local/lib/python3.7/site-packages/airflow/example_dags/example_branch_labels.py
[2024-12-03T16:25:29.270+0000] {logging_mixin.py:120} INFO - [2024-12-03T16:25:29.269+0000] {dag.py:2585} INFO - Sync 1 DAGs
[2024-12-03T16:25:29.336+0000] {logging_mixin.py:120} INFO - [2024-12-03T16:25:29.335+0000] {dag.py:3340} INFO - Setting next_dagrun for example_branch_labels to 2024-12-02T00:00:00+00:00, run_after=2024-12-03T00:00:00+00:00
[2024-12-03T16:25:29.405+0000] {processor.py:176} INFO - Processing /home/airflow/.local/lib/python3.7/site-packages/airflow/example_dags/example_branch_labels.py took 0.295 seconds
[2024-12-03T16:25:59.700+0000] {processor.py:154} INFO - Started process (PID=3901) to work on /home/airflow/.local/lib/python3.7/site-packages/airflow/example_dags/example_branch_labels.py
[2024-12-03T16:25:59.702+0000] {processor.py:756} INFO - Processing file /home/airflow/.local/lib/python3.7/site-packages/airflow/example_dags/example_branch_labels.py for tasks to queue
[2024-12-03T16:25:59.703+0000] {logging_mixin.py:120} INFO - [2024-12-03T16:25:59.703+0000] {dagbag.py:537} INFO - Filling up the DagBag from /home/airflow/.local/lib/python3.7/site-packages/airflow/example_dags/example_branch_labels.py
[2024-12-03T16:25:59.722+0000] {processor.py:766} INFO - DAG(s) dict_keys(['example_branch_labels']) retrieved from /home/airflow/.local/lib/python3.7/site-packages/airflow/example_dags/example_branch_labels.py
[2024-12-03T16:25:59.787+0000] {logging_mixin.py:120} INFO - [2024-12-03T16:25:59.787+0000] {dag.py:2585} INFO - Sync 1 DAGs
[2024-12-03T16:25:59.827+0000] {logging_mixin.py:120} INFO - [2024-12-03T16:25:59.826+0000] {dag.py:3340} INFO - Setting next_dagrun for example_branch_labels to 2024-12-02T00:00:00+00:00, run_after=2024-12-03T00:00:00+00:00
[2024-12-03T16:25:59.862+0000] {processor.py:176} INFO - Processing /home/airflow/.local/lib/python3.7/site-packages/airflow/example_dags/example_branch_labels.py took 0.166 seconds
[2024-12-03T16:26:30.398+0000] {processor.py:154} INFO - Started process (PID=3965) to work on /home/airflow/.local/lib/python3.7/site-packages/airflow/example_dags/example_branch_labels.py
[2024-12-03T16:26:30.400+0000] {processor.py:756} INFO - Processing file /home/airflow/.local/lib/python3.7/site-packages/airflow/example_dags/example_branch_labels.py for tasks to queue
[2024-12-03T16:26:30.402+0000] {logging_mixin.py:120} INFO - [2024-12-03T16:26:30.402+0000] {dagbag.py:537} INFO - Filling up the DagBag from /home/airflow/.local/lib/python3.7/site-packages/airflow/example_dags/example_branch_labels.py
[2024-12-03T16:26:30.425+0000] {processor.py:766} INFO - DAG(s) dict_keys(['example_branch_labels']) retrieved from /home/airflow/.local/lib/python3.7/site-packages/airflow/example_dags/example_branch_labels.py
[2024-12-03T16:26:30.478+0000] {logging_mixin.py:120} INFO - [2024-12-03T16:26:30.478+0000] {dag.py:2585} INFO - Sync 1 DAGs
[2024-12-03T16:26:30.517+0000] {logging_mixin.py:120} INFO - [2024-12-03T16:26:30.517+0000] {dag.py:3340} INFO - Setting next_dagrun for example_branch_labels to 2024-12-02T00:00:00+00:00, run_after=2024-12-03T00:00:00+00:00
[2024-12-03T16:26:30.554+0000] {processor.py:176} INFO - Processing /home/airflow/.local/lib/python3.7/site-packages/airflow/example_dags/example_branch_labels.py took 0.159 seconds
[2024-12-03T16:27:00.941+0000] {processor.py:154} INFO - Started process (PID=4020) to work on /home/airflow/.local/lib/python3.7/site-packages/airflow/example_dags/example_branch_labels.py
[2024-12-03T16:27:00.943+0000] {processor.py:756} INFO - Processing file /home/airflow/.local/lib/python3.7/site-packages/airflow/example_dags/example_branch_labels.py for tasks to queue
[2024-12-03T16:27:00.944+0000] {logging_mixin.py:120} INFO - [2024-12-03T16:27:00.944+0000] {dagbag.py:537} INFO - Filling up the DagBag from /home/airflow/.local/lib/python3.7/site-packages/airflow/example_dags/example_branch_labels.py
[2024-12-03T16:27:00.960+0000] {processor.py:766} INFO - DAG(s) dict_keys(['example_branch_labels']) retrieved from /home/airflow/.local/lib/python3.7/site-packages/airflow/example_dags/example_branch_labels.py
[2024-12-03T16:27:01.011+0000] {logging_mixin.py:120} INFO - [2024-12-03T16:27:01.011+0000] {dag.py:2585} INFO - Sync 1 DAGs
[2024-12-03T16:27:01.042+0000] {logging_mixin.py:120} INFO - [2024-12-03T16:27:01.042+0000] {dag.py:3340} INFO - Setting next_dagrun for example_branch_labels to 2024-12-02T00:00:00+00:00, run_after=2024-12-03T00:00:00+00:00
[2024-12-03T16:27:01.074+0000] {processor.py:176} INFO - Processing /home/airflow/.local/lib/python3.7/site-packages/airflow/example_dags/example_branch_labels.py took 0.135 seconds
[2024-12-03T16:27:31.131+0000] {processor.py:154} INFO - Started process (PID=4084) to work on /home/airflow/.local/lib/python3.7/site-packages/airflow/example_dags/example_branch_labels.py
[2024-12-03T16:27:31.133+0000] {processor.py:756} INFO - Processing file /home/airflow/.local/lib/python3.7/site-packages/airflow/example_dags/example_branch_labels.py for tasks to queue
[2024-12-03T16:27:31.135+0000] {logging_mixin.py:120} INFO - [2024-12-03T16:27:31.135+0000] {dagbag.py:537} INFO - Filling up the DagBag from /home/airflow/.local/lib/python3.7/site-packages/airflow/example_dags/example_branch_labels.py
[2024-12-03T16:27:31.153+0000] {processor.py:766} INFO - DAG(s) dict_keys(['example_branch_labels']) retrieved from /home/airflow/.local/lib/python3.7/site-packages/airflow/example_dags/example_branch_labels.py
[2024-12-03T16:27:31.204+0000] {logging_mixin.py:120} INFO - [2024-12-03T16:27:31.204+0000] {dag.py:2585} INFO - Sync 1 DAGs
[2024-12-03T16:27:31.242+0000] {logging_mixin.py:120} INFO - [2024-12-03T16:27:31.242+0000] {dag.py:3340} INFO - Setting next_dagrun for example_branch_labels to 2024-12-02T00:00:00+00:00, run_after=2024-12-03T00:00:00+00:00
[2024-12-03T16:27:31.280+0000] {processor.py:176} INFO - Processing /home/airflow/.local/lib/python3.7/site-packages/airflow/example_dags/example_branch_labels.py took 0.152 seconds
[2024-12-03T16:28:01.697+0000] {processor.py:154} INFO - Started process (PID=4139) to work on /home/airflow/.local/lib/python3.7/site-packages/airflow/example_dags/example_branch_labels.py
[2024-12-03T16:28:01.699+0000] {processor.py:756} INFO - Processing file /home/airflow/.local/lib/python3.7/site-packages/airflow/example_dags/example_branch_labels.py for tasks to queue
[2024-12-03T16:28:01.701+0000] {logging_mixin.py:120} INFO - [2024-12-03T16:28:01.701+0000] {dagbag.py:537} INFO - Filling up the DagBag from /home/airflow/.local/lib/python3.7/site-packages/airflow/example_dags/example_branch_labels.py
[2024-12-03T16:28:01.716+0000] {processor.py:766} INFO - DAG(s) dict_keys(['example_branch_labels']) retrieved from /home/airflow/.local/lib/python3.7/site-packages/airflow/example_dags/example_branch_labels.py
[2024-12-03T16:28:01.767+0000] {logging_mixin.py:120} INFO - [2024-12-03T16:28:01.767+0000] {dag.py:2585} INFO - Sync 1 DAGs
[2024-12-03T16:28:01.798+0000] {logging_mixin.py:120} INFO - [2024-12-03T16:28:01.797+0000] {dag.py:3340} INFO - Setting next_dagrun for example_branch_labels to 2024-12-02T00:00:00+00:00, run_after=2024-12-03T00:00:00+00:00
[2024-12-03T16:28:01.831+0000] {processor.py:176} INFO - Processing /home/airflow/.local/lib/python3.7/site-packages/airflow/example_dags/example_branch_labels.py took 0.137 seconds
[2024-12-03T16:28:32.587+0000] {processor.py:154} INFO - Started process (PID=4203) to work on /home/airflow/.local/lib/python3.7/site-packages/airflow/example_dags/example_branch_labels.py
[2024-12-03T16:28:32.589+0000] {processor.py:756} INFO - Processing file /home/airflow/.local/lib/python3.7/site-packages/airflow/example_dags/example_branch_labels.py for tasks to queue
[2024-12-03T16:28:32.593+0000] {logging_mixin.py:120} INFO - [2024-12-03T16:28:32.593+0000] {dagbag.py:537} INFO - Filling up the DagBag from /home/airflow/.local/lib/python3.7/site-packages/airflow/example_dags/example_branch_labels.py
[2024-12-03T16:28:32.618+0000] {processor.py:766} INFO - DAG(s) dict_keys(['example_branch_labels']) retrieved from /home/airflow/.local/lib/python3.7/site-packages/airflow/example_dags/example_branch_labels.py
[2024-12-03T16:28:32.712+0000] {logging_mixin.py:120} INFO - [2024-12-03T16:28:32.712+0000] {dag.py:2585} INFO - Sync 1 DAGs
[2024-12-03T16:28:32.762+0000] {logging_mixin.py:120} INFO - [2024-12-03T16:28:32.762+0000] {dag.py:3340} INFO - Setting next_dagrun for example_branch_labels to 2024-12-02T00:00:00+00:00, run_after=2024-12-03T00:00:00+00:00
[2024-12-03T16:28:32.817+0000] {processor.py:176} INFO - Processing /home/airflow/.local/lib/python3.7/site-packages/airflow/example_dags/example_branch_labels.py took 0.235 seconds
[2024-12-03T16:29:03.840+0000] {processor.py:154} INFO - Started process (PID=4264) to work on /home/airflow/.local/lib/python3.7/site-packages/airflow/example_dags/example_branch_labels.py
[2024-12-03T16:29:03.843+0000] {processor.py:756} INFO - Processing file /home/airflow/.local/lib/python3.7/site-packages/airflow/example_dags/example_branch_labels.py for tasks to queue
[2024-12-03T16:29:03.846+0000] {logging_mixin.py:120} INFO - [2024-12-03T16:29:03.845+0000] {dagbag.py:537} INFO - Filling up the DagBag from /home/airflow/.local/lib/python3.7/site-packages/airflow/example_dags/example_branch_labels.py
[2024-12-03T16:29:03.879+0000] {processor.py:766} INFO - DAG(s) dict_keys(['example_branch_labels']) retrieved from /home/airflow/.local/lib/python3.7/site-packages/airflow/example_dags/example_branch_labels.py
[2024-12-03T16:29:04.006+0000] {logging_mixin.py:120} INFO - [2024-12-03T16:29:04.006+0000] {dag.py:2585} INFO - Sync 1 DAGs
[2024-12-03T16:29:04.087+0000] {logging_mixin.py:120} INFO - [2024-12-03T16:29:04.087+0000] {dag.py:3340} INFO - Setting next_dagrun for example_branch_labels to 2024-12-02T00:00:00+00:00, run_after=2024-12-03T00:00:00+00:00
[2024-12-03T16:29:04.172+0000] {processor.py:176} INFO - Processing /home/airflow/.local/lib/python3.7/site-packages/airflow/example_dags/example_branch_labels.py took 0.338 seconds
[2024-12-03T16:29:34.987+0000] {processor.py:154} INFO - Started process (PID=4333) to work on /home/airflow/.local/lib/python3.7/site-packages/airflow/example_dags/example_branch_labels.py
[2024-12-03T16:29:34.990+0000] {processor.py:756} INFO - Processing file /home/airflow/.local/lib/python3.7/site-packages/airflow/example_dags/example_branch_labels.py for tasks to queue
[2024-12-03T16:29:34.992+0000] {logging_mixin.py:120} INFO - [2024-12-03T16:29:34.992+0000] {dagbag.py:537} INFO - Filling up the DagBag from /home/airflow/.local/lib/python3.7/site-packages/airflow/example_dags/example_branch_labels.py
[2024-12-03T16:29:35.032+0000] {processor.py:766} INFO - DAG(s) dict_keys(['example_branch_labels']) retrieved from /home/airflow/.local/lib/python3.7/site-packages/airflow/example_dags/example_branch_labels.py
[2024-12-03T16:29:35.124+0000] {logging_mixin.py:120} INFO - [2024-12-03T16:29:35.124+0000] {dag.py:2585} INFO - Sync 1 DAGs
[2024-12-03T16:29:35.179+0000] {logging_mixin.py:120} INFO - [2024-12-03T16:29:35.179+0000] {dag.py:3340} INFO - Setting next_dagrun for example_branch_labels to 2024-12-02T00:00:00+00:00, run_after=2024-12-03T00:00:00+00:00
[2024-12-03T16:29:35.229+0000] {processor.py:176} INFO - Processing /home/airflow/.local/lib/python3.7/site-packages/airflow/example_dags/example_branch_labels.py took 0.250 seconds
[2024-12-03T16:30:05.502+0000] {processor.py:154} INFO - Started process (PID=4389) to work on /home/airflow/.local/lib/python3.7/site-packages/airflow/example_dags/example_branch_labels.py
[2024-12-03T16:30:05.504+0000] {processor.py:756} INFO - Processing file /home/airflow/.local/lib/python3.7/site-packages/airflow/example_dags/example_branch_labels.py for tasks to queue
[2024-12-03T16:30:05.505+0000] {logging_mixin.py:120} INFO - [2024-12-03T16:30:05.505+0000] {dagbag.py:537} INFO - Filling up the DagBag from /home/airflow/.local/lib/python3.7/site-packages/airflow/example_dags/example_branch_labels.py
[2024-12-03T16:30:05.527+0000] {processor.py:766} INFO - DAG(s) dict_keys(['example_branch_labels']) retrieved from /home/airflow/.local/lib/python3.7/site-packages/airflow/example_dags/example_branch_labels.py
[2024-12-03T16:30:05.584+0000] {logging_mixin.py:120} INFO - [2024-12-03T16:30:05.584+0000] {dag.py:2585} INFO - Sync 1 DAGs
[2024-12-03T16:30:05.622+0000] {logging_mixin.py:120} INFO - [2024-12-03T16:30:05.622+0000] {dag.py:3340} INFO - Setting next_dagrun for example_branch_labels to 2024-12-02T00:00:00+00:00, run_after=2024-12-03T00:00:00+00:00
[2024-12-03T16:30:05.653+0000] {processor.py:176} INFO - Processing /home/airflow/.local/lib/python3.7/site-packages/airflow/example_dags/example_branch_labels.py took 0.154 seconds
[2024-12-03T16:30:36.570+0000] {processor.py:154} INFO - Started process (PID=4474) to work on /home/airflow/.local/lib/python3.7/site-packages/airflow/example_dags/example_branch_labels.py
[2024-12-03T16:30:36.572+0000] {processor.py:756} INFO - Processing file /home/airflow/.local/lib/python3.7/site-packages/airflow/example_dags/example_branch_labels.py for tasks to queue
[2024-12-03T16:30:36.573+0000] {logging_mixin.py:120} INFO - [2024-12-03T16:30:36.573+0000] {dagbag.py:537} INFO - Filling up the DagBag from /home/airflow/.local/lib/python3.7/site-packages/airflow/example_dags/example_branch_labels.py
[2024-12-03T16:30:36.597+0000] {processor.py:766} INFO - DAG(s) dict_keys(['example_branch_labels']) retrieved from /home/airflow/.local/lib/python3.7/site-packages/airflow/example_dags/example_branch_labels.py
[2024-12-03T16:30:36.661+0000] {logging_mixin.py:120} INFO - [2024-12-03T16:30:36.661+0000] {dag.py:2585} INFO - Sync 1 DAGs
[2024-12-03T16:30:36.703+0000] {logging_mixin.py:120} INFO - [2024-12-03T16:30:36.702+0000] {dag.py:3340} INFO - Setting next_dagrun for example_branch_labels to 2024-12-02T00:00:00+00:00, run_after=2024-12-03T00:00:00+00:00
[2024-12-03T16:30:36.742+0000] {processor.py:176} INFO - Processing /home/airflow/.local/lib/python3.7/site-packages/airflow/example_dags/example_branch_labels.py took 0.175 seconds
[2024-12-03T16:31:07.132+0000] {processor.py:154} INFO - Started process (PID=4529) to work on /home/airflow/.local/lib/python3.7/site-packages/airflow/example_dags/example_branch_labels.py
[2024-12-03T16:31:07.134+0000] {processor.py:756} INFO - Processing file /home/airflow/.local/lib/python3.7/site-packages/airflow/example_dags/example_branch_labels.py for tasks to queue
[2024-12-03T16:31:07.137+0000] {logging_mixin.py:120} INFO - [2024-12-03T16:31:07.136+0000] {dagbag.py:537} INFO - Filling up the DagBag from /home/airflow/.local/lib/python3.7/site-packages/airflow/example_dags/example_branch_labels.py
[2024-12-03T16:31:07.158+0000] {processor.py:766} INFO - DAG(s) dict_keys(['example_branch_labels']) retrieved from /home/airflow/.local/lib/python3.7/site-packages/airflow/example_dags/example_branch_labels.py
[2024-12-03T16:31:07.228+0000] {logging_mixin.py:120} INFO - [2024-12-03T16:31:07.228+0000] {dag.py:2585} INFO - Sync 1 DAGs
[2024-12-03T16:31:07.286+0000] {logging_mixin.py:120} INFO - [2024-12-03T16:31:07.286+0000] {dag.py:3340} INFO - Setting next_dagrun for example_branch_labels to 2024-12-02T00:00:00+00:00, run_after=2024-12-03T00:00:00+00:00
[2024-12-03T16:31:07.333+0000] {processor.py:176} INFO - Processing /home/airflow/.local/lib/python3.7/site-packages/airflow/example_dags/example_branch_labels.py took 0.206 seconds
[2024-12-03T16:31:38.284+0000] {processor.py:154} INFO - Started process (PID=4593) to work on /home/airflow/.local/lib/python3.7/site-packages/airflow/example_dags/example_branch_labels.py
[2024-12-03T16:31:38.286+0000] {processor.py:756} INFO - Processing file /home/airflow/.local/lib/python3.7/site-packages/airflow/example_dags/example_branch_labels.py for tasks to queue
[2024-12-03T16:31:38.288+0000] {logging_mixin.py:120} INFO - [2024-12-03T16:31:38.288+0000] {dagbag.py:537} INFO - Filling up the DagBag from /home/airflow/.local/lib/python3.7/site-packages/airflow/example_dags/example_branch_labels.py
[2024-12-03T16:31:38.315+0000] {processor.py:766} INFO - DAG(s) dict_keys(['example_branch_labels']) retrieved from /home/airflow/.local/lib/python3.7/site-packages/airflow/example_dags/example_branch_labels.py
[2024-12-03T16:31:38.388+0000] {logging_mixin.py:120} INFO - [2024-12-03T16:31:38.388+0000] {dag.py:2585} INFO - Sync 1 DAGs
[2024-12-03T16:31:38.425+0000] {logging_mixin.py:120} INFO - [2024-12-03T16:31:38.425+0000] {dag.py:3340} INFO - Setting next_dagrun for example_branch_labels to 2024-12-02T00:00:00+00:00, run_after=2024-12-03T00:00:00+00:00
[2024-12-03T16:31:38.457+0000] {processor.py:176} INFO - Processing /home/airflow/.local/lib/python3.7/site-packages/airflow/example_dags/example_branch_labels.py took 0.178 seconds
[2024-12-03T16:32:08.717+0000] {processor.py:154} INFO - Started process (PID=4649) to work on /home/airflow/.local/lib/python3.7/site-packages/airflow/example_dags/example_branch_labels.py
[2024-12-03T16:32:08.718+0000] {processor.py:756} INFO - Processing file /home/airflow/.local/lib/python3.7/site-packages/airflow/example_dags/example_branch_labels.py for tasks to queue
[2024-12-03T16:32:08.719+0000] {logging_mixin.py:120} INFO - [2024-12-03T16:32:08.719+0000] {dagbag.py:537} INFO - Filling up the DagBag from /home/airflow/.local/lib/python3.7/site-packages/airflow/example_dags/example_branch_labels.py
[2024-12-03T16:32:08.739+0000] {processor.py:766} INFO - DAG(s) dict_keys(['example_branch_labels']) retrieved from /home/airflow/.local/lib/python3.7/site-packages/airflow/example_dags/example_branch_labels.py
[2024-12-03T16:32:08.797+0000] {logging_mixin.py:120} INFO - [2024-12-03T16:32:08.797+0000] {dag.py:2585} INFO - Sync 1 DAGs
[2024-12-03T16:32:08.832+0000] {logging_mixin.py:120} INFO - [2024-12-03T16:32:08.832+0000] {dag.py:3340} INFO - Setting next_dagrun for example_branch_labels to 2024-12-02T00:00:00+00:00, run_after=2024-12-03T00:00:00+00:00
[2024-12-03T16:32:08.865+0000] {processor.py:176} INFO - Processing /home/airflow/.local/lib/python3.7/site-packages/airflow/example_dags/example_branch_labels.py took 0.151 seconds
[2024-12-03T16:32:39.617+0000] {processor.py:154} INFO - Started process (PID=4713) to work on /home/airflow/.local/lib/python3.7/site-packages/airflow/example_dags/example_branch_labels.py
[2024-12-03T16:32:39.619+0000] {processor.py:756} INFO - Processing file /home/airflow/.local/lib/python3.7/site-packages/airflow/example_dags/example_branch_labels.py for tasks to queue
[2024-12-03T16:32:39.621+0000] {logging_mixin.py:120} INFO - [2024-12-03T16:32:39.620+0000] {dagbag.py:537} INFO - Filling up the DagBag from /home/airflow/.local/lib/python3.7/site-packages/airflow/example_dags/example_branch_labels.py
[2024-12-03T16:32:39.642+0000] {processor.py:766} INFO - DAG(s) dict_keys(['example_branch_labels']) retrieved from /home/airflow/.local/lib/python3.7/site-packages/airflow/example_dags/example_branch_labels.py
[2024-12-03T16:32:39.697+0000] {logging_mixin.py:120} INFO - [2024-12-03T16:32:39.697+0000] {dag.py:2585} INFO - Sync 1 DAGs
[2024-12-03T16:32:39.732+0000] {logging_mixin.py:120} INFO - [2024-12-03T16:32:39.732+0000] {dag.py:3340} INFO - Setting next_dagrun for example_branch_labels to 2024-12-02T00:00:00+00:00, run_after=2024-12-03T00:00:00+00:00
[2024-12-03T16:32:39.761+0000] {processor.py:176} INFO - Processing /home/airflow/.local/lib/python3.7/site-packages/airflow/example_dags/example_branch_labels.py took 0.149 seconds
[2024-12-03T16:33:10.231+0000] {processor.py:154} INFO - Started process (PID=4768) to work on /home/airflow/.local/lib/python3.7/site-packages/airflow/example_dags/example_branch_labels.py
[2024-12-03T16:33:10.232+0000] {processor.py:756} INFO - Processing file /home/airflow/.local/lib/python3.7/site-packages/airflow/example_dags/example_branch_labels.py for tasks to queue
[2024-12-03T16:33:10.233+0000] {logging_mixin.py:120} INFO - [2024-12-03T16:33:10.233+0000] {dagbag.py:537} INFO - Filling up the DagBag from /home/airflow/.local/lib/python3.7/site-packages/airflow/example_dags/example_branch_labels.py
[2024-12-03T16:33:10.250+0000] {processor.py:766} INFO - DAG(s) dict_keys(['example_branch_labels']) retrieved from /home/airflow/.local/lib/python3.7/site-packages/airflow/example_dags/example_branch_labels.py
[2024-12-03T16:33:10.300+0000] {logging_mixin.py:120} INFO - [2024-12-03T16:33:10.299+0000] {dag.py:2585} INFO - Sync 1 DAGs
[2024-12-03T16:33:10.354+0000] {logging_mixin.py:120} INFO - [2024-12-03T16:33:10.354+0000] {dag.py:3340} INFO - Setting next_dagrun for example_branch_labels to 2024-12-02T00:00:00+00:00, run_after=2024-12-03T00:00:00+00:00
[2024-12-03T16:33:10.418+0000] {processor.py:176} INFO - Processing /home/airflow/.local/lib/python3.7/site-packages/airflow/example_dags/example_branch_labels.py took 0.191 seconds
[2024-12-03T16:33:41.077+0000] {processor.py:154} INFO - Started process (PID=4832) to work on /home/airflow/.local/lib/python3.7/site-packages/airflow/example_dags/example_branch_labels.py
[2024-12-03T16:33:41.079+0000] {processor.py:756} INFO - Processing file /home/airflow/.local/lib/python3.7/site-packages/airflow/example_dags/example_branch_labels.py for tasks to queue
[2024-12-03T16:33:41.081+0000] {logging_mixin.py:120} INFO - [2024-12-03T16:33:41.081+0000] {dagbag.py:537} INFO - Filling up the DagBag from /home/airflow/.local/lib/python3.7/site-packages/airflow/example_dags/example_branch_labels.py
[2024-12-03T16:33:41.115+0000] {processor.py:766} INFO - DAG(s) dict_keys(['example_branch_labels']) retrieved from /home/airflow/.local/lib/python3.7/site-packages/airflow/example_dags/example_branch_labels.py
[2024-12-03T16:33:41.203+0000] {logging_mixin.py:120} INFO - [2024-12-03T16:33:41.203+0000] {dag.py:2585} INFO - Sync 1 DAGs
[2024-12-03T16:33:41.266+0000] {logging_mixin.py:120} INFO - [2024-12-03T16:33:41.266+0000] {dag.py:3340} INFO - Setting next_dagrun for example_branch_labels to 2024-12-02T00:00:00+00:00, run_after=2024-12-03T00:00:00+00:00
[2024-12-03T16:33:41.333+0000] {processor.py:176} INFO - Processing /home/airflow/.local/lib/python3.7/site-packages/airflow/example_dags/example_branch_labels.py took 0.263 seconds
[2024-12-03T16:34:11.794+0000] {processor.py:154} INFO - Started process (PID=4887) to work on /home/airflow/.local/lib/python3.7/site-packages/airflow/example_dags/example_branch_labels.py
[2024-12-03T16:34:11.798+0000] {processor.py:756} INFO - Processing file /home/airflow/.local/lib/python3.7/site-packages/airflow/example_dags/example_branch_labels.py for tasks to queue
[2024-12-03T16:34:11.802+0000] {logging_mixin.py:120} INFO - [2024-12-03T16:34:11.801+0000] {dagbag.py:537} INFO - Filling up the DagBag from /home/airflow/.local/lib/python3.7/site-packages/airflow/example_dags/example_branch_labels.py
[2024-12-03T16:34:11.839+0000] {processor.py:766} INFO - DAG(s) dict_keys(['example_branch_labels']) retrieved from /home/airflow/.local/lib/python3.7/site-packages/airflow/example_dags/example_branch_labels.py
[2024-12-03T16:34:11.974+0000] {logging_mixin.py:120} INFO - [2024-12-03T16:34:11.973+0000] {dag.py:2585} INFO - Sync 1 DAGs
[2024-12-03T16:34:12.059+0000] {logging_mixin.py:120} INFO - [2024-12-03T16:34:12.058+0000] {dag.py:3340} INFO - Setting next_dagrun for example_branch_labels to 2024-12-02T00:00:00+00:00, run_after=2024-12-03T00:00:00+00:00
[2024-12-03T16:34:12.115+0000] {processor.py:176} INFO - Processing /home/airflow/.local/lib/python3.7/site-packages/airflow/example_dags/example_branch_labels.py took 0.327 seconds
[2024-12-03T16:34:43.949+0000] {processor.py:154} INFO - Started process (PID=4961) to work on /home/airflow/.local/lib/python3.7/site-packages/airflow/example_dags/example_branch_labels.py
[2024-12-03T16:34:43.955+0000] {processor.py:756} INFO - Processing file /home/airflow/.local/lib/python3.7/site-packages/airflow/example_dags/example_branch_labels.py for tasks to queue
[2024-12-03T16:34:43.959+0000] {logging_mixin.py:120} INFO - [2024-12-03T16:34:43.958+0000] {dagbag.py:537} INFO - Filling up the DagBag from /home/airflow/.local/lib/python3.7/site-packages/airflow/example_dags/example_branch_labels.py
[2024-12-03T16:34:44.006+0000] {processor.py:766} INFO - DAG(s) dict_keys(['example_branch_labels']) retrieved from /home/airflow/.local/lib/python3.7/site-packages/airflow/example_dags/example_branch_labels.py
[2024-12-03T16:34:44.162+0000] {logging_mixin.py:120} INFO - [2024-12-03T16:34:44.158+0000] {dag.py:2585} INFO - Sync 1 DAGs
[2024-12-03T16:34:44.268+0000] {logging_mixin.py:120} INFO - [2024-12-03T16:34:44.267+0000] {dag.py:3340} INFO - Setting next_dagrun for example_branch_labels to 2024-12-02T00:00:00+00:00, run_after=2024-12-03T00:00:00+00:00
[2024-12-03T16:34:44.341+0000] {processor.py:176} INFO - Processing /home/airflow/.local/lib/python3.7/site-packages/airflow/example_dags/example_branch_labels.py took 0.399 seconds
[2024-12-03T16:35:14.566+0000] {processor.py:154} INFO - Started process (PID=5016) to work on /home/airflow/.local/lib/python3.7/site-packages/airflow/example_dags/example_branch_labels.py
[2024-12-03T16:35:14.568+0000] {processor.py:756} INFO - Processing file /home/airflow/.local/lib/python3.7/site-packages/airflow/example_dags/example_branch_labels.py for tasks to queue
[2024-12-03T16:35:14.576+0000] {logging_mixin.py:120} INFO - [2024-12-03T16:35:14.575+0000] {dagbag.py:537} INFO - Filling up the DagBag from /home/airflow/.local/lib/python3.7/site-packages/airflow/example_dags/example_branch_labels.py
[2024-12-03T16:35:14.599+0000] {processor.py:766} INFO - DAG(s) dict_keys(['example_branch_labels']) retrieved from /home/airflow/.local/lib/python3.7/site-packages/airflow/example_dags/example_branch_labels.py
[2024-12-03T16:35:14.674+0000] {logging_mixin.py:120} INFO - [2024-12-03T16:35:14.673+0000] {dag.py:2585} INFO - Sync 1 DAGs
[2024-12-03T16:35:14.722+0000] {logging_mixin.py:120} INFO - [2024-12-03T16:35:14.721+0000] {dag.py:3340} INFO - Setting next_dagrun for example_branch_labels to 2024-12-02T00:00:00+00:00, run_after=2024-12-03T00:00:00+00:00
[2024-12-03T16:35:14.781+0000] {processor.py:176} INFO - Processing /home/airflow/.local/lib/python3.7/site-packages/airflow/example_dags/example_branch_labels.py took 0.220 seconds
[2024-12-03T16:35:45.041+0000] {processor.py:154} INFO - Started process (PID=5075) to work on /home/airflow/.local/lib/python3.7/site-packages/airflow/example_dags/example_branch_labels.py
[2024-12-03T16:35:45.043+0000] {processor.py:756} INFO - Processing file /home/airflow/.local/lib/python3.7/site-packages/airflow/example_dags/example_branch_labels.py for tasks to queue
[2024-12-03T16:35:45.045+0000] {logging_mixin.py:120} INFO - [2024-12-03T16:35:45.045+0000] {dagbag.py:537} INFO - Filling up the DagBag from /home/airflow/.local/lib/python3.7/site-packages/airflow/example_dags/example_branch_labels.py
[2024-12-03T16:35:45.079+0000] {processor.py:766} INFO - DAG(s) dict_keys(['example_branch_labels']) retrieved from /home/airflow/.local/lib/python3.7/site-packages/airflow/example_dags/example_branch_labels.py
[2024-12-03T16:35:45.162+0000] {logging_mixin.py:120} INFO - [2024-12-03T16:35:45.161+0000] {dag.py:2585} INFO - Sync 1 DAGs
[2024-12-03T16:35:45.221+0000] {logging_mixin.py:120} INFO - [2024-12-03T16:35:45.221+0000] {dag.py:3340} INFO - Setting next_dagrun for example_branch_labels to 2024-12-02T00:00:00+00:00, run_after=2024-12-03T00:00:00+00:00
[2024-12-03T16:35:45.264+0000] {processor.py:176} INFO - Processing /home/airflow/.local/lib/python3.7/site-packages/airflow/example_dags/example_branch_labels.py took 0.230 seconds
[2024-12-03T16:36:16.116+0000] {processor.py:154} INFO - Started process (PID=5144) to work on /home/airflow/.local/lib/python3.7/site-packages/airflow/example_dags/example_branch_labels.py
[2024-12-03T16:36:16.118+0000] {processor.py:756} INFO - Processing file /home/airflow/.local/lib/python3.7/site-packages/airflow/example_dags/example_branch_labels.py for tasks to queue
[2024-12-03T16:36:16.120+0000] {logging_mixin.py:120} INFO - [2024-12-03T16:36:16.120+0000] {dagbag.py:537} INFO - Filling up the DagBag from /home/airflow/.local/lib/python3.7/site-packages/airflow/example_dags/example_branch_labels.py
[2024-12-03T16:36:16.153+0000] {processor.py:766} INFO - DAG(s) dict_keys(['example_branch_labels']) retrieved from /home/airflow/.local/lib/python3.7/site-packages/airflow/example_dags/example_branch_labels.py
[2024-12-03T16:36:16.233+0000] {logging_mixin.py:120} INFO - [2024-12-03T16:36:16.233+0000] {dag.py:2585} INFO - Sync 1 DAGs
[2024-12-03T16:36:16.285+0000] {logging_mixin.py:120} INFO - [2024-12-03T16:36:16.285+0000] {dag.py:3340} INFO - Setting next_dagrun for example_branch_labels to 2024-12-02T00:00:00+00:00, run_after=2024-12-03T00:00:00+00:00
[2024-12-03T16:36:16.319+0000] {processor.py:176} INFO - Processing /home/airflow/.local/lib/python3.7/site-packages/airflow/example_dags/example_branch_labels.py took 0.210 seconds
[2024-12-03T16:36:46.459+0000] {processor.py:154} INFO - Started process (PID=5199) to work on /home/airflow/.local/lib/python3.7/site-packages/airflow/example_dags/example_branch_labels.py
[2024-12-03T16:36:46.461+0000] {processor.py:756} INFO - Processing file /home/airflow/.local/lib/python3.7/site-packages/airflow/example_dags/example_branch_labels.py for tasks to queue
[2024-12-03T16:36:46.465+0000] {logging_mixin.py:120} INFO - [2024-12-03T16:36:46.464+0000] {dagbag.py:537} INFO - Filling up the DagBag from /home/airflow/.local/lib/python3.7/site-packages/airflow/example_dags/example_branch_labels.py
[2024-12-03T16:36:46.544+0000] {processor.py:766} INFO - DAG(s) dict_keys(['example_branch_labels']) retrieved from /home/airflow/.local/lib/python3.7/site-packages/airflow/example_dags/example_branch_labels.py
[2024-12-03T16:36:46.634+0000] {logging_mixin.py:120} INFO - [2024-12-03T16:36:46.634+0000] {dag.py:2585} INFO - Sync 1 DAGs
[2024-12-03T16:36:46.688+0000] {logging_mixin.py:120} INFO - [2024-12-03T16:36:46.687+0000] {dag.py:3340} INFO - Setting next_dagrun for example_branch_labels to 2024-12-02T00:00:00+00:00, run_after=2024-12-03T00:00:00+00:00
[2024-12-03T16:36:46.729+0000] {processor.py:176} INFO - Processing /home/airflow/.local/lib/python3.7/site-packages/airflow/example_dags/example_branch_labels.py took 0.288 seconds
[2024-12-03T16:37:17.005+0000] {processor.py:154} INFO - Started process (PID=5263) to work on /home/airflow/.local/lib/python3.7/site-packages/airflow/example_dags/example_branch_labels.py
[2024-12-03T16:37:17.006+0000] {processor.py:756} INFO - Processing file /home/airflow/.local/lib/python3.7/site-packages/airflow/example_dags/example_branch_labels.py for tasks to queue
[2024-12-03T16:37:17.008+0000] {logging_mixin.py:120} INFO - [2024-12-03T16:37:17.008+0000] {dagbag.py:537} INFO - Filling up the DagBag from /home/airflow/.local/lib/python3.7/site-packages/airflow/example_dags/example_branch_labels.py
[2024-12-03T16:37:17.027+0000] {processor.py:766} INFO - DAG(s) dict_keys(['example_branch_labels']) retrieved from /home/airflow/.local/lib/python3.7/site-packages/airflow/example_dags/example_branch_labels.py
[2024-12-03T16:37:17.084+0000] {logging_mixin.py:120} INFO - [2024-12-03T16:37:17.084+0000] {dag.py:2585} INFO - Sync 1 DAGs
[2024-12-03T16:37:17.120+0000] {logging_mixin.py:120} INFO - [2024-12-03T16:37:17.120+0000] {dag.py:3340} INFO - Setting next_dagrun for example_branch_labels to 2024-12-02T00:00:00+00:00, run_after=2024-12-03T00:00:00+00:00
[2024-12-03T16:37:17.162+0000] {processor.py:176} INFO - Processing /home/airflow/.local/lib/python3.7/site-packages/airflow/example_dags/example_branch_labels.py took 0.160 seconds
[2024-12-03T16:37:47.525+0000] {processor.py:154} INFO - Started process (PID=5318) to work on /home/airflow/.local/lib/python3.7/site-packages/airflow/example_dags/example_branch_labels.py
[2024-12-03T16:37:47.527+0000] {processor.py:756} INFO - Processing file /home/airflow/.local/lib/python3.7/site-packages/airflow/example_dags/example_branch_labels.py for tasks to queue
[2024-12-03T16:37:47.559+0000] {logging_mixin.py:120} INFO - [2024-12-03T16:37:47.559+0000] {dagbag.py:537} INFO - Filling up the DagBag from /home/airflow/.local/lib/python3.7/site-packages/airflow/example_dags/example_branch_labels.py
[2024-12-03T16:37:47.585+0000] {processor.py:766} INFO - DAG(s) dict_keys(['example_branch_labels']) retrieved from /home/airflow/.local/lib/python3.7/site-packages/airflow/example_dags/example_branch_labels.py
[2024-12-03T16:37:47.658+0000] {logging_mixin.py:120} INFO - [2024-12-03T16:37:47.658+0000] {dag.py:2585} INFO - Sync 1 DAGs
[2024-12-03T16:37:47.703+0000] {logging_mixin.py:120} INFO - [2024-12-03T16:37:47.703+0000] {dag.py:3340} INFO - Setting next_dagrun for example_branch_labels to 2024-12-02T00:00:00+00:00, run_after=2024-12-03T00:00:00+00:00
[2024-12-03T16:37:47.794+0000] {processor.py:176} INFO - Processing /home/airflow/.local/lib/python3.7/site-packages/airflow/example_dags/example_branch_labels.py took 0.272 seconds
[2024-12-03T16:38:21.492+0000] {processor.py:154} INFO - Started process (PID=5382) to work on /home/airflow/.local/lib/python3.7/site-packages/airflow/example_dags/example_branch_labels.py
[2024-12-03T16:38:21.511+0000] {processor.py:756} INFO - Processing file /home/airflow/.local/lib/python3.7/site-packages/airflow/example_dags/example_branch_labels.py for tasks to queue
[2024-12-03T16:38:21.513+0000] {logging_mixin.py:120} INFO - [2024-12-03T16:38:21.513+0000] {dagbag.py:537} INFO - Filling up the DagBag from /home/airflow/.local/lib/python3.7/site-packages/airflow/example_dags/example_branch_labels.py
[2024-12-03T16:38:21.752+0000] {processor.py:766} INFO - DAG(s) dict_keys(['example_branch_labels']) retrieved from /home/airflow/.local/lib/python3.7/site-packages/airflow/example_dags/example_branch_labels.py
[2024-12-03T16:38:22.081+0000] {logging_mixin.py:120} INFO - [2024-12-03T16:38:22.080+0000] {dag.py:2585} INFO - Sync 1 DAGs
[2024-12-03T16:38:22.298+0000] {logging_mixin.py:120} INFO - [2024-12-03T16:38:22.298+0000] {dag.py:3340} INFO - Setting next_dagrun for example_branch_labels to 2024-12-02T00:00:00+00:00, run_after=2024-12-03T00:00:00+00:00
[2024-12-03T16:38:22.409+0000] {processor.py:176} INFO - Processing /home/airflow/.local/lib/python3.7/site-packages/airflow/example_dags/example_branch_labels.py took 0.924 seconds
[2024-12-03T16:38:52.837+0000] {processor.py:154} INFO - Started process (PID=5437) to work on /home/airflow/.local/lib/python3.7/site-packages/airflow/example_dags/example_branch_labels.py
[2024-12-03T16:38:52.838+0000] {processor.py:756} INFO - Processing file /home/airflow/.local/lib/python3.7/site-packages/airflow/example_dags/example_branch_labels.py for tasks to queue
[2024-12-03T16:38:52.840+0000] {logging_mixin.py:120} INFO - [2024-12-03T16:38:52.839+0000] {dagbag.py:537} INFO - Filling up the DagBag from /home/airflow/.local/lib/python3.7/site-packages/airflow/example_dags/example_branch_labels.py
[2024-12-03T16:38:52.856+0000] {processor.py:766} INFO - DAG(s) dict_keys(['example_branch_labels']) retrieved from /home/airflow/.local/lib/python3.7/site-packages/airflow/example_dags/example_branch_labels.py
[2024-12-03T16:38:52.910+0000] {logging_mixin.py:120} INFO - [2024-12-03T16:38:52.910+0000] {dag.py:2585} INFO - Sync 1 DAGs
[2024-12-03T16:38:52.942+0000] {logging_mixin.py:120} INFO - [2024-12-03T16:38:52.942+0000] {dag.py:3340} INFO - Setting next_dagrun for example_branch_labels to 2024-12-02T00:00:00+00:00, run_after=2024-12-03T00:00:00+00:00
[2024-12-03T16:38:52.973+0000] {processor.py:176} INFO - Processing /home/airflow/.local/lib/python3.7/site-packages/airflow/example_dags/example_branch_labels.py took 0.140 seconds
[2024-12-03T16:39:23.874+0000] {processor.py:154} INFO - Started process (PID=5502) to work on /home/airflow/.local/lib/python3.7/site-packages/airflow/example_dags/example_branch_labels.py
[2024-12-03T16:39:23.876+0000] {processor.py:756} INFO - Processing file /home/airflow/.local/lib/python3.7/site-packages/airflow/example_dags/example_branch_labels.py for tasks to queue
[2024-12-03T16:39:23.877+0000] {logging_mixin.py:120} INFO - [2024-12-03T16:39:23.877+0000] {dagbag.py:537} INFO - Filling up the DagBag from /home/airflow/.local/lib/python3.7/site-packages/airflow/example_dags/example_branch_labels.py
[2024-12-03T16:39:23.900+0000] {processor.py:766} INFO - DAG(s) dict_keys(['example_branch_labels']) retrieved from /home/airflow/.local/lib/python3.7/site-packages/airflow/example_dags/example_branch_labels.py
[2024-12-03T16:39:23.968+0000] {logging_mixin.py:120} INFO - [2024-12-03T16:39:23.968+0000] {dag.py:2585} INFO - Sync 1 DAGs
[2024-12-03T16:39:24.008+0000] {logging_mixin.py:120} INFO - [2024-12-03T16:39:24.008+0000] {dag.py:3340} INFO - Setting next_dagrun for example_branch_labels to 2024-12-02T00:00:00+00:00, run_after=2024-12-03T00:00:00+00:00
[2024-12-03T16:39:24.041+0000] {processor.py:176} INFO - Processing /home/airflow/.local/lib/python3.7/site-packages/airflow/example_dags/example_branch_labels.py took 0.171 seconds
[2024-12-03T16:39:54.123+0000] {processor.py:154} INFO - Started process (PID=5561) to work on /home/airflow/.local/lib/python3.7/site-packages/airflow/example_dags/example_branch_labels.py
[2024-12-03T16:39:54.125+0000] {processor.py:756} INFO - Processing file /home/airflow/.local/lib/python3.7/site-packages/airflow/example_dags/example_branch_labels.py for tasks to queue
[2024-12-03T16:39:54.127+0000] {logging_mixin.py:120} INFO - [2024-12-03T16:39:54.127+0000] {dagbag.py:537} INFO - Filling up the DagBag from /home/airflow/.local/lib/python3.7/site-packages/airflow/example_dags/example_branch_labels.py
[2024-12-03T16:39:54.150+0000] {processor.py:766} INFO - DAG(s) dict_keys(['example_branch_labels']) retrieved from /home/airflow/.local/lib/python3.7/site-packages/airflow/example_dags/example_branch_labels.py
[2024-12-03T16:39:54.210+0000] {logging_mixin.py:120} INFO - [2024-12-03T16:39:54.209+0000] {dag.py:2585} INFO - Sync 1 DAGs
[2024-12-03T16:39:54.247+0000] {logging_mixin.py:120} INFO - [2024-12-03T16:39:54.247+0000] {dag.py:3340} INFO - Setting next_dagrun for example_branch_labels to 2024-12-02T00:00:00+00:00, run_after=2024-12-03T00:00:00+00:00
[2024-12-03T16:39:54.280+0000] {processor.py:176} INFO - Processing /home/airflow/.local/lib/python3.7/site-packages/airflow/example_dags/example_branch_labels.py took 0.163 seconds
[2024-12-03T16:40:24.552+0000] {processor.py:154} INFO - Started process (PID=5629) to work on /home/airflow/.local/lib/python3.7/site-packages/airflow/example_dags/example_branch_labels.py
[2024-12-03T16:40:24.554+0000] {processor.py:756} INFO - Processing file /home/airflow/.local/lib/python3.7/site-packages/airflow/example_dags/example_branch_labels.py for tasks to queue
[2024-12-03T16:40:24.556+0000] {logging_mixin.py:120} INFO - [2024-12-03T16:40:24.556+0000] {dagbag.py:537} INFO - Filling up the DagBag from /home/airflow/.local/lib/python3.7/site-packages/airflow/example_dags/example_branch_labels.py
[2024-12-03T16:40:24.589+0000] {processor.py:766} INFO - DAG(s) dict_keys(['example_branch_labels']) retrieved from /home/airflow/.local/lib/python3.7/site-packages/airflow/example_dags/example_branch_labels.py
[2024-12-03T16:40:24.674+0000] {logging_mixin.py:120} INFO - [2024-12-03T16:40:24.673+0000] {dag.py:2585} INFO - Sync 1 DAGs
[2024-12-03T16:40:24.722+0000] {logging_mixin.py:120} INFO - [2024-12-03T16:40:24.722+0000] {dag.py:3340} INFO - Setting next_dagrun for example_branch_labels to 2024-12-02T00:00:00+00:00, run_after=2024-12-03T00:00:00+00:00
[2024-12-03T16:40:24.759+0000] {processor.py:176} INFO - Processing /home/airflow/.local/lib/python3.7/site-packages/airflow/example_dags/example_branch_labels.py took 0.217 seconds
[2024-12-03T16:40:55.245+0000] {processor.py:154} INFO - Started process (PID=5693) to work on /home/airflow/.local/lib/python3.7/site-packages/airflow/example_dags/example_branch_labels.py
[2024-12-03T16:40:55.249+0000] {processor.py:756} INFO - Processing file /home/airflow/.local/lib/python3.7/site-packages/airflow/example_dags/example_branch_labels.py for tasks to queue
[2024-12-03T16:40:55.251+0000] {logging_mixin.py:120} INFO - [2024-12-03T16:40:55.251+0000] {dagbag.py:537} INFO - Filling up the DagBag from /home/airflow/.local/lib/python3.7/site-packages/airflow/example_dags/example_branch_labels.py
[2024-12-03T16:40:55.282+0000] {processor.py:766} INFO - DAG(s) dict_keys(['example_branch_labels']) retrieved from /home/airflow/.local/lib/python3.7/site-packages/airflow/example_dags/example_branch_labels.py
[2024-12-03T16:40:55.359+0000] {logging_mixin.py:120} INFO - [2024-12-03T16:40:55.359+0000] {dag.py:2585} INFO - Sync 1 DAGs
[2024-12-03T16:40:55.414+0000] {logging_mixin.py:120} INFO - [2024-12-03T16:40:55.413+0000] {dag.py:3340} INFO - Setting next_dagrun for example_branch_labels to 2024-12-02T00:00:00+00:00, run_after=2024-12-03T00:00:00+00:00
[2024-12-03T16:40:55.462+0000] {processor.py:176} INFO - Processing /home/airflow/.local/lib/python3.7/site-packages/airflow/example_dags/example_branch_labels.py took 0.222 seconds
[2024-12-03T16:41:26.329+0000] {processor.py:154} INFO - Started process (PID=5756) to work on /home/airflow/.local/lib/python3.7/site-packages/airflow/example_dags/example_branch_labels.py
[2024-12-03T16:41:26.332+0000] {processor.py:756} INFO - Processing file /home/airflow/.local/lib/python3.7/site-packages/airflow/example_dags/example_branch_labels.py for tasks to queue
[2024-12-03T16:41:26.337+0000] {logging_mixin.py:120} INFO - [2024-12-03T16:41:26.336+0000] {dagbag.py:537} INFO - Filling up the DagBag from /home/airflow/.local/lib/python3.7/site-packages/airflow/example_dags/example_branch_labels.py
[2024-12-03T16:41:26.373+0000] {processor.py:766} INFO - DAG(s) dict_keys(['example_branch_labels']) retrieved from /home/airflow/.local/lib/python3.7/site-packages/airflow/example_dags/example_branch_labels.py
[2024-12-03T16:41:26.446+0000] {logging_mixin.py:120} INFO - [2024-12-03T16:41:26.446+0000] {dag.py:2585} INFO - Sync 1 DAGs
[2024-12-03T16:41:26.489+0000] {logging_mixin.py:120} INFO - [2024-12-03T16:41:26.488+0000] {dag.py:3340} INFO - Setting next_dagrun for example_branch_labels to 2024-12-02T00:00:00+00:00, run_after=2024-12-03T00:00:00+00:00
[2024-12-03T16:41:26.545+0000] {processor.py:176} INFO - Processing /home/airflow/.local/lib/python3.7/site-packages/airflow/example_dags/example_branch_labels.py took 0.219 seconds
[2024-12-03T16:41:57.421+0000] {processor.py:154} INFO - Started process (PID=5819) to work on /home/airflow/.local/lib/python3.7/site-packages/airflow/example_dags/example_branch_labels.py
[2024-12-03T16:41:57.422+0000] {processor.py:756} INFO - Processing file /home/airflow/.local/lib/python3.7/site-packages/airflow/example_dags/example_branch_labels.py for tasks to queue
[2024-12-03T16:41:57.423+0000] {logging_mixin.py:120} INFO - [2024-12-03T16:41:57.423+0000] {dagbag.py:537} INFO - Filling up the DagBag from /home/airflow/.local/lib/python3.7/site-packages/airflow/example_dags/example_branch_labels.py
[2024-12-03T16:41:57.441+0000] {processor.py:766} INFO - DAG(s) dict_keys(['example_branch_labels']) retrieved from /home/airflow/.local/lib/python3.7/site-packages/airflow/example_dags/example_branch_labels.py
[2024-12-03T16:41:57.494+0000] {logging_mixin.py:120} INFO - [2024-12-03T16:41:57.494+0000] {dag.py:2585} INFO - Sync 1 DAGs
[2024-12-03T16:41:57.532+0000] {logging_mixin.py:120} INFO - [2024-12-03T16:41:57.532+0000] {dag.py:3340} INFO - Setting next_dagrun for example_branch_labels to 2024-12-02T00:00:00+00:00, run_after=2024-12-03T00:00:00+00:00
[2024-12-03T16:41:57.565+0000] {processor.py:176} INFO - Processing /home/airflow/.local/lib/python3.7/site-packages/airflow/example_dags/example_branch_labels.py took 0.148 seconds
[2024-12-03T16:42:28.172+0000] {processor.py:154} INFO - Started process (PID=5883) to work on /home/airflow/.local/lib/python3.7/site-packages/airflow/example_dags/example_branch_labels.py
[2024-12-03T16:42:28.173+0000] {processor.py:756} INFO - Processing file /home/airflow/.local/lib/python3.7/site-packages/airflow/example_dags/example_branch_labels.py for tasks to queue
[2024-12-03T16:42:28.176+0000] {logging_mixin.py:120} INFO - [2024-12-03T16:42:28.175+0000] {dagbag.py:537} INFO - Filling up the DagBag from /home/airflow/.local/lib/python3.7/site-packages/airflow/example_dags/example_branch_labels.py
[2024-12-03T16:42:28.201+0000] {processor.py:766} INFO - DAG(s) dict_keys(['example_branch_labels']) retrieved from /home/airflow/.local/lib/python3.7/site-packages/airflow/example_dags/example_branch_labels.py
[2024-12-03T16:42:28.266+0000] {logging_mixin.py:120} INFO - [2024-12-03T16:42:28.265+0000] {dag.py:2585} INFO - Sync 1 DAGs
[2024-12-03T16:42:28.317+0000] {logging_mixin.py:120} INFO - [2024-12-03T16:42:28.317+0000] {dag.py:3340} INFO - Setting next_dagrun for example_branch_labels to 2024-12-02T00:00:00+00:00, run_after=2024-12-03T00:00:00+00:00
[2024-12-03T16:42:28.358+0000] {processor.py:176} INFO - Processing /home/airflow/.local/lib/python3.7/site-packages/airflow/example_dags/example_branch_labels.py took 0.190 seconds
[2024-12-03T16:42:58.650+0000] {processor.py:154} INFO - Started process (PID=5933) to work on /home/airflow/.local/lib/python3.7/site-packages/airflow/example_dags/example_branch_labels.py
[2024-12-03T16:42:58.652+0000] {processor.py:756} INFO - Processing file /home/airflow/.local/lib/python3.7/site-packages/airflow/example_dags/example_branch_labels.py for tasks to queue
[2024-12-03T16:42:58.655+0000] {logging_mixin.py:120} INFO - [2024-12-03T16:42:58.655+0000] {dagbag.py:537} INFO - Filling up the DagBag from /home/airflow/.local/lib/python3.7/site-packages/airflow/example_dags/example_branch_labels.py
[2024-12-03T16:42:58.692+0000] {processor.py:766} INFO - DAG(s) dict_keys(['example_branch_labels']) retrieved from /home/airflow/.local/lib/python3.7/site-packages/airflow/example_dags/example_branch_labels.py
[2024-12-03T16:42:58.786+0000] {logging_mixin.py:120} INFO - [2024-12-03T16:42:58.785+0000] {dag.py:2585} INFO - Sync 1 DAGs
[2024-12-03T16:42:58.844+0000] {logging_mixin.py:120} INFO - [2024-12-03T16:42:58.843+0000] {dag.py:3340} INFO - Setting next_dagrun for example_branch_labels to 2024-12-02T00:00:00+00:00, run_after=2024-12-03T00:00:00+00:00
[2024-12-03T16:42:58.901+0000] {processor.py:176} INFO - Processing /home/airflow/.local/lib/python3.7/site-packages/airflow/example_dags/example_branch_labels.py took 0.258 seconds
[2024-12-03T16:43:29.665+0000] {processor.py:154} INFO - Started process (PID=5994) to work on /home/airflow/.local/lib/python3.7/site-packages/airflow/example_dags/example_branch_labels.py
[2024-12-03T16:43:29.670+0000] {processor.py:756} INFO - Processing file /home/airflow/.local/lib/python3.7/site-packages/airflow/example_dags/example_branch_labels.py for tasks to queue
[2024-12-03T16:43:29.677+0000] {logging_mixin.py:120} INFO - [2024-12-03T16:43:29.676+0000] {dagbag.py:537} INFO - Filling up the DagBag from /home/airflow/.local/lib/python3.7/site-packages/airflow/example_dags/example_branch_labels.py
[2024-12-03T16:43:29.742+0000] {processor.py:766} INFO - DAG(s) dict_keys(['example_branch_labels']) retrieved from /home/airflow/.local/lib/python3.7/site-packages/airflow/example_dags/example_branch_labels.py
[2024-12-03T16:43:29.908+0000] {logging_mixin.py:120} INFO - [2024-12-03T16:43:29.907+0000] {dag.py:2585} INFO - Sync 1 DAGs
[2024-12-03T16:43:30.038+0000] {logging_mixin.py:120} INFO - [2024-12-03T16:43:30.038+0000] {dag.py:3340} INFO - Setting next_dagrun for example_branch_labels to 2024-12-02T00:00:00+00:00, run_after=2024-12-03T00:00:00+00:00
[2024-12-03T16:43:30.190+0000] {processor.py:176} INFO - Processing /home/airflow/.local/lib/python3.7/site-packages/airflow/example_dags/example_branch_labels.py took 0.533 seconds
[2024-12-03T16:44:00.423+0000] {processor.py:154} INFO - Started process (PID=6051) to work on /home/airflow/.local/lib/python3.7/site-packages/airflow/example_dags/example_branch_labels.py
[2024-12-03T16:44:00.426+0000] {processor.py:756} INFO - Processing file /home/airflow/.local/lib/python3.7/site-packages/airflow/example_dags/example_branch_labels.py for tasks to queue
[2024-12-03T16:44:00.428+0000] {logging_mixin.py:120} INFO - [2024-12-03T16:44:00.428+0000] {dagbag.py:537} INFO - Filling up the DagBag from /home/airflow/.local/lib/python3.7/site-packages/airflow/example_dags/example_branch_labels.py
[2024-12-03T16:44:00.457+0000] {processor.py:766} INFO - DAG(s) dict_keys(['example_branch_labels']) retrieved from /home/airflow/.local/lib/python3.7/site-packages/airflow/example_dags/example_branch_labels.py
[2024-12-03T16:44:00.534+0000] {logging_mixin.py:120} INFO - [2024-12-03T16:44:00.534+0000] {dag.py:2585} INFO - Sync 1 DAGs
[2024-12-03T16:44:00.596+0000] {logging_mixin.py:120} INFO - [2024-12-03T16:44:00.596+0000] {dag.py:3340} INFO - Setting next_dagrun for example_branch_labels to 2024-12-02T00:00:00+00:00, run_after=2024-12-03T00:00:00+00:00
[2024-12-03T16:44:00.646+0000] {processor.py:176} INFO - Processing /home/airflow/.local/lib/python3.7/site-packages/airflow/example_dags/example_branch_labels.py took 0.228 seconds
[2024-12-03T16:44:30.787+0000] {processor.py:154} INFO - Started process (PID=6106) to work on /home/airflow/.local/lib/python3.7/site-packages/airflow/example_dags/example_branch_labels.py
[2024-12-03T16:44:30.789+0000] {processor.py:756} INFO - Processing file /home/airflow/.local/lib/python3.7/site-packages/airflow/example_dags/example_branch_labels.py for tasks to queue
[2024-12-03T16:44:30.791+0000] {logging_mixin.py:120} INFO - [2024-12-03T16:44:30.790+0000] {dagbag.py:537} INFO - Filling up the DagBag from /home/airflow/.local/lib/python3.7/site-packages/airflow/example_dags/example_branch_labels.py
[2024-12-03T16:44:30.823+0000] {processor.py:766} INFO - DAG(s) dict_keys(['example_branch_labels']) retrieved from /home/airflow/.local/lib/python3.7/site-packages/airflow/example_dags/example_branch_labels.py
[2024-12-03T16:44:30.896+0000] {logging_mixin.py:120} INFO - [2024-12-03T16:44:30.895+0000] {dag.py:2585} INFO - Sync 1 DAGs
[2024-12-03T16:44:30.941+0000] {logging_mixin.py:120} INFO - [2024-12-03T16:44:30.940+0000] {dag.py:3340} INFO - Setting next_dagrun for example_branch_labels to 2024-12-02T00:00:00+00:00, run_after=2024-12-03T00:00:00+00:00
[2024-12-03T16:44:30.977+0000] {processor.py:176} INFO - Processing /home/airflow/.local/lib/python3.7/site-packages/airflow/example_dags/example_branch_labels.py took 0.197 seconds
[2024-12-03T16:45:01.037+0000] {processor.py:154} INFO - Started process (PID=6173) to work on /home/airflow/.local/lib/python3.7/site-packages/airflow/example_dags/example_branch_labels.py
[2024-12-03T16:45:01.039+0000] {processor.py:756} INFO - Processing file /home/airflow/.local/lib/python3.7/site-packages/airflow/example_dags/example_branch_labels.py for tasks to queue
[2024-12-03T16:45:01.042+0000] {logging_mixin.py:120} INFO - [2024-12-03T16:45:01.041+0000] {dagbag.py:537} INFO - Filling up the DagBag from /home/airflow/.local/lib/python3.7/site-packages/airflow/example_dags/example_branch_labels.py
[2024-12-03T16:45:01.069+0000] {processor.py:766} INFO - DAG(s) dict_keys(['example_branch_labels']) retrieved from /home/airflow/.local/lib/python3.7/site-packages/airflow/example_dags/example_branch_labels.py
[2024-12-03T16:45:01.132+0000] {logging_mixin.py:120} INFO - [2024-12-03T16:45:01.132+0000] {dag.py:2585} INFO - Sync 1 DAGs
[2024-12-03T16:45:01.170+0000] {logging_mixin.py:120} INFO - [2024-12-03T16:45:01.170+0000] {dag.py:3340} INFO - Setting next_dagrun for example_branch_labels to 2024-12-02T00:00:00+00:00, run_after=2024-12-03T00:00:00+00:00
[2024-12-03T16:45:01.206+0000] {processor.py:176} INFO - Processing /home/airflow/.local/lib/python3.7/site-packages/airflow/example_dags/example_branch_labels.py took 0.174 seconds
[2024-12-03T16:45:32.128+0000] {processor.py:154} INFO - Started process (PID=6240) to work on /home/airflow/.local/lib/python3.7/site-packages/airflow/example_dags/example_branch_labels.py
[2024-12-03T16:45:32.133+0000] {processor.py:756} INFO - Processing file /home/airflow/.local/lib/python3.7/site-packages/airflow/example_dags/example_branch_labels.py for tasks to queue
[2024-12-03T16:45:32.135+0000] {logging_mixin.py:120} INFO - [2024-12-03T16:45:32.135+0000] {dagbag.py:537} INFO - Filling up the DagBag from /home/airflow/.local/lib/python3.7/site-packages/airflow/example_dags/example_branch_labels.py
[2024-12-03T16:45:32.169+0000] {processor.py:766} INFO - DAG(s) dict_keys(['example_branch_labels']) retrieved from /home/airflow/.local/lib/python3.7/site-packages/airflow/example_dags/example_branch_labels.py
[2024-12-03T16:45:32.239+0000] {logging_mixin.py:120} INFO - [2024-12-03T16:45:32.239+0000] {dag.py:2585} INFO - Sync 1 DAGs
[2024-12-03T16:45:32.285+0000] {logging_mixin.py:120} INFO - [2024-12-03T16:45:32.284+0000] {dag.py:3340} INFO - Setting next_dagrun for example_branch_labels to 2024-12-02T00:00:00+00:00, run_after=2024-12-03T00:00:00+00:00
[2024-12-03T16:45:32.327+0000] {processor.py:176} INFO - Processing /home/airflow/.local/lib/python3.7/site-packages/airflow/example_dags/example_branch_labels.py took 0.208 seconds
[2024-12-03T16:46:02.913+0000] {processor.py:154} INFO - Started process (PID=6295) to work on /home/airflow/.local/lib/python3.7/site-packages/airflow/example_dags/example_branch_labels.py
[2024-12-03T16:46:02.916+0000] {processor.py:756} INFO - Processing file /home/airflow/.local/lib/python3.7/site-packages/airflow/example_dags/example_branch_labels.py for tasks to queue
[2024-12-03T16:46:02.918+0000] {logging_mixin.py:120} INFO - [2024-12-03T16:46:02.918+0000] {dagbag.py:537} INFO - Filling up the DagBag from /home/airflow/.local/lib/python3.7/site-packages/airflow/example_dags/example_branch_labels.py
[2024-12-03T16:46:02.943+0000] {processor.py:766} INFO - DAG(s) dict_keys(['example_branch_labels']) retrieved from /home/airflow/.local/lib/python3.7/site-packages/airflow/example_dags/example_branch_labels.py
[2024-12-03T16:46:03.008+0000] {logging_mixin.py:120} INFO - [2024-12-03T16:46:03.008+0000] {dag.py:2585} INFO - Sync 1 DAGs
[2024-12-03T16:46:03.049+0000] {logging_mixin.py:120} INFO - [2024-12-03T16:46:03.048+0000] {dag.py:3340} INFO - Setting next_dagrun for example_branch_labels to 2024-12-02T00:00:00+00:00, run_after=2024-12-03T00:00:00+00:00
[2024-12-03T16:46:03.092+0000] {processor.py:176} INFO - Processing /home/airflow/.local/lib/python3.7/site-packages/airflow/example_dags/example_branch_labels.py took 0.186 seconds
[2024-12-03T16:46:34.163+0000] {processor.py:154} INFO - Started process (PID=6368) to work on /home/airflow/.local/lib/python3.7/site-packages/airflow/example_dags/example_branch_labels.py
[2024-12-03T16:46:34.167+0000] {processor.py:756} INFO - Processing file /home/airflow/.local/lib/python3.7/site-packages/airflow/example_dags/example_branch_labels.py for tasks to queue
[2024-12-03T16:46:34.173+0000] {logging_mixin.py:120} INFO - [2024-12-03T16:46:34.172+0000] {dagbag.py:537} INFO - Filling up the DagBag from /home/airflow/.local/lib/python3.7/site-packages/airflow/example_dags/example_branch_labels.py
[2024-12-03T16:46:34.232+0000] {processor.py:766} INFO - DAG(s) dict_keys(['example_branch_labels']) retrieved from /home/airflow/.local/lib/python3.7/site-packages/airflow/example_dags/example_branch_labels.py
[2024-12-03T16:46:34.504+0000] {logging_mixin.py:120} INFO - [2024-12-03T16:46:34.503+0000] {dag.py:2585} INFO - Sync 1 DAGs
[2024-12-03T16:46:34.650+0000] {logging_mixin.py:120} INFO - [2024-12-03T16:46:34.650+0000] {dag.py:3340} INFO - Setting next_dagrun for example_branch_labels to 2024-12-02T00:00:00+00:00, run_after=2024-12-03T00:00:00+00:00
[2024-12-03T16:46:34.759+0000] {processor.py:176} INFO - Processing /home/airflow/.local/lib/python3.7/site-packages/airflow/example_dags/example_branch_labels.py took 0.601 seconds
[2024-12-03T16:47:05.633+0000] {processor.py:154} INFO - Started process (PID=6431) to work on /home/airflow/.local/lib/python3.7/site-packages/airflow/example_dags/example_branch_labels.py
[2024-12-03T16:47:05.635+0000] {processor.py:756} INFO - Processing file /home/airflow/.local/lib/python3.7/site-packages/airflow/example_dags/example_branch_labels.py for tasks to queue
[2024-12-03T16:47:05.637+0000] {logging_mixin.py:120} INFO - [2024-12-03T16:47:05.637+0000] {dagbag.py:537} INFO - Filling up the DagBag from /home/airflow/.local/lib/python3.7/site-packages/airflow/example_dags/example_branch_labels.py
[2024-12-03T16:47:05.659+0000] {processor.py:766} INFO - DAG(s) dict_keys(['example_branch_labels']) retrieved from /home/airflow/.local/lib/python3.7/site-packages/airflow/example_dags/example_branch_labels.py
[2024-12-03T16:47:05.741+0000] {logging_mixin.py:120} INFO - [2024-12-03T16:47:05.741+0000] {dag.py:2585} INFO - Sync 1 DAGs
[2024-12-03T16:47:05.791+0000] {logging_mixin.py:120} INFO - [2024-12-03T16:47:05.790+0000] {dag.py:3340} INFO - Setting next_dagrun for example_branch_labels to 2024-12-02T00:00:00+00:00, run_after=2024-12-03T00:00:00+00:00
[2024-12-03T16:47:05.836+0000] {processor.py:176} INFO - Processing /home/airflow/.local/lib/python3.7/site-packages/airflow/example_dags/example_branch_labels.py took 0.211 seconds
[2024-12-03T16:47:36.144+0000] {processor.py:154} INFO - Started process (PID=6496) to work on /home/airflow/.local/lib/python3.7/site-packages/airflow/example_dags/example_branch_labels.py
[2024-12-03T16:47:36.146+0000] {processor.py:756} INFO - Processing file /home/airflow/.local/lib/python3.7/site-packages/airflow/example_dags/example_branch_labels.py for tasks to queue
[2024-12-03T16:47:36.148+0000] {logging_mixin.py:120} INFO - [2024-12-03T16:47:36.148+0000] {dagbag.py:537} INFO - Filling up the DagBag from /home/airflow/.local/lib/python3.7/site-packages/airflow/example_dags/example_branch_labels.py
[2024-12-03T16:47:36.194+0000] {processor.py:766} INFO - DAG(s) dict_keys(['example_branch_labels']) retrieved from /home/airflow/.local/lib/python3.7/site-packages/airflow/example_dags/example_branch_labels.py
[2024-12-03T16:47:36.291+0000] {logging_mixin.py:120} INFO - [2024-12-03T16:47:36.290+0000] {dag.py:2585} INFO - Sync 1 DAGs
[2024-12-03T16:47:36.353+0000] {logging_mixin.py:120} INFO - [2024-12-03T16:47:36.352+0000] {dag.py:3340} INFO - Setting next_dagrun for example_branch_labels to 2024-12-02T00:00:00+00:00, run_after=2024-12-03T00:00:00+00:00
[2024-12-03T16:47:36.407+0000] {processor.py:176} INFO - Processing /home/airflow/.local/lib/python3.7/site-packages/airflow/example_dags/example_branch_labels.py took 0.268 seconds
[2024-12-03T16:48:07.361+0000] {processor.py:154} INFO - Started process (PID=6551) to work on /home/airflow/.local/lib/python3.7/site-packages/airflow/example_dags/example_branch_labels.py
[2024-12-03T16:48:07.363+0000] {processor.py:756} INFO - Processing file /home/airflow/.local/lib/python3.7/site-packages/airflow/example_dags/example_branch_labels.py for tasks to queue
[2024-12-03T16:48:07.364+0000] {logging_mixin.py:120} INFO - [2024-12-03T16:48:07.364+0000] {dagbag.py:537} INFO - Filling up the DagBag from /home/airflow/.local/lib/python3.7/site-packages/airflow/example_dags/example_branch_labels.py
[2024-12-03T16:48:07.381+0000] {processor.py:766} INFO - DAG(s) dict_keys(['example_branch_labels']) retrieved from /home/airflow/.local/lib/python3.7/site-packages/airflow/example_dags/example_branch_labels.py
[2024-12-03T16:48:07.438+0000] {logging_mixin.py:120} INFO - [2024-12-03T16:48:07.438+0000] {dag.py:2585} INFO - Sync 1 DAGs
[2024-12-03T16:48:07.472+0000] {logging_mixin.py:120} INFO - [2024-12-03T16:48:07.472+0000] {dag.py:3340} INFO - Setting next_dagrun for example_branch_labels to 2024-12-02T00:00:00+00:00, run_after=2024-12-03T00:00:00+00:00
[2024-12-03T16:48:07.521+0000] {processor.py:176} INFO - Processing /home/airflow/.local/lib/python3.7/site-packages/airflow/example_dags/example_branch_labels.py took 0.162 seconds
[2024-12-03T16:48:37.725+0000] {processor.py:154} INFO - Started process (PID=6616) to work on /home/airflow/.local/lib/python3.7/site-packages/airflow/example_dags/example_branch_labels.py
[2024-12-03T16:48:37.727+0000] {processor.py:756} INFO - Processing file /home/airflow/.local/lib/python3.7/site-packages/airflow/example_dags/example_branch_labels.py for tasks to queue
[2024-12-03T16:48:37.730+0000] {logging_mixin.py:120} INFO - [2024-12-03T16:48:37.729+0000] {dagbag.py:537} INFO - Filling up the DagBag from /home/airflow/.local/lib/python3.7/site-packages/airflow/example_dags/example_branch_labels.py
[2024-12-03T16:48:37.747+0000] {processor.py:766} INFO - DAG(s) dict_keys(['example_branch_labels']) retrieved from /home/airflow/.local/lib/python3.7/site-packages/airflow/example_dags/example_branch_labels.py
[2024-12-03T16:48:37.800+0000] {logging_mixin.py:120} INFO - [2024-12-03T16:48:37.799+0000] {dag.py:2585} INFO - Sync 1 DAGs
[2024-12-03T16:48:37.838+0000] {logging_mixin.py:120} INFO - [2024-12-03T16:48:37.838+0000] {dag.py:3340} INFO - Setting next_dagrun for example_branch_labels to 2024-12-02T00:00:00+00:00, run_after=2024-12-03T00:00:00+00:00
[2024-12-03T16:48:37.872+0000] {processor.py:176} INFO - Processing /home/airflow/.local/lib/python3.7/site-packages/airflow/example_dags/example_branch_labels.py took 0.150 seconds
[2024-12-03T16:49:08.036+0000] {processor.py:154} INFO - Started process (PID=6680) to work on /home/airflow/.local/lib/python3.7/site-packages/airflow/example_dags/example_branch_labels.py
[2024-12-03T16:49:08.038+0000] {processor.py:756} INFO - Processing file /home/airflow/.local/lib/python3.7/site-packages/airflow/example_dags/example_branch_labels.py for tasks to queue
[2024-12-03T16:49:08.041+0000] {logging_mixin.py:120} INFO - [2024-12-03T16:49:08.040+0000] {dagbag.py:537} INFO - Filling up the DagBag from /home/airflow/.local/lib/python3.7/site-packages/airflow/example_dags/example_branch_labels.py
[2024-12-03T16:49:08.077+0000] {processor.py:766} INFO - DAG(s) dict_keys(['example_branch_labels']) retrieved from /home/airflow/.local/lib/python3.7/site-packages/airflow/example_dags/example_branch_labels.py
[2024-12-03T16:49:08.160+0000] {logging_mixin.py:120} INFO - [2024-12-03T16:49:08.159+0000] {dag.py:2585} INFO - Sync 1 DAGs
[2024-12-03T16:49:08.217+0000] {logging_mixin.py:120} INFO - [2024-12-03T16:49:08.217+0000] {dag.py:3340} INFO - Setting next_dagrun for example_branch_labels to 2024-12-02T00:00:00+00:00, run_after=2024-12-03T00:00:00+00:00
[2024-12-03T16:49:08.266+0000] {processor.py:176} INFO - Processing /home/airflow/.local/lib/python3.7/site-packages/airflow/example_dags/example_branch_labels.py took 0.238 seconds
[2024-12-03T16:49:38.482+0000] {processor.py:154} INFO - Started process (PID=6735) to work on /home/airflow/.local/lib/python3.7/site-packages/airflow/example_dags/example_branch_labels.py
[2024-12-03T16:49:38.484+0000] {processor.py:756} INFO - Processing file /home/airflow/.local/lib/python3.7/site-packages/airflow/example_dags/example_branch_labels.py for tasks to queue
[2024-12-03T16:49:38.485+0000] {logging_mixin.py:120} INFO - [2024-12-03T16:49:38.485+0000] {dagbag.py:537} INFO - Filling up the DagBag from /home/airflow/.local/lib/python3.7/site-packages/airflow/example_dags/example_branch_labels.py
[2024-12-03T16:49:38.500+0000] {processor.py:766} INFO - DAG(s) dict_keys(['example_branch_labels']) retrieved from /home/airflow/.local/lib/python3.7/site-packages/airflow/example_dags/example_branch_labels.py
[2024-12-03T16:49:38.551+0000] {logging_mixin.py:120} INFO - [2024-12-03T16:49:38.551+0000] {dag.py:2585} INFO - Sync 1 DAGs
[2024-12-03T16:49:38.589+0000] {logging_mixin.py:120} INFO - [2024-12-03T16:49:38.588+0000] {dag.py:3340} INFO - Setting next_dagrun for example_branch_labels to 2024-12-02T00:00:00+00:00, run_after=2024-12-03T00:00:00+00:00
[2024-12-03T16:49:38.620+0000] {processor.py:176} INFO - Processing /home/airflow/.local/lib/python3.7/site-packages/airflow/example_dags/example_branch_labels.py took 0.143 seconds
[2024-12-03T16:50:08.920+0000] {processor.py:154} INFO - Started process (PID=6800) to work on /home/airflow/.local/lib/python3.7/site-packages/airflow/example_dags/example_branch_labels.py
[2024-12-03T16:50:08.922+0000] {processor.py:756} INFO - Processing file /home/airflow/.local/lib/python3.7/site-packages/airflow/example_dags/example_branch_labels.py for tasks to queue
[2024-12-03T16:50:08.923+0000] {logging_mixin.py:120} INFO - [2024-12-03T16:50:08.923+0000] {dagbag.py:537} INFO - Filling up the DagBag from /home/airflow/.local/lib/python3.7/site-packages/airflow/example_dags/example_branch_labels.py
[2024-12-03T16:50:08.947+0000] {processor.py:766} INFO - DAG(s) dict_keys(['example_branch_labels']) retrieved from /home/airflow/.local/lib/python3.7/site-packages/airflow/example_dags/example_branch_labels.py
[2024-12-03T16:50:09.030+0000] {logging_mixin.py:120} INFO - [2024-12-03T16:50:09.030+0000] {dag.py:2585} INFO - Sync 1 DAGs
[2024-12-03T16:50:09.087+0000] {logging_mixin.py:120} INFO - [2024-12-03T16:50:09.087+0000] {dag.py:3340} INFO - Setting next_dagrun for example_branch_labels to 2024-12-02T00:00:00+00:00, run_after=2024-12-03T00:00:00+00:00
[2024-12-03T16:50:09.122+0000] {processor.py:176} INFO - Processing /home/airflow/.local/lib/python3.7/site-packages/airflow/example_dags/example_branch_labels.py took 0.207 seconds
[2024-12-03T16:50:39.546+0000] {processor.py:154} INFO - Started process (PID=6864) to work on /home/airflow/.local/lib/python3.7/site-packages/airflow/example_dags/example_branch_labels.py
[2024-12-03T16:50:39.548+0000] {processor.py:756} INFO - Processing file /home/airflow/.local/lib/python3.7/site-packages/airflow/example_dags/example_branch_labels.py for tasks to queue
[2024-12-03T16:50:39.550+0000] {logging_mixin.py:120} INFO - [2024-12-03T16:50:39.549+0000] {dagbag.py:537} INFO - Filling up the DagBag from /home/airflow/.local/lib/python3.7/site-packages/airflow/example_dags/example_branch_labels.py
[2024-12-03T16:50:39.570+0000] {processor.py:766} INFO - DAG(s) dict_keys(['example_branch_labels']) retrieved from /home/airflow/.local/lib/python3.7/site-packages/airflow/example_dags/example_branch_labels.py
[2024-12-03T16:50:39.626+0000] {logging_mixin.py:120} INFO - [2024-12-03T16:50:39.626+0000] {dag.py:2585} INFO - Sync 1 DAGs
[2024-12-03T16:50:39.664+0000] {logging_mixin.py:120} INFO - [2024-12-03T16:50:39.663+0000] {dag.py:3340} INFO - Setting next_dagrun for example_branch_labels to 2024-12-02T00:00:00+00:00, run_after=2024-12-03T00:00:00+00:00
[2024-12-03T16:50:39.713+0000] {processor.py:176} INFO - Processing /home/airflow/.local/lib/python3.7/site-packages/airflow/example_dags/example_branch_labels.py took 0.170 seconds
[2024-12-03T16:51:10.134+0000] {processor.py:154} INFO - Started process (PID=6919) to work on /home/airflow/.local/lib/python3.7/site-packages/airflow/example_dags/example_branch_labels.py
[2024-12-03T16:51:10.136+0000] {processor.py:756} INFO - Processing file /home/airflow/.local/lib/python3.7/site-packages/airflow/example_dags/example_branch_labels.py for tasks to queue
[2024-12-03T16:51:10.141+0000] {logging_mixin.py:120} INFO - [2024-12-03T16:51:10.140+0000] {dagbag.py:537} INFO - Filling up the DagBag from /home/airflow/.local/lib/python3.7/site-packages/airflow/example_dags/example_branch_labels.py
[2024-12-03T16:51:10.186+0000] {processor.py:766} INFO - DAG(s) dict_keys(['example_branch_labels']) retrieved from /home/airflow/.local/lib/python3.7/site-packages/airflow/example_dags/example_branch_labels.py
[2024-12-03T16:51:10.263+0000] {logging_mixin.py:120} INFO - [2024-12-03T16:51:10.262+0000] {dag.py:2585} INFO - Sync 1 DAGs
[2024-12-03T16:51:10.313+0000] {logging_mixin.py:120} INFO - [2024-12-03T16:51:10.313+0000] {dag.py:3340} INFO - Setting next_dagrun for example_branch_labels to 2024-12-02T00:00:00+00:00, run_after=2024-12-03T00:00:00+00:00
[2024-12-03T16:51:10.409+0000] {processor.py:176} INFO - Processing /home/airflow/.local/lib/python3.7/site-packages/airflow/example_dags/example_branch_labels.py took 0.279 seconds
[2024-12-03T16:51:41.407+0000] {processor.py:154} INFO - Started process (PID=6987) to work on /home/airflow/.local/lib/python3.7/site-packages/airflow/example_dags/example_branch_labels.py
[2024-12-03T16:51:41.411+0000] {processor.py:756} INFO - Processing file /home/airflow/.local/lib/python3.7/site-packages/airflow/example_dags/example_branch_labels.py for tasks to queue
[2024-12-03T16:51:41.414+0000] {logging_mixin.py:120} INFO - [2024-12-03T16:51:41.414+0000] {dagbag.py:537} INFO - Filling up the DagBag from /home/airflow/.local/lib/python3.7/site-packages/airflow/example_dags/example_branch_labels.py
[2024-12-03T16:51:41.446+0000] {processor.py:766} INFO - DAG(s) dict_keys(['example_branch_labels']) retrieved from /home/airflow/.local/lib/python3.7/site-packages/airflow/example_dags/example_branch_labels.py
[2024-12-03T16:51:41.529+0000] {logging_mixin.py:120} INFO - [2024-12-03T16:51:41.529+0000] {dag.py:2585} INFO - Sync 1 DAGs
[2024-12-03T16:51:41.594+0000] {logging_mixin.py:120} INFO - [2024-12-03T16:51:41.593+0000] {dag.py:3340} INFO - Setting next_dagrun for example_branch_labels to 2024-12-02T00:00:00+00:00, run_after=2024-12-03T00:00:00+00:00
[2024-12-03T16:51:41.646+0000] {processor.py:176} INFO - Processing /home/airflow/.local/lib/python3.7/site-packages/airflow/example_dags/example_branch_labels.py took 0.245 seconds
[2024-12-03T16:52:11.869+0000] {processor.py:154} INFO - Started process (PID=7050) to work on /home/airflow/.local/lib/python3.7/site-packages/airflow/example_dags/example_branch_labels.py
[2024-12-03T16:52:11.875+0000] {processor.py:756} INFO - Processing file /home/airflow/.local/lib/python3.7/site-packages/airflow/example_dags/example_branch_labels.py for tasks to queue
[2024-12-03T16:52:11.878+0000] {logging_mixin.py:120} INFO - [2024-12-03T16:52:11.878+0000] {dagbag.py:537} INFO - Filling up the DagBag from /home/airflow/.local/lib/python3.7/site-packages/airflow/example_dags/example_branch_labels.py
[2024-12-03T16:52:11.901+0000] {processor.py:766} INFO - DAG(s) dict_keys(['example_branch_labels']) retrieved from /home/airflow/.local/lib/python3.7/site-packages/airflow/example_dags/example_branch_labels.py
[2024-12-03T16:52:11.973+0000] {logging_mixin.py:120} INFO - [2024-12-03T16:52:11.973+0000] {dag.py:2585} INFO - Sync 1 DAGs
[2024-12-03T16:52:12.027+0000] {logging_mixin.py:120} INFO - [2024-12-03T16:52:12.026+0000] {dag.py:3340} INFO - Setting next_dagrun for example_branch_labels to 2024-12-02T00:00:00+00:00, run_after=2024-12-03T00:00:00+00:00
[2024-12-03T16:52:12.084+0000] {processor.py:176} INFO - Processing /home/airflow/.local/lib/python3.7/site-packages/airflow/example_dags/example_branch_labels.py took 0.219 seconds
[2024-12-03T16:52:42.166+0000] {processor.py:154} INFO - Started process (PID=7105) to work on /home/airflow/.local/lib/python3.7/site-packages/airflow/example_dags/example_branch_labels.py
[2024-12-03T16:52:42.168+0000] {processor.py:756} INFO - Processing file /home/airflow/.local/lib/python3.7/site-packages/airflow/example_dags/example_branch_labels.py for tasks to queue
[2024-12-03T16:52:42.170+0000] {logging_mixin.py:120} INFO - [2024-12-03T16:52:42.170+0000] {dagbag.py:537} INFO - Filling up the DagBag from /home/airflow/.local/lib/python3.7/site-packages/airflow/example_dags/example_branch_labels.py
[2024-12-03T16:52:42.186+0000] {processor.py:766} INFO - DAG(s) dict_keys(['example_branch_labels']) retrieved from /home/airflow/.local/lib/python3.7/site-packages/airflow/example_dags/example_branch_labels.py
[2024-12-03T16:52:42.242+0000] {logging_mixin.py:120} INFO - [2024-12-03T16:52:42.241+0000] {dag.py:2585} INFO - Sync 1 DAGs
[2024-12-03T16:52:42.276+0000] {logging_mixin.py:120} INFO - [2024-12-03T16:52:42.276+0000] {dag.py:3340} INFO - Setting next_dagrun for example_branch_labels to 2024-12-02T00:00:00+00:00, run_after=2024-12-03T00:00:00+00:00
[2024-12-03T16:52:42.310+0000] {processor.py:176} INFO - Processing /home/airflow/.local/lib/python3.7/site-packages/airflow/example_dags/example_branch_labels.py took 0.147 seconds
[2024-12-03T16:53:12.928+0000] {processor.py:154} INFO - Started process (PID=7170) to work on /home/airflow/.local/lib/python3.7/site-packages/airflow/example_dags/example_branch_labels.py
[2024-12-03T16:53:12.930+0000] {processor.py:756} INFO - Processing file /home/airflow/.local/lib/python3.7/site-packages/airflow/example_dags/example_branch_labels.py for tasks to queue
[2024-12-03T16:53:12.932+0000] {logging_mixin.py:120} INFO - [2024-12-03T16:53:12.931+0000] {dagbag.py:537} INFO - Filling up the DagBag from /home/airflow/.local/lib/python3.7/site-packages/airflow/example_dags/example_branch_labels.py
[2024-12-03T16:53:12.953+0000] {processor.py:766} INFO - DAG(s) dict_keys(['example_branch_labels']) retrieved from /home/airflow/.local/lib/python3.7/site-packages/airflow/example_dags/example_branch_labels.py
[2024-12-03T16:53:13.010+0000] {logging_mixin.py:120} INFO - [2024-12-03T16:53:13.010+0000] {dag.py:2585} INFO - Sync 1 DAGs
[2024-12-03T16:53:13.053+0000] {logging_mixin.py:120} INFO - [2024-12-03T16:53:13.052+0000] {dag.py:3340} INFO - Setting next_dagrun for example_branch_labels to 2024-12-02T00:00:00+00:00, run_after=2024-12-03T00:00:00+00:00
[2024-12-03T16:53:13.087+0000] {processor.py:176} INFO - Processing /home/airflow/.local/lib/python3.7/site-packages/airflow/example_dags/example_branch_labels.py took 0.165 seconds
[2024-12-03T16:53:43.500+0000] {processor.py:154} INFO - Started process (PID=7225) to work on /home/airflow/.local/lib/python3.7/site-packages/airflow/example_dags/example_branch_labels.py
[2024-12-03T16:53:43.502+0000] {processor.py:756} INFO - Processing file /home/airflow/.local/lib/python3.7/site-packages/airflow/example_dags/example_branch_labels.py for tasks to queue
[2024-12-03T16:53:43.504+0000] {logging_mixin.py:120} INFO - [2024-12-03T16:53:43.504+0000] {dagbag.py:537} INFO - Filling up the DagBag from /home/airflow/.local/lib/python3.7/site-packages/airflow/example_dags/example_branch_labels.py
[2024-12-03T16:53:43.520+0000] {processor.py:766} INFO - DAG(s) dict_keys(['example_branch_labels']) retrieved from /home/airflow/.local/lib/python3.7/site-packages/airflow/example_dags/example_branch_labels.py
[2024-12-03T16:53:43.581+0000] {logging_mixin.py:120} INFO - [2024-12-03T16:53:43.581+0000] {dag.py:2585} INFO - Sync 1 DAGs
[2024-12-03T16:53:43.621+0000] {logging_mixin.py:120} INFO - [2024-12-03T16:53:43.621+0000] {dag.py:3340} INFO - Setting next_dagrun for example_branch_labels to 2024-12-02T00:00:00+00:00, run_after=2024-12-03T00:00:00+00:00
[2024-12-03T16:53:43.656+0000] {processor.py:176} INFO - Processing /home/airflow/.local/lib/python3.7/site-packages/airflow/example_dags/example_branch_labels.py took 0.159 seconds
[2024-12-03T16:54:13.896+0000] {processor.py:154} INFO - Started process (PID=7289) to work on /home/airflow/.local/lib/python3.7/site-packages/airflow/example_dags/example_branch_labels.py
[2024-12-03T16:54:13.898+0000] {processor.py:756} INFO - Processing file /home/airflow/.local/lib/python3.7/site-packages/airflow/example_dags/example_branch_labels.py for tasks to queue
[2024-12-03T16:54:13.899+0000] {logging_mixin.py:120} INFO - [2024-12-03T16:54:13.899+0000] {dagbag.py:537} INFO - Filling up the DagBag from /home/airflow/.local/lib/python3.7/site-packages/airflow/example_dags/example_branch_labels.py
[2024-12-03T16:54:13.914+0000] {processor.py:766} INFO - DAG(s) dict_keys(['example_branch_labels']) retrieved from /home/airflow/.local/lib/python3.7/site-packages/airflow/example_dags/example_branch_labels.py
[2024-12-03T16:54:13.968+0000] {logging_mixin.py:120} INFO - [2024-12-03T16:54:13.968+0000] {dag.py:2585} INFO - Sync 1 DAGs
[2024-12-03T16:54:14.018+0000] {logging_mixin.py:120} INFO - [2024-12-03T16:54:14.018+0000] {dag.py:3340} INFO - Setting next_dagrun for example_branch_labels to 2024-12-02T00:00:00+00:00, run_after=2024-12-03T00:00:00+00:00
[2024-12-03T16:54:14.050+0000] {processor.py:176} INFO - Processing /home/airflow/.local/lib/python3.7/site-packages/airflow/example_dags/example_branch_labels.py took 0.158 seconds
[2024-12-03T16:54:44.219+0000] {processor.py:154} INFO - Started process (PID=7344) to work on /home/airflow/.local/lib/python3.7/site-packages/airflow/example_dags/example_branch_labels.py
[2024-12-03T16:54:44.220+0000] {processor.py:756} INFO - Processing file /home/airflow/.local/lib/python3.7/site-packages/airflow/example_dags/example_branch_labels.py for tasks to queue
[2024-12-03T16:54:44.222+0000] {logging_mixin.py:120} INFO - [2024-12-03T16:54:44.222+0000] {dagbag.py:537} INFO - Filling up the DagBag from /home/airflow/.local/lib/python3.7/site-packages/airflow/example_dags/example_branch_labels.py
[2024-12-03T16:54:44.241+0000] {processor.py:766} INFO - DAG(s) dict_keys(['example_branch_labels']) retrieved from /home/airflow/.local/lib/python3.7/site-packages/airflow/example_dags/example_branch_labels.py
[2024-12-03T16:54:44.297+0000] {logging_mixin.py:120} INFO - [2024-12-03T16:54:44.297+0000] {dag.py:2585} INFO - Sync 1 DAGs
[2024-12-03T16:54:44.332+0000] {logging_mixin.py:120} INFO - [2024-12-03T16:54:44.332+0000] {dag.py:3340} INFO - Setting next_dagrun for example_branch_labels to 2024-12-02T00:00:00+00:00, run_after=2024-12-03T00:00:00+00:00
[2024-12-03T16:54:44.365+0000] {processor.py:176} INFO - Processing /home/airflow/.local/lib/python3.7/site-packages/airflow/example_dags/example_branch_labels.py took 0.149 seconds
[2024-12-03T16:55:15.028+0000] {processor.py:154} INFO - Started process (PID=7409) to work on /home/airflow/.local/lib/python3.7/site-packages/airflow/example_dags/example_branch_labels.py
[2024-12-03T16:55:15.030+0000] {processor.py:756} INFO - Processing file /home/airflow/.local/lib/python3.7/site-packages/airflow/example_dags/example_branch_labels.py for tasks to queue
[2024-12-03T16:55:15.031+0000] {logging_mixin.py:120} INFO - [2024-12-03T16:55:15.030+0000] {dagbag.py:537} INFO - Filling up the DagBag from /home/airflow/.local/lib/python3.7/site-packages/airflow/example_dags/example_branch_labels.py
[2024-12-03T16:55:15.046+0000] {processor.py:766} INFO - DAG(s) dict_keys(['example_branch_labels']) retrieved from /home/airflow/.local/lib/python3.7/site-packages/airflow/example_dags/example_branch_labels.py
[2024-12-03T16:55:15.093+0000] {logging_mixin.py:120} INFO - [2024-12-03T16:55:15.093+0000] {dag.py:2585} INFO - Sync 1 DAGs
[2024-12-03T16:55:15.129+0000] {logging_mixin.py:120} INFO - [2024-12-03T16:55:15.129+0000] {dag.py:3340} INFO - Setting next_dagrun for example_branch_labels to 2024-12-02T00:00:00+00:00, run_after=2024-12-03T00:00:00+00:00
[2024-12-03T16:55:15.159+0000] {processor.py:176} INFO - Processing /home/airflow/.local/lib/python3.7/site-packages/airflow/example_dags/example_branch_labels.py took 0.135 seconds
[2024-12-03T16:55:45.810+0000] {processor.py:154} INFO - Started process (PID=7473) to work on /home/airflow/.local/lib/python3.7/site-packages/airflow/example_dags/example_branch_labels.py
[2024-12-03T16:55:45.812+0000] {processor.py:756} INFO - Processing file /home/airflow/.local/lib/python3.7/site-packages/airflow/example_dags/example_branch_labels.py for tasks to queue
[2024-12-03T16:55:45.814+0000] {logging_mixin.py:120} INFO - [2024-12-03T16:55:45.814+0000] {dagbag.py:537} INFO - Filling up the DagBag from /home/airflow/.local/lib/python3.7/site-packages/airflow/example_dags/example_branch_labels.py
[2024-12-03T16:55:45.835+0000] {processor.py:766} INFO - DAG(s) dict_keys(['example_branch_labels']) retrieved from /home/airflow/.local/lib/python3.7/site-packages/airflow/example_dags/example_branch_labels.py
[2024-12-03T16:55:45.895+0000] {logging_mixin.py:120} INFO - [2024-12-03T16:55:45.895+0000] {dag.py:2585} INFO - Sync 1 DAGs
[2024-12-03T16:55:45.929+0000] {logging_mixin.py:120} INFO - [2024-12-03T16:55:45.929+0000] {dag.py:3340} INFO - Setting next_dagrun for example_branch_labels to 2024-12-02T00:00:00+00:00, run_after=2024-12-03T00:00:00+00:00
[2024-12-03T16:55:45.963+0000] {processor.py:176} INFO - Processing /home/airflow/.local/lib/python3.7/site-packages/airflow/example_dags/example_branch_labels.py took 0.157 seconds
[2024-12-03T16:56:16.697+0000] {processor.py:154} INFO - Started process (PID=7540) to work on /home/airflow/.local/lib/python3.7/site-packages/airflow/example_dags/example_branch_labels.py
[2024-12-03T16:56:16.698+0000] {processor.py:756} INFO - Processing file /home/airflow/.local/lib/python3.7/site-packages/airflow/example_dags/example_branch_labels.py for tasks to queue
[2024-12-03T16:56:16.700+0000] {logging_mixin.py:120} INFO - [2024-12-03T16:56:16.700+0000] {dagbag.py:537} INFO - Filling up the DagBag from /home/airflow/.local/lib/python3.7/site-packages/airflow/example_dags/example_branch_labels.py
[2024-12-03T16:56:16.721+0000] {processor.py:766} INFO - DAG(s) dict_keys(['example_branch_labels']) retrieved from /home/airflow/.local/lib/python3.7/site-packages/airflow/example_dags/example_branch_labels.py
[2024-12-03T16:56:16.774+0000] {logging_mixin.py:120} INFO - [2024-12-03T16:56:16.774+0000] {dag.py:2585} INFO - Sync 1 DAGs
[2024-12-03T16:56:16.809+0000] {logging_mixin.py:120} INFO - [2024-12-03T16:56:16.809+0000] {dag.py:3340} INFO - Setting next_dagrun for example_branch_labels to 2024-12-02T00:00:00+00:00, run_after=2024-12-03T00:00:00+00:00
[2024-12-03T16:56:16.842+0000] {processor.py:176} INFO - Processing /home/airflow/.local/lib/python3.7/site-packages/airflow/example_dags/example_branch_labels.py took 0.149 seconds
