[2024-12-03T15:07:34.537+0000] {processor.py:154} INFO - Started process (PID=65) to work on /home/airflow/.local/lib/python3.7/site-packages/airflow/example_dags/example_branch_operator_decorator.py
[2024-12-03T15:07:34.540+0000] {processor.py:756} INFO - Processing file /home/airflow/.local/lib/python3.7/site-packages/airflow/example_dags/example_branch_operator_decorator.py for tasks to queue
[2024-12-03T15:07:34.545+0000] {logging_mixin.py:120} INFO - [2024-12-03T15:07:34.544+0000] {dagbag.py:537} INFO - Filling up the DagBag from /home/airflow/.local/lib/python3.7/site-packages/airflow/example_dags/example_branch_operator_decorator.py
[2024-12-03T15:07:34.669+0000] {processor.py:766} INFO - DAG(s) dict_keys(['example_branch_python_operator_decorator']) retrieved from /home/airflow/.local/lib/python3.7/site-packages/airflow/example_dags/example_branch_operator_decorator.py
[2024-12-03T15:07:35.494+0000] {logging_mixin.py:120} INFO - [2024-12-03T15:07:35.493+0000] {manager.py:507} INFO - Created Permission View: can read on DAG:example_branch_python_operator_decorator
[2024-12-03T15:07:35.532+0000] {logging_mixin.py:120} INFO - [2024-12-03T15:07:35.532+0000] {manager.py:507} INFO - Created Permission View: can delete on DAG:example_branch_python_operator_decorator
[2024-12-03T15:07:35.552+0000] {logging_mixin.py:120} INFO - [2024-12-03T15:07:35.551+0000] {manager.py:507} INFO - Created Permission View: can edit on DAG:example_branch_python_operator_decorator
[2024-12-03T15:07:35.552+0000] {logging_mixin.py:120} INFO - [2024-12-03T15:07:35.552+0000] {dag.py:2585} INFO - Sync 1 DAGs
[2024-12-03T15:07:35.734+0000] {logging_mixin.py:120} INFO - [2024-12-03T15:07:35.734+0000] {dag.py:2606} INFO - Creating ORM DAG for example_branch_python_operator_decorator
[2024-12-03T15:07:35.941+0000] {logging_mixin.py:120} INFO - [2024-12-03T15:07:35.941+0000] {dag.py:3340} INFO - Setting next_dagrun for example_branch_python_operator_decorator to 2024-12-02T00:00:00+00:00, run_after=2024-12-03T00:00:00+00:00
[2024-12-03T15:07:36.092+0000] {processor.py:176} INFO - Processing /home/airflow/.local/lib/python3.7/site-packages/airflow/example_dags/example_branch_operator_decorator.py took 1.571 seconds
[2024-12-03T15:08:06.250+0000] {processor.py:154} INFO - Started process (PID=120) to work on /home/airflow/.local/lib/python3.7/site-packages/airflow/example_dags/example_branch_operator_decorator.py
[2024-12-03T15:08:06.255+0000] {processor.py:756} INFO - Processing file /home/airflow/.local/lib/python3.7/site-packages/airflow/example_dags/example_branch_operator_decorator.py for tasks to queue
[2024-12-03T15:08:06.258+0000] {logging_mixin.py:120} INFO - [2024-12-03T15:08:06.258+0000] {dagbag.py:537} INFO - Filling up the DagBag from /home/airflow/.local/lib/python3.7/site-packages/airflow/example_dags/example_branch_operator_decorator.py
[2024-12-03T15:08:06.322+0000] {processor.py:766} INFO - DAG(s) dict_keys(['example_branch_python_operator_decorator']) retrieved from /home/airflow/.local/lib/python3.7/site-packages/airflow/example_dags/example_branch_operator_decorator.py
[2024-12-03T15:08:06.410+0000] {logging_mixin.py:120} INFO - [2024-12-03T15:08:06.409+0000] {dag.py:2585} INFO - Sync 1 DAGs
[2024-12-03T15:08:06.452+0000] {logging_mixin.py:120} INFO - [2024-12-03T15:08:06.452+0000] {dag.py:3340} INFO - Setting next_dagrun for example_branch_python_operator_decorator to 2024-12-02T00:00:00+00:00, run_after=2024-12-03T00:00:00+00:00
[2024-12-03T15:08:06.489+0000] {processor.py:176} INFO - Processing /home/airflow/.local/lib/python3.7/site-packages/airflow/example_dags/example_branch_operator_decorator.py took 0.244 seconds
[2024-12-03T15:08:36.752+0000] {processor.py:154} INFO - Started process (PID=176) to work on /home/airflow/.local/lib/python3.7/site-packages/airflow/example_dags/example_branch_operator_decorator.py
[2024-12-03T15:08:36.754+0000] {processor.py:756} INFO - Processing file /home/airflow/.local/lib/python3.7/site-packages/airflow/example_dags/example_branch_operator_decorator.py for tasks to queue
[2024-12-03T15:08:36.756+0000] {logging_mixin.py:120} INFO - [2024-12-03T15:08:36.756+0000] {dagbag.py:537} INFO - Filling up the DagBag from /home/airflow/.local/lib/python3.7/site-packages/airflow/example_dags/example_branch_operator_decorator.py
[2024-12-03T15:08:36.790+0000] {processor.py:766} INFO - DAG(s) dict_keys(['example_branch_python_operator_decorator']) retrieved from /home/airflow/.local/lib/python3.7/site-packages/airflow/example_dags/example_branch_operator_decorator.py
[2024-12-03T15:08:36.851+0000] {logging_mixin.py:120} INFO - [2024-12-03T15:08:36.851+0000] {dag.py:2585} INFO - Sync 1 DAGs
[2024-12-03T15:08:36.904+0000] {logging_mixin.py:120} INFO - [2024-12-03T15:08:36.904+0000] {dag.py:3340} INFO - Setting next_dagrun for example_branch_python_operator_decorator to 2024-12-02T00:00:00+00:00, run_after=2024-12-03T00:00:00+00:00
[2024-12-03T15:08:36.947+0000] {processor.py:176} INFO - Processing /home/airflow/.local/lib/python3.7/site-packages/airflow/example_dags/example_branch_operator_decorator.py took 0.200 seconds
[2024-12-03T15:09:07.038+0000] {processor.py:154} INFO - Started process (PID=231) to work on /home/airflow/.local/lib/python3.7/site-packages/airflow/example_dags/example_branch_operator_decorator.py
[2024-12-03T15:09:07.040+0000] {processor.py:756} INFO - Processing file /home/airflow/.local/lib/python3.7/site-packages/airflow/example_dags/example_branch_operator_decorator.py for tasks to queue
[2024-12-03T15:09:07.041+0000] {logging_mixin.py:120} INFO - [2024-12-03T15:09:07.041+0000] {dagbag.py:537} INFO - Filling up the DagBag from /home/airflow/.local/lib/python3.7/site-packages/airflow/example_dags/example_branch_operator_decorator.py
[2024-12-03T15:09:07.086+0000] {processor.py:766} INFO - DAG(s) dict_keys(['example_branch_python_operator_decorator']) retrieved from /home/airflow/.local/lib/python3.7/site-packages/airflow/example_dags/example_branch_operator_decorator.py
[2024-12-03T15:09:07.156+0000] {logging_mixin.py:120} INFO - [2024-12-03T15:09:07.156+0000] {dag.py:2585} INFO - Sync 1 DAGs
[2024-12-03T15:09:07.207+0000] {logging_mixin.py:120} INFO - [2024-12-03T15:09:07.207+0000] {dag.py:3340} INFO - Setting next_dagrun for example_branch_python_operator_decorator to 2024-12-02T00:00:00+00:00, run_after=2024-12-03T00:00:00+00:00
[2024-12-03T15:09:07.247+0000] {processor.py:176} INFO - Processing /home/airflow/.local/lib/python3.7/site-packages/airflow/example_dags/example_branch_operator_decorator.py took 0.214 seconds
[2024-12-03T15:09:38.462+0000] {processor.py:154} INFO - Started process (PID=295) to work on /home/airflow/.local/lib/python3.7/site-packages/airflow/example_dags/example_branch_operator_decorator.py
[2024-12-03T15:09:38.466+0000] {processor.py:756} INFO - Processing file /home/airflow/.local/lib/python3.7/site-packages/airflow/example_dags/example_branch_operator_decorator.py for tasks to queue
[2024-12-03T15:09:38.469+0000] {logging_mixin.py:120} INFO - [2024-12-03T15:09:38.468+0000] {dagbag.py:537} INFO - Filling up the DagBag from /home/airflow/.local/lib/python3.7/site-packages/airflow/example_dags/example_branch_operator_decorator.py
[2024-12-03T15:09:38.538+0000] {processor.py:766} INFO - DAG(s) dict_keys(['example_branch_python_operator_decorator']) retrieved from /home/airflow/.local/lib/python3.7/site-packages/airflow/example_dags/example_branch_operator_decorator.py
[2024-12-03T15:09:38.628+0000] {logging_mixin.py:120} INFO - [2024-12-03T15:09:38.628+0000] {dag.py:2585} INFO - Sync 1 DAGs
[2024-12-03T15:09:38.690+0000] {logging_mixin.py:120} INFO - [2024-12-03T15:09:38.690+0000] {dag.py:3340} INFO - Setting next_dagrun for example_branch_python_operator_decorator to 2024-12-02T00:00:00+00:00, run_after=2024-12-03T00:00:00+00:00
[2024-12-03T15:09:38.741+0000] {processor.py:176} INFO - Processing /home/airflow/.local/lib/python3.7/site-packages/airflow/example_dags/example_branch_operator_decorator.py took 0.287 seconds
[2024-12-03T15:10:09.104+0000] {processor.py:154} INFO - Started process (PID=350) to work on /home/airflow/.local/lib/python3.7/site-packages/airflow/example_dags/example_branch_operator_decorator.py
[2024-12-03T15:10:09.106+0000] {processor.py:756} INFO - Processing file /home/airflow/.local/lib/python3.7/site-packages/airflow/example_dags/example_branch_operator_decorator.py for tasks to queue
[2024-12-03T15:10:09.108+0000] {logging_mixin.py:120} INFO - [2024-12-03T15:10:09.108+0000] {dagbag.py:537} INFO - Filling up the DagBag from /home/airflow/.local/lib/python3.7/site-packages/airflow/example_dags/example_branch_operator_decorator.py
[2024-12-03T15:10:09.153+0000] {processor.py:766} INFO - DAG(s) dict_keys(['example_branch_python_operator_decorator']) retrieved from /home/airflow/.local/lib/python3.7/site-packages/airflow/example_dags/example_branch_operator_decorator.py
[2024-12-03T15:10:09.228+0000] {logging_mixin.py:120} INFO - [2024-12-03T15:10:09.228+0000] {dag.py:2585} INFO - Sync 1 DAGs
[2024-12-03T15:10:09.290+0000] {logging_mixin.py:120} INFO - [2024-12-03T15:10:09.289+0000] {dag.py:3340} INFO - Setting next_dagrun for example_branch_python_operator_decorator to 2024-12-02T00:00:00+00:00, run_after=2024-12-03T00:00:00+00:00
[2024-12-03T15:10:09.347+0000] {processor.py:176} INFO - Processing /home/airflow/.local/lib/python3.7/site-packages/airflow/example_dags/example_branch_operator_decorator.py took 0.248 seconds
[2024-12-03T15:10:40.664+0000] {processor.py:154} INFO - Started process (PID=415) to work on /home/airflow/.local/lib/python3.7/site-packages/airflow/example_dags/example_branch_operator_decorator.py
[2024-12-03T15:10:40.666+0000] {processor.py:756} INFO - Processing file /home/airflow/.local/lib/python3.7/site-packages/airflow/example_dags/example_branch_operator_decorator.py for tasks to queue
[2024-12-03T15:10:40.669+0000] {logging_mixin.py:120} INFO - [2024-12-03T15:10:40.668+0000] {dagbag.py:537} INFO - Filling up the DagBag from /home/airflow/.local/lib/python3.7/site-packages/airflow/example_dags/example_branch_operator_decorator.py
[2024-12-03T15:10:40.725+0000] {processor.py:766} INFO - DAG(s) dict_keys(['example_branch_python_operator_decorator']) retrieved from /home/airflow/.local/lib/python3.7/site-packages/airflow/example_dags/example_branch_operator_decorator.py
[2024-12-03T15:10:40.822+0000] {logging_mixin.py:120} INFO - [2024-12-03T15:10:40.822+0000] {dag.py:2585} INFO - Sync 1 DAGs
[2024-12-03T15:10:40.893+0000] {logging_mixin.py:120} INFO - [2024-12-03T15:10:40.893+0000] {dag.py:3340} INFO - Setting next_dagrun for example_branch_python_operator_decorator to 2024-12-02T00:00:00+00:00, run_after=2024-12-03T00:00:00+00:00
[2024-12-03T15:10:40.939+0000] {processor.py:176} INFO - Processing /home/airflow/.local/lib/python3.7/site-packages/airflow/example_dags/example_branch_operator_decorator.py took 0.280 seconds
[2024-12-03T15:11:11.101+0000] {processor.py:154} INFO - Started process (PID=470) to work on /home/airflow/.local/lib/python3.7/site-packages/airflow/example_dags/example_branch_operator_decorator.py
[2024-12-03T15:11:11.103+0000] {processor.py:756} INFO - Processing file /home/airflow/.local/lib/python3.7/site-packages/airflow/example_dags/example_branch_operator_decorator.py for tasks to queue
[2024-12-03T15:11:11.105+0000] {logging_mixin.py:120} INFO - [2024-12-03T15:11:11.104+0000] {dagbag.py:537} INFO - Filling up the DagBag from /home/airflow/.local/lib/python3.7/site-packages/airflow/example_dags/example_branch_operator_decorator.py
[2024-12-03T15:11:11.148+0000] {processor.py:766} INFO - DAG(s) dict_keys(['example_branch_python_operator_decorator']) retrieved from /home/airflow/.local/lib/python3.7/site-packages/airflow/example_dags/example_branch_operator_decorator.py
[2024-12-03T15:11:11.233+0000] {logging_mixin.py:120} INFO - [2024-12-03T15:11:11.233+0000] {dag.py:2585} INFO - Sync 1 DAGs
[2024-12-03T15:11:11.284+0000] {logging_mixin.py:120} INFO - [2024-12-03T15:11:11.283+0000] {dag.py:3340} INFO - Setting next_dagrun for example_branch_python_operator_decorator to 2024-12-02T00:00:00+00:00, run_after=2024-12-03T00:00:00+00:00
[2024-12-03T15:11:11.344+0000] {processor.py:176} INFO - Processing /home/airflow/.local/lib/python3.7/site-packages/airflow/example_dags/example_branch_operator_decorator.py took 0.246 seconds
[2024-12-03T15:11:42.394+0000] {processor.py:154} INFO - Started process (PID=526) to work on /home/airflow/.local/lib/python3.7/site-packages/airflow/example_dags/example_branch_operator_decorator.py
[2024-12-03T15:11:42.396+0000] {processor.py:756} INFO - Processing file /home/airflow/.local/lib/python3.7/site-packages/airflow/example_dags/example_branch_operator_decorator.py for tasks to queue
[2024-12-03T15:11:42.399+0000] {logging_mixin.py:120} INFO - [2024-12-03T15:11:42.398+0000] {dagbag.py:537} INFO - Filling up the DagBag from /home/airflow/.local/lib/python3.7/site-packages/airflow/example_dags/example_branch_operator_decorator.py
[2024-12-03T15:11:42.455+0000] {processor.py:766} INFO - DAG(s) dict_keys(['example_branch_python_operator_decorator']) retrieved from /home/airflow/.local/lib/python3.7/site-packages/airflow/example_dags/example_branch_operator_decorator.py
[2024-12-03T15:11:42.551+0000] {logging_mixin.py:120} INFO - [2024-12-03T15:11:42.550+0000] {dag.py:2585} INFO - Sync 1 DAGs
[2024-12-03T15:11:42.631+0000] {logging_mixin.py:120} INFO - [2024-12-03T15:11:42.631+0000] {dag.py:3340} INFO - Setting next_dagrun for example_branch_python_operator_decorator to 2024-12-02T00:00:00+00:00, run_after=2024-12-03T00:00:00+00:00
[2024-12-03T15:11:42.684+0000] {processor.py:176} INFO - Processing /home/airflow/.local/lib/python3.7/site-packages/airflow/example_dags/example_branch_operator_decorator.py took 0.301 seconds
[2024-12-03T15:12:12.805+0000] {processor.py:154} INFO - Started process (PID=590) to work on /home/airflow/.local/lib/python3.7/site-packages/airflow/example_dags/example_branch_operator_decorator.py
[2024-12-03T15:12:12.807+0000] {processor.py:756} INFO - Processing file /home/airflow/.local/lib/python3.7/site-packages/airflow/example_dags/example_branch_operator_decorator.py for tasks to queue
[2024-12-03T15:12:12.810+0000] {logging_mixin.py:120} INFO - [2024-12-03T15:12:12.810+0000] {dagbag.py:537} INFO - Filling up the DagBag from /home/airflow/.local/lib/python3.7/site-packages/airflow/example_dags/example_branch_operator_decorator.py
[2024-12-03T15:12:12.855+0000] {processor.py:766} INFO - DAG(s) dict_keys(['example_branch_python_operator_decorator']) retrieved from /home/airflow/.local/lib/python3.7/site-packages/airflow/example_dags/example_branch_operator_decorator.py
[2024-12-03T15:12:12.938+0000] {logging_mixin.py:120} INFO - [2024-12-03T15:12:12.938+0000] {dag.py:2585} INFO - Sync 1 DAGs
[2024-12-03T15:12:12.989+0000] {logging_mixin.py:120} INFO - [2024-12-03T15:12:12.989+0000] {dag.py:3340} INFO - Setting next_dagrun for example_branch_python_operator_decorator to 2024-12-02T00:00:00+00:00, run_after=2024-12-03T00:00:00+00:00
[2024-12-03T15:12:13.040+0000] {processor.py:176} INFO - Processing /home/airflow/.local/lib/python3.7/site-packages/airflow/example_dags/example_branch_operator_decorator.py took 0.240 seconds
[2024-12-03T15:12:43.492+0000] {processor.py:154} INFO - Started process (PID=645) to work on /home/airflow/.local/lib/python3.7/site-packages/airflow/example_dags/example_branch_operator_decorator.py
[2024-12-03T15:12:43.494+0000] {processor.py:756} INFO - Processing file /home/airflow/.local/lib/python3.7/site-packages/airflow/example_dags/example_branch_operator_decorator.py for tasks to queue
[2024-12-03T15:12:43.496+0000] {logging_mixin.py:120} INFO - [2024-12-03T15:12:43.496+0000] {dagbag.py:537} INFO - Filling up the DagBag from /home/airflow/.local/lib/python3.7/site-packages/airflow/example_dags/example_branch_operator_decorator.py
[2024-12-03T15:12:43.536+0000] {processor.py:766} INFO - DAG(s) dict_keys(['example_branch_python_operator_decorator']) retrieved from /home/airflow/.local/lib/python3.7/site-packages/airflow/example_dags/example_branch_operator_decorator.py
[2024-12-03T15:12:43.621+0000] {logging_mixin.py:120} INFO - [2024-12-03T15:12:43.621+0000] {dag.py:2585} INFO - Sync 1 DAGs
[2024-12-03T15:12:43.690+0000] {logging_mixin.py:120} INFO - [2024-12-03T15:12:43.689+0000] {dag.py:3340} INFO - Setting next_dagrun for example_branch_python_operator_decorator to 2024-12-02T00:00:00+00:00, run_after=2024-12-03T00:00:00+00:00
[2024-12-03T15:12:43.728+0000] {processor.py:176} INFO - Processing /home/airflow/.local/lib/python3.7/site-packages/airflow/example_dags/example_branch_operator_decorator.py took 0.240 seconds
[2024-12-03T15:13:14.251+0000] {processor.py:154} INFO - Started process (PID=710) to work on /home/airflow/.local/lib/python3.7/site-packages/airflow/example_dags/example_branch_operator_decorator.py
[2024-12-03T15:13:14.253+0000] {processor.py:756} INFO - Processing file /home/airflow/.local/lib/python3.7/site-packages/airflow/example_dags/example_branch_operator_decorator.py for tasks to queue
[2024-12-03T15:13:14.255+0000] {logging_mixin.py:120} INFO - [2024-12-03T15:13:14.254+0000] {dagbag.py:537} INFO - Filling up the DagBag from /home/airflow/.local/lib/python3.7/site-packages/airflow/example_dags/example_branch_operator_decorator.py
[2024-12-03T15:13:14.308+0000] {processor.py:766} INFO - DAG(s) dict_keys(['example_branch_python_operator_decorator']) retrieved from /home/airflow/.local/lib/python3.7/site-packages/airflow/example_dags/example_branch_operator_decorator.py
[2024-12-03T15:13:14.415+0000] {logging_mixin.py:120} INFO - [2024-12-03T15:13:14.414+0000] {dag.py:2585} INFO - Sync 1 DAGs
[2024-12-03T15:13:14.491+0000] {logging_mixin.py:120} INFO - [2024-12-03T15:13:14.491+0000] {dag.py:3340} INFO - Setting next_dagrun for example_branch_python_operator_decorator to 2024-12-02T00:00:00+00:00, run_after=2024-12-03T00:00:00+00:00
[2024-12-03T15:13:14.545+0000] {processor.py:176} INFO - Processing /home/airflow/.local/lib/python3.7/site-packages/airflow/example_dags/example_branch_operator_decorator.py took 0.300 seconds
[2024-12-03T15:13:44.627+0000] {processor.py:154} INFO - Started process (PID=764) to work on /home/airflow/.local/lib/python3.7/site-packages/airflow/example_dags/example_branch_operator_decorator.py
[2024-12-03T15:13:44.628+0000] {processor.py:756} INFO - Processing file /home/airflow/.local/lib/python3.7/site-packages/airflow/example_dags/example_branch_operator_decorator.py for tasks to queue
[2024-12-03T15:13:44.630+0000] {logging_mixin.py:120} INFO - [2024-12-03T15:13:44.630+0000] {dagbag.py:537} INFO - Filling up the DagBag from /home/airflow/.local/lib/python3.7/site-packages/airflow/example_dags/example_branch_operator_decorator.py
[2024-12-03T15:13:44.678+0000] {processor.py:766} INFO - DAG(s) dict_keys(['example_branch_python_operator_decorator']) retrieved from /home/airflow/.local/lib/python3.7/site-packages/airflow/example_dags/example_branch_operator_decorator.py
[2024-12-03T15:13:44.754+0000] {logging_mixin.py:120} INFO - [2024-12-03T15:13:44.753+0000] {dag.py:2585} INFO - Sync 1 DAGs
[2024-12-03T15:13:44.805+0000] {logging_mixin.py:120} INFO - [2024-12-03T15:13:44.804+0000] {dag.py:3340} INFO - Setting next_dagrun for example_branch_python_operator_decorator to 2024-12-02T00:00:00+00:00, run_after=2024-12-03T00:00:00+00:00
[2024-12-03T15:13:44.845+0000] {processor.py:176} INFO - Processing /home/airflow/.local/lib/python3.7/site-packages/airflow/example_dags/example_branch_operator_decorator.py took 0.222 seconds
[2024-12-03T15:14:15.168+0000] {processor.py:154} INFO - Started process (PID=819) to work on /home/airflow/.local/lib/python3.7/site-packages/airflow/example_dags/example_branch_operator_decorator.py
[2024-12-03T15:14:15.170+0000] {processor.py:756} INFO - Processing file /home/airflow/.local/lib/python3.7/site-packages/airflow/example_dags/example_branch_operator_decorator.py for tasks to queue
[2024-12-03T15:14:15.175+0000] {logging_mixin.py:120} INFO - [2024-12-03T15:14:15.174+0000] {dagbag.py:537} INFO - Filling up the DagBag from /home/airflow/.local/lib/python3.7/site-packages/airflow/example_dags/example_branch_operator_decorator.py
[2024-12-03T15:14:15.226+0000] {processor.py:766} INFO - DAG(s) dict_keys(['example_branch_python_operator_decorator']) retrieved from /home/airflow/.local/lib/python3.7/site-packages/airflow/example_dags/example_branch_operator_decorator.py
[2024-12-03T15:14:15.324+0000] {logging_mixin.py:120} INFO - [2024-12-03T15:14:15.323+0000] {dag.py:2585} INFO - Sync 1 DAGs
[2024-12-03T15:14:15.397+0000] {logging_mixin.py:120} INFO - [2024-12-03T15:14:15.397+0000] {dag.py:3340} INFO - Setting next_dagrun for example_branch_python_operator_decorator to 2024-12-02T00:00:00+00:00, run_after=2024-12-03T00:00:00+00:00
[2024-12-03T15:14:15.446+0000] {processor.py:176} INFO - Processing /home/airflow/.local/lib/python3.7/site-packages/airflow/example_dags/example_branch_operator_decorator.py took 0.285 seconds
[2024-12-03T15:14:46.429+0000] {processor.py:154} INFO - Started process (PID=874) to work on /home/airflow/.local/lib/python3.7/site-packages/airflow/example_dags/example_branch_operator_decorator.py
[2024-12-03T15:14:46.430+0000] {processor.py:756} INFO - Processing file /home/airflow/.local/lib/python3.7/site-packages/airflow/example_dags/example_branch_operator_decorator.py for tasks to queue
[2024-12-03T15:14:46.432+0000] {logging_mixin.py:120} INFO - [2024-12-03T15:14:46.432+0000] {dagbag.py:537} INFO - Filling up the DagBag from /home/airflow/.local/lib/python3.7/site-packages/airflow/example_dags/example_branch_operator_decorator.py
[2024-12-03T15:14:46.476+0000] {processor.py:766} INFO - DAG(s) dict_keys(['example_branch_python_operator_decorator']) retrieved from /home/airflow/.local/lib/python3.7/site-packages/airflow/example_dags/example_branch_operator_decorator.py
[2024-12-03T15:14:46.551+0000] {logging_mixin.py:120} INFO - [2024-12-03T15:14:46.551+0000] {dag.py:2585} INFO - Sync 1 DAGs
[2024-12-03T15:14:46.602+0000] {logging_mixin.py:120} INFO - [2024-12-03T15:14:46.601+0000] {dag.py:3340} INFO - Setting next_dagrun for example_branch_python_operator_decorator to 2024-12-02T00:00:00+00:00, run_after=2024-12-03T00:00:00+00:00
[2024-12-03T15:14:46.659+0000] {processor.py:176} INFO - Processing /home/airflow/.local/lib/python3.7/site-packages/airflow/example_dags/example_branch_operator_decorator.py took 0.234 seconds
[2024-12-03T15:15:16.905+0000] {processor.py:154} INFO - Started process (PID=939) to work on /home/airflow/.local/lib/python3.7/site-packages/airflow/example_dags/example_branch_operator_decorator.py
[2024-12-03T15:15:16.907+0000] {processor.py:756} INFO - Processing file /home/airflow/.local/lib/python3.7/site-packages/airflow/example_dags/example_branch_operator_decorator.py for tasks to queue
[2024-12-03T15:15:16.910+0000] {logging_mixin.py:120} INFO - [2024-12-03T15:15:16.909+0000] {dagbag.py:537} INFO - Filling up the DagBag from /home/airflow/.local/lib/python3.7/site-packages/airflow/example_dags/example_branch_operator_decorator.py
[2024-12-03T15:15:16.972+0000] {processor.py:766} INFO - DAG(s) dict_keys(['example_branch_python_operator_decorator']) retrieved from /home/airflow/.local/lib/python3.7/site-packages/airflow/example_dags/example_branch_operator_decorator.py
[2024-12-03T15:15:17.064+0000] {logging_mixin.py:120} INFO - [2024-12-03T15:15:17.063+0000] {dag.py:2585} INFO - Sync 1 DAGs
[2024-12-03T15:15:17.138+0000] {logging_mixin.py:120} INFO - [2024-12-03T15:15:17.138+0000] {dag.py:3340} INFO - Setting next_dagrun for example_branch_python_operator_decorator to 2024-12-02T00:00:00+00:00, run_after=2024-12-03T00:00:00+00:00
[2024-12-03T15:15:17.186+0000] {processor.py:176} INFO - Processing /home/airflow/.local/lib/python3.7/site-packages/airflow/example_dags/example_branch_operator_decorator.py took 0.286 seconds
[2024-12-03T15:15:47.945+0000] {processor.py:154} INFO - Started process (PID=995) to work on /home/airflow/.local/lib/python3.7/site-packages/airflow/example_dags/example_branch_operator_decorator.py
[2024-12-03T15:15:47.948+0000] {processor.py:756} INFO - Processing file /home/airflow/.local/lib/python3.7/site-packages/airflow/example_dags/example_branch_operator_decorator.py for tasks to queue
[2024-12-03T15:15:47.951+0000] {logging_mixin.py:120} INFO - [2024-12-03T15:15:47.950+0000] {dagbag.py:537} INFO - Filling up the DagBag from /home/airflow/.local/lib/python3.7/site-packages/airflow/example_dags/example_branch_operator_decorator.py
[2024-12-03T15:15:48.008+0000] {processor.py:766} INFO - DAG(s) dict_keys(['example_branch_python_operator_decorator']) retrieved from /home/airflow/.local/lib/python3.7/site-packages/airflow/example_dags/example_branch_operator_decorator.py
[2024-12-03T15:15:48.075+0000] {logging_mixin.py:120} INFO - [2024-12-03T15:15:48.074+0000] {dag.py:2585} INFO - Sync 1 DAGs
[2024-12-03T15:15:48.123+0000] {logging_mixin.py:120} INFO - [2024-12-03T15:15:48.123+0000] {dag.py:3340} INFO - Setting next_dagrun for example_branch_python_operator_decorator to 2024-12-02T00:00:00+00:00, run_after=2024-12-03T00:00:00+00:00
[2024-12-03T15:15:48.172+0000] {processor.py:176} INFO - Processing /home/airflow/.local/lib/python3.7/site-packages/airflow/example_dags/example_branch_operator_decorator.py took 0.230 seconds
[2024-12-03T15:16:18.373+0000] {processor.py:154} INFO - Started process (PID=1058) to work on /home/airflow/.local/lib/python3.7/site-packages/airflow/example_dags/example_branch_operator_decorator.py
[2024-12-03T15:16:18.376+0000] {processor.py:756} INFO - Processing file /home/airflow/.local/lib/python3.7/site-packages/airflow/example_dags/example_branch_operator_decorator.py for tasks to queue
[2024-12-03T15:16:18.378+0000] {logging_mixin.py:120} INFO - [2024-12-03T15:16:18.378+0000] {dagbag.py:537} INFO - Filling up the DagBag from /home/airflow/.local/lib/python3.7/site-packages/airflow/example_dags/example_branch_operator_decorator.py
[2024-12-03T15:16:18.432+0000] {processor.py:766} INFO - DAG(s) dict_keys(['example_branch_python_operator_decorator']) retrieved from /home/airflow/.local/lib/python3.7/site-packages/airflow/example_dags/example_branch_operator_decorator.py
[2024-12-03T15:16:18.522+0000] {logging_mixin.py:120} INFO - [2024-12-03T15:16:18.522+0000] {dag.py:2585} INFO - Sync 1 DAGs
[2024-12-03T15:16:18.586+0000] {logging_mixin.py:120} INFO - [2024-12-03T15:16:18.585+0000] {dag.py:3340} INFO - Setting next_dagrun for example_branch_python_operator_decorator to 2024-12-02T00:00:00+00:00, run_after=2024-12-03T00:00:00+00:00
[2024-12-03T15:16:18.630+0000] {processor.py:176} INFO - Processing /home/airflow/.local/lib/python3.7/site-packages/airflow/example_dags/example_branch_operator_decorator.py took 0.263 seconds
[2024-12-03T15:16:48.805+0000] {processor.py:154} INFO - Started process (PID=1115) to work on /home/airflow/.local/lib/python3.7/site-packages/airflow/example_dags/example_branch_operator_decorator.py
[2024-12-03T15:16:48.809+0000] {processor.py:756} INFO - Processing file /home/airflow/.local/lib/python3.7/site-packages/airflow/example_dags/example_branch_operator_decorator.py for tasks to queue
[2024-12-03T15:16:48.812+0000] {logging_mixin.py:120} INFO - [2024-12-03T15:16:48.811+0000] {dagbag.py:537} INFO - Filling up the DagBag from /home/airflow/.local/lib/python3.7/site-packages/airflow/example_dags/example_branch_operator_decorator.py
[2024-12-03T15:16:48.863+0000] {processor.py:766} INFO - DAG(s) dict_keys(['example_branch_python_operator_decorator']) retrieved from /home/airflow/.local/lib/python3.7/site-packages/airflow/example_dags/example_branch_operator_decorator.py
[2024-12-03T15:16:48.913+0000] {logging_mixin.py:120} INFO - [2024-12-03T15:16:48.912+0000] {dag.py:2585} INFO - Sync 1 DAGs
[2024-12-03T15:16:48.954+0000] {logging_mixin.py:120} INFO - [2024-12-03T15:16:48.954+0000] {dag.py:3340} INFO - Setting next_dagrun for example_branch_python_operator_decorator to 2024-12-02T00:00:00+00:00, run_after=2024-12-03T00:00:00+00:00
[2024-12-03T15:16:48.994+0000] {processor.py:176} INFO - Processing /home/airflow/.local/lib/python3.7/site-packages/airflow/example_dags/example_branch_operator_decorator.py took 0.194 seconds
[2024-12-03T15:17:19.589+0000] {processor.py:154} INFO - Started process (PID=1170) to work on /home/airflow/.local/lib/python3.7/site-packages/airflow/example_dags/example_branch_operator_decorator.py
[2024-12-03T15:17:19.591+0000] {processor.py:756} INFO - Processing file /home/airflow/.local/lib/python3.7/site-packages/airflow/example_dags/example_branch_operator_decorator.py for tasks to queue
[2024-12-03T15:17:19.592+0000] {logging_mixin.py:120} INFO - [2024-12-03T15:17:19.592+0000] {dagbag.py:537} INFO - Filling up the DagBag from /home/airflow/.local/lib/python3.7/site-packages/airflow/example_dags/example_branch_operator_decorator.py
[2024-12-03T15:17:19.627+0000] {processor.py:766} INFO - DAG(s) dict_keys(['example_branch_python_operator_decorator']) retrieved from /home/airflow/.local/lib/python3.7/site-packages/airflow/example_dags/example_branch_operator_decorator.py
[2024-12-03T15:17:19.691+0000] {logging_mixin.py:120} INFO - [2024-12-03T15:17:19.690+0000] {dag.py:2585} INFO - Sync 1 DAGs
[2024-12-03T15:17:19.729+0000] {logging_mixin.py:120} INFO - [2024-12-03T15:17:19.729+0000] {dag.py:3340} INFO - Setting next_dagrun for example_branch_python_operator_decorator to 2024-12-02T00:00:00+00:00, run_after=2024-12-03T00:00:00+00:00
[2024-12-03T15:17:19.762+0000] {processor.py:176} INFO - Processing /home/airflow/.local/lib/python3.7/site-packages/airflow/example_dags/example_branch_operator_decorator.py took 0.178 seconds
[2024-12-03T15:17:56.622+0000] {processor.py:154} INFO - Started process (PID=56) to work on /home/airflow/.local/lib/python3.7/site-packages/airflow/example_dags/example_branch_operator_decorator.py
[2024-12-03T15:17:56.624+0000] {processor.py:756} INFO - Processing file /home/airflow/.local/lib/python3.7/site-packages/airflow/example_dags/example_branch_operator_decorator.py for tasks to queue
[2024-12-03T15:17:56.627+0000] {logging_mixin.py:120} INFO - [2024-12-03T15:17:56.626+0000] {dagbag.py:537} INFO - Filling up the DagBag from /home/airflow/.local/lib/python3.7/site-packages/airflow/example_dags/example_branch_operator_decorator.py
[2024-12-03T15:17:56.679+0000] {processor.py:766} INFO - DAG(s) dict_keys(['example_branch_python_operator_decorator']) retrieved from /home/airflow/.local/lib/python3.7/site-packages/airflow/example_dags/example_branch_operator_decorator.py
[2024-12-03T15:17:56.759+0000] {logging_mixin.py:120} INFO - [2024-12-03T15:17:56.759+0000] {dag.py:2585} INFO - Sync 1 DAGs
[2024-12-03T15:17:56.806+0000] {logging_mixin.py:120} INFO - [2024-12-03T15:17:56.806+0000] {dag.py:3340} INFO - Setting next_dagrun for example_branch_python_operator_decorator to 2024-12-02T00:00:00+00:00, run_after=2024-12-03T00:00:00+00:00
[2024-12-03T15:17:56.850+0000] {processor.py:176} INFO - Processing /home/airflow/.local/lib/python3.7/site-packages/airflow/example_dags/example_branch_operator_decorator.py took 0.232 seconds
[2024-12-03T15:18:27.779+0000] {processor.py:154} INFO - Started process (PID=111) to work on /home/airflow/.local/lib/python3.7/site-packages/airflow/example_dags/example_branch_operator_decorator.py
[2024-12-03T15:18:27.782+0000] {processor.py:756} INFO - Processing file /home/airflow/.local/lib/python3.7/site-packages/airflow/example_dags/example_branch_operator_decorator.py for tasks to queue
[2024-12-03T15:18:27.785+0000] {logging_mixin.py:120} INFO - [2024-12-03T15:18:27.784+0000] {dagbag.py:537} INFO - Filling up the DagBag from /home/airflow/.local/lib/python3.7/site-packages/airflow/example_dags/example_branch_operator_decorator.py
[2024-12-03T15:18:27.851+0000] {processor.py:766} INFO - DAG(s) dict_keys(['example_branch_python_operator_decorator']) retrieved from /home/airflow/.local/lib/python3.7/site-packages/airflow/example_dags/example_branch_operator_decorator.py
[2024-12-03T15:18:27.963+0000] {logging_mixin.py:120} INFO - [2024-12-03T15:18:27.963+0000] {dag.py:2585} INFO - Sync 1 DAGs
[2024-12-03T15:18:28.051+0000] {logging_mixin.py:120} INFO - [2024-12-03T15:18:28.051+0000] {dag.py:3340} INFO - Setting next_dagrun for example_branch_python_operator_decorator to 2024-12-02T00:00:00+00:00, run_after=2024-12-03T00:00:00+00:00
[2024-12-03T15:18:28.097+0000] {processor.py:176} INFO - Processing /home/airflow/.local/lib/python3.7/site-packages/airflow/example_dags/example_branch_operator_decorator.py took 0.322 seconds
[2024-12-03T15:18:58.206+0000] {processor.py:154} INFO - Started process (PID=176) to work on /home/airflow/.local/lib/python3.7/site-packages/airflow/example_dags/example_branch_operator_decorator.py
[2024-12-03T15:18:58.208+0000] {processor.py:756} INFO - Processing file /home/airflow/.local/lib/python3.7/site-packages/airflow/example_dags/example_branch_operator_decorator.py for tasks to queue
[2024-12-03T15:18:58.209+0000] {logging_mixin.py:120} INFO - [2024-12-03T15:18:58.209+0000] {dagbag.py:537} INFO - Filling up the DagBag from /home/airflow/.local/lib/python3.7/site-packages/airflow/example_dags/example_branch_operator_decorator.py
[2024-12-03T15:18:58.263+0000] {processor.py:766} INFO - DAG(s) dict_keys(['example_branch_python_operator_decorator']) retrieved from /home/airflow/.local/lib/python3.7/site-packages/airflow/example_dags/example_branch_operator_decorator.py
[2024-12-03T15:18:58.333+0000] {logging_mixin.py:120} INFO - [2024-12-03T15:18:58.333+0000] {dag.py:2585} INFO - Sync 1 DAGs
[2024-12-03T15:18:58.381+0000] {logging_mixin.py:120} INFO - [2024-12-03T15:18:58.381+0000] {dag.py:3340} INFO - Setting next_dagrun for example_branch_python_operator_decorator to 2024-12-02T00:00:00+00:00, run_after=2024-12-03T00:00:00+00:00
[2024-12-03T15:18:58.432+0000] {processor.py:176} INFO - Processing /home/airflow/.local/lib/python3.7/site-packages/airflow/example_dags/example_branch_operator_decorator.py took 0.231 seconds
[2024-12-03T15:19:28.514+0000] {processor.py:154} INFO - Started process (PID=231) to work on /home/airflow/.local/lib/python3.7/site-packages/airflow/example_dags/example_branch_operator_decorator.py
[2024-12-03T15:19:28.520+0000] {processor.py:756} INFO - Processing file /home/airflow/.local/lib/python3.7/site-packages/airflow/example_dags/example_branch_operator_decorator.py for tasks to queue
[2024-12-03T15:19:28.523+0000] {logging_mixin.py:120} INFO - [2024-12-03T15:19:28.522+0000] {dagbag.py:537} INFO - Filling up the DagBag from /home/airflow/.local/lib/python3.7/site-packages/airflow/example_dags/example_branch_operator_decorator.py
[2024-12-03T15:19:28.620+0000] {processor.py:766} INFO - DAG(s) dict_keys(['example_branch_python_operator_decorator']) retrieved from /home/airflow/.local/lib/python3.7/site-packages/airflow/example_dags/example_branch_operator_decorator.py
[2024-12-03T15:19:28.746+0000] {logging_mixin.py:120} INFO - [2024-12-03T15:19:28.745+0000] {dag.py:2585} INFO - Sync 1 DAGs
[2024-12-03T15:19:28.802+0000] {logging_mixin.py:120} INFO - [2024-12-03T15:19:28.801+0000] {dag.py:3340} INFO - Setting next_dagrun for example_branch_python_operator_decorator to 2024-12-02T00:00:00+00:00, run_after=2024-12-03T00:00:00+00:00
[2024-12-03T15:19:28.859+0000] {processor.py:176} INFO - Processing /home/airflow/.local/lib/python3.7/site-packages/airflow/example_dags/example_branch_operator_decorator.py took 0.354 seconds
[2024-12-03T15:19:59.398+0000] {processor.py:154} INFO - Started process (PID=295) to work on /home/airflow/.local/lib/python3.7/site-packages/airflow/example_dags/example_branch_operator_decorator.py
[2024-12-03T15:19:59.399+0000] {processor.py:756} INFO - Processing file /home/airflow/.local/lib/python3.7/site-packages/airflow/example_dags/example_branch_operator_decorator.py for tasks to queue
[2024-12-03T15:19:59.401+0000] {logging_mixin.py:120} INFO - [2024-12-03T15:19:59.400+0000] {dagbag.py:537} INFO - Filling up the DagBag from /home/airflow/.local/lib/python3.7/site-packages/airflow/example_dags/example_branch_operator_decorator.py
[2024-12-03T15:19:59.431+0000] {processor.py:766} INFO - DAG(s) dict_keys(['example_branch_python_operator_decorator']) retrieved from /home/airflow/.local/lib/python3.7/site-packages/airflow/example_dags/example_branch_operator_decorator.py
[2024-12-03T15:19:59.494+0000] {logging_mixin.py:120} INFO - [2024-12-03T15:19:59.494+0000] {dag.py:2585} INFO - Sync 1 DAGs
[2024-12-03T15:19:59.534+0000] {logging_mixin.py:120} INFO - [2024-12-03T15:19:59.534+0000] {dag.py:3340} INFO - Setting next_dagrun for example_branch_python_operator_decorator to 2024-12-02T00:00:00+00:00, run_after=2024-12-03T00:00:00+00:00
[2024-12-03T15:19:59.574+0000] {processor.py:176} INFO - Processing /home/airflow/.local/lib/python3.7/site-packages/airflow/example_dags/example_branch_operator_decorator.py took 0.180 seconds
[2024-12-03T15:20:29.905+0000] {processor.py:154} INFO - Started process (PID=350) to work on /home/airflow/.local/lib/python3.7/site-packages/airflow/example_dags/example_branch_operator_decorator.py
[2024-12-03T15:20:29.907+0000] {processor.py:756} INFO - Processing file /home/airflow/.local/lib/python3.7/site-packages/airflow/example_dags/example_branch_operator_decorator.py for tasks to queue
[2024-12-03T15:20:29.909+0000] {logging_mixin.py:120} INFO - [2024-12-03T15:20:29.909+0000] {dagbag.py:537} INFO - Filling up the DagBag from /home/airflow/.local/lib/python3.7/site-packages/airflow/example_dags/example_branch_operator_decorator.py
[2024-12-03T15:20:29.957+0000] {processor.py:766} INFO - DAG(s) dict_keys(['example_branch_python_operator_decorator']) retrieved from /home/airflow/.local/lib/python3.7/site-packages/airflow/example_dags/example_branch_operator_decorator.py
[2024-12-03T15:20:30.057+0000] {logging_mixin.py:120} INFO - [2024-12-03T15:20:30.057+0000] {dag.py:2585} INFO - Sync 1 DAGs
[2024-12-03T15:20:30.126+0000] {logging_mixin.py:120} INFO - [2024-12-03T15:20:30.125+0000] {dag.py:3340} INFO - Setting next_dagrun for example_branch_python_operator_decorator to 2024-12-02T00:00:00+00:00, run_after=2024-12-03T00:00:00+00:00
[2024-12-03T15:20:30.177+0000] {processor.py:176} INFO - Processing /home/airflow/.local/lib/python3.7/site-packages/airflow/example_dags/example_branch_operator_decorator.py took 0.278 seconds
[2024-12-03T15:21:00.940+0000] {processor.py:154} INFO - Started process (PID=415) to work on /home/airflow/.local/lib/python3.7/site-packages/airflow/example_dags/example_branch_operator_decorator.py
[2024-12-03T15:21:00.942+0000] {processor.py:756} INFO - Processing file /home/airflow/.local/lib/python3.7/site-packages/airflow/example_dags/example_branch_operator_decorator.py for tasks to queue
[2024-12-03T15:21:00.945+0000] {logging_mixin.py:120} INFO - [2024-12-03T15:21:00.944+0000] {dagbag.py:537} INFO - Filling up the DagBag from /home/airflow/.local/lib/python3.7/site-packages/airflow/example_dags/example_branch_operator_decorator.py
[2024-12-03T15:21:01.037+0000] {processor.py:766} INFO - DAG(s) dict_keys(['example_branch_python_operator_decorator']) retrieved from /home/airflow/.local/lib/python3.7/site-packages/airflow/example_dags/example_branch_operator_decorator.py
[2024-12-03T15:21:01.247+0000] {logging_mixin.py:120} INFO - [2024-12-03T15:21:01.247+0000] {dag.py:2585} INFO - Sync 1 DAGs
[2024-12-03T15:21:01.420+0000] {logging_mixin.py:120} INFO - [2024-12-03T15:21:01.420+0000] {dag.py:3340} INFO - Setting next_dagrun for example_branch_python_operator_decorator to 2024-12-02T00:00:00+00:00, run_after=2024-12-03T00:00:00+00:00
[2024-12-03T15:21:01.519+0000] {processor.py:176} INFO - Processing /home/airflow/.local/lib/python3.7/site-packages/airflow/example_dags/example_branch_operator_decorator.py took 0.588 seconds
[2024-12-03T15:21:32.442+0000] {processor.py:154} INFO - Started process (PID=471) to work on /home/airflow/.local/lib/python3.7/site-packages/airflow/example_dags/example_branch_operator_decorator.py
[2024-12-03T15:21:32.443+0000] {processor.py:756} INFO - Processing file /home/airflow/.local/lib/python3.7/site-packages/airflow/example_dags/example_branch_operator_decorator.py for tasks to queue
[2024-12-03T15:21:32.445+0000] {logging_mixin.py:120} INFO - [2024-12-03T15:21:32.445+0000] {dagbag.py:537} INFO - Filling up the DagBag from /home/airflow/.local/lib/python3.7/site-packages/airflow/example_dags/example_branch_operator_decorator.py
[2024-12-03T15:21:32.482+0000] {processor.py:766} INFO - DAG(s) dict_keys(['example_branch_python_operator_decorator']) retrieved from /home/airflow/.local/lib/python3.7/site-packages/airflow/example_dags/example_branch_operator_decorator.py
[2024-12-03T15:21:32.553+0000] {logging_mixin.py:120} INFO - [2024-12-03T15:21:32.552+0000] {dag.py:2585} INFO - Sync 1 DAGs
[2024-12-03T15:21:32.619+0000] {logging_mixin.py:120} INFO - [2024-12-03T15:21:32.618+0000] {dag.py:3340} INFO - Setting next_dagrun for example_branch_python_operator_decorator to 2024-12-02T00:00:00+00:00, run_after=2024-12-03T00:00:00+00:00
[2024-12-03T15:21:32.694+0000] {processor.py:176} INFO - Processing /home/airflow/.local/lib/python3.7/site-packages/airflow/example_dags/example_branch_operator_decorator.py took 0.256 seconds
[2024-12-03T15:22:03.457+0000] {processor.py:154} INFO - Started process (PID=526) to work on /home/airflow/.local/lib/python3.7/site-packages/airflow/example_dags/example_branch_operator_decorator.py
[2024-12-03T15:22:03.459+0000] {processor.py:756} INFO - Processing file /home/airflow/.local/lib/python3.7/site-packages/airflow/example_dags/example_branch_operator_decorator.py for tasks to queue
[2024-12-03T15:22:03.462+0000] {logging_mixin.py:120} INFO - [2024-12-03T15:22:03.461+0000] {dagbag.py:537} INFO - Filling up the DagBag from /home/airflow/.local/lib/python3.7/site-packages/airflow/example_dags/example_branch_operator_decorator.py
[2024-12-03T15:22:03.559+0000] {processor.py:766} INFO - DAG(s) dict_keys(['example_branch_python_operator_decorator']) retrieved from /home/airflow/.local/lib/python3.7/site-packages/airflow/example_dags/example_branch_operator_decorator.py
[2024-12-03T15:22:03.757+0000] {logging_mixin.py:120} INFO - [2024-12-03T15:22:03.756+0000] {dag.py:2585} INFO - Sync 1 DAGs
[2024-12-03T15:22:03.847+0000] {logging_mixin.py:120} INFO - [2024-12-03T15:22:03.846+0000] {dag.py:3340} INFO - Setting next_dagrun for example_branch_python_operator_decorator to 2024-12-02T00:00:00+00:00, run_after=2024-12-03T00:00:00+00:00
[2024-12-03T15:22:03.932+0000] {processor.py:176} INFO - Processing /home/airflow/.local/lib/python3.7/site-packages/airflow/example_dags/example_branch_operator_decorator.py took 0.483 seconds
[2024-12-03T15:22:34.537+0000] {processor.py:154} INFO - Started process (PID=591) to work on /home/airflow/.local/lib/python3.7/site-packages/airflow/example_dags/example_branch_operator_decorator.py
[2024-12-03T15:22:34.539+0000] {processor.py:756} INFO - Processing file /home/airflow/.local/lib/python3.7/site-packages/airflow/example_dags/example_branch_operator_decorator.py for tasks to queue
[2024-12-03T15:22:34.542+0000] {logging_mixin.py:120} INFO - [2024-12-03T15:22:34.542+0000] {dagbag.py:537} INFO - Filling up the DagBag from /home/airflow/.local/lib/python3.7/site-packages/airflow/example_dags/example_branch_operator_decorator.py
[2024-12-03T15:22:34.613+0000] {processor.py:766} INFO - DAG(s) dict_keys(['example_branch_python_operator_decorator']) retrieved from /home/airflow/.local/lib/python3.7/site-packages/airflow/example_dags/example_branch_operator_decorator.py
[2024-12-03T15:22:34.705+0000] {logging_mixin.py:120} INFO - [2024-12-03T15:22:34.704+0000] {dag.py:2585} INFO - Sync 1 DAGs
[2024-12-03T15:22:34.772+0000] {logging_mixin.py:120} INFO - [2024-12-03T15:22:34.771+0000] {dag.py:3340} INFO - Setting next_dagrun for example_branch_python_operator_decorator to 2024-12-02T00:00:00+00:00, run_after=2024-12-03T00:00:00+00:00
[2024-12-03T15:22:34.818+0000] {processor.py:176} INFO - Processing /home/airflow/.local/lib/python3.7/site-packages/airflow/example_dags/example_branch_operator_decorator.py took 0.287 seconds
[2024-12-03T15:23:05.000+0000] {processor.py:154} INFO - Started process (PID=646) to work on /home/airflow/.local/lib/python3.7/site-packages/airflow/example_dags/example_branch_operator_decorator.py
[2024-12-03T15:23:05.002+0000] {processor.py:756} INFO - Processing file /home/airflow/.local/lib/python3.7/site-packages/airflow/example_dags/example_branch_operator_decorator.py for tasks to queue
[2024-12-03T15:23:05.004+0000] {logging_mixin.py:120} INFO - [2024-12-03T15:23:05.004+0000] {dagbag.py:537} INFO - Filling up the DagBag from /home/airflow/.local/lib/python3.7/site-packages/airflow/example_dags/example_branch_operator_decorator.py
[2024-12-03T15:23:05.055+0000] {processor.py:766} INFO - DAG(s) dict_keys(['example_branch_python_operator_decorator']) retrieved from /home/airflow/.local/lib/python3.7/site-packages/airflow/example_dags/example_branch_operator_decorator.py
[2024-12-03T15:23:05.163+0000] {logging_mixin.py:120} INFO - [2024-12-03T15:23:05.163+0000] {dag.py:2585} INFO - Sync 1 DAGs
[2024-12-03T15:23:05.231+0000] {logging_mixin.py:120} INFO - [2024-12-03T15:23:05.231+0000] {dag.py:3340} INFO - Setting next_dagrun for example_branch_python_operator_decorator to 2024-12-02T00:00:00+00:00, run_after=2024-12-03T00:00:00+00:00
[2024-12-03T15:23:05.281+0000] {processor.py:176} INFO - Processing /home/airflow/.local/lib/python3.7/site-packages/airflow/example_dags/example_branch_operator_decorator.py took 0.290 seconds
[2024-12-03T15:23:35.969+0000] {processor.py:154} INFO - Started process (PID=710) to work on /home/airflow/.local/lib/python3.7/site-packages/airflow/example_dags/example_branch_operator_decorator.py
[2024-12-03T15:23:35.971+0000] {processor.py:756} INFO - Processing file /home/airflow/.local/lib/python3.7/site-packages/airflow/example_dags/example_branch_operator_decorator.py for tasks to queue
[2024-12-03T15:23:35.973+0000] {logging_mixin.py:120} INFO - [2024-12-03T15:23:35.973+0000] {dagbag.py:537} INFO - Filling up the DagBag from /home/airflow/.local/lib/python3.7/site-packages/airflow/example_dags/example_branch_operator_decorator.py
[2024-12-03T15:23:36.020+0000] {processor.py:766} INFO - DAG(s) dict_keys(['example_branch_python_operator_decorator']) retrieved from /home/airflow/.local/lib/python3.7/site-packages/airflow/example_dags/example_branch_operator_decorator.py
[2024-12-03T15:23:36.096+0000] {logging_mixin.py:120} INFO - [2024-12-03T15:23:36.096+0000] {dag.py:2585} INFO - Sync 1 DAGs
[2024-12-03T15:23:36.160+0000] {logging_mixin.py:120} INFO - [2024-12-03T15:23:36.160+0000] {dag.py:3340} INFO - Setting next_dagrun for example_branch_python_operator_decorator to 2024-12-02T00:00:00+00:00, run_after=2024-12-03T00:00:00+00:00
[2024-12-03T15:23:36.209+0000] {processor.py:176} INFO - Processing /home/airflow/.local/lib/python3.7/site-packages/airflow/example_dags/example_branch_operator_decorator.py took 0.244 seconds
[2024-12-03T15:24:06.708+0000] {processor.py:154} INFO - Started process (PID=765) to work on /home/airflow/.local/lib/python3.7/site-packages/airflow/example_dags/example_branch_operator_decorator.py
[2024-12-03T15:24:06.710+0000] {processor.py:756} INFO - Processing file /home/airflow/.local/lib/python3.7/site-packages/airflow/example_dags/example_branch_operator_decorator.py for tasks to queue
[2024-12-03T15:24:06.712+0000] {logging_mixin.py:120} INFO - [2024-12-03T15:24:06.712+0000] {dagbag.py:537} INFO - Filling up the DagBag from /home/airflow/.local/lib/python3.7/site-packages/airflow/example_dags/example_branch_operator_decorator.py
[2024-12-03T15:24:06.766+0000] {processor.py:766} INFO - DAG(s) dict_keys(['example_branch_python_operator_decorator']) retrieved from /home/airflow/.local/lib/python3.7/site-packages/airflow/example_dags/example_branch_operator_decorator.py
[2024-12-03T15:24:06.856+0000] {logging_mixin.py:120} INFO - [2024-12-03T15:24:06.855+0000] {dag.py:2585} INFO - Sync 1 DAGs
[2024-12-03T15:24:06.908+0000] {logging_mixin.py:120} INFO - [2024-12-03T15:24:06.908+0000] {dag.py:3340} INFO - Setting next_dagrun for example_branch_python_operator_decorator to 2024-12-02T00:00:00+00:00, run_after=2024-12-03T00:00:00+00:00
[2024-12-03T15:24:06.948+0000] {processor.py:176} INFO - Processing /home/airflow/.local/lib/python3.7/site-packages/airflow/example_dags/example_branch_operator_decorator.py took 0.245 seconds
[2024-12-03T15:24:37.379+0000] {processor.py:154} INFO - Started process (PID=829) to work on /home/airflow/.local/lib/python3.7/site-packages/airflow/example_dags/example_branch_operator_decorator.py
[2024-12-03T15:24:37.381+0000] {processor.py:756} INFO - Processing file /home/airflow/.local/lib/python3.7/site-packages/airflow/example_dags/example_branch_operator_decorator.py for tasks to queue
[2024-12-03T15:24:37.385+0000] {logging_mixin.py:120} INFO - [2024-12-03T15:24:37.384+0000] {dagbag.py:537} INFO - Filling up the DagBag from /home/airflow/.local/lib/python3.7/site-packages/airflow/example_dags/example_branch_operator_decorator.py
[2024-12-03T15:24:37.446+0000] {processor.py:766} INFO - DAG(s) dict_keys(['example_branch_python_operator_decorator']) retrieved from /home/airflow/.local/lib/python3.7/site-packages/airflow/example_dags/example_branch_operator_decorator.py
[2024-12-03T15:24:37.535+0000] {logging_mixin.py:120} INFO - [2024-12-03T15:24:37.535+0000] {dag.py:2585} INFO - Sync 1 DAGs
[2024-12-03T15:24:37.604+0000] {logging_mixin.py:120} INFO - [2024-12-03T15:24:37.604+0000] {dag.py:3340} INFO - Setting next_dagrun for example_branch_python_operator_decorator to 2024-12-02T00:00:00+00:00, run_after=2024-12-03T00:00:00+00:00
[2024-12-03T15:24:37.660+0000] {processor.py:176} INFO - Processing /home/airflow/.local/lib/python3.7/site-packages/airflow/example_dags/example_branch_operator_decorator.py took 0.286 seconds
[2024-12-03T15:25:08.270+0000] {processor.py:154} INFO - Started process (PID=884) to work on /home/airflow/.local/lib/python3.7/site-packages/airflow/example_dags/example_branch_operator_decorator.py
[2024-12-03T15:25:08.272+0000] {processor.py:756} INFO - Processing file /home/airflow/.local/lib/python3.7/site-packages/airflow/example_dags/example_branch_operator_decorator.py for tasks to queue
[2024-12-03T15:25:08.274+0000] {logging_mixin.py:120} INFO - [2024-12-03T15:25:08.273+0000] {dagbag.py:537} INFO - Filling up the DagBag from /home/airflow/.local/lib/python3.7/site-packages/airflow/example_dags/example_branch_operator_decorator.py
[2024-12-03T15:25:08.314+0000] {processor.py:766} INFO - DAG(s) dict_keys(['example_branch_python_operator_decorator']) retrieved from /home/airflow/.local/lib/python3.7/site-packages/airflow/example_dags/example_branch_operator_decorator.py
[2024-12-03T15:25:08.404+0000] {logging_mixin.py:120} INFO - [2024-12-03T15:25:08.404+0000] {dag.py:2585} INFO - Sync 1 DAGs
[2024-12-03T15:25:08.472+0000] {logging_mixin.py:120} INFO - [2024-12-03T15:25:08.472+0000] {dag.py:3340} INFO - Setting next_dagrun for example_branch_python_operator_decorator to 2024-12-02T00:00:00+00:00, run_after=2024-12-03T00:00:00+00:00
[2024-12-03T15:25:08.512+0000] {processor.py:176} INFO - Processing /home/airflow/.local/lib/python3.7/site-packages/airflow/example_dags/example_branch_operator_decorator.py took 0.247 seconds
[2024-12-03T15:25:38.987+0000] {processor.py:154} INFO - Started process (PID=946) to work on /home/airflow/.local/lib/python3.7/site-packages/airflow/example_dags/example_branch_operator_decorator.py
[2024-12-03T15:25:38.990+0000] {processor.py:756} INFO - Processing file /home/airflow/.local/lib/python3.7/site-packages/airflow/example_dags/example_branch_operator_decorator.py for tasks to queue
[2024-12-03T15:25:38.992+0000] {logging_mixin.py:120} INFO - [2024-12-03T15:25:38.992+0000] {dagbag.py:537} INFO - Filling up the DagBag from /home/airflow/.local/lib/python3.7/site-packages/airflow/example_dags/example_branch_operator_decorator.py
[2024-12-03T15:25:39.074+0000] {processor.py:766} INFO - DAG(s) dict_keys(['example_branch_python_operator_decorator']) retrieved from /home/airflow/.local/lib/python3.7/site-packages/airflow/example_dags/example_branch_operator_decorator.py
[2024-12-03T15:25:39.216+0000] {logging_mixin.py:120} INFO - [2024-12-03T15:25:39.216+0000] {dag.py:2585} INFO - Sync 1 DAGs
[2024-12-03T15:25:39.308+0000] {logging_mixin.py:120} INFO - [2024-12-03T15:25:39.308+0000] {dag.py:3340} INFO - Setting next_dagrun for example_branch_python_operator_decorator to 2024-12-02T00:00:00+00:00, run_after=2024-12-03T00:00:00+00:00
[2024-12-03T15:25:39.382+0000] {processor.py:176} INFO - Processing /home/airflow/.local/lib/python3.7/site-packages/airflow/example_dags/example_branch_operator_decorator.py took 0.404 seconds
[2024-12-03T15:26:09.896+0000] {processor.py:154} INFO - Started process (PID=1003) to work on /home/airflow/.local/lib/python3.7/site-packages/airflow/example_dags/example_branch_operator_decorator.py
[2024-12-03T15:26:09.897+0000] {processor.py:756} INFO - Processing file /home/airflow/.local/lib/python3.7/site-packages/airflow/example_dags/example_branch_operator_decorator.py for tasks to queue
[2024-12-03T15:26:09.899+0000] {logging_mixin.py:120} INFO - [2024-12-03T15:26:09.899+0000] {dagbag.py:537} INFO - Filling up the DagBag from /home/airflow/.local/lib/python3.7/site-packages/airflow/example_dags/example_branch_operator_decorator.py
[2024-12-03T15:26:09.941+0000] {processor.py:766} INFO - DAG(s) dict_keys(['example_branch_python_operator_decorator']) retrieved from /home/airflow/.local/lib/python3.7/site-packages/airflow/example_dags/example_branch_operator_decorator.py
[2024-12-03T15:26:10.033+0000] {logging_mixin.py:120} INFO - [2024-12-03T15:26:10.032+0000] {dag.py:2585} INFO - Sync 1 DAGs
[2024-12-03T15:26:10.087+0000] {logging_mixin.py:120} INFO - [2024-12-03T15:26:10.087+0000] {dag.py:3340} INFO - Setting next_dagrun for example_branch_python_operator_decorator to 2024-12-02T00:00:00+00:00, run_after=2024-12-03T00:00:00+00:00
[2024-12-03T15:26:10.132+0000] {processor.py:176} INFO - Processing /home/airflow/.local/lib/python3.7/site-packages/airflow/example_dags/example_branch_operator_decorator.py took 0.244 seconds
[2024-12-03T15:26:40.496+0000] {processor.py:154} INFO - Started process (PID=1058) to work on /home/airflow/.local/lib/python3.7/site-packages/airflow/example_dags/example_branch_operator_decorator.py
[2024-12-03T15:26:40.499+0000] {processor.py:756} INFO - Processing file /home/airflow/.local/lib/python3.7/site-packages/airflow/example_dags/example_branch_operator_decorator.py for tasks to queue
[2024-12-03T15:26:40.501+0000] {logging_mixin.py:120} INFO - [2024-12-03T15:26:40.500+0000] {dagbag.py:537} INFO - Filling up the DagBag from /home/airflow/.local/lib/python3.7/site-packages/airflow/example_dags/example_branch_operator_decorator.py
[2024-12-03T15:26:40.545+0000] {processor.py:766} INFO - DAG(s) dict_keys(['example_branch_python_operator_decorator']) retrieved from /home/airflow/.local/lib/python3.7/site-packages/airflow/example_dags/example_branch_operator_decorator.py
[2024-12-03T15:26:40.620+0000] {logging_mixin.py:120} INFO - [2024-12-03T15:26:40.620+0000] {dag.py:2585} INFO - Sync 1 DAGs
[2024-12-03T15:26:40.667+0000] {logging_mixin.py:120} INFO - [2024-12-03T15:26:40.666+0000] {dag.py:3340} INFO - Setting next_dagrun for example_branch_python_operator_decorator to 2024-12-02T00:00:00+00:00, run_after=2024-12-03T00:00:00+00:00
[2024-12-03T15:26:40.710+0000] {processor.py:176} INFO - Processing /home/airflow/.local/lib/python3.7/site-packages/airflow/example_dags/example_branch_operator_decorator.py took 0.220 seconds
[2024-12-03T15:27:10.860+0000] {processor.py:154} INFO - Started process (PID=1123) to work on /home/airflow/.local/lib/python3.7/site-packages/airflow/example_dags/example_branch_operator_decorator.py
[2024-12-03T15:27:10.861+0000] {processor.py:756} INFO - Processing file /home/airflow/.local/lib/python3.7/site-packages/airflow/example_dags/example_branch_operator_decorator.py for tasks to queue
[2024-12-03T15:27:10.863+0000] {logging_mixin.py:120} INFO - [2024-12-03T15:27:10.863+0000] {dagbag.py:537} INFO - Filling up the DagBag from /home/airflow/.local/lib/python3.7/site-packages/airflow/example_dags/example_branch_operator_decorator.py
[2024-12-03T15:27:10.914+0000] {processor.py:766} INFO - DAG(s) dict_keys(['example_branch_python_operator_decorator']) retrieved from /home/airflow/.local/lib/python3.7/site-packages/airflow/example_dags/example_branch_operator_decorator.py
[2024-12-03T15:27:10.987+0000] {logging_mixin.py:120} INFO - [2024-12-03T15:27:10.987+0000] {dag.py:2585} INFO - Sync 1 DAGs
[2024-12-03T15:27:11.034+0000] {logging_mixin.py:120} INFO - [2024-12-03T15:27:11.034+0000] {dag.py:3340} INFO - Setting next_dagrun for example_branch_python_operator_decorator to 2024-12-02T00:00:00+00:00, run_after=2024-12-03T00:00:00+00:00
[2024-12-03T15:27:11.080+0000] {processor.py:176} INFO - Processing /home/airflow/.local/lib/python3.7/site-packages/airflow/example_dags/example_branch_operator_decorator.py took 0.226 seconds
[2024-12-03T15:27:41.359+0000] {processor.py:154} INFO - Started process (PID=1178) to work on /home/airflow/.local/lib/python3.7/site-packages/airflow/example_dags/example_branch_operator_decorator.py
[2024-12-03T15:27:41.361+0000] {processor.py:756} INFO - Processing file /home/airflow/.local/lib/python3.7/site-packages/airflow/example_dags/example_branch_operator_decorator.py for tasks to queue
[2024-12-03T15:27:41.362+0000] {logging_mixin.py:120} INFO - [2024-12-03T15:27:41.362+0000] {dagbag.py:537} INFO - Filling up the DagBag from /home/airflow/.local/lib/python3.7/site-packages/airflow/example_dags/example_branch_operator_decorator.py
[2024-12-03T15:27:41.404+0000] {processor.py:766} INFO - DAG(s) dict_keys(['example_branch_python_operator_decorator']) retrieved from /home/airflow/.local/lib/python3.7/site-packages/airflow/example_dags/example_branch_operator_decorator.py
[2024-12-03T15:27:41.481+0000] {logging_mixin.py:120} INFO - [2024-12-03T15:27:41.481+0000] {dag.py:2585} INFO - Sync 1 DAGs
[2024-12-03T15:27:41.532+0000] {logging_mixin.py:120} INFO - [2024-12-03T15:27:41.532+0000] {dag.py:3340} INFO - Setting next_dagrun for example_branch_python_operator_decorator to 2024-12-02T00:00:00+00:00, run_after=2024-12-03T00:00:00+00:00
[2024-12-03T15:27:41.578+0000] {processor.py:176} INFO - Processing /home/airflow/.local/lib/python3.7/site-packages/airflow/example_dags/example_branch_operator_decorator.py took 0.225 seconds
[2024-12-03T15:28:11.905+0000] {processor.py:154} INFO - Started process (PID=1240) to work on /home/airflow/.local/lib/python3.7/site-packages/airflow/example_dags/example_branch_operator_decorator.py
[2024-12-03T15:28:11.907+0000] {processor.py:756} INFO - Processing file /home/airflow/.local/lib/python3.7/site-packages/airflow/example_dags/example_branch_operator_decorator.py for tasks to queue
[2024-12-03T15:28:11.910+0000] {logging_mixin.py:120} INFO - [2024-12-03T15:28:11.909+0000] {dagbag.py:537} INFO - Filling up the DagBag from /home/airflow/.local/lib/python3.7/site-packages/airflow/example_dags/example_branch_operator_decorator.py
[2024-12-03T15:28:11.954+0000] {processor.py:766} INFO - DAG(s) dict_keys(['example_branch_python_operator_decorator']) retrieved from /home/airflow/.local/lib/python3.7/site-packages/airflow/example_dags/example_branch_operator_decorator.py
[2024-12-03T15:28:12.041+0000] {logging_mixin.py:120} INFO - [2024-12-03T15:28:12.040+0000] {dag.py:2585} INFO - Sync 1 DAGs
[2024-12-03T15:28:12.103+0000] {logging_mixin.py:120} INFO - [2024-12-03T15:28:12.102+0000] {dag.py:3340} INFO - Setting next_dagrun for example_branch_python_operator_decorator to 2024-12-02T00:00:00+00:00, run_after=2024-12-03T00:00:00+00:00
[2024-12-03T15:28:12.158+0000] {processor.py:176} INFO - Processing /home/airflow/.local/lib/python3.7/site-packages/airflow/example_dags/example_branch_operator_decorator.py took 0.259 seconds
[2024-12-03T15:28:42.590+0000] {processor.py:154} INFO - Started process (PID=1297) to work on /home/airflow/.local/lib/python3.7/site-packages/airflow/example_dags/example_branch_operator_decorator.py
[2024-12-03T15:28:42.592+0000] {processor.py:756} INFO - Processing file /home/airflow/.local/lib/python3.7/site-packages/airflow/example_dags/example_branch_operator_decorator.py for tasks to queue
[2024-12-03T15:28:42.594+0000] {logging_mixin.py:120} INFO - [2024-12-03T15:28:42.593+0000] {dagbag.py:537} INFO - Filling up the DagBag from /home/airflow/.local/lib/python3.7/site-packages/airflow/example_dags/example_branch_operator_decorator.py
[2024-12-03T15:28:42.662+0000] {processor.py:766} INFO - DAG(s) dict_keys(['example_branch_python_operator_decorator']) retrieved from /home/airflow/.local/lib/python3.7/site-packages/airflow/example_dags/example_branch_operator_decorator.py
[2024-12-03T15:28:42.763+0000] {logging_mixin.py:120} INFO - [2024-12-03T15:28:42.762+0000] {dag.py:2585} INFO - Sync 1 DAGs
[2024-12-03T15:28:42.837+0000] {logging_mixin.py:120} INFO - [2024-12-03T15:28:42.836+0000] {dag.py:3340} INFO - Setting next_dagrun for example_branch_python_operator_decorator to 2024-12-02T00:00:00+00:00, run_after=2024-12-03T00:00:00+00:00
[2024-12-03T15:28:42.877+0000] {processor.py:176} INFO - Processing /home/airflow/.local/lib/python3.7/site-packages/airflow/example_dags/example_branch_operator_decorator.py took 0.293 seconds
[2024-12-03T15:29:13.123+0000] {processor.py:154} INFO - Started process (PID=1352) to work on /home/airflow/.local/lib/python3.7/site-packages/airflow/example_dags/example_branch_operator_decorator.py
[2024-12-03T15:29:13.125+0000] {processor.py:756} INFO - Processing file /home/airflow/.local/lib/python3.7/site-packages/airflow/example_dags/example_branch_operator_decorator.py for tasks to queue
[2024-12-03T15:29:13.128+0000] {logging_mixin.py:120} INFO - [2024-12-03T15:29:13.128+0000] {dagbag.py:537} INFO - Filling up the DagBag from /home/airflow/.local/lib/python3.7/site-packages/airflow/example_dags/example_branch_operator_decorator.py
[2024-12-03T15:29:13.174+0000] {processor.py:766} INFO - DAG(s) dict_keys(['example_branch_python_operator_decorator']) retrieved from /home/airflow/.local/lib/python3.7/site-packages/airflow/example_dags/example_branch_operator_decorator.py
[2024-12-03T15:29:13.251+0000] {logging_mixin.py:120} INFO - [2024-12-03T15:29:13.251+0000] {dag.py:2585} INFO - Sync 1 DAGs
[2024-12-03T15:29:13.327+0000] {logging_mixin.py:120} INFO - [2024-12-03T15:29:13.327+0000] {dag.py:3340} INFO - Setting next_dagrun for example_branch_python_operator_decorator to 2024-12-02T00:00:00+00:00, run_after=2024-12-03T00:00:00+00:00
[2024-12-03T15:29:13.379+0000] {processor.py:176} INFO - Processing /home/airflow/.local/lib/python3.7/site-packages/airflow/example_dags/example_branch_operator_decorator.py took 0.263 seconds
[2024-12-03T15:29:43.705+0000] {processor.py:154} INFO - Started process (PID=1416) to work on /home/airflow/.local/lib/python3.7/site-packages/airflow/example_dags/example_branch_operator_decorator.py
[2024-12-03T15:29:43.708+0000] {processor.py:756} INFO - Processing file /home/airflow/.local/lib/python3.7/site-packages/airflow/example_dags/example_branch_operator_decorator.py for tasks to queue
[2024-12-03T15:29:43.710+0000] {logging_mixin.py:120} INFO - [2024-12-03T15:29:43.710+0000] {dagbag.py:537} INFO - Filling up the DagBag from /home/airflow/.local/lib/python3.7/site-packages/airflow/example_dags/example_branch_operator_decorator.py
[2024-12-03T15:29:43.757+0000] {processor.py:766} INFO - DAG(s) dict_keys(['example_branch_python_operator_decorator']) retrieved from /home/airflow/.local/lib/python3.7/site-packages/airflow/example_dags/example_branch_operator_decorator.py
[2024-12-03T15:29:43.837+0000] {logging_mixin.py:120} INFO - [2024-12-03T15:29:43.837+0000] {dag.py:2585} INFO - Sync 1 DAGs
[2024-12-03T15:29:43.908+0000] {logging_mixin.py:120} INFO - [2024-12-03T15:29:43.907+0000] {dag.py:3340} INFO - Setting next_dagrun for example_branch_python_operator_decorator to 2024-12-02T00:00:00+00:00, run_after=2024-12-03T00:00:00+00:00
[2024-12-03T15:29:43.957+0000] {processor.py:176} INFO - Processing /home/airflow/.local/lib/python3.7/site-packages/airflow/example_dags/example_branch_operator_decorator.py took 0.261 seconds
[2024-12-03T15:30:14.494+0000] {processor.py:154} INFO - Started process (PID=1471) to work on /home/airflow/.local/lib/python3.7/site-packages/airflow/example_dags/example_branch_operator_decorator.py
[2024-12-03T15:30:14.496+0000] {processor.py:756} INFO - Processing file /home/airflow/.local/lib/python3.7/site-packages/airflow/example_dags/example_branch_operator_decorator.py for tasks to queue
[2024-12-03T15:30:14.498+0000] {logging_mixin.py:120} INFO - [2024-12-03T15:30:14.498+0000] {dagbag.py:537} INFO - Filling up the DagBag from /home/airflow/.local/lib/python3.7/site-packages/airflow/example_dags/example_branch_operator_decorator.py
[2024-12-03T15:30:14.538+0000] {processor.py:766} INFO - DAG(s) dict_keys(['example_branch_python_operator_decorator']) retrieved from /home/airflow/.local/lib/python3.7/site-packages/airflow/example_dags/example_branch_operator_decorator.py
[2024-12-03T15:30:14.622+0000] {logging_mixin.py:120} INFO - [2024-12-03T15:30:14.622+0000] {dag.py:2585} INFO - Sync 1 DAGs
[2024-12-03T15:30:14.693+0000] {logging_mixin.py:120} INFO - [2024-12-03T15:30:14.693+0000] {dag.py:3340} INFO - Setting next_dagrun for example_branch_python_operator_decorator to 2024-12-02T00:00:00+00:00, run_after=2024-12-03T00:00:00+00:00
[2024-12-03T15:30:14.745+0000] {processor.py:176} INFO - Processing /home/airflow/.local/lib/python3.7/site-packages/airflow/example_dags/example_branch_operator_decorator.py took 0.257 seconds
[2024-12-03T15:30:45.245+0000] {processor.py:154} INFO - Started process (PID=1536) to work on /home/airflow/.local/lib/python3.7/site-packages/airflow/example_dags/example_branch_operator_decorator.py
[2024-12-03T15:30:45.247+0000] {processor.py:756} INFO - Processing file /home/airflow/.local/lib/python3.7/site-packages/airflow/example_dags/example_branch_operator_decorator.py for tasks to queue
[2024-12-03T15:30:45.249+0000] {logging_mixin.py:120} INFO - [2024-12-03T15:30:45.249+0000] {dagbag.py:537} INFO - Filling up the DagBag from /home/airflow/.local/lib/python3.7/site-packages/airflow/example_dags/example_branch_operator_decorator.py
[2024-12-03T15:30:45.290+0000] {processor.py:766} INFO - DAG(s) dict_keys(['example_branch_python_operator_decorator']) retrieved from /home/airflow/.local/lib/python3.7/site-packages/airflow/example_dags/example_branch_operator_decorator.py
[2024-12-03T15:30:45.359+0000] {logging_mixin.py:120} INFO - [2024-12-03T15:30:45.359+0000] {dag.py:2585} INFO - Sync 1 DAGs
[2024-12-03T15:30:45.405+0000] {logging_mixin.py:120} INFO - [2024-12-03T15:30:45.405+0000] {dag.py:3340} INFO - Setting next_dagrun for example_branch_python_operator_decorator to 2024-12-02T00:00:00+00:00, run_after=2024-12-03T00:00:00+00:00
[2024-12-03T15:30:45.445+0000] {processor.py:176} INFO - Processing /home/airflow/.local/lib/python3.7/site-packages/airflow/example_dags/example_branch_operator_decorator.py took 0.203 seconds
[2024-12-03T15:31:15.998+0000] {processor.py:154} INFO - Started process (PID=1591) to work on /home/airflow/.local/lib/python3.7/site-packages/airflow/example_dags/example_branch_operator_decorator.py
[2024-12-03T15:31:16.000+0000] {processor.py:756} INFO - Processing file /home/airflow/.local/lib/python3.7/site-packages/airflow/example_dags/example_branch_operator_decorator.py for tasks to queue
[2024-12-03T15:31:16.002+0000] {logging_mixin.py:120} INFO - [2024-12-03T15:31:16.001+0000] {dagbag.py:537} INFO - Filling up the DagBag from /home/airflow/.local/lib/python3.7/site-packages/airflow/example_dags/example_branch_operator_decorator.py
[2024-12-03T15:31:16.060+0000] {processor.py:766} INFO - DAG(s) dict_keys(['example_branch_python_operator_decorator']) retrieved from /home/airflow/.local/lib/python3.7/site-packages/airflow/example_dags/example_branch_operator_decorator.py
[2024-12-03T15:31:16.142+0000] {logging_mixin.py:120} INFO - [2024-12-03T15:31:16.141+0000] {dag.py:2585} INFO - Sync 1 DAGs
[2024-12-03T15:31:16.191+0000] {logging_mixin.py:120} INFO - [2024-12-03T15:31:16.190+0000] {dag.py:3340} INFO - Setting next_dagrun for example_branch_python_operator_decorator to 2024-12-02T00:00:00+00:00, run_after=2024-12-03T00:00:00+00:00
[2024-12-03T15:31:16.231+0000] {processor.py:176} INFO - Processing /home/airflow/.local/lib/python3.7/site-packages/airflow/example_dags/example_branch_operator_decorator.py took 0.240 seconds
[2024-12-03T15:31:46.917+0000] {processor.py:154} INFO - Started process (PID=1655) to work on /home/airflow/.local/lib/python3.7/site-packages/airflow/example_dags/example_branch_operator_decorator.py
[2024-12-03T15:31:46.919+0000] {processor.py:756} INFO - Processing file /home/airflow/.local/lib/python3.7/site-packages/airflow/example_dags/example_branch_operator_decorator.py for tasks to queue
[2024-12-03T15:31:46.921+0000] {logging_mixin.py:120} INFO - [2024-12-03T15:31:46.921+0000] {dagbag.py:537} INFO - Filling up the DagBag from /home/airflow/.local/lib/python3.7/site-packages/airflow/example_dags/example_branch_operator_decorator.py
[2024-12-03T15:31:46.960+0000] {processor.py:766} INFO - DAG(s) dict_keys(['example_branch_python_operator_decorator']) retrieved from /home/airflow/.local/lib/python3.7/site-packages/airflow/example_dags/example_branch_operator_decorator.py
[2024-12-03T15:31:47.044+0000] {logging_mixin.py:120} INFO - [2024-12-03T15:31:47.044+0000] {dag.py:2585} INFO - Sync 1 DAGs
[2024-12-03T15:31:47.108+0000] {logging_mixin.py:120} INFO - [2024-12-03T15:31:47.107+0000] {dag.py:3340} INFO - Setting next_dagrun for example_branch_python_operator_decorator to 2024-12-02T00:00:00+00:00, run_after=2024-12-03T00:00:00+00:00
[2024-12-03T15:31:47.161+0000] {processor.py:176} INFO - Processing /home/airflow/.local/lib/python3.7/site-packages/airflow/example_dags/example_branch_operator_decorator.py took 0.249 seconds
[2024-12-03T15:32:17.611+0000] {processor.py:154} INFO - Started process (PID=1710) to work on /home/airflow/.local/lib/python3.7/site-packages/airflow/example_dags/example_branch_operator_decorator.py
[2024-12-03T15:32:17.613+0000] {processor.py:756} INFO - Processing file /home/airflow/.local/lib/python3.7/site-packages/airflow/example_dags/example_branch_operator_decorator.py for tasks to queue
[2024-12-03T15:32:17.615+0000] {logging_mixin.py:120} INFO - [2024-12-03T15:32:17.614+0000] {dagbag.py:537} INFO - Filling up the DagBag from /home/airflow/.local/lib/python3.7/site-packages/airflow/example_dags/example_branch_operator_decorator.py
[2024-12-03T15:32:17.651+0000] {processor.py:766} INFO - DAG(s) dict_keys(['example_branch_python_operator_decorator']) retrieved from /home/airflow/.local/lib/python3.7/site-packages/airflow/example_dags/example_branch_operator_decorator.py
[2024-12-03T15:32:17.724+0000] {logging_mixin.py:120} INFO - [2024-12-03T15:32:17.724+0000] {dag.py:2585} INFO - Sync 1 DAGs
[2024-12-03T15:32:17.764+0000] {logging_mixin.py:120} INFO - [2024-12-03T15:32:17.763+0000] {dag.py:3340} INFO - Setting next_dagrun for example_branch_python_operator_decorator to 2024-12-02T00:00:00+00:00, run_after=2024-12-03T00:00:00+00:00
[2024-12-03T15:32:17.817+0000] {processor.py:176} INFO - Processing /home/airflow/.local/lib/python3.7/site-packages/airflow/example_dags/example_branch_operator_decorator.py took 0.213 seconds
[2024-12-03T15:32:48.019+0000] {processor.py:154} INFO - Started process (PID=1774) to work on /home/airflow/.local/lib/python3.7/site-packages/airflow/example_dags/example_branch_operator_decorator.py
[2024-12-03T15:32:48.021+0000] {processor.py:756} INFO - Processing file /home/airflow/.local/lib/python3.7/site-packages/airflow/example_dags/example_branch_operator_decorator.py for tasks to queue
[2024-12-03T15:32:48.023+0000] {logging_mixin.py:120} INFO - [2024-12-03T15:32:48.022+0000] {dagbag.py:537} INFO - Filling up the DagBag from /home/airflow/.local/lib/python3.7/site-packages/airflow/example_dags/example_branch_operator_decorator.py
[2024-12-03T15:32:48.073+0000] {processor.py:766} INFO - DAG(s) dict_keys(['example_branch_python_operator_decorator']) retrieved from /home/airflow/.local/lib/python3.7/site-packages/airflow/example_dags/example_branch_operator_decorator.py
[2024-12-03T15:32:48.153+0000] {logging_mixin.py:120} INFO - [2024-12-03T15:32:48.153+0000] {dag.py:2585} INFO - Sync 1 DAGs
[2024-12-03T15:32:48.225+0000] {logging_mixin.py:120} INFO - [2024-12-03T15:32:48.225+0000] {dag.py:3340} INFO - Setting next_dagrun for example_branch_python_operator_decorator to 2024-12-02T00:00:00+00:00, run_after=2024-12-03T00:00:00+00:00
[2024-12-03T15:32:48.304+0000] {processor.py:176} INFO - Processing /home/airflow/.local/lib/python3.7/site-packages/airflow/example_dags/example_branch_operator_decorator.py took 0.290 seconds
[2024-12-03T15:33:18.400+0000] {processor.py:154} INFO - Started process (PID=1829) to work on /home/airflow/.local/lib/python3.7/site-packages/airflow/example_dags/example_branch_operator_decorator.py
[2024-12-03T15:33:18.402+0000] {processor.py:756} INFO - Processing file /home/airflow/.local/lib/python3.7/site-packages/airflow/example_dags/example_branch_operator_decorator.py for tasks to queue
[2024-12-03T15:33:18.405+0000] {logging_mixin.py:120} INFO - [2024-12-03T15:33:18.405+0000] {dagbag.py:537} INFO - Filling up the DagBag from /home/airflow/.local/lib/python3.7/site-packages/airflow/example_dags/example_branch_operator_decorator.py
[2024-12-03T15:33:18.460+0000] {processor.py:766} INFO - DAG(s) dict_keys(['example_branch_python_operator_decorator']) retrieved from /home/airflow/.local/lib/python3.7/site-packages/airflow/example_dags/example_branch_operator_decorator.py
[2024-12-03T15:33:18.546+0000] {logging_mixin.py:120} INFO - [2024-12-03T15:33:18.545+0000] {dag.py:2585} INFO - Sync 1 DAGs
[2024-12-03T15:33:18.605+0000] {logging_mixin.py:120} INFO - [2024-12-03T15:33:18.605+0000] {dag.py:3340} INFO - Setting next_dagrun for example_branch_python_operator_decorator to 2024-12-02T00:00:00+00:00, run_after=2024-12-03T00:00:00+00:00
[2024-12-03T15:33:18.654+0000] {processor.py:176} INFO - Processing /home/airflow/.local/lib/python3.7/site-packages/airflow/example_dags/example_branch_operator_decorator.py took 0.261 seconds
[2024-12-03T15:33:48.752+0000] {processor.py:154} INFO - Started process (PID=1893) to work on /home/airflow/.local/lib/python3.7/site-packages/airflow/example_dags/example_branch_operator_decorator.py
[2024-12-03T15:33:48.754+0000] {processor.py:756} INFO - Processing file /home/airflow/.local/lib/python3.7/site-packages/airflow/example_dags/example_branch_operator_decorator.py for tasks to queue
[2024-12-03T15:33:48.756+0000] {logging_mixin.py:120} INFO - [2024-12-03T15:33:48.755+0000] {dagbag.py:537} INFO - Filling up the DagBag from /home/airflow/.local/lib/python3.7/site-packages/airflow/example_dags/example_branch_operator_decorator.py
[2024-12-03T15:33:48.805+0000] {processor.py:766} INFO - DAG(s) dict_keys(['example_branch_python_operator_decorator']) retrieved from /home/airflow/.local/lib/python3.7/site-packages/airflow/example_dags/example_branch_operator_decorator.py
[2024-12-03T15:33:48.888+0000] {logging_mixin.py:120} INFO - [2024-12-03T15:33:48.888+0000] {dag.py:2585} INFO - Sync 1 DAGs
[2024-12-03T15:33:49.041+0000] {logging_mixin.py:120} INFO - [2024-12-03T15:33:49.040+0000] {dag.py:3340} INFO - Setting next_dagrun for example_branch_python_operator_decorator to 2024-12-02T00:00:00+00:00, run_after=2024-12-03T00:00:00+00:00
[2024-12-03T15:33:49.092+0000] {processor.py:176} INFO - Processing /home/airflow/.local/lib/python3.7/site-packages/airflow/example_dags/example_branch_operator_decorator.py took 0.346 seconds
[2024-12-03T15:34:19.339+0000] {processor.py:154} INFO - Started process (PID=1948) to work on /home/airflow/.local/lib/python3.7/site-packages/airflow/example_dags/example_branch_operator_decorator.py
[2024-12-03T15:34:19.341+0000] {processor.py:756} INFO - Processing file /home/airflow/.local/lib/python3.7/site-packages/airflow/example_dags/example_branch_operator_decorator.py for tasks to queue
[2024-12-03T15:34:19.343+0000] {logging_mixin.py:120} INFO - [2024-12-03T15:34:19.343+0000] {dagbag.py:537} INFO - Filling up the DagBag from /home/airflow/.local/lib/python3.7/site-packages/airflow/example_dags/example_branch_operator_decorator.py
[2024-12-03T15:34:19.383+0000] {processor.py:766} INFO - DAG(s) dict_keys(['example_branch_python_operator_decorator']) retrieved from /home/airflow/.local/lib/python3.7/site-packages/airflow/example_dags/example_branch_operator_decorator.py
[2024-12-03T15:34:19.466+0000] {logging_mixin.py:120} INFO - [2024-12-03T15:34:19.466+0000] {dag.py:2585} INFO - Sync 1 DAGs
[2024-12-03T15:34:19.520+0000] {logging_mixin.py:120} INFO - [2024-12-03T15:34:19.520+0000] {dag.py:3340} INFO - Setting next_dagrun for example_branch_python_operator_decorator to 2024-12-02T00:00:00+00:00, run_after=2024-12-03T00:00:00+00:00
[2024-12-03T15:34:19.577+0000] {processor.py:176} INFO - Processing /home/airflow/.local/lib/python3.7/site-packages/airflow/example_dags/example_branch_operator_decorator.py took 0.243 seconds
[2024-12-03T15:34:50.058+0000] {processor.py:154} INFO - Started process (PID=2012) to work on /home/airflow/.local/lib/python3.7/site-packages/airflow/example_dags/example_branch_operator_decorator.py
[2024-12-03T15:34:50.061+0000] {processor.py:756} INFO - Processing file /home/airflow/.local/lib/python3.7/site-packages/airflow/example_dags/example_branch_operator_decorator.py for tasks to queue
[2024-12-03T15:34:50.063+0000] {logging_mixin.py:120} INFO - [2024-12-03T15:34:50.062+0000] {dagbag.py:537} INFO - Filling up the DagBag from /home/airflow/.local/lib/python3.7/site-packages/airflow/example_dags/example_branch_operator_decorator.py
[2024-12-03T15:34:50.120+0000] {processor.py:766} INFO - DAG(s) dict_keys(['example_branch_python_operator_decorator']) retrieved from /home/airflow/.local/lib/python3.7/site-packages/airflow/example_dags/example_branch_operator_decorator.py
[2024-12-03T15:34:50.201+0000] {logging_mixin.py:120} INFO - [2024-12-03T15:34:50.201+0000] {dag.py:2585} INFO - Sync 1 DAGs
[2024-12-03T15:34:50.250+0000] {logging_mixin.py:120} INFO - [2024-12-03T15:34:50.249+0000] {dag.py:3340} INFO - Setting next_dagrun for example_branch_python_operator_decorator to 2024-12-02T00:00:00+00:00, run_after=2024-12-03T00:00:00+00:00
[2024-12-03T15:34:50.291+0000] {processor.py:176} INFO - Processing /home/airflow/.local/lib/python3.7/site-packages/airflow/example_dags/example_branch_operator_decorator.py took 0.242 seconds
[2024-12-03T15:35:21.063+0000] {processor.py:154} INFO - Started process (PID=2066) to work on /home/airflow/.local/lib/python3.7/site-packages/airflow/example_dags/example_branch_operator_decorator.py
[2024-12-03T15:35:21.065+0000] {processor.py:756} INFO - Processing file /home/airflow/.local/lib/python3.7/site-packages/airflow/example_dags/example_branch_operator_decorator.py for tasks to queue
[2024-12-03T15:35:21.067+0000] {logging_mixin.py:120} INFO - [2024-12-03T15:35:21.067+0000] {dagbag.py:537} INFO - Filling up the DagBag from /home/airflow/.local/lib/python3.7/site-packages/airflow/example_dags/example_branch_operator_decorator.py
[2024-12-03T15:35:21.111+0000] {processor.py:766} INFO - DAG(s) dict_keys(['example_branch_python_operator_decorator']) retrieved from /home/airflow/.local/lib/python3.7/site-packages/airflow/example_dags/example_branch_operator_decorator.py
[2024-12-03T15:35:21.182+0000] {logging_mixin.py:120} INFO - [2024-12-03T15:35:21.182+0000] {dag.py:2585} INFO - Sync 1 DAGs
[2024-12-03T15:35:21.229+0000] {logging_mixin.py:120} INFO - [2024-12-03T15:35:21.229+0000] {dag.py:3340} INFO - Setting next_dagrun for example_branch_python_operator_decorator to 2024-12-02T00:00:00+00:00, run_after=2024-12-03T00:00:00+00:00
[2024-12-03T15:35:21.268+0000] {processor.py:176} INFO - Processing /home/airflow/.local/lib/python3.7/site-packages/airflow/example_dags/example_branch_operator_decorator.py took 0.211 seconds
[2024-12-03T15:35:51.672+0000] {processor.py:154} INFO - Started process (PID=2128) to work on /home/airflow/.local/lib/python3.7/site-packages/airflow/example_dags/example_branch_operator_decorator.py
[2024-12-03T15:35:51.674+0000] {processor.py:756} INFO - Processing file /home/airflow/.local/lib/python3.7/site-packages/airflow/example_dags/example_branch_operator_decorator.py for tasks to queue
[2024-12-03T15:35:51.676+0000] {logging_mixin.py:120} INFO - [2024-12-03T15:35:51.675+0000] {dagbag.py:537} INFO - Filling up the DagBag from /home/airflow/.local/lib/python3.7/site-packages/airflow/example_dags/example_branch_operator_decorator.py
[2024-12-03T15:35:51.726+0000] {processor.py:766} INFO - DAG(s) dict_keys(['example_branch_python_operator_decorator']) retrieved from /home/airflow/.local/lib/python3.7/site-packages/airflow/example_dags/example_branch_operator_decorator.py
[2024-12-03T15:35:51.821+0000] {logging_mixin.py:120} INFO - [2024-12-03T15:35:51.821+0000] {dag.py:2585} INFO - Sync 1 DAGs
[2024-12-03T15:35:51.877+0000] {logging_mixin.py:120} INFO - [2024-12-03T15:35:51.877+0000] {dag.py:3340} INFO - Setting next_dagrun for example_branch_python_operator_decorator to 2024-12-02T00:00:00+00:00, run_after=2024-12-03T00:00:00+00:00
[2024-12-03T15:35:51.919+0000] {processor.py:176} INFO - Processing /home/airflow/.local/lib/python3.7/site-packages/airflow/example_dags/example_branch_operator_decorator.py took 0.254 seconds
[2024-12-03T15:36:22.136+0000] {processor.py:154} INFO - Started process (PID=2185) to work on /home/airflow/.local/lib/python3.7/site-packages/airflow/example_dags/example_branch_operator_decorator.py
[2024-12-03T15:36:22.140+0000] {processor.py:756} INFO - Processing file /home/airflow/.local/lib/python3.7/site-packages/airflow/example_dags/example_branch_operator_decorator.py for tasks to queue
[2024-12-03T15:36:22.142+0000] {logging_mixin.py:120} INFO - [2024-12-03T15:36:22.142+0000] {dagbag.py:537} INFO - Filling up the DagBag from /home/airflow/.local/lib/python3.7/site-packages/airflow/example_dags/example_branch_operator_decorator.py
[2024-12-03T15:36:22.185+0000] {processor.py:766} INFO - DAG(s) dict_keys(['example_branch_python_operator_decorator']) retrieved from /home/airflow/.local/lib/python3.7/site-packages/airflow/example_dags/example_branch_operator_decorator.py
[2024-12-03T15:36:22.257+0000] {logging_mixin.py:120} INFO - [2024-12-03T15:36:22.256+0000] {dag.py:2585} INFO - Sync 1 DAGs
[2024-12-03T15:36:22.311+0000] {logging_mixin.py:120} INFO - [2024-12-03T15:36:22.310+0000] {dag.py:3340} INFO - Setting next_dagrun for example_branch_python_operator_decorator to 2024-12-02T00:00:00+00:00, run_after=2024-12-03T00:00:00+00:00
[2024-12-03T15:36:22.363+0000] {processor.py:176} INFO - Processing /home/airflow/.local/lib/python3.7/site-packages/airflow/example_dags/example_branch_operator_decorator.py took 0.233 seconds
[2024-12-03T15:36:52.435+0000] {processor.py:154} INFO - Started process (PID=2241) to work on /home/airflow/.local/lib/python3.7/site-packages/airflow/example_dags/example_branch_operator_decorator.py
[2024-12-03T15:36:52.437+0000] {processor.py:756} INFO - Processing file /home/airflow/.local/lib/python3.7/site-packages/airflow/example_dags/example_branch_operator_decorator.py for tasks to queue
[2024-12-03T15:36:52.439+0000] {logging_mixin.py:120} INFO - [2024-12-03T15:36:52.438+0000] {dagbag.py:537} INFO - Filling up the DagBag from /home/airflow/.local/lib/python3.7/site-packages/airflow/example_dags/example_branch_operator_decorator.py
[2024-12-03T15:36:52.473+0000] {processor.py:766} INFO - DAG(s) dict_keys(['example_branch_python_operator_decorator']) retrieved from /home/airflow/.local/lib/python3.7/site-packages/airflow/example_dags/example_branch_operator_decorator.py
[2024-12-03T15:36:52.541+0000] {logging_mixin.py:120} INFO - [2024-12-03T15:36:52.540+0000] {dag.py:2585} INFO - Sync 1 DAGs
[2024-12-03T15:36:52.589+0000] {logging_mixin.py:120} INFO - [2024-12-03T15:36:52.589+0000] {dag.py:3340} INFO - Setting next_dagrun for example_branch_python_operator_decorator to 2024-12-02T00:00:00+00:00, run_after=2024-12-03T00:00:00+00:00
[2024-12-03T15:36:52.643+0000] {processor.py:176} INFO - Processing /home/airflow/.local/lib/python3.7/site-packages/airflow/example_dags/example_branch_operator_decorator.py took 0.213 seconds
[2024-12-03T15:37:23.347+0000] {processor.py:154} INFO - Started process (PID=2305) to work on /home/airflow/.local/lib/python3.7/site-packages/airflow/example_dags/example_branch_operator_decorator.py
[2024-12-03T15:37:23.353+0000] {processor.py:756} INFO - Processing file /home/airflow/.local/lib/python3.7/site-packages/airflow/example_dags/example_branch_operator_decorator.py for tasks to queue
[2024-12-03T15:37:23.357+0000] {logging_mixin.py:120} INFO - [2024-12-03T15:37:23.356+0000] {dagbag.py:537} INFO - Filling up the DagBag from /home/airflow/.local/lib/python3.7/site-packages/airflow/example_dags/example_branch_operator_decorator.py
[2024-12-03T15:37:23.510+0000] {processor.py:766} INFO - DAG(s) dict_keys(['example_branch_python_operator_decorator']) retrieved from /home/airflow/.local/lib/python3.7/site-packages/airflow/example_dags/example_branch_operator_decorator.py
[2024-12-03T15:37:23.768+0000] {logging_mixin.py:120} INFO - [2024-12-03T15:37:23.767+0000] {dag.py:2585} INFO - Sync 1 DAGs
[2024-12-03T15:37:23.949+0000] {logging_mixin.py:120} INFO - [2024-12-03T15:37:23.947+0000] {dag.py:3340} INFO - Setting next_dagrun for example_branch_python_operator_decorator to 2024-12-02T00:00:00+00:00, run_after=2024-12-03T00:00:00+00:00
[2024-12-03T15:37:24.120+0000] {processor.py:176} INFO - Processing /home/airflow/.local/lib/python3.7/site-packages/airflow/example_dags/example_branch_operator_decorator.py took 0.790 seconds
[2024-12-03T15:37:54.827+0000] {processor.py:154} INFO - Started process (PID=2361) to work on /home/airflow/.local/lib/python3.7/site-packages/airflow/example_dags/example_branch_operator_decorator.py
[2024-12-03T15:37:54.829+0000] {processor.py:756} INFO - Processing file /home/airflow/.local/lib/python3.7/site-packages/airflow/example_dags/example_branch_operator_decorator.py for tasks to queue
[2024-12-03T15:37:54.831+0000] {logging_mixin.py:120} INFO - [2024-12-03T15:37:54.831+0000] {dagbag.py:537} INFO - Filling up the DagBag from /home/airflow/.local/lib/python3.7/site-packages/airflow/example_dags/example_branch_operator_decorator.py
[2024-12-03T15:37:54.880+0000] {processor.py:766} INFO - DAG(s) dict_keys(['example_branch_python_operator_decorator']) retrieved from /home/airflow/.local/lib/python3.7/site-packages/airflow/example_dags/example_branch_operator_decorator.py
[2024-12-03T15:37:54.966+0000] {logging_mixin.py:120} INFO - [2024-12-03T15:37:54.966+0000] {dag.py:2585} INFO - Sync 1 DAGs
[2024-12-03T15:37:55.032+0000] {logging_mixin.py:120} INFO - [2024-12-03T15:37:55.031+0000] {dag.py:3340} INFO - Setting next_dagrun for example_branch_python_operator_decorator to 2024-12-02T00:00:00+00:00, run_after=2024-12-03T00:00:00+00:00
[2024-12-03T15:37:55.076+0000] {processor.py:176} INFO - Processing /home/airflow/.local/lib/python3.7/site-packages/airflow/example_dags/example_branch_operator_decorator.py took 0.254 seconds
[2024-12-03T15:38:25.470+0000] {processor.py:154} INFO - Started process (PID=2425) to work on /home/airflow/.local/lib/python3.7/site-packages/airflow/example_dags/example_branch_operator_decorator.py
[2024-12-03T15:38:25.472+0000] {processor.py:756} INFO - Processing file /home/airflow/.local/lib/python3.7/site-packages/airflow/example_dags/example_branch_operator_decorator.py for tasks to queue
[2024-12-03T15:38:25.475+0000] {logging_mixin.py:120} INFO - [2024-12-03T15:38:25.474+0000] {dagbag.py:537} INFO - Filling up the DagBag from /home/airflow/.local/lib/python3.7/site-packages/airflow/example_dags/example_branch_operator_decorator.py
[2024-12-03T15:38:25.536+0000] {processor.py:766} INFO - DAG(s) dict_keys(['example_branch_python_operator_decorator']) retrieved from /home/airflow/.local/lib/python3.7/site-packages/airflow/example_dags/example_branch_operator_decorator.py
[2024-12-03T15:38:25.621+0000] {logging_mixin.py:120} INFO - [2024-12-03T15:38:25.621+0000] {dag.py:2585} INFO - Sync 1 DAGs
[2024-12-03T15:38:25.680+0000] {logging_mixin.py:120} INFO - [2024-12-03T15:38:25.680+0000] {dag.py:3340} INFO - Setting next_dagrun for example_branch_python_operator_decorator to 2024-12-02T00:00:00+00:00, run_after=2024-12-03T00:00:00+00:00
[2024-12-03T15:38:25.728+0000] {processor.py:176} INFO - Processing /home/airflow/.local/lib/python3.7/site-packages/airflow/example_dags/example_branch_operator_decorator.py took 0.266 seconds
[2024-12-03T15:38:55.966+0000] {processor.py:154} INFO - Started process (PID=2480) to work on /home/airflow/.local/lib/python3.7/site-packages/airflow/example_dags/example_branch_operator_decorator.py
[2024-12-03T15:38:55.968+0000] {processor.py:756} INFO - Processing file /home/airflow/.local/lib/python3.7/site-packages/airflow/example_dags/example_branch_operator_decorator.py for tasks to queue
[2024-12-03T15:38:55.970+0000] {logging_mixin.py:120} INFO - [2024-12-03T15:38:55.969+0000] {dagbag.py:537} INFO - Filling up the DagBag from /home/airflow/.local/lib/python3.7/site-packages/airflow/example_dags/example_branch_operator_decorator.py
[2024-12-03T15:38:56.023+0000] {processor.py:766} INFO - DAG(s) dict_keys(['example_branch_python_operator_decorator']) retrieved from /home/airflow/.local/lib/python3.7/site-packages/airflow/example_dags/example_branch_operator_decorator.py
[2024-12-03T15:38:56.108+0000] {logging_mixin.py:120} INFO - [2024-12-03T15:38:56.108+0000] {dag.py:2585} INFO - Sync 1 DAGs
[2024-12-03T15:38:56.158+0000] {logging_mixin.py:120} INFO - [2024-12-03T15:38:56.158+0000] {dag.py:3340} INFO - Setting next_dagrun for example_branch_python_operator_decorator to 2024-12-02T00:00:00+00:00, run_after=2024-12-03T00:00:00+00:00
[2024-12-03T15:38:56.213+0000] {processor.py:176} INFO - Processing /home/airflow/.local/lib/python3.7/site-packages/airflow/example_dags/example_branch_operator_decorator.py took 0.253 seconds
[2024-12-03T15:39:26.376+0000] {processor.py:154} INFO - Started process (PID=2544) to work on /home/airflow/.local/lib/python3.7/site-packages/airflow/example_dags/example_branch_operator_decorator.py
[2024-12-03T15:39:26.379+0000] {processor.py:756} INFO - Processing file /home/airflow/.local/lib/python3.7/site-packages/airflow/example_dags/example_branch_operator_decorator.py for tasks to queue
[2024-12-03T15:39:26.381+0000] {logging_mixin.py:120} INFO - [2024-12-03T15:39:26.380+0000] {dagbag.py:537} INFO - Filling up the DagBag from /home/airflow/.local/lib/python3.7/site-packages/airflow/example_dags/example_branch_operator_decorator.py
[2024-12-03T15:39:26.443+0000] {processor.py:766} INFO - DAG(s) dict_keys(['example_branch_python_operator_decorator']) retrieved from /home/airflow/.local/lib/python3.7/site-packages/airflow/example_dags/example_branch_operator_decorator.py
[2024-12-03T15:39:26.545+0000] {logging_mixin.py:120} INFO - [2024-12-03T15:39:26.544+0000] {dag.py:2585} INFO - Sync 1 DAGs
[2024-12-03T15:39:26.602+0000] {logging_mixin.py:120} INFO - [2024-12-03T15:39:26.602+0000] {dag.py:3340} INFO - Setting next_dagrun for example_branch_python_operator_decorator to 2024-12-02T00:00:00+00:00, run_after=2024-12-03T00:00:00+00:00
[2024-12-03T15:39:26.656+0000] {processor.py:176} INFO - Processing /home/airflow/.local/lib/python3.7/site-packages/airflow/example_dags/example_branch_operator_decorator.py took 0.286 seconds
[2024-12-03T15:39:56.986+0000] {processor.py:154} INFO - Started process (PID=2599) to work on /home/airflow/.local/lib/python3.7/site-packages/airflow/example_dags/example_branch_operator_decorator.py
[2024-12-03T15:39:56.988+0000] {processor.py:756} INFO - Processing file /home/airflow/.local/lib/python3.7/site-packages/airflow/example_dags/example_branch_operator_decorator.py for tasks to queue
[2024-12-03T15:39:56.989+0000] {logging_mixin.py:120} INFO - [2024-12-03T15:39:56.989+0000] {dagbag.py:537} INFO - Filling up the DagBag from /home/airflow/.local/lib/python3.7/site-packages/airflow/example_dags/example_branch_operator_decorator.py
[2024-12-03T15:39:57.022+0000] {processor.py:766} INFO - DAG(s) dict_keys(['example_branch_python_operator_decorator']) retrieved from /home/airflow/.local/lib/python3.7/site-packages/airflow/example_dags/example_branch_operator_decorator.py
[2024-12-03T15:39:57.084+0000] {logging_mixin.py:120} INFO - [2024-12-03T15:39:57.084+0000] {dag.py:2585} INFO - Sync 1 DAGs
[2024-12-03T15:39:57.135+0000] {logging_mixin.py:120} INFO - [2024-12-03T15:39:57.134+0000] {dag.py:3340} INFO - Setting next_dagrun for example_branch_python_operator_decorator to 2024-12-02T00:00:00+00:00, run_after=2024-12-03T00:00:00+00:00
[2024-12-03T15:39:57.173+0000] {processor.py:176} INFO - Processing /home/airflow/.local/lib/python3.7/site-packages/airflow/example_dags/example_branch_operator_decorator.py took 0.191 seconds
[2024-12-03T15:40:27.888+0000] {processor.py:154} INFO - Started process (PID=2661) to work on /home/airflow/.local/lib/python3.7/site-packages/airflow/example_dags/example_branch_operator_decorator.py
[2024-12-03T15:40:27.889+0000] {processor.py:756} INFO - Processing file /home/airflow/.local/lib/python3.7/site-packages/airflow/example_dags/example_branch_operator_decorator.py for tasks to queue
[2024-12-03T15:40:27.891+0000] {logging_mixin.py:120} INFO - [2024-12-03T15:40:27.891+0000] {dagbag.py:537} INFO - Filling up the DagBag from /home/airflow/.local/lib/python3.7/site-packages/airflow/example_dags/example_branch_operator_decorator.py
[2024-12-03T15:40:27.943+0000] {processor.py:766} INFO - DAG(s) dict_keys(['example_branch_python_operator_decorator']) retrieved from /home/airflow/.local/lib/python3.7/site-packages/airflow/example_dags/example_branch_operator_decorator.py
[2024-12-03T15:40:28.032+0000] {logging_mixin.py:120} INFO - [2024-12-03T15:40:28.032+0000] {dag.py:2585} INFO - Sync 1 DAGs
[2024-12-03T15:40:28.093+0000] {logging_mixin.py:120} INFO - [2024-12-03T15:40:28.093+0000] {dag.py:3340} INFO - Setting next_dagrun for example_branch_python_operator_decorator to 2024-12-02T00:00:00+00:00, run_after=2024-12-03T00:00:00+00:00
[2024-12-03T15:40:28.135+0000] {processor.py:176} INFO - Processing /home/airflow/.local/lib/python3.7/site-packages/airflow/example_dags/example_branch_operator_decorator.py took 0.253 seconds
[2024-12-03T15:40:58.413+0000] {processor.py:154} INFO - Started process (PID=2718) to work on /home/airflow/.local/lib/python3.7/site-packages/airflow/example_dags/example_branch_operator_decorator.py
[2024-12-03T15:40:58.415+0000] {processor.py:756} INFO - Processing file /home/airflow/.local/lib/python3.7/site-packages/airflow/example_dags/example_branch_operator_decorator.py for tasks to queue
[2024-12-03T15:40:58.416+0000] {logging_mixin.py:120} INFO - [2024-12-03T15:40:58.416+0000] {dagbag.py:537} INFO - Filling up the DagBag from /home/airflow/.local/lib/python3.7/site-packages/airflow/example_dags/example_branch_operator_decorator.py
[2024-12-03T15:40:58.457+0000] {processor.py:766} INFO - DAG(s) dict_keys(['example_branch_python_operator_decorator']) retrieved from /home/airflow/.local/lib/python3.7/site-packages/airflow/example_dags/example_branch_operator_decorator.py
[2024-12-03T15:40:58.535+0000] {logging_mixin.py:120} INFO - [2024-12-03T15:40:58.534+0000] {dag.py:2585} INFO - Sync 1 DAGs
[2024-12-03T15:40:58.613+0000] {logging_mixin.py:120} INFO - [2024-12-03T15:40:58.612+0000] {dag.py:3340} INFO - Setting next_dagrun for example_branch_python_operator_decorator to 2024-12-02T00:00:00+00:00, run_after=2024-12-03T00:00:00+00:00
[2024-12-03T15:40:58.666+0000] {processor.py:176} INFO - Processing /home/airflow/.local/lib/python3.7/site-packages/airflow/example_dags/example_branch_operator_decorator.py took 0.257 seconds
[2024-12-03T15:41:29.393+0000] {processor.py:154} INFO - Started process (PID=2773) to work on /home/airflow/.local/lib/python3.7/site-packages/airflow/example_dags/example_branch_operator_decorator.py
[2024-12-03T15:41:29.396+0000] {processor.py:756} INFO - Processing file /home/airflow/.local/lib/python3.7/site-packages/airflow/example_dags/example_branch_operator_decorator.py for tasks to queue
[2024-12-03T15:41:29.398+0000] {logging_mixin.py:120} INFO - [2024-12-03T15:41:29.398+0000] {dagbag.py:537} INFO - Filling up the DagBag from /home/airflow/.local/lib/python3.7/site-packages/airflow/example_dags/example_branch_operator_decorator.py
[2024-12-03T15:41:29.448+0000] {processor.py:766} INFO - DAG(s) dict_keys(['example_branch_python_operator_decorator']) retrieved from /home/airflow/.local/lib/python3.7/site-packages/airflow/example_dags/example_branch_operator_decorator.py
[2024-12-03T15:41:29.539+0000] {logging_mixin.py:120} INFO - [2024-12-03T15:41:29.539+0000] {dag.py:2585} INFO - Sync 1 DAGs
[2024-12-03T15:41:29.604+0000] {logging_mixin.py:120} INFO - [2024-12-03T15:41:29.603+0000] {dag.py:3340} INFO - Setting next_dagrun for example_branch_python_operator_decorator to 2024-12-02T00:00:00+00:00, run_after=2024-12-03T00:00:00+00:00
[2024-12-03T15:41:29.672+0000] {processor.py:176} INFO - Processing /home/airflow/.local/lib/python3.7/site-packages/airflow/example_dags/example_branch_operator_decorator.py took 0.284 seconds
[2024-12-03T15:42:00.084+0000] {processor.py:154} INFO - Started process (PID=2837) to work on /home/airflow/.local/lib/python3.7/site-packages/airflow/example_dags/example_branch_operator_decorator.py
[2024-12-03T15:42:00.086+0000] {processor.py:756} INFO - Processing file /home/airflow/.local/lib/python3.7/site-packages/airflow/example_dags/example_branch_operator_decorator.py for tasks to queue
[2024-12-03T15:42:00.088+0000] {logging_mixin.py:120} INFO - [2024-12-03T15:42:00.088+0000] {dagbag.py:537} INFO - Filling up the DagBag from /home/airflow/.local/lib/python3.7/site-packages/airflow/example_dags/example_branch_operator_decorator.py
[2024-12-03T15:42:00.124+0000] {processor.py:766} INFO - DAG(s) dict_keys(['example_branch_python_operator_decorator']) retrieved from /home/airflow/.local/lib/python3.7/site-packages/airflow/example_dags/example_branch_operator_decorator.py
[2024-12-03T15:42:00.193+0000] {logging_mixin.py:120} INFO - [2024-12-03T15:42:00.193+0000] {dag.py:2585} INFO - Sync 1 DAGs
[2024-12-03T15:42:00.246+0000] {logging_mixin.py:120} INFO - [2024-12-03T15:42:00.245+0000] {dag.py:3340} INFO - Setting next_dagrun for example_branch_python_operator_decorator to 2024-12-02T00:00:00+00:00, run_after=2024-12-03T00:00:00+00:00
[2024-12-03T15:42:00.314+0000] {processor.py:176} INFO - Processing /home/airflow/.local/lib/python3.7/site-packages/airflow/example_dags/example_branch_operator_decorator.py took 0.234 seconds
[2024-12-03T15:42:31.096+0000] {processor.py:154} INFO - Started process (PID=2892) to work on /home/airflow/.local/lib/python3.7/site-packages/airflow/example_dags/example_branch_operator_decorator.py
[2024-12-03T15:42:31.098+0000] {processor.py:756} INFO - Processing file /home/airflow/.local/lib/python3.7/site-packages/airflow/example_dags/example_branch_operator_decorator.py for tasks to queue
[2024-12-03T15:42:31.100+0000] {logging_mixin.py:120} INFO - [2024-12-03T15:42:31.100+0000] {dagbag.py:537} INFO - Filling up the DagBag from /home/airflow/.local/lib/python3.7/site-packages/airflow/example_dags/example_branch_operator_decorator.py
[2024-12-03T15:42:31.145+0000] {processor.py:766} INFO - DAG(s) dict_keys(['example_branch_python_operator_decorator']) retrieved from /home/airflow/.local/lib/python3.7/site-packages/airflow/example_dags/example_branch_operator_decorator.py
[2024-12-03T15:42:31.231+0000] {logging_mixin.py:120} INFO - [2024-12-03T15:42:31.230+0000] {dag.py:2585} INFO - Sync 1 DAGs
[2024-12-03T15:42:31.292+0000] {logging_mixin.py:120} INFO - [2024-12-03T15:42:31.292+0000] {dag.py:3340} INFO - Setting next_dagrun for example_branch_python_operator_decorator to 2024-12-02T00:00:00+00:00, run_after=2024-12-03T00:00:00+00:00
[2024-12-03T15:42:31.334+0000] {processor.py:176} INFO - Processing /home/airflow/.local/lib/python3.7/site-packages/airflow/example_dags/example_branch_operator_decorator.py took 0.244 seconds
[2024-12-03T15:43:02.136+0000] {processor.py:154} INFO - Started process (PID=2956) to work on /home/airflow/.local/lib/python3.7/site-packages/airflow/example_dags/example_branch_operator_decorator.py
[2024-12-03T15:43:02.138+0000] {processor.py:756} INFO - Processing file /home/airflow/.local/lib/python3.7/site-packages/airflow/example_dags/example_branch_operator_decorator.py for tasks to queue
[2024-12-03T15:43:02.144+0000] {logging_mixin.py:120} INFO - [2024-12-03T15:43:02.143+0000] {dagbag.py:537} INFO - Filling up the DagBag from /home/airflow/.local/lib/python3.7/site-packages/airflow/example_dags/example_branch_operator_decorator.py
[2024-12-03T15:43:02.184+0000] {processor.py:766} INFO - DAG(s) dict_keys(['example_branch_python_operator_decorator']) retrieved from /home/airflow/.local/lib/python3.7/site-packages/airflow/example_dags/example_branch_operator_decorator.py
[2024-12-03T15:43:02.263+0000] {logging_mixin.py:120} INFO - [2024-12-03T15:43:02.263+0000] {dag.py:2585} INFO - Sync 1 DAGs
[2024-12-03T15:43:02.306+0000] {logging_mixin.py:120} INFO - [2024-12-03T15:43:02.305+0000] {dag.py:3340} INFO - Setting next_dagrun for example_branch_python_operator_decorator to 2024-12-02T00:00:00+00:00, run_after=2024-12-03T00:00:00+00:00
[2024-12-03T15:43:02.345+0000] {processor.py:176} INFO - Processing /home/airflow/.local/lib/python3.7/site-packages/airflow/example_dags/example_branch_operator_decorator.py took 0.215 seconds
[2024-12-03T15:43:32.473+0000] {processor.py:154} INFO - Started process (PID=3012) to work on /home/airflow/.local/lib/python3.7/site-packages/airflow/example_dags/example_branch_operator_decorator.py
[2024-12-03T15:43:32.476+0000] {processor.py:756} INFO - Processing file /home/airflow/.local/lib/python3.7/site-packages/airflow/example_dags/example_branch_operator_decorator.py for tasks to queue
[2024-12-03T15:43:32.478+0000] {logging_mixin.py:120} INFO - [2024-12-03T15:43:32.477+0000] {dagbag.py:537} INFO - Filling up the DagBag from /home/airflow/.local/lib/python3.7/site-packages/airflow/example_dags/example_branch_operator_decorator.py
[2024-12-03T15:43:32.517+0000] {processor.py:766} INFO - DAG(s) dict_keys(['example_branch_python_operator_decorator']) retrieved from /home/airflow/.local/lib/python3.7/site-packages/airflow/example_dags/example_branch_operator_decorator.py
[2024-12-03T15:43:32.585+0000] {logging_mixin.py:120} INFO - [2024-12-03T15:43:32.585+0000] {dag.py:2585} INFO - Sync 1 DAGs
[2024-12-03T15:43:32.637+0000] {logging_mixin.py:120} INFO - [2024-12-03T15:43:32.637+0000] {dag.py:3340} INFO - Setting next_dagrun for example_branch_python_operator_decorator to 2024-12-02T00:00:00+00:00, run_after=2024-12-03T00:00:00+00:00
[2024-12-03T15:43:32.676+0000] {processor.py:176} INFO - Processing /home/airflow/.local/lib/python3.7/site-packages/airflow/example_dags/example_branch_operator_decorator.py took 0.207 seconds
[2024-12-03T15:44:03.316+0000] {processor.py:154} INFO - Started process (PID=3076) to work on /home/airflow/.local/lib/python3.7/site-packages/airflow/example_dags/example_branch_operator_decorator.py
[2024-12-03T15:44:03.318+0000] {processor.py:756} INFO - Processing file /home/airflow/.local/lib/python3.7/site-packages/airflow/example_dags/example_branch_operator_decorator.py for tasks to queue
[2024-12-03T15:44:03.320+0000] {logging_mixin.py:120} INFO - [2024-12-03T15:44:03.319+0000] {dagbag.py:537} INFO - Filling up the DagBag from /home/airflow/.local/lib/python3.7/site-packages/airflow/example_dags/example_branch_operator_decorator.py
[2024-12-03T15:44:03.358+0000] {processor.py:766} INFO - DAG(s) dict_keys(['example_branch_python_operator_decorator']) retrieved from /home/airflow/.local/lib/python3.7/site-packages/airflow/example_dags/example_branch_operator_decorator.py
[2024-12-03T15:44:03.427+0000] {logging_mixin.py:120} INFO - [2024-12-03T15:44:03.426+0000] {dag.py:2585} INFO - Sync 1 DAGs
[2024-12-03T15:44:03.465+0000] {logging_mixin.py:120} INFO - [2024-12-03T15:44:03.465+0000] {dag.py:3340} INFO - Setting next_dagrun for example_branch_python_operator_decorator to 2024-12-02T00:00:00+00:00, run_after=2024-12-03T00:00:00+00:00
[2024-12-03T15:44:03.500+0000] {processor.py:176} INFO - Processing /home/airflow/.local/lib/python3.7/site-packages/airflow/example_dags/example_branch_operator_decorator.py took 0.188 seconds
[2024-12-03T15:44:34.266+0000] {processor.py:154} INFO - Started process (PID=3131) to work on /home/airflow/.local/lib/python3.7/site-packages/airflow/example_dags/example_branch_operator_decorator.py
[2024-12-03T15:44:34.268+0000] {processor.py:756} INFO - Processing file /home/airflow/.local/lib/python3.7/site-packages/airflow/example_dags/example_branch_operator_decorator.py for tasks to queue
[2024-12-03T15:44:34.270+0000] {logging_mixin.py:120} INFO - [2024-12-03T15:44:34.270+0000] {dagbag.py:537} INFO - Filling up the DagBag from /home/airflow/.local/lib/python3.7/site-packages/airflow/example_dags/example_branch_operator_decorator.py
[2024-12-03T15:44:34.315+0000] {processor.py:766} INFO - DAG(s) dict_keys(['example_branch_python_operator_decorator']) retrieved from /home/airflow/.local/lib/python3.7/site-packages/airflow/example_dags/example_branch_operator_decorator.py
[2024-12-03T15:44:34.390+0000] {logging_mixin.py:120} INFO - [2024-12-03T15:44:34.390+0000] {dag.py:2585} INFO - Sync 1 DAGs
[2024-12-03T15:44:34.441+0000] {logging_mixin.py:120} INFO - [2024-12-03T15:44:34.440+0000] {dag.py:3340} INFO - Setting next_dagrun for example_branch_python_operator_decorator to 2024-12-02T00:00:00+00:00, run_after=2024-12-03T00:00:00+00:00
[2024-12-03T15:44:34.488+0000] {processor.py:176} INFO - Processing /home/airflow/.local/lib/python3.7/site-packages/airflow/example_dags/example_branch_operator_decorator.py took 0.226 seconds
[2024-12-03T15:45:04.584+0000] {processor.py:154} INFO - Started process (PID=3195) to work on /home/airflow/.local/lib/python3.7/site-packages/airflow/example_dags/example_branch_operator_decorator.py
[2024-12-03T15:45:04.589+0000] {processor.py:756} INFO - Processing file /home/airflow/.local/lib/python3.7/site-packages/airflow/example_dags/example_branch_operator_decorator.py for tasks to queue
[2024-12-03T15:45:04.590+0000] {logging_mixin.py:120} INFO - [2024-12-03T15:45:04.590+0000] {dagbag.py:537} INFO - Filling up the DagBag from /home/airflow/.local/lib/python3.7/site-packages/airflow/example_dags/example_branch_operator_decorator.py
[2024-12-03T15:45:04.631+0000] {processor.py:766} INFO - DAG(s) dict_keys(['example_branch_python_operator_decorator']) retrieved from /home/airflow/.local/lib/python3.7/site-packages/airflow/example_dags/example_branch_operator_decorator.py
[2024-12-03T15:45:04.702+0000] {logging_mixin.py:120} INFO - [2024-12-03T15:45:04.702+0000] {dag.py:2585} INFO - Sync 1 DAGs
[2024-12-03T15:45:04.750+0000] {logging_mixin.py:120} INFO - [2024-12-03T15:45:04.750+0000] {dag.py:3340} INFO - Setting next_dagrun for example_branch_python_operator_decorator to 2024-12-02T00:00:00+00:00, run_after=2024-12-03T00:00:00+00:00
[2024-12-03T15:45:04.789+0000] {processor.py:176} INFO - Processing /home/airflow/.local/lib/python3.7/site-packages/airflow/example_dags/example_branch_operator_decorator.py took 0.211 seconds
[2024-12-03T15:45:35.623+0000] {processor.py:154} INFO - Started process (PID=3250) to work on /home/airflow/.local/lib/python3.7/site-packages/airflow/example_dags/example_branch_operator_decorator.py
[2024-12-03T15:45:35.625+0000] {processor.py:756} INFO - Processing file /home/airflow/.local/lib/python3.7/site-packages/airflow/example_dags/example_branch_operator_decorator.py for tasks to queue
[2024-12-03T15:45:35.627+0000] {logging_mixin.py:120} INFO - [2024-12-03T15:45:35.627+0000] {dagbag.py:537} INFO - Filling up the DagBag from /home/airflow/.local/lib/python3.7/site-packages/airflow/example_dags/example_branch_operator_decorator.py
[2024-12-03T15:45:35.675+0000] {processor.py:766} INFO - DAG(s) dict_keys(['example_branch_python_operator_decorator']) retrieved from /home/airflow/.local/lib/python3.7/site-packages/airflow/example_dags/example_branch_operator_decorator.py
[2024-12-03T15:45:35.749+0000] {logging_mixin.py:120} INFO - [2024-12-03T15:45:35.749+0000] {dag.py:2585} INFO - Sync 1 DAGs
[2024-12-03T15:45:35.795+0000] {logging_mixin.py:120} INFO - [2024-12-03T15:45:35.795+0000] {dag.py:3340} INFO - Setting next_dagrun for example_branch_python_operator_decorator to 2024-12-02T00:00:00+00:00, run_after=2024-12-03T00:00:00+00:00
[2024-12-03T15:45:35.842+0000] {processor.py:176} INFO - Processing /home/airflow/.local/lib/python3.7/site-packages/airflow/example_dags/example_branch_operator_decorator.py took 0.226 seconds
[2024-12-03T15:46:06.150+0000] {processor.py:154} INFO - Started process (PID=3314) to work on /home/airflow/.local/lib/python3.7/site-packages/airflow/example_dags/example_branch_operator_decorator.py
[2024-12-03T15:46:06.156+0000] {processor.py:756} INFO - Processing file /home/airflow/.local/lib/python3.7/site-packages/airflow/example_dags/example_branch_operator_decorator.py for tasks to queue
[2024-12-03T15:46:06.159+0000] {logging_mixin.py:120} INFO - [2024-12-03T15:46:06.158+0000] {dagbag.py:537} INFO - Filling up the DagBag from /home/airflow/.local/lib/python3.7/site-packages/airflow/example_dags/example_branch_operator_decorator.py
[2024-12-03T15:46:06.231+0000] {processor.py:766} INFO - DAG(s) dict_keys(['example_branch_python_operator_decorator']) retrieved from /home/airflow/.local/lib/python3.7/site-packages/airflow/example_dags/example_branch_operator_decorator.py
[2024-12-03T15:46:06.334+0000] {logging_mixin.py:120} INFO - [2024-12-03T15:46:06.334+0000] {dag.py:2585} INFO - Sync 1 DAGs
[2024-12-03T15:46:06.403+0000] {logging_mixin.py:120} INFO - [2024-12-03T15:46:06.403+0000] {dag.py:3340} INFO - Setting next_dagrun for example_branch_python_operator_decorator to 2024-12-02T00:00:00+00:00, run_after=2024-12-03T00:00:00+00:00
[2024-12-03T15:46:06.472+0000] {processor.py:176} INFO - Processing /home/airflow/.local/lib/python3.7/site-packages/airflow/example_dags/example_branch_operator_decorator.py took 0.330 seconds
[2024-12-03T15:46:36.760+0000] {processor.py:154} INFO - Started process (PID=3370) to work on /home/airflow/.local/lib/python3.7/site-packages/airflow/example_dags/example_branch_operator_decorator.py
[2024-12-03T15:46:36.764+0000] {processor.py:756} INFO - Processing file /home/airflow/.local/lib/python3.7/site-packages/airflow/example_dags/example_branch_operator_decorator.py for tasks to queue
[2024-12-03T15:46:36.768+0000] {logging_mixin.py:120} INFO - [2024-12-03T15:46:36.767+0000] {dagbag.py:537} INFO - Filling up the DagBag from /home/airflow/.local/lib/python3.7/site-packages/airflow/example_dags/example_branch_operator_decorator.py
[2024-12-03T15:46:36.806+0000] {processor.py:766} INFO - DAG(s) dict_keys(['example_branch_python_operator_decorator']) retrieved from /home/airflow/.local/lib/python3.7/site-packages/airflow/example_dags/example_branch_operator_decorator.py
[2024-12-03T15:46:36.883+0000] {logging_mixin.py:120} INFO - [2024-12-03T15:46:36.883+0000] {dag.py:2585} INFO - Sync 1 DAGs
[2024-12-03T15:46:36.928+0000] {logging_mixin.py:120} INFO - [2024-12-03T15:46:36.928+0000] {dag.py:3340} INFO - Setting next_dagrun for example_branch_python_operator_decorator to 2024-12-02T00:00:00+00:00, run_after=2024-12-03T00:00:00+00:00
[2024-12-03T15:46:37.019+0000] {processor.py:176} INFO - Processing /home/airflow/.local/lib/python3.7/site-packages/airflow/example_dags/example_branch_operator_decorator.py took 0.265 seconds
[2024-12-03T15:47:08.007+0000] {processor.py:154} INFO - Started process (PID=3425) to work on /home/airflow/.local/lib/python3.7/site-packages/airflow/example_dags/example_branch_operator_decorator.py
[2024-12-03T15:47:08.010+0000] {processor.py:756} INFO - Processing file /home/airflow/.local/lib/python3.7/site-packages/airflow/example_dags/example_branch_operator_decorator.py for tasks to queue
[2024-12-03T15:47:08.012+0000] {logging_mixin.py:120} INFO - [2024-12-03T15:47:08.011+0000] {dagbag.py:537} INFO - Filling up the DagBag from /home/airflow/.local/lib/python3.7/site-packages/airflow/example_dags/example_branch_operator_decorator.py
[2024-12-03T15:47:08.061+0000] {processor.py:766} INFO - DAG(s) dict_keys(['example_branch_python_operator_decorator']) retrieved from /home/airflow/.local/lib/python3.7/site-packages/airflow/example_dags/example_branch_operator_decorator.py
[2024-12-03T15:47:08.155+0000] {logging_mixin.py:120} INFO - [2024-12-03T15:47:08.154+0000] {dag.py:2585} INFO - Sync 1 DAGs
[2024-12-03T15:47:08.229+0000] {logging_mixin.py:120} INFO - [2024-12-03T15:47:08.229+0000] {dag.py:3340} INFO - Setting next_dagrun for example_branch_python_operator_decorator to 2024-12-02T00:00:00+00:00, run_after=2024-12-03T00:00:00+00:00
[2024-12-03T15:47:08.269+0000] {processor.py:176} INFO - Processing /home/airflow/.local/lib/python3.7/site-packages/airflow/example_dags/example_branch_operator_decorator.py took 0.267 seconds
[2024-12-03T15:47:38.365+0000] {processor.py:154} INFO - Started process (PID=3489) to work on /home/airflow/.local/lib/python3.7/site-packages/airflow/example_dags/example_branch_operator_decorator.py
[2024-12-03T15:47:38.367+0000] {processor.py:756} INFO - Processing file /home/airflow/.local/lib/python3.7/site-packages/airflow/example_dags/example_branch_operator_decorator.py for tasks to queue
[2024-12-03T15:47:38.369+0000] {logging_mixin.py:120} INFO - [2024-12-03T15:47:38.369+0000] {dagbag.py:537} INFO - Filling up the DagBag from /home/airflow/.local/lib/python3.7/site-packages/airflow/example_dags/example_branch_operator_decorator.py
[2024-12-03T15:47:38.420+0000] {processor.py:766} INFO - DAG(s) dict_keys(['example_branch_python_operator_decorator']) retrieved from /home/airflow/.local/lib/python3.7/site-packages/airflow/example_dags/example_branch_operator_decorator.py
[2024-12-03T15:47:38.504+0000] {logging_mixin.py:120} INFO - [2024-12-03T15:47:38.499+0000] {dag.py:2585} INFO - Sync 1 DAGs
[2024-12-03T15:47:38.573+0000] {logging_mixin.py:120} INFO - [2024-12-03T15:47:38.573+0000] {dag.py:3340} INFO - Setting next_dagrun for example_branch_python_operator_decorator to 2024-12-02T00:00:00+00:00, run_after=2024-12-03T00:00:00+00:00
[2024-12-03T15:47:38.628+0000] {processor.py:176} INFO - Processing /home/airflow/.local/lib/python3.7/site-packages/airflow/example_dags/example_branch_operator_decorator.py took 0.269 seconds
[2024-12-03T15:48:08.770+0000] {processor.py:154} INFO - Started process (PID=3544) to work on /home/airflow/.local/lib/python3.7/site-packages/airflow/example_dags/example_branch_operator_decorator.py
[2024-12-03T15:48:08.773+0000] {processor.py:756} INFO - Processing file /home/airflow/.local/lib/python3.7/site-packages/airflow/example_dags/example_branch_operator_decorator.py for tasks to queue
[2024-12-03T15:48:08.775+0000] {logging_mixin.py:120} INFO - [2024-12-03T15:48:08.775+0000] {dagbag.py:537} INFO - Filling up the DagBag from /home/airflow/.local/lib/python3.7/site-packages/airflow/example_dags/example_branch_operator_decorator.py
[2024-12-03T15:48:08.832+0000] {processor.py:766} INFO - DAG(s) dict_keys(['example_branch_python_operator_decorator']) retrieved from /home/airflow/.local/lib/python3.7/site-packages/airflow/example_dags/example_branch_operator_decorator.py
[2024-12-03T15:48:08.977+0000] {logging_mixin.py:120} INFO - [2024-12-03T15:48:08.976+0000] {dag.py:2585} INFO - Sync 1 DAGs
[2024-12-03T15:48:09.052+0000] {logging_mixin.py:120} INFO - [2024-12-03T15:48:09.052+0000] {dag.py:3340} INFO - Setting next_dagrun for example_branch_python_operator_decorator to 2024-12-02T00:00:00+00:00, run_after=2024-12-03T00:00:00+00:00
[2024-12-03T15:48:09.110+0000] {processor.py:176} INFO - Processing /home/airflow/.local/lib/python3.7/site-packages/airflow/example_dags/example_branch_operator_decorator.py took 0.348 seconds
[2024-12-03T15:49:06.553+0000] {processor.py:154} INFO - Started process (PID=65) to work on /home/airflow/.local/lib/python3.7/site-packages/airflow/example_dags/example_branch_operator_decorator.py
[2024-12-03T15:49:06.558+0000] {processor.py:756} INFO - Processing file /home/airflow/.local/lib/python3.7/site-packages/airflow/example_dags/example_branch_operator_decorator.py for tasks to queue
[2024-12-03T15:49:06.561+0000] {logging_mixin.py:120} INFO - [2024-12-03T15:49:06.560+0000] {dagbag.py:537} INFO - Filling up the DagBag from /home/airflow/.local/lib/python3.7/site-packages/airflow/example_dags/example_branch_operator_decorator.py
[2024-12-03T15:49:07.090+0000] {processor.py:766} INFO - DAG(s) dict_keys(['example_branch_python_operator_decorator']) retrieved from /home/airflow/.local/lib/python3.7/site-packages/airflow/example_dags/example_branch_operator_decorator.py
[2024-12-03T15:49:07.233+0000] {logging_mixin.py:120} INFO - [2024-12-03T15:49:07.233+0000] {dag.py:2585} INFO - Sync 1 DAGs
[2024-12-03T15:49:07.353+0000] {logging_mixin.py:120} INFO - [2024-12-03T15:49:07.352+0000] {dag.py:3340} INFO - Setting next_dagrun for example_branch_python_operator_decorator to 2024-12-02T00:00:00+00:00, run_after=2024-12-03T00:00:00+00:00
[2024-12-03T15:49:07.406+0000] {processor.py:176} INFO - Processing /home/airflow/.local/lib/python3.7/site-packages/airflow/example_dags/example_branch_operator_decorator.py took 0.865 seconds
[2024-12-03T15:49:56.678+0000] {processor.py:154} INFO - Started process (PID=120) to work on /home/airflow/.local/lib/python3.7/site-packages/airflow/example_dags/example_branch_operator_decorator.py
[2024-12-03T15:49:56.681+0000] {processor.py:756} INFO - Processing file /home/airflow/.local/lib/python3.7/site-packages/airflow/example_dags/example_branch_operator_decorator.py for tasks to queue
[2024-12-03T15:49:56.683+0000] {logging_mixin.py:120} INFO - [2024-12-03T15:49:56.683+0000] {dagbag.py:537} INFO - Filling up the DagBag from /home/airflow/.local/lib/python3.7/site-packages/airflow/example_dags/example_branch_operator_decorator.py
[2024-12-03T15:49:56.813+0000] {processor.py:766} INFO - DAG(s) dict_keys(['example_branch_python_operator_decorator']) retrieved from /home/airflow/.local/lib/python3.7/site-packages/airflow/example_dags/example_branch_operator_decorator.py
[2024-12-03T15:49:57.206+0000] {logging_mixin.py:120} INFO - [2024-12-03T15:49:57.205+0000] {dag.py:2585} INFO - Sync 1 DAGs
[2024-12-03T15:49:57.604+0000] {logging_mixin.py:120} INFO - [2024-12-03T15:49:57.603+0000] {dag.py:3340} INFO - Setting next_dagrun for example_branch_python_operator_decorator to 2024-12-02T00:00:00+00:00, run_after=2024-12-03T00:00:00+00:00
[2024-12-03T15:49:57.759+0000] {processor.py:176} INFO - Processing /home/airflow/.local/lib/python3.7/site-packages/airflow/example_dags/example_branch_operator_decorator.py took 1.099 seconds
[2024-12-03T15:50:27.975+0000] {processor.py:154} INFO - Started process (PID=174) to work on /home/airflow/.local/lib/python3.7/site-packages/airflow/example_dags/example_branch_operator_decorator.py
[2024-12-03T15:50:27.978+0000] {processor.py:756} INFO - Processing file /home/airflow/.local/lib/python3.7/site-packages/airflow/example_dags/example_branch_operator_decorator.py for tasks to queue
[2024-12-03T15:50:27.982+0000] {logging_mixin.py:120} INFO - [2024-12-03T15:50:27.982+0000] {dagbag.py:537} INFO - Filling up the DagBag from /home/airflow/.local/lib/python3.7/site-packages/airflow/example_dags/example_branch_operator_decorator.py
[2024-12-03T15:50:28.085+0000] {processor.py:766} INFO - DAG(s) dict_keys(['example_branch_python_operator_decorator']) retrieved from /home/airflow/.local/lib/python3.7/site-packages/airflow/example_dags/example_branch_operator_decorator.py
[2024-12-03T15:50:28.193+0000] {logging_mixin.py:120} INFO - [2024-12-03T15:50:28.193+0000] {dag.py:2585} INFO - Sync 1 DAGs
[2024-12-03T15:50:28.267+0000] {logging_mixin.py:120} INFO - [2024-12-03T15:50:28.266+0000] {dag.py:3340} INFO - Setting next_dagrun for example_branch_python_operator_decorator to 2024-12-02T00:00:00+00:00, run_after=2024-12-03T00:00:00+00:00
[2024-12-03T15:50:28.329+0000] {processor.py:176} INFO - Processing /home/airflow/.local/lib/python3.7/site-packages/airflow/example_dags/example_branch_operator_decorator.py took 0.359 seconds
[2024-12-03T15:50:58.934+0000] {processor.py:154} INFO - Started process (PID=238) to work on /home/airflow/.local/lib/python3.7/site-packages/airflow/example_dags/example_branch_operator_decorator.py
[2024-12-03T15:50:58.947+0000] {processor.py:756} INFO - Processing file /home/airflow/.local/lib/python3.7/site-packages/airflow/example_dags/example_branch_operator_decorator.py for tasks to queue
[2024-12-03T15:50:58.949+0000] {logging_mixin.py:120} INFO - [2024-12-03T15:50:58.948+0000] {dagbag.py:537} INFO - Filling up the DagBag from /home/airflow/.local/lib/python3.7/site-packages/airflow/example_dags/example_branch_operator_decorator.py
[2024-12-03T15:50:58.984+0000] {processor.py:766} INFO - DAG(s) dict_keys(['example_branch_python_operator_decorator']) retrieved from /home/airflow/.local/lib/python3.7/site-packages/airflow/example_dags/example_branch_operator_decorator.py
[2024-12-03T15:50:59.106+0000] {logging_mixin.py:120} INFO - [2024-12-03T15:50:59.105+0000] {dag.py:2585} INFO - Sync 1 DAGs
[2024-12-03T15:50:59.146+0000] {logging_mixin.py:120} INFO - [2024-12-03T15:50:59.146+0000] {dag.py:3340} INFO - Setting next_dagrun for example_branch_python_operator_decorator to 2024-12-02T00:00:00+00:00, run_after=2024-12-03T00:00:00+00:00
[2024-12-03T15:50:59.236+0000] {processor.py:176} INFO - Processing /home/airflow/.local/lib/python3.7/site-packages/airflow/example_dags/example_branch_operator_decorator.py took 0.306 seconds
[2024-12-03T15:51:29.492+0000] {processor.py:154} INFO - Started process (PID=293) to work on /home/airflow/.local/lib/python3.7/site-packages/airflow/example_dags/example_branch_operator_decorator.py
[2024-12-03T15:51:29.494+0000] {processor.py:756} INFO - Processing file /home/airflow/.local/lib/python3.7/site-packages/airflow/example_dags/example_branch_operator_decorator.py for tasks to queue
[2024-12-03T15:51:29.503+0000] {logging_mixin.py:120} INFO - [2024-12-03T15:51:29.503+0000] {dagbag.py:537} INFO - Filling up the DagBag from /home/airflow/.local/lib/python3.7/site-packages/airflow/example_dags/example_branch_operator_decorator.py
[2024-12-03T15:51:29.569+0000] {processor.py:766} INFO - DAG(s) dict_keys(['example_branch_python_operator_decorator']) retrieved from /home/airflow/.local/lib/python3.7/site-packages/airflow/example_dags/example_branch_operator_decorator.py
[2024-12-03T15:51:29.649+0000] {logging_mixin.py:120} INFO - [2024-12-03T15:51:29.649+0000] {dag.py:2585} INFO - Sync 1 DAGs
[2024-12-03T15:51:29.705+0000] {logging_mixin.py:120} INFO - [2024-12-03T15:51:29.705+0000] {dag.py:3340} INFO - Setting next_dagrun for example_branch_python_operator_decorator to 2024-12-02T00:00:00+00:00, run_after=2024-12-03T00:00:00+00:00
[2024-12-03T15:51:29.748+0000] {processor.py:176} INFO - Processing /home/airflow/.local/lib/python3.7/site-packages/airflow/example_dags/example_branch_operator_decorator.py took 0.262 seconds
[2024-12-03T15:53:03.308+0000] {processor.py:154} INFO - Started process (PID=60) to work on /home/airflow/.local/lib/python3.7/site-packages/airflow/example_dags/example_branch_operator_decorator.py
[2024-12-03T15:53:03.315+0000] {processor.py:756} INFO - Processing file /home/airflow/.local/lib/python3.7/site-packages/airflow/example_dags/example_branch_operator_decorator.py for tasks to queue
[2024-12-03T15:53:03.319+0000] {logging_mixin.py:120} INFO - [2024-12-03T15:53:03.318+0000] {dagbag.py:537} INFO - Filling up the DagBag from /home/airflow/.local/lib/python3.7/site-packages/airflow/example_dags/example_branch_operator_decorator.py
[2024-12-03T15:53:03.421+0000] {processor.py:766} INFO - DAG(s) dict_keys(['example_branch_python_operator_decorator']) retrieved from /home/airflow/.local/lib/python3.7/site-packages/airflow/example_dags/example_branch_operator_decorator.py
[2024-12-03T15:53:03.679+0000] {logging_mixin.py:120} INFO - [2024-12-03T15:53:03.678+0000] {dag.py:2585} INFO - Sync 1 DAGs
[2024-12-03T15:53:03.872+0000] {logging_mixin.py:120} INFO - [2024-12-03T15:53:03.872+0000] {dag.py:3340} INFO - Setting next_dagrun for example_branch_python_operator_decorator to 2024-12-02T00:00:00+00:00, run_after=2024-12-03T00:00:00+00:00
[2024-12-03T15:53:04.108+0000] {processor.py:176} INFO - Processing /home/airflow/.local/lib/python3.7/site-packages/airflow/example_dags/example_branch_operator_decorator.py took 0.816 seconds
[2024-12-03T15:53:34.271+0000] {processor.py:154} INFO - Started process (PID=125) to work on /home/airflow/.local/lib/python3.7/site-packages/airflow/example_dags/example_branch_operator_decorator.py
[2024-12-03T15:53:34.277+0000] {processor.py:756} INFO - Processing file /home/airflow/.local/lib/python3.7/site-packages/airflow/example_dags/example_branch_operator_decorator.py for tasks to queue
[2024-12-03T15:53:34.281+0000] {logging_mixin.py:120} INFO - [2024-12-03T15:53:34.281+0000] {dagbag.py:537} INFO - Filling up the DagBag from /home/airflow/.local/lib/python3.7/site-packages/airflow/example_dags/example_branch_operator_decorator.py
[2024-12-03T15:53:34.368+0000] {processor.py:766} INFO - DAG(s) dict_keys(['example_branch_python_operator_decorator']) retrieved from /home/airflow/.local/lib/python3.7/site-packages/airflow/example_dags/example_branch_operator_decorator.py
[2024-12-03T15:53:34.472+0000] {logging_mixin.py:120} INFO - [2024-12-03T15:53:34.471+0000] {dag.py:2585} INFO - Sync 1 DAGs
[2024-12-03T15:53:34.587+0000] {logging_mixin.py:120} INFO - [2024-12-03T15:53:34.586+0000] {dag.py:3340} INFO - Setting next_dagrun for example_branch_python_operator_decorator to 2024-12-02T00:00:00+00:00, run_after=2024-12-03T00:00:00+00:00
[2024-12-03T15:53:34.666+0000] {processor.py:176} INFO - Processing /home/airflow/.local/lib/python3.7/site-packages/airflow/example_dags/example_branch_operator_decorator.py took 0.402 seconds
[2024-12-03T15:54:05.005+0000] {processor.py:154} INFO - Started process (PID=182) to work on /home/airflow/.local/lib/python3.7/site-packages/airflow/example_dags/example_branch_operator_decorator.py
[2024-12-03T15:54:05.007+0000] {processor.py:756} INFO - Processing file /home/airflow/.local/lib/python3.7/site-packages/airflow/example_dags/example_branch_operator_decorator.py for tasks to queue
[2024-12-03T15:54:05.011+0000] {logging_mixin.py:120} INFO - [2024-12-03T15:54:05.011+0000] {dagbag.py:537} INFO - Filling up the DagBag from /home/airflow/.local/lib/python3.7/site-packages/airflow/example_dags/example_branch_operator_decorator.py
[2024-12-03T15:54:05.053+0000] {processor.py:766} INFO - DAG(s) dict_keys(['example_branch_python_operator_decorator']) retrieved from /home/airflow/.local/lib/python3.7/site-packages/airflow/example_dags/example_branch_operator_decorator.py
[2024-12-03T15:54:05.111+0000] {logging_mixin.py:120} INFO - [2024-12-03T15:54:05.111+0000] {dag.py:2585} INFO - Sync 1 DAGs
[2024-12-03T15:54:05.151+0000] {logging_mixin.py:120} INFO - [2024-12-03T15:54:05.150+0000] {dag.py:3340} INFO - Setting next_dagrun for example_branch_python_operator_decorator to 2024-12-02T00:00:00+00:00, run_after=2024-12-03T00:00:00+00:00
[2024-12-03T15:54:05.192+0000] {processor.py:176} INFO - Processing /home/airflow/.local/lib/python3.7/site-packages/airflow/example_dags/example_branch_operator_decorator.py took 0.191 seconds
[2024-12-03T15:54:35.477+0000] {processor.py:154} INFO - Started process (PID=237) to work on /home/airflow/.local/lib/python3.7/site-packages/airflow/example_dags/example_branch_operator_decorator.py
[2024-12-03T15:54:35.479+0000] {processor.py:756} INFO - Processing file /home/airflow/.local/lib/python3.7/site-packages/airflow/example_dags/example_branch_operator_decorator.py for tasks to queue
[2024-12-03T15:54:35.481+0000] {logging_mixin.py:120} INFO - [2024-12-03T15:54:35.480+0000] {dagbag.py:537} INFO - Filling up the DagBag from /home/airflow/.local/lib/python3.7/site-packages/airflow/example_dags/example_branch_operator_decorator.py
[2024-12-03T15:54:35.527+0000] {processor.py:766} INFO - DAG(s) dict_keys(['example_branch_python_operator_decorator']) retrieved from /home/airflow/.local/lib/python3.7/site-packages/airflow/example_dags/example_branch_operator_decorator.py
[2024-12-03T15:54:35.607+0000] {logging_mixin.py:120} INFO - [2024-12-03T15:54:35.606+0000] {dag.py:2585} INFO - Sync 1 DAGs
[2024-12-03T15:54:35.662+0000] {logging_mixin.py:120} INFO - [2024-12-03T15:54:35.661+0000] {dag.py:3340} INFO - Setting next_dagrun for example_branch_python_operator_decorator to 2024-12-02T00:00:00+00:00, run_after=2024-12-03T00:00:00+00:00
[2024-12-03T15:54:35.706+0000] {processor.py:176} INFO - Processing /home/airflow/.local/lib/python3.7/site-packages/airflow/example_dags/example_branch_operator_decorator.py took 0.234 seconds
[2024-12-03T15:55:05.776+0000] {processor.py:154} INFO - Started process (PID=299) to work on /home/airflow/.local/lib/python3.7/site-packages/airflow/example_dags/example_branch_operator_decorator.py
[2024-12-03T15:55:05.778+0000] {processor.py:756} INFO - Processing file /home/airflow/.local/lib/python3.7/site-packages/airflow/example_dags/example_branch_operator_decorator.py for tasks to queue
[2024-12-03T15:55:05.780+0000] {logging_mixin.py:120} INFO - [2024-12-03T15:55:05.779+0000] {dagbag.py:537} INFO - Filling up the DagBag from /home/airflow/.local/lib/python3.7/site-packages/airflow/example_dags/example_branch_operator_decorator.py
[2024-12-03T15:55:05.818+0000] {processor.py:766} INFO - DAG(s) dict_keys(['example_branch_python_operator_decorator']) retrieved from /home/airflow/.local/lib/python3.7/site-packages/airflow/example_dags/example_branch_operator_decorator.py
[2024-12-03T15:55:05.893+0000] {logging_mixin.py:120} INFO - [2024-12-03T15:55:05.892+0000] {dag.py:2585} INFO - Sync 1 DAGs
[2024-12-03T15:55:05.939+0000] {logging_mixin.py:120} INFO - [2024-12-03T15:55:05.939+0000] {dag.py:3340} INFO - Setting next_dagrun for example_branch_python_operator_decorator to 2024-12-02T00:00:00+00:00, run_after=2024-12-03T00:00:00+00:00
[2024-12-03T15:55:05.979+0000] {processor.py:176} INFO - Processing /home/airflow/.local/lib/python3.7/site-packages/airflow/example_dags/example_branch_operator_decorator.py took 0.208 seconds
[2024-12-03T15:55:36.354+0000] {processor.py:154} INFO - Started process (PID=356) to work on /home/airflow/.local/lib/python3.7/site-packages/airflow/example_dags/example_branch_operator_decorator.py
[2024-12-03T15:55:36.358+0000] {processor.py:756} INFO - Processing file /home/airflow/.local/lib/python3.7/site-packages/airflow/example_dags/example_branch_operator_decorator.py for tasks to queue
[2024-12-03T15:55:36.360+0000] {logging_mixin.py:120} INFO - [2024-12-03T15:55:36.360+0000] {dagbag.py:537} INFO - Filling up the DagBag from /home/airflow/.local/lib/python3.7/site-packages/airflow/example_dags/example_branch_operator_decorator.py
[2024-12-03T15:55:36.414+0000] {processor.py:766} INFO - DAG(s) dict_keys(['example_branch_python_operator_decorator']) retrieved from /home/airflow/.local/lib/python3.7/site-packages/airflow/example_dags/example_branch_operator_decorator.py
[2024-12-03T15:55:36.505+0000] {logging_mixin.py:120} INFO - [2024-12-03T15:55:36.505+0000] {dag.py:2585} INFO - Sync 1 DAGs
[2024-12-03T15:55:36.552+0000] {logging_mixin.py:120} INFO - [2024-12-03T15:55:36.552+0000] {dag.py:3340} INFO - Setting next_dagrun for example_branch_python_operator_decorator to 2024-12-02T00:00:00+00:00, run_after=2024-12-03T00:00:00+00:00
[2024-12-03T15:55:36.589+0000] {processor.py:176} INFO - Processing /home/airflow/.local/lib/python3.7/site-packages/airflow/example_dags/example_branch_operator_decorator.py took 0.241 seconds
[2024-12-03T15:56:07.238+0000] {processor.py:154} INFO - Started process (PID=411) to work on /home/airflow/.local/lib/python3.7/site-packages/airflow/example_dags/example_branch_operator_decorator.py
[2024-12-03T15:56:07.239+0000] {processor.py:756} INFO - Processing file /home/airflow/.local/lib/python3.7/site-packages/airflow/example_dags/example_branch_operator_decorator.py for tasks to queue
[2024-12-03T15:56:07.241+0000] {logging_mixin.py:120} INFO - [2024-12-03T15:56:07.241+0000] {dagbag.py:537} INFO - Filling up the DagBag from /home/airflow/.local/lib/python3.7/site-packages/airflow/example_dags/example_branch_operator_decorator.py
[2024-12-03T15:56:07.283+0000] {processor.py:766} INFO - DAG(s) dict_keys(['example_branch_python_operator_decorator']) retrieved from /home/airflow/.local/lib/python3.7/site-packages/airflow/example_dags/example_branch_operator_decorator.py
[2024-12-03T15:56:07.352+0000] {logging_mixin.py:120} INFO - [2024-12-03T15:56:07.351+0000] {dag.py:2585} INFO - Sync 1 DAGs
[2024-12-03T15:56:07.416+0000] {logging_mixin.py:120} INFO - [2024-12-03T15:56:07.415+0000] {dag.py:3340} INFO - Setting next_dagrun for example_branch_python_operator_decorator to 2024-12-02T00:00:00+00:00, run_after=2024-12-03T00:00:00+00:00
[2024-12-03T15:56:07.458+0000] {processor.py:176} INFO - Processing /home/airflow/.local/lib/python3.7/site-packages/airflow/example_dags/example_branch_operator_decorator.py took 0.224 seconds
[2024-12-03T15:56:38.148+0000] {processor.py:154} INFO - Started process (PID=466) to work on /home/airflow/.local/lib/python3.7/site-packages/airflow/example_dags/example_branch_operator_decorator.py
[2024-12-03T15:56:38.150+0000] {processor.py:756} INFO - Processing file /home/airflow/.local/lib/python3.7/site-packages/airflow/example_dags/example_branch_operator_decorator.py for tasks to queue
[2024-12-03T15:56:38.153+0000] {logging_mixin.py:120} INFO - [2024-12-03T15:56:38.152+0000] {dagbag.py:537} INFO - Filling up the DagBag from /home/airflow/.local/lib/python3.7/site-packages/airflow/example_dags/example_branch_operator_decorator.py
[2024-12-03T15:56:38.212+0000] {processor.py:766} INFO - DAG(s) dict_keys(['example_branch_python_operator_decorator']) retrieved from /home/airflow/.local/lib/python3.7/site-packages/airflow/example_dags/example_branch_operator_decorator.py
[2024-12-03T15:56:38.308+0000] {logging_mixin.py:120} INFO - [2024-12-03T15:56:38.307+0000] {dag.py:2585} INFO - Sync 1 DAGs
[2024-12-03T15:56:38.366+0000] {logging_mixin.py:120} INFO - [2024-12-03T15:56:38.366+0000] {dag.py:3340} INFO - Setting next_dagrun for example_branch_python_operator_decorator to 2024-12-02T00:00:00+00:00, run_after=2024-12-03T00:00:00+00:00
[2024-12-03T15:56:38.433+0000] {processor.py:176} INFO - Processing /home/airflow/.local/lib/python3.7/site-packages/airflow/example_dags/example_branch_operator_decorator.py took 0.291 seconds
[2024-12-03T15:57:08.809+0000] {processor.py:154} INFO - Started process (PID=534) to work on /home/airflow/.local/lib/python3.7/site-packages/airflow/example_dags/example_branch_operator_decorator.py
[2024-12-03T15:57:08.812+0000] {processor.py:756} INFO - Processing file /home/airflow/.local/lib/python3.7/site-packages/airflow/example_dags/example_branch_operator_decorator.py for tasks to queue
[2024-12-03T15:57:08.815+0000] {logging_mixin.py:120} INFO - [2024-12-03T15:57:08.815+0000] {dagbag.py:537} INFO - Filling up the DagBag from /home/airflow/.local/lib/python3.7/site-packages/airflow/example_dags/example_branch_operator_decorator.py
[2024-12-03T15:57:08.910+0000] {processor.py:766} INFO - DAG(s) dict_keys(['example_branch_python_operator_decorator']) retrieved from /home/airflow/.local/lib/python3.7/site-packages/airflow/example_dags/example_branch_operator_decorator.py
[2024-12-03T15:57:08.997+0000] {logging_mixin.py:120} INFO - [2024-12-03T15:57:08.997+0000] {dag.py:2585} INFO - Sync 1 DAGs
[2024-12-03T15:57:09.070+0000] {logging_mixin.py:120} INFO - [2024-12-03T15:57:09.069+0000] {dag.py:3340} INFO - Setting next_dagrun for example_branch_python_operator_decorator to 2024-12-02T00:00:00+00:00, run_after=2024-12-03T00:00:00+00:00
[2024-12-03T15:57:09.118+0000] {processor.py:176} INFO - Processing /home/airflow/.local/lib/python3.7/site-packages/airflow/example_dags/example_branch_operator_decorator.py took 0.318 seconds
[2024-12-03T15:57:39.971+0000] {processor.py:154} INFO - Started process (PID=589) to work on /home/airflow/.local/lib/python3.7/site-packages/airflow/example_dags/example_branch_operator_decorator.py
[2024-12-03T15:57:39.973+0000] {processor.py:756} INFO - Processing file /home/airflow/.local/lib/python3.7/site-packages/airflow/example_dags/example_branch_operator_decorator.py for tasks to queue
[2024-12-03T15:57:39.975+0000] {logging_mixin.py:120} INFO - [2024-12-03T15:57:39.975+0000] {dagbag.py:537} INFO - Filling up the DagBag from /home/airflow/.local/lib/python3.7/site-packages/airflow/example_dags/example_branch_operator_decorator.py
[2024-12-03T15:57:40.020+0000] {processor.py:766} INFO - DAG(s) dict_keys(['example_branch_python_operator_decorator']) retrieved from /home/airflow/.local/lib/python3.7/site-packages/airflow/example_dags/example_branch_operator_decorator.py
[2024-12-03T15:57:40.095+0000] {logging_mixin.py:120} INFO - [2024-12-03T15:57:40.094+0000] {dag.py:2585} INFO - Sync 1 DAGs
[2024-12-03T15:57:40.151+0000] {logging_mixin.py:120} INFO - [2024-12-03T15:57:40.151+0000] {dag.py:3340} INFO - Setting next_dagrun for example_branch_python_operator_decorator to 2024-12-02T00:00:00+00:00, run_after=2024-12-03T00:00:00+00:00
[2024-12-03T15:57:40.204+0000] {processor.py:176} INFO - Processing /home/airflow/.local/lib/python3.7/site-packages/airflow/example_dags/example_branch_operator_decorator.py took 0.239 seconds
[2024-12-03T15:58:10.484+0000] {processor.py:154} INFO - Started process (PID=669) to work on /home/airflow/.local/lib/python3.7/site-packages/airflow/example_dags/example_branch_operator_decorator.py
[2024-12-03T15:58:10.488+0000] {processor.py:756} INFO - Processing file /home/airflow/.local/lib/python3.7/site-packages/airflow/example_dags/example_branch_operator_decorator.py for tasks to queue
[2024-12-03T15:58:10.494+0000] {logging_mixin.py:120} INFO - [2024-12-03T15:58:10.490+0000] {dagbag.py:537} INFO - Filling up the DagBag from /home/airflow/.local/lib/python3.7/site-packages/airflow/example_dags/example_branch_operator_decorator.py
[2024-12-03T15:58:10.595+0000] {processor.py:766} INFO - DAG(s) dict_keys(['example_branch_python_operator_decorator']) retrieved from /home/airflow/.local/lib/python3.7/site-packages/airflow/example_dags/example_branch_operator_decorator.py
[2024-12-03T15:58:10.692+0000] {logging_mixin.py:120} INFO - [2024-12-03T15:58:10.691+0000] {dag.py:2585} INFO - Sync 1 DAGs
[2024-12-03T15:58:10.748+0000] {logging_mixin.py:120} INFO - [2024-12-03T15:58:10.748+0000] {dag.py:3340} INFO - Setting next_dagrun for example_branch_python_operator_decorator to 2024-12-02T00:00:00+00:00, run_after=2024-12-03T00:00:00+00:00
[2024-12-03T15:58:10.801+0000] {processor.py:176} INFO - Processing /home/airflow/.local/lib/python3.7/site-packages/airflow/example_dags/example_branch_operator_decorator.py took 0.323 seconds
[2024-12-03T15:58:41.869+0000] {processor.py:154} INFO - Started process (PID=724) to work on /home/airflow/.local/lib/python3.7/site-packages/airflow/example_dags/example_branch_operator_decorator.py
[2024-12-03T15:58:41.871+0000] {processor.py:756} INFO - Processing file /home/airflow/.local/lib/python3.7/site-packages/airflow/example_dags/example_branch_operator_decorator.py for tasks to queue
[2024-12-03T15:58:41.875+0000] {logging_mixin.py:120} INFO - [2024-12-03T15:58:41.874+0000] {dagbag.py:537} INFO - Filling up the DagBag from /home/airflow/.local/lib/python3.7/site-packages/airflow/example_dags/example_branch_operator_decorator.py
[2024-12-03T15:58:41.913+0000] {processor.py:766} INFO - DAG(s) dict_keys(['example_branch_python_operator_decorator']) retrieved from /home/airflow/.local/lib/python3.7/site-packages/airflow/example_dags/example_branch_operator_decorator.py
[2024-12-03T15:58:41.990+0000] {logging_mixin.py:120} INFO - [2024-12-03T15:58:41.990+0000] {dag.py:2585} INFO - Sync 1 DAGs
[2024-12-03T15:58:42.048+0000] {logging_mixin.py:120} INFO - [2024-12-03T15:58:42.048+0000] {dag.py:3340} INFO - Setting next_dagrun for example_branch_python_operator_decorator to 2024-12-02T00:00:00+00:00, run_after=2024-12-03T00:00:00+00:00
[2024-12-03T15:58:42.093+0000] {processor.py:176} INFO - Processing /home/airflow/.local/lib/python3.7/site-packages/airflow/example_dags/example_branch_operator_decorator.py took 0.234 seconds
[2024-12-03T15:59:12.630+0000] {processor.py:154} INFO - Started process (PID=779) to work on /home/airflow/.local/lib/python3.7/site-packages/airflow/example_dags/example_branch_operator_decorator.py
[2024-12-03T15:59:12.632+0000] {processor.py:756} INFO - Processing file /home/airflow/.local/lib/python3.7/site-packages/airflow/example_dags/example_branch_operator_decorator.py for tasks to queue
[2024-12-03T15:59:12.634+0000] {logging_mixin.py:120} INFO - [2024-12-03T15:59:12.634+0000] {dagbag.py:537} INFO - Filling up the DagBag from /home/airflow/.local/lib/python3.7/site-packages/airflow/example_dags/example_branch_operator_decorator.py
[2024-12-03T15:59:12.666+0000] {processor.py:766} INFO - DAG(s) dict_keys(['example_branch_python_operator_decorator']) retrieved from /home/airflow/.local/lib/python3.7/site-packages/airflow/example_dags/example_branch_operator_decorator.py
[2024-12-03T15:59:12.735+0000] {logging_mixin.py:120} INFO - [2024-12-03T15:59:12.735+0000] {dag.py:2585} INFO - Sync 1 DAGs
[2024-12-03T15:59:12.777+0000] {logging_mixin.py:120} INFO - [2024-12-03T15:59:12.777+0000] {dag.py:3340} INFO - Setting next_dagrun for example_branch_python_operator_decorator to 2024-12-02T00:00:00+00:00, run_after=2024-12-03T00:00:00+00:00
[2024-12-03T15:59:12.827+0000] {processor.py:176} INFO - Processing /home/airflow/.local/lib/python3.7/site-packages/airflow/example_dags/example_branch_operator_decorator.py took 0.201 seconds
[2024-12-03T15:59:43.253+0000] {processor.py:154} INFO - Started process (PID=844) to work on /home/airflow/.local/lib/python3.7/site-packages/airflow/example_dags/example_branch_operator_decorator.py
[2024-12-03T15:59:43.255+0000] {processor.py:756} INFO - Processing file /home/airflow/.local/lib/python3.7/site-packages/airflow/example_dags/example_branch_operator_decorator.py for tasks to queue
[2024-12-03T15:59:43.256+0000] {logging_mixin.py:120} INFO - [2024-12-03T15:59:43.256+0000] {dagbag.py:537} INFO - Filling up the DagBag from /home/airflow/.local/lib/python3.7/site-packages/airflow/example_dags/example_branch_operator_decorator.py
[2024-12-03T15:59:43.299+0000] {processor.py:766} INFO - DAG(s) dict_keys(['example_branch_python_operator_decorator']) retrieved from /home/airflow/.local/lib/python3.7/site-packages/airflow/example_dags/example_branch_operator_decorator.py
[2024-12-03T15:59:43.385+0000] {logging_mixin.py:120} INFO - [2024-12-03T15:59:43.385+0000] {dag.py:2585} INFO - Sync 1 DAGs
[2024-12-03T15:59:43.439+0000] {logging_mixin.py:120} INFO - [2024-12-03T15:59:43.438+0000] {dag.py:3340} INFO - Setting next_dagrun for example_branch_python_operator_decorator to 2024-12-02T00:00:00+00:00, run_after=2024-12-03T00:00:00+00:00
[2024-12-03T15:59:43.481+0000] {processor.py:176} INFO - Processing /home/airflow/.local/lib/python3.7/site-packages/airflow/example_dags/example_branch_operator_decorator.py took 0.231 seconds
[2024-12-03T16:00:13.891+0000] {processor.py:154} INFO - Started process (PID=899) to work on /home/airflow/.local/lib/python3.7/site-packages/airflow/example_dags/example_branch_operator_decorator.py
[2024-12-03T16:00:13.893+0000] {processor.py:756} INFO - Processing file /home/airflow/.local/lib/python3.7/site-packages/airflow/example_dags/example_branch_operator_decorator.py for tasks to queue
[2024-12-03T16:00:13.895+0000] {logging_mixin.py:120} INFO - [2024-12-03T16:00:13.894+0000] {dagbag.py:537} INFO - Filling up the DagBag from /home/airflow/.local/lib/python3.7/site-packages/airflow/example_dags/example_branch_operator_decorator.py
[2024-12-03T16:00:13.939+0000] {processor.py:766} INFO - DAG(s) dict_keys(['example_branch_python_operator_decorator']) retrieved from /home/airflow/.local/lib/python3.7/site-packages/airflow/example_dags/example_branch_operator_decorator.py
[2024-12-03T16:00:14.021+0000] {logging_mixin.py:120} INFO - [2024-12-03T16:00:14.021+0000] {dag.py:2585} INFO - Sync 1 DAGs
[2024-12-03T16:00:14.079+0000] {logging_mixin.py:120} INFO - [2024-12-03T16:00:14.078+0000] {dag.py:3340} INFO - Setting next_dagrun for example_branch_python_operator_decorator to 2024-12-02T00:00:00+00:00, run_after=2024-12-03T00:00:00+00:00
[2024-12-03T16:00:14.117+0000] {processor.py:176} INFO - Processing /home/airflow/.local/lib/python3.7/site-packages/airflow/example_dags/example_branch_operator_decorator.py took 0.231 seconds
[2024-12-03T16:00:44.592+0000] {processor.py:154} INFO - Started process (PID=963) to work on /home/airflow/.local/lib/python3.7/site-packages/airflow/example_dags/example_branch_operator_decorator.py
[2024-12-03T16:00:44.594+0000] {processor.py:756} INFO - Processing file /home/airflow/.local/lib/python3.7/site-packages/airflow/example_dags/example_branch_operator_decorator.py for tasks to queue
[2024-12-03T16:00:44.596+0000] {logging_mixin.py:120} INFO - [2024-12-03T16:00:44.596+0000] {dagbag.py:537} INFO - Filling up the DagBag from /home/airflow/.local/lib/python3.7/site-packages/airflow/example_dags/example_branch_operator_decorator.py
[2024-12-03T16:00:44.642+0000] {processor.py:766} INFO - DAG(s) dict_keys(['example_branch_python_operator_decorator']) retrieved from /home/airflow/.local/lib/python3.7/site-packages/airflow/example_dags/example_branch_operator_decorator.py
[2024-12-03T16:00:44.745+0000] {logging_mixin.py:120} INFO - [2024-12-03T16:00:44.745+0000] {dag.py:2585} INFO - Sync 1 DAGs
[2024-12-03T16:00:44.831+0000] {logging_mixin.py:120} INFO - [2024-12-03T16:00:44.830+0000] {dag.py:3340} INFO - Setting next_dagrun for example_branch_python_operator_decorator to 2024-12-02T00:00:00+00:00, run_after=2024-12-03T00:00:00+00:00
[2024-12-03T16:00:44.917+0000] {processor.py:176} INFO - Processing /home/airflow/.local/lib/python3.7/site-packages/airflow/example_dags/example_branch_operator_decorator.py took 0.331 seconds
[2024-12-03T16:01:15.123+0000] {processor.py:154} INFO - Started process (PID=1018) to work on /home/airflow/.local/lib/python3.7/site-packages/airflow/example_dags/example_branch_operator_decorator.py
[2024-12-03T16:01:15.125+0000] {processor.py:756} INFO - Processing file /home/airflow/.local/lib/python3.7/site-packages/airflow/example_dags/example_branch_operator_decorator.py for tasks to queue
[2024-12-03T16:01:15.127+0000] {logging_mixin.py:120} INFO - [2024-12-03T16:01:15.127+0000] {dagbag.py:537} INFO - Filling up the DagBag from /home/airflow/.local/lib/python3.7/site-packages/airflow/example_dags/example_branch_operator_decorator.py
[2024-12-03T16:01:15.167+0000] {processor.py:766} INFO - DAG(s) dict_keys(['example_branch_python_operator_decorator']) retrieved from /home/airflow/.local/lib/python3.7/site-packages/airflow/example_dags/example_branch_operator_decorator.py
[2024-12-03T16:01:15.230+0000] {logging_mixin.py:120} INFO - [2024-12-03T16:01:15.229+0000] {dag.py:2585} INFO - Sync 1 DAGs
[2024-12-03T16:01:15.267+0000] {logging_mixin.py:120} INFO - [2024-12-03T16:01:15.267+0000] {dag.py:3340} INFO - Setting next_dagrun for example_branch_python_operator_decorator to 2024-12-02T00:00:00+00:00, run_after=2024-12-03T00:00:00+00:00
[2024-12-03T16:01:15.303+0000] {processor.py:176} INFO - Processing /home/airflow/.local/lib/python3.7/site-packages/airflow/example_dags/example_branch_operator_decorator.py took 0.186 seconds
[2024-12-03T16:01:46.038+0000] {processor.py:154} INFO - Started process (PID=1073) to work on /home/airflow/.local/lib/python3.7/site-packages/airflow/example_dags/example_branch_operator_decorator.py
[2024-12-03T16:01:46.041+0000] {processor.py:756} INFO - Processing file /home/airflow/.local/lib/python3.7/site-packages/airflow/example_dags/example_branch_operator_decorator.py for tasks to queue
[2024-12-03T16:01:46.044+0000] {logging_mixin.py:120} INFO - [2024-12-03T16:01:46.043+0000] {dagbag.py:537} INFO - Filling up the DagBag from /home/airflow/.local/lib/python3.7/site-packages/airflow/example_dags/example_branch_operator_decorator.py
[2024-12-03T16:01:46.095+0000] {processor.py:766} INFO - DAG(s) dict_keys(['example_branch_python_operator_decorator']) retrieved from /home/airflow/.local/lib/python3.7/site-packages/airflow/example_dags/example_branch_operator_decorator.py
[2024-12-03T16:01:46.173+0000] {logging_mixin.py:120} INFO - [2024-12-03T16:01:46.173+0000] {dag.py:2585} INFO - Sync 1 DAGs
[2024-12-03T16:01:46.223+0000] {logging_mixin.py:120} INFO - [2024-12-03T16:01:46.222+0000] {dag.py:3340} INFO - Setting next_dagrun for example_branch_python_operator_decorator to 2024-12-02T00:00:00+00:00, run_after=2024-12-03T00:00:00+00:00
[2024-12-03T16:01:46.286+0000] {processor.py:176} INFO - Processing /home/airflow/.local/lib/python3.7/site-packages/airflow/example_dags/example_branch_operator_decorator.py took 0.254 seconds
[2024-12-03T16:02:17.114+0000] {processor.py:154} INFO - Started process (PID=1138) to work on /home/airflow/.local/lib/python3.7/site-packages/airflow/example_dags/example_branch_operator_decorator.py
[2024-12-03T16:02:17.115+0000] {processor.py:756} INFO - Processing file /home/airflow/.local/lib/python3.7/site-packages/airflow/example_dags/example_branch_operator_decorator.py for tasks to queue
[2024-12-03T16:02:17.117+0000] {logging_mixin.py:120} INFO - [2024-12-03T16:02:17.117+0000] {dagbag.py:537} INFO - Filling up the DagBag from /home/airflow/.local/lib/python3.7/site-packages/airflow/example_dags/example_branch_operator_decorator.py
[2024-12-03T16:02:17.150+0000] {processor.py:766} INFO - DAG(s) dict_keys(['example_branch_python_operator_decorator']) retrieved from /home/airflow/.local/lib/python3.7/site-packages/airflow/example_dags/example_branch_operator_decorator.py
[2024-12-03T16:02:17.206+0000] {logging_mixin.py:120} INFO - [2024-12-03T16:02:17.206+0000] {dag.py:2585} INFO - Sync 1 DAGs
[2024-12-03T16:02:17.250+0000] {logging_mixin.py:120} INFO - [2024-12-03T16:02:17.250+0000] {dag.py:3340} INFO - Setting next_dagrun for example_branch_python_operator_decorator to 2024-12-02T00:00:00+00:00, run_after=2024-12-03T00:00:00+00:00
[2024-12-03T16:02:17.286+0000] {processor.py:176} INFO - Processing /home/airflow/.local/lib/python3.7/site-packages/airflow/example_dags/example_branch_operator_decorator.py took 0.177 seconds
[2024-12-03T16:02:48.165+0000] {processor.py:154} INFO - Started process (PID=1194) to work on /home/airflow/.local/lib/python3.7/site-packages/airflow/example_dags/example_branch_operator_decorator.py
[2024-12-03T16:02:48.169+0000] {processor.py:756} INFO - Processing file /home/airflow/.local/lib/python3.7/site-packages/airflow/example_dags/example_branch_operator_decorator.py for tasks to queue
[2024-12-03T16:02:48.172+0000] {logging_mixin.py:120} INFO - [2024-12-03T16:02:48.171+0000] {dagbag.py:537} INFO - Filling up the DagBag from /home/airflow/.local/lib/python3.7/site-packages/airflow/example_dags/example_branch_operator_decorator.py
[2024-12-03T16:02:48.217+0000] {processor.py:766} INFO - DAG(s) dict_keys(['example_branch_python_operator_decorator']) retrieved from /home/airflow/.local/lib/python3.7/site-packages/airflow/example_dags/example_branch_operator_decorator.py
[2024-12-03T16:02:48.296+0000] {logging_mixin.py:120} INFO - [2024-12-03T16:02:48.296+0000] {dag.py:2585} INFO - Sync 1 DAGs
[2024-12-03T16:02:48.343+0000] {logging_mixin.py:120} INFO - [2024-12-03T16:02:48.342+0000] {dag.py:3340} INFO - Setting next_dagrun for example_branch_python_operator_decorator to 2024-12-02T00:00:00+00:00, run_after=2024-12-03T00:00:00+00:00
[2024-12-03T16:02:48.391+0000] {processor.py:176} INFO - Processing /home/airflow/.local/lib/python3.7/site-packages/airflow/example_dags/example_branch_operator_decorator.py took 0.232 seconds
[2024-12-03T16:03:18.717+0000] {processor.py:154} INFO - Started process (PID=1258) to work on /home/airflow/.local/lib/python3.7/site-packages/airflow/example_dags/example_branch_operator_decorator.py
[2024-12-03T16:03:18.719+0000] {processor.py:756} INFO - Processing file /home/airflow/.local/lib/python3.7/site-packages/airflow/example_dags/example_branch_operator_decorator.py for tasks to queue
[2024-12-03T16:03:18.721+0000] {logging_mixin.py:120} INFO - [2024-12-03T16:03:18.721+0000] {dagbag.py:537} INFO - Filling up the DagBag from /home/airflow/.local/lib/python3.7/site-packages/airflow/example_dags/example_branch_operator_decorator.py
[2024-12-03T16:03:18.767+0000] {processor.py:766} INFO - DAG(s) dict_keys(['example_branch_python_operator_decorator']) retrieved from /home/airflow/.local/lib/python3.7/site-packages/airflow/example_dags/example_branch_operator_decorator.py
[2024-12-03T16:03:18.847+0000] {logging_mixin.py:120} INFO - [2024-12-03T16:03:18.846+0000] {dag.py:2585} INFO - Sync 1 DAGs
[2024-12-03T16:03:18.892+0000] {logging_mixin.py:120} INFO - [2024-12-03T16:03:18.891+0000] {dag.py:3340} INFO - Setting next_dagrun for example_branch_python_operator_decorator to 2024-12-02T00:00:00+00:00, run_after=2024-12-03T00:00:00+00:00
[2024-12-03T16:03:18.937+0000] {processor.py:176} INFO - Processing /home/airflow/.local/lib/python3.7/site-packages/airflow/example_dags/example_branch_operator_decorator.py took 0.225 seconds
[2024-12-03T16:03:49.093+0000] {processor.py:154} INFO - Started process (PID=1326) to work on /home/airflow/.local/lib/python3.7/site-packages/airflow/example_dags/example_branch_operator_decorator.py
[2024-12-03T16:03:49.095+0000] {processor.py:756} INFO - Processing file /home/airflow/.local/lib/python3.7/site-packages/airflow/example_dags/example_branch_operator_decorator.py for tasks to queue
[2024-12-03T16:03:49.097+0000] {logging_mixin.py:120} INFO - [2024-12-03T16:03:49.097+0000] {dagbag.py:537} INFO - Filling up the DagBag from /home/airflow/.local/lib/python3.7/site-packages/airflow/example_dags/example_branch_operator_decorator.py
[2024-12-03T16:03:49.140+0000] {processor.py:766} INFO - DAG(s) dict_keys(['example_branch_python_operator_decorator']) retrieved from /home/airflow/.local/lib/python3.7/site-packages/airflow/example_dags/example_branch_operator_decorator.py
[2024-12-03T16:03:49.224+0000] {logging_mixin.py:120} INFO - [2024-12-03T16:03:49.224+0000] {dag.py:2585} INFO - Sync 1 DAGs
[2024-12-03T16:03:49.284+0000] {logging_mixin.py:120} INFO - [2024-12-03T16:03:49.284+0000] {dag.py:3340} INFO - Setting next_dagrun for example_branch_python_operator_decorator to 2024-12-02T00:00:00+00:00, run_after=2024-12-03T00:00:00+00:00
[2024-12-03T16:03:49.330+0000] {processor.py:176} INFO - Processing /home/airflow/.local/lib/python3.7/site-packages/airflow/example_dags/example_branch_operator_decorator.py took 0.241 seconds
[2024-12-03T16:04:19.949+0000] {processor.py:154} INFO - Started process (PID=1389) to work on /home/airflow/.local/lib/python3.7/site-packages/airflow/example_dags/example_branch_operator_decorator.py
[2024-12-03T16:04:19.952+0000] {processor.py:756} INFO - Processing file /home/airflow/.local/lib/python3.7/site-packages/airflow/example_dags/example_branch_operator_decorator.py for tasks to queue
[2024-12-03T16:04:19.955+0000] {logging_mixin.py:120} INFO - [2024-12-03T16:04:19.955+0000] {dagbag.py:537} INFO - Filling up the DagBag from /home/airflow/.local/lib/python3.7/site-packages/airflow/example_dags/example_branch_operator_decorator.py
[2024-12-03T16:04:20.042+0000] {processor.py:766} INFO - DAG(s) dict_keys(['example_branch_python_operator_decorator']) retrieved from /home/airflow/.local/lib/python3.7/site-packages/airflow/example_dags/example_branch_operator_decorator.py
[2024-12-03T16:04:20.215+0000] {logging_mixin.py:120} INFO - [2024-12-03T16:04:20.214+0000] {dag.py:2585} INFO - Sync 1 DAGs
[2024-12-03T16:04:20.350+0000] {logging_mixin.py:120} INFO - [2024-12-03T16:04:20.349+0000] {dag.py:3340} INFO - Setting next_dagrun for example_branch_python_operator_decorator to 2024-12-02T00:00:00+00:00, run_after=2024-12-03T00:00:00+00:00
[2024-12-03T16:04:20.444+0000] {processor.py:176} INFO - Processing /home/airflow/.local/lib/python3.7/site-packages/airflow/example_dags/example_branch_operator_decorator.py took 0.508 seconds
[2024-12-03T16:04:50.974+0000] {processor.py:154} INFO - Started process (PID=1446) to work on /home/airflow/.local/lib/python3.7/site-packages/airflow/example_dags/example_branch_operator_decorator.py
[2024-12-03T16:04:50.976+0000] {processor.py:756} INFO - Processing file /home/airflow/.local/lib/python3.7/site-packages/airflow/example_dags/example_branch_operator_decorator.py for tasks to queue
[2024-12-03T16:04:50.979+0000] {logging_mixin.py:120} INFO - [2024-12-03T16:04:50.979+0000] {dagbag.py:537} INFO - Filling up the DagBag from /home/airflow/.local/lib/python3.7/site-packages/airflow/example_dags/example_branch_operator_decorator.py
[2024-12-03T16:04:51.050+0000] {processor.py:766} INFO - DAG(s) dict_keys(['example_branch_python_operator_decorator']) retrieved from /home/airflow/.local/lib/python3.7/site-packages/airflow/example_dags/example_branch_operator_decorator.py
[2024-12-03T16:04:51.167+0000] {logging_mixin.py:120} INFO - [2024-12-03T16:04:51.167+0000] {dag.py:2585} INFO - Sync 1 DAGs
[2024-12-03T16:04:51.266+0000] {logging_mixin.py:120} INFO - [2024-12-03T16:04:51.266+0000] {dag.py:3340} INFO - Setting next_dagrun for example_branch_python_operator_decorator to 2024-12-02T00:00:00+00:00, run_after=2024-12-03T00:00:00+00:00
[2024-12-03T16:04:51.323+0000] {processor.py:176} INFO - Processing /home/airflow/.local/lib/python3.7/site-packages/airflow/example_dags/example_branch_operator_decorator.py took 0.355 seconds
[2024-12-03T16:05:21.579+0000] {processor.py:154} INFO - Started process (PID=1501) to work on /home/airflow/.local/lib/python3.7/site-packages/airflow/example_dags/example_branch_operator_decorator.py
[2024-12-03T16:05:21.583+0000] {processor.py:756} INFO - Processing file /home/airflow/.local/lib/python3.7/site-packages/airflow/example_dags/example_branch_operator_decorator.py for tasks to queue
[2024-12-03T16:05:21.586+0000] {logging_mixin.py:120} INFO - [2024-12-03T16:05:21.586+0000] {dagbag.py:537} INFO - Filling up the DagBag from /home/airflow/.local/lib/python3.7/site-packages/airflow/example_dags/example_branch_operator_decorator.py
[2024-12-03T16:05:21.672+0000] {processor.py:766} INFO - DAG(s) dict_keys(['example_branch_python_operator_decorator']) retrieved from /home/airflow/.local/lib/python3.7/site-packages/airflow/example_dags/example_branch_operator_decorator.py
[2024-12-03T16:05:21.792+0000] {logging_mixin.py:120} INFO - [2024-12-03T16:05:21.792+0000] {dag.py:2585} INFO - Sync 1 DAGs
[2024-12-03T16:05:21.878+0000] {logging_mixin.py:120} INFO - [2024-12-03T16:05:21.878+0000] {dag.py:3340} INFO - Setting next_dagrun for example_branch_python_operator_decorator to 2024-12-02T00:00:00+00:00, run_after=2024-12-03T00:00:00+00:00
[2024-12-03T16:05:21.946+0000] {processor.py:176} INFO - Processing /home/airflow/.local/lib/python3.7/site-packages/airflow/example_dags/example_branch_operator_decorator.py took 0.377 seconds
[2024-12-03T16:05:52.531+0000] {processor.py:154} INFO - Started process (PID=1556) to work on /home/airflow/.local/lib/python3.7/site-packages/airflow/example_dags/example_branch_operator_decorator.py
[2024-12-03T16:05:52.535+0000] {processor.py:756} INFO - Processing file /home/airflow/.local/lib/python3.7/site-packages/airflow/example_dags/example_branch_operator_decorator.py for tasks to queue
[2024-12-03T16:05:52.538+0000] {logging_mixin.py:120} INFO - [2024-12-03T16:05:52.538+0000] {dagbag.py:537} INFO - Filling up the DagBag from /home/airflow/.local/lib/python3.7/site-packages/airflow/example_dags/example_branch_operator_decorator.py
[2024-12-03T16:05:52.739+0000] {processor.py:766} INFO - DAG(s) dict_keys(['example_branch_python_operator_decorator']) retrieved from /home/airflow/.local/lib/python3.7/site-packages/airflow/example_dags/example_branch_operator_decorator.py
[2024-12-03T16:05:52.981+0000] {logging_mixin.py:120} INFO - [2024-12-03T16:05:52.980+0000] {dag.py:2585} INFO - Sync 1 DAGs
[2024-12-03T16:05:53.085+0000] {logging_mixin.py:120} INFO - [2024-12-03T16:05:53.084+0000] {dag.py:3340} INFO - Setting next_dagrun for example_branch_python_operator_decorator to 2024-12-02T00:00:00+00:00, run_after=2024-12-03T00:00:00+00:00
[2024-12-03T16:05:53.150+0000] {processor.py:176} INFO - Processing /home/airflow/.local/lib/python3.7/site-packages/airflow/example_dags/example_branch_operator_decorator.py took 0.641 seconds
[2024-12-03T16:06:23.454+0000] {processor.py:154} INFO - Started process (PID=1612) to work on /home/airflow/.local/lib/python3.7/site-packages/airflow/example_dags/example_branch_operator_decorator.py
[2024-12-03T16:06:23.456+0000] {processor.py:756} INFO - Processing file /home/airflow/.local/lib/python3.7/site-packages/airflow/example_dags/example_branch_operator_decorator.py for tasks to queue
[2024-12-03T16:06:23.458+0000] {logging_mixin.py:120} INFO - [2024-12-03T16:06:23.458+0000] {dagbag.py:537} INFO - Filling up the DagBag from /home/airflow/.local/lib/python3.7/site-packages/airflow/example_dags/example_branch_operator_decorator.py
[2024-12-03T16:06:23.513+0000] {processor.py:766} INFO - DAG(s) dict_keys(['example_branch_python_operator_decorator']) retrieved from /home/airflow/.local/lib/python3.7/site-packages/airflow/example_dags/example_branch_operator_decorator.py
[2024-12-03T16:06:23.630+0000] {logging_mixin.py:120} INFO - [2024-12-03T16:06:23.630+0000] {dag.py:2585} INFO - Sync 1 DAGs
[2024-12-03T16:06:23.730+0000] {logging_mixin.py:120} INFO - [2024-12-03T16:06:23.729+0000] {dag.py:3340} INFO - Setting next_dagrun for example_branch_python_operator_decorator to 2024-12-02T00:00:00+00:00, run_after=2024-12-03T00:00:00+00:00
[2024-12-03T16:06:23.808+0000] {processor.py:176} INFO - Processing /home/airflow/.local/lib/python3.7/site-packages/airflow/example_dags/example_branch_operator_decorator.py took 0.366 seconds
[2024-12-03T16:06:54.227+0000] {processor.py:154} INFO - Started process (PID=1667) to work on /home/airflow/.local/lib/python3.7/site-packages/airflow/example_dags/example_branch_operator_decorator.py
[2024-12-03T16:06:54.232+0000] {processor.py:756} INFO - Processing file /home/airflow/.local/lib/python3.7/site-packages/airflow/example_dags/example_branch_operator_decorator.py for tasks to queue
[2024-12-03T16:06:54.240+0000] {logging_mixin.py:120} INFO - [2024-12-03T16:06:54.239+0000] {dagbag.py:537} INFO - Filling up the DagBag from /home/airflow/.local/lib/python3.7/site-packages/airflow/example_dags/example_branch_operator_decorator.py
[2024-12-03T16:06:54.343+0000] {processor.py:766} INFO - DAG(s) dict_keys(['example_branch_python_operator_decorator']) retrieved from /home/airflow/.local/lib/python3.7/site-packages/airflow/example_dags/example_branch_operator_decorator.py
[2024-12-03T16:06:54.642+0000] {logging_mixin.py:120} INFO - [2024-12-03T16:06:54.631+0000] {dag.py:2585} INFO - Sync 1 DAGs
[2024-12-03T16:06:54.785+0000] {logging_mixin.py:120} INFO - [2024-12-03T16:06:54.784+0000] {dag.py:3340} INFO - Setting next_dagrun for example_branch_python_operator_decorator to 2024-12-02T00:00:00+00:00, run_after=2024-12-03T00:00:00+00:00
[2024-12-03T16:06:54.910+0000] {processor.py:176} INFO - Processing /home/airflow/.local/lib/python3.7/site-packages/airflow/example_dags/example_branch_operator_decorator.py took 0.691 seconds
[2024-12-03T16:07:25.231+0000] {processor.py:154} INFO - Started process (PID=1722) to work on /home/airflow/.local/lib/python3.7/site-packages/airflow/example_dags/example_branch_operator_decorator.py
[2024-12-03T16:07:25.233+0000] {processor.py:756} INFO - Processing file /home/airflow/.local/lib/python3.7/site-packages/airflow/example_dags/example_branch_operator_decorator.py for tasks to queue
[2024-12-03T16:07:25.236+0000] {logging_mixin.py:120} INFO - [2024-12-03T16:07:25.236+0000] {dagbag.py:537} INFO - Filling up the DagBag from /home/airflow/.local/lib/python3.7/site-packages/airflow/example_dags/example_branch_operator_decorator.py
[2024-12-03T16:07:25.321+0000] {processor.py:766} INFO - DAG(s) dict_keys(['example_branch_python_operator_decorator']) retrieved from /home/airflow/.local/lib/python3.7/site-packages/airflow/example_dags/example_branch_operator_decorator.py
[2024-12-03T16:07:25.463+0000] {logging_mixin.py:120} INFO - [2024-12-03T16:07:25.463+0000] {dag.py:2585} INFO - Sync 1 DAGs
[2024-12-03T16:07:25.548+0000] {logging_mixin.py:120} INFO - [2024-12-03T16:07:25.548+0000] {dag.py:3340} INFO - Setting next_dagrun for example_branch_python_operator_decorator to 2024-12-02T00:00:00+00:00, run_after=2024-12-03T00:00:00+00:00
[2024-12-03T16:07:25.621+0000] {processor.py:176} INFO - Processing /home/airflow/.local/lib/python3.7/site-packages/airflow/example_dags/example_branch_operator_decorator.py took 0.396 seconds
[2024-12-03T16:07:56.076+0000] {processor.py:154} INFO - Started process (PID=1777) to work on /home/airflow/.local/lib/python3.7/site-packages/airflow/example_dags/example_branch_operator_decorator.py
[2024-12-03T16:07:56.078+0000] {processor.py:756} INFO - Processing file /home/airflow/.local/lib/python3.7/site-packages/airflow/example_dags/example_branch_operator_decorator.py for tasks to queue
[2024-12-03T16:07:56.081+0000] {logging_mixin.py:120} INFO - [2024-12-03T16:07:56.080+0000] {dagbag.py:537} INFO - Filling up the DagBag from /home/airflow/.local/lib/python3.7/site-packages/airflow/example_dags/example_branch_operator_decorator.py
[2024-12-03T16:07:56.149+0000] {processor.py:766} INFO - DAG(s) dict_keys(['example_branch_python_operator_decorator']) retrieved from /home/airflow/.local/lib/python3.7/site-packages/airflow/example_dags/example_branch_operator_decorator.py
[2024-12-03T16:07:56.287+0000] {logging_mixin.py:120} INFO - [2024-12-03T16:07:56.287+0000] {dag.py:2585} INFO - Sync 1 DAGs
[2024-12-03T16:07:56.376+0000] {logging_mixin.py:120} INFO - [2024-12-03T16:07:56.375+0000] {dag.py:3340} INFO - Setting next_dagrun for example_branch_python_operator_decorator to 2024-12-02T00:00:00+00:00, run_after=2024-12-03T00:00:00+00:00
[2024-12-03T16:07:56.439+0000] {processor.py:176} INFO - Processing /home/airflow/.local/lib/python3.7/site-packages/airflow/example_dags/example_branch_operator_decorator.py took 0.371 seconds
[2024-12-03T16:08:26.966+0000] {processor.py:154} INFO - Started process (PID=1849) to work on /home/airflow/.local/lib/python3.7/site-packages/airflow/example_dags/example_branch_operator_decorator.py
[2024-12-03T16:08:26.969+0000] {processor.py:756} INFO - Processing file /home/airflow/.local/lib/python3.7/site-packages/airflow/example_dags/example_branch_operator_decorator.py for tasks to queue
[2024-12-03T16:08:26.972+0000] {logging_mixin.py:120} INFO - [2024-12-03T16:08:26.971+0000] {dagbag.py:537} INFO - Filling up the DagBag from /home/airflow/.local/lib/python3.7/site-packages/airflow/example_dags/example_branch_operator_decorator.py
[2024-12-03T16:08:27.044+0000] {processor.py:766} INFO - DAG(s) dict_keys(['example_branch_python_operator_decorator']) retrieved from /home/airflow/.local/lib/python3.7/site-packages/airflow/example_dags/example_branch_operator_decorator.py
[2024-12-03T16:08:27.174+0000] {logging_mixin.py:120} INFO - [2024-12-03T16:08:27.173+0000] {dag.py:2585} INFO - Sync 1 DAGs
[2024-12-03T16:08:27.259+0000] {logging_mixin.py:120} INFO - [2024-12-03T16:08:27.259+0000] {dag.py:3340} INFO - Setting next_dagrun for example_branch_python_operator_decorator to 2024-12-02T00:00:00+00:00, run_after=2024-12-03T00:00:00+00:00
[2024-12-03T16:08:27.342+0000] {processor.py:176} INFO - Processing /home/airflow/.local/lib/python3.7/site-packages/airflow/example_dags/example_branch_operator_decorator.py took 0.385 seconds
[2024-12-03T16:08:57.918+0000] {processor.py:154} INFO - Started process (PID=1916) to work on /home/airflow/.local/lib/python3.7/site-packages/airflow/example_dags/example_branch_operator_decorator.py
[2024-12-03T16:08:57.921+0000] {processor.py:756} INFO - Processing file /home/airflow/.local/lib/python3.7/site-packages/airflow/example_dags/example_branch_operator_decorator.py for tasks to queue
[2024-12-03T16:08:57.929+0000] {logging_mixin.py:120} INFO - [2024-12-03T16:08:57.928+0000] {dagbag.py:537} INFO - Filling up the DagBag from /home/airflow/.local/lib/python3.7/site-packages/airflow/example_dags/example_branch_operator_decorator.py
[2024-12-03T16:08:58.040+0000] {processor.py:766} INFO - DAG(s) dict_keys(['example_branch_python_operator_decorator']) retrieved from /home/airflow/.local/lib/python3.7/site-packages/airflow/example_dags/example_branch_operator_decorator.py
[2024-12-03T16:08:58.173+0000] {logging_mixin.py:120} INFO - [2024-12-03T16:08:58.173+0000] {dag.py:2585} INFO - Sync 1 DAGs
[2024-12-03T16:08:58.261+0000] {logging_mixin.py:120} INFO - [2024-12-03T16:08:58.260+0000] {dag.py:3340} INFO - Setting next_dagrun for example_branch_python_operator_decorator to 2024-12-02T00:00:00+00:00, run_after=2024-12-03T00:00:00+00:00
[2024-12-03T16:08:58.336+0000] {processor.py:176} INFO - Processing /home/airflow/.local/lib/python3.7/site-packages/airflow/example_dags/example_branch_operator_decorator.py took 0.425 seconds
[2024-12-03T16:09:29.289+0000] {processor.py:154} INFO - Started process (PID=1971) to work on /home/airflow/.local/lib/python3.7/site-packages/airflow/example_dags/example_branch_operator_decorator.py
[2024-12-03T16:09:29.292+0000] {processor.py:756} INFO - Processing file /home/airflow/.local/lib/python3.7/site-packages/airflow/example_dags/example_branch_operator_decorator.py for tasks to queue
[2024-12-03T16:09:29.296+0000] {logging_mixin.py:120} INFO - [2024-12-03T16:09:29.295+0000] {dagbag.py:537} INFO - Filling up the DagBag from /home/airflow/.local/lib/python3.7/site-packages/airflow/example_dags/example_branch_operator_decorator.py
[2024-12-03T16:09:29.392+0000] {processor.py:766} INFO - DAG(s) dict_keys(['example_branch_python_operator_decorator']) retrieved from /home/airflow/.local/lib/python3.7/site-packages/airflow/example_dags/example_branch_operator_decorator.py
[2024-12-03T16:09:29.532+0000] {logging_mixin.py:120} INFO - [2024-12-03T16:09:29.532+0000] {dag.py:2585} INFO - Sync 1 DAGs
[2024-12-03T16:09:29.640+0000] {logging_mixin.py:120} INFO - [2024-12-03T16:09:29.640+0000] {dag.py:3340} INFO - Setting next_dagrun for example_branch_python_operator_decorator to 2024-12-02T00:00:00+00:00, run_after=2024-12-03T00:00:00+00:00
[2024-12-03T16:09:29.717+0000] {processor.py:176} INFO - Processing /home/airflow/.local/lib/python3.7/site-packages/airflow/example_dags/example_branch_operator_decorator.py took 0.437 seconds
[2024-12-03T16:09:59.888+0000] {processor.py:154} INFO - Started process (PID=2026) to work on /home/airflow/.local/lib/python3.7/site-packages/airflow/example_dags/example_branch_operator_decorator.py
[2024-12-03T16:09:59.892+0000] {processor.py:756} INFO - Processing file /home/airflow/.local/lib/python3.7/site-packages/airflow/example_dags/example_branch_operator_decorator.py for tasks to queue
[2024-12-03T16:09:59.895+0000] {logging_mixin.py:120} INFO - [2024-12-03T16:09:59.895+0000] {dagbag.py:537} INFO - Filling up the DagBag from /home/airflow/.local/lib/python3.7/site-packages/airflow/example_dags/example_branch_operator_decorator.py
[2024-12-03T16:09:59.966+0000] {processor.py:766} INFO - DAG(s) dict_keys(['example_branch_python_operator_decorator']) retrieved from /home/airflow/.local/lib/python3.7/site-packages/airflow/example_dags/example_branch_operator_decorator.py
[2024-12-03T16:10:00.107+0000] {logging_mixin.py:120} INFO - [2024-12-03T16:10:00.106+0000] {dag.py:2585} INFO - Sync 1 DAGs
[2024-12-03T16:10:00.175+0000] {logging_mixin.py:120} INFO - [2024-12-03T16:10:00.174+0000] {dag.py:3340} INFO - Setting next_dagrun for example_branch_python_operator_decorator to 2024-12-02T00:00:00+00:00, run_after=2024-12-03T00:00:00+00:00
[2024-12-03T16:10:00.240+0000] {processor.py:176} INFO - Processing /home/airflow/.local/lib/python3.7/site-packages/airflow/example_dags/example_branch_operator_decorator.py took 0.360 seconds
[2024-12-03T16:10:30.357+0000] {processor.py:154} INFO - Started process (PID=2081) to work on /home/airflow/.local/lib/python3.7/site-packages/airflow/example_dags/example_branch_operator_decorator.py
[2024-12-03T16:10:30.360+0000] {processor.py:756} INFO - Processing file /home/airflow/.local/lib/python3.7/site-packages/airflow/example_dags/example_branch_operator_decorator.py for tasks to queue
[2024-12-03T16:10:30.362+0000] {logging_mixin.py:120} INFO - [2024-12-03T16:10:30.362+0000] {dagbag.py:537} INFO - Filling up the DagBag from /home/airflow/.local/lib/python3.7/site-packages/airflow/example_dags/example_branch_operator_decorator.py
[2024-12-03T16:10:30.418+0000] {processor.py:766} INFO - DAG(s) dict_keys(['example_branch_python_operator_decorator']) retrieved from /home/airflow/.local/lib/python3.7/site-packages/airflow/example_dags/example_branch_operator_decorator.py
[2024-12-03T16:10:30.522+0000] {logging_mixin.py:120} INFO - [2024-12-03T16:10:30.521+0000] {dag.py:2585} INFO - Sync 1 DAGs
[2024-12-03T16:10:30.585+0000] {logging_mixin.py:120} INFO - [2024-12-03T16:10:30.584+0000] {dag.py:3340} INFO - Setting next_dagrun for example_branch_python_operator_decorator to 2024-12-02T00:00:00+00:00, run_after=2024-12-03T00:00:00+00:00
[2024-12-03T16:10:30.642+0000] {processor.py:176} INFO - Processing /home/airflow/.local/lib/python3.7/site-packages/airflow/example_dags/example_branch_operator_decorator.py took 0.294 seconds
[2024-12-03T16:11:00.915+0000] {processor.py:154} INFO - Started process (PID=2136) to work on /home/airflow/.local/lib/python3.7/site-packages/airflow/example_dags/example_branch_operator_decorator.py
[2024-12-03T16:11:00.918+0000] {processor.py:756} INFO - Processing file /home/airflow/.local/lib/python3.7/site-packages/airflow/example_dags/example_branch_operator_decorator.py for tasks to queue
[2024-12-03T16:11:00.921+0000] {logging_mixin.py:120} INFO - [2024-12-03T16:11:00.920+0000] {dagbag.py:537} INFO - Filling up the DagBag from /home/airflow/.local/lib/python3.7/site-packages/airflow/example_dags/example_branch_operator_decorator.py
[2024-12-03T16:11:01.005+0000] {processor.py:766} INFO - DAG(s) dict_keys(['example_branch_python_operator_decorator']) retrieved from /home/airflow/.local/lib/python3.7/site-packages/airflow/example_dags/example_branch_operator_decorator.py
[2024-12-03T16:11:01.144+0000] {logging_mixin.py:120} INFO - [2024-12-03T16:11:01.143+0000] {dag.py:2585} INFO - Sync 1 DAGs
[2024-12-03T16:11:01.245+0000] {logging_mixin.py:120} INFO - [2024-12-03T16:11:01.244+0000] {dag.py:3340} INFO - Setting next_dagrun for example_branch_python_operator_decorator to 2024-12-02T00:00:00+00:00, run_after=2024-12-03T00:00:00+00:00
[2024-12-03T16:11:01.320+0000] {processor.py:176} INFO - Processing /home/airflow/.local/lib/python3.7/site-packages/airflow/example_dags/example_branch_operator_decorator.py took 0.418 seconds
[2024-12-03T16:11:32.367+0000] {processor.py:154} INFO - Started process (PID=2191) to work on /home/airflow/.local/lib/python3.7/site-packages/airflow/example_dags/example_branch_operator_decorator.py
[2024-12-03T16:11:32.370+0000] {processor.py:756} INFO - Processing file /home/airflow/.local/lib/python3.7/site-packages/airflow/example_dags/example_branch_operator_decorator.py for tasks to queue
[2024-12-03T16:11:32.374+0000] {logging_mixin.py:120} INFO - [2024-12-03T16:11:32.373+0000] {dagbag.py:537} INFO - Filling up the DagBag from /home/airflow/.local/lib/python3.7/site-packages/airflow/example_dags/example_branch_operator_decorator.py
[2024-12-03T16:11:32.458+0000] {processor.py:766} INFO - DAG(s) dict_keys(['example_branch_python_operator_decorator']) retrieved from /home/airflow/.local/lib/python3.7/site-packages/airflow/example_dags/example_branch_operator_decorator.py
[2024-12-03T16:11:32.614+0000] {logging_mixin.py:120} INFO - [2024-12-03T16:11:32.614+0000] {dag.py:2585} INFO - Sync 1 DAGs
[2024-12-03T16:11:32.716+0000] {logging_mixin.py:120} INFO - [2024-12-03T16:11:32.715+0000] {dag.py:3340} INFO - Setting next_dagrun for example_branch_python_operator_decorator to 2024-12-02T00:00:00+00:00, run_after=2024-12-03T00:00:00+00:00
[2024-12-03T16:11:32.808+0000] {processor.py:176} INFO - Processing /home/airflow/.local/lib/python3.7/site-packages/airflow/example_dags/example_branch_operator_decorator.py took 0.455 seconds
[2024-12-03T16:12:02.930+0000] {processor.py:154} INFO - Started process (PID=2246) to work on /home/airflow/.local/lib/python3.7/site-packages/airflow/example_dags/example_branch_operator_decorator.py
[2024-12-03T16:12:02.933+0000] {processor.py:756} INFO - Processing file /home/airflow/.local/lib/python3.7/site-packages/airflow/example_dags/example_branch_operator_decorator.py for tasks to queue
[2024-12-03T16:12:02.937+0000] {logging_mixin.py:120} INFO - [2024-12-03T16:12:02.936+0000] {dagbag.py:537} INFO - Filling up the DagBag from /home/airflow/.local/lib/python3.7/site-packages/airflow/example_dags/example_branch_operator_decorator.py
[2024-12-03T16:12:03.034+0000] {processor.py:766} INFO - DAG(s) dict_keys(['example_branch_python_operator_decorator']) retrieved from /home/airflow/.local/lib/python3.7/site-packages/airflow/example_dags/example_branch_operator_decorator.py
[2024-12-03T16:12:03.269+0000] {logging_mixin.py:120} INFO - [2024-12-03T16:12:03.269+0000] {dag.py:2585} INFO - Sync 1 DAGs
[2024-12-03T16:12:03.381+0000] {logging_mixin.py:120} INFO - [2024-12-03T16:12:03.380+0000] {dag.py:3340} INFO - Setting next_dagrun for example_branch_python_operator_decorator to 2024-12-02T00:00:00+00:00, run_after=2024-12-03T00:00:00+00:00
[2024-12-03T16:12:03.460+0000] {processor.py:176} INFO - Processing /home/airflow/.local/lib/python3.7/site-packages/airflow/example_dags/example_branch_operator_decorator.py took 0.539 seconds
[2024-12-03T16:12:33.601+0000] {processor.py:154} INFO - Started process (PID=2310) to work on /home/airflow/.local/lib/python3.7/site-packages/airflow/example_dags/example_branch_operator_decorator.py
[2024-12-03T16:12:33.605+0000] {processor.py:756} INFO - Processing file /home/airflow/.local/lib/python3.7/site-packages/airflow/example_dags/example_branch_operator_decorator.py for tasks to queue
[2024-12-03T16:12:33.608+0000] {logging_mixin.py:120} INFO - [2024-12-03T16:12:33.608+0000] {dagbag.py:537} INFO - Filling up the DagBag from /home/airflow/.local/lib/python3.7/site-packages/airflow/example_dags/example_branch_operator_decorator.py
[2024-12-03T16:12:33.716+0000] {processor.py:766} INFO - DAG(s) dict_keys(['example_branch_python_operator_decorator']) retrieved from /home/airflow/.local/lib/python3.7/site-packages/airflow/example_dags/example_branch_operator_decorator.py
[2024-12-03T16:12:33.926+0000] {logging_mixin.py:120} INFO - [2024-12-03T16:12:33.925+0000] {dag.py:2585} INFO - Sync 1 DAGs
[2024-12-03T16:12:34.073+0000] {logging_mixin.py:120} INFO - [2024-12-03T16:12:34.072+0000] {dag.py:3340} INFO - Setting next_dagrun for example_branch_python_operator_decorator to 2024-12-02T00:00:00+00:00, run_after=2024-12-03T00:00:00+00:00
[2024-12-03T16:12:34.174+0000] {processor.py:176} INFO - Processing /home/airflow/.local/lib/python3.7/site-packages/airflow/example_dags/example_branch_operator_decorator.py took 0.583 seconds
[2024-12-03T16:13:04.964+0000] {processor.py:154} INFO - Started process (PID=2366) to work on /home/airflow/.local/lib/python3.7/site-packages/airflow/example_dags/example_branch_operator_decorator.py
[2024-12-03T16:13:04.968+0000] {processor.py:756} INFO - Processing file /home/airflow/.local/lib/python3.7/site-packages/airflow/example_dags/example_branch_operator_decorator.py for tasks to queue
[2024-12-03T16:13:04.971+0000] {logging_mixin.py:120} INFO - [2024-12-03T16:13:04.971+0000] {dagbag.py:537} INFO - Filling up the DagBag from /home/airflow/.local/lib/python3.7/site-packages/airflow/example_dags/example_branch_operator_decorator.py
[2024-12-03T16:13:05.154+0000] {processor.py:766} INFO - DAG(s) dict_keys(['example_branch_python_operator_decorator']) retrieved from /home/airflow/.local/lib/python3.7/site-packages/airflow/example_dags/example_branch_operator_decorator.py
[2024-12-03T16:13:05.364+0000] {logging_mixin.py:120} INFO - [2024-12-03T16:13:05.364+0000] {dag.py:2585} INFO - Sync 1 DAGs
[2024-12-03T16:13:05.468+0000] {logging_mixin.py:120} INFO - [2024-12-03T16:13:05.467+0000] {dag.py:3340} INFO - Setting next_dagrun for example_branch_python_operator_decorator to 2024-12-02T00:00:00+00:00, run_after=2024-12-03T00:00:00+00:00
[2024-12-03T16:13:05.569+0000] {processor.py:176} INFO - Processing /home/airflow/.local/lib/python3.7/site-packages/airflow/example_dags/example_branch_operator_decorator.py took 0.619 seconds
[2024-12-03T16:13:35.997+0000] {processor.py:154} INFO - Started process (PID=2421) to work on /home/airflow/.local/lib/python3.7/site-packages/airflow/example_dags/example_branch_operator_decorator.py
[2024-12-03T16:13:35.999+0000] {processor.py:756} INFO - Processing file /home/airflow/.local/lib/python3.7/site-packages/airflow/example_dags/example_branch_operator_decorator.py for tasks to queue
[2024-12-03T16:13:36.002+0000] {logging_mixin.py:120} INFO - [2024-12-03T16:13:36.002+0000] {dagbag.py:537} INFO - Filling up the DagBag from /home/airflow/.local/lib/python3.7/site-packages/airflow/example_dags/example_branch_operator_decorator.py
[2024-12-03T16:13:36.064+0000] {processor.py:766} INFO - DAG(s) dict_keys(['example_branch_python_operator_decorator']) retrieved from /home/airflow/.local/lib/python3.7/site-packages/airflow/example_dags/example_branch_operator_decorator.py
[2024-12-03T16:13:36.197+0000] {logging_mixin.py:120} INFO - [2024-12-03T16:13:36.197+0000] {dag.py:2585} INFO - Sync 1 DAGs
[2024-12-03T16:13:36.289+0000] {logging_mixin.py:120} INFO - [2024-12-03T16:13:36.289+0000] {dag.py:3340} INFO - Setting next_dagrun for example_branch_python_operator_decorator to 2024-12-02T00:00:00+00:00, run_after=2024-12-03T00:00:00+00:00
[2024-12-03T16:13:36.362+0000] {processor.py:176} INFO - Processing /home/airflow/.local/lib/python3.7/site-packages/airflow/example_dags/example_branch_operator_decorator.py took 0.373 seconds
[2024-12-03T16:14:06.637+0000] {processor.py:154} INFO - Started process (PID=2480) to work on /home/airflow/.local/lib/python3.7/site-packages/airflow/example_dags/example_branch_operator_decorator.py
[2024-12-03T16:14:06.642+0000] {processor.py:756} INFO - Processing file /home/airflow/.local/lib/python3.7/site-packages/airflow/example_dags/example_branch_operator_decorator.py for tasks to queue
[2024-12-03T16:14:06.645+0000] {logging_mixin.py:120} INFO - [2024-12-03T16:14:06.645+0000] {dagbag.py:537} INFO - Filling up the DagBag from /home/airflow/.local/lib/python3.7/site-packages/airflow/example_dags/example_branch_operator_decorator.py
[2024-12-03T16:14:06.823+0000] {processor.py:766} INFO - DAG(s) dict_keys(['example_branch_python_operator_decorator']) retrieved from /home/airflow/.local/lib/python3.7/site-packages/airflow/example_dags/example_branch_operator_decorator.py
[2024-12-03T16:14:07.002+0000] {logging_mixin.py:120} INFO - [2024-12-03T16:14:07.001+0000] {dag.py:2585} INFO - Sync 1 DAGs
[2024-12-03T16:14:07.136+0000] {logging_mixin.py:120} INFO - [2024-12-03T16:14:07.136+0000] {dag.py:3340} INFO - Setting next_dagrun for example_branch_python_operator_decorator to 2024-12-02T00:00:00+00:00, run_after=2024-12-03T00:00:00+00:00
[2024-12-03T16:14:07.222+0000] {processor.py:176} INFO - Processing /home/airflow/.local/lib/python3.7/site-packages/airflow/example_dags/example_branch_operator_decorator.py took 0.603 seconds
[2024-12-03T16:14:37.424+0000] {processor.py:154} INFO - Started process (PID=2543) to work on /home/airflow/.local/lib/python3.7/site-packages/airflow/example_dags/example_branch_operator_decorator.py
[2024-12-03T16:14:37.426+0000] {processor.py:756} INFO - Processing file /home/airflow/.local/lib/python3.7/site-packages/airflow/example_dags/example_branch_operator_decorator.py for tasks to queue
[2024-12-03T16:14:37.429+0000] {logging_mixin.py:120} INFO - [2024-12-03T16:14:37.429+0000] {dagbag.py:537} INFO - Filling up the DagBag from /home/airflow/.local/lib/python3.7/site-packages/airflow/example_dags/example_branch_operator_decorator.py
[2024-12-03T16:14:37.495+0000] {processor.py:766} INFO - DAG(s) dict_keys(['example_branch_python_operator_decorator']) retrieved from /home/airflow/.local/lib/python3.7/site-packages/airflow/example_dags/example_branch_operator_decorator.py
[2024-12-03T16:14:37.597+0000] {logging_mixin.py:120} INFO - [2024-12-03T16:14:37.597+0000] {dag.py:2585} INFO - Sync 1 DAGs
[2024-12-03T16:14:37.675+0000] {logging_mixin.py:120} INFO - [2024-12-03T16:14:37.675+0000] {dag.py:3340} INFO - Setting next_dagrun for example_branch_python_operator_decorator to 2024-12-02T00:00:00+00:00, run_after=2024-12-03T00:00:00+00:00
[2024-12-03T16:14:37.759+0000] {processor.py:176} INFO - Processing /home/airflow/.local/lib/python3.7/site-packages/airflow/example_dags/example_branch_operator_decorator.py took 0.343 seconds
[2024-12-03T16:15:08.617+0000] {processor.py:154} INFO - Started process (PID=2598) to work on /home/airflow/.local/lib/python3.7/site-packages/airflow/example_dags/example_branch_operator_decorator.py
[2024-12-03T16:15:08.620+0000] {processor.py:756} INFO - Processing file /home/airflow/.local/lib/python3.7/site-packages/airflow/example_dags/example_branch_operator_decorator.py for tasks to queue
[2024-12-03T16:15:08.622+0000] {logging_mixin.py:120} INFO - [2024-12-03T16:15:08.621+0000] {dagbag.py:537} INFO - Filling up the DagBag from /home/airflow/.local/lib/python3.7/site-packages/airflow/example_dags/example_branch_operator_decorator.py
[2024-12-03T16:15:08.695+0000] {processor.py:766} INFO - DAG(s) dict_keys(['example_branch_python_operator_decorator']) retrieved from /home/airflow/.local/lib/python3.7/site-packages/airflow/example_dags/example_branch_operator_decorator.py
[2024-12-03T16:15:08.816+0000] {logging_mixin.py:120} INFO - [2024-12-03T16:15:08.816+0000] {dag.py:2585} INFO - Sync 1 DAGs
[2024-12-03T16:15:08.898+0000] {logging_mixin.py:120} INFO - [2024-12-03T16:15:08.897+0000] {dag.py:3340} INFO - Setting next_dagrun for example_branch_python_operator_decorator to 2024-12-02T00:00:00+00:00, run_after=2024-12-03T00:00:00+00:00
[2024-12-03T16:15:08.956+0000] {processor.py:176} INFO - Processing /home/airflow/.local/lib/python3.7/site-packages/airflow/example_dags/example_branch_operator_decorator.py took 0.345 seconds
[2024-12-03T16:15:39.125+0000] {processor.py:154} INFO - Started process (PID=2653) to work on /home/airflow/.local/lib/python3.7/site-packages/airflow/example_dags/example_branch_operator_decorator.py
[2024-12-03T16:15:39.127+0000] {processor.py:756} INFO - Processing file /home/airflow/.local/lib/python3.7/site-packages/airflow/example_dags/example_branch_operator_decorator.py for tasks to queue
[2024-12-03T16:15:39.129+0000] {logging_mixin.py:120} INFO - [2024-12-03T16:15:39.129+0000] {dagbag.py:537} INFO - Filling up the DagBag from /home/airflow/.local/lib/python3.7/site-packages/airflow/example_dags/example_branch_operator_decorator.py
[2024-12-03T16:15:39.194+0000] {processor.py:766} INFO - DAG(s) dict_keys(['example_branch_python_operator_decorator']) retrieved from /home/airflow/.local/lib/python3.7/site-packages/airflow/example_dags/example_branch_operator_decorator.py
[2024-12-03T16:15:39.324+0000] {logging_mixin.py:120} INFO - [2024-12-03T16:15:39.324+0000] {dag.py:2585} INFO - Sync 1 DAGs
[2024-12-03T16:15:39.411+0000] {logging_mixin.py:120} INFO - [2024-12-03T16:15:39.410+0000] {dag.py:3340} INFO - Setting next_dagrun for example_branch_python_operator_decorator to 2024-12-02T00:00:00+00:00, run_after=2024-12-03T00:00:00+00:00
[2024-12-03T16:15:39.472+0000] {processor.py:176} INFO - Processing /home/airflow/.local/lib/python3.7/site-packages/airflow/example_dags/example_branch_operator_decorator.py took 0.354 seconds
[2024-12-03T16:16:10.303+0000] {processor.py:154} INFO - Started process (PID=2719) to work on /home/airflow/.local/lib/python3.7/site-packages/airflow/example_dags/example_branch_operator_decorator.py
[2024-12-03T16:16:10.307+0000] {processor.py:756} INFO - Processing file /home/airflow/.local/lib/python3.7/site-packages/airflow/example_dags/example_branch_operator_decorator.py for tasks to queue
[2024-12-03T16:16:10.310+0000] {logging_mixin.py:120} INFO - [2024-12-03T16:16:10.309+0000] {dagbag.py:537} INFO - Filling up the DagBag from /home/airflow/.local/lib/python3.7/site-packages/airflow/example_dags/example_branch_operator_decorator.py
[2024-12-03T16:16:10.394+0000] {processor.py:766} INFO - DAG(s) dict_keys(['example_branch_python_operator_decorator']) retrieved from /home/airflow/.local/lib/python3.7/site-packages/airflow/example_dags/example_branch_operator_decorator.py
[2024-12-03T16:16:10.523+0000] {logging_mixin.py:120} INFO - [2024-12-03T16:16:10.523+0000] {dag.py:2585} INFO - Sync 1 DAGs
[2024-12-03T16:16:10.629+0000] {logging_mixin.py:120} INFO - [2024-12-03T16:16:10.628+0000] {dag.py:3340} INFO - Setting next_dagrun for example_branch_python_operator_decorator to 2024-12-02T00:00:00+00:00, run_after=2024-12-03T00:00:00+00:00
[2024-12-03T16:16:10.729+0000] {processor.py:176} INFO - Processing /home/airflow/.local/lib/python3.7/site-packages/airflow/example_dags/example_branch_operator_decorator.py took 0.441 seconds
[2024-12-03T16:16:40.901+0000] {processor.py:154} INFO - Started process (PID=2774) to work on /home/airflow/.local/lib/python3.7/site-packages/airflow/example_dags/example_branch_operator_decorator.py
[2024-12-03T16:16:40.904+0000] {processor.py:756} INFO - Processing file /home/airflow/.local/lib/python3.7/site-packages/airflow/example_dags/example_branch_operator_decorator.py for tasks to queue
[2024-12-03T16:16:40.906+0000] {logging_mixin.py:120} INFO - [2024-12-03T16:16:40.905+0000] {dagbag.py:537} INFO - Filling up the DagBag from /home/airflow/.local/lib/python3.7/site-packages/airflow/example_dags/example_branch_operator_decorator.py
[2024-12-03T16:16:40.983+0000] {processor.py:766} INFO - DAG(s) dict_keys(['example_branch_python_operator_decorator']) retrieved from /home/airflow/.local/lib/python3.7/site-packages/airflow/example_dags/example_branch_operator_decorator.py
[2024-12-03T16:16:41.152+0000] {logging_mixin.py:120} INFO - [2024-12-03T16:16:41.151+0000] {dag.py:2585} INFO - Sync 1 DAGs
[2024-12-03T16:16:41.273+0000] {logging_mixin.py:120} INFO - [2024-12-03T16:16:41.273+0000] {dag.py:3340} INFO - Setting next_dagrun for example_branch_python_operator_decorator to 2024-12-02T00:00:00+00:00, run_after=2024-12-03T00:00:00+00:00
[2024-12-03T16:16:41.353+0000] {processor.py:176} INFO - Processing /home/airflow/.local/lib/python3.7/site-packages/airflow/example_dags/example_branch_operator_decorator.py took 0.458 seconds
[2024-12-03T16:17:11.539+0000] {processor.py:154} INFO - Started process (PID=2830) to work on /home/airflow/.local/lib/python3.7/site-packages/airflow/example_dags/example_branch_operator_decorator.py
[2024-12-03T16:17:11.543+0000] {processor.py:756} INFO - Processing file /home/airflow/.local/lib/python3.7/site-packages/airflow/example_dags/example_branch_operator_decorator.py for tasks to queue
[2024-12-03T16:17:11.546+0000] {logging_mixin.py:120} INFO - [2024-12-03T16:17:11.546+0000] {dagbag.py:537} INFO - Filling up the DagBag from /home/airflow/.local/lib/python3.7/site-packages/airflow/example_dags/example_branch_operator_decorator.py
[2024-12-03T16:17:11.612+0000] {processor.py:766} INFO - DAG(s) dict_keys(['example_branch_python_operator_decorator']) retrieved from /home/airflow/.local/lib/python3.7/site-packages/airflow/example_dags/example_branch_operator_decorator.py
[2024-12-03T16:17:11.742+0000] {logging_mixin.py:120} INFO - [2024-12-03T16:17:11.742+0000] {dag.py:2585} INFO - Sync 1 DAGs
[2024-12-03T16:17:11.827+0000] {logging_mixin.py:120} INFO - [2024-12-03T16:17:11.826+0000] {dag.py:3340} INFO - Setting next_dagrun for example_branch_python_operator_decorator to 2024-12-02T00:00:00+00:00, run_after=2024-12-03T00:00:00+00:00
[2024-12-03T16:17:11.884+0000] {processor.py:176} INFO - Processing /home/airflow/.local/lib/python3.7/site-packages/airflow/example_dags/example_branch_operator_decorator.py took 0.351 seconds
[2024-12-03T16:17:43.003+0000] {processor.py:154} INFO - Started process (PID=2886) to work on /home/airflow/.local/lib/python3.7/site-packages/airflow/example_dags/example_branch_operator_decorator.py
[2024-12-03T16:17:43.006+0000] {processor.py:756} INFO - Processing file /home/airflow/.local/lib/python3.7/site-packages/airflow/example_dags/example_branch_operator_decorator.py for tasks to queue
[2024-12-03T16:17:43.008+0000] {logging_mixin.py:120} INFO - [2024-12-03T16:17:43.008+0000] {dagbag.py:537} INFO - Filling up the DagBag from /home/airflow/.local/lib/python3.7/site-packages/airflow/example_dags/example_branch_operator_decorator.py
[2024-12-03T16:17:43.101+0000] {processor.py:766} INFO - DAG(s) dict_keys(['example_branch_python_operator_decorator']) retrieved from /home/airflow/.local/lib/python3.7/site-packages/airflow/example_dags/example_branch_operator_decorator.py
[2024-12-03T16:17:43.232+0000] {logging_mixin.py:120} INFO - [2024-12-03T16:17:43.231+0000] {dag.py:2585} INFO - Sync 1 DAGs
[2024-12-03T16:17:43.307+0000] {logging_mixin.py:120} INFO - [2024-12-03T16:17:43.306+0000] {dag.py:3340} INFO - Setting next_dagrun for example_branch_python_operator_decorator to 2024-12-02T00:00:00+00:00, run_after=2024-12-03T00:00:00+00:00
[2024-12-03T16:17:43.378+0000] {processor.py:176} INFO - Processing /home/airflow/.local/lib/python3.7/site-packages/airflow/example_dags/example_branch_operator_decorator.py took 0.384 seconds
[2024-12-03T16:18:13.637+0000] {processor.py:154} INFO - Started process (PID=2941) to work on /home/airflow/.local/lib/python3.7/site-packages/airflow/example_dags/example_branch_operator_decorator.py
[2024-12-03T16:18:13.640+0000] {processor.py:756} INFO - Processing file /home/airflow/.local/lib/python3.7/site-packages/airflow/example_dags/example_branch_operator_decorator.py for tasks to queue
[2024-12-03T16:18:13.642+0000] {logging_mixin.py:120} INFO - [2024-12-03T16:18:13.641+0000] {dagbag.py:537} INFO - Filling up the DagBag from /home/airflow/.local/lib/python3.7/site-packages/airflow/example_dags/example_branch_operator_decorator.py
[2024-12-03T16:18:13.726+0000] {processor.py:766} INFO - DAG(s) dict_keys(['example_branch_python_operator_decorator']) retrieved from /home/airflow/.local/lib/python3.7/site-packages/airflow/example_dags/example_branch_operator_decorator.py
[2024-12-03T16:18:13.837+0000] {logging_mixin.py:120} INFO - [2024-12-03T16:18:13.836+0000] {dag.py:2585} INFO - Sync 1 DAGs
[2024-12-03T16:18:13.916+0000] {logging_mixin.py:120} INFO - [2024-12-03T16:18:13.916+0000] {dag.py:3340} INFO - Setting next_dagrun for example_branch_python_operator_decorator to 2024-12-02T00:00:00+00:00, run_after=2024-12-03T00:00:00+00:00
[2024-12-03T16:18:13.969+0000] {processor.py:176} INFO - Processing /home/airflow/.local/lib/python3.7/site-packages/airflow/example_dags/example_branch_operator_decorator.py took 0.339 seconds
[2024-12-03T16:18:44.329+0000] {processor.py:154} INFO - Started process (PID=3009) to work on /home/airflow/.local/lib/python3.7/site-packages/airflow/example_dags/example_branch_operator_decorator.py
[2024-12-03T16:18:44.330+0000] {processor.py:756} INFO - Processing file /home/airflow/.local/lib/python3.7/site-packages/airflow/example_dags/example_branch_operator_decorator.py for tasks to queue
[2024-12-03T16:18:44.332+0000] {logging_mixin.py:120} INFO - [2024-12-03T16:18:44.332+0000] {dagbag.py:537} INFO - Filling up the DagBag from /home/airflow/.local/lib/python3.7/site-packages/airflow/example_dags/example_branch_operator_decorator.py
[2024-12-03T16:18:44.402+0000] {processor.py:766} INFO - DAG(s) dict_keys(['example_branch_python_operator_decorator']) retrieved from /home/airflow/.local/lib/python3.7/site-packages/airflow/example_dags/example_branch_operator_decorator.py
[2024-12-03T16:18:44.528+0000] {logging_mixin.py:120} INFO - [2024-12-03T16:18:44.528+0000] {dag.py:2585} INFO - Sync 1 DAGs
[2024-12-03T16:18:44.633+0000] {logging_mixin.py:120} INFO - [2024-12-03T16:18:44.633+0000] {dag.py:3340} INFO - Setting next_dagrun for example_branch_python_operator_decorator to 2024-12-02T00:00:00+00:00, run_after=2024-12-03T00:00:00+00:00
[2024-12-03T16:18:44.721+0000] {processor.py:176} INFO - Processing /home/airflow/.local/lib/python3.7/site-packages/airflow/example_dags/example_branch_operator_decorator.py took 0.398 seconds
[2024-12-03T16:19:15.038+0000] {processor.py:154} INFO - Started process (PID=3068) to work on /home/airflow/.local/lib/python3.7/site-packages/airflow/example_dags/example_branch_operator_decorator.py
[2024-12-03T16:19:15.040+0000] {processor.py:756} INFO - Processing file /home/airflow/.local/lib/python3.7/site-packages/airflow/example_dags/example_branch_operator_decorator.py for tasks to queue
[2024-12-03T16:19:15.042+0000] {logging_mixin.py:120} INFO - [2024-12-03T16:19:15.042+0000] {dagbag.py:537} INFO - Filling up the DagBag from /home/airflow/.local/lib/python3.7/site-packages/airflow/example_dags/example_branch_operator_decorator.py
[2024-12-03T16:19:15.075+0000] {processor.py:766} INFO - DAG(s) dict_keys(['example_branch_python_operator_decorator']) retrieved from /home/airflow/.local/lib/python3.7/site-packages/airflow/example_dags/example_branch_operator_decorator.py
[2024-12-03T16:19:15.136+0000] {logging_mixin.py:120} INFO - [2024-12-03T16:19:15.136+0000] {dag.py:2585} INFO - Sync 1 DAGs
[2024-12-03T16:19:15.175+0000] {logging_mixin.py:120} INFO - [2024-12-03T16:19:15.174+0000] {dag.py:3340} INFO - Setting next_dagrun for example_branch_python_operator_decorator to 2024-12-02T00:00:00+00:00, run_after=2024-12-03T00:00:00+00:00
[2024-12-03T16:19:15.213+0000] {processor.py:176} INFO - Processing /home/airflow/.local/lib/python3.7/site-packages/airflow/example_dags/example_branch_operator_decorator.py took 0.179 seconds
[2024-12-03T16:19:48.528+0000] {processor.py:154} INFO - Started process (PID=3150) to work on /home/airflow/.local/lib/python3.7/site-packages/airflow/example_dags/example_branch_operator_decorator.py
[2024-12-03T16:19:48.530+0000] {processor.py:756} INFO - Processing file /home/airflow/.local/lib/python3.7/site-packages/airflow/example_dags/example_branch_operator_decorator.py for tasks to queue
[2024-12-03T16:19:48.533+0000] {logging_mixin.py:120} INFO - [2024-12-03T16:19:48.533+0000] {dagbag.py:537} INFO - Filling up the DagBag from /home/airflow/.local/lib/python3.7/site-packages/airflow/example_dags/example_branch_operator_decorator.py
[2024-12-03T16:19:48.603+0000] {processor.py:766} INFO - DAG(s) dict_keys(['example_branch_python_operator_decorator']) retrieved from /home/airflow/.local/lib/python3.7/site-packages/airflow/example_dags/example_branch_operator_decorator.py
[2024-12-03T16:19:48.724+0000] {logging_mixin.py:120} INFO - [2024-12-03T16:19:48.724+0000] {dag.py:2585} INFO - Sync 1 DAGs
[2024-12-03T16:19:48.770+0000] {logging_mixin.py:120} INFO - [2024-12-03T16:19:48.770+0000] {dag.py:3340} INFO - Setting next_dagrun for example_branch_python_operator_decorator to 2024-12-02T00:00:00+00:00, run_after=2024-12-03T00:00:00+00:00
[2024-12-03T16:19:48.811+0000] {processor.py:176} INFO - Processing /home/airflow/.local/lib/python3.7/site-packages/airflow/example_dags/example_branch_operator_decorator.py took 0.291 seconds
[2024-12-03T16:20:19.574+0000] {processor.py:154} INFO - Started process (PID=3205) to work on /home/airflow/.local/lib/python3.7/site-packages/airflow/example_dags/example_branch_operator_decorator.py
[2024-12-03T16:20:19.576+0000] {processor.py:756} INFO - Processing file /home/airflow/.local/lib/python3.7/site-packages/airflow/example_dags/example_branch_operator_decorator.py for tasks to queue
[2024-12-03T16:20:19.578+0000] {logging_mixin.py:120} INFO - [2024-12-03T16:20:19.578+0000] {dagbag.py:537} INFO - Filling up the DagBag from /home/airflow/.local/lib/python3.7/site-packages/airflow/example_dags/example_branch_operator_decorator.py
[2024-12-03T16:20:19.620+0000] {processor.py:766} INFO - DAG(s) dict_keys(['example_branch_python_operator_decorator']) retrieved from /home/airflow/.local/lib/python3.7/site-packages/airflow/example_dags/example_branch_operator_decorator.py
[2024-12-03T16:20:19.675+0000] {logging_mixin.py:120} INFO - [2024-12-03T16:20:19.675+0000] {dag.py:2585} INFO - Sync 1 DAGs
[2024-12-03T16:20:19.711+0000] {logging_mixin.py:120} INFO - [2024-12-03T16:20:19.711+0000] {dag.py:3340} INFO - Setting next_dagrun for example_branch_python_operator_decorator to 2024-12-02T00:00:00+00:00, run_after=2024-12-03T00:00:00+00:00
[2024-12-03T16:20:19.748+0000] {processor.py:176} INFO - Processing /home/airflow/.local/lib/python3.7/site-packages/airflow/example_dags/example_branch_operator_decorator.py took 0.179 seconds
[2024-12-03T16:20:50.118+0000] {processor.py:154} INFO - Started process (PID=3260) to work on /home/airflow/.local/lib/python3.7/site-packages/airflow/example_dags/example_branch_operator_decorator.py
[2024-12-03T16:20:50.120+0000] {processor.py:756} INFO - Processing file /home/airflow/.local/lib/python3.7/site-packages/airflow/example_dags/example_branch_operator_decorator.py for tasks to queue
[2024-12-03T16:20:50.122+0000] {logging_mixin.py:120} INFO - [2024-12-03T16:20:50.121+0000] {dagbag.py:537} INFO - Filling up the DagBag from /home/airflow/.local/lib/python3.7/site-packages/airflow/example_dags/example_branch_operator_decorator.py
[2024-12-03T16:20:50.168+0000] {processor.py:766} INFO - DAG(s) dict_keys(['example_branch_python_operator_decorator']) retrieved from /home/airflow/.local/lib/python3.7/site-packages/airflow/example_dags/example_branch_operator_decorator.py
[2024-12-03T16:20:50.238+0000] {logging_mixin.py:120} INFO - [2024-12-03T16:20:50.238+0000] {dag.py:2585} INFO - Sync 1 DAGs
[2024-12-03T16:20:50.282+0000] {logging_mixin.py:120} INFO - [2024-12-03T16:20:50.282+0000] {dag.py:3340} INFO - Setting next_dagrun for example_branch_python_operator_decorator to 2024-12-02T00:00:00+00:00, run_after=2024-12-03T00:00:00+00:00
[2024-12-03T16:20:50.317+0000] {processor.py:176} INFO - Processing /home/airflow/.local/lib/python3.7/site-packages/airflow/example_dags/example_branch_operator_decorator.py took 0.204 seconds
[2024-12-03T16:21:20.866+0000] {processor.py:154} INFO - Started process (PID=3324) to work on /home/airflow/.local/lib/python3.7/site-packages/airflow/example_dags/example_branch_operator_decorator.py
[2024-12-03T16:21:20.868+0000] {processor.py:756} INFO - Processing file /home/airflow/.local/lib/python3.7/site-packages/airflow/example_dags/example_branch_operator_decorator.py for tasks to queue
[2024-12-03T16:21:20.871+0000] {logging_mixin.py:120} INFO - [2024-12-03T16:21:20.871+0000] {dagbag.py:537} INFO - Filling up the DagBag from /home/airflow/.local/lib/python3.7/site-packages/airflow/example_dags/example_branch_operator_decorator.py
[2024-12-03T16:21:20.922+0000] {processor.py:766} INFO - DAG(s) dict_keys(['example_branch_python_operator_decorator']) retrieved from /home/airflow/.local/lib/python3.7/site-packages/airflow/example_dags/example_branch_operator_decorator.py
[2024-12-03T16:21:21.026+0000] {logging_mixin.py:120} INFO - [2024-12-03T16:21:21.025+0000] {dag.py:2585} INFO - Sync 1 DAGs
[2024-12-03T16:21:21.070+0000] {logging_mixin.py:120} INFO - [2024-12-03T16:21:21.070+0000] {dag.py:3340} INFO - Setting next_dagrun for example_branch_python_operator_decorator to 2024-12-02T00:00:00+00:00, run_after=2024-12-03T00:00:00+00:00
[2024-12-03T16:21:21.115+0000] {processor.py:176} INFO - Processing /home/airflow/.local/lib/python3.7/site-packages/airflow/example_dags/example_branch_operator_decorator.py took 0.255 seconds
[2024-12-03T16:21:51.345+0000] {processor.py:154} INFO - Started process (PID=3379) to work on /home/airflow/.local/lib/python3.7/site-packages/airflow/example_dags/example_branch_operator_decorator.py
[2024-12-03T16:21:51.346+0000] {processor.py:756} INFO - Processing file /home/airflow/.local/lib/python3.7/site-packages/airflow/example_dags/example_branch_operator_decorator.py for tasks to queue
[2024-12-03T16:21:51.347+0000] {logging_mixin.py:120} INFO - [2024-12-03T16:21:51.347+0000] {dagbag.py:537} INFO - Filling up the DagBag from /home/airflow/.local/lib/python3.7/site-packages/airflow/example_dags/example_branch_operator_decorator.py
[2024-12-03T16:21:51.373+0000] {processor.py:766} INFO - DAG(s) dict_keys(['example_branch_python_operator_decorator']) retrieved from /home/airflow/.local/lib/python3.7/site-packages/airflow/example_dags/example_branch_operator_decorator.py
[2024-12-03T16:21:51.423+0000] {logging_mixin.py:120} INFO - [2024-12-03T16:21:51.422+0000] {dag.py:2585} INFO - Sync 1 DAGs
[2024-12-03T16:21:51.453+0000] {logging_mixin.py:120} INFO - [2024-12-03T16:21:51.453+0000] {dag.py:3340} INFO - Setting next_dagrun for example_branch_python_operator_decorator to 2024-12-02T00:00:00+00:00, run_after=2024-12-03T00:00:00+00:00
[2024-12-03T16:21:51.485+0000] {processor.py:176} INFO - Processing /home/airflow/.local/lib/python3.7/site-packages/airflow/example_dags/example_branch_operator_decorator.py took 0.143 seconds
[2024-12-03T16:22:21.960+0000] {processor.py:154} INFO - Started process (PID=3443) to work on /home/airflow/.local/lib/python3.7/site-packages/airflow/example_dags/example_branch_operator_decorator.py
[2024-12-03T16:22:21.963+0000] {processor.py:756} INFO - Processing file /home/airflow/.local/lib/python3.7/site-packages/airflow/example_dags/example_branch_operator_decorator.py for tasks to queue
[2024-12-03T16:22:21.965+0000] {logging_mixin.py:120} INFO - [2024-12-03T16:22:21.965+0000] {dagbag.py:537} INFO - Filling up the DagBag from /home/airflow/.local/lib/python3.7/site-packages/airflow/example_dags/example_branch_operator_decorator.py
[2024-12-03T16:22:21.991+0000] {processor.py:766} INFO - DAG(s) dict_keys(['example_branch_python_operator_decorator']) retrieved from /home/airflow/.local/lib/python3.7/site-packages/airflow/example_dags/example_branch_operator_decorator.py
[2024-12-03T16:22:22.040+0000] {logging_mixin.py:120} INFO - [2024-12-03T16:22:22.040+0000] {dag.py:2585} INFO - Sync 1 DAGs
[2024-12-03T16:22:22.073+0000] {logging_mixin.py:120} INFO - [2024-12-03T16:22:22.072+0000] {dag.py:3340} INFO - Setting next_dagrun for example_branch_python_operator_decorator to 2024-12-02T00:00:00+00:00, run_after=2024-12-03T00:00:00+00:00
[2024-12-03T16:22:22.105+0000] {processor.py:176} INFO - Processing /home/airflow/.local/lib/python3.7/site-packages/airflow/example_dags/example_branch_operator_decorator.py took 0.148 seconds
[2024-12-03T16:22:52.416+0000] {processor.py:154} INFO - Started process (PID=3507) to work on /home/airflow/.local/lib/python3.7/site-packages/airflow/example_dags/example_branch_operator_decorator.py
[2024-12-03T16:22:52.417+0000] {processor.py:756} INFO - Processing file /home/airflow/.local/lib/python3.7/site-packages/airflow/example_dags/example_branch_operator_decorator.py for tasks to queue
[2024-12-03T16:22:52.419+0000] {logging_mixin.py:120} INFO - [2024-12-03T16:22:52.418+0000] {dagbag.py:537} INFO - Filling up the DagBag from /home/airflow/.local/lib/python3.7/site-packages/airflow/example_dags/example_branch_operator_decorator.py
[2024-12-03T16:22:52.445+0000] {processor.py:766} INFO - DAG(s) dict_keys(['example_branch_python_operator_decorator']) retrieved from /home/airflow/.local/lib/python3.7/site-packages/airflow/example_dags/example_branch_operator_decorator.py
[2024-12-03T16:22:52.501+0000] {logging_mixin.py:120} INFO - [2024-12-03T16:22:52.501+0000] {dag.py:2585} INFO - Sync 1 DAGs
[2024-12-03T16:22:52.538+0000] {logging_mixin.py:120} INFO - [2024-12-03T16:22:52.538+0000] {dag.py:3340} INFO - Setting next_dagrun for example_branch_python_operator_decorator to 2024-12-02T00:00:00+00:00, run_after=2024-12-03T00:00:00+00:00
[2024-12-03T16:22:52.573+0000] {processor.py:176} INFO - Processing /home/airflow/.local/lib/python3.7/site-packages/airflow/example_dags/example_branch_operator_decorator.py took 0.160 seconds
[2024-12-03T16:23:22.678+0000] {processor.py:154} INFO - Started process (PID=3562) to work on /home/airflow/.local/lib/python3.7/site-packages/airflow/example_dags/example_branch_operator_decorator.py
[2024-12-03T16:23:22.679+0000] {processor.py:756} INFO - Processing file /home/airflow/.local/lib/python3.7/site-packages/airflow/example_dags/example_branch_operator_decorator.py for tasks to queue
[2024-12-03T16:23:22.680+0000] {logging_mixin.py:120} INFO - [2024-12-03T16:23:22.680+0000] {dagbag.py:537} INFO - Filling up the DagBag from /home/airflow/.local/lib/python3.7/site-packages/airflow/example_dags/example_branch_operator_decorator.py
[2024-12-03T16:23:22.708+0000] {processor.py:766} INFO - DAG(s) dict_keys(['example_branch_python_operator_decorator']) retrieved from /home/airflow/.local/lib/python3.7/site-packages/airflow/example_dags/example_branch_operator_decorator.py
[2024-12-03T16:23:22.763+0000] {logging_mixin.py:120} INFO - [2024-12-03T16:23:22.762+0000] {dag.py:2585} INFO - Sync 1 DAGs
[2024-12-03T16:23:22.799+0000] {logging_mixin.py:120} INFO - [2024-12-03T16:23:22.799+0000] {dag.py:3340} INFO - Setting next_dagrun for example_branch_python_operator_decorator to 2024-12-02T00:00:00+00:00, run_after=2024-12-03T00:00:00+00:00
[2024-12-03T16:23:22.835+0000] {processor.py:176} INFO - Processing /home/airflow/.local/lib/python3.7/site-packages/airflow/example_dags/example_branch_operator_decorator.py took 0.160 seconds
[2024-12-03T16:23:53.682+0000] {processor.py:154} INFO - Started process (PID=3626) to work on /home/airflow/.local/lib/python3.7/site-packages/airflow/example_dags/example_branch_operator_decorator.py
[2024-12-03T16:23:53.684+0000] {processor.py:756} INFO - Processing file /home/airflow/.local/lib/python3.7/site-packages/airflow/example_dags/example_branch_operator_decorator.py for tasks to queue
[2024-12-03T16:23:53.686+0000] {logging_mixin.py:120} INFO - [2024-12-03T16:23:53.686+0000] {dagbag.py:537} INFO - Filling up the DagBag from /home/airflow/.local/lib/python3.7/site-packages/airflow/example_dags/example_branch_operator_decorator.py
[2024-12-03T16:23:53.713+0000] {processor.py:766} INFO - DAG(s) dict_keys(['example_branch_python_operator_decorator']) retrieved from /home/airflow/.local/lib/python3.7/site-packages/airflow/example_dags/example_branch_operator_decorator.py
[2024-12-03T16:23:53.763+0000] {logging_mixin.py:120} INFO - [2024-12-03T16:23:53.763+0000] {dag.py:2585} INFO - Sync 1 DAGs
[2024-12-03T16:23:53.796+0000] {logging_mixin.py:120} INFO - [2024-12-03T16:23:53.796+0000] {dag.py:3340} INFO - Setting next_dagrun for example_branch_python_operator_decorator to 2024-12-02T00:00:00+00:00, run_after=2024-12-03T00:00:00+00:00
[2024-12-03T16:23:53.825+0000] {processor.py:176} INFO - Processing /home/airflow/.local/lib/python3.7/site-packages/airflow/example_dags/example_branch_operator_decorator.py took 0.146 seconds
[2024-12-03T16:24:24.217+0000] {processor.py:154} INFO - Started process (PID=3681) to work on /home/airflow/.local/lib/python3.7/site-packages/airflow/example_dags/example_branch_operator_decorator.py
[2024-12-03T16:24:24.219+0000] {processor.py:756} INFO - Processing file /home/airflow/.local/lib/python3.7/site-packages/airflow/example_dags/example_branch_operator_decorator.py for tasks to queue
[2024-12-03T16:24:24.220+0000] {logging_mixin.py:120} INFO - [2024-12-03T16:24:24.220+0000] {dagbag.py:537} INFO - Filling up the DagBag from /home/airflow/.local/lib/python3.7/site-packages/airflow/example_dags/example_branch_operator_decorator.py
[2024-12-03T16:24:24.252+0000] {processor.py:766} INFO - DAG(s) dict_keys(['example_branch_python_operator_decorator']) retrieved from /home/airflow/.local/lib/python3.7/site-packages/airflow/example_dags/example_branch_operator_decorator.py
[2024-12-03T16:24:24.304+0000] {logging_mixin.py:120} INFO - [2024-12-03T16:24:24.304+0000] {dag.py:2585} INFO - Sync 1 DAGs
[2024-12-03T16:24:24.343+0000] {logging_mixin.py:120} INFO - [2024-12-03T16:24:24.343+0000] {dag.py:3340} INFO - Setting next_dagrun for example_branch_python_operator_decorator to 2024-12-02T00:00:00+00:00, run_after=2024-12-03T00:00:00+00:00
[2024-12-03T16:24:24.378+0000] {processor.py:176} INFO - Processing /home/airflow/.local/lib/python3.7/site-packages/airflow/example_dags/example_branch_operator_decorator.py took 0.166 seconds
[2024-12-03T16:24:55.415+0000] {processor.py:154} INFO - Started process (PID=3758) to work on /home/airflow/.local/lib/python3.7/site-packages/airflow/example_dags/example_branch_operator_decorator.py
[2024-12-03T16:24:55.417+0000] {processor.py:756} INFO - Processing file /home/airflow/.local/lib/python3.7/site-packages/airflow/example_dags/example_branch_operator_decorator.py for tasks to queue
[2024-12-03T16:24:55.418+0000] {logging_mixin.py:120} INFO - [2024-12-03T16:24:55.418+0000] {dagbag.py:537} INFO - Filling up the DagBag from /home/airflow/.local/lib/python3.7/site-packages/airflow/example_dags/example_branch_operator_decorator.py
[2024-12-03T16:24:55.459+0000] {processor.py:766} INFO - DAG(s) dict_keys(['example_branch_python_operator_decorator']) retrieved from /home/airflow/.local/lib/python3.7/site-packages/airflow/example_dags/example_branch_operator_decorator.py
[2024-12-03T16:24:55.525+0000] {logging_mixin.py:120} INFO - [2024-12-03T16:24:55.525+0000] {dag.py:2585} INFO - Sync 1 DAGs
[2024-12-03T16:24:55.579+0000] {logging_mixin.py:120} INFO - [2024-12-03T16:24:55.579+0000] {dag.py:3340} INFO - Setting next_dagrun for example_branch_python_operator_decorator to 2024-12-02T00:00:00+00:00, run_after=2024-12-03T00:00:00+00:00
[2024-12-03T16:24:55.623+0000] {processor.py:176} INFO - Processing /home/airflow/.local/lib/python3.7/site-packages/airflow/example_dags/example_branch_operator_decorator.py took 0.217 seconds
[2024-12-03T16:25:25.814+0000] {processor.py:154} INFO - Started process (PID=3825) to work on /home/airflow/.local/lib/python3.7/site-packages/airflow/example_dags/example_branch_operator_decorator.py
[2024-12-03T16:25:25.817+0000] {processor.py:756} INFO - Processing file /home/airflow/.local/lib/python3.7/site-packages/airflow/example_dags/example_branch_operator_decorator.py for tasks to queue
[2024-12-03T16:25:25.819+0000] {logging_mixin.py:120} INFO - [2024-12-03T16:25:25.818+0000] {dagbag.py:537} INFO - Filling up the DagBag from /home/airflow/.local/lib/python3.7/site-packages/airflow/example_dags/example_branch_operator_decorator.py
[2024-12-03T16:25:25.859+0000] {processor.py:766} INFO - DAG(s) dict_keys(['example_branch_python_operator_decorator']) retrieved from /home/airflow/.local/lib/python3.7/site-packages/airflow/example_dags/example_branch_operator_decorator.py
[2024-12-03T16:25:25.925+0000] {logging_mixin.py:120} INFO - [2024-12-03T16:25:25.925+0000] {dag.py:2585} INFO - Sync 1 DAGs
[2024-12-03T16:25:25.968+0000] {logging_mixin.py:120} INFO - [2024-12-03T16:25:25.968+0000] {dag.py:3340} INFO - Setting next_dagrun for example_branch_python_operator_decorator to 2024-12-02T00:00:00+00:00, run_after=2024-12-03T00:00:00+00:00
[2024-12-03T16:25:26.005+0000] {processor.py:176} INFO - Processing /home/airflow/.local/lib/python3.7/site-packages/airflow/example_dags/example_branch_operator_decorator.py took 0.197 seconds
[2024-12-03T16:25:56.279+0000] {processor.py:154} INFO - Started process (PID=3890) to work on /home/airflow/.local/lib/python3.7/site-packages/airflow/example_dags/example_branch_operator_decorator.py
[2024-12-03T16:25:56.281+0000] {processor.py:756} INFO - Processing file /home/airflow/.local/lib/python3.7/site-packages/airflow/example_dags/example_branch_operator_decorator.py for tasks to queue
[2024-12-03T16:25:56.283+0000] {logging_mixin.py:120} INFO - [2024-12-03T16:25:56.283+0000] {dagbag.py:537} INFO - Filling up the DagBag from /home/airflow/.local/lib/python3.7/site-packages/airflow/example_dags/example_branch_operator_decorator.py
[2024-12-03T16:25:56.321+0000] {processor.py:766} INFO - DAG(s) dict_keys(['example_branch_python_operator_decorator']) retrieved from /home/airflow/.local/lib/python3.7/site-packages/airflow/example_dags/example_branch_operator_decorator.py
[2024-12-03T16:25:56.381+0000] {logging_mixin.py:120} INFO - [2024-12-03T16:25:56.381+0000] {dag.py:2585} INFO - Sync 1 DAGs
[2024-12-03T16:25:56.417+0000] {logging_mixin.py:120} INFO - [2024-12-03T16:25:56.417+0000] {dag.py:3340} INFO - Setting next_dagrun for example_branch_python_operator_decorator to 2024-12-02T00:00:00+00:00, run_after=2024-12-03T00:00:00+00:00
[2024-12-03T16:25:56.451+0000] {processor.py:176} INFO - Processing /home/airflow/.local/lib/python3.7/site-packages/airflow/example_dags/example_branch_operator_decorator.py took 0.176 seconds
[2024-12-03T16:26:27.109+0000] {processor.py:154} INFO - Started process (PID=3945) to work on /home/airflow/.local/lib/python3.7/site-packages/airflow/example_dags/example_branch_operator_decorator.py
[2024-12-03T16:26:27.111+0000] {processor.py:756} INFO - Processing file /home/airflow/.local/lib/python3.7/site-packages/airflow/example_dags/example_branch_operator_decorator.py for tasks to queue
[2024-12-03T16:26:27.112+0000] {logging_mixin.py:120} INFO - [2024-12-03T16:26:27.112+0000] {dagbag.py:537} INFO - Filling up the DagBag from /home/airflow/.local/lib/python3.7/site-packages/airflow/example_dags/example_branch_operator_decorator.py
[2024-12-03T16:26:27.144+0000] {processor.py:766} INFO - DAG(s) dict_keys(['example_branch_python_operator_decorator']) retrieved from /home/airflow/.local/lib/python3.7/site-packages/airflow/example_dags/example_branch_operator_decorator.py
[2024-12-03T16:26:27.195+0000] {logging_mixin.py:120} INFO - [2024-12-03T16:26:27.195+0000] {dag.py:2585} INFO - Sync 1 DAGs
[2024-12-03T16:26:27.234+0000] {logging_mixin.py:120} INFO - [2024-12-03T16:26:27.234+0000] {dag.py:3340} INFO - Setting next_dagrun for example_branch_python_operator_decorator to 2024-12-02T00:00:00+00:00, run_after=2024-12-03T00:00:00+00:00
[2024-12-03T16:26:27.284+0000] {processor.py:176} INFO - Processing /home/airflow/.local/lib/python3.7/site-packages/airflow/example_dags/example_branch_operator_decorator.py took 0.180 seconds
[2024-12-03T16:26:57.464+0000] {processor.py:154} INFO - Started process (PID=4009) to work on /home/airflow/.local/lib/python3.7/site-packages/airflow/example_dags/example_branch_operator_decorator.py
[2024-12-03T16:26:57.466+0000] {processor.py:756} INFO - Processing file /home/airflow/.local/lib/python3.7/site-packages/airflow/example_dags/example_branch_operator_decorator.py for tasks to queue
[2024-12-03T16:26:57.467+0000] {logging_mixin.py:120} INFO - [2024-12-03T16:26:57.467+0000] {dagbag.py:537} INFO - Filling up the DagBag from /home/airflow/.local/lib/python3.7/site-packages/airflow/example_dags/example_branch_operator_decorator.py
[2024-12-03T16:26:57.498+0000] {processor.py:766} INFO - DAG(s) dict_keys(['example_branch_python_operator_decorator']) retrieved from /home/airflow/.local/lib/python3.7/site-packages/airflow/example_dags/example_branch_operator_decorator.py
[2024-12-03T16:26:57.554+0000] {logging_mixin.py:120} INFO - [2024-12-03T16:26:57.553+0000] {dag.py:2585} INFO - Sync 1 DAGs
[2024-12-03T16:26:57.596+0000] {logging_mixin.py:120} INFO - [2024-12-03T16:26:57.596+0000] {dag.py:3340} INFO - Setting next_dagrun for example_branch_python_operator_decorator to 2024-12-02T00:00:00+00:00, run_after=2024-12-03T00:00:00+00:00
[2024-12-03T16:26:57.639+0000] {processor.py:176} INFO - Processing /home/airflow/.local/lib/python3.7/site-packages/airflow/example_dags/example_branch_operator_decorator.py took 0.178 seconds
[2024-12-03T16:27:27.707+0000] {processor.py:154} INFO - Started process (PID=4064) to work on /home/airflow/.local/lib/python3.7/site-packages/airflow/example_dags/example_branch_operator_decorator.py
[2024-12-03T16:27:27.709+0000] {processor.py:756} INFO - Processing file /home/airflow/.local/lib/python3.7/site-packages/airflow/example_dags/example_branch_operator_decorator.py for tasks to queue
[2024-12-03T16:27:27.711+0000] {logging_mixin.py:120} INFO - [2024-12-03T16:27:27.710+0000] {dagbag.py:537} INFO - Filling up the DagBag from /home/airflow/.local/lib/python3.7/site-packages/airflow/example_dags/example_branch_operator_decorator.py
[2024-12-03T16:27:27.744+0000] {processor.py:766} INFO - DAG(s) dict_keys(['example_branch_python_operator_decorator']) retrieved from /home/airflow/.local/lib/python3.7/site-packages/airflow/example_dags/example_branch_operator_decorator.py
[2024-12-03T16:27:27.805+0000] {logging_mixin.py:120} INFO - [2024-12-03T16:27:27.805+0000] {dag.py:2585} INFO - Sync 1 DAGs
[2024-12-03T16:27:27.842+0000] {logging_mixin.py:120} INFO - [2024-12-03T16:27:27.842+0000] {dag.py:3340} INFO - Setting next_dagrun for example_branch_python_operator_decorator to 2024-12-02T00:00:00+00:00, run_after=2024-12-03T00:00:00+00:00
[2024-12-03T16:27:27.874+0000] {processor.py:176} INFO - Processing /home/airflow/.local/lib/python3.7/site-packages/airflow/example_dags/example_branch_operator_decorator.py took 0.170 seconds
[2024-12-03T16:27:58.696+0000] {processor.py:154} INFO - Started process (PID=4128) to work on /home/airflow/.local/lib/python3.7/site-packages/airflow/example_dags/example_branch_operator_decorator.py
[2024-12-03T16:27:58.697+0000] {processor.py:756} INFO - Processing file /home/airflow/.local/lib/python3.7/site-packages/airflow/example_dags/example_branch_operator_decorator.py for tasks to queue
[2024-12-03T16:27:58.698+0000] {logging_mixin.py:120} INFO - [2024-12-03T16:27:58.698+0000] {dagbag.py:537} INFO - Filling up the DagBag from /home/airflow/.local/lib/python3.7/site-packages/airflow/example_dags/example_branch_operator_decorator.py
[2024-12-03T16:27:58.728+0000] {processor.py:766} INFO - DAG(s) dict_keys(['example_branch_python_operator_decorator']) retrieved from /home/airflow/.local/lib/python3.7/site-packages/airflow/example_dags/example_branch_operator_decorator.py
[2024-12-03T16:27:58.784+0000] {logging_mixin.py:120} INFO - [2024-12-03T16:27:58.783+0000] {dag.py:2585} INFO - Sync 1 DAGs
[2024-12-03T16:27:58.816+0000] {logging_mixin.py:120} INFO - [2024-12-03T16:27:58.815+0000] {dag.py:3340} INFO - Setting next_dagrun for example_branch_python_operator_decorator to 2024-12-02T00:00:00+00:00, run_after=2024-12-03T00:00:00+00:00
[2024-12-03T16:27:58.849+0000] {processor.py:176} INFO - Processing /home/airflow/.local/lib/python3.7/site-packages/airflow/example_dags/example_branch_operator_decorator.py took 0.156 seconds
[2024-12-03T16:28:29.937+0000] {processor.py:154} INFO - Started process (PID=4192) to work on /home/airflow/.local/lib/python3.7/site-packages/airflow/example_dags/example_branch_operator_decorator.py
[2024-12-03T16:28:29.939+0000] {processor.py:756} INFO - Processing file /home/airflow/.local/lib/python3.7/site-packages/airflow/example_dags/example_branch_operator_decorator.py for tasks to queue
[2024-12-03T16:28:29.941+0000] {logging_mixin.py:120} INFO - [2024-12-03T16:28:29.941+0000] {dagbag.py:537} INFO - Filling up the DagBag from /home/airflow/.local/lib/python3.7/site-packages/airflow/example_dags/example_branch_operator_decorator.py
[2024-12-03T16:28:29.992+0000] {processor.py:766} INFO - DAG(s) dict_keys(['example_branch_python_operator_decorator']) retrieved from /home/airflow/.local/lib/python3.7/site-packages/airflow/example_dags/example_branch_operator_decorator.py
[2024-12-03T16:28:30.074+0000] {logging_mixin.py:120} INFO - [2024-12-03T16:28:30.074+0000] {dag.py:2585} INFO - Sync 1 DAGs
[2024-12-03T16:28:30.120+0000] {logging_mixin.py:120} INFO - [2024-12-03T16:28:30.120+0000] {dag.py:3340} INFO - Setting next_dagrun for example_branch_python_operator_decorator to 2024-12-02T00:00:00+00:00, run_after=2024-12-03T00:00:00+00:00
[2024-12-03T16:28:30.166+0000] {processor.py:176} INFO - Processing /home/airflow/.local/lib/python3.7/site-packages/airflow/example_dags/example_branch_operator_decorator.py took 0.235 seconds
[2024-12-03T16:29:01.347+0000] {processor.py:154} INFO - Started process (PID=4253) to work on /home/airflow/.local/lib/python3.7/site-packages/airflow/example_dags/example_branch_operator_decorator.py
[2024-12-03T16:29:01.352+0000] {processor.py:756} INFO - Processing file /home/airflow/.local/lib/python3.7/site-packages/airflow/example_dags/example_branch_operator_decorator.py for tasks to queue
[2024-12-03T16:29:01.355+0000] {logging_mixin.py:120} INFO - [2024-12-03T16:29:01.354+0000] {dagbag.py:537} INFO - Filling up the DagBag from /home/airflow/.local/lib/python3.7/site-packages/airflow/example_dags/example_branch_operator_decorator.py
[2024-12-03T16:29:01.437+0000] {processor.py:766} INFO - DAG(s) dict_keys(['example_branch_python_operator_decorator']) retrieved from /home/airflow/.local/lib/python3.7/site-packages/airflow/example_dags/example_branch_operator_decorator.py
[2024-12-03T16:29:01.638+0000] {logging_mixin.py:120} INFO - [2024-12-03T16:29:01.638+0000] {dag.py:2585} INFO - Sync 1 DAGs
[2024-12-03T16:29:01.736+0000] {logging_mixin.py:120} INFO - [2024-12-03T16:29:01.735+0000] {dag.py:3340} INFO - Setting next_dagrun for example_branch_python_operator_decorator to 2024-12-02T00:00:00+00:00, run_after=2024-12-03T00:00:00+00:00
[2024-12-03T16:29:01.824+0000] {processor.py:176} INFO - Processing /home/airflow/.local/lib/python3.7/site-packages/airflow/example_dags/example_branch_operator_decorator.py took 0.488 seconds
[2024-12-03T16:29:32.379+0000] {processor.py:154} INFO - Started process (PID=4322) to work on /home/airflow/.local/lib/python3.7/site-packages/airflow/example_dags/example_branch_operator_decorator.py
[2024-12-03T16:29:32.381+0000] {processor.py:756} INFO - Processing file /home/airflow/.local/lib/python3.7/site-packages/airflow/example_dags/example_branch_operator_decorator.py for tasks to queue
[2024-12-03T16:29:32.385+0000] {logging_mixin.py:120} INFO - [2024-12-03T16:29:32.384+0000] {dagbag.py:537} INFO - Filling up the DagBag from /home/airflow/.local/lib/python3.7/site-packages/airflow/example_dags/example_branch_operator_decorator.py
[2024-12-03T16:29:32.457+0000] {processor.py:766} INFO - DAG(s) dict_keys(['example_branch_python_operator_decorator']) retrieved from /home/airflow/.local/lib/python3.7/site-packages/airflow/example_dags/example_branch_operator_decorator.py
[2024-12-03T16:29:32.594+0000] {logging_mixin.py:120} INFO - [2024-12-03T16:29:32.593+0000] {dag.py:2585} INFO - Sync 1 DAGs
[2024-12-03T16:29:32.666+0000] {logging_mixin.py:120} INFO - [2024-12-03T16:29:32.666+0000] {dag.py:3340} INFO - Setting next_dagrun for example_branch_python_operator_decorator to 2024-12-02T00:00:00+00:00, run_after=2024-12-03T00:00:00+00:00
[2024-12-03T16:29:32.721+0000] {processor.py:176} INFO - Processing /home/airflow/.local/lib/python3.7/site-packages/airflow/example_dags/example_branch_operator_decorator.py took 0.348 seconds
[2024-12-03T16:30:03.155+0000] {processor.py:154} INFO - Started process (PID=4378) to work on /home/airflow/.local/lib/python3.7/site-packages/airflow/example_dags/example_branch_operator_decorator.py
[2024-12-03T16:30:03.156+0000] {processor.py:756} INFO - Processing file /home/airflow/.local/lib/python3.7/site-packages/airflow/example_dags/example_branch_operator_decorator.py for tasks to queue
[2024-12-03T16:30:03.158+0000] {logging_mixin.py:120} INFO - [2024-12-03T16:30:03.158+0000] {dagbag.py:537} INFO - Filling up the DagBag from /home/airflow/.local/lib/python3.7/site-packages/airflow/example_dags/example_branch_operator_decorator.py
[2024-12-03T16:30:03.199+0000] {processor.py:766} INFO - DAG(s) dict_keys(['example_branch_python_operator_decorator']) retrieved from /home/airflow/.local/lib/python3.7/site-packages/airflow/example_dags/example_branch_operator_decorator.py
[2024-12-03T16:30:03.290+0000] {logging_mixin.py:120} INFO - [2024-12-03T16:30:03.289+0000] {dag.py:2585} INFO - Sync 1 DAGs
[2024-12-03T16:30:03.365+0000] {logging_mixin.py:120} INFO - [2024-12-03T16:30:03.365+0000] {dag.py:3340} INFO - Setting next_dagrun for example_branch_python_operator_decorator to 2024-12-02T00:00:00+00:00, run_after=2024-12-03T00:00:00+00:00
[2024-12-03T16:30:03.424+0000] {processor.py:176} INFO - Processing /home/airflow/.local/lib/python3.7/site-packages/airflow/example_dags/example_branch_operator_decorator.py took 0.275 seconds
[2024-12-03T16:30:33.584+0000] {processor.py:154} INFO - Started process (PID=4459) to work on /home/airflow/.local/lib/python3.7/site-packages/airflow/example_dags/example_branch_operator_decorator.py
[2024-12-03T16:30:33.586+0000] {processor.py:756} INFO - Processing file /home/airflow/.local/lib/python3.7/site-packages/airflow/example_dags/example_branch_operator_decorator.py for tasks to queue
[2024-12-03T16:30:33.589+0000] {logging_mixin.py:120} INFO - [2024-12-03T16:30:33.588+0000] {dagbag.py:537} INFO - Filling up the DagBag from /home/airflow/.local/lib/python3.7/site-packages/airflow/example_dags/example_branch_operator_decorator.py
[2024-12-03T16:30:33.679+0000] {processor.py:766} INFO - DAG(s) dict_keys(['example_branch_python_operator_decorator']) retrieved from /home/airflow/.local/lib/python3.7/site-packages/airflow/example_dags/example_branch_operator_decorator.py
[2024-12-03T16:30:33.775+0000] {logging_mixin.py:120} INFO - [2024-12-03T16:30:33.775+0000] {dag.py:2585} INFO - Sync 1 DAGs
[2024-12-03T16:30:33.856+0000] {logging_mixin.py:120} INFO - [2024-12-03T16:30:33.855+0000] {dag.py:3340} INFO - Setting next_dagrun for example_branch_python_operator_decorator to 2024-12-02T00:00:00+00:00, run_after=2024-12-03T00:00:00+00:00
[2024-12-03T16:30:33.921+0000] {processor.py:176} INFO - Processing /home/airflow/.local/lib/python3.7/site-packages/airflow/example_dags/example_branch_operator_decorator.py took 0.344 seconds
[2024-12-03T16:31:04.602+0000] {processor.py:154} INFO - Started process (PID=4518) to work on /home/airflow/.local/lib/python3.7/site-packages/airflow/example_dags/example_branch_operator_decorator.py
[2024-12-03T16:31:04.604+0000] {processor.py:756} INFO - Processing file /home/airflow/.local/lib/python3.7/site-packages/airflow/example_dags/example_branch_operator_decorator.py for tasks to queue
[2024-12-03T16:31:04.605+0000] {logging_mixin.py:120} INFO - [2024-12-03T16:31:04.605+0000] {dagbag.py:537} INFO - Filling up the DagBag from /home/airflow/.local/lib/python3.7/site-packages/airflow/example_dags/example_branch_operator_decorator.py
[2024-12-03T16:31:04.650+0000] {processor.py:766} INFO - DAG(s) dict_keys(['example_branch_python_operator_decorator']) retrieved from /home/airflow/.local/lib/python3.7/site-packages/airflow/example_dags/example_branch_operator_decorator.py
[2024-12-03T16:31:04.733+0000] {logging_mixin.py:120} INFO - [2024-12-03T16:31:04.733+0000] {dag.py:2585} INFO - Sync 1 DAGs
[2024-12-03T16:31:04.778+0000] {logging_mixin.py:120} INFO - [2024-12-03T16:31:04.778+0000] {dag.py:3340} INFO - Setting next_dagrun for example_branch_python_operator_decorator to 2024-12-02T00:00:00+00:00, run_after=2024-12-03T00:00:00+00:00
[2024-12-03T16:31:04.816+0000] {processor.py:176} INFO - Processing /home/airflow/.local/lib/python3.7/site-packages/airflow/example_dags/example_branch_operator_decorator.py took 0.219 seconds
[2024-12-03T16:31:35.402+0000] {processor.py:154} INFO - Started process (PID=4573) to work on /home/airflow/.local/lib/python3.7/site-packages/airflow/example_dags/example_branch_operator_decorator.py
[2024-12-03T16:31:35.403+0000] {processor.py:756} INFO - Processing file /home/airflow/.local/lib/python3.7/site-packages/airflow/example_dags/example_branch_operator_decorator.py for tasks to queue
[2024-12-03T16:31:35.404+0000] {logging_mixin.py:120} INFO - [2024-12-03T16:31:35.404+0000] {dagbag.py:537} INFO - Filling up the DagBag from /home/airflow/.local/lib/python3.7/site-packages/airflow/example_dags/example_branch_operator_decorator.py
[2024-12-03T16:31:35.430+0000] {processor.py:766} INFO - DAG(s) dict_keys(['example_branch_python_operator_decorator']) retrieved from /home/airflow/.local/lib/python3.7/site-packages/airflow/example_dags/example_branch_operator_decorator.py
[2024-12-03T16:31:35.492+0000] {logging_mixin.py:120} INFO - [2024-12-03T16:31:35.492+0000] {dag.py:2585} INFO - Sync 1 DAGs
[2024-12-03T16:31:35.531+0000] {logging_mixin.py:120} INFO - [2024-12-03T16:31:35.531+0000] {dag.py:3340} INFO - Setting next_dagrun for example_branch_python_operator_decorator to 2024-12-02T00:00:00+00:00, run_after=2024-12-03T00:00:00+00:00
[2024-12-03T16:31:35.570+0000] {processor.py:176} INFO - Processing /home/airflow/.local/lib/python3.7/site-packages/airflow/example_dags/example_branch_operator_decorator.py took 0.173 seconds
[2024-12-03T16:32:06.227+0000] {processor.py:154} INFO - Started process (PID=4638) to work on /home/airflow/.local/lib/python3.7/site-packages/airflow/example_dags/example_branch_operator_decorator.py
[2024-12-03T16:32:06.229+0000] {processor.py:756} INFO - Processing file /home/airflow/.local/lib/python3.7/site-packages/airflow/example_dags/example_branch_operator_decorator.py for tasks to queue
[2024-12-03T16:32:06.230+0000] {logging_mixin.py:120} INFO - [2024-12-03T16:32:06.230+0000] {dagbag.py:537} INFO - Filling up the DagBag from /home/airflow/.local/lib/python3.7/site-packages/airflow/example_dags/example_branch_operator_decorator.py
[2024-12-03T16:32:06.259+0000] {processor.py:766} INFO - DAG(s) dict_keys(['example_branch_python_operator_decorator']) retrieved from /home/airflow/.local/lib/python3.7/site-packages/airflow/example_dags/example_branch_operator_decorator.py
[2024-12-03T16:32:06.322+0000] {logging_mixin.py:120} INFO - [2024-12-03T16:32:06.321+0000] {dag.py:2585} INFO - Sync 1 DAGs
[2024-12-03T16:32:06.356+0000] {logging_mixin.py:120} INFO - [2024-12-03T16:32:06.356+0000] {dag.py:3340} INFO - Setting next_dagrun for example_branch_python_operator_decorator to 2024-12-02T00:00:00+00:00, run_after=2024-12-03T00:00:00+00:00
[2024-12-03T16:32:06.396+0000] {processor.py:176} INFO - Processing /home/airflow/.local/lib/python3.7/site-packages/airflow/example_dags/example_branch_operator_decorator.py took 0.173 seconds
[2024-12-03T16:32:37.066+0000] {processor.py:154} INFO - Started process (PID=4702) to work on /home/airflow/.local/lib/python3.7/site-packages/airflow/example_dags/example_branch_operator_decorator.py
[2024-12-03T16:32:37.067+0000] {processor.py:756} INFO - Processing file /home/airflow/.local/lib/python3.7/site-packages/airflow/example_dags/example_branch_operator_decorator.py for tasks to queue
[2024-12-03T16:32:37.069+0000] {logging_mixin.py:120} INFO - [2024-12-03T16:32:37.068+0000] {dagbag.py:537} INFO - Filling up the DagBag from /home/airflow/.local/lib/python3.7/site-packages/airflow/example_dags/example_branch_operator_decorator.py
[2024-12-03T16:32:37.102+0000] {processor.py:766} INFO - DAG(s) dict_keys(['example_branch_python_operator_decorator']) retrieved from /home/airflow/.local/lib/python3.7/site-packages/airflow/example_dags/example_branch_operator_decorator.py
[2024-12-03T16:32:37.177+0000] {logging_mixin.py:120} INFO - [2024-12-03T16:32:37.176+0000] {dag.py:2585} INFO - Sync 1 DAGs
[2024-12-03T16:32:37.248+0000] {logging_mixin.py:120} INFO - [2024-12-03T16:32:37.248+0000] {dag.py:3340} INFO - Setting next_dagrun for example_branch_python_operator_decorator to 2024-12-02T00:00:00+00:00, run_after=2024-12-03T00:00:00+00:00
[2024-12-03T16:32:37.297+0000] {processor.py:176} INFO - Processing /home/airflow/.local/lib/python3.7/site-packages/airflow/example_dags/example_branch_operator_decorator.py took 0.237 seconds
[2024-12-03T16:33:08.202+0000] {processor.py:154} INFO - Started process (PID=4758) to work on /home/airflow/.local/lib/python3.7/site-packages/airflow/example_dags/example_branch_operator_decorator.py
[2024-12-03T16:33:08.203+0000] {processor.py:756} INFO - Processing file /home/airflow/.local/lib/python3.7/site-packages/airflow/example_dags/example_branch_operator_decorator.py for tasks to queue
[2024-12-03T16:33:08.205+0000] {logging_mixin.py:120} INFO - [2024-12-03T16:33:08.204+0000] {dagbag.py:537} INFO - Filling up the DagBag from /home/airflow/.local/lib/python3.7/site-packages/airflow/example_dags/example_branch_operator_decorator.py
[2024-12-03T16:33:08.231+0000] {processor.py:766} INFO - DAG(s) dict_keys(['example_branch_python_operator_decorator']) retrieved from /home/airflow/.local/lib/python3.7/site-packages/airflow/example_dags/example_branch_operator_decorator.py
[2024-12-03T16:33:08.280+0000] {logging_mixin.py:120} INFO - [2024-12-03T16:33:08.279+0000] {dag.py:2585} INFO - Sync 1 DAGs
[2024-12-03T16:33:08.312+0000] {logging_mixin.py:120} INFO - [2024-12-03T16:33:08.312+0000] {dag.py:3340} INFO - Setting next_dagrun for example_branch_python_operator_decorator to 2024-12-02T00:00:00+00:00, run_after=2024-12-03T00:00:00+00:00
[2024-12-03T16:33:08.351+0000] {processor.py:176} INFO - Processing /home/airflow/.local/lib/python3.7/site-packages/airflow/example_dags/example_branch_operator_decorator.py took 0.152 seconds
[2024-12-03T16:33:39.095+0000] {processor.py:154} INFO - Started process (PID=4822) to work on /home/airflow/.local/lib/python3.7/site-packages/airflow/example_dags/example_branch_operator_decorator.py
[2024-12-03T16:33:39.096+0000] {processor.py:756} INFO - Processing file /home/airflow/.local/lib/python3.7/site-packages/airflow/example_dags/example_branch_operator_decorator.py for tasks to queue
[2024-12-03T16:33:39.098+0000] {logging_mixin.py:120} INFO - [2024-12-03T16:33:39.098+0000] {dagbag.py:537} INFO - Filling up the DagBag from /home/airflow/.local/lib/python3.7/site-packages/airflow/example_dags/example_branch_operator_decorator.py
[2024-12-03T16:33:39.153+0000] {processor.py:766} INFO - DAG(s) dict_keys(['example_branch_python_operator_decorator']) retrieved from /home/airflow/.local/lib/python3.7/site-packages/airflow/example_dags/example_branch_operator_decorator.py
[2024-12-03T16:33:39.281+0000] {logging_mixin.py:120} INFO - [2024-12-03T16:33:39.281+0000] {dag.py:2585} INFO - Sync 1 DAGs
[2024-12-03T16:33:39.357+0000] {logging_mixin.py:120} INFO - [2024-12-03T16:33:39.356+0000] {dag.py:3340} INFO - Setting next_dagrun for example_branch_python_operator_decorator to 2024-12-02T00:00:00+00:00, run_after=2024-12-03T00:00:00+00:00
[2024-12-03T16:33:39.411+0000] {processor.py:176} INFO - Processing /home/airflow/.local/lib/python3.7/site-packages/airflow/example_dags/example_branch_operator_decorator.py took 0.328 seconds
[2024-12-03T16:34:09.547+0000] {processor.py:154} INFO - Started process (PID=4877) to work on /home/airflow/.local/lib/python3.7/site-packages/airflow/example_dags/example_branch_operator_decorator.py
[2024-12-03T16:34:09.548+0000] {processor.py:756} INFO - Processing file /home/airflow/.local/lib/python3.7/site-packages/airflow/example_dags/example_branch_operator_decorator.py for tasks to queue
[2024-12-03T16:34:09.549+0000] {logging_mixin.py:120} INFO - [2024-12-03T16:34:09.549+0000] {dagbag.py:537} INFO - Filling up the DagBag from /home/airflow/.local/lib/python3.7/site-packages/airflow/example_dags/example_branch_operator_decorator.py
[2024-12-03T16:34:09.583+0000] {processor.py:766} INFO - DAG(s) dict_keys(['example_branch_python_operator_decorator']) retrieved from /home/airflow/.local/lib/python3.7/site-packages/airflow/example_dags/example_branch_operator_decorator.py
[2024-12-03T16:34:09.634+0000] {logging_mixin.py:120} INFO - [2024-12-03T16:34:09.634+0000] {dag.py:2585} INFO - Sync 1 DAGs
[2024-12-03T16:34:09.667+0000] {logging_mixin.py:120} INFO - [2024-12-03T16:34:09.667+0000] {dag.py:3340} INFO - Setting next_dagrun for example_branch_python_operator_decorator to 2024-12-02T00:00:00+00:00, run_after=2024-12-03T00:00:00+00:00
[2024-12-03T16:34:09.698+0000] {processor.py:176} INFO - Processing /home/airflow/.local/lib/python3.7/site-packages/airflow/example_dags/example_branch_operator_decorator.py took 0.155 seconds
[2024-12-03T16:34:40.169+0000] {processor.py:154} INFO - Started process (PID=4941) to work on /home/airflow/.local/lib/python3.7/site-packages/airflow/example_dags/example_branch_operator_decorator.py
[2024-12-03T16:34:40.173+0000] {processor.py:756} INFO - Processing file /home/airflow/.local/lib/python3.7/site-packages/airflow/example_dags/example_branch_operator_decorator.py for tasks to queue
[2024-12-03T16:34:40.177+0000] {logging_mixin.py:120} INFO - [2024-12-03T16:34:40.177+0000] {dagbag.py:537} INFO - Filling up the DagBag from /home/airflow/.local/lib/python3.7/site-packages/airflow/example_dags/example_branch_operator_decorator.py
[2024-12-03T16:34:40.230+0000] {processor.py:766} INFO - DAG(s) dict_keys(['example_branch_python_operator_decorator']) retrieved from /home/airflow/.local/lib/python3.7/site-packages/airflow/example_dags/example_branch_operator_decorator.py
[2024-12-03T16:34:40.334+0000] {logging_mixin.py:120} INFO - [2024-12-03T16:34:40.334+0000] {dag.py:2585} INFO - Sync 1 DAGs
[2024-12-03T16:34:40.405+0000] {logging_mixin.py:120} INFO - [2024-12-03T16:34:40.405+0000] {dag.py:3340} INFO - Setting next_dagrun for example_branch_python_operator_decorator to 2024-12-02T00:00:00+00:00, run_after=2024-12-03T00:00:00+00:00
[2024-12-03T16:34:40.457+0000] {processor.py:176} INFO - Processing /home/airflow/.local/lib/python3.7/site-packages/airflow/example_dags/example_branch_operator_decorator.py took 0.294 seconds
[2024-12-03T16:35:10.534+0000] {processor.py:154} INFO - Started process (PID=5006) to work on /home/airflow/.local/lib/python3.7/site-packages/airflow/example_dags/example_branch_operator_decorator.py
[2024-12-03T16:35:10.535+0000] {processor.py:756} INFO - Processing file /home/airflow/.local/lib/python3.7/site-packages/airflow/example_dags/example_branch_operator_decorator.py for tasks to queue
[2024-12-03T16:35:10.537+0000] {logging_mixin.py:120} INFO - [2024-12-03T16:35:10.537+0000] {dagbag.py:537} INFO - Filling up the DagBag from /home/airflow/.local/lib/python3.7/site-packages/airflow/example_dags/example_branch_operator_decorator.py
[2024-12-03T16:35:10.576+0000] {processor.py:766} INFO - DAG(s) dict_keys(['example_branch_python_operator_decorator']) retrieved from /home/airflow/.local/lib/python3.7/site-packages/airflow/example_dags/example_branch_operator_decorator.py
[2024-12-03T16:35:10.638+0000] {logging_mixin.py:120} INFO - [2024-12-03T16:35:10.638+0000] {dag.py:2585} INFO - Sync 1 DAGs
[2024-12-03T16:35:10.678+0000] {logging_mixin.py:120} INFO - [2024-12-03T16:35:10.678+0000] {dag.py:3340} INFO - Setting next_dagrun for example_branch_python_operator_decorator to 2024-12-02T00:00:00+00:00, run_after=2024-12-03T00:00:00+00:00
[2024-12-03T16:35:10.713+0000] {processor.py:176} INFO - Processing /home/airflow/.local/lib/python3.7/site-packages/airflow/example_dags/example_branch_operator_decorator.py took 0.185 seconds
[2024-12-03T16:35:41.564+0000] {processor.py:154} INFO - Started process (PID=5065) to work on /home/airflow/.local/lib/python3.7/site-packages/airflow/example_dags/example_branch_operator_decorator.py
[2024-12-03T16:35:41.566+0000] {processor.py:756} INFO - Processing file /home/airflow/.local/lib/python3.7/site-packages/airflow/example_dags/example_branch_operator_decorator.py for tasks to queue
[2024-12-03T16:35:41.569+0000] {logging_mixin.py:120} INFO - [2024-12-03T16:35:41.569+0000] {dagbag.py:537} INFO - Filling up the DagBag from /home/airflow/.local/lib/python3.7/site-packages/airflow/example_dags/example_branch_operator_decorator.py
[2024-12-03T16:35:41.601+0000] {processor.py:766} INFO - DAG(s) dict_keys(['example_branch_python_operator_decorator']) retrieved from /home/airflow/.local/lib/python3.7/site-packages/airflow/example_dags/example_branch_operator_decorator.py
[2024-12-03T16:35:41.662+0000] {logging_mixin.py:120} INFO - [2024-12-03T16:35:41.662+0000] {dag.py:2585} INFO - Sync 1 DAGs
[2024-12-03T16:35:41.707+0000] {logging_mixin.py:120} INFO - [2024-12-03T16:35:41.707+0000] {dag.py:3340} INFO - Setting next_dagrun for example_branch_python_operator_decorator to 2024-12-02T00:00:00+00:00, run_after=2024-12-03T00:00:00+00:00
[2024-12-03T16:35:41.747+0000] {processor.py:176} INFO - Processing /home/airflow/.local/lib/python3.7/site-packages/airflow/example_dags/example_branch_operator_decorator.py took 0.189 seconds
[2024-12-03T16:36:12.539+0000] {processor.py:154} INFO - Started process (PID=5134) to work on /home/airflow/.local/lib/python3.7/site-packages/airflow/example_dags/example_branch_operator_decorator.py
[2024-12-03T16:36:12.543+0000] {processor.py:756} INFO - Processing file /home/airflow/.local/lib/python3.7/site-packages/airflow/example_dags/example_branch_operator_decorator.py for tasks to queue
[2024-12-03T16:36:12.545+0000] {logging_mixin.py:120} INFO - [2024-12-03T16:36:12.545+0000] {dagbag.py:537} INFO - Filling up the DagBag from /home/airflow/.local/lib/python3.7/site-packages/airflow/example_dags/example_branch_operator_decorator.py
[2024-12-03T16:36:12.607+0000] {processor.py:766} INFO - DAG(s) dict_keys(['example_branch_python_operator_decorator']) retrieved from /home/airflow/.local/lib/python3.7/site-packages/airflow/example_dags/example_branch_operator_decorator.py
[2024-12-03T16:36:12.713+0000] {logging_mixin.py:120} INFO - [2024-12-03T16:36:12.713+0000] {dag.py:2585} INFO - Sync 1 DAGs
[2024-12-03T16:36:12.762+0000] {logging_mixin.py:120} INFO - [2024-12-03T16:36:12.761+0000] {dag.py:3340} INFO - Setting next_dagrun for example_branch_python_operator_decorator to 2024-12-02T00:00:00+00:00, run_after=2024-12-03T00:00:00+00:00
[2024-12-03T16:36:12.807+0000] {processor.py:176} INFO - Processing /home/airflow/.local/lib/python3.7/site-packages/airflow/example_dags/example_branch_operator_decorator.py took 0.276 seconds
[2024-12-03T16:36:42.939+0000] {processor.py:154} INFO - Started process (PID=5189) to work on /home/airflow/.local/lib/python3.7/site-packages/airflow/example_dags/example_branch_operator_decorator.py
[2024-12-03T16:36:42.940+0000] {processor.py:756} INFO - Processing file /home/airflow/.local/lib/python3.7/site-packages/airflow/example_dags/example_branch_operator_decorator.py for tasks to queue
[2024-12-03T16:36:42.941+0000] {logging_mixin.py:120} INFO - [2024-12-03T16:36:42.941+0000] {dagbag.py:537} INFO - Filling up the DagBag from /home/airflow/.local/lib/python3.7/site-packages/airflow/example_dags/example_branch_operator_decorator.py
[2024-12-03T16:36:42.969+0000] {processor.py:766} INFO - DAG(s) dict_keys(['example_branch_python_operator_decorator']) retrieved from /home/airflow/.local/lib/python3.7/site-packages/airflow/example_dags/example_branch_operator_decorator.py
[2024-12-03T16:36:43.016+0000] {logging_mixin.py:120} INFO - [2024-12-03T16:36:43.016+0000] {dag.py:2585} INFO - Sync 1 DAGs
[2024-12-03T16:36:43.061+0000] {logging_mixin.py:120} INFO - [2024-12-03T16:36:43.061+0000] {dag.py:3340} INFO - Setting next_dagrun for example_branch_python_operator_decorator to 2024-12-02T00:00:00+00:00, run_after=2024-12-03T00:00:00+00:00
[2024-12-03T16:36:43.098+0000] {processor.py:176} INFO - Processing /home/airflow/.local/lib/python3.7/site-packages/airflow/example_dags/example_branch_operator_decorator.py took 0.162 seconds
[2024-12-03T16:37:13.768+0000] {processor.py:154} INFO - Started process (PID=5247) to work on /home/airflow/.local/lib/python3.7/site-packages/airflow/example_dags/example_branch_operator_decorator.py
[2024-12-03T16:37:13.770+0000] {processor.py:756} INFO - Processing file /home/airflow/.local/lib/python3.7/site-packages/airflow/example_dags/example_branch_operator_decorator.py for tasks to queue
[2024-12-03T16:37:13.772+0000] {logging_mixin.py:120} INFO - [2024-12-03T16:37:13.771+0000] {dagbag.py:537} INFO - Filling up the DagBag from /home/airflow/.local/lib/python3.7/site-packages/airflow/example_dags/example_branch_operator_decorator.py
[2024-12-03T16:37:13.857+0000] {processor.py:766} INFO - DAG(s) dict_keys(['example_branch_python_operator_decorator']) retrieved from /home/airflow/.local/lib/python3.7/site-packages/airflow/example_dags/example_branch_operator_decorator.py
[2024-12-03T16:37:13.959+0000] {logging_mixin.py:120} INFO - [2024-12-03T16:37:13.959+0000] {dag.py:2585} INFO - Sync 1 DAGs
[2024-12-03T16:37:14.018+0000] {logging_mixin.py:120} INFO - [2024-12-03T16:37:14.017+0000] {dag.py:3340} INFO - Setting next_dagrun for example_branch_python_operator_decorator to 2024-12-02T00:00:00+00:00, run_after=2024-12-03T00:00:00+00:00
[2024-12-03T16:37:14.085+0000] {processor.py:176} INFO - Processing /home/airflow/.local/lib/python3.7/site-packages/airflow/example_dags/example_branch_operator_decorator.py took 0.327 seconds
[2024-12-03T16:37:44.673+0000] {processor.py:154} INFO - Started process (PID=5302) to work on /home/airflow/.local/lib/python3.7/site-packages/airflow/example_dags/example_branch_operator_decorator.py
[2024-12-03T16:37:44.677+0000] {processor.py:756} INFO - Processing file /home/airflow/.local/lib/python3.7/site-packages/airflow/example_dags/example_branch_operator_decorator.py for tasks to queue
[2024-12-03T16:37:44.688+0000] {logging_mixin.py:120} INFO - [2024-12-03T16:37:44.687+0000] {dagbag.py:537} INFO - Filling up the DagBag from /home/airflow/.local/lib/python3.7/site-packages/airflow/example_dags/example_branch_operator_decorator.py
[2024-12-03T16:37:44.737+0000] {processor.py:766} INFO - DAG(s) dict_keys(['example_branch_python_operator_decorator']) retrieved from /home/airflow/.local/lib/python3.7/site-packages/airflow/example_dags/example_branch_operator_decorator.py
[2024-12-03T16:37:44.869+0000] {logging_mixin.py:120} INFO - [2024-12-03T16:37:44.869+0000] {dag.py:2585} INFO - Sync 1 DAGs
[2024-12-03T16:37:44.952+0000] {logging_mixin.py:120} INFO - [2024-12-03T16:37:44.952+0000] {dag.py:3340} INFO - Setting next_dagrun for example_branch_python_operator_decorator to 2024-12-02T00:00:00+00:00, run_after=2024-12-03T00:00:00+00:00
[2024-12-03T16:37:45.003+0000] {processor.py:176} INFO - Processing /home/airflow/.local/lib/python3.7/site-packages/airflow/example_dags/example_branch_operator_decorator.py took 0.337 seconds
[2024-12-03T16:38:16.027+0000] {processor.py:154} INFO - Started process (PID=5357) to work on /home/airflow/.local/lib/python3.7/site-packages/airflow/example_dags/example_branch_operator_decorator.py
[2024-12-03T16:38:16.029+0000] {processor.py:756} INFO - Processing file /home/airflow/.local/lib/python3.7/site-packages/airflow/example_dags/example_branch_operator_decorator.py for tasks to queue
[2024-12-03T16:38:16.033+0000] {logging_mixin.py:120} INFO - [2024-12-03T16:38:16.033+0000] {dagbag.py:537} INFO - Filling up the DagBag from /home/airflow/.local/lib/python3.7/site-packages/airflow/example_dags/example_branch_operator_decorator.py
[2024-12-03T16:38:16.097+0000] {processor.py:766} INFO - DAG(s) dict_keys(['example_branch_python_operator_decorator']) retrieved from /home/airflow/.local/lib/python3.7/site-packages/airflow/example_dags/example_branch_operator_decorator.py
[2024-12-03T16:38:16.220+0000] {logging_mixin.py:120} INFO - [2024-12-03T16:38:16.220+0000] {dag.py:2585} INFO - Sync 1 DAGs
[2024-12-03T16:38:16.336+0000] {logging_mixin.py:120} INFO - [2024-12-03T16:38:16.335+0000] {dag.py:3340} INFO - Setting next_dagrun for example_branch_python_operator_decorator to 2024-12-02T00:00:00+00:00, run_after=2024-12-03T00:00:00+00:00
[2024-12-03T16:38:16.422+0000] {processor.py:176} INFO - Processing /home/airflow/.local/lib/python3.7/site-packages/airflow/example_dags/example_branch_operator_decorator.py took 0.402 seconds
[2024-12-03T16:38:46.879+0000] {processor.py:154} INFO - Started process (PID=5421) to work on /home/airflow/.local/lib/python3.7/site-packages/airflow/example_dags/example_branch_operator_decorator.py
[2024-12-03T16:38:46.881+0000] {processor.py:756} INFO - Processing file /home/airflow/.local/lib/python3.7/site-packages/airflow/example_dags/example_branch_operator_decorator.py for tasks to queue
[2024-12-03T16:38:46.882+0000] {logging_mixin.py:120} INFO - [2024-12-03T16:38:46.882+0000] {dagbag.py:537} INFO - Filling up the DagBag from /home/airflow/.local/lib/python3.7/site-packages/airflow/example_dags/example_branch_operator_decorator.py
[2024-12-03T16:38:46.927+0000] {processor.py:766} INFO - DAG(s) dict_keys(['example_branch_python_operator_decorator']) retrieved from /home/airflow/.local/lib/python3.7/site-packages/airflow/example_dags/example_branch_operator_decorator.py
[2024-12-03T16:38:47.001+0000] {logging_mixin.py:120} INFO - [2024-12-03T16:38:47.001+0000] {dag.py:2585} INFO - Sync 1 DAGs
[2024-12-03T16:38:47.059+0000] {logging_mixin.py:120} INFO - [2024-12-03T16:38:47.058+0000] {dag.py:3340} INFO - Setting next_dagrun for example_branch_python_operator_decorator to 2024-12-02T00:00:00+00:00, run_after=2024-12-03T00:00:00+00:00
[2024-12-03T16:38:47.109+0000] {processor.py:176} INFO - Processing /home/airflow/.local/lib/python3.7/site-packages/airflow/example_dags/example_branch_operator_decorator.py took 0.234 seconds
[2024-12-03T16:39:17.852+0000] {processor.py:154} INFO - Started process (PID=5476) to work on /home/airflow/.local/lib/python3.7/site-packages/airflow/example_dags/example_branch_operator_decorator.py
[2024-12-03T16:39:17.854+0000] {processor.py:756} INFO - Processing file /home/airflow/.local/lib/python3.7/site-packages/airflow/example_dags/example_branch_operator_decorator.py for tasks to queue
[2024-12-03T16:39:17.856+0000] {logging_mixin.py:120} INFO - [2024-12-03T16:39:17.855+0000] {dagbag.py:537} INFO - Filling up the DagBag from /home/airflow/.local/lib/python3.7/site-packages/airflow/example_dags/example_branch_operator_decorator.py
[2024-12-03T16:39:17.890+0000] {processor.py:766} INFO - DAG(s) dict_keys(['example_branch_python_operator_decorator']) retrieved from /home/airflow/.local/lib/python3.7/site-packages/airflow/example_dags/example_branch_operator_decorator.py
[2024-12-03T16:39:17.972+0000] {logging_mixin.py:120} INFO - [2024-12-03T16:39:17.971+0000] {dag.py:2585} INFO - Sync 1 DAGs
[2024-12-03T16:39:18.026+0000] {logging_mixin.py:120} INFO - [2024-12-03T16:39:18.025+0000] {dag.py:3340} INFO - Setting next_dagrun for example_branch_python_operator_decorator to 2024-12-02T00:00:00+00:00, run_after=2024-12-03T00:00:00+00:00
[2024-12-03T16:39:18.069+0000] {processor.py:176} INFO - Processing /home/airflow/.local/lib/python3.7/site-packages/airflow/example_dags/example_branch_operator_decorator.py took 0.220 seconds
[2024-12-03T16:39:48.706+0000] {processor.py:154} INFO - Started process (PID=5543) to work on /home/airflow/.local/lib/python3.7/site-packages/airflow/example_dags/example_branch_operator_decorator.py
[2024-12-03T16:39:48.709+0000] {processor.py:756} INFO - Processing file /home/airflow/.local/lib/python3.7/site-packages/airflow/example_dags/example_branch_operator_decorator.py for tasks to queue
[2024-12-03T16:39:48.710+0000] {logging_mixin.py:120} INFO - [2024-12-03T16:39:48.710+0000] {dagbag.py:537} INFO - Filling up the DagBag from /home/airflow/.local/lib/python3.7/site-packages/airflow/example_dags/example_branch_operator_decorator.py
[2024-12-03T16:39:48.750+0000] {processor.py:766} INFO - DAG(s) dict_keys(['example_branch_python_operator_decorator']) retrieved from /home/airflow/.local/lib/python3.7/site-packages/airflow/example_dags/example_branch_operator_decorator.py
[2024-12-03T16:39:48.824+0000] {logging_mixin.py:120} INFO - [2024-12-03T16:39:48.824+0000] {dag.py:2585} INFO - Sync 1 DAGs
[2024-12-03T16:39:48.912+0000] {logging_mixin.py:120} INFO - [2024-12-03T16:39:48.911+0000] {dag.py:3340} INFO - Setting next_dagrun for example_branch_python_operator_decorator to 2024-12-02T00:00:00+00:00, run_after=2024-12-03T00:00:00+00:00
[2024-12-03T16:39:48.960+0000] {processor.py:176} INFO - Processing /home/airflow/.local/lib/python3.7/site-packages/airflow/example_dags/example_branch_operator_decorator.py took 0.261 seconds
[2024-12-03T16:40:19.277+0000] {processor.py:154} INFO - Started process (PID=5601) to work on /home/airflow/.local/lib/python3.7/site-packages/airflow/example_dags/example_branch_operator_decorator.py
[2024-12-03T16:40:19.280+0000] {processor.py:756} INFO - Processing file /home/airflow/.local/lib/python3.7/site-packages/airflow/example_dags/example_branch_operator_decorator.py for tasks to queue
[2024-12-03T16:40:19.282+0000] {logging_mixin.py:120} INFO - [2024-12-03T16:40:19.281+0000] {dagbag.py:537} INFO - Filling up the DagBag from /home/airflow/.local/lib/python3.7/site-packages/airflow/example_dags/example_branch_operator_decorator.py
[2024-12-03T16:40:19.335+0000] {processor.py:766} INFO - DAG(s) dict_keys(['example_branch_python_operator_decorator']) retrieved from /home/airflow/.local/lib/python3.7/site-packages/airflow/example_dags/example_branch_operator_decorator.py
[2024-12-03T16:40:19.417+0000] {logging_mixin.py:120} INFO - [2024-12-03T16:40:19.416+0000] {dag.py:2585} INFO - Sync 1 DAGs
[2024-12-03T16:40:19.463+0000] {logging_mixin.py:120} INFO - [2024-12-03T16:40:19.462+0000] {dag.py:3340} INFO - Setting next_dagrun for example_branch_python_operator_decorator to 2024-12-02T00:00:00+00:00, run_after=2024-12-03T00:00:00+00:00
[2024-12-03T16:40:19.505+0000] {processor.py:176} INFO - Processing /home/airflow/.local/lib/python3.7/site-packages/airflow/example_dags/example_branch_operator_decorator.py took 0.231 seconds
[2024-12-03T16:40:49.930+0000] {processor.py:154} INFO - Started process (PID=5674) to work on /home/airflow/.local/lib/python3.7/site-packages/airflow/example_dags/example_branch_operator_decorator.py
[2024-12-03T16:40:49.959+0000] {processor.py:756} INFO - Processing file /home/airflow/.local/lib/python3.7/site-packages/airflow/example_dags/example_branch_operator_decorator.py for tasks to queue
[2024-12-03T16:40:49.966+0000] {logging_mixin.py:120} INFO - [2024-12-03T16:40:49.965+0000] {dagbag.py:537} INFO - Filling up the DagBag from /home/airflow/.local/lib/python3.7/site-packages/airflow/example_dags/example_branch_operator_decorator.py
[2024-12-03T16:40:50.245+0000] {processor.py:766} INFO - DAG(s) dict_keys(['example_branch_python_operator_decorator']) retrieved from /home/airflow/.local/lib/python3.7/site-packages/airflow/example_dags/example_branch_operator_decorator.py
[2024-12-03T16:40:50.594+0000] {logging_mixin.py:120} INFO - [2024-12-03T16:40:50.593+0000] {dag.py:2585} INFO - Sync 1 DAGs
[2024-12-03T16:40:50.689+0000] {logging_mixin.py:120} INFO - [2024-12-03T16:40:50.689+0000] {dag.py:3340} INFO - Setting next_dagrun for example_branch_python_operator_decorator to 2024-12-02T00:00:00+00:00, run_after=2024-12-03T00:00:00+00:00
[2024-12-03T16:40:50.790+0000] {processor.py:176} INFO - Processing /home/airflow/.local/lib/python3.7/site-packages/airflow/example_dags/example_branch_operator_decorator.py took 0.880 seconds
[2024-12-03T16:41:21.381+0000] {processor.py:154} INFO - Started process (PID=5736) to work on /home/airflow/.local/lib/python3.7/site-packages/airflow/example_dags/example_branch_operator_decorator.py
[2024-12-03T16:41:21.383+0000] {processor.py:756} INFO - Processing file /home/airflow/.local/lib/python3.7/site-packages/airflow/example_dags/example_branch_operator_decorator.py for tasks to queue
[2024-12-03T16:41:21.386+0000] {logging_mixin.py:120} INFO - [2024-12-03T16:41:21.385+0000] {dagbag.py:537} INFO - Filling up the DagBag from /home/airflow/.local/lib/python3.7/site-packages/airflow/example_dags/example_branch_operator_decorator.py
[2024-12-03T16:41:21.422+0000] {processor.py:766} INFO - DAG(s) dict_keys(['example_branch_python_operator_decorator']) retrieved from /home/airflow/.local/lib/python3.7/site-packages/airflow/example_dags/example_branch_operator_decorator.py
[2024-12-03T16:41:21.479+0000] {logging_mixin.py:120} INFO - [2024-12-03T16:41:21.478+0000] {dag.py:2585} INFO - Sync 1 DAGs
[2024-12-03T16:41:21.520+0000] {logging_mixin.py:120} INFO - [2024-12-03T16:41:21.519+0000] {dag.py:3340} INFO - Setting next_dagrun for example_branch_python_operator_decorator to 2024-12-02T00:00:00+00:00, run_after=2024-12-03T00:00:00+00:00
[2024-12-03T16:41:21.561+0000] {processor.py:176} INFO - Processing /home/airflow/.local/lib/python3.7/site-packages/airflow/example_dags/example_branch_operator_decorator.py took 0.183 seconds
[2024-12-03T16:41:52.313+0000] {processor.py:154} INFO - Started process (PID=5800) to work on /home/airflow/.local/lib/python3.7/site-packages/airflow/example_dags/example_branch_operator_decorator.py
[2024-12-03T16:41:52.315+0000] {processor.py:756} INFO - Processing file /home/airflow/.local/lib/python3.7/site-packages/airflow/example_dags/example_branch_operator_decorator.py for tasks to queue
[2024-12-03T16:41:52.317+0000] {logging_mixin.py:120} INFO - [2024-12-03T16:41:52.317+0000] {dagbag.py:537} INFO - Filling up the DagBag from /home/airflow/.local/lib/python3.7/site-packages/airflow/example_dags/example_branch_operator_decorator.py
[2024-12-03T16:41:52.368+0000] {processor.py:766} INFO - DAG(s) dict_keys(['example_branch_python_operator_decorator']) retrieved from /home/airflow/.local/lib/python3.7/site-packages/airflow/example_dags/example_branch_operator_decorator.py
[2024-12-03T16:41:52.431+0000] {logging_mixin.py:120} INFO - [2024-12-03T16:41:52.431+0000] {dag.py:2585} INFO - Sync 1 DAGs
[2024-12-03T16:41:52.475+0000] {logging_mixin.py:120} INFO - [2024-12-03T16:41:52.475+0000] {dag.py:3340} INFO - Setting next_dagrun for example_branch_python_operator_decorator to 2024-12-02T00:00:00+00:00, run_after=2024-12-03T00:00:00+00:00
[2024-12-03T16:41:52.513+0000] {processor.py:176} INFO - Processing /home/airflow/.local/lib/python3.7/site-packages/airflow/example_dags/example_branch_operator_decorator.py took 0.203 seconds
[2024-12-03T16:42:22.775+0000] {processor.py:154} INFO - Started process (PID=5854) to work on /home/airflow/.local/lib/python3.7/site-packages/airflow/example_dags/example_branch_operator_decorator.py
[2024-12-03T16:42:22.777+0000] {processor.py:756} INFO - Processing file /home/airflow/.local/lib/python3.7/site-packages/airflow/example_dags/example_branch_operator_decorator.py for tasks to queue
[2024-12-03T16:42:22.778+0000] {logging_mixin.py:120} INFO - [2024-12-03T16:42:22.778+0000] {dagbag.py:537} INFO - Filling up the DagBag from /home/airflow/.local/lib/python3.7/site-packages/airflow/example_dags/example_branch_operator_decorator.py
[2024-12-03T16:42:22.809+0000] {processor.py:766} INFO - DAG(s) dict_keys(['example_branch_python_operator_decorator']) retrieved from /home/airflow/.local/lib/python3.7/site-packages/airflow/example_dags/example_branch_operator_decorator.py
[2024-12-03T16:42:22.864+0000] {logging_mixin.py:120} INFO - [2024-12-03T16:42:22.863+0000] {dag.py:2585} INFO - Sync 1 DAGs
[2024-12-03T16:42:22.898+0000] {logging_mixin.py:120} INFO - [2024-12-03T16:42:22.898+0000] {dag.py:3340} INFO - Setting next_dagrun for example_branch_python_operator_decorator to 2024-12-02T00:00:00+00:00, run_after=2024-12-03T00:00:00+00:00
[2024-12-03T16:42:22.930+0000] {processor.py:176} INFO - Processing /home/airflow/.local/lib/python3.7/site-packages/airflow/example_dags/example_branch_operator_decorator.py took 0.158 seconds
[2024-12-03T16:42:53.383+0000] {processor.py:154} INFO - Started process (PID=5918) to work on /home/airflow/.local/lib/python3.7/site-packages/airflow/example_dags/example_branch_operator_decorator.py
[2024-12-03T16:42:53.386+0000] {processor.py:756} INFO - Processing file /home/airflow/.local/lib/python3.7/site-packages/airflow/example_dags/example_branch_operator_decorator.py for tasks to queue
[2024-12-03T16:42:53.390+0000] {logging_mixin.py:120} INFO - [2024-12-03T16:42:53.390+0000] {dagbag.py:537} INFO - Filling up the DagBag from /home/airflow/.local/lib/python3.7/site-packages/airflow/example_dags/example_branch_operator_decorator.py
[2024-12-03T16:42:53.475+0000] {processor.py:766} INFO - DAG(s) dict_keys(['example_branch_python_operator_decorator']) retrieved from /home/airflow/.local/lib/python3.7/site-packages/airflow/example_dags/example_branch_operator_decorator.py
[2024-12-03T16:42:53.626+0000] {logging_mixin.py:120} INFO - [2024-12-03T16:42:53.625+0000] {dag.py:2585} INFO - Sync 1 DAGs
[2024-12-03T16:42:53.735+0000] {logging_mixin.py:120} INFO - [2024-12-03T16:42:53.735+0000] {dag.py:3340} INFO - Setting next_dagrun for example_branch_python_operator_decorator to 2024-12-02T00:00:00+00:00, run_after=2024-12-03T00:00:00+00:00
[2024-12-03T16:42:53.796+0000] {processor.py:176} INFO - Processing /home/airflow/.local/lib/python3.7/site-packages/airflow/example_dags/example_branch_operator_decorator.py took 0.423 seconds
[2024-12-03T16:43:24.404+0000] {processor.py:154} INFO - Started process (PID=5973) to work on /home/airflow/.local/lib/python3.7/site-packages/airflow/example_dags/example_branch_operator_decorator.py
[2024-12-03T16:43:24.405+0000] {processor.py:756} INFO - Processing file /home/airflow/.local/lib/python3.7/site-packages/airflow/example_dags/example_branch_operator_decorator.py for tasks to queue
[2024-12-03T16:43:24.408+0000] {logging_mixin.py:120} INFO - [2024-12-03T16:43:24.407+0000] {dagbag.py:537} INFO - Filling up the DagBag from /home/airflow/.local/lib/python3.7/site-packages/airflow/example_dags/example_branch_operator_decorator.py
[2024-12-03T16:43:24.447+0000] {processor.py:766} INFO - DAG(s) dict_keys(['example_branch_python_operator_decorator']) retrieved from /home/airflow/.local/lib/python3.7/site-packages/airflow/example_dags/example_branch_operator_decorator.py
[2024-12-03T16:43:24.530+0000] {logging_mixin.py:120} INFO - [2024-12-03T16:43:24.529+0000] {dag.py:2585} INFO - Sync 1 DAGs
[2024-12-03T16:43:24.581+0000] {logging_mixin.py:120} INFO - [2024-12-03T16:43:24.581+0000] {dag.py:3340} INFO - Setting next_dagrun for example_branch_python_operator_decorator to 2024-12-02T00:00:00+00:00, run_after=2024-12-03T00:00:00+00:00
[2024-12-03T16:43:24.625+0000] {processor.py:176} INFO - Processing /home/airflow/.local/lib/python3.7/site-packages/airflow/example_dags/example_branch_operator_decorator.py took 0.225 seconds
[2024-12-03T16:43:54.753+0000] {processor.py:154} INFO - Started process (PID=6028) to work on /home/airflow/.local/lib/python3.7/site-packages/airflow/example_dags/example_branch_operator_decorator.py
[2024-12-03T16:43:54.755+0000] {processor.py:756} INFO - Processing file /home/airflow/.local/lib/python3.7/site-packages/airflow/example_dags/example_branch_operator_decorator.py for tasks to queue
[2024-12-03T16:43:54.757+0000] {logging_mixin.py:120} INFO - [2024-12-03T16:43:54.756+0000] {dagbag.py:537} INFO - Filling up the DagBag from /home/airflow/.local/lib/python3.7/site-packages/airflow/example_dags/example_branch_operator_decorator.py
[2024-12-03T16:43:54.786+0000] {processor.py:766} INFO - DAG(s) dict_keys(['example_branch_python_operator_decorator']) retrieved from /home/airflow/.local/lib/python3.7/site-packages/airflow/example_dags/example_branch_operator_decorator.py
[2024-12-03T16:43:54.840+0000] {logging_mixin.py:120} INFO - [2024-12-03T16:43:54.839+0000] {dag.py:2585} INFO - Sync 1 DAGs
[2024-12-03T16:43:54.874+0000] {logging_mixin.py:120} INFO - [2024-12-03T16:43:54.874+0000] {dag.py:3340} INFO - Setting next_dagrun for example_branch_python_operator_decorator to 2024-12-02T00:00:00+00:00, run_after=2024-12-03T00:00:00+00:00
[2024-12-03T16:43:54.912+0000] {processor.py:176} INFO - Processing /home/airflow/.local/lib/python3.7/site-packages/airflow/example_dags/example_branch_operator_decorator.py took 0.163 seconds
[2024-12-03T16:44:25.149+0000] {processor.py:154} INFO - Started process (PID=6092) to work on /home/airflow/.local/lib/python3.7/site-packages/airflow/example_dags/example_branch_operator_decorator.py
[2024-12-03T16:44:25.150+0000] {processor.py:756} INFO - Processing file /home/airflow/.local/lib/python3.7/site-packages/airflow/example_dags/example_branch_operator_decorator.py for tasks to queue
[2024-12-03T16:44:25.153+0000] {logging_mixin.py:120} INFO - [2024-12-03T16:44:25.153+0000] {dagbag.py:537} INFO - Filling up the DagBag from /home/airflow/.local/lib/python3.7/site-packages/airflow/example_dags/example_branch_operator_decorator.py
[2024-12-03T16:44:25.196+0000] {processor.py:766} INFO - DAG(s) dict_keys(['example_branch_python_operator_decorator']) retrieved from /home/airflow/.local/lib/python3.7/site-packages/airflow/example_dags/example_branch_operator_decorator.py
[2024-12-03T16:44:25.284+0000] {logging_mixin.py:120} INFO - [2024-12-03T16:44:25.283+0000] {dag.py:2585} INFO - Sync 1 DAGs
[2024-12-03T16:44:25.335+0000] {logging_mixin.py:120} INFO - [2024-12-03T16:44:25.335+0000] {dag.py:3340} INFO - Setting next_dagrun for example_branch_python_operator_decorator to 2024-12-02T00:00:00+00:00, run_after=2024-12-03T00:00:00+00:00
[2024-12-03T16:44:25.381+0000] {processor.py:176} INFO - Processing /home/airflow/.local/lib/python3.7/site-packages/airflow/example_dags/example_branch_operator_decorator.py took 0.243 seconds
[2024-12-03T16:44:55.447+0000] {processor.py:154} INFO - Started process (PID=6159) to work on /home/airflow/.local/lib/python3.7/site-packages/airflow/example_dags/example_branch_operator_decorator.py
[2024-12-03T16:44:55.449+0000] {processor.py:756} INFO - Processing file /home/airflow/.local/lib/python3.7/site-packages/airflow/example_dags/example_branch_operator_decorator.py for tasks to queue
[2024-12-03T16:44:55.451+0000] {logging_mixin.py:120} INFO - [2024-12-03T16:44:55.451+0000] {dagbag.py:537} INFO - Filling up the DagBag from /home/airflow/.local/lib/python3.7/site-packages/airflow/example_dags/example_branch_operator_decorator.py
[2024-12-03T16:44:55.502+0000] {processor.py:766} INFO - DAG(s) dict_keys(['example_branch_python_operator_decorator']) retrieved from /home/airflow/.local/lib/python3.7/site-packages/airflow/example_dags/example_branch_operator_decorator.py
[2024-12-03T16:44:55.597+0000] {logging_mixin.py:120} INFO - [2024-12-03T16:44:55.596+0000] {dag.py:2585} INFO - Sync 1 DAGs
[2024-12-03T16:44:55.658+0000] {logging_mixin.py:120} INFO - [2024-12-03T16:44:55.658+0000] {dag.py:3340} INFO - Setting next_dagrun for example_branch_python_operator_decorator to 2024-12-02T00:00:00+00:00, run_after=2024-12-03T00:00:00+00:00
[2024-12-03T16:44:55.698+0000] {processor.py:176} INFO - Processing /home/airflow/.local/lib/python3.7/site-packages/airflow/example_dags/example_branch_operator_decorator.py took 0.258 seconds
[2024-12-03T16:45:26.588+0000] {processor.py:154} INFO - Started process (PID=6220) to work on /home/airflow/.local/lib/python3.7/site-packages/airflow/example_dags/example_branch_operator_decorator.py
[2024-12-03T16:45:26.590+0000] {processor.py:756} INFO - Processing file /home/airflow/.local/lib/python3.7/site-packages/airflow/example_dags/example_branch_operator_decorator.py for tasks to queue
[2024-12-03T16:45:26.592+0000] {logging_mixin.py:120} INFO - [2024-12-03T16:45:26.592+0000] {dagbag.py:537} INFO - Filling up the DagBag from /home/airflow/.local/lib/python3.7/site-packages/airflow/example_dags/example_branch_operator_decorator.py
[2024-12-03T16:45:26.655+0000] {processor.py:766} INFO - DAG(s) dict_keys(['example_branch_python_operator_decorator']) retrieved from /home/airflow/.local/lib/python3.7/site-packages/airflow/example_dags/example_branch_operator_decorator.py
[2024-12-03T16:45:26.745+0000] {logging_mixin.py:120} INFO - [2024-12-03T16:45:26.745+0000] {dag.py:2585} INFO - Sync 1 DAGs
[2024-12-03T16:45:26.810+0000] {logging_mixin.py:120} INFO - [2024-12-03T16:45:26.809+0000] {dag.py:3340} INFO - Setting next_dagrun for example_branch_python_operator_decorator to 2024-12-02T00:00:00+00:00, run_after=2024-12-03T00:00:00+00:00
[2024-12-03T16:45:26.868+0000] {processor.py:176} INFO - Processing /home/airflow/.local/lib/python3.7/site-packages/airflow/example_dags/example_branch_operator_decorator.py took 0.286 seconds
[2024-12-03T16:45:57.195+0000] {processor.py:154} INFO - Started process (PID=6284) to work on /home/airflow/.local/lib/python3.7/site-packages/airflow/example_dags/example_branch_operator_decorator.py
[2024-12-03T16:45:57.197+0000] {processor.py:756} INFO - Processing file /home/airflow/.local/lib/python3.7/site-packages/airflow/example_dags/example_branch_operator_decorator.py for tasks to queue
[2024-12-03T16:45:57.198+0000] {logging_mixin.py:120} INFO - [2024-12-03T16:45:57.198+0000] {dagbag.py:537} INFO - Filling up the DagBag from /home/airflow/.local/lib/python3.7/site-packages/airflow/example_dags/example_branch_operator_decorator.py
[2024-12-03T16:45:57.228+0000] {processor.py:766} INFO - DAG(s) dict_keys(['example_branch_python_operator_decorator']) retrieved from /home/airflow/.local/lib/python3.7/site-packages/airflow/example_dags/example_branch_operator_decorator.py
[2024-12-03T16:45:57.278+0000] {logging_mixin.py:120} INFO - [2024-12-03T16:45:57.278+0000] {dag.py:2585} INFO - Sync 1 DAGs
[2024-12-03T16:45:57.311+0000] {logging_mixin.py:120} INFO - [2024-12-03T16:45:57.311+0000] {dag.py:3340} INFO - Setting next_dagrun for example_branch_python_operator_decorator to 2024-12-02T00:00:00+00:00, run_after=2024-12-03T00:00:00+00:00
[2024-12-03T16:45:57.350+0000] {processor.py:176} INFO - Processing /home/airflow/.local/lib/python3.7/site-packages/airflow/example_dags/example_branch_operator_decorator.py took 0.158 seconds
[2024-12-03T16:46:27.951+0000] {processor.py:154} INFO - Started process (PID=6348) to work on /home/airflow/.local/lib/python3.7/site-packages/airflow/example_dags/example_branch_operator_decorator.py
[2024-12-03T16:46:27.952+0000] {processor.py:756} INFO - Processing file /home/airflow/.local/lib/python3.7/site-packages/airflow/example_dags/example_branch_operator_decorator.py for tasks to queue
[2024-12-03T16:46:27.954+0000] {logging_mixin.py:120} INFO - [2024-12-03T16:46:27.954+0000] {dagbag.py:537} INFO - Filling up the DagBag from /home/airflow/.local/lib/python3.7/site-packages/airflow/example_dags/example_branch_operator_decorator.py
[2024-12-03T16:46:27.982+0000] {processor.py:766} INFO - DAG(s) dict_keys(['example_branch_python_operator_decorator']) retrieved from /home/airflow/.local/lib/python3.7/site-packages/airflow/example_dags/example_branch_operator_decorator.py
[2024-12-03T16:46:28.046+0000] {logging_mixin.py:120} INFO - [2024-12-03T16:46:28.046+0000] {dag.py:2585} INFO - Sync 1 DAGs
[2024-12-03T16:46:28.082+0000] {logging_mixin.py:120} INFO - [2024-12-03T16:46:28.081+0000] {dag.py:3340} INFO - Setting next_dagrun for example_branch_python_operator_decorator to 2024-12-02T00:00:00+00:00, run_after=2024-12-03T00:00:00+00:00
[2024-12-03T16:46:28.116+0000] {processor.py:176} INFO - Processing /home/airflow/.local/lib/python3.7/site-packages/airflow/example_dags/example_branch_operator_decorator.py took 0.169 seconds
[2024-12-03T16:46:58.706+0000] {processor.py:154} INFO - Started process (PID=6420) to work on /home/airflow/.local/lib/python3.7/site-packages/airflow/example_dags/example_branch_operator_decorator.py
[2024-12-03T16:46:58.709+0000] {processor.py:756} INFO - Processing file /home/airflow/.local/lib/python3.7/site-packages/airflow/example_dags/example_branch_operator_decorator.py for tasks to queue
[2024-12-03T16:46:58.711+0000] {logging_mixin.py:120} INFO - [2024-12-03T16:46:58.710+0000] {dagbag.py:537} INFO - Filling up the DagBag from /home/airflow/.local/lib/python3.7/site-packages/airflow/example_dags/example_branch_operator_decorator.py
[2024-12-03T16:46:58.758+0000] {processor.py:766} INFO - DAG(s) dict_keys(['example_branch_python_operator_decorator']) retrieved from /home/airflow/.local/lib/python3.7/site-packages/airflow/example_dags/example_branch_operator_decorator.py
[2024-12-03T16:46:58.842+0000] {logging_mixin.py:120} INFO - [2024-12-03T16:46:58.841+0000] {dag.py:2585} INFO - Sync 1 DAGs
[2024-12-03T16:46:58.887+0000] {logging_mixin.py:120} INFO - [2024-12-03T16:46:58.886+0000] {dag.py:3340} INFO - Setting next_dagrun for example_branch_python_operator_decorator to 2024-12-02T00:00:00+00:00, run_after=2024-12-03T00:00:00+00:00
[2024-12-03T16:46:58.925+0000] {processor.py:176} INFO - Processing /home/airflow/.local/lib/python3.7/site-packages/airflow/example_dags/example_branch_operator_decorator.py took 0.226 seconds
[2024-12-03T16:47:29.416+0000] {processor.py:154} INFO - Started process (PID=6475) to work on /home/airflow/.local/lib/python3.7/site-packages/airflow/example_dags/example_branch_operator_decorator.py
[2024-12-03T16:47:29.417+0000] {processor.py:756} INFO - Processing file /home/airflow/.local/lib/python3.7/site-packages/airflow/example_dags/example_branch_operator_decorator.py for tasks to queue
[2024-12-03T16:47:29.419+0000] {logging_mixin.py:120} INFO - [2024-12-03T16:47:29.418+0000] {dagbag.py:537} INFO - Filling up the DagBag from /home/airflow/.local/lib/python3.7/site-packages/airflow/example_dags/example_branch_operator_decorator.py
[2024-12-03T16:47:29.460+0000] {processor.py:766} INFO - DAG(s) dict_keys(['example_branch_python_operator_decorator']) retrieved from /home/airflow/.local/lib/python3.7/site-packages/airflow/example_dags/example_branch_operator_decorator.py
[2024-12-03T16:47:29.528+0000] {logging_mixin.py:120} INFO - [2024-12-03T16:47:29.528+0000] {dag.py:2585} INFO - Sync 1 DAGs
[2024-12-03T16:47:29.566+0000] {logging_mixin.py:120} INFO - [2024-12-03T16:47:29.566+0000] {dag.py:3340} INFO - Setting next_dagrun for example_branch_python_operator_decorator to 2024-12-02T00:00:00+00:00, run_after=2024-12-03T00:00:00+00:00
[2024-12-03T16:47:29.602+0000] {processor.py:176} INFO - Processing /home/airflow/.local/lib/python3.7/site-packages/airflow/example_dags/example_branch_operator_decorator.py took 0.195 seconds
[2024-12-03T16:47:59.951+0000] {processor.py:154} INFO - Started process (PID=6540) to work on /home/airflow/.local/lib/python3.7/site-packages/airflow/example_dags/example_branch_operator_decorator.py
[2024-12-03T16:47:59.952+0000] {processor.py:756} INFO - Processing file /home/airflow/.local/lib/python3.7/site-packages/airflow/example_dags/example_branch_operator_decorator.py for tasks to queue
[2024-12-03T16:47:59.954+0000] {logging_mixin.py:120} INFO - [2024-12-03T16:47:59.953+0000] {dagbag.py:537} INFO - Filling up the DagBag from /home/airflow/.local/lib/python3.7/site-packages/airflow/example_dags/example_branch_operator_decorator.py
[2024-12-03T16:47:59.986+0000] {processor.py:766} INFO - DAG(s) dict_keys(['example_branch_python_operator_decorator']) retrieved from /home/airflow/.local/lib/python3.7/site-packages/airflow/example_dags/example_branch_operator_decorator.py
[2024-12-03T16:48:00.055+0000] {logging_mixin.py:120} INFO - [2024-12-03T16:48:00.055+0000] {dag.py:2585} INFO - Sync 1 DAGs
[2024-12-03T16:48:00.095+0000] {logging_mixin.py:120} INFO - [2024-12-03T16:48:00.094+0000] {dag.py:3340} INFO - Setting next_dagrun for example_branch_python_operator_decorator to 2024-12-02T00:00:00+00:00, run_after=2024-12-03T00:00:00+00:00
[2024-12-03T16:48:00.130+0000] {processor.py:176} INFO - Processing /home/airflow/.local/lib/python3.7/site-packages/airflow/example_dags/example_branch_operator_decorator.py took 0.182 seconds
[2024-12-03T16:48:30.264+0000] {processor.py:154} INFO - Started process (PID=6595) to work on /home/airflow/.local/lib/python3.7/site-packages/airflow/example_dags/example_branch_operator_decorator.py
[2024-12-03T16:48:30.265+0000] {processor.py:756} INFO - Processing file /home/airflow/.local/lib/python3.7/site-packages/airflow/example_dags/example_branch_operator_decorator.py for tasks to queue
[2024-12-03T16:48:30.266+0000] {logging_mixin.py:120} INFO - [2024-12-03T16:48:30.266+0000] {dagbag.py:537} INFO - Filling up the DagBag from /home/airflow/.local/lib/python3.7/site-packages/airflow/example_dags/example_branch_operator_decorator.py
[2024-12-03T16:48:30.296+0000] {processor.py:766} INFO - DAG(s) dict_keys(['example_branch_python_operator_decorator']) retrieved from /home/airflow/.local/lib/python3.7/site-packages/airflow/example_dags/example_branch_operator_decorator.py
[2024-12-03T16:48:30.346+0000] {logging_mixin.py:120} INFO - [2024-12-03T16:48:30.345+0000] {dag.py:2585} INFO - Sync 1 DAGs
[2024-12-03T16:48:30.380+0000] {logging_mixin.py:120} INFO - [2024-12-03T16:48:30.380+0000] {dag.py:3340} INFO - Setting next_dagrun for example_branch_python_operator_decorator to 2024-12-02T00:00:00+00:00, run_after=2024-12-03T00:00:00+00:00
[2024-12-03T16:48:30.413+0000] {processor.py:176} INFO - Processing /home/airflow/.local/lib/python3.7/site-packages/airflow/example_dags/example_branch_operator_decorator.py took 0.152 seconds
[2024-12-03T16:49:00.862+0000] {processor.py:154} INFO - Started process (PID=6660) to work on /home/airflow/.local/lib/python3.7/site-packages/airflow/example_dags/example_branch_operator_decorator.py
[2024-12-03T16:49:00.866+0000] {processor.py:756} INFO - Processing file /home/airflow/.local/lib/python3.7/site-packages/airflow/example_dags/example_branch_operator_decorator.py for tasks to queue
[2024-12-03T16:49:00.868+0000] {logging_mixin.py:120} INFO - [2024-12-03T16:49:00.868+0000] {dagbag.py:537} INFO - Filling up the DagBag from /home/airflow/.local/lib/python3.7/site-packages/airflow/example_dags/example_branch_operator_decorator.py
[2024-12-03T16:49:00.903+0000] {processor.py:766} INFO - DAG(s) dict_keys(['example_branch_python_operator_decorator']) retrieved from /home/airflow/.local/lib/python3.7/site-packages/airflow/example_dags/example_branch_operator_decorator.py
[2024-12-03T16:49:00.968+0000] {logging_mixin.py:120} INFO - [2024-12-03T16:49:00.968+0000] {dag.py:2585} INFO - Sync 1 DAGs
[2024-12-03T16:49:01.013+0000] {logging_mixin.py:120} INFO - [2024-12-03T16:49:01.013+0000] {dag.py:3340} INFO - Setting next_dagrun for example_branch_python_operator_decorator to 2024-12-02T00:00:00+00:00, run_after=2024-12-03T00:00:00+00:00
[2024-12-03T16:49:01.053+0000] {processor.py:176} INFO - Processing /home/airflow/.local/lib/python3.7/site-packages/airflow/example_dags/example_branch_operator_decorator.py took 0.194 seconds
[2024-12-03T16:49:31.616+0000] {processor.py:154} INFO - Started process (PID=6724) to work on /home/airflow/.local/lib/python3.7/site-packages/airflow/example_dags/example_branch_operator_decorator.py
[2024-12-03T16:49:31.620+0000] {processor.py:756} INFO - Processing file /home/airflow/.local/lib/python3.7/site-packages/airflow/example_dags/example_branch_operator_decorator.py for tasks to queue
[2024-12-03T16:49:31.622+0000] {logging_mixin.py:120} INFO - [2024-12-03T16:49:31.621+0000] {dagbag.py:537} INFO - Filling up the DagBag from /home/airflow/.local/lib/python3.7/site-packages/airflow/example_dags/example_branch_operator_decorator.py
[2024-12-03T16:49:31.654+0000] {processor.py:766} INFO - DAG(s) dict_keys(['example_branch_python_operator_decorator']) retrieved from /home/airflow/.local/lib/python3.7/site-packages/airflow/example_dags/example_branch_operator_decorator.py
[2024-12-03T16:49:31.706+0000] {logging_mixin.py:120} INFO - [2024-12-03T16:49:31.706+0000] {dag.py:2585} INFO - Sync 1 DAGs
[2024-12-03T16:49:31.745+0000] {logging_mixin.py:120} INFO - [2024-12-03T16:49:31.745+0000] {dag.py:3340} INFO - Setting next_dagrun for example_branch_python_operator_decorator to 2024-12-02T00:00:00+00:00, run_after=2024-12-03T00:00:00+00:00
[2024-12-03T16:49:31.775+0000] {processor.py:176} INFO - Processing /home/airflow/.local/lib/python3.7/site-packages/airflow/example_dags/example_branch_operator_decorator.py took 0.164 seconds
[2024-12-03T16:50:02.360+0000] {processor.py:154} INFO - Started process (PID=6780) to work on /home/airflow/.local/lib/python3.7/site-packages/airflow/example_dags/example_branch_operator_decorator.py
[2024-12-03T16:50:02.362+0000] {processor.py:756} INFO - Processing file /home/airflow/.local/lib/python3.7/site-packages/airflow/example_dags/example_branch_operator_decorator.py for tasks to queue
[2024-12-03T16:50:02.363+0000] {logging_mixin.py:120} INFO - [2024-12-03T16:50:02.363+0000] {dagbag.py:537} INFO - Filling up the DagBag from /home/airflow/.local/lib/python3.7/site-packages/airflow/example_dags/example_branch_operator_decorator.py
[2024-12-03T16:50:02.402+0000] {processor.py:766} INFO - DAG(s) dict_keys(['example_branch_python_operator_decorator']) retrieved from /home/airflow/.local/lib/python3.7/site-packages/airflow/example_dags/example_branch_operator_decorator.py
[2024-12-03T16:50:02.468+0000] {logging_mixin.py:120} INFO - [2024-12-03T16:50:02.468+0000] {dag.py:2585} INFO - Sync 1 DAGs
[2024-12-03T16:50:02.514+0000] {logging_mixin.py:120} INFO - [2024-12-03T16:50:02.514+0000] {dag.py:3340} INFO - Setting next_dagrun for example_branch_python_operator_decorator to 2024-12-02T00:00:00+00:00, run_after=2024-12-03T00:00:00+00:00
[2024-12-03T16:50:02.561+0000] {processor.py:176} INFO - Processing /home/airflow/.local/lib/python3.7/site-packages/airflow/example_dags/example_branch_operator_decorator.py took 0.205 seconds
[2024-12-03T16:50:32.844+0000] {processor.py:154} INFO - Started process (PID=6853) to work on /home/airflow/.local/lib/python3.7/site-packages/airflow/example_dags/example_branch_operator_decorator.py
[2024-12-03T16:50:32.847+0000] {processor.py:756} INFO - Processing file /home/airflow/.local/lib/python3.7/site-packages/airflow/example_dags/example_branch_operator_decorator.py for tasks to queue
[2024-12-03T16:50:32.849+0000] {logging_mixin.py:120} INFO - [2024-12-03T16:50:32.848+0000] {dagbag.py:537} INFO - Filling up the DagBag from /home/airflow/.local/lib/python3.7/site-packages/airflow/example_dags/example_branch_operator_decorator.py
[2024-12-03T16:50:32.885+0000] {processor.py:766} INFO - DAG(s) dict_keys(['example_branch_python_operator_decorator']) retrieved from /home/airflow/.local/lib/python3.7/site-packages/airflow/example_dags/example_branch_operator_decorator.py
[2024-12-03T16:50:33.068+0000] {logging_mixin.py:120} INFO - [2024-12-03T16:50:33.068+0000] {dag.py:2585} INFO - Sync 1 DAGs
[2024-12-03T16:50:33.245+0000] {logging_mixin.py:120} INFO - [2024-12-03T16:50:33.245+0000] {dag.py:3340} INFO - Setting next_dagrun for example_branch_python_operator_decorator to 2024-12-02T00:00:00+00:00, run_after=2024-12-03T00:00:00+00:00
[2024-12-03T16:50:33.300+0000] {processor.py:176} INFO - Processing /home/airflow/.local/lib/python3.7/site-packages/airflow/example_dags/example_branch_operator_decorator.py took 0.463 seconds
[2024-12-03T16:51:03.867+0000] {processor.py:154} INFO - Started process (PID=6908) to work on /home/airflow/.local/lib/python3.7/site-packages/airflow/example_dags/example_branch_operator_decorator.py
[2024-12-03T16:51:03.869+0000] {processor.py:756} INFO - Processing file /home/airflow/.local/lib/python3.7/site-packages/airflow/example_dags/example_branch_operator_decorator.py for tasks to queue
[2024-12-03T16:51:03.870+0000] {logging_mixin.py:120} INFO - [2024-12-03T16:51:03.870+0000] {dagbag.py:537} INFO - Filling up the DagBag from /home/airflow/.local/lib/python3.7/site-packages/airflow/example_dags/example_branch_operator_decorator.py
[2024-12-03T16:51:03.921+0000] {processor.py:766} INFO - DAG(s) dict_keys(['example_branch_python_operator_decorator']) retrieved from /home/airflow/.local/lib/python3.7/site-packages/airflow/example_dags/example_branch_operator_decorator.py
[2024-12-03T16:51:04.046+0000] {logging_mixin.py:120} INFO - [2024-12-03T16:51:04.045+0000] {dag.py:2585} INFO - Sync 1 DAGs
[2024-12-03T16:51:04.196+0000] {logging_mixin.py:120} INFO - [2024-12-03T16:51:04.195+0000] {dag.py:3340} INFO - Setting next_dagrun for example_branch_python_operator_decorator to 2024-12-02T00:00:00+00:00, run_after=2024-12-03T00:00:00+00:00
[2024-12-03T16:51:04.260+0000] {processor.py:176} INFO - Processing /home/airflow/.local/lib/python3.7/site-packages/airflow/example_dags/example_branch_operator_decorator.py took 0.397 seconds
[2024-12-03T16:51:34.473+0000] {processor.py:154} INFO - Started process (PID=6967) to work on /home/airflow/.local/lib/python3.7/site-packages/airflow/example_dags/example_branch_operator_decorator.py
[2024-12-03T16:51:34.482+0000] {processor.py:756} INFO - Processing file /home/airflow/.local/lib/python3.7/site-packages/airflow/example_dags/example_branch_operator_decorator.py for tasks to queue
[2024-12-03T16:51:34.485+0000] {logging_mixin.py:120} INFO - [2024-12-03T16:51:34.484+0000] {dagbag.py:537} INFO - Filling up the DagBag from /home/airflow/.local/lib/python3.7/site-packages/airflow/example_dags/example_branch_operator_decorator.py
[2024-12-03T16:51:34.540+0000] {processor.py:766} INFO - DAG(s) dict_keys(['example_branch_python_operator_decorator']) retrieved from /home/airflow/.local/lib/python3.7/site-packages/airflow/example_dags/example_branch_operator_decorator.py
[2024-12-03T16:51:34.623+0000] {logging_mixin.py:120} INFO - [2024-12-03T16:51:34.622+0000] {dag.py:2585} INFO - Sync 1 DAGs
[2024-12-03T16:51:34.668+0000] {logging_mixin.py:120} INFO - [2024-12-03T16:51:34.667+0000] {dag.py:3340} INFO - Setting next_dagrun for example_branch_python_operator_decorator to 2024-12-02T00:00:00+00:00, run_after=2024-12-03T00:00:00+00:00
[2024-12-03T16:51:34.713+0000] {processor.py:176} INFO - Processing /home/airflow/.local/lib/python3.7/site-packages/airflow/example_dags/example_branch_operator_decorator.py took 0.247 seconds
[2024-12-03T16:52:05.248+0000] {processor.py:154} INFO - Started process (PID=7037) to work on /home/airflow/.local/lib/python3.7/site-packages/airflow/example_dags/example_branch_operator_decorator.py
[2024-12-03T16:52:05.265+0000] {processor.py:756} INFO - Processing file /home/airflow/.local/lib/python3.7/site-packages/airflow/example_dags/example_branch_operator_decorator.py for tasks to queue
[2024-12-03T16:52:05.276+0000] {logging_mixin.py:120} INFO - [2024-12-03T16:52:05.275+0000] {dagbag.py:537} INFO - Filling up the DagBag from /home/airflow/.local/lib/python3.7/site-packages/airflow/example_dags/example_branch_operator_decorator.py
[2024-12-03T16:52:05.383+0000] {processor.py:766} INFO - DAG(s) dict_keys(['example_branch_python_operator_decorator']) retrieved from /home/airflow/.local/lib/python3.7/site-packages/airflow/example_dags/example_branch_operator_decorator.py
[2024-12-03T16:52:05.695+0000] {logging_mixin.py:120} INFO - [2024-12-03T16:52:05.695+0000] {dag.py:2585} INFO - Sync 1 DAGs
[2024-12-03T16:52:05.863+0000] {logging_mixin.py:120} INFO - [2024-12-03T16:52:05.863+0000] {dag.py:3340} INFO - Setting next_dagrun for example_branch_python_operator_decorator to 2024-12-02T00:00:00+00:00, run_after=2024-12-03T00:00:00+00:00
[2024-12-03T16:52:05.993+0000] {processor.py:176} INFO - Processing /home/airflow/.local/lib/python3.7/site-packages/airflow/example_dags/example_branch_operator_decorator.py took 0.752 seconds
[2024-12-03T16:52:36.272+0000] {processor.py:154} INFO - Started process (PID=7094) to work on /home/airflow/.local/lib/python3.7/site-packages/airflow/example_dags/example_branch_operator_decorator.py
[2024-12-03T16:52:36.274+0000] {processor.py:756} INFO - Processing file /home/airflow/.local/lib/python3.7/site-packages/airflow/example_dags/example_branch_operator_decorator.py for tasks to queue
[2024-12-03T16:52:36.277+0000] {logging_mixin.py:120} INFO - [2024-12-03T16:52:36.276+0000] {dagbag.py:537} INFO - Filling up the DagBag from /home/airflow/.local/lib/python3.7/site-packages/airflow/example_dags/example_branch_operator_decorator.py
[2024-12-03T16:52:36.312+0000] {processor.py:766} INFO - DAG(s) dict_keys(['example_branch_python_operator_decorator']) retrieved from /home/airflow/.local/lib/python3.7/site-packages/airflow/example_dags/example_branch_operator_decorator.py
[2024-12-03T16:52:36.378+0000] {logging_mixin.py:120} INFO - [2024-12-03T16:52:36.378+0000] {dag.py:2585} INFO - Sync 1 DAGs
[2024-12-03T16:52:36.426+0000] {logging_mixin.py:120} INFO - [2024-12-03T16:52:36.425+0000] {dag.py:3340} INFO - Setting next_dagrun for example_branch_python_operator_decorator to 2024-12-02T00:00:00+00:00, run_after=2024-12-03T00:00:00+00:00
[2024-12-03T16:52:36.465+0000] {processor.py:176} INFO - Processing /home/airflow/.local/lib/python3.7/site-packages/airflow/example_dags/example_branch_operator_decorator.py took 0.198 seconds
[2024-12-03T16:53:06.568+0000] {processor.py:154} INFO - Started process (PID=7149) to work on /home/airflow/.local/lib/python3.7/site-packages/airflow/example_dags/example_branch_operator_decorator.py
[2024-12-03T16:53:06.570+0000] {processor.py:756} INFO - Processing file /home/airflow/.local/lib/python3.7/site-packages/airflow/example_dags/example_branch_operator_decorator.py for tasks to queue
[2024-12-03T16:53:06.571+0000] {logging_mixin.py:120} INFO - [2024-12-03T16:53:06.571+0000] {dagbag.py:537} INFO - Filling up the DagBag from /home/airflow/.local/lib/python3.7/site-packages/airflow/example_dags/example_branch_operator_decorator.py
[2024-12-03T16:53:06.604+0000] {processor.py:766} INFO - DAG(s) dict_keys(['example_branch_python_operator_decorator']) retrieved from /home/airflow/.local/lib/python3.7/site-packages/airflow/example_dags/example_branch_operator_decorator.py
[2024-12-03T16:53:06.673+0000] {logging_mixin.py:120} INFO - [2024-12-03T16:53:06.673+0000] {dag.py:2585} INFO - Sync 1 DAGs
[2024-12-03T16:53:06.709+0000] {logging_mixin.py:120} INFO - [2024-12-03T16:53:06.709+0000] {dag.py:3340} INFO - Setting next_dagrun for example_branch_python_operator_decorator to 2024-12-02T00:00:00+00:00, run_after=2024-12-03T00:00:00+00:00
[2024-12-03T16:53:06.745+0000] {processor.py:176} INFO - Processing /home/airflow/.local/lib/python3.7/site-packages/airflow/example_dags/example_branch_operator_decorator.py took 0.180 seconds
[2024-12-03T16:53:36.974+0000] {processor.py:154} INFO - Started process (PID=7214) to work on /home/airflow/.local/lib/python3.7/site-packages/airflow/example_dags/example_branch_operator_decorator.py
[2024-12-03T16:53:36.976+0000] {processor.py:756} INFO - Processing file /home/airflow/.local/lib/python3.7/site-packages/airflow/example_dags/example_branch_operator_decorator.py for tasks to queue
[2024-12-03T16:53:36.978+0000] {logging_mixin.py:120} INFO - [2024-12-03T16:53:36.978+0000] {dagbag.py:537} INFO - Filling up the DagBag from /home/airflow/.local/lib/python3.7/site-packages/airflow/example_dags/example_branch_operator_decorator.py
[2024-12-03T16:53:37.010+0000] {processor.py:766} INFO - DAG(s) dict_keys(['example_branch_python_operator_decorator']) retrieved from /home/airflow/.local/lib/python3.7/site-packages/airflow/example_dags/example_branch_operator_decorator.py
[2024-12-03T16:53:37.060+0000] {logging_mixin.py:120} INFO - [2024-12-03T16:53:37.060+0000] {dag.py:2585} INFO - Sync 1 DAGs
[2024-12-03T16:53:37.090+0000] {logging_mixin.py:120} INFO - [2024-12-03T16:53:37.090+0000] {dag.py:3340} INFO - Setting next_dagrun for example_branch_python_operator_decorator to 2024-12-02T00:00:00+00:00, run_after=2024-12-03T00:00:00+00:00
[2024-12-03T16:53:37.126+0000] {processor.py:176} INFO - Processing /home/airflow/.local/lib/python3.7/site-packages/airflow/example_dags/example_branch_operator_decorator.py took 0.156 seconds
[2024-12-03T16:54:07.754+0000] {processor.py:154} INFO - Started process (PID=7269) to work on /home/airflow/.local/lib/python3.7/site-packages/airflow/example_dags/example_branch_operator_decorator.py
[2024-12-03T16:54:07.756+0000] {processor.py:756} INFO - Processing file /home/airflow/.local/lib/python3.7/site-packages/airflow/example_dags/example_branch_operator_decorator.py for tasks to queue
[2024-12-03T16:54:07.757+0000] {logging_mixin.py:120} INFO - [2024-12-03T16:54:07.757+0000] {dagbag.py:537} INFO - Filling up the DagBag from /home/airflow/.local/lib/python3.7/site-packages/airflow/example_dags/example_branch_operator_decorator.py
[2024-12-03T16:54:07.797+0000] {processor.py:766} INFO - DAG(s) dict_keys(['example_branch_python_operator_decorator']) retrieved from /home/airflow/.local/lib/python3.7/site-packages/airflow/example_dags/example_branch_operator_decorator.py
[2024-12-03T16:54:07.865+0000] {logging_mixin.py:120} INFO - [2024-12-03T16:54:07.864+0000] {dag.py:2585} INFO - Sync 1 DAGs
[2024-12-03T16:54:07.901+0000] {logging_mixin.py:120} INFO - [2024-12-03T16:54:07.901+0000] {dag.py:3340} INFO - Setting next_dagrun for example_branch_python_operator_decorator to 2024-12-02T00:00:00+00:00, run_after=2024-12-03T00:00:00+00:00
[2024-12-03T16:54:07.936+0000] {processor.py:176} INFO - Processing /home/airflow/.local/lib/python3.7/site-packages/airflow/example_dags/example_branch_operator_decorator.py took 0.187 seconds
[2024-12-03T16:54:38.219+0000] {processor.py:154} INFO - Started process (PID=7333) to work on /home/airflow/.local/lib/python3.7/site-packages/airflow/example_dags/example_branch_operator_decorator.py
[2024-12-03T16:54:38.220+0000] {processor.py:756} INFO - Processing file /home/airflow/.local/lib/python3.7/site-packages/airflow/example_dags/example_branch_operator_decorator.py for tasks to queue
[2024-12-03T16:54:38.222+0000] {logging_mixin.py:120} INFO - [2024-12-03T16:54:38.221+0000] {dagbag.py:537} INFO - Filling up the DagBag from /home/airflow/.local/lib/python3.7/site-packages/airflow/example_dags/example_branch_operator_decorator.py
[2024-12-03T16:54:38.255+0000] {processor.py:766} INFO - DAG(s) dict_keys(['example_branch_python_operator_decorator']) retrieved from /home/airflow/.local/lib/python3.7/site-packages/airflow/example_dags/example_branch_operator_decorator.py
[2024-12-03T16:54:38.322+0000] {logging_mixin.py:120} INFO - [2024-12-03T16:54:38.322+0000] {dag.py:2585} INFO - Sync 1 DAGs
[2024-12-03T16:54:38.357+0000] {logging_mixin.py:120} INFO - [2024-12-03T16:54:38.356+0000] {dag.py:3340} INFO - Setting next_dagrun for example_branch_python_operator_decorator to 2024-12-02T00:00:00+00:00, run_after=2024-12-03T00:00:00+00:00
[2024-12-03T16:54:38.398+0000] {processor.py:176} INFO - Processing /home/airflow/.local/lib/python3.7/site-packages/airflow/example_dags/example_branch_operator_decorator.py took 0.184 seconds
[2024-12-03T16:55:08.687+0000] {processor.py:154} INFO - Started process (PID=7389) to work on /home/airflow/.local/lib/python3.7/site-packages/airflow/example_dags/example_branch_operator_decorator.py
[2024-12-03T16:55:08.690+0000] {processor.py:756} INFO - Processing file /home/airflow/.local/lib/python3.7/site-packages/airflow/example_dags/example_branch_operator_decorator.py for tasks to queue
[2024-12-03T16:55:08.692+0000] {logging_mixin.py:120} INFO - [2024-12-03T16:55:08.691+0000] {dagbag.py:537} INFO - Filling up the DagBag from /home/airflow/.local/lib/python3.7/site-packages/airflow/example_dags/example_branch_operator_decorator.py
[2024-12-03T16:55:08.730+0000] {processor.py:766} INFO - DAG(s) dict_keys(['example_branch_python_operator_decorator']) retrieved from /home/airflow/.local/lib/python3.7/site-packages/airflow/example_dags/example_branch_operator_decorator.py
[2024-12-03T16:55:08.798+0000] {logging_mixin.py:120} INFO - [2024-12-03T16:55:08.798+0000] {dag.py:2585} INFO - Sync 1 DAGs
[2024-12-03T16:55:08.846+0000] {logging_mixin.py:120} INFO - [2024-12-03T16:55:08.845+0000] {dag.py:3340} INFO - Setting next_dagrun for example_branch_python_operator_decorator to 2024-12-02T00:00:00+00:00, run_after=2024-12-03T00:00:00+00:00
[2024-12-03T16:55:08.883+0000] {processor.py:176} INFO - Processing /home/airflow/.local/lib/python3.7/site-packages/airflow/example_dags/example_branch_operator_decorator.py took 0.201 seconds
[2024-12-03T16:55:39.784+0000] {processor.py:154} INFO - Started process (PID=7455) to work on /home/airflow/.local/lib/python3.7/site-packages/airflow/example_dags/example_branch_operator_decorator.py
[2024-12-03T16:55:39.786+0000] {processor.py:756} INFO - Processing file /home/airflow/.local/lib/python3.7/site-packages/airflow/example_dags/example_branch_operator_decorator.py for tasks to queue
[2024-12-03T16:55:39.787+0000] {logging_mixin.py:120} INFO - [2024-12-03T16:55:39.787+0000] {dagbag.py:537} INFO - Filling up the DagBag from /home/airflow/.local/lib/python3.7/site-packages/airflow/example_dags/example_branch_operator_decorator.py
[2024-12-03T16:55:39.820+0000] {processor.py:766} INFO - DAG(s) dict_keys(['example_branch_python_operator_decorator']) retrieved from /home/airflow/.local/lib/python3.7/site-packages/airflow/example_dags/example_branch_operator_decorator.py
[2024-12-03T16:55:39.882+0000] {logging_mixin.py:120} INFO - [2024-12-03T16:55:39.882+0000] {dag.py:2585} INFO - Sync 1 DAGs
[2024-12-03T16:55:39.923+0000] {logging_mixin.py:120} INFO - [2024-12-03T16:55:39.923+0000] {dag.py:3340} INFO - Setting next_dagrun for example_branch_python_operator_decorator to 2024-12-02T00:00:00+00:00, run_after=2024-12-03T00:00:00+00:00
[2024-12-03T16:55:39.961+0000] {processor.py:176} INFO - Processing /home/airflow/.local/lib/python3.7/site-packages/airflow/example_dags/example_branch_operator_decorator.py took 0.180 seconds
[2024-12-03T16:56:10.391+0000] {processor.py:154} INFO - Started process (PID=7529) to work on /home/airflow/.local/lib/python3.7/site-packages/airflow/example_dags/example_branch_operator_decorator.py
[2024-12-03T16:56:10.394+0000] {processor.py:756} INFO - Processing file /home/airflow/.local/lib/python3.7/site-packages/airflow/example_dags/example_branch_operator_decorator.py for tasks to queue
[2024-12-03T16:56:10.396+0000] {logging_mixin.py:120} INFO - [2024-12-03T16:56:10.396+0000] {dagbag.py:537} INFO - Filling up the DagBag from /home/airflow/.local/lib/python3.7/site-packages/airflow/example_dags/example_branch_operator_decorator.py
[2024-12-03T16:56:10.441+0000] {processor.py:766} INFO - DAG(s) dict_keys(['example_branch_python_operator_decorator']) retrieved from /home/airflow/.local/lib/python3.7/site-packages/airflow/example_dags/example_branch_operator_decorator.py
[2024-12-03T16:56:10.519+0000] {logging_mixin.py:120} INFO - [2024-12-03T16:56:10.519+0000] {dag.py:2585} INFO - Sync 1 DAGs
[2024-12-03T16:56:10.569+0000] {logging_mixin.py:120} INFO - [2024-12-03T16:56:10.569+0000] {dag.py:3340} INFO - Setting next_dagrun for example_branch_python_operator_decorator to 2024-12-02T00:00:00+00:00, run_after=2024-12-03T00:00:00+00:00
[2024-12-03T16:56:10.611+0000] {processor.py:176} INFO - Processing /home/airflow/.local/lib/python3.7/site-packages/airflow/example_dags/example_branch_operator_decorator.py took 0.226 seconds
