[2024-12-03T15:07:51.546+0000] {processor.py:154} INFO - Started process (PID=90) to work on /home/airflow/.local/lib/python3.7/site-packages/airflow/example_dags/example_branch_python_dop_operator_3.py
[2024-12-03T15:07:51.548+0000] {processor.py:756} INFO - Processing file /home/airflow/.local/lib/python3.7/site-packages/airflow/example_dags/example_branch_python_dop_operator_3.py for tasks to queue
[2024-12-03T15:07:51.550+0000] {logging_mixin.py:120} INFO - [2024-12-03T15:07:51.550+0000] {dagbag.py:537} INFO - Filling up the DagBag from /home/airflow/.local/lib/python3.7/site-packages/airflow/example_dags/example_branch_python_dop_operator_3.py
[2024-12-03T15:07:51.612+0000] {processor.py:766} INFO - DAG(s) dict_keys(['example_branch_dop_operator_v3']) retrieved from /home/airflow/.local/lib/python3.7/site-packages/airflow/example_dags/example_branch_python_dop_operator_3.py
[2024-12-03T15:07:51.976+0000] {logging_mixin.py:120} INFO - [2024-12-03T15:07:51.975+0000] {manager.py:507} INFO - Created Permission View: can read on DAG:example_branch_dop_operator_v3
[2024-12-03T15:07:52.004+0000] {logging_mixin.py:120} INFO - [2024-12-03T15:07:52.003+0000] {manager.py:507} INFO - Created Permission View: can delete on DAG:example_branch_dop_operator_v3
[2024-12-03T15:07:52.029+0000] {logging_mixin.py:120} INFO - [2024-12-03T15:07:52.028+0000] {manager.py:507} INFO - Created Permission View: can edit on DAG:example_branch_dop_operator_v3
[2024-12-03T15:07:52.030+0000] {logging_mixin.py:120} INFO - [2024-12-03T15:07:52.030+0000] {dag.py:2585} INFO - Sync 1 DAGs
[2024-12-03T15:07:52.060+0000] {logging_mixin.py:120} INFO - [2024-12-03T15:07:52.060+0000] {dag.py:2606} INFO - Creating ORM DAG for example_branch_dop_operator_v3
[2024-12-03T15:07:52.099+0000] {logging_mixin.py:120} INFO - [2024-12-03T15:07:52.098+0000] {dag.py:3340} INFO - Setting next_dagrun for example_branch_dop_operator_v3 to 2024-12-03T15:06:00+00:00, run_after=2024-12-03T15:07:00+00:00
[2024-12-03T15:07:52.152+0000] {processor.py:176} INFO - Processing /home/airflow/.local/lib/python3.7/site-packages/airflow/example_dags/example_branch_python_dop_operator_3.py took 0.612 seconds
[2024-12-03T15:08:22.970+0000] {processor.py:154} INFO - Started process (PID=145) to work on /home/airflow/.local/lib/python3.7/site-packages/airflow/example_dags/example_branch_python_dop_operator_3.py
[2024-12-03T15:08:23.072+0000] {processor.py:756} INFO - Processing file /home/airflow/.local/lib/python3.7/site-packages/airflow/example_dags/example_branch_python_dop_operator_3.py for tasks to queue
[2024-12-03T15:08:23.074+0000] {logging_mixin.py:120} INFO - [2024-12-03T15:08:23.074+0000] {dagbag.py:537} INFO - Filling up the DagBag from /home/airflow/.local/lib/python3.7/site-packages/airflow/example_dags/example_branch_python_dop_operator_3.py
[2024-12-03T15:08:23.134+0000] {processor.py:766} INFO - DAG(s) dict_keys(['example_branch_dop_operator_v3']) retrieved from /home/airflow/.local/lib/python3.7/site-packages/airflow/example_dags/example_branch_python_dop_operator_3.py
[2024-12-03T15:08:23.234+0000] {logging_mixin.py:120} INFO - [2024-12-03T15:08:23.234+0000] {dag.py:2585} INFO - Sync 1 DAGs
[2024-12-03T15:08:23.322+0000] {logging_mixin.py:120} INFO - [2024-12-03T15:08:23.322+0000] {dag.py:3340} INFO - Setting next_dagrun for example_branch_dop_operator_v3 to 2024-12-03T15:07:00+00:00, run_after=2024-12-03T15:08:00+00:00
[2024-12-03T15:08:23.371+0000] {processor.py:176} INFO - Processing /home/airflow/.local/lib/python3.7/site-packages/airflow/example_dags/example_branch_python_dop_operator_3.py took 0.405 seconds
[2024-12-03T15:08:53.447+0000] {processor.py:154} INFO - Started process (PID=202) to work on /home/airflow/.local/lib/python3.7/site-packages/airflow/example_dags/example_branch_python_dop_operator_3.py
[2024-12-03T15:08:53.449+0000] {processor.py:756} INFO - Processing file /home/airflow/.local/lib/python3.7/site-packages/airflow/example_dags/example_branch_python_dop_operator_3.py for tasks to queue
[2024-12-03T15:08:53.451+0000] {logging_mixin.py:120} INFO - [2024-12-03T15:08:53.451+0000] {dagbag.py:537} INFO - Filling up the DagBag from /home/airflow/.local/lib/python3.7/site-packages/airflow/example_dags/example_branch_python_dop_operator_3.py
[2024-12-03T15:08:53.496+0000] {processor.py:766} INFO - DAG(s) dict_keys(['example_branch_dop_operator_v3']) retrieved from /home/airflow/.local/lib/python3.7/site-packages/airflow/example_dags/example_branch_python_dop_operator_3.py
[2024-12-03T15:08:53.585+0000] {logging_mixin.py:120} INFO - [2024-12-03T15:08:53.585+0000] {dag.py:2585} INFO - Sync 1 DAGs
[2024-12-03T15:08:53.640+0000] {logging_mixin.py:120} INFO - [2024-12-03T15:08:53.640+0000] {dag.py:3340} INFO - Setting next_dagrun for example_branch_dop_operator_v3 to 2024-12-03T15:07:00+00:00, run_after=2024-12-03T15:08:00+00:00
[2024-12-03T15:08:53.697+0000] {processor.py:176} INFO - Processing /home/airflow/.local/lib/python3.7/site-packages/airflow/example_dags/example_branch_python_dop_operator_3.py took 0.254 seconds
[2024-12-03T15:09:23.959+0000] {processor.py:154} INFO - Started process (PID=265) to work on /home/airflow/.local/lib/python3.7/site-packages/airflow/example_dags/example_branch_python_dop_operator_3.py
[2024-12-03T15:09:24.011+0000] {processor.py:756} INFO - Processing file /home/airflow/.local/lib/python3.7/site-packages/airflow/example_dags/example_branch_python_dop_operator_3.py for tasks to queue
[2024-12-03T15:09:24.014+0000] {logging_mixin.py:120} INFO - [2024-12-03T15:09:24.013+0000] {dagbag.py:537} INFO - Filling up the DagBag from /home/airflow/.local/lib/python3.7/site-packages/airflow/example_dags/example_branch_python_dop_operator_3.py
[2024-12-03T15:09:24.116+0000] {processor.py:766} INFO - DAG(s) dict_keys(['example_branch_dop_operator_v3']) retrieved from /home/airflow/.local/lib/python3.7/site-packages/airflow/example_dags/example_branch_python_dop_operator_3.py
[2024-12-03T15:09:24.499+0000] {logging_mixin.py:120} INFO - [2024-12-03T15:09:24.499+0000] {dag.py:2585} INFO - Sync 1 DAGs
[2024-12-03T15:09:24.561+0000] {logging_mixin.py:120} INFO - [2024-12-03T15:09:24.561+0000] {dag.py:3340} INFO - Setting next_dagrun for example_branch_dop_operator_v3 to 2024-12-03T15:08:00+00:00, run_after=2024-12-03T15:09:00+00:00
[2024-12-03T15:09:24.645+0000] {processor.py:176} INFO - Processing /home/airflow/.local/lib/python3.7/site-packages/airflow/example_dags/example_branch_python_dop_operator_3.py took 0.690 seconds
[2024-12-03T15:09:54.741+0000] {processor.py:154} INFO - Started process (PID=320) to work on /home/airflow/.local/lib/python3.7/site-packages/airflow/example_dags/example_branch_python_dop_operator_3.py
[2024-12-03T15:09:54.742+0000] {processor.py:756} INFO - Processing file /home/airflow/.local/lib/python3.7/site-packages/airflow/example_dags/example_branch_python_dop_operator_3.py for tasks to queue
[2024-12-03T15:09:54.744+0000] {logging_mixin.py:120} INFO - [2024-12-03T15:09:54.744+0000] {dagbag.py:537} INFO - Filling up the DagBag from /home/airflow/.local/lib/python3.7/site-packages/airflow/example_dags/example_branch_python_dop_operator_3.py
[2024-12-03T15:09:54.779+0000] {processor.py:766} INFO - DAG(s) dict_keys(['example_branch_dop_operator_v3']) retrieved from /home/airflow/.local/lib/python3.7/site-packages/airflow/example_dags/example_branch_python_dop_operator_3.py
[2024-12-03T15:09:54.846+0000] {logging_mixin.py:120} INFO - [2024-12-03T15:09:54.845+0000] {dag.py:2585} INFO - Sync 1 DAGs
[2024-12-03T15:09:54.895+0000] {logging_mixin.py:120} INFO - [2024-12-03T15:09:54.895+0000] {dag.py:3340} INFO - Setting next_dagrun for example_branch_dop_operator_v3 to 2024-12-03T15:08:00+00:00, run_after=2024-12-03T15:09:00+00:00
[2024-12-03T15:09:54.936+0000] {processor.py:176} INFO - Processing /home/airflow/.local/lib/python3.7/site-packages/airflow/example_dags/example_branch_python_dop_operator_3.py took 0.200 seconds
[2024-12-03T15:10:25.255+0000] {processor.py:154} INFO - Started process (PID=375) to work on /home/airflow/.local/lib/python3.7/site-packages/airflow/example_dags/example_branch_python_dop_operator_3.py
[2024-12-03T15:10:25.257+0000] {processor.py:756} INFO - Processing file /home/airflow/.local/lib/python3.7/site-packages/airflow/example_dags/example_branch_python_dop_operator_3.py for tasks to queue
[2024-12-03T15:10:25.259+0000] {logging_mixin.py:120} INFO - [2024-12-03T15:10:25.259+0000] {dagbag.py:537} INFO - Filling up the DagBag from /home/airflow/.local/lib/python3.7/site-packages/airflow/example_dags/example_branch_python_dop_operator_3.py
[2024-12-03T15:10:25.310+0000] {processor.py:766} INFO - DAG(s) dict_keys(['example_branch_dop_operator_v3']) retrieved from /home/airflow/.local/lib/python3.7/site-packages/airflow/example_dags/example_branch_python_dop_operator_3.py
[2024-12-03T15:10:25.393+0000] {logging_mixin.py:120} INFO - [2024-12-03T15:10:25.392+0000] {dag.py:2585} INFO - Sync 1 DAGs
[2024-12-03T15:10:25.453+0000] {logging_mixin.py:120} INFO - [2024-12-03T15:10:25.453+0000] {dag.py:3340} INFO - Setting next_dagrun for example_branch_dop_operator_v3 to 2024-12-03T15:09:00+00:00, run_after=2024-12-03T15:10:00+00:00
[2024-12-03T15:10:25.496+0000] {processor.py:176} INFO - Processing /home/airflow/.local/lib/python3.7/site-packages/airflow/example_dags/example_branch_python_dop_operator_3.py took 0.247 seconds
[2024-12-03T15:10:55.861+0000] {processor.py:154} INFO - Started process (PID=440) to work on /home/airflow/.local/lib/python3.7/site-packages/airflow/example_dags/example_branch_python_dop_operator_3.py
[2024-12-03T15:10:55.863+0000] {processor.py:756} INFO - Processing file /home/airflow/.local/lib/python3.7/site-packages/airflow/example_dags/example_branch_python_dop_operator_3.py for tasks to queue
[2024-12-03T15:10:55.864+0000] {logging_mixin.py:120} INFO - [2024-12-03T15:10:55.864+0000] {dagbag.py:537} INFO - Filling up the DagBag from /home/airflow/.local/lib/python3.7/site-packages/airflow/example_dags/example_branch_python_dop_operator_3.py
[2024-12-03T15:10:55.897+0000] {processor.py:766} INFO - DAG(s) dict_keys(['example_branch_dop_operator_v3']) retrieved from /home/airflow/.local/lib/python3.7/site-packages/airflow/example_dags/example_branch_python_dop_operator_3.py
[2024-12-03T15:10:55.973+0000] {logging_mixin.py:120} INFO - [2024-12-03T15:10:55.972+0000] {dag.py:2585} INFO - Sync 1 DAGs
[2024-12-03T15:10:56.027+0000] {logging_mixin.py:120} INFO - [2024-12-03T15:10:56.027+0000] {dag.py:3340} INFO - Setting next_dagrun for example_branch_dop_operator_v3 to 2024-12-03T15:09:00+00:00, run_after=2024-12-03T15:10:00+00:00
[2024-12-03T15:10:56.075+0000] {processor.py:176} INFO - Processing /home/airflow/.local/lib/python3.7/site-packages/airflow/example_dags/example_branch_python_dop_operator_3.py took 0.220 seconds
[2024-12-03T15:11:26.821+0000] {processor.py:154} INFO - Started process (PID=496) to work on /home/airflow/.local/lib/python3.7/site-packages/airflow/example_dags/example_branch_python_dop_operator_3.py
[2024-12-03T15:11:26.823+0000] {processor.py:756} INFO - Processing file /home/airflow/.local/lib/python3.7/site-packages/airflow/example_dags/example_branch_python_dop_operator_3.py for tasks to queue
[2024-12-03T15:11:26.825+0000] {logging_mixin.py:120} INFO - [2024-12-03T15:11:26.825+0000] {dagbag.py:537} INFO - Filling up the DagBag from /home/airflow/.local/lib/python3.7/site-packages/airflow/example_dags/example_branch_python_dop_operator_3.py
[2024-12-03T15:11:26.874+0000] {processor.py:766} INFO - DAG(s) dict_keys(['example_branch_dop_operator_v3']) retrieved from /home/airflow/.local/lib/python3.7/site-packages/airflow/example_dags/example_branch_python_dop_operator_3.py
[2024-12-03T15:11:26.965+0000] {logging_mixin.py:120} INFO - [2024-12-03T15:11:26.965+0000] {dag.py:2585} INFO - Sync 1 DAGs
[2024-12-03T15:11:27.031+0000] {logging_mixin.py:120} INFO - [2024-12-03T15:11:27.031+0000] {dag.py:3340} INFO - Setting next_dagrun for example_branch_dop_operator_v3 to 2024-12-03T15:10:00+00:00, run_after=2024-12-03T15:11:00+00:00
[2024-12-03T15:11:27.084+0000] {processor.py:176} INFO - Processing /home/airflow/.local/lib/python3.7/site-packages/airflow/example_dags/example_branch_python_dop_operator_3.py took 0.272 seconds
[2024-12-03T15:11:57.279+0000] {processor.py:154} INFO - Started process (PID=560) to work on /home/airflow/.local/lib/python3.7/site-packages/airflow/example_dags/example_branch_python_dop_operator_3.py
[2024-12-03T15:11:57.281+0000] {processor.py:756} INFO - Processing file /home/airflow/.local/lib/python3.7/site-packages/airflow/example_dags/example_branch_python_dop_operator_3.py for tasks to queue
[2024-12-03T15:11:57.283+0000] {logging_mixin.py:120} INFO - [2024-12-03T15:11:57.283+0000] {dagbag.py:537} INFO - Filling up the DagBag from /home/airflow/.local/lib/python3.7/site-packages/airflow/example_dags/example_branch_python_dop_operator_3.py
[2024-12-03T15:11:57.350+0000] {processor.py:766} INFO - DAG(s) dict_keys(['example_branch_dop_operator_v3']) retrieved from /home/airflow/.local/lib/python3.7/site-packages/airflow/example_dags/example_branch_python_dop_operator_3.py
[2024-12-03T15:11:57.463+0000] {logging_mixin.py:120} INFO - [2024-12-03T15:11:57.463+0000] {dag.py:2585} INFO - Sync 1 DAGs
[2024-12-03T15:11:57.541+0000] {logging_mixin.py:120} INFO - [2024-12-03T15:11:57.541+0000] {dag.py:3340} INFO - Setting next_dagrun for example_branch_dop_operator_v3 to 2024-12-03T15:10:00+00:00, run_after=2024-12-03T15:11:00+00:00
[2024-12-03T15:11:57.604+0000] {processor.py:176} INFO - Processing /home/airflow/.local/lib/python3.7/site-packages/airflow/example_dags/example_branch_python_dop_operator_3.py took 0.332 seconds
[2024-12-03T15:12:27.664+0000] {processor.py:154} INFO - Started process (PID=615) to work on /home/airflow/.local/lib/python3.7/site-packages/airflow/example_dags/example_branch_python_dop_operator_3.py
[2024-12-03T15:12:27.666+0000] {processor.py:756} INFO - Processing file /home/airflow/.local/lib/python3.7/site-packages/airflow/example_dags/example_branch_python_dop_operator_3.py for tasks to queue
[2024-12-03T15:12:27.667+0000] {logging_mixin.py:120} INFO - [2024-12-03T15:12:27.667+0000] {dagbag.py:537} INFO - Filling up the DagBag from /home/airflow/.local/lib/python3.7/site-packages/airflow/example_dags/example_branch_python_dop_operator_3.py
[2024-12-03T15:12:27.695+0000] {processor.py:766} INFO - DAG(s) dict_keys(['example_branch_dop_operator_v3']) retrieved from /home/airflow/.local/lib/python3.7/site-packages/airflow/example_dags/example_branch_python_dop_operator_3.py
[2024-12-03T15:12:27.758+0000] {logging_mixin.py:120} INFO - [2024-12-03T15:12:27.758+0000] {dag.py:2585} INFO - Sync 1 DAGs
[2024-12-03T15:12:27.797+0000] {logging_mixin.py:120} INFO - [2024-12-03T15:12:27.797+0000] {dag.py:3340} INFO - Setting next_dagrun for example_branch_dop_operator_v3 to 2024-12-03T15:11:00+00:00, run_after=2024-12-03T15:12:00+00:00
[2024-12-03T15:12:27.831+0000] {processor.py:176} INFO - Processing /home/airflow/.local/lib/python3.7/site-packages/airflow/example_dags/example_branch_python_dop_operator_3.py took 0.170 seconds
[2024-12-03T15:12:58.147+0000] {processor.py:154} INFO - Started process (PID=670) to work on /home/airflow/.local/lib/python3.7/site-packages/airflow/example_dags/example_branch_python_dop_operator_3.py
[2024-12-03T15:12:58.150+0000] {processor.py:756} INFO - Processing file /home/airflow/.local/lib/python3.7/site-packages/airflow/example_dags/example_branch_python_dop_operator_3.py for tasks to queue
[2024-12-03T15:12:58.153+0000] {logging_mixin.py:120} INFO - [2024-12-03T15:12:58.152+0000] {dagbag.py:537} INFO - Filling up the DagBag from /home/airflow/.local/lib/python3.7/site-packages/airflow/example_dags/example_branch_python_dop_operator_3.py
[2024-12-03T15:12:58.193+0000] {processor.py:766} INFO - DAG(s) dict_keys(['example_branch_dop_operator_v3']) retrieved from /home/airflow/.local/lib/python3.7/site-packages/airflow/example_dags/example_branch_python_dop_operator_3.py
[2024-12-03T15:12:58.274+0000] {logging_mixin.py:120} INFO - [2024-12-03T15:12:58.274+0000] {dag.py:2585} INFO - Sync 1 DAGs
[2024-12-03T15:12:58.333+0000] {logging_mixin.py:120} INFO - [2024-12-03T15:12:58.333+0000] {dag.py:3340} INFO - Setting next_dagrun for example_branch_dop_operator_v3 to 2024-12-03T15:11:00+00:00, run_after=2024-12-03T15:12:00+00:00
[2024-12-03T15:12:58.375+0000] {processor.py:176} INFO - Processing /home/airflow/.local/lib/python3.7/site-packages/airflow/example_dags/example_branch_python_dop_operator_3.py took 0.233 seconds
[2024-12-03T15:13:29.070+0000] {processor.py:154} INFO - Started process (PID=735) to work on /home/airflow/.local/lib/python3.7/site-packages/airflow/example_dags/example_branch_python_dop_operator_3.py
[2024-12-03T15:13:29.072+0000] {processor.py:756} INFO - Processing file /home/airflow/.local/lib/python3.7/site-packages/airflow/example_dags/example_branch_python_dop_operator_3.py for tasks to queue
[2024-12-03T15:13:29.074+0000] {logging_mixin.py:120} INFO - [2024-12-03T15:13:29.074+0000] {dagbag.py:537} INFO - Filling up the DagBag from /home/airflow/.local/lib/python3.7/site-packages/airflow/example_dags/example_branch_python_dop_operator_3.py
[2024-12-03T15:13:29.126+0000] {processor.py:766} INFO - DAG(s) dict_keys(['example_branch_dop_operator_v3']) retrieved from /home/airflow/.local/lib/python3.7/site-packages/airflow/example_dags/example_branch_python_dop_operator_3.py
[2024-12-03T15:13:29.220+0000] {logging_mixin.py:120} INFO - [2024-12-03T15:13:29.220+0000] {dag.py:2585} INFO - Sync 1 DAGs
[2024-12-03T15:13:29.277+0000] {logging_mixin.py:120} INFO - [2024-12-03T15:13:29.276+0000] {dag.py:3340} INFO - Setting next_dagrun for example_branch_dop_operator_v3 to 2024-12-03T15:12:00+00:00, run_after=2024-12-03T15:13:00+00:00
[2024-12-03T15:13:29.318+0000] {processor.py:176} INFO - Processing /home/airflow/.local/lib/python3.7/site-packages/airflow/example_dags/example_branch_python_dop_operator_3.py took 0.254 seconds
[2024-12-03T15:13:59.830+0000] {processor.py:154} INFO - Started process (PID=790) to work on /home/airflow/.local/lib/python3.7/site-packages/airflow/example_dags/example_branch_python_dop_operator_3.py
[2024-12-03T15:13:59.832+0000] {processor.py:756} INFO - Processing file /home/airflow/.local/lib/python3.7/site-packages/airflow/example_dags/example_branch_python_dop_operator_3.py for tasks to queue
[2024-12-03T15:13:59.834+0000] {logging_mixin.py:120} INFO - [2024-12-03T15:13:59.833+0000] {dagbag.py:537} INFO - Filling up the DagBag from /home/airflow/.local/lib/python3.7/site-packages/airflow/example_dags/example_branch_python_dop_operator_3.py
[2024-12-03T15:13:59.881+0000] {processor.py:766} INFO - DAG(s) dict_keys(['example_branch_dop_operator_v3']) retrieved from /home/airflow/.local/lib/python3.7/site-packages/airflow/example_dags/example_branch_python_dop_operator_3.py
[2024-12-03T15:13:59.936+0000] {logging_mixin.py:120} INFO - [2024-12-03T15:13:59.936+0000] {dag.py:2585} INFO - Sync 1 DAGs
[2024-12-03T15:14:00.051+0000] {logging_mixin.py:120} INFO - [2024-12-03T15:14:00.051+0000] {dag.py:3340} INFO - Setting next_dagrun for example_branch_dop_operator_v3 to 2024-12-03T15:13:00+00:00, run_after=2024-12-03T15:14:00+00:00
[2024-12-03T15:14:00.093+0000] {processor.py:176} INFO - Processing /home/airflow/.local/lib/python3.7/site-packages/airflow/example_dags/example_branch_python_dop_operator_3.py took 0.267 seconds
[2024-12-03T15:14:30.212+0000] {processor.py:154} INFO - Started process (PID=845) to work on /home/airflow/.local/lib/python3.7/site-packages/airflow/example_dags/example_branch_python_dop_operator_3.py
[2024-12-03T15:14:30.214+0000] {processor.py:756} INFO - Processing file /home/airflow/.local/lib/python3.7/site-packages/airflow/example_dags/example_branch_python_dop_operator_3.py for tasks to queue
[2024-12-03T15:14:30.215+0000] {logging_mixin.py:120} INFO - [2024-12-03T15:14:30.215+0000] {dagbag.py:537} INFO - Filling up the DagBag from /home/airflow/.local/lib/python3.7/site-packages/airflow/example_dags/example_branch_python_dop_operator_3.py
[2024-12-03T15:14:30.247+0000] {processor.py:766} INFO - DAG(s) dict_keys(['example_branch_dop_operator_v3']) retrieved from /home/airflow/.local/lib/python3.7/site-packages/airflow/example_dags/example_branch_python_dop_operator_3.py
[2024-12-03T15:14:30.305+0000] {logging_mixin.py:120} INFO - [2024-12-03T15:14:30.304+0000] {dag.py:2585} INFO - Sync 1 DAGs
[2024-12-03T15:14:30.352+0000] {logging_mixin.py:120} INFO - [2024-12-03T15:14:30.352+0000] {dag.py:3340} INFO - Setting next_dagrun for example_branch_dop_operator_v3 to 2024-12-03T15:13:00+00:00, run_after=2024-12-03T15:14:00+00:00
[2024-12-03T15:14:30.391+0000] {processor.py:176} INFO - Processing /home/airflow/.local/lib/python3.7/site-packages/airflow/example_dags/example_branch_python_dop_operator_3.py took 0.183 seconds
[2024-12-03T15:15:00.799+0000] {processor.py:154} INFO - Started process (PID=900) to work on /home/airflow/.local/lib/python3.7/site-packages/airflow/example_dags/example_branch_python_dop_operator_3.py
[2024-12-03T15:15:00.801+0000] {processor.py:756} INFO - Processing file /home/airflow/.local/lib/python3.7/site-packages/airflow/example_dags/example_branch_python_dop_operator_3.py for tasks to queue
[2024-12-03T15:15:00.803+0000] {logging_mixin.py:120} INFO - [2024-12-03T15:15:00.802+0000] {dagbag.py:537} INFO - Filling up the DagBag from /home/airflow/.local/lib/python3.7/site-packages/airflow/example_dags/example_branch_python_dop_operator_3.py
[2024-12-03T15:15:00.853+0000] {processor.py:766} INFO - DAG(s) dict_keys(['example_branch_dop_operator_v3']) retrieved from /home/airflow/.local/lib/python3.7/site-packages/airflow/example_dags/example_branch_python_dop_operator_3.py
[2024-12-03T15:15:00.936+0000] {logging_mixin.py:120} INFO - [2024-12-03T15:15:00.936+0000] {dag.py:2585} INFO - Sync 1 DAGs
[2024-12-03T15:15:00.995+0000] {logging_mixin.py:120} INFO - [2024-12-03T15:15:00.995+0000] {dag.py:3340} INFO - Setting next_dagrun for example_branch_dop_operator_v3 to 2024-12-03T15:14:00+00:00, run_after=2024-12-03T15:15:00+00:00
[2024-12-03T15:15:01.037+0000] {processor.py:176} INFO - Processing /home/airflow/.local/lib/python3.7/site-packages/airflow/example_dags/example_branch_python_dop_operator_3.py took 0.245 seconds
[2024-12-03T15:15:31.513+0000] {processor.py:154} INFO - Started process (PID=965) to work on /home/airflow/.local/lib/python3.7/site-packages/airflow/example_dags/example_branch_python_dop_operator_3.py
[2024-12-03T15:15:31.515+0000] {processor.py:756} INFO - Processing file /home/airflow/.local/lib/python3.7/site-packages/airflow/example_dags/example_branch_python_dop_operator_3.py for tasks to queue
[2024-12-03T15:15:31.517+0000] {logging_mixin.py:120} INFO - [2024-12-03T15:15:31.517+0000] {dagbag.py:537} INFO - Filling up the DagBag from /home/airflow/.local/lib/python3.7/site-packages/airflow/example_dags/example_branch_python_dop_operator_3.py
[2024-12-03T15:15:31.564+0000] {processor.py:766} INFO - DAG(s) dict_keys(['example_branch_dop_operator_v3']) retrieved from /home/airflow/.local/lib/python3.7/site-packages/airflow/example_dags/example_branch_python_dop_operator_3.py
[2024-12-03T15:15:31.644+0000] {logging_mixin.py:120} INFO - [2024-12-03T15:15:31.643+0000] {dag.py:2585} INFO - Sync 1 DAGs
[2024-12-03T15:15:31.714+0000] {logging_mixin.py:120} INFO - [2024-12-03T15:15:31.713+0000] {dag.py:3340} INFO - Setting next_dagrun for example_branch_dop_operator_v3 to 2024-12-03T15:14:00+00:00, run_after=2024-12-03T15:15:00+00:00
[2024-12-03T15:15:31.757+0000] {processor.py:176} INFO - Processing /home/airflow/.local/lib/python3.7/site-packages/airflow/example_dags/example_branch_python_dop_operator_3.py took 0.249 seconds
[2024-12-03T15:16:02.079+0000] {processor.py:154} INFO - Started process (PID=1021) to work on /home/airflow/.local/lib/python3.7/site-packages/airflow/example_dags/example_branch_python_dop_operator_3.py
[2024-12-03T15:16:02.082+0000] {processor.py:756} INFO - Processing file /home/airflow/.local/lib/python3.7/site-packages/airflow/example_dags/example_branch_python_dop_operator_3.py for tasks to queue
[2024-12-03T15:16:02.084+0000] {logging_mixin.py:120} INFO - [2024-12-03T15:16:02.084+0000] {dagbag.py:537} INFO - Filling up the DagBag from /home/airflow/.local/lib/python3.7/site-packages/airflow/example_dags/example_branch_python_dop_operator_3.py
[2024-12-03T15:16:02.141+0000] {processor.py:766} INFO - DAG(s) dict_keys(['example_branch_dop_operator_v3']) retrieved from /home/airflow/.local/lib/python3.7/site-packages/airflow/example_dags/example_branch_python_dop_operator_3.py
[2024-12-03T15:16:02.250+0000] {logging_mixin.py:120} INFO - [2024-12-03T15:16:02.250+0000] {dag.py:2585} INFO - Sync 1 DAGs
[2024-12-03T15:16:02.307+0000] {logging_mixin.py:120} INFO - [2024-12-03T15:16:02.307+0000] {dag.py:3340} INFO - Setting next_dagrun for example_branch_dop_operator_v3 to 2024-12-03T15:15:00+00:00, run_after=2024-12-03T15:16:00+00:00
[2024-12-03T15:16:02.354+0000] {processor.py:176} INFO - Processing /home/airflow/.local/lib/python3.7/site-packages/airflow/example_dags/example_branch_python_dop_operator_3.py took 0.282 seconds
[2024-12-03T15:16:33.079+0000] {processor.py:154} INFO - Started process (PID=1086) to work on /home/airflow/.local/lib/python3.7/site-packages/airflow/example_dags/example_branch_python_dop_operator_3.py
[2024-12-03T15:16:33.081+0000] {processor.py:756} INFO - Processing file /home/airflow/.local/lib/python3.7/site-packages/airflow/example_dags/example_branch_python_dop_operator_3.py for tasks to queue
[2024-12-03T15:16:33.083+0000] {logging_mixin.py:120} INFO - [2024-12-03T15:16:33.082+0000] {dagbag.py:537} INFO - Filling up the DagBag from /home/airflow/.local/lib/python3.7/site-packages/airflow/example_dags/example_branch_python_dop_operator_3.py
[2024-12-03T15:16:33.154+0000] {processor.py:766} INFO - DAG(s) dict_keys(['example_branch_dop_operator_v3']) retrieved from /home/airflow/.local/lib/python3.7/site-packages/airflow/example_dags/example_branch_python_dop_operator_3.py
[2024-12-03T15:16:33.385+0000] {logging_mixin.py:120} INFO - [2024-12-03T15:16:33.384+0000] {dag.py:2585} INFO - Sync 1 DAGs
[2024-12-03T15:16:33.509+0000] {logging_mixin.py:120} INFO - [2024-12-03T15:16:33.509+0000] {dag.py:3340} INFO - Setting next_dagrun for example_branch_dop_operator_v3 to 2024-12-03T15:15:00+00:00, run_after=2024-12-03T15:16:00+00:00
[2024-12-03T15:16:33.568+0000] {processor.py:176} INFO - Processing /home/airflow/.local/lib/python3.7/site-packages/airflow/example_dags/example_branch_python_dop_operator_3.py took 0.498 seconds
[2024-12-03T15:17:04.471+0000] {processor.py:154} INFO - Started process (PID=1141) to work on /home/airflow/.local/lib/python3.7/site-packages/airflow/example_dags/example_branch_python_dop_operator_3.py
[2024-12-03T15:17:04.472+0000] {processor.py:756} INFO - Processing file /home/airflow/.local/lib/python3.7/site-packages/airflow/example_dags/example_branch_python_dop_operator_3.py for tasks to queue
[2024-12-03T15:17:04.474+0000] {logging_mixin.py:120} INFO - [2024-12-03T15:17:04.474+0000] {dagbag.py:537} INFO - Filling up the DagBag from /home/airflow/.local/lib/python3.7/site-packages/airflow/example_dags/example_branch_python_dop_operator_3.py
[2024-12-03T15:17:04.509+0000] {processor.py:766} INFO - DAG(s) dict_keys(['example_branch_dop_operator_v3']) retrieved from /home/airflow/.local/lib/python3.7/site-packages/airflow/example_dags/example_branch_python_dop_operator_3.py
[2024-12-03T15:17:04.552+0000] {logging_mixin.py:120} INFO - [2024-12-03T15:17:04.551+0000] {dag.py:2585} INFO - Sync 1 DAGs
[2024-12-03T15:17:04.599+0000] {logging_mixin.py:120} INFO - [2024-12-03T15:17:04.599+0000] {dag.py:3340} INFO - Setting next_dagrun for example_branch_dop_operator_v3 to 2024-12-03T15:16:00+00:00, run_after=2024-12-03T15:17:00+00:00
[2024-12-03T15:17:04.639+0000] {processor.py:176} INFO - Processing /home/airflow/.local/lib/python3.7/site-packages/airflow/example_dags/example_branch_python_dop_operator_3.py took 0.171 seconds
[2024-12-03T15:17:59.491+0000] {processor.py:154} INFO - Started process (PID=72) to work on /home/airflow/.local/lib/python3.7/site-packages/airflow/example_dags/example_branch_python_dop_operator_3.py
[2024-12-03T15:17:59.493+0000] {processor.py:756} INFO - Processing file /home/airflow/.local/lib/python3.7/site-packages/airflow/example_dags/example_branch_python_dop_operator_3.py for tasks to queue
[2024-12-03T15:17:59.495+0000] {logging_mixin.py:120} INFO - [2024-12-03T15:17:59.495+0000] {dagbag.py:537} INFO - Filling up the DagBag from /home/airflow/.local/lib/python3.7/site-packages/airflow/example_dags/example_branch_python_dop_operator_3.py
[2024-12-03T15:17:59.546+0000] {processor.py:766} INFO - DAG(s) dict_keys(['example_branch_dop_operator_v3']) retrieved from /home/airflow/.local/lib/python3.7/site-packages/airflow/example_dags/example_branch_python_dop_operator_3.py
[2024-12-03T15:17:59.610+0000] {logging_mixin.py:120} INFO - [2024-12-03T15:17:59.610+0000] {dag.py:2585} INFO - Sync 1 DAGs
[2024-12-03T15:17:59.661+0000] {logging_mixin.py:120} INFO - [2024-12-03T15:17:59.661+0000] {dag.py:3340} INFO - Setting next_dagrun for example_branch_dop_operator_v3 to 2024-12-03T15:16:00+00:00, run_after=2024-12-03T15:17:00+00:00
[2024-12-03T15:17:59.700+0000] {processor.py:176} INFO - Processing /home/airflow/.local/lib/python3.7/site-packages/airflow/example_dags/example_branch_python_dop_operator_3.py took 0.215 seconds
[2024-12-03T15:18:31.046+0000] {processor.py:154} INFO - Started process (PID=136) to work on /home/airflow/.local/lib/python3.7/site-packages/airflow/example_dags/example_branch_python_dop_operator_3.py
[2024-12-03T15:18:31.048+0000] {processor.py:756} INFO - Processing file /home/airflow/.local/lib/python3.7/site-packages/airflow/example_dags/example_branch_python_dop_operator_3.py for tasks to queue
[2024-12-03T15:18:31.049+0000] {logging_mixin.py:120} INFO - [2024-12-03T15:18:31.049+0000] {dagbag.py:537} INFO - Filling up the DagBag from /home/airflow/.local/lib/python3.7/site-packages/airflow/example_dags/example_branch_python_dop_operator_3.py
[2024-12-03T15:18:31.099+0000] {processor.py:766} INFO - DAG(s) dict_keys(['example_branch_dop_operator_v3']) retrieved from /home/airflow/.local/lib/python3.7/site-packages/airflow/example_dags/example_branch_python_dop_operator_3.py
[2024-12-03T15:18:31.193+0000] {logging_mixin.py:120} INFO - [2024-12-03T15:18:31.193+0000] {dag.py:2585} INFO - Sync 1 DAGs
[2024-12-03T15:18:31.236+0000] {logging_mixin.py:120} INFO - [2024-12-03T15:18:31.236+0000] {dag.py:3340} INFO - Setting next_dagrun for example_branch_dop_operator_v3 to 2024-12-03T15:17:00+00:00, run_after=2024-12-03T15:18:00+00:00
[2024-12-03T15:18:31.272+0000] {processor.py:176} INFO - Processing /home/airflow/.local/lib/python3.7/site-packages/airflow/example_dags/example_branch_python_dop_operator_3.py took 0.229 seconds
[2024-12-03T15:19:01.457+0000] {processor.py:154} INFO - Started process (PID=193) to work on /home/airflow/.local/lib/python3.7/site-packages/airflow/example_dags/example_branch_python_dop_operator_3.py
[2024-12-03T15:19:01.459+0000] {processor.py:756} INFO - Processing file /home/airflow/.local/lib/python3.7/site-packages/airflow/example_dags/example_branch_python_dop_operator_3.py for tasks to queue
[2024-12-03T15:19:01.460+0000] {logging_mixin.py:120} INFO - [2024-12-03T15:19:01.460+0000] {dagbag.py:537} INFO - Filling up the DagBag from /home/airflow/.local/lib/python3.7/site-packages/airflow/example_dags/example_branch_python_dop_operator_3.py
[2024-12-03T15:19:01.498+0000] {processor.py:766} INFO - DAG(s) dict_keys(['example_branch_dop_operator_v3']) retrieved from /home/airflow/.local/lib/python3.7/site-packages/airflow/example_dags/example_branch_python_dop_operator_3.py
[2024-12-03T15:19:01.575+0000] {logging_mixin.py:120} INFO - [2024-12-03T15:19:01.574+0000] {dag.py:2585} INFO - Sync 1 DAGs
[2024-12-03T15:19:01.632+0000] {logging_mixin.py:120} INFO - [2024-12-03T15:19:01.632+0000] {dag.py:3340} INFO - Setting next_dagrun for example_branch_dop_operator_v3 to 2024-12-03T15:18:00+00:00, run_after=2024-12-03T15:19:00+00:00
[2024-12-03T15:19:01.677+0000] {processor.py:176} INFO - Processing /home/airflow/.local/lib/python3.7/site-packages/airflow/example_dags/example_branch_python_dop_operator_3.py took 0.226 seconds
[2024-12-03T15:19:32.181+0000] {processor.py:154} INFO - Started process (PID=257) to work on /home/airflow/.local/lib/python3.7/site-packages/airflow/example_dags/example_branch_python_dop_operator_3.py
[2024-12-03T15:19:32.183+0000] {processor.py:756} INFO - Processing file /home/airflow/.local/lib/python3.7/site-packages/airflow/example_dags/example_branch_python_dop_operator_3.py for tasks to queue
[2024-12-03T15:19:32.185+0000] {logging_mixin.py:120} INFO - [2024-12-03T15:19:32.185+0000] {dagbag.py:537} INFO - Filling up the DagBag from /home/airflow/.local/lib/python3.7/site-packages/airflow/example_dags/example_branch_python_dop_operator_3.py
[2024-12-03T15:19:32.226+0000] {processor.py:766} INFO - DAG(s) dict_keys(['example_branch_dop_operator_v3']) retrieved from /home/airflow/.local/lib/python3.7/site-packages/airflow/example_dags/example_branch_python_dop_operator_3.py
[2024-12-03T15:19:32.301+0000] {logging_mixin.py:120} INFO - [2024-12-03T15:19:32.301+0000] {dag.py:2585} INFO - Sync 1 DAGs
[2024-12-03T15:19:32.358+0000] {logging_mixin.py:120} INFO - [2024-12-03T15:19:32.357+0000] {dag.py:3340} INFO - Setting next_dagrun for example_branch_dop_operator_v3 to 2024-12-03T15:18:00+00:00, run_after=2024-12-03T15:19:00+00:00
[2024-12-03T15:19:32.413+0000] {processor.py:176} INFO - Processing /home/airflow/.local/lib/python3.7/site-packages/airflow/example_dags/example_branch_python_dop_operator_3.py took 0.236 seconds
[2024-12-03T15:20:02.764+0000] {processor.py:154} INFO - Started process (PID=312) to work on /home/airflow/.local/lib/python3.7/site-packages/airflow/example_dags/example_branch_python_dop_operator_3.py
[2024-12-03T15:20:02.765+0000] {processor.py:756} INFO - Processing file /home/airflow/.local/lib/python3.7/site-packages/airflow/example_dags/example_branch_python_dop_operator_3.py for tasks to queue
[2024-12-03T15:20:02.767+0000] {logging_mixin.py:120} INFO - [2024-12-03T15:20:02.767+0000] {dagbag.py:537} INFO - Filling up the DagBag from /home/airflow/.local/lib/python3.7/site-packages/airflow/example_dags/example_branch_python_dop_operator_3.py
[2024-12-03T15:20:02.799+0000] {processor.py:766} INFO - DAG(s) dict_keys(['example_branch_dop_operator_v3']) retrieved from /home/airflow/.local/lib/python3.7/site-packages/airflow/example_dags/example_branch_python_dop_operator_3.py
[2024-12-03T15:20:02.859+0000] {logging_mixin.py:120} INFO - [2024-12-03T15:20:02.859+0000] {dag.py:2585} INFO - Sync 1 DAGs
[2024-12-03T15:20:02.899+0000] {logging_mixin.py:120} INFO - [2024-12-03T15:20:02.899+0000] {dag.py:3340} INFO - Setting next_dagrun for example_branch_dop_operator_v3 to 2024-12-03T15:19:00+00:00, run_after=2024-12-03T15:20:00+00:00
[2024-12-03T15:20:02.930+0000] {processor.py:176} INFO - Processing /home/airflow/.local/lib/python3.7/site-packages/airflow/example_dags/example_branch_python_dop_operator_3.py took 0.170 seconds
[2024-12-03T15:20:34.424+0000] {processor.py:154} INFO - Started process (PID=375) to work on /home/airflow/.local/lib/python3.7/site-packages/airflow/example_dags/example_branch_python_dop_operator_3.py
[2024-12-03T15:20:34.426+0000] {processor.py:756} INFO - Processing file /home/airflow/.local/lib/python3.7/site-packages/airflow/example_dags/example_branch_python_dop_operator_3.py for tasks to queue
[2024-12-03T15:20:34.428+0000] {logging_mixin.py:120} INFO - [2024-12-03T15:20:34.428+0000] {dagbag.py:537} INFO - Filling up the DagBag from /home/airflow/.local/lib/python3.7/site-packages/airflow/example_dags/example_branch_python_dop_operator_3.py
[2024-12-03T15:20:34.469+0000] {processor.py:766} INFO - DAG(s) dict_keys(['example_branch_dop_operator_v3']) retrieved from /home/airflow/.local/lib/python3.7/site-packages/airflow/example_dags/example_branch_python_dop_operator_3.py
[2024-12-03T15:20:34.554+0000] {logging_mixin.py:120} INFO - [2024-12-03T15:20:34.554+0000] {dag.py:2585} INFO - Sync 1 DAGs
[2024-12-03T15:20:34.621+0000] {logging_mixin.py:120} INFO - [2024-12-03T15:20:34.621+0000] {dag.py:3340} INFO - Setting next_dagrun for example_branch_dop_operator_v3 to 2024-12-03T15:19:00+00:00, run_after=2024-12-03T15:20:00+00:00
[2024-12-03T15:20:34.660+0000] {processor.py:176} INFO - Processing /home/airflow/.local/lib/python3.7/site-packages/airflow/example_dags/example_branch_python_dop_operator_3.py took 0.240 seconds
[2024-12-03T15:21:04.799+0000] {processor.py:154} INFO - Started process (PID=432) to work on /home/airflow/.local/lib/python3.7/site-packages/airflow/example_dags/example_branch_python_dop_operator_3.py
[2024-12-03T15:21:04.800+0000] {processor.py:756} INFO - Processing file /home/airflow/.local/lib/python3.7/site-packages/airflow/example_dags/example_branch_python_dop_operator_3.py for tasks to queue
[2024-12-03T15:21:04.802+0000] {logging_mixin.py:120} INFO - [2024-12-03T15:21:04.802+0000] {dagbag.py:537} INFO - Filling up the DagBag from /home/airflow/.local/lib/python3.7/site-packages/airflow/example_dags/example_branch_python_dop_operator_3.py
[2024-12-03T15:21:04.829+0000] {processor.py:766} INFO - DAG(s) dict_keys(['example_branch_dop_operator_v3']) retrieved from /home/airflow/.local/lib/python3.7/site-packages/airflow/example_dags/example_branch_python_dop_operator_3.py
[2024-12-03T15:21:04.898+0000] {logging_mixin.py:120} INFO - [2024-12-03T15:21:04.898+0000] {dag.py:2585} INFO - Sync 1 DAGs
[2024-12-03T15:21:04.944+0000] {logging_mixin.py:120} INFO - [2024-12-03T15:21:04.943+0000] {dag.py:3340} INFO - Setting next_dagrun for example_branch_dop_operator_v3 to 2024-12-03T15:20:00+00:00, run_after=2024-12-03T15:21:00+00:00
[2024-12-03T15:21:04.994+0000] {processor.py:176} INFO - Processing /home/airflow/.local/lib/python3.7/site-packages/airflow/example_dags/example_branch_python_dop_operator_3.py took 0.201 seconds
[2024-12-03T15:21:37.116+0000] {processor.py:154} INFO - Started process (PID=488) to work on /home/airflow/.local/lib/python3.7/site-packages/airflow/example_dags/example_branch_python_dop_operator_3.py
[2024-12-03T15:21:37.118+0000] {processor.py:756} INFO - Processing file /home/airflow/.local/lib/python3.7/site-packages/airflow/example_dags/example_branch_python_dop_operator_3.py for tasks to queue
[2024-12-03T15:21:37.120+0000] {logging_mixin.py:120} INFO - [2024-12-03T15:21:37.120+0000] {dagbag.py:537} INFO - Filling up the DagBag from /home/airflow/.local/lib/python3.7/site-packages/airflow/example_dags/example_branch_python_dop_operator_3.py
[2024-12-03T15:21:37.187+0000] {processor.py:766} INFO - DAG(s) dict_keys(['example_branch_dop_operator_v3']) retrieved from /home/airflow/.local/lib/python3.7/site-packages/airflow/example_dags/example_branch_python_dop_operator_3.py
[2024-12-03T15:21:37.368+0000] {logging_mixin.py:120} INFO - [2024-12-03T15:21:37.367+0000] {dag.py:2585} INFO - Sync 1 DAGs
[2024-12-03T15:21:37.493+0000] {logging_mixin.py:120} INFO - [2024-12-03T15:21:37.493+0000] {dag.py:3340} INFO - Setting next_dagrun for example_branch_dop_operator_v3 to 2024-12-03T15:20:00+00:00, run_after=2024-12-03T15:21:00+00:00
[2024-12-03T15:21:37.584+0000] {processor.py:176} INFO - Processing /home/airflow/.local/lib/python3.7/site-packages/airflow/example_dags/example_branch_python_dop_operator_3.py took 0.477 seconds
[2024-12-03T15:22:08.281+0000] {processor.py:154} INFO - Started process (PID=553) to work on /home/airflow/.local/lib/python3.7/site-packages/airflow/example_dags/example_branch_python_dop_operator_3.py
[2024-12-03T15:22:08.282+0000] {processor.py:756} INFO - Processing file /home/airflow/.local/lib/python3.7/site-packages/airflow/example_dags/example_branch_python_dop_operator_3.py for tasks to queue
[2024-12-03T15:22:08.283+0000] {logging_mixin.py:120} INFO - [2024-12-03T15:22:08.283+0000] {dagbag.py:537} INFO - Filling up the DagBag from /home/airflow/.local/lib/python3.7/site-packages/airflow/example_dags/example_branch_python_dop_operator_3.py
[2024-12-03T15:22:08.317+0000] {processor.py:766} INFO - DAG(s) dict_keys(['example_branch_dop_operator_v3']) retrieved from /home/airflow/.local/lib/python3.7/site-packages/airflow/example_dags/example_branch_python_dop_operator_3.py
[2024-12-03T15:22:08.381+0000] {logging_mixin.py:120} INFO - [2024-12-03T15:22:08.380+0000] {dag.py:2585} INFO - Sync 1 DAGs
[2024-12-03T15:22:08.433+0000] {logging_mixin.py:120} INFO - [2024-12-03T15:22:08.432+0000] {dag.py:3340} INFO - Setting next_dagrun for example_branch_dop_operator_v3 to 2024-12-03T15:21:00+00:00, run_after=2024-12-03T15:22:00+00:00
[2024-12-03T15:22:08.474+0000] {processor.py:176} INFO - Processing /home/airflow/.local/lib/python3.7/site-packages/airflow/example_dags/example_branch_python_dop_operator_3.py took 0.197 seconds
[2024-12-03T15:22:38.993+0000] {processor.py:154} INFO - Started process (PID=608) to work on /home/airflow/.local/lib/python3.7/site-packages/airflow/example_dags/example_branch_python_dop_operator_3.py
[2024-12-03T15:22:38.997+0000] {processor.py:756} INFO - Processing file /home/airflow/.local/lib/python3.7/site-packages/airflow/example_dags/example_branch_python_dop_operator_3.py for tasks to queue
[2024-12-03T15:22:38.998+0000] {logging_mixin.py:120} INFO - [2024-12-03T15:22:38.998+0000] {dagbag.py:537} INFO - Filling up the DagBag from /home/airflow/.local/lib/python3.7/site-packages/airflow/example_dags/example_branch_python_dop_operator_3.py
[2024-12-03T15:22:39.045+0000] {processor.py:766} INFO - DAG(s) dict_keys(['example_branch_dop_operator_v3']) retrieved from /home/airflow/.local/lib/python3.7/site-packages/airflow/example_dags/example_branch_python_dop_operator_3.py
[2024-12-03T15:22:39.111+0000] {logging_mixin.py:120} INFO - [2024-12-03T15:22:39.110+0000] {dag.py:2585} INFO - Sync 1 DAGs
[2024-12-03T15:22:39.176+0000] {logging_mixin.py:120} INFO - [2024-12-03T15:22:39.176+0000] {dag.py:3340} INFO - Setting next_dagrun for example_branch_dop_operator_v3 to 2024-12-03T15:21:00+00:00, run_after=2024-12-03T15:22:00+00:00
[2024-12-03T15:22:39.217+0000] {processor.py:176} INFO - Processing /home/airflow/.local/lib/python3.7/site-packages/airflow/example_dags/example_branch_python_dop_operator_3.py took 0.231 seconds
[2024-12-03T15:23:09.378+0000] {processor.py:154} INFO - Started process (PID=672) to work on /home/airflow/.local/lib/python3.7/site-packages/airflow/example_dags/example_branch_python_dop_operator_3.py
[2024-12-03T15:23:09.380+0000] {processor.py:756} INFO - Processing file /home/airflow/.local/lib/python3.7/site-packages/airflow/example_dags/example_branch_python_dop_operator_3.py for tasks to queue
[2024-12-03T15:23:09.383+0000] {logging_mixin.py:120} INFO - [2024-12-03T15:23:09.383+0000] {dagbag.py:537} INFO - Filling up the DagBag from /home/airflow/.local/lib/python3.7/site-packages/airflow/example_dags/example_branch_python_dop_operator_3.py
[2024-12-03T15:23:09.427+0000] {processor.py:766} INFO - DAG(s) dict_keys(['example_branch_dop_operator_v3']) retrieved from /home/airflow/.local/lib/python3.7/site-packages/airflow/example_dags/example_branch_python_dop_operator_3.py
[2024-12-03T15:23:09.506+0000] {logging_mixin.py:120} INFO - [2024-12-03T15:23:09.506+0000] {dag.py:2585} INFO - Sync 1 DAGs
[2024-12-03T15:23:09.572+0000] {logging_mixin.py:120} INFO - [2024-12-03T15:23:09.571+0000] {dag.py:3340} INFO - Setting next_dagrun for example_branch_dop_operator_v3 to 2024-12-03T15:22:00+00:00, run_after=2024-12-03T15:23:00+00:00
[2024-12-03T15:23:09.629+0000] {processor.py:176} INFO - Processing /home/airflow/.local/lib/python3.7/site-packages/airflow/example_dags/example_branch_python_dop_operator_3.py took 0.260 seconds
[2024-12-03T15:23:40.190+0000] {processor.py:154} INFO - Started process (PID=727) to work on /home/airflow/.local/lib/python3.7/site-packages/airflow/example_dags/example_branch_python_dop_operator_3.py
[2024-12-03T15:23:40.192+0000] {processor.py:756} INFO - Processing file /home/airflow/.local/lib/python3.7/site-packages/airflow/example_dags/example_branch_python_dop_operator_3.py for tasks to queue
[2024-12-03T15:23:40.194+0000] {logging_mixin.py:120} INFO - [2024-12-03T15:23:40.193+0000] {dagbag.py:537} INFO - Filling up the DagBag from /home/airflow/.local/lib/python3.7/site-packages/airflow/example_dags/example_branch_python_dop_operator_3.py
[2024-12-03T15:23:40.222+0000] {processor.py:766} INFO - DAG(s) dict_keys(['example_branch_dop_operator_v3']) retrieved from /home/airflow/.local/lib/python3.7/site-packages/airflow/example_dags/example_branch_python_dop_operator_3.py
[2024-12-03T15:23:40.290+0000] {logging_mixin.py:120} INFO - [2024-12-03T15:23:40.290+0000] {dag.py:2585} INFO - Sync 1 DAGs
[2024-12-03T15:23:40.334+0000] {logging_mixin.py:120} INFO - [2024-12-03T15:23:40.333+0000] {dag.py:3340} INFO - Setting next_dagrun for example_branch_dop_operator_v3 to 2024-12-03T15:22:00+00:00, run_after=2024-12-03T15:23:00+00:00
[2024-12-03T15:23:40.377+0000] {processor.py:176} INFO - Processing /home/airflow/.local/lib/python3.7/site-packages/airflow/example_dags/example_branch_python_dop_operator_3.py took 0.191 seconds
[2024-12-03T15:24:10.765+0000] {processor.py:154} INFO - Started process (PID=782) to work on /home/airflow/.local/lib/python3.7/site-packages/airflow/example_dags/example_branch_python_dop_operator_3.py
[2024-12-03T15:24:10.766+0000] {processor.py:756} INFO - Processing file /home/airflow/.local/lib/python3.7/site-packages/airflow/example_dags/example_branch_python_dop_operator_3.py for tasks to queue
[2024-12-03T15:24:10.768+0000] {logging_mixin.py:120} INFO - [2024-12-03T15:24:10.768+0000] {dagbag.py:537} INFO - Filling up the DagBag from /home/airflow/.local/lib/python3.7/site-packages/airflow/example_dags/example_branch_python_dop_operator_3.py
[2024-12-03T15:24:10.804+0000] {processor.py:766} INFO - DAG(s) dict_keys(['example_branch_dop_operator_v3']) retrieved from /home/airflow/.local/lib/python3.7/site-packages/airflow/example_dags/example_branch_python_dop_operator_3.py
[2024-12-03T15:24:10.873+0000] {logging_mixin.py:120} INFO - [2024-12-03T15:24:10.872+0000] {dag.py:2585} INFO - Sync 1 DAGs
[2024-12-03T15:24:10.958+0000] {logging_mixin.py:120} INFO - [2024-12-03T15:24:10.958+0000] {dag.py:3340} INFO - Setting next_dagrun for example_branch_dop_operator_v3 to 2024-12-03T15:23:00+00:00, run_after=2024-12-03T15:24:00+00:00
[2024-12-03T15:24:11.028+0000] {processor.py:176} INFO - Processing /home/airflow/.local/lib/python3.7/site-packages/airflow/example_dags/example_branch_python_dop_operator_3.py took 0.269 seconds
[2024-12-03T15:24:41.748+0000] {processor.py:154} INFO - Started process (PID=846) to work on /home/airflow/.local/lib/python3.7/site-packages/airflow/example_dags/example_branch_python_dop_operator_3.py
[2024-12-03T15:24:41.750+0000] {processor.py:756} INFO - Processing file /home/airflow/.local/lib/python3.7/site-packages/airflow/example_dags/example_branch_python_dop_operator_3.py for tasks to queue
[2024-12-03T15:24:41.752+0000] {logging_mixin.py:120} INFO - [2024-12-03T15:24:41.752+0000] {dagbag.py:537} INFO - Filling up the DagBag from /home/airflow/.local/lib/python3.7/site-packages/airflow/example_dags/example_branch_python_dop_operator_3.py
[2024-12-03T15:24:41.797+0000] {processor.py:766} INFO - DAG(s) dict_keys(['example_branch_dop_operator_v3']) retrieved from /home/airflow/.local/lib/python3.7/site-packages/airflow/example_dags/example_branch_python_dop_operator_3.py
[2024-12-03T15:24:41.871+0000] {logging_mixin.py:120} INFO - [2024-12-03T15:24:41.870+0000] {dag.py:2585} INFO - Sync 1 DAGs
[2024-12-03T15:24:41.957+0000] {logging_mixin.py:120} INFO - [2024-12-03T15:24:41.957+0000] {dag.py:3340} INFO - Setting next_dagrun for example_branch_dop_operator_v3 to 2024-12-03T15:23:00+00:00, run_after=2024-12-03T15:24:00+00:00
[2024-12-03T15:24:42.012+0000] {processor.py:176} INFO - Processing /home/airflow/.local/lib/python3.7/site-packages/airflow/example_dags/example_branch_python_dop_operator_3.py took 0.272 seconds
[2024-12-03T15:25:12.148+0000] {processor.py:154} INFO - Started process (PID=901) to work on /home/airflow/.local/lib/python3.7/site-packages/airflow/example_dags/example_branch_python_dop_operator_3.py
[2024-12-03T15:25:12.149+0000] {processor.py:756} INFO - Processing file /home/airflow/.local/lib/python3.7/site-packages/airflow/example_dags/example_branch_python_dop_operator_3.py for tasks to queue
[2024-12-03T15:25:12.151+0000] {logging_mixin.py:120} INFO - [2024-12-03T15:25:12.151+0000] {dagbag.py:537} INFO - Filling up the DagBag from /home/airflow/.local/lib/python3.7/site-packages/airflow/example_dags/example_branch_python_dop_operator_3.py
[2024-12-03T15:25:12.188+0000] {processor.py:766} INFO - DAG(s) dict_keys(['example_branch_dop_operator_v3']) retrieved from /home/airflow/.local/lib/python3.7/site-packages/airflow/example_dags/example_branch_python_dop_operator_3.py
[2024-12-03T15:25:12.265+0000] {logging_mixin.py:120} INFO - [2024-12-03T15:25:12.265+0000] {dag.py:2585} INFO - Sync 1 DAGs
[2024-12-03T15:25:12.334+0000] {logging_mixin.py:120} INFO - [2024-12-03T15:25:12.333+0000] {dag.py:3340} INFO - Setting next_dagrun for example_branch_dop_operator_v3 to 2024-12-03T15:24:00+00:00, run_after=2024-12-03T15:25:00+00:00
[2024-12-03T15:25:12.377+0000] {processor.py:176} INFO - Processing /home/airflow/.local/lib/python3.7/site-packages/airflow/example_dags/example_branch_python_dop_operator_3.py took 0.233 seconds
[2024-12-03T15:25:44.826+0000] {processor.py:154} INFO - Started process (PID=965) to work on /home/airflow/.local/lib/python3.7/site-packages/airflow/example_dags/example_branch_python_dop_operator_3.py
[2024-12-03T15:25:44.832+0000] {processor.py:756} INFO - Processing file /home/airflow/.local/lib/python3.7/site-packages/airflow/example_dags/example_branch_python_dop_operator_3.py for tasks to queue
[2024-12-03T15:25:44.835+0000] {logging_mixin.py:120} INFO - [2024-12-03T15:25:44.835+0000] {dagbag.py:537} INFO - Filling up the DagBag from /home/airflow/.local/lib/python3.7/site-packages/airflow/example_dags/example_branch_python_dop_operator_3.py
[2024-12-03T15:25:44.935+0000] {processor.py:766} INFO - DAG(s) dict_keys(['example_branch_dop_operator_v3']) retrieved from /home/airflow/.local/lib/python3.7/site-packages/airflow/example_dags/example_branch_python_dop_operator_3.py
[2024-12-03T15:25:45.116+0000] {logging_mixin.py:120} INFO - [2024-12-03T15:25:45.112+0000] {dag.py:2585} INFO - Sync 1 DAGs
[2024-12-03T15:25:45.208+0000] {logging_mixin.py:120} INFO - [2024-12-03T15:25:45.208+0000] {dag.py:3340} INFO - Setting next_dagrun for example_branch_dop_operator_v3 to 2024-12-03T15:24:00+00:00, run_after=2024-12-03T15:25:00+00:00
[2024-12-03T15:25:45.266+0000] {processor.py:176} INFO - Processing /home/airflow/.local/lib/python3.7/site-packages/airflow/example_dags/example_branch_python_dop_operator_3.py took 0.452 seconds
[2024-12-03T15:26:15.853+0000] {processor.py:154} INFO - Started process (PID=1020) to work on /home/airflow/.local/lib/python3.7/site-packages/airflow/example_dags/example_branch_python_dop_operator_3.py
[2024-12-03T15:26:15.854+0000] {processor.py:756} INFO - Processing file /home/airflow/.local/lib/python3.7/site-packages/airflow/example_dags/example_branch_python_dop_operator_3.py for tasks to queue
[2024-12-03T15:26:15.856+0000] {logging_mixin.py:120} INFO - [2024-12-03T15:26:15.856+0000] {dagbag.py:537} INFO - Filling up the DagBag from /home/airflow/.local/lib/python3.7/site-packages/airflow/example_dags/example_branch_python_dop_operator_3.py
[2024-12-03T15:26:15.895+0000] {processor.py:766} INFO - DAG(s) dict_keys(['example_branch_dop_operator_v3']) retrieved from /home/airflow/.local/lib/python3.7/site-packages/airflow/example_dags/example_branch_python_dop_operator_3.py
[2024-12-03T15:26:15.972+0000] {logging_mixin.py:120} INFO - [2024-12-03T15:26:15.972+0000] {dag.py:2585} INFO - Sync 1 DAGs
[2024-12-03T15:26:16.025+0000] {logging_mixin.py:120} INFO - [2024-12-03T15:26:16.025+0000] {dag.py:3340} INFO - Setting next_dagrun for example_branch_dop_operator_v3 to 2024-12-03T15:25:00+00:00, run_after=2024-12-03T15:26:00+00:00
[2024-12-03T15:26:16.068+0000] {processor.py:176} INFO - Processing /home/airflow/.local/lib/python3.7/site-packages/airflow/example_dags/example_branch_python_dop_operator_3.py took 0.219 seconds
[2024-12-03T15:26:46.752+0000] {processor.py:154} INFO - Started process (PID=1084) to work on /home/airflow/.local/lib/python3.7/site-packages/airflow/example_dags/example_branch_python_dop_operator_3.py
[2024-12-03T15:26:46.753+0000] {processor.py:756} INFO - Processing file /home/airflow/.local/lib/python3.7/site-packages/airflow/example_dags/example_branch_python_dop_operator_3.py for tasks to queue
[2024-12-03T15:26:46.755+0000] {logging_mixin.py:120} INFO - [2024-12-03T15:26:46.755+0000] {dagbag.py:537} INFO - Filling up the DagBag from /home/airflow/.local/lib/python3.7/site-packages/airflow/example_dags/example_branch_python_dop_operator_3.py
[2024-12-03T15:26:46.801+0000] {processor.py:766} INFO - DAG(s) dict_keys(['example_branch_dop_operator_v3']) retrieved from /home/airflow/.local/lib/python3.7/site-packages/airflow/example_dags/example_branch_python_dop_operator_3.py
[2024-12-03T15:26:46.880+0000] {logging_mixin.py:120} INFO - [2024-12-03T15:26:46.880+0000] {dag.py:2585} INFO - Sync 1 DAGs
[2024-12-03T15:26:46.954+0000] {logging_mixin.py:120} INFO - [2024-12-03T15:26:46.953+0000] {dag.py:3340} INFO - Setting next_dagrun for example_branch_dop_operator_v3 to 2024-12-03T15:25:00+00:00, run_after=2024-12-03T15:26:00+00:00
[2024-12-03T15:26:46.999+0000] {processor.py:176} INFO - Processing /home/airflow/.local/lib/python3.7/site-packages/airflow/example_dags/example_branch_python_dop_operator_3.py took 0.251 seconds
[2024-12-03T15:27:17.882+0000] {processor.py:154} INFO - Started process (PID=1140) to work on /home/airflow/.local/lib/python3.7/site-packages/airflow/example_dags/example_branch_python_dop_operator_3.py
[2024-12-03T15:27:17.884+0000] {processor.py:756} INFO - Processing file /home/airflow/.local/lib/python3.7/site-packages/airflow/example_dags/example_branch_python_dop_operator_3.py for tasks to queue
[2024-12-03T15:27:17.886+0000] {logging_mixin.py:120} INFO - [2024-12-03T15:27:17.885+0000] {dagbag.py:537} INFO - Filling up the DagBag from /home/airflow/.local/lib/python3.7/site-packages/airflow/example_dags/example_branch_python_dop_operator_3.py
[2024-12-03T15:27:17.929+0000] {processor.py:766} INFO - DAG(s) dict_keys(['example_branch_dop_operator_v3']) retrieved from /home/airflow/.local/lib/python3.7/site-packages/airflow/example_dags/example_branch_python_dop_operator_3.py
[2024-12-03T15:27:18.003+0000] {logging_mixin.py:120} INFO - [2024-12-03T15:27:18.003+0000] {dag.py:2585} INFO - Sync 1 DAGs
[2024-12-03T15:27:18.069+0000] {logging_mixin.py:120} INFO - [2024-12-03T15:27:18.069+0000] {dag.py:3340} INFO - Setting next_dagrun for example_branch_dop_operator_v3 to 2024-12-03T15:26:00+00:00, run_after=2024-12-03T15:27:00+00:00
[2024-12-03T15:27:18.124+0000] {processor.py:176} INFO - Processing /home/airflow/.local/lib/python3.7/site-packages/airflow/example_dags/example_branch_python_dop_operator_3.py took 0.248 seconds
[2024-12-03T15:27:48.294+0000] {processor.py:154} INFO - Started process (PID=1204) to work on /home/airflow/.local/lib/python3.7/site-packages/airflow/example_dags/example_branch_python_dop_operator_3.py
[2024-12-03T15:27:48.297+0000] {processor.py:756} INFO - Processing file /home/airflow/.local/lib/python3.7/site-packages/airflow/example_dags/example_branch_python_dop_operator_3.py for tasks to queue
[2024-12-03T15:27:48.299+0000] {logging_mixin.py:120} INFO - [2024-12-03T15:27:48.298+0000] {dagbag.py:537} INFO - Filling up the DagBag from /home/airflow/.local/lib/python3.7/site-packages/airflow/example_dags/example_branch_python_dop_operator_3.py
[2024-12-03T15:27:48.355+0000] {processor.py:766} INFO - DAG(s) dict_keys(['example_branch_dop_operator_v3']) retrieved from /home/airflow/.local/lib/python3.7/site-packages/airflow/example_dags/example_branch_python_dop_operator_3.py
[2024-12-03T15:27:48.444+0000] {logging_mixin.py:120} INFO - [2024-12-03T15:27:48.443+0000] {dag.py:2585} INFO - Sync 1 DAGs
[2024-12-03T15:27:48.588+0000] {logging_mixin.py:120} INFO - [2024-12-03T15:27:48.587+0000] {dag.py:3340} INFO - Setting next_dagrun for example_branch_dop_operator_v3 to 2024-12-03T15:26:00+00:00, run_after=2024-12-03T15:27:00+00:00
[2024-12-03T15:27:48.657+0000] {processor.py:176} INFO - Processing /home/airflow/.local/lib/python3.7/site-packages/airflow/example_dags/example_branch_python_dop_operator_3.py took 0.370 seconds
[2024-12-03T15:28:18.794+0000] {processor.py:154} INFO - Started process (PID=1259) to work on /home/airflow/.local/lib/python3.7/site-packages/airflow/example_dags/example_branch_python_dop_operator_3.py
[2024-12-03T15:28:18.796+0000] {processor.py:756} INFO - Processing file /home/airflow/.local/lib/python3.7/site-packages/airflow/example_dags/example_branch_python_dop_operator_3.py for tasks to queue
[2024-12-03T15:28:18.798+0000] {logging_mixin.py:120} INFO - [2024-12-03T15:28:18.798+0000] {dagbag.py:537} INFO - Filling up the DagBag from /home/airflow/.local/lib/python3.7/site-packages/airflow/example_dags/example_branch_python_dop_operator_3.py
[2024-12-03T15:28:18.824+0000] {processor.py:766} INFO - DAG(s) dict_keys(['example_branch_dop_operator_v3']) retrieved from /home/airflow/.local/lib/python3.7/site-packages/airflow/example_dags/example_branch_python_dop_operator_3.py
[2024-12-03T15:28:18.879+0000] {logging_mixin.py:120} INFO - [2024-12-03T15:28:18.878+0000] {dag.py:2585} INFO - Sync 1 DAGs
[2024-12-03T15:28:18.923+0000] {logging_mixin.py:120} INFO - [2024-12-03T15:28:18.923+0000] {dag.py:3340} INFO - Setting next_dagrun for example_branch_dop_operator_v3 to 2024-12-03T15:27:00+00:00, run_after=2024-12-03T15:28:00+00:00
[2024-12-03T15:28:18.957+0000] {processor.py:176} INFO - Processing /home/airflow/.local/lib/python3.7/site-packages/airflow/example_dags/example_branch_python_dop_operator_3.py took 0.167 seconds
[2024-12-03T15:28:49.363+0000] {processor.py:154} INFO - Started process (PID=1314) to work on /home/airflow/.local/lib/python3.7/site-packages/airflow/example_dags/example_branch_python_dop_operator_3.py
[2024-12-03T15:28:49.365+0000] {processor.py:756} INFO - Processing file /home/airflow/.local/lib/python3.7/site-packages/airflow/example_dags/example_branch_python_dop_operator_3.py for tasks to queue
[2024-12-03T15:28:49.369+0000] {logging_mixin.py:120} INFO - [2024-12-03T15:28:49.368+0000] {dagbag.py:537} INFO - Filling up the DagBag from /home/airflow/.local/lib/python3.7/site-packages/airflow/example_dags/example_branch_python_dop_operator_3.py
[2024-12-03T15:28:49.415+0000] {processor.py:766} INFO - DAG(s) dict_keys(['example_branch_dop_operator_v3']) retrieved from /home/airflow/.local/lib/python3.7/site-packages/airflow/example_dags/example_branch_python_dop_operator_3.py
[2024-12-03T15:28:49.497+0000] {logging_mixin.py:120} INFO - [2024-12-03T15:28:49.497+0000] {dag.py:2585} INFO - Sync 1 DAGs
[2024-12-03T15:28:49.588+0000] {logging_mixin.py:120} INFO - [2024-12-03T15:28:49.588+0000] {dag.py:3340} INFO - Setting next_dagrun for example_branch_dop_operator_v3 to 2024-12-03T15:27:00+00:00, run_after=2024-12-03T15:28:00+00:00
[2024-12-03T15:28:49.649+0000] {processor.py:176} INFO - Processing /home/airflow/.local/lib/python3.7/site-packages/airflow/example_dags/example_branch_python_dop_operator_3.py took 0.291 seconds
[2024-12-03T15:29:20.043+0000] {processor.py:154} INFO - Started process (PID=1378) to work on /home/airflow/.local/lib/python3.7/site-packages/airflow/example_dags/example_branch_python_dop_operator_3.py
[2024-12-03T15:29:20.045+0000] {processor.py:756} INFO - Processing file /home/airflow/.local/lib/python3.7/site-packages/airflow/example_dags/example_branch_python_dop_operator_3.py for tasks to queue
[2024-12-03T15:29:20.047+0000] {logging_mixin.py:120} INFO - [2024-12-03T15:29:20.047+0000] {dagbag.py:537} INFO - Filling up the DagBag from /home/airflow/.local/lib/python3.7/site-packages/airflow/example_dags/example_branch_python_dop_operator_3.py
[2024-12-03T15:29:20.089+0000] {processor.py:766} INFO - DAG(s) dict_keys(['example_branch_dop_operator_v3']) retrieved from /home/airflow/.local/lib/python3.7/site-packages/airflow/example_dags/example_branch_python_dop_operator_3.py
[2024-12-03T15:29:20.166+0000] {logging_mixin.py:120} INFO - [2024-12-03T15:29:20.165+0000] {dag.py:2585} INFO - Sync 1 DAGs
[2024-12-03T15:29:20.238+0000] {logging_mixin.py:120} INFO - [2024-12-03T15:29:20.238+0000] {dag.py:3340} INFO - Setting next_dagrun for example_branch_dop_operator_v3 to 2024-12-03T15:28:00+00:00, run_after=2024-12-03T15:29:00+00:00
[2024-12-03T15:29:20.288+0000] {processor.py:176} INFO - Processing /home/airflow/.local/lib/python3.7/site-packages/airflow/example_dags/example_branch_python_dop_operator_3.py took 0.250 seconds
[2024-12-03T15:29:50.597+0000] {processor.py:154} INFO - Started process (PID=1433) to work on /home/airflow/.local/lib/python3.7/site-packages/airflow/example_dags/example_branch_python_dop_operator_3.py
[2024-12-03T15:29:50.599+0000] {processor.py:756} INFO - Processing file /home/airflow/.local/lib/python3.7/site-packages/airflow/example_dags/example_branch_python_dop_operator_3.py for tasks to queue
[2024-12-03T15:29:50.600+0000] {logging_mixin.py:120} INFO - [2024-12-03T15:29:50.600+0000] {dagbag.py:537} INFO - Filling up the DagBag from /home/airflow/.local/lib/python3.7/site-packages/airflow/example_dags/example_branch_python_dop_operator_3.py
[2024-12-03T15:29:50.639+0000] {processor.py:766} INFO - DAG(s) dict_keys(['example_branch_dop_operator_v3']) retrieved from /home/airflow/.local/lib/python3.7/site-packages/airflow/example_dags/example_branch_python_dop_operator_3.py
[2024-12-03T15:29:50.729+0000] {logging_mixin.py:120} INFO - [2024-12-03T15:29:50.728+0000] {dag.py:2585} INFO - Sync 1 DAGs
[2024-12-03T15:29:50.788+0000] {logging_mixin.py:120} INFO - [2024-12-03T15:29:50.788+0000] {dag.py:3340} INFO - Setting next_dagrun for example_branch_dop_operator_v3 to 2024-12-03T15:28:00+00:00, run_after=2024-12-03T15:29:00+00:00
[2024-12-03T15:29:50.835+0000] {processor.py:176} INFO - Processing /home/airflow/.local/lib/python3.7/site-packages/airflow/example_dags/example_branch_python_dop_operator_3.py took 0.243 seconds
[2024-12-03T15:30:21.490+0000] {processor.py:154} INFO - Started process (PID=1498) to work on /home/airflow/.local/lib/python3.7/site-packages/airflow/example_dags/example_branch_python_dop_operator_3.py
[2024-12-03T15:30:21.492+0000] {processor.py:756} INFO - Processing file /home/airflow/.local/lib/python3.7/site-packages/airflow/example_dags/example_branch_python_dop_operator_3.py for tasks to queue
[2024-12-03T15:30:21.495+0000] {logging_mixin.py:120} INFO - [2024-12-03T15:30:21.494+0000] {dagbag.py:537} INFO - Filling up the DagBag from /home/airflow/.local/lib/python3.7/site-packages/airflow/example_dags/example_branch_python_dop_operator_3.py
[2024-12-03T15:30:21.551+0000] {processor.py:766} INFO - DAG(s) dict_keys(['example_branch_dop_operator_v3']) retrieved from /home/airflow/.local/lib/python3.7/site-packages/airflow/example_dags/example_branch_python_dop_operator_3.py
[2024-12-03T15:30:21.653+0000] {logging_mixin.py:120} INFO - [2024-12-03T15:30:21.653+0000] {dag.py:2585} INFO - Sync 1 DAGs
[2024-12-03T15:30:21.731+0000] {logging_mixin.py:120} INFO - [2024-12-03T15:30:21.731+0000] {dag.py:3340} INFO - Setting next_dagrun for example_branch_dop_operator_v3 to 2024-12-03T15:29:00+00:00, run_after=2024-12-03T15:30:00+00:00
[2024-12-03T15:30:21.785+0000] {processor.py:176} INFO - Processing /home/airflow/.local/lib/python3.7/site-packages/airflow/example_dags/example_branch_python_dop_operator_3.py took 0.306 seconds
[2024-12-03T15:30:52.505+0000] {processor.py:154} INFO - Started process (PID=1552) to work on /home/airflow/.local/lib/python3.7/site-packages/airflow/example_dags/example_branch_python_dop_operator_3.py
[2024-12-03T15:30:52.507+0000] {processor.py:756} INFO - Processing file /home/airflow/.local/lib/python3.7/site-packages/airflow/example_dags/example_branch_python_dop_operator_3.py for tasks to queue
[2024-12-03T15:30:52.509+0000] {logging_mixin.py:120} INFO - [2024-12-03T15:30:52.508+0000] {dagbag.py:537} INFO - Filling up the DagBag from /home/airflow/.local/lib/python3.7/site-packages/airflow/example_dags/example_branch_python_dop_operator_3.py
[2024-12-03T15:30:52.542+0000] {processor.py:766} INFO - DAG(s) dict_keys(['example_branch_dop_operator_v3']) retrieved from /home/airflow/.local/lib/python3.7/site-packages/airflow/example_dags/example_branch_python_dop_operator_3.py
[2024-12-03T15:30:52.606+0000] {logging_mixin.py:120} INFO - [2024-12-03T15:30:52.606+0000] {dag.py:2585} INFO - Sync 1 DAGs
[2024-12-03T15:30:52.647+0000] {logging_mixin.py:120} INFO - [2024-12-03T15:30:52.647+0000] {dag.py:3340} INFO - Setting next_dagrun for example_branch_dop_operator_v3 to 2024-12-03T15:29:00+00:00, run_after=2024-12-03T15:30:00+00:00
[2024-12-03T15:30:52.707+0000] {processor.py:176} INFO - Processing /home/airflow/.local/lib/python3.7/site-packages/airflow/example_dags/example_branch_python_dop_operator_3.py took 0.209 seconds
[2024-12-03T15:31:23.190+0000] {processor.py:154} INFO - Started process (PID=1616) to work on /home/airflow/.local/lib/python3.7/site-packages/airflow/example_dags/example_branch_python_dop_operator_3.py
[2024-12-03T15:31:23.193+0000] {processor.py:756} INFO - Processing file /home/airflow/.local/lib/python3.7/site-packages/airflow/example_dags/example_branch_python_dop_operator_3.py for tasks to queue
[2024-12-03T15:31:23.195+0000] {logging_mixin.py:120} INFO - [2024-12-03T15:31:23.194+0000] {dagbag.py:537} INFO - Filling up the DagBag from /home/airflow/.local/lib/python3.7/site-packages/airflow/example_dags/example_branch_python_dop_operator_3.py
[2024-12-03T15:31:23.232+0000] {processor.py:766} INFO - DAG(s) dict_keys(['example_branch_dop_operator_v3']) retrieved from /home/airflow/.local/lib/python3.7/site-packages/airflow/example_dags/example_branch_python_dop_operator_3.py
[2024-12-03T15:31:23.300+0000] {logging_mixin.py:120} INFO - [2024-12-03T15:31:23.300+0000] {dag.py:2585} INFO - Sync 1 DAGs
[2024-12-03T15:31:23.358+0000] {logging_mixin.py:120} INFO - [2024-12-03T15:31:23.358+0000] {dag.py:3340} INFO - Setting next_dagrun for example_branch_dop_operator_v3 to 2024-12-03T15:30:00+00:00, run_after=2024-12-03T15:31:00+00:00
[2024-12-03T15:31:23.409+0000] {processor.py:176} INFO - Processing /home/airflow/.local/lib/python3.7/site-packages/airflow/example_dags/example_branch_python_dop_operator_3.py took 0.225 seconds
[2024-12-03T15:31:54.045+0000] {processor.py:154} INFO - Started process (PID=1671) to work on /home/airflow/.local/lib/python3.7/site-packages/airflow/example_dags/example_branch_python_dop_operator_3.py
[2024-12-03T15:31:54.046+0000] {processor.py:756} INFO - Processing file /home/airflow/.local/lib/python3.7/site-packages/airflow/example_dags/example_branch_python_dop_operator_3.py for tasks to queue
[2024-12-03T15:31:54.048+0000] {logging_mixin.py:120} INFO - [2024-12-03T15:31:54.047+0000] {dagbag.py:537} INFO - Filling up the DagBag from /home/airflow/.local/lib/python3.7/site-packages/airflow/example_dags/example_branch_python_dop_operator_3.py
[2024-12-03T15:31:54.080+0000] {processor.py:766} INFO - DAG(s) dict_keys(['example_branch_dop_operator_v3']) retrieved from /home/airflow/.local/lib/python3.7/site-packages/airflow/example_dags/example_branch_python_dop_operator_3.py
[2024-12-03T15:31:54.138+0000] {logging_mixin.py:120} INFO - [2024-12-03T15:31:54.138+0000] {dag.py:2585} INFO - Sync 1 DAGs
[2024-12-03T15:31:54.190+0000] {logging_mixin.py:120} INFO - [2024-12-03T15:31:54.190+0000] {dag.py:3340} INFO - Setting next_dagrun for example_branch_dop_operator_v3 to 2024-12-03T15:30:00+00:00, run_after=2024-12-03T15:31:00+00:00
[2024-12-03T15:31:54.223+0000] {processor.py:176} INFO - Processing /home/airflow/.local/lib/python3.7/site-packages/airflow/example_dags/example_branch_python_dop_operator_3.py took 0.182 seconds
[2024-12-03T15:32:24.562+0000] {processor.py:154} INFO - Started process (PID=1735) to work on /home/airflow/.local/lib/python3.7/site-packages/airflow/example_dags/example_branch_python_dop_operator_3.py
[2024-12-03T15:32:24.563+0000] {processor.py:756} INFO - Processing file /home/airflow/.local/lib/python3.7/site-packages/airflow/example_dags/example_branch_python_dop_operator_3.py for tasks to queue
[2024-12-03T15:32:24.565+0000] {logging_mixin.py:120} INFO - [2024-12-03T15:32:24.564+0000] {dagbag.py:537} INFO - Filling up the DagBag from /home/airflow/.local/lib/python3.7/site-packages/airflow/example_dags/example_branch_python_dop_operator_3.py
[2024-12-03T15:32:24.594+0000] {processor.py:766} INFO - DAG(s) dict_keys(['example_branch_dop_operator_v3']) retrieved from /home/airflow/.local/lib/python3.7/site-packages/airflow/example_dags/example_branch_python_dop_operator_3.py
[2024-12-03T15:32:24.651+0000] {logging_mixin.py:120} INFO - [2024-12-03T15:32:24.651+0000] {dag.py:2585} INFO - Sync 1 DAGs
[2024-12-03T15:32:24.693+0000] {logging_mixin.py:120} INFO - [2024-12-03T15:32:24.693+0000] {dag.py:3340} INFO - Setting next_dagrun for example_branch_dop_operator_v3 to 2024-12-03T15:31:00+00:00, run_after=2024-12-03T15:32:00+00:00
[2024-12-03T15:32:24.743+0000] {processor.py:176} INFO - Processing /home/airflow/.local/lib/python3.7/site-packages/airflow/example_dags/example_branch_python_dop_operator_3.py took 0.184 seconds
[2024-12-03T15:32:55.718+0000] {processor.py:154} INFO - Started process (PID=1790) to work on /home/airflow/.local/lib/python3.7/site-packages/airflow/example_dags/example_branch_python_dop_operator_3.py
[2024-12-03T15:32:55.723+0000] {processor.py:756} INFO - Processing file /home/airflow/.local/lib/python3.7/site-packages/airflow/example_dags/example_branch_python_dop_operator_3.py for tasks to queue
[2024-12-03T15:32:55.726+0000] {logging_mixin.py:120} INFO - [2024-12-03T15:32:55.725+0000] {dagbag.py:537} INFO - Filling up the DagBag from /home/airflow/.local/lib/python3.7/site-packages/airflow/example_dags/example_branch_python_dop_operator_3.py
[2024-12-03T15:32:55.773+0000] {processor.py:766} INFO - DAG(s) dict_keys(['example_branch_dop_operator_v3']) retrieved from /home/airflow/.local/lib/python3.7/site-packages/airflow/example_dags/example_branch_python_dop_operator_3.py
[2024-12-03T15:32:55.846+0000] {logging_mixin.py:120} INFO - [2024-12-03T15:32:55.845+0000] {dag.py:2585} INFO - Sync 1 DAGs
[2024-12-03T15:32:55.897+0000] {logging_mixin.py:120} INFO - [2024-12-03T15:32:55.897+0000] {dag.py:3340} INFO - Setting next_dagrun for example_branch_dop_operator_v3 to 2024-12-03T15:31:00+00:00, run_after=2024-12-03T15:32:00+00:00
[2024-12-03T15:32:55.946+0000] {processor.py:176} INFO - Processing /home/airflow/.local/lib/python3.7/site-packages/airflow/example_dags/example_branch_python_dop_operator_3.py took 0.234 seconds
[2024-12-03T15:33:26.230+0000] {processor.py:154} INFO - Started process (PID=1854) to work on /home/airflow/.local/lib/python3.7/site-packages/airflow/example_dags/example_branch_python_dop_operator_3.py
[2024-12-03T15:33:26.231+0000] {processor.py:756} INFO - Processing file /home/airflow/.local/lib/python3.7/site-packages/airflow/example_dags/example_branch_python_dop_operator_3.py for tasks to queue
[2024-12-03T15:33:26.233+0000] {logging_mixin.py:120} INFO - [2024-12-03T15:33:26.233+0000] {dagbag.py:537} INFO - Filling up the DagBag from /home/airflow/.local/lib/python3.7/site-packages/airflow/example_dags/example_branch_python_dop_operator_3.py
[2024-12-03T15:33:26.272+0000] {processor.py:766} INFO - DAG(s) dict_keys(['example_branch_dop_operator_v3']) retrieved from /home/airflow/.local/lib/python3.7/site-packages/airflow/example_dags/example_branch_python_dop_operator_3.py
[2024-12-03T15:33:26.338+0000] {logging_mixin.py:120} INFO - [2024-12-03T15:33:26.338+0000] {dag.py:2585} INFO - Sync 1 DAGs
[2024-12-03T15:33:26.400+0000] {logging_mixin.py:120} INFO - [2024-12-03T15:33:26.400+0000] {dag.py:3340} INFO - Setting next_dagrun for example_branch_dop_operator_v3 to 2024-12-03T15:32:00+00:00, run_after=2024-12-03T15:33:00+00:00
[2024-12-03T15:33:26.459+0000] {processor.py:176} INFO - Processing /home/airflow/.local/lib/python3.7/site-packages/airflow/example_dags/example_branch_python_dop_operator_3.py took 0.233 seconds
[2024-12-03T15:33:56.742+0000] {processor.py:154} INFO - Started process (PID=1909) to work on /home/airflow/.local/lib/python3.7/site-packages/airflow/example_dags/example_branch_python_dop_operator_3.py
[2024-12-03T15:33:56.744+0000] {processor.py:756} INFO - Processing file /home/airflow/.local/lib/python3.7/site-packages/airflow/example_dags/example_branch_python_dop_operator_3.py for tasks to queue
[2024-12-03T15:33:56.746+0000] {logging_mixin.py:120} INFO - [2024-12-03T15:33:56.746+0000] {dagbag.py:537} INFO - Filling up the DagBag from /home/airflow/.local/lib/python3.7/site-packages/airflow/example_dags/example_branch_python_dop_operator_3.py
[2024-12-03T15:33:56.780+0000] {processor.py:766} INFO - DAG(s) dict_keys(['example_branch_dop_operator_v3']) retrieved from /home/airflow/.local/lib/python3.7/site-packages/airflow/example_dags/example_branch_python_dop_operator_3.py
[2024-12-03T15:33:56.851+0000] {logging_mixin.py:120} INFO - [2024-12-03T15:33:56.851+0000] {dag.py:2585} INFO - Sync 1 DAGs
[2024-12-03T15:33:56.913+0000] {logging_mixin.py:120} INFO - [2024-12-03T15:33:56.913+0000] {dag.py:3340} INFO - Setting next_dagrun for example_branch_dop_operator_v3 to 2024-12-03T15:32:00+00:00, run_after=2024-12-03T15:33:00+00:00
[2024-12-03T15:33:56.977+0000] {processor.py:176} INFO - Processing /home/airflow/.local/lib/python3.7/site-packages/airflow/example_dags/example_branch_python_dop_operator_3.py took 0.239 seconds
[2024-12-03T15:34:27.291+0000] {processor.py:154} INFO - Started process (PID=1973) to work on /home/airflow/.local/lib/python3.7/site-packages/airflow/example_dags/example_branch_python_dop_operator_3.py
[2024-12-03T15:34:27.293+0000] {processor.py:756} INFO - Processing file /home/airflow/.local/lib/python3.7/site-packages/airflow/example_dags/example_branch_python_dop_operator_3.py for tasks to queue
[2024-12-03T15:34:27.294+0000] {logging_mixin.py:120} INFO - [2024-12-03T15:34:27.294+0000] {dagbag.py:537} INFO - Filling up the DagBag from /home/airflow/.local/lib/python3.7/site-packages/airflow/example_dags/example_branch_python_dop_operator_3.py
[2024-12-03T15:34:27.321+0000] {processor.py:766} INFO - DAG(s) dict_keys(['example_branch_dop_operator_v3']) retrieved from /home/airflow/.local/lib/python3.7/site-packages/airflow/example_dags/example_branch_python_dop_operator_3.py
[2024-12-03T15:34:27.382+0000] {logging_mixin.py:120} INFO - [2024-12-03T15:34:27.382+0000] {dag.py:2585} INFO - Sync 1 DAGs
[2024-12-03T15:34:27.428+0000] {logging_mixin.py:120} INFO - [2024-12-03T15:34:27.427+0000] {dag.py:3340} INFO - Setting next_dagrun for example_branch_dop_operator_v3 to 2024-12-03T15:33:00+00:00, run_after=2024-12-03T15:34:00+00:00
[2024-12-03T15:34:27.478+0000] {processor.py:176} INFO - Processing /home/airflow/.local/lib/python3.7/site-packages/airflow/example_dags/example_branch_python_dop_operator_3.py took 0.190 seconds
[2024-12-03T15:34:57.810+0000] {processor.py:154} INFO - Started process (PID=2028) to work on /home/airflow/.local/lib/python3.7/site-packages/airflow/example_dags/example_branch_python_dop_operator_3.py
[2024-12-03T15:34:57.811+0000] {processor.py:756} INFO - Processing file /home/airflow/.local/lib/python3.7/site-packages/airflow/example_dags/example_branch_python_dop_operator_3.py for tasks to queue
[2024-12-03T15:34:57.813+0000] {logging_mixin.py:120} INFO - [2024-12-03T15:34:57.813+0000] {dagbag.py:537} INFO - Filling up the DagBag from /home/airflow/.local/lib/python3.7/site-packages/airflow/example_dags/example_branch_python_dop_operator_3.py
[2024-12-03T15:34:57.862+0000] {processor.py:766} INFO - DAG(s) dict_keys(['example_branch_dop_operator_v3']) retrieved from /home/airflow/.local/lib/python3.7/site-packages/airflow/example_dags/example_branch_python_dop_operator_3.py
[2024-12-03T15:34:57.945+0000] {logging_mixin.py:120} INFO - [2024-12-03T15:34:57.944+0000] {dag.py:2585} INFO - Sync 1 DAGs
[2024-12-03T15:34:58.008+0000] {logging_mixin.py:120} INFO - [2024-12-03T15:34:58.008+0000] {dag.py:3340} INFO - Setting next_dagrun for example_branch_dop_operator_v3 to 2024-12-03T15:33:00+00:00, run_after=2024-12-03T15:34:00+00:00
[2024-12-03T15:34:58.047+0000] {processor.py:176} INFO - Processing /home/airflow/.local/lib/python3.7/site-packages/airflow/example_dags/example_branch_python_dop_operator_3.py took 0.241 seconds
[2024-12-03T15:35:28.376+0000] {processor.py:154} INFO - Started process (PID=2091) to work on /home/airflow/.local/lib/python3.7/site-packages/airflow/example_dags/example_branch_python_dop_operator_3.py
[2024-12-03T15:35:28.378+0000] {processor.py:756} INFO - Processing file /home/airflow/.local/lib/python3.7/site-packages/airflow/example_dags/example_branch_python_dop_operator_3.py for tasks to queue
[2024-12-03T15:35:28.380+0000] {logging_mixin.py:120} INFO - [2024-12-03T15:35:28.380+0000] {dagbag.py:537} INFO - Filling up the DagBag from /home/airflow/.local/lib/python3.7/site-packages/airflow/example_dags/example_branch_python_dop_operator_3.py
[2024-12-03T15:35:28.419+0000] {processor.py:766} INFO - DAG(s) dict_keys(['example_branch_dop_operator_v3']) retrieved from /home/airflow/.local/lib/python3.7/site-packages/airflow/example_dags/example_branch_python_dop_operator_3.py
[2024-12-03T15:35:28.493+0000] {logging_mixin.py:120} INFO - [2024-12-03T15:35:28.492+0000] {dag.py:2585} INFO - Sync 1 DAGs
[2024-12-03T15:35:28.542+0000] {logging_mixin.py:120} INFO - [2024-12-03T15:35:28.541+0000] {dag.py:3340} INFO - Setting next_dagrun for example_branch_dop_operator_v3 to 2024-12-03T15:34:00+00:00, run_after=2024-12-03T15:35:00+00:00
[2024-12-03T15:35:28.602+0000] {processor.py:176} INFO - Processing /home/airflow/.local/lib/python3.7/site-packages/airflow/example_dags/example_branch_python_dop_operator_3.py took 0.229 seconds
[2024-12-03T15:35:59.474+0000] {processor.py:154} INFO - Started process (PID=2146) to work on /home/airflow/.local/lib/python3.7/site-packages/airflow/example_dags/example_branch_python_dop_operator_3.py
[2024-12-03T15:35:59.476+0000] {processor.py:756} INFO - Processing file /home/airflow/.local/lib/python3.7/site-packages/airflow/example_dags/example_branch_python_dop_operator_3.py for tasks to queue
[2024-12-03T15:35:59.479+0000] {logging_mixin.py:120} INFO - [2024-12-03T15:35:59.478+0000] {dagbag.py:537} INFO - Filling up the DagBag from /home/airflow/.local/lib/python3.7/site-packages/airflow/example_dags/example_branch_python_dop_operator_3.py
[2024-12-03T15:35:59.520+0000] {processor.py:766} INFO - DAG(s) dict_keys(['example_branch_dop_operator_v3']) retrieved from /home/airflow/.local/lib/python3.7/site-packages/airflow/example_dags/example_branch_python_dop_operator_3.py
[2024-12-03T15:35:59.591+0000] {logging_mixin.py:120} INFO - [2024-12-03T15:35:59.591+0000] {dag.py:2585} INFO - Sync 1 DAGs
[2024-12-03T15:35:59.648+0000] {logging_mixin.py:120} INFO - [2024-12-03T15:35:59.648+0000] {dag.py:3340} INFO - Setting next_dagrun for example_branch_dop_operator_v3 to 2024-12-03T15:34:00+00:00, run_after=2024-12-03T15:35:00+00:00
[2024-12-03T15:35:59.705+0000] {processor.py:176} INFO - Processing /home/airflow/.local/lib/python3.7/site-packages/airflow/example_dags/example_branch_python_dop_operator_3.py took 0.236 seconds
[2024-12-03T15:36:30.051+0000] {processor.py:154} INFO - Started process (PID=2211) to work on /home/airflow/.local/lib/python3.7/site-packages/airflow/example_dags/example_branch_python_dop_operator_3.py
[2024-12-03T15:36:30.053+0000] {processor.py:756} INFO - Processing file /home/airflow/.local/lib/python3.7/site-packages/airflow/example_dags/example_branch_python_dop_operator_3.py for tasks to queue
[2024-12-03T15:36:30.055+0000] {logging_mixin.py:120} INFO - [2024-12-03T15:36:30.054+0000] {dagbag.py:537} INFO - Filling up the DagBag from /home/airflow/.local/lib/python3.7/site-packages/airflow/example_dags/example_branch_python_dop_operator_3.py
[2024-12-03T15:36:30.105+0000] {processor.py:766} INFO - DAG(s) dict_keys(['example_branch_dop_operator_v3']) retrieved from /home/airflow/.local/lib/python3.7/site-packages/airflow/example_dags/example_branch_python_dop_operator_3.py
[2024-12-03T15:36:30.199+0000] {logging_mixin.py:120} INFO - [2024-12-03T15:36:30.199+0000] {dag.py:2585} INFO - Sync 1 DAGs
[2024-12-03T15:36:30.281+0000] {logging_mixin.py:120} INFO - [2024-12-03T15:36:30.280+0000] {dag.py:3340} INFO - Setting next_dagrun for example_branch_dop_operator_v3 to 2024-12-03T15:35:00+00:00, run_after=2024-12-03T15:36:00+00:00
[2024-12-03T15:36:30.331+0000] {processor.py:176} INFO - Processing /home/airflow/.local/lib/python3.7/site-packages/airflow/example_dags/example_branch_python_dop_operator_3.py took 0.287 seconds
[2024-12-03T15:37:00.647+0000] {processor.py:154} INFO - Started process (PID=2267) to work on /home/airflow/.local/lib/python3.7/site-packages/airflow/example_dags/example_branch_python_dop_operator_3.py
[2024-12-03T15:37:00.649+0000] {processor.py:756} INFO - Processing file /home/airflow/.local/lib/python3.7/site-packages/airflow/example_dags/example_branch_python_dop_operator_3.py for tasks to queue
[2024-12-03T15:37:00.651+0000] {logging_mixin.py:120} INFO - [2024-12-03T15:37:00.651+0000] {dagbag.py:537} INFO - Filling up the DagBag from /home/airflow/.local/lib/python3.7/site-packages/airflow/example_dags/example_branch_python_dop_operator_3.py
[2024-12-03T15:37:00.690+0000] {processor.py:766} INFO - DAG(s) dict_keys(['example_branch_dop_operator_v3']) retrieved from /home/airflow/.local/lib/python3.7/site-packages/airflow/example_dags/example_branch_python_dop_operator_3.py
[2024-12-03T15:37:00.757+0000] {logging_mixin.py:120} INFO - [2024-12-03T15:37:00.757+0000] {dag.py:2585} INFO - Sync 1 DAGs
[2024-12-03T15:37:00.808+0000] {logging_mixin.py:120} INFO - [2024-12-03T15:37:00.808+0000] {dag.py:3340} INFO - Setting next_dagrun for example_branch_dop_operator_v3 to 2024-12-03T15:36:00+00:00, run_after=2024-12-03T15:37:00+00:00
[2024-12-03T15:37:00.852+0000] {processor.py:176} INFO - Processing /home/airflow/.local/lib/python3.7/site-packages/airflow/example_dags/example_branch_python_dop_operator_3.py took 0.209 seconds
[2024-12-03T15:37:31.447+0000] {processor.py:154} INFO - Started process (PID=2322) to work on /home/airflow/.local/lib/python3.7/site-packages/airflow/example_dags/example_branch_python_dop_operator_3.py
[2024-12-03T15:37:31.449+0000] {processor.py:756} INFO - Processing file /home/airflow/.local/lib/python3.7/site-packages/airflow/example_dags/example_branch_python_dop_operator_3.py for tasks to queue
[2024-12-03T15:37:31.451+0000] {logging_mixin.py:120} INFO - [2024-12-03T15:37:31.451+0000] {dagbag.py:537} INFO - Filling up the DagBag from /home/airflow/.local/lib/python3.7/site-packages/airflow/example_dags/example_branch_python_dop_operator_3.py
[2024-12-03T15:37:31.499+0000] {processor.py:766} INFO - DAG(s) dict_keys(['example_branch_dop_operator_v3']) retrieved from /home/airflow/.local/lib/python3.7/site-packages/airflow/example_dags/example_branch_python_dop_operator_3.py
[2024-12-03T15:37:31.584+0000] {logging_mixin.py:120} INFO - [2024-12-03T15:37:31.584+0000] {dag.py:2585} INFO - Sync 1 DAGs
[2024-12-03T15:37:31.643+0000] {logging_mixin.py:120} INFO - [2024-12-03T15:37:31.643+0000] {dag.py:3340} INFO - Setting next_dagrun for example_branch_dop_operator_v3 to 2024-12-03T15:36:00+00:00, run_after=2024-12-03T15:37:00+00:00
[2024-12-03T15:37:31.703+0000] {processor.py:176} INFO - Processing /home/airflow/.local/lib/python3.7/site-packages/airflow/example_dags/example_branch_python_dop_operator_3.py took 0.264 seconds
[2024-12-03T15:38:02.228+0000] {processor.py:154} INFO - Started process (PID=2386) to work on /home/airflow/.local/lib/python3.7/site-packages/airflow/example_dags/example_branch_python_dop_operator_3.py
[2024-12-03T15:38:02.230+0000] {processor.py:756} INFO - Processing file /home/airflow/.local/lib/python3.7/site-packages/airflow/example_dags/example_branch_python_dop_operator_3.py for tasks to queue
[2024-12-03T15:38:02.232+0000] {logging_mixin.py:120} INFO - [2024-12-03T15:38:02.231+0000] {dagbag.py:537} INFO - Filling up the DagBag from /home/airflow/.local/lib/python3.7/site-packages/airflow/example_dags/example_branch_python_dop_operator_3.py
[2024-12-03T15:38:02.270+0000] {processor.py:766} INFO - DAG(s) dict_keys(['example_branch_dop_operator_v3']) retrieved from /home/airflow/.local/lib/python3.7/site-packages/airflow/example_dags/example_branch_python_dop_operator_3.py
[2024-12-03T15:38:02.333+0000] {logging_mixin.py:120} INFO - [2024-12-03T15:38:02.333+0000] {dag.py:2585} INFO - Sync 1 DAGs
[2024-12-03T15:38:02.384+0000] {logging_mixin.py:120} INFO - [2024-12-03T15:38:02.383+0000] {dag.py:3340} INFO - Setting next_dagrun for example_branch_dop_operator_v3 to 2024-12-03T15:37:00+00:00, run_after=2024-12-03T15:38:00+00:00
[2024-12-03T15:38:02.426+0000] {processor.py:176} INFO - Processing /home/airflow/.local/lib/python3.7/site-packages/airflow/example_dags/example_branch_python_dop_operator_3.py took 0.203 seconds
[2024-12-03T15:38:32.698+0000] {processor.py:154} INFO - Started process (PID=2441) to work on /home/airflow/.local/lib/python3.7/site-packages/airflow/example_dags/example_branch_python_dop_operator_3.py
[2024-12-03T15:38:32.700+0000] {processor.py:756} INFO - Processing file /home/airflow/.local/lib/python3.7/site-packages/airflow/example_dags/example_branch_python_dop_operator_3.py for tasks to queue
[2024-12-03T15:38:32.703+0000] {logging_mixin.py:120} INFO - [2024-12-03T15:38:32.703+0000] {dagbag.py:537} INFO - Filling up the DagBag from /home/airflow/.local/lib/python3.7/site-packages/airflow/example_dags/example_branch_python_dop_operator_3.py
[2024-12-03T15:38:32.749+0000] {processor.py:766} INFO - DAG(s) dict_keys(['example_branch_dop_operator_v3']) retrieved from /home/airflow/.local/lib/python3.7/site-packages/airflow/example_dags/example_branch_python_dop_operator_3.py
[2024-12-03T15:38:32.823+0000] {logging_mixin.py:120} INFO - [2024-12-03T15:38:32.823+0000] {dag.py:2585} INFO - Sync 1 DAGs
[2024-12-03T15:38:32.878+0000] {logging_mixin.py:120} INFO - [2024-12-03T15:38:32.877+0000] {dag.py:3340} INFO - Setting next_dagrun for example_branch_dop_operator_v3 to 2024-12-03T15:37:00+00:00, run_after=2024-12-03T15:38:00+00:00
[2024-12-03T15:38:32.937+0000] {processor.py:176} INFO - Processing /home/airflow/.local/lib/python3.7/site-packages/airflow/example_dags/example_branch_python_dop_operator_3.py took 0.245 seconds
[2024-12-03T15:39:03.283+0000] {processor.py:154} INFO - Started process (PID=2505) to work on /home/airflow/.local/lib/python3.7/site-packages/airflow/example_dags/example_branch_python_dop_operator_3.py
[2024-12-03T15:39:03.285+0000] {processor.py:756} INFO - Processing file /home/airflow/.local/lib/python3.7/site-packages/airflow/example_dags/example_branch_python_dop_operator_3.py for tasks to queue
[2024-12-03T15:39:03.287+0000] {logging_mixin.py:120} INFO - [2024-12-03T15:39:03.287+0000] {dagbag.py:537} INFO - Filling up the DagBag from /home/airflow/.local/lib/python3.7/site-packages/airflow/example_dags/example_branch_python_dop_operator_3.py
[2024-12-03T15:39:03.322+0000] {processor.py:766} INFO - DAG(s) dict_keys(['example_branch_dop_operator_v3']) retrieved from /home/airflow/.local/lib/python3.7/site-packages/airflow/example_dags/example_branch_python_dop_operator_3.py
[2024-12-03T15:39:03.387+0000] {logging_mixin.py:120} INFO - [2024-12-03T15:39:03.386+0000] {dag.py:2585} INFO - Sync 1 DAGs
[2024-12-03T15:39:03.435+0000] {logging_mixin.py:120} INFO - [2024-12-03T15:39:03.435+0000] {dag.py:3340} INFO - Setting next_dagrun for example_branch_dop_operator_v3 to 2024-12-03T15:38:00+00:00, run_after=2024-12-03T15:39:00+00:00
[2024-12-03T15:39:03.481+0000] {processor.py:176} INFO - Processing /home/airflow/.local/lib/python3.7/site-packages/airflow/example_dags/example_branch_python_dop_operator_3.py took 0.202 seconds
[2024-12-03T15:39:34.325+0000] {processor.py:154} INFO - Started process (PID=2560) to work on /home/airflow/.local/lib/python3.7/site-packages/airflow/example_dags/example_branch_python_dop_operator_3.py
[2024-12-03T15:39:34.326+0000] {processor.py:756} INFO - Processing file /home/airflow/.local/lib/python3.7/site-packages/airflow/example_dags/example_branch_python_dop_operator_3.py for tasks to queue
[2024-12-03T15:39:34.329+0000] {logging_mixin.py:120} INFO - [2024-12-03T15:39:34.328+0000] {dagbag.py:537} INFO - Filling up the DagBag from /home/airflow/.local/lib/python3.7/site-packages/airflow/example_dags/example_branch_python_dop_operator_3.py
[2024-12-03T15:39:34.375+0000] {processor.py:766} INFO - DAG(s) dict_keys(['example_branch_dop_operator_v3']) retrieved from /home/airflow/.local/lib/python3.7/site-packages/airflow/example_dags/example_branch_python_dop_operator_3.py
[2024-12-03T15:39:34.448+0000] {logging_mixin.py:120} INFO - [2024-12-03T15:39:34.448+0000] {dag.py:2585} INFO - Sync 1 DAGs
[2024-12-03T15:39:34.494+0000] {logging_mixin.py:120} INFO - [2024-12-03T15:39:34.493+0000] {dag.py:3340} INFO - Setting next_dagrun for example_branch_dop_operator_v3 to 2024-12-03T15:38:00+00:00, run_after=2024-12-03T15:39:00+00:00
[2024-12-03T15:39:34.538+0000] {processor.py:176} INFO - Processing /home/airflow/.local/lib/python3.7/site-packages/airflow/example_dags/example_branch_python_dop_operator_3.py took 0.218 seconds
[2024-12-03T15:40:04.696+0000] {processor.py:154} INFO - Started process (PID=2624) to work on /home/airflow/.local/lib/python3.7/site-packages/airflow/example_dags/example_branch_python_dop_operator_3.py
[2024-12-03T15:40:04.698+0000] {processor.py:756} INFO - Processing file /home/airflow/.local/lib/python3.7/site-packages/airflow/example_dags/example_branch_python_dop_operator_3.py for tasks to queue
[2024-12-03T15:40:04.700+0000] {logging_mixin.py:120} INFO - [2024-12-03T15:40:04.700+0000] {dagbag.py:537} INFO - Filling up the DagBag from /home/airflow/.local/lib/python3.7/site-packages/airflow/example_dags/example_branch_python_dop_operator_3.py
[2024-12-03T15:40:04.752+0000] {processor.py:766} INFO - DAG(s) dict_keys(['example_branch_dop_operator_v3']) retrieved from /home/airflow/.local/lib/python3.7/site-packages/airflow/example_dags/example_branch_python_dop_operator_3.py
[2024-12-03T15:40:04.831+0000] {logging_mixin.py:120} INFO - [2024-12-03T15:40:04.831+0000] {dag.py:2585} INFO - Sync 1 DAGs
[2024-12-03T15:40:04.891+0000] {logging_mixin.py:120} INFO - [2024-12-03T15:40:04.891+0000] {dag.py:3340} INFO - Setting next_dagrun for example_branch_dop_operator_v3 to 2024-12-03T15:39:00+00:00, run_after=2024-12-03T15:40:00+00:00
[2024-12-03T15:40:04.955+0000] {processor.py:176} INFO - Processing /home/airflow/.local/lib/python3.7/site-packages/airflow/example_dags/example_branch_python_dop_operator_3.py took 0.266 seconds
[2024-12-03T15:40:35.475+0000] {processor.py:154} INFO - Started process (PID=2679) to work on /home/airflow/.local/lib/python3.7/site-packages/airflow/example_dags/example_branch_python_dop_operator_3.py
[2024-12-03T15:40:35.477+0000] {processor.py:756} INFO - Processing file /home/airflow/.local/lib/python3.7/site-packages/airflow/example_dags/example_branch_python_dop_operator_3.py for tasks to queue
[2024-12-03T15:40:35.480+0000] {logging_mixin.py:120} INFO - [2024-12-03T15:40:35.480+0000] {dagbag.py:537} INFO - Filling up the DagBag from /home/airflow/.local/lib/python3.7/site-packages/airflow/example_dags/example_branch_python_dop_operator_3.py
[2024-12-03T15:40:35.529+0000] {processor.py:766} INFO - DAG(s) dict_keys(['example_branch_dop_operator_v3']) retrieved from /home/airflow/.local/lib/python3.7/site-packages/airflow/example_dags/example_branch_python_dop_operator_3.py
[2024-12-03T15:40:35.610+0000] {logging_mixin.py:120} INFO - [2024-12-03T15:40:35.610+0000] {dag.py:2585} INFO - Sync 1 DAGs
[2024-12-03T15:40:35.664+0000] {logging_mixin.py:120} INFO - [2024-12-03T15:40:35.663+0000] {dag.py:3340} INFO - Setting next_dagrun for example_branch_dop_operator_v3 to 2024-12-03T15:39:00+00:00, run_after=2024-12-03T15:40:00+00:00
[2024-12-03T15:40:35.715+0000] {processor.py:176} INFO - Processing /home/airflow/.local/lib/python3.7/site-packages/airflow/example_dags/example_branch_python_dop_operator_3.py took 0.244 seconds
[2024-12-03T15:41:06.360+0000] {processor.py:154} INFO - Started process (PID=2743) to work on /home/airflow/.local/lib/python3.7/site-packages/airflow/example_dags/example_branch_python_dop_operator_3.py
[2024-12-03T15:41:06.362+0000] {processor.py:756} INFO - Processing file /home/airflow/.local/lib/python3.7/site-packages/airflow/example_dags/example_branch_python_dop_operator_3.py for tasks to queue
[2024-12-03T15:41:06.364+0000] {logging_mixin.py:120} INFO - [2024-12-03T15:41:06.363+0000] {dagbag.py:537} INFO - Filling up the DagBag from /home/airflow/.local/lib/python3.7/site-packages/airflow/example_dags/example_branch_python_dop_operator_3.py
[2024-12-03T15:41:06.408+0000] {processor.py:766} INFO - DAG(s) dict_keys(['example_branch_dop_operator_v3']) retrieved from /home/airflow/.local/lib/python3.7/site-packages/airflow/example_dags/example_branch_python_dop_operator_3.py
[2024-12-03T15:41:06.493+0000] {logging_mixin.py:120} INFO - [2024-12-03T15:41:06.492+0000] {dag.py:2585} INFO - Sync 1 DAGs
[2024-12-03T15:41:06.555+0000] {logging_mixin.py:120} INFO - [2024-12-03T15:41:06.555+0000] {dag.py:3340} INFO - Setting next_dagrun for example_branch_dop_operator_v3 to 2024-12-03T15:40:00+00:00, run_after=2024-12-03T15:41:00+00:00
[2024-12-03T15:41:06.605+0000] {processor.py:176} INFO - Processing /home/airflow/.local/lib/python3.7/site-packages/airflow/example_dags/example_branch_python_dop_operator_3.py took 0.249 seconds
[2024-12-03T15:41:37.045+0000] {processor.py:154} INFO - Started process (PID=2798) to work on /home/airflow/.local/lib/python3.7/site-packages/airflow/example_dags/example_branch_python_dop_operator_3.py
[2024-12-03T15:41:37.047+0000] {processor.py:756} INFO - Processing file /home/airflow/.local/lib/python3.7/site-packages/airflow/example_dags/example_branch_python_dop_operator_3.py for tasks to queue
[2024-12-03T15:41:37.049+0000] {logging_mixin.py:120} INFO - [2024-12-03T15:41:37.049+0000] {dagbag.py:537} INFO - Filling up the DagBag from /home/airflow/.local/lib/python3.7/site-packages/airflow/example_dags/example_branch_python_dop_operator_3.py
[2024-12-03T15:41:37.094+0000] {processor.py:766} INFO - DAG(s) dict_keys(['example_branch_dop_operator_v3']) retrieved from /home/airflow/.local/lib/python3.7/site-packages/airflow/example_dags/example_branch_python_dop_operator_3.py
[2024-12-03T15:41:37.174+0000] {logging_mixin.py:120} INFO - [2024-12-03T15:41:37.173+0000] {dag.py:2585} INFO - Sync 1 DAGs
[2024-12-03T15:41:37.233+0000] {logging_mixin.py:120} INFO - [2024-12-03T15:41:37.233+0000] {dag.py:3340} INFO - Setting next_dagrun for example_branch_dop_operator_v3 to 2024-12-03T15:40:00+00:00, run_after=2024-12-03T15:41:00+00:00
[2024-12-03T15:41:37.274+0000] {processor.py:176} INFO - Processing /home/airflow/.local/lib/python3.7/site-packages/airflow/example_dags/example_branch_python_dop_operator_3.py took 0.233 seconds
[2024-12-03T15:42:07.721+0000] {processor.py:154} INFO - Started process (PID=2860) to work on /home/airflow/.local/lib/python3.7/site-packages/airflow/example_dags/example_branch_python_dop_operator_3.py
[2024-12-03T15:42:07.724+0000] {processor.py:756} INFO - Processing file /home/airflow/.local/lib/python3.7/site-packages/airflow/example_dags/example_branch_python_dop_operator_3.py for tasks to queue
[2024-12-03T15:42:07.727+0000] {logging_mixin.py:120} INFO - [2024-12-03T15:42:07.726+0000] {dagbag.py:537} INFO - Filling up the DagBag from /home/airflow/.local/lib/python3.7/site-packages/airflow/example_dags/example_branch_python_dop_operator_3.py
[2024-12-03T15:42:07.782+0000] {processor.py:766} INFO - DAG(s) dict_keys(['example_branch_dop_operator_v3']) retrieved from /home/airflow/.local/lib/python3.7/site-packages/airflow/example_dags/example_branch_python_dop_operator_3.py
[2024-12-03T15:42:07.873+0000] {logging_mixin.py:120} INFO - [2024-12-03T15:42:07.872+0000] {dag.py:2585} INFO - Sync 1 DAGs
[2024-12-03T15:42:07.942+0000] {logging_mixin.py:120} INFO - [2024-12-03T15:42:07.942+0000] {dag.py:3340} INFO - Setting next_dagrun for example_branch_dop_operator_v3 to 2024-12-03T15:41:00+00:00, run_after=2024-12-03T15:42:00+00:00
[2024-12-03T15:42:08.009+0000] {processor.py:176} INFO - Processing /home/airflow/.local/lib/python3.7/site-packages/airflow/example_dags/example_branch_python_dop_operator_3.py took 0.293 seconds
[2024-12-03T15:42:38.763+0000] {processor.py:154} INFO - Started process (PID=2917) to work on /home/airflow/.local/lib/python3.7/site-packages/airflow/example_dags/example_branch_python_dop_operator_3.py
[2024-12-03T15:42:38.764+0000] {processor.py:756} INFO - Processing file /home/airflow/.local/lib/python3.7/site-packages/airflow/example_dags/example_branch_python_dop_operator_3.py for tasks to queue
[2024-12-03T15:42:38.766+0000] {logging_mixin.py:120} INFO - [2024-12-03T15:42:38.765+0000] {dagbag.py:537} INFO - Filling up the DagBag from /home/airflow/.local/lib/python3.7/site-packages/airflow/example_dags/example_branch_python_dop_operator_3.py
[2024-12-03T15:42:38.792+0000] {processor.py:766} INFO - DAG(s) dict_keys(['example_branch_dop_operator_v3']) retrieved from /home/airflow/.local/lib/python3.7/site-packages/airflow/example_dags/example_branch_python_dop_operator_3.py
[2024-12-03T15:42:38.853+0000] {logging_mixin.py:120} INFO - [2024-12-03T15:42:38.853+0000] {dag.py:2585} INFO - Sync 1 DAGs
[2024-12-03T15:42:38.901+0000] {logging_mixin.py:120} INFO - [2024-12-03T15:42:38.901+0000] {dag.py:3340} INFO - Setting next_dagrun for example_branch_dop_operator_v3 to 2024-12-03T15:41:00+00:00, run_after=2024-12-03T15:42:00+00:00
[2024-12-03T15:42:38.938+0000] {processor.py:176} INFO - Processing /home/airflow/.local/lib/python3.7/site-packages/airflow/example_dags/example_branch_python_dop_operator_3.py took 0.179 seconds
[2024-12-03T15:43:09.264+0000] {processor.py:154} INFO - Started process (PID=2972) to work on /home/airflow/.local/lib/python3.7/site-packages/airflow/example_dags/example_branch_python_dop_operator_3.py
[2024-12-03T15:43:09.266+0000] {processor.py:756} INFO - Processing file /home/airflow/.local/lib/python3.7/site-packages/airflow/example_dags/example_branch_python_dop_operator_3.py for tasks to queue
[2024-12-03T15:43:09.267+0000] {logging_mixin.py:120} INFO - [2024-12-03T15:43:09.267+0000] {dagbag.py:537} INFO - Filling up the DagBag from /home/airflow/.local/lib/python3.7/site-packages/airflow/example_dags/example_branch_python_dop_operator_3.py
[2024-12-03T15:43:09.300+0000] {processor.py:766} INFO - DAG(s) dict_keys(['example_branch_dop_operator_v3']) retrieved from /home/airflow/.local/lib/python3.7/site-packages/airflow/example_dags/example_branch_python_dop_operator_3.py
[2024-12-03T15:43:09.407+0000] {logging_mixin.py:120} INFO - [2024-12-03T15:43:09.407+0000] {dag.py:2585} INFO - Sync 1 DAGs
[2024-12-03T15:43:09.482+0000] {logging_mixin.py:120} INFO - [2024-12-03T15:43:09.482+0000] {dag.py:3340} INFO - Setting next_dagrun for example_branch_dop_operator_v3 to 2024-12-03T15:42:00+00:00, run_after=2024-12-03T15:43:00+00:00
[2024-12-03T15:43:09.521+0000] {processor.py:176} INFO - Processing /home/airflow/.local/lib/python3.7/site-packages/airflow/example_dags/example_branch_python_dop_operator_3.py took 0.261 seconds
[2024-12-03T15:43:39.901+0000] {processor.py:154} INFO - Started process (PID=3037) to work on /home/airflow/.local/lib/python3.7/site-packages/airflow/example_dags/example_branch_python_dop_operator_3.py
[2024-12-03T15:43:39.902+0000] {processor.py:756} INFO - Processing file /home/airflow/.local/lib/python3.7/site-packages/airflow/example_dags/example_branch_python_dop_operator_3.py for tasks to queue
[2024-12-03T15:43:39.904+0000] {logging_mixin.py:120} INFO - [2024-12-03T15:43:39.904+0000] {dagbag.py:537} INFO - Filling up the DagBag from /home/airflow/.local/lib/python3.7/site-packages/airflow/example_dags/example_branch_python_dop_operator_3.py
[2024-12-03T15:43:39.934+0000] {processor.py:766} INFO - DAG(s) dict_keys(['example_branch_dop_operator_v3']) retrieved from /home/airflow/.local/lib/python3.7/site-packages/airflow/example_dags/example_branch_python_dop_operator_3.py
[2024-12-03T15:43:39.995+0000] {logging_mixin.py:120} INFO - [2024-12-03T15:43:39.994+0000] {dag.py:2585} INFO - Sync 1 DAGs
[2024-12-03T15:43:40.053+0000] {logging_mixin.py:120} INFO - [2024-12-03T15:43:40.052+0000] {dag.py:3340} INFO - Setting next_dagrun for example_branch_dop_operator_v3 to 2024-12-03T15:42:00+00:00, run_after=2024-12-03T15:43:00+00:00
[2024-12-03T15:43:40.093+0000] {processor.py:176} INFO - Processing /home/airflow/.local/lib/python3.7/site-packages/airflow/example_dags/example_branch_python_dop_operator_3.py took 0.196 seconds
[2024-12-03T15:44:11.069+0000] {processor.py:154} INFO - Started process (PID=3092) to work on /home/airflow/.local/lib/python3.7/site-packages/airflow/example_dags/example_branch_python_dop_operator_3.py
[2024-12-03T15:44:11.088+0000] {processor.py:756} INFO - Processing file /home/airflow/.local/lib/python3.7/site-packages/airflow/example_dags/example_branch_python_dop_operator_3.py for tasks to queue
[2024-12-03T15:44:11.092+0000] {logging_mixin.py:120} INFO - [2024-12-03T15:44:11.091+0000] {dagbag.py:537} INFO - Filling up the DagBag from /home/airflow/.local/lib/python3.7/site-packages/airflow/example_dags/example_branch_python_dop_operator_3.py
[2024-12-03T15:44:11.156+0000] {processor.py:766} INFO - DAG(s) dict_keys(['example_branch_dop_operator_v3']) retrieved from /home/airflow/.local/lib/python3.7/site-packages/airflow/example_dags/example_branch_python_dop_operator_3.py
[2024-12-03T15:44:11.330+0000] {logging_mixin.py:120} INFO - [2024-12-03T15:44:11.329+0000] {dag.py:2585} INFO - Sync 1 DAGs
[2024-12-03T15:44:11.406+0000] {logging_mixin.py:120} INFO - [2024-12-03T15:44:11.405+0000] {dag.py:3340} INFO - Setting next_dagrun for example_branch_dop_operator_v3 to 2024-12-03T15:43:00+00:00, run_after=2024-12-03T15:44:00+00:00
[2024-12-03T15:44:11.497+0000] {processor.py:176} INFO - Processing /home/airflow/.local/lib/python3.7/site-packages/airflow/example_dags/example_branch_python_dop_operator_3.py took 0.433 seconds
[2024-12-03T15:44:41.925+0000] {processor.py:154} INFO - Started process (PID=3156) to work on /home/airflow/.local/lib/python3.7/site-packages/airflow/example_dags/example_branch_python_dop_operator_3.py
[2024-12-03T15:44:41.927+0000] {processor.py:756} INFO - Processing file /home/airflow/.local/lib/python3.7/site-packages/airflow/example_dags/example_branch_python_dop_operator_3.py for tasks to queue
[2024-12-03T15:44:41.929+0000] {logging_mixin.py:120} INFO - [2024-12-03T15:44:41.928+0000] {dagbag.py:537} INFO - Filling up the DagBag from /home/airflow/.local/lib/python3.7/site-packages/airflow/example_dags/example_branch_python_dop_operator_3.py
[2024-12-03T15:44:41.969+0000] {processor.py:766} INFO - DAG(s) dict_keys(['example_branch_dop_operator_v3']) retrieved from /home/airflow/.local/lib/python3.7/site-packages/airflow/example_dags/example_branch_python_dop_operator_3.py
[2024-12-03T15:44:42.032+0000] {logging_mixin.py:120} INFO - [2024-12-03T15:44:42.032+0000] {dag.py:2585} INFO - Sync 1 DAGs
[2024-12-03T15:44:42.078+0000] {logging_mixin.py:120} INFO - [2024-12-03T15:44:42.078+0000] {dag.py:3340} INFO - Setting next_dagrun for example_branch_dop_operator_v3 to 2024-12-03T15:43:00+00:00, run_after=2024-12-03T15:44:00+00:00
[2024-12-03T15:44:42.113+0000] {processor.py:176} INFO - Processing /home/airflow/.local/lib/python3.7/site-packages/airflow/example_dags/example_branch_python_dop_operator_3.py took 0.193 seconds
[2024-12-03T15:45:12.374+0000] {processor.py:154} INFO - Started process (PID=3211) to work on /home/airflow/.local/lib/python3.7/site-packages/airflow/example_dags/example_branch_python_dop_operator_3.py
[2024-12-03T15:45:12.376+0000] {processor.py:756} INFO - Processing file /home/airflow/.local/lib/python3.7/site-packages/airflow/example_dags/example_branch_python_dop_operator_3.py for tasks to queue
[2024-12-03T15:45:12.378+0000] {logging_mixin.py:120} INFO - [2024-12-03T15:45:12.377+0000] {dagbag.py:537} INFO - Filling up the DagBag from /home/airflow/.local/lib/python3.7/site-packages/airflow/example_dags/example_branch_python_dop_operator_3.py
[2024-12-03T15:45:12.405+0000] {processor.py:766} INFO - DAG(s) dict_keys(['example_branch_dop_operator_v3']) retrieved from /home/airflow/.local/lib/python3.7/site-packages/airflow/example_dags/example_branch_python_dop_operator_3.py
[2024-12-03T15:45:12.458+0000] {logging_mixin.py:120} INFO - [2024-12-03T15:45:12.458+0000] {dag.py:2585} INFO - Sync 1 DAGs
[2024-12-03T15:45:12.499+0000] {logging_mixin.py:120} INFO - [2024-12-03T15:45:12.499+0000] {dag.py:3340} INFO - Setting next_dagrun for example_branch_dop_operator_v3 to 2024-12-03T15:44:00+00:00, run_after=2024-12-03T15:45:00+00:00
[2024-12-03T15:45:12.534+0000] {processor.py:176} INFO - Processing /home/airflow/.local/lib/python3.7/site-packages/airflow/example_dags/example_branch_python_dop_operator_3.py took 0.163 seconds
[2024-12-03T15:45:43.594+0000] {processor.py:154} INFO - Started process (PID=3275) to work on /home/airflow/.local/lib/python3.7/site-packages/airflow/example_dags/example_branch_python_dop_operator_3.py
[2024-12-03T15:45:43.597+0000] {processor.py:756} INFO - Processing file /home/airflow/.local/lib/python3.7/site-packages/airflow/example_dags/example_branch_python_dop_operator_3.py for tasks to queue
[2024-12-03T15:45:43.599+0000] {logging_mixin.py:120} INFO - [2024-12-03T15:45:43.599+0000] {dagbag.py:537} INFO - Filling up the DagBag from /home/airflow/.local/lib/python3.7/site-packages/airflow/example_dags/example_branch_python_dop_operator_3.py
[2024-12-03T15:45:43.645+0000] {processor.py:766} INFO - DAG(s) dict_keys(['example_branch_dop_operator_v3']) retrieved from /home/airflow/.local/lib/python3.7/site-packages/airflow/example_dags/example_branch_python_dop_operator_3.py
[2024-12-03T15:45:43.726+0000] {logging_mixin.py:120} INFO - [2024-12-03T15:45:43.726+0000] {dag.py:2585} INFO - Sync 1 DAGs
[2024-12-03T15:45:43.789+0000] {logging_mixin.py:120} INFO - [2024-12-03T15:45:43.789+0000] {dag.py:3340} INFO - Setting next_dagrun for example_branch_dop_operator_v3 to 2024-12-03T15:44:00+00:00, run_after=2024-12-03T15:45:00+00:00
[2024-12-03T15:45:43.838+0000] {processor.py:176} INFO - Processing /home/airflow/.local/lib/python3.7/site-packages/airflow/example_dags/example_branch_python_dop_operator_3.py took 0.249 seconds
[2024-12-03T15:46:14.200+0000] {processor.py:154} INFO - Started process (PID=3330) to work on /home/airflow/.local/lib/python3.7/site-packages/airflow/example_dags/example_branch_python_dop_operator_3.py
[2024-12-03T15:46:14.204+0000] {processor.py:756} INFO - Processing file /home/airflow/.local/lib/python3.7/site-packages/airflow/example_dags/example_branch_python_dop_operator_3.py for tasks to queue
[2024-12-03T15:46:14.207+0000] {logging_mixin.py:120} INFO - [2024-12-03T15:46:14.206+0000] {dagbag.py:537} INFO - Filling up the DagBag from /home/airflow/.local/lib/python3.7/site-packages/airflow/example_dags/example_branch_python_dop_operator_3.py
[2024-12-03T15:46:14.265+0000] {processor.py:766} INFO - DAG(s) dict_keys(['example_branch_dop_operator_v3']) retrieved from /home/airflow/.local/lib/python3.7/site-packages/airflow/example_dags/example_branch_python_dop_operator_3.py
[2024-12-03T15:46:14.399+0000] {logging_mixin.py:120} INFO - [2024-12-03T15:46:14.399+0000] {dag.py:2585} INFO - Sync 1 DAGs
[2024-12-03T15:46:14.483+0000] {logging_mixin.py:120} INFO - [2024-12-03T15:46:14.483+0000] {dag.py:3340} INFO - Setting next_dagrun for example_branch_dop_operator_v3 to 2024-12-03T15:45:00+00:00, run_after=2024-12-03T15:46:00+00:00
[2024-12-03T15:46:14.567+0000] {processor.py:176} INFO - Processing /home/airflow/.local/lib/python3.7/site-packages/airflow/example_dags/example_branch_python_dop_operator_3.py took 0.374 seconds
[2024-12-03T15:46:45.333+0000] {processor.py:154} INFO - Started process (PID=3395) to work on /home/airflow/.local/lib/python3.7/site-packages/airflow/example_dags/example_branch_python_dop_operator_3.py
[2024-12-03T15:46:45.336+0000] {processor.py:756} INFO - Processing file /home/airflow/.local/lib/python3.7/site-packages/airflow/example_dags/example_branch_python_dop_operator_3.py for tasks to queue
[2024-12-03T15:46:45.339+0000] {logging_mixin.py:120} INFO - [2024-12-03T15:46:45.338+0000] {dagbag.py:537} INFO - Filling up the DagBag from /home/airflow/.local/lib/python3.7/site-packages/airflow/example_dags/example_branch_python_dop_operator_3.py
[2024-12-03T15:46:45.428+0000] {processor.py:766} INFO - DAG(s) dict_keys(['example_branch_dop_operator_v3']) retrieved from /home/airflow/.local/lib/python3.7/site-packages/airflow/example_dags/example_branch_python_dop_operator_3.py
[2024-12-03T15:46:45.539+0000] {logging_mixin.py:120} INFO - [2024-12-03T15:46:45.539+0000] {dag.py:2585} INFO - Sync 1 DAGs
[2024-12-03T15:46:45.612+0000] {logging_mixin.py:120} INFO - [2024-12-03T15:46:45.611+0000] {dag.py:3340} INFO - Setting next_dagrun for example_branch_dop_operator_v3 to 2024-12-03T15:45:00+00:00, run_after=2024-12-03T15:46:00+00:00
[2024-12-03T15:46:45.681+0000] {processor.py:176} INFO - Processing /home/airflow/.local/lib/python3.7/site-packages/airflow/example_dags/example_branch_python_dop_operator_3.py took 0.356 seconds
[2024-12-03T15:47:16.364+0000] {processor.py:154} INFO - Started process (PID=3450) to work on /home/airflow/.local/lib/python3.7/site-packages/airflow/example_dags/example_branch_python_dop_operator_3.py
[2024-12-03T15:47:16.367+0000] {processor.py:756} INFO - Processing file /home/airflow/.local/lib/python3.7/site-packages/airflow/example_dags/example_branch_python_dop_operator_3.py for tasks to queue
[2024-12-03T15:47:16.369+0000] {logging_mixin.py:120} INFO - [2024-12-03T15:47:16.369+0000] {dagbag.py:537} INFO - Filling up the DagBag from /home/airflow/.local/lib/python3.7/site-packages/airflow/example_dags/example_branch_python_dop_operator_3.py
[2024-12-03T15:47:16.409+0000] {processor.py:766} INFO - DAG(s) dict_keys(['example_branch_dop_operator_v3']) retrieved from /home/airflow/.local/lib/python3.7/site-packages/airflow/example_dags/example_branch_python_dop_operator_3.py
[2024-12-03T15:47:16.491+0000] {logging_mixin.py:120} INFO - [2024-12-03T15:47:16.490+0000] {dag.py:2585} INFO - Sync 1 DAGs
[2024-12-03T15:47:16.548+0000] {logging_mixin.py:120} INFO - [2024-12-03T15:47:16.548+0000] {dag.py:3340} INFO - Setting next_dagrun for example_branch_dop_operator_v3 to 2024-12-03T15:46:00+00:00, run_after=2024-12-03T15:47:00+00:00
[2024-12-03T15:47:16.607+0000] {processor.py:176} INFO - Processing /home/airflow/.local/lib/python3.7/site-packages/airflow/example_dags/example_branch_python_dop_operator_3.py took 0.247 seconds
[2024-12-03T15:47:47.096+0000] {processor.py:154} INFO - Started process (PID=3512) to work on /home/airflow/.local/lib/python3.7/site-packages/airflow/example_dags/example_branch_python_dop_operator_3.py
[2024-12-03T15:47:47.098+0000] {processor.py:756} INFO - Processing file /home/airflow/.local/lib/python3.7/site-packages/airflow/example_dags/example_branch_python_dop_operator_3.py for tasks to queue
[2024-12-03T15:47:47.101+0000] {logging_mixin.py:120} INFO - [2024-12-03T15:47:47.101+0000] {dagbag.py:537} INFO - Filling up the DagBag from /home/airflow/.local/lib/python3.7/site-packages/airflow/example_dags/example_branch_python_dop_operator_3.py
[2024-12-03T15:47:47.145+0000] {processor.py:766} INFO - DAG(s) dict_keys(['example_branch_dop_operator_v3']) retrieved from /home/airflow/.local/lib/python3.7/site-packages/airflow/example_dags/example_branch_python_dop_operator_3.py
[2024-12-03T15:47:47.233+0000] {logging_mixin.py:120} INFO - [2024-12-03T15:47:47.233+0000] {dag.py:2585} INFO - Sync 1 DAGs
[2024-12-03T15:47:47.292+0000] {logging_mixin.py:120} INFO - [2024-12-03T15:47:47.292+0000] {dag.py:3340} INFO - Setting next_dagrun for example_branch_dop_operator_v3 to 2024-12-03T15:46:00+00:00, run_after=2024-12-03T15:47:00+00:00
[2024-12-03T15:47:47.351+0000] {processor.py:176} INFO - Processing /home/airflow/.local/lib/python3.7/site-packages/airflow/example_dags/example_branch_python_dop_operator_3.py took 0.260 seconds
[2024-12-03T15:49:21.418+0000] {processor.py:154} INFO - Started process (PID=90) to work on /home/airflow/.local/lib/python3.7/site-packages/airflow/example_dags/example_branch_python_dop_operator_3.py
[2024-12-03T15:49:21.446+0000] {processor.py:756} INFO - Processing file /home/airflow/.local/lib/python3.7/site-packages/airflow/example_dags/example_branch_python_dop_operator_3.py for tasks to queue
[2024-12-03T15:49:21.461+0000] {logging_mixin.py:120} INFO - [2024-12-03T15:49:21.461+0000] {dagbag.py:537} INFO - Filling up the DagBag from /home/airflow/.local/lib/python3.7/site-packages/airflow/example_dags/example_branch_python_dop_operator_3.py
[2024-12-03T15:49:21.706+0000] {processor.py:766} INFO - DAG(s) dict_keys(['example_branch_dop_operator_v3']) retrieved from /home/airflow/.local/lib/python3.7/site-packages/airflow/example_dags/example_branch_python_dop_operator_3.py
[2024-12-03T15:49:22.360+0000] {logging_mixin.py:120} INFO - [2024-12-03T15:49:22.360+0000] {dag.py:2585} INFO - Sync 1 DAGs
[2024-12-03T15:49:22.685+0000] {logging_mixin.py:120} INFO - [2024-12-03T15:49:22.684+0000] {dag.py:3340} INFO - Setting next_dagrun for example_branch_dop_operator_v3 to 2024-12-03T15:48:00+00:00, run_after=2024-12-03T15:49:00+00:00
[2024-12-03T15:49:22.830+0000] {processor.py:176} INFO - Processing /home/airflow/.local/lib/python3.7/site-packages/airflow/example_dags/example_branch_python_dop_operator_3.py took 1.531 seconds
[2024-12-03T15:50:08.597+0000] {processor.py:154} INFO - Started process (PID=144) to work on /home/airflow/.local/lib/python3.7/site-packages/airflow/example_dags/example_branch_python_dop_operator_3.py
[2024-12-03T15:50:08.623+0000] {processor.py:756} INFO - Processing file /home/airflow/.local/lib/python3.7/site-packages/airflow/example_dags/example_branch_python_dop_operator_3.py for tasks to queue
[2024-12-03T15:50:08.626+0000] {logging_mixin.py:120} INFO - [2024-12-03T15:50:08.625+0000] {dagbag.py:537} INFO - Filling up the DagBag from /home/airflow/.local/lib/python3.7/site-packages/airflow/example_dags/example_branch_python_dop_operator_3.py
[2024-12-03T15:50:08.775+0000] {processor.py:766} INFO - DAG(s) dict_keys(['example_branch_dop_operator_v3']) retrieved from /home/airflow/.local/lib/python3.7/site-packages/airflow/example_dags/example_branch_python_dop_operator_3.py
[2024-12-03T15:50:08.903+0000] {logging_mixin.py:120} INFO - [2024-12-03T15:50:08.903+0000] {dag.py:2585} INFO - Sync 1 DAGs
[2024-12-03T15:50:08.956+0000] {logging_mixin.py:120} INFO - [2024-12-03T15:50:08.955+0000] {dag.py:3340} INFO - Setting next_dagrun for example_branch_dop_operator_v3 to 2024-12-03T15:49:00+00:00, run_after=2024-12-03T15:50:00+00:00
[2024-12-03T15:50:09.076+0000] {processor.py:176} INFO - Processing /home/airflow/.local/lib/python3.7/site-packages/airflow/example_dags/example_branch_python_dop_operator_3.py took 0.485 seconds
[2024-12-03T15:50:39.366+0000] {processor.py:154} INFO - Started process (PID=200) to work on /home/airflow/.local/lib/python3.7/site-packages/airflow/example_dags/example_branch_python_dop_operator_3.py
[2024-12-03T15:50:39.369+0000] {processor.py:756} INFO - Processing file /home/airflow/.local/lib/python3.7/site-packages/airflow/example_dags/example_branch_python_dop_operator_3.py for tasks to queue
[2024-12-03T15:50:39.370+0000] {logging_mixin.py:120} INFO - [2024-12-03T15:50:39.370+0000] {dagbag.py:537} INFO - Filling up the DagBag from /home/airflow/.local/lib/python3.7/site-packages/airflow/example_dags/example_branch_python_dop_operator_3.py
[2024-12-03T15:50:39.416+0000] {processor.py:766} INFO - DAG(s) dict_keys(['example_branch_dop_operator_v3']) retrieved from /home/airflow/.local/lib/python3.7/site-packages/airflow/example_dags/example_branch_python_dop_operator_3.py
[2024-12-03T15:50:39.498+0000] {logging_mixin.py:120} INFO - [2024-12-03T15:50:39.497+0000] {dag.py:2585} INFO - Sync 1 DAGs
[2024-12-03T15:50:39.558+0000] {logging_mixin.py:120} INFO - [2024-12-03T15:50:39.558+0000] {dag.py:3340} INFO - Setting next_dagrun for example_branch_dop_operator_v3 to 2024-12-03T15:49:00+00:00, run_after=2024-12-03T15:50:00+00:00
[2024-12-03T15:50:39.609+0000] {processor.py:176} INFO - Processing /home/airflow/.local/lib/python3.7/site-packages/airflow/example_dags/example_branch_python_dop_operator_3.py took 0.251 seconds
[2024-12-03T15:51:09.762+0000] {processor.py:154} INFO - Started process (PID=264) to work on /home/airflow/.local/lib/python3.7/site-packages/airflow/example_dags/example_branch_python_dop_operator_3.py
[2024-12-03T15:51:09.764+0000] {processor.py:756} INFO - Processing file /home/airflow/.local/lib/python3.7/site-packages/airflow/example_dags/example_branch_python_dop_operator_3.py for tasks to queue
[2024-12-03T15:51:09.765+0000] {logging_mixin.py:120} INFO - [2024-12-03T15:51:09.765+0000] {dagbag.py:537} INFO - Filling up the DagBag from /home/airflow/.local/lib/python3.7/site-packages/airflow/example_dags/example_branch_python_dop_operator_3.py
[2024-12-03T15:51:09.802+0000] {processor.py:766} INFO - DAG(s) dict_keys(['example_branch_dop_operator_v3']) retrieved from /home/airflow/.local/lib/python3.7/site-packages/airflow/example_dags/example_branch_python_dop_operator_3.py
[2024-12-03T15:51:09.859+0000] {logging_mixin.py:120} INFO - [2024-12-03T15:51:09.859+0000] {dag.py:2585} INFO - Sync 1 DAGs
[2024-12-03T15:51:09.899+0000] {logging_mixin.py:120} INFO - [2024-12-03T15:51:09.899+0000] {dag.py:3340} INFO - Setting next_dagrun for example_branch_dop_operator_v3 to 2024-12-03T15:50:00+00:00, run_after=2024-12-03T15:51:00+00:00
[2024-12-03T15:51:09.935+0000] {processor.py:176} INFO - Processing /home/airflow/.local/lib/python3.7/site-packages/airflow/example_dags/example_branch_python_dop_operator_3.py took 0.177 seconds
[2024-12-03T15:51:40.304+0000] {processor.py:154} INFO - Started process (PID=323) to work on /home/airflow/.local/lib/python3.7/site-packages/airflow/example_dags/example_branch_python_dop_operator_3.py
[2024-12-03T15:51:40.306+0000] {processor.py:756} INFO - Processing file /home/airflow/.local/lib/python3.7/site-packages/airflow/example_dags/example_branch_python_dop_operator_3.py for tasks to queue
[2024-12-03T15:51:40.310+0000] {logging_mixin.py:120} INFO - [2024-12-03T15:51:40.309+0000] {dagbag.py:537} INFO - Filling up the DagBag from /home/airflow/.local/lib/python3.7/site-packages/airflow/example_dags/example_branch_python_dop_operator_3.py
[2024-12-03T15:51:40.365+0000] {processor.py:766} INFO - DAG(s) dict_keys(['example_branch_dop_operator_v3']) retrieved from /home/airflow/.local/lib/python3.7/site-packages/airflow/example_dags/example_branch_python_dop_operator_3.py
[2024-12-03T15:51:40.451+0000] {logging_mixin.py:120} INFO - [2024-12-03T15:51:40.451+0000] {dag.py:2585} INFO - Sync 1 DAGs
[2024-12-03T15:51:40.524+0000] {logging_mixin.py:120} INFO - [2024-12-03T15:51:40.524+0000] {dag.py:3340} INFO - Setting next_dagrun for example_branch_dop_operator_v3 to 2024-12-03T15:50:00+00:00, run_after=2024-12-03T15:51:00+00:00
[2024-12-03T15:51:40.595+0000] {processor.py:176} INFO - Processing /home/airflow/.local/lib/python3.7/site-packages/airflow/example_dags/example_branch_python_dop_operator_3.py took 0.299 seconds
[2024-12-03T15:53:07.005+0000] {processor.py:154} INFO - Started process (PID=76) to work on /home/airflow/.local/lib/python3.7/site-packages/airflow/example_dags/example_branch_python_dop_operator_3.py
[2024-12-03T15:53:07.008+0000] {processor.py:756} INFO - Processing file /home/airflow/.local/lib/python3.7/site-packages/airflow/example_dags/example_branch_python_dop_operator_3.py for tasks to queue
[2024-12-03T15:53:07.010+0000] {logging_mixin.py:120} INFO - [2024-12-03T15:53:07.010+0000] {dagbag.py:537} INFO - Filling up the DagBag from /home/airflow/.local/lib/python3.7/site-packages/airflow/example_dags/example_branch_python_dop_operator_3.py
[2024-12-03T15:53:07.053+0000] {processor.py:766} INFO - DAG(s) dict_keys(['example_branch_dop_operator_v3']) retrieved from /home/airflow/.local/lib/python3.7/site-packages/airflow/example_dags/example_branch_python_dop_operator_3.py
[2024-12-03T15:53:07.132+0000] {logging_mixin.py:120} INFO - [2024-12-03T15:53:07.132+0000] {dag.py:2585} INFO - Sync 1 DAGs
[2024-12-03T15:53:07.232+0000] {logging_mixin.py:120} INFO - [2024-12-03T15:53:07.231+0000] {dag.py:3340} INFO - Setting next_dagrun for example_branch_dop_operator_v3 to 2024-12-03T15:52:00+00:00, run_after=2024-12-03T15:53:00+00:00
[2024-12-03T15:53:07.342+0000] {processor.py:176} INFO - Processing /home/airflow/.local/lib/python3.7/site-packages/airflow/example_dags/example_branch_python_dop_operator_3.py took 0.345 seconds
[2024-12-03T15:53:38.804+0000] {processor.py:154} INFO - Started process (PID=141) to work on /home/airflow/.local/lib/python3.7/site-packages/airflow/example_dags/example_branch_python_dop_operator_3.py
[2024-12-03T15:53:38.807+0000] {processor.py:756} INFO - Processing file /home/airflow/.local/lib/python3.7/site-packages/airflow/example_dags/example_branch_python_dop_operator_3.py for tasks to queue
[2024-12-03T15:53:38.809+0000] {logging_mixin.py:120} INFO - [2024-12-03T15:53:38.809+0000] {dagbag.py:537} INFO - Filling up the DagBag from /home/airflow/.local/lib/python3.7/site-packages/airflow/example_dags/example_branch_python_dop_operator_3.py
[2024-12-03T15:53:38.881+0000] {processor.py:766} INFO - DAG(s) dict_keys(['example_branch_dop_operator_v3']) retrieved from /home/airflow/.local/lib/python3.7/site-packages/airflow/example_dags/example_branch_python_dop_operator_3.py
[2024-12-03T15:53:38.967+0000] {logging_mixin.py:120} INFO - [2024-12-03T15:53:38.966+0000] {dag.py:2585} INFO - Sync 1 DAGs
[2024-12-03T15:53:39.036+0000] {logging_mixin.py:120} INFO - [2024-12-03T15:53:39.035+0000] {dag.py:3340} INFO - Setting next_dagrun for example_branch_dop_operator_v3 to 2024-12-03T15:52:00+00:00, run_after=2024-12-03T15:53:00+00:00
[2024-12-03T15:53:39.080+0000] {processor.py:176} INFO - Processing /home/airflow/.local/lib/python3.7/site-packages/airflow/example_dags/example_branch_python_dop_operator_3.py took 0.283 seconds
[2024-12-03T15:54:09.699+0000] {processor.py:154} INFO - Started process (PID=199) to work on /home/airflow/.local/lib/python3.7/site-packages/airflow/example_dags/example_branch_python_dop_operator_3.py
[2024-12-03T15:54:09.701+0000] {processor.py:756} INFO - Processing file /home/airflow/.local/lib/python3.7/site-packages/airflow/example_dags/example_branch_python_dop_operator_3.py for tasks to queue
[2024-12-03T15:54:09.703+0000] {logging_mixin.py:120} INFO - [2024-12-03T15:54:09.703+0000] {dagbag.py:537} INFO - Filling up the DagBag from /home/airflow/.local/lib/python3.7/site-packages/airflow/example_dags/example_branch_python_dop_operator_3.py
[2024-12-03T15:54:09.744+0000] {processor.py:766} INFO - DAG(s) dict_keys(['example_branch_dop_operator_v3']) retrieved from /home/airflow/.local/lib/python3.7/site-packages/airflow/example_dags/example_branch_python_dop_operator_3.py
[2024-12-03T15:54:09.837+0000] {logging_mixin.py:120} INFO - [2024-12-03T15:54:09.836+0000] {dag.py:2585} INFO - Sync 1 DAGs
[2024-12-03T15:54:09.925+0000] {logging_mixin.py:120} INFO - [2024-12-03T15:54:09.925+0000] {dag.py:3340} INFO - Setting next_dagrun for example_branch_dop_operator_v3 to 2024-12-03T15:53:00+00:00, run_after=2024-12-03T15:54:00+00:00
[2024-12-03T15:54:09.976+0000] {processor.py:176} INFO - Processing /home/airflow/.local/lib/python3.7/site-packages/airflow/example_dags/example_branch_python_dop_operator_3.py took 0.281 seconds
[2024-12-03T15:54:40.750+0000] {processor.py:154} INFO - Started process (PID=263) to work on /home/airflow/.local/lib/python3.7/site-packages/airflow/example_dags/example_branch_python_dop_operator_3.py
[2024-12-03T15:54:40.752+0000] {processor.py:756} INFO - Processing file /home/airflow/.local/lib/python3.7/site-packages/airflow/example_dags/example_branch_python_dop_operator_3.py for tasks to queue
[2024-12-03T15:54:40.754+0000] {logging_mixin.py:120} INFO - [2024-12-03T15:54:40.753+0000] {dagbag.py:537} INFO - Filling up the DagBag from /home/airflow/.local/lib/python3.7/site-packages/airflow/example_dags/example_branch_python_dop_operator_3.py
[2024-12-03T15:54:40.827+0000] {processor.py:766} INFO - DAG(s) dict_keys(['example_branch_dop_operator_v3']) retrieved from /home/airflow/.local/lib/python3.7/site-packages/airflow/example_dags/example_branch_python_dop_operator_3.py
[2024-12-03T15:54:40.965+0000] {logging_mixin.py:120} INFO - [2024-12-03T15:54:40.965+0000] {dag.py:2585} INFO - Sync 1 DAGs
[2024-12-03T15:54:41.030+0000] {logging_mixin.py:120} INFO - [2024-12-03T15:54:41.029+0000] {dag.py:3340} INFO - Setting next_dagrun for example_branch_dop_operator_v3 to 2024-12-03T15:53:00+00:00, run_after=2024-12-03T15:54:00+00:00
[2024-12-03T15:54:41.079+0000] {processor.py:176} INFO - Processing /home/airflow/.local/lib/python3.7/site-packages/airflow/example_dags/example_branch_python_dop_operator_3.py took 0.336 seconds
[2024-12-03T15:55:11.471+0000] {processor.py:154} INFO - Started process (PID=318) to work on /home/airflow/.local/lib/python3.7/site-packages/airflow/example_dags/example_branch_python_dop_operator_3.py
[2024-12-03T15:55:11.473+0000] {processor.py:756} INFO - Processing file /home/airflow/.local/lib/python3.7/site-packages/airflow/example_dags/example_branch_python_dop_operator_3.py for tasks to queue
[2024-12-03T15:55:11.474+0000] {logging_mixin.py:120} INFO - [2024-12-03T15:55:11.474+0000] {dagbag.py:537} INFO - Filling up the DagBag from /home/airflow/.local/lib/python3.7/site-packages/airflow/example_dags/example_branch_python_dop_operator_3.py
[2024-12-03T15:55:11.513+0000] {processor.py:766} INFO - DAG(s) dict_keys(['example_branch_dop_operator_v3']) retrieved from /home/airflow/.local/lib/python3.7/site-packages/airflow/example_dags/example_branch_python_dop_operator_3.py
[2024-12-03T15:55:11.594+0000] {logging_mixin.py:120} INFO - [2024-12-03T15:55:11.594+0000] {dag.py:2585} INFO - Sync 1 DAGs
[2024-12-03T15:55:11.646+0000] {logging_mixin.py:120} INFO - [2024-12-03T15:55:11.646+0000] {dag.py:3340} INFO - Setting next_dagrun for example_branch_dop_operator_v3 to 2024-12-03T15:54:00+00:00, run_after=2024-12-03T15:55:00+00:00
[2024-12-03T15:55:11.684+0000] {processor.py:176} INFO - Processing /home/airflow/.local/lib/python3.7/site-packages/airflow/example_dags/example_branch_python_dop_operator_3.py took 0.219 seconds
[2024-12-03T15:55:41.749+0000] {processor.py:154} INFO - Started process (PID=373) to work on /home/airflow/.local/lib/python3.7/site-packages/airflow/example_dags/example_branch_python_dop_operator_3.py
[2024-12-03T15:55:41.750+0000] {processor.py:756} INFO - Processing file /home/airflow/.local/lib/python3.7/site-packages/airflow/example_dags/example_branch_python_dop_operator_3.py for tasks to queue
[2024-12-03T15:55:41.751+0000] {logging_mixin.py:120} INFO - [2024-12-03T15:55:41.751+0000] {dagbag.py:537} INFO - Filling up the DagBag from /home/airflow/.local/lib/python3.7/site-packages/airflow/example_dags/example_branch_python_dop_operator_3.py
[2024-12-03T15:55:41.787+0000] {processor.py:766} INFO - DAG(s) dict_keys(['example_branch_dop_operator_v3']) retrieved from /home/airflow/.local/lib/python3.7/site-packages/airflow/example_dags/example_branch_python_dop_operator_3.py
[2024-12-03T15:55:41.848+0000] {logging_mixin.py:120} INFO - [2024-12-03T15:55:41.848+0000] {dag.py:2585} INFO - Sync 1 DAGs
[2024-12-03T15:55:41.893+0000] {logging_mixin.py:120} INFO - [2024-12-03T15:55:41.893+0000] {dag.py:3340} INFO - Setting next_dagrun for example_branch_dop_operator_v3 to 2024-12-03T15:54:00+00:00, run_after=2024-12-03T15:55:00+00:00
[2024-12-03T15:55:41.930+0000] {processor.py:176} INFO - Processing /home/airflow/.local/lib/python3.7/site-packages/airflow/example_dags/example_branch_python_dop_operator_3.py took 0.186 seconds
[2024-12-03T15:56:15.498+0000] {processor.py:154} INFO - Started process (PID=437) to work on /home/airflow/.local/lib/python3.7/site-packages/airflow/example_dags/example_branch_python_dop_operator_3.py
[2024-12-03T15:56:15.501+0000] {processor.py:756} INFO - Processing file /home/airflow/.local/lib/python3.7/site-packages/airflow/example_dags/example_branch_python_dop_operator_3.py for tasks to queue
[2024-12-03T15:56:15.504+0000] {logging_mixin.py:120} INFO - [2024-12-03T15:56:15.503+0000] {dagbag.py:537} INFO - Filling up the DagBag from /home/airflow/.local/lib/python3.7/site-packages/airflow/example_dags/example_branch_python_dop_operator_3.py
[2024-12-03T15:56:15.599+0000] {processor.py:766} INFO - DAG(s) dict_keys(['example_branch_dop_operator_v3']) retrieved from /home/airflow/.local/lib/python3.7/site-packages/airflow/example_dags/example_branch_python_dop_operator_3.py
[2024-12-03T15:56:15.780+0000] {logging_mixin.py:120} INFO - [2024-12-03T15:56:15.780+0000] {dag.py:2585} INFO - Sync 1 DAGs
[2024-12-03T15:56:15.904+0000] {logging_mixin.py:120} INFO - [2024-12-03T15:56:15.904+0000] {dag.py:3340} INFO - Setting next_dagrun for example_branch_dop_operator_v3 to 2024-12-03T15:55:00+00:00, run_after=2024-12-03T15:56:00+00:00
[2024-12-03T15:56:16.027+0000] {processor.py:176} INFO - Processing /home/airflow/.local/lib/python3.7/site-packages/airflow/example_dags/example_branch_python_dop_operator_3.py took 0.546 seconds
[2024-12-03T15:56:46.558+0000] {processor.py:154} INFO - Started process (PID=496) to work on /home/airflow/.local/lib/python3.7/site-packages/airflow/example_dags/example_branch_python_dop_operator_3.py
[2024-12-03T15:56:46.560+0000] {processor.py:756} INFO - Processing file /home/airflow/.local/lib/python3.7/site-packages/airflow/example_dags/example_branch_python_dop_operator_3.py for tasks to queue
[2024-12-03T15:56:46.563+0000] {logging_mixin.py:120} INFO - [2024-12-03T15:56:46.563+0000] {dagbag.py:537} INFO - Filling up the DagBag from /home/airflow/.local/lib/python3.7/site-packages/airflow/example_dags/example_branch_python_dop_operator_3.py
[2024-12-03T15:56:46.627+0000] {processor.py:766} INFO - DAG(s) dict_keys(['example_branch_dop_operator_v3']) retrieved from /home/airflow/.local/lib/python3.7/site-packages/airflow/example_dags/example_branch_python_dop_operator_3.py
[2024-12-03T15:56:46.733+0000] {logging_mixin.py:120} INFO - [2024-12-03T15:56:46.732+0000] {dag.py:2585} INFO - Sync 1 DAGs
[2024-12-03T15:56:46.791+0000] {logging_mixin.py:120} INFO - [2024-12-03T15:56:46.791+0000] {dag.py:3340} INFO - Setting next_dagrun for example_branch_dop_operator_v3 to 2024-12-03T15:55:00+00:00, run_after=2024-12-03T15:56:00+00:00
[2024-12-03T15:56:46.847+0000] {processor.py:176} INFO - Processing /home/airflow/.local/lib/python3.7/site-packages/airflow/example_dags/example_branch_python_dop_operator_3.py took 0.297 seconds
[2024-12-03T15:57:17.236+0000] {processor.py:154} INFO - Started process (PID=551) to work on /home/airflow/.local/lib/python3.7/site-packages/airflow/example_dags/example_branch_python_dop_operator_3.py
[2024-12-03T15:57:17.238+0000] {processor.py:756} INFO - Processing file /home/airflow/.local/lib/python3.7/site-packages/airflow/example_dags/example_branch_python_dop_operator_3.py for tasks to queue
[2024-12-03T15:57:17.241+0000] {logging_mixin.py:120} INFO - [2024-12-03T15:57:17.241+0000] {dagbag.py:537} INFO - Filling up the DagBag from /home/airflow/.local/lib/python3.7/site-packages/airflow/example_dags/example_branch_python_dop_operator_3.py
[2024-12-03T15:57:17.288+0000] {processor.py:766} INFO - DAG(s) dict_keys(['example_branch_dop_operator_v3']) retrieved from /home/airflow/.local/lib/python3.7/site-packages/airflow/example_dags/example_branch_python_dop_operator_3.py
[2024-12-03T15:57:17.355+0000] {logging_mixin.py:120} INFO - [2024-12-03T15:57:17.355+0000] {dag.py:2585} INFO - Sync 1 DAGs
[2024-12-03T15:57:17.432+0000] {logging_mixin.py:120} INFO - [2024-12-03T15:57:17.432+0000] {dag.py:3340} INFO - Setting next_dagrun for example_branch_dop_operator_v3 to 2024-12-03T15:56:00+00:00, run_after=2024-12-03T15:57:00+00:00
[2024-12-03T15:57:17.486+0000] {processor.py:176} INFO - Processing /home/airflow/.local/lib/python3.7/site-packages/airflow/example_dags/example_branch_python_dop_operator_3.py took 0.256 seconds
[2024-12-03T15:57:48.265+0000] {processor.py:154} INFO - Started process (PID=620) to work on /home/airflow/.local/lib/python3.7/site-packages/airflow/example_dags/example_branch_python_dop_operator_3.py
[2024-12-03T15:57:48.268+0000] {processor.py:756} INFO - Processing file /home/airflow/.local/lib/python3.7/site-packages/airflow/example_dags/example_branch_python_dop_operator_3.py for tasks to queue
[2024-12-03T15:57:48.271+0000] {logging_mixin.py:120} INFO - [2024-12-03T15:57:48.270+0000] {dagbag.py:537} INFO - Filling up the DagBag from /home/airflow/.local/lib/python3.7/site-packages/airflow/example_dags/example_branch_python_dop_operator_3.py
[2024-12-03T15:57:48.327+0000] {processor.py:766} INFO - DAG(s) dict_keys(['example_branch_dop_operator_v3']) retrieved from /home/airflow/.local/lib/python3.7/site-packages/airflow/example_dags/example_branch_python_dop_operator_3.py
[2024-12-03T15:57:48.423+0000] {logging_mixin.py:120} INFO - [2024-12-03T15:57:48.422+0000] {dag.py:2585} INFO - Sync 1 DAGs
[2024-12-03T15:57:48.500+0000] {logging_mixin.py:120} INFO - [2024-12-03T15:57:48.500+0000] {dag.py:3340} INFO - Setting next_dagrun for example_branch_dop_operator_v3 to 2024-12-03T15:56:00+00:00, run_after=2024-12-03T15:57:00+00:00
[2024-12-03T15:57:48.553+0000] {processor.py:176} INFO - Processing /home/airflow/.local/lib/python3.7/site-packages/airflow/example_dags/example_branch_python_dop_operator_3.py took 0.292 seconds
[2024-12-03T15:58:18.983+0000] {processor.py:154} INFO - Started process (PID=687) to work on /home/airflow/.local/lib/python3.7/site-packages/airflow/example_dags/example_branch_python_dop_operator_3.py
[2024-12-03T15:58:18.984+0000] {processor.py:756} INFO - Processing file /home/airflow/.local/lib/python3.7/site-packages/airflow/example_dags/example_branch_python_dop_operator_3.py for tasks to queue
[2024-12-03T15:58:18.986+0000] {logging_mixin.py:120} INFO - [2024-12-03T15:58:18.986+0000] {dagbag.py:537} INFO - Filling up the DagBag from /home/airflow/.local/lib/python3.7/site-packages/airflow/example_dags/example_branch_python_dop_operator_3.py
[2024-12-03T15:58:19.023+0000] {processor.py:766} INFO - DAG(s) dict_keys(['example_branch_dop_operator_v3']) retrieved from /home/airflow/.local/lib/python3.7/site-packages/airflow/example_dags/example_branch_python_dop_operator_3.py
[2024-12-03T15:58:19.094+0000] {logging_mixin.py:120} INFO - [2024-12-03T15:58:19.094+0000] {dag.py:2585} INFO - Sync 1 DAGs
[2024-12-03T15:58:19.139+0000] {logging_mixin.py:120} INFO - [2024-12-03T15:58:19.138+0000] {dag.py:3340} INFO - Setting next_dagrun for example_branch_dop_operator_v3 to 2024-12-03T15:57:00+00:00, run_after=2024-12-03T15:58:00+00:00
[2024-12-03T15:58:19.189+0000] {processor.py:176} INFO - Processing /home/airflow/.local/lib/python3.7/site-packages/airflow/example_dags/example_branch_python_dop_operator_3.py took 0.209 seconds
[2024-12-03T15:58:49.524+0000] {processor.py:154} INFO - Started process (PID=751) to work on /home/airflow/.local/lib/python3.7/site-packages/airflow/example_dags/example_branch_python_dop_operator_3.py
[2024-12-03T15:58:49.527+0000] {processor.py:756} INFO - Processing file /home/airflow/.local/lib/python3.7/site-packages/airflow/example_dags/example_branch_python_dop_operator_3.py for tasks to queue
[2024-12-03T15:58:49.530+0000] {logging_mixin.py:120} INFO - [2024-12-03T15:58:49.529+0000] {dagbag.py:537} INFO - Filling up the DagBag from /home/airflow/.local/lib/python3.7/site-packages/airflow/example_dags/example_branch_python_dop_operator_3.py
[2024-12-03T15:58:49.582+0000] {processor.py:766} INFO - DAG(s) dict_keys(['example_branch_dop_operator_v3']) retrieved from /home/airflow/.local/lib/python3.7/site-packages/airflow/example_dags/example_branch_python_dop_operator_3.py
[2024-12-03T15:58:49.657+0000] {logging_mixin.py:120} INFO - [2024-12-03T15:58:49.656+0000] {dag.py:2585} INFO - Sync 1 DAGs
[2024-12-03T15:58:49.721+0000] {logging_mixin.py:120} INFO - [2024-12-03T15:58:49.720+0000] {dag.py:3340} INFO - Setting next_dagrun for example_branch_dop_operator_v3 to 2024-12-03T15:57:00+00:00, run_after=2024-12-03T15:58:00+00:00
[2024-12-03T15:58:49.788+0000] {processor.py:176} INFO - Processing /home/airflow/.local/lib/python3.7/site-packages/airflow/example_dags/example_branch_python_dop_operator_3.py took 0.270 seconds
[2024-12-03T15:59:20.059+0000] {processor.py:154} INFO - Started process (PID=806) to work on /home/airflow/.local/lib/python3.7/site-packages/airflow/example_dags/example_branch_python_dop_operator_3.py
[2024-12-03T15:59:20.062+0000] {processor.py:756} INFO - Processing file /home/airflow/.local/lib/python3.7/site-packages/airflow/example_dags/example_branch_python_dop_operator_3.py for tasks to queue
[2024-12-03T15:59:20.065+0000] {logging_mixin.py:120} INFO - [2024-12-03T15:59:20.065+0000] {dagbag.py:537} INFO - Filling up the DagBag from /home/airflow/.local/lib/python3.7/site-packages/airflow/example_dags/example_branch_python_dop_operator_3.py
[2024-12-03T15:59:20.120+0000] {processor.py:766} INFO - DAG(s) dict_keys(['example_branch_dop_operator_v3']) retrieved from /home/airflow/.local/lib/python3.7/site-packages/airflow/example_dags/example_branch_python_dop_operator_3.py
[2024-12-03T15:59:20.210+0000] {logging_mixin.py:120} INFO - [2024-12-03T15:59:20.210+0000] {dag.py:2585} INFO - Sync 1 DAGs
[2024-12-03T15:59:20.276+0000] {logging_mixin.py:120} INFO - [2024-12-03T15:59:20.275+0000] {dag.py:3340} INFO - Setting next_dagrun for example_branch_dop_operator_v3 to 2024-12-03T15:58:00+00:00, run_after=2024-12-03T15:59:00+00:00
[2024-12-03T15:59:20.329+0000] {processor.py:176} INFO - Processing /home/airflow/.local/lib/python3.7/site-packages/airflow/example_dags/example_branch_python_dop_operator_3.py took 0.278 seconds
[2024-12-03T15:59:50.444+0000] {processor.py:154} INFO - Started process (PID=862) to work on /home/airflow/.local/lib/python3.7/site-packages/airflow/example_dags/example_branch_python_dop_operator_3.py
[2024-12-03T15:59:50.446+0000] {processor.py:756} INFO - Processing file /home/airflow/.local/lib/python3.7/site-packages/airflow/example_dags/example_branch_python_dop_operator_3.py for tasks to queue
[2024-12-03T15:59:50.448+0000] {logging_mixin.py:120} INFO - [2024-12-03T15:59:50.447+0000] {dagbag.py:537} INFO - Filling up the DagBag from /home/airflow/.local/lib/python3.7/site-packages/airflow/example_dags/example_branch_python_dop_operator_3.py
[2024-12-03T15:59:50.497+0000] {processor.py:766} INFO - DAG(s) dict_keys(['example_branch_dop_operator_v3']) retrieved from /home/airflow/.local/lib/python3.7/site-packages/airflow/example_dags/example_branch_python_dop_operator_3.py
[2024-12-03T15:59:50.575+0000] {logging_mixin.py:120} INFO - [2024-12-03T15:59:50.574+0000] {dag.py:2585} INFO - Sync 1 DAGs
[2024-12-03T15:59:50.654+0000] {logging_mixin.py:120} INFO - [2024-12-03T15:59:50.653+0000] {dag.py:3340} INFO - Setting next_dagrun for example_branch_dop_operator_v3 to 2024-12-03T15:58:00+00:00, run_after=2024-12-03T15:59:00+00:00
[2024-12-03T15:59:50.721+0000] {processor.py:176} INFO - Processing /home/airflow/.local/lib/python3.7/site-packages/airflow/example_dags/example_branch_python_dop_operator_3.py took 0.283 seconds
[2024-12-03T16:00:21.481+0000] {processor.py:154} INFO - Started process (PID=926) to work on /home/airflow/.local/lib/python3.7/site-packages/airflow/example_dags/example_branch_python_dop_operator_3.py
[2024-12-03T16:00:21.482+0000] {processor.py:756} INFO - Processing file /home/airflow/.local/lib/python3.7/site-packages/airflow/example_dags/example_branch_python_dop_operator_3.py for tasks to queue
[2024-12-03T16:00:21.485+0000] {logging_mixin.py:120} INFO - [2024-12-03T16:00:21.484+0000] {dagbag.py:537} INFO - Filling up the DagBag from /home/airflow/.local/lib/python3.7/site-packages/airflow/example_dags/example_branch_python_dop_operator_3.py
[2024-12-03T16:00:21.523+0000] {processor.py:766} INFO - DAG(s) dict_keys(['example_branch_dop_operator_v3']) retrieved from /home/airflow/.local/lib/python3.7/site-packages/airflow/example_dags/example_branch_python_dop_operator_3.py
[2024-12-03T16:00:21.598+0000] {logging_mixin.py:120} INFO - [2024-12-03T16:00:21.598+0000] {dag.py:2585} INFO - Sync 1 DAGs
[2024-12-03T16:00:21.653+0000] {logging_mixin.py:120} INFO - [2024-12-03T16:00:21.652+0000] {dag.py:3340} INFO - Setting next_dagrun for example_branch_dop_operator_v3 to 2024-12-03T15:59:00+00:00, run_after=2024-12-03T16:00:00+00:00
[2024-12-03T16:00:21.694+0000] {processor.py:176} INFO - Processing /home/airflow/.local/lib/python3.7/site-packages/airflow/example_dags/example_branch_python_dop_operator_3.py took 0.217 seconds
[2024-12-03T16:00:52.650+0000] {processor.py:154} INFO - Started process (PID=981) to work on /home/airflow/.local/lib/python3.7/site-packages/airflow/example_dags/example_branch_python_dop_operator_3.py
[2024-12-03T16:00:52.652+0000] {processor.py:756} INFO - Processing file /home/airflow/.local/lib/python3.7/site-packages/airflow/example_dags/example_branch_python_dop_operator_3.py for tasks to queue
[2024-12-03T16:00:52.654+0000] {logging_mixin.py:120} INFO - [2024-12-03T16:00:52.654+0000] {dagbag.py:537} INFO - Filling up the DagBag from /home/airflow/.local/lib/python3.7/site-packages/airflow/example_dags/example_branch_python_dop_operator_3.py
[2024-12-03T16:00:52.723+0000] {processor.py:766} INFO - DAG(s) dict_keys(['example_branch_dop_operator_v3']) retrieved from /home/airflow/.local/lib/python3.7/site-packages/airflow/example_dags/example_branch_python_dop_operator_3.py
[2024-12-03T16:00:52.838+0000] {logging_mixin.py:120} INFO - [2024-12-03T16:00:52.838+0000] {dag.py:2585} INFO - Sync 1 DAGs
[2024-12-03T16:00:52.922+0000] {logging_mixin.py:120} INFO - [2024-12-03T16:00:52.921+0000] {dag.py:3340} INFO - Setting next_dagrun for example_branch_dop_operator_v3 to 2024-12-03T15:59:00+00:00, run_after=2024-12-03T16:00:00+00:00
[2024-12-03T16:00:52.990+0000] {processor.py:176} INFO - Processing /home/airflow/.local/lib/python3.7/site-packages/airflow/example_dags/example_branch_python_dop_operator_3.py took 0.347 seconds
[2024-12-03T16:01:23.992+0000] {processor.py:154} INFO - Started process (PID=1045) to work on /home/airflow/.local/lib/python3.7/site-packages/airflow/example_dags/example_branch_python_dop_operator_3.py
[2024-12-03T16:01:23.994+0000] {processor.py:756} INFO - Processing file /home/airflow/.local/lib/python3.7/site-packages/airflow/example_dags/example_branch_python_dop_operator_3.py for tasks to queue
[2024-12-03T16:01:23.995+0000] {logging_mixin.py:120} INFO - [2024-12-03T16:01:23.995+0000] {dagbag.py:537} INFO - Filling up the DagBag from /home/airflow/.local/lib/python3.7/site-packages/airflow/example_dags/example_branch_python_dop_operator_3.py
[2024-12-03T16:01:24.032+0000] {processor.py:766} INFO - DAG(s) dict_keys(['example_branch_dop_operator_v3']) retrieved from /home/airflow/.local/lib/python3.7/site-packages/airflow/example_dags/example_branch_python_dop_operator_3.py
[2024-12-03T16:01:24.094+0000] {logging_mixin.py:120} INFO - [2024-12-03T16:01:24.094+0000] {dag.py:2585} INFO - Sync 1 DAGs
[2024-12-03T16:01:24.147+0000] {logging_mixin.py:120} INFO - [2024-12-03T16:01:24.147+0000] {dag.py:3340} INFO - Setting next_dagrun for example_branch_dop_operator_v3 to 2024-12-03T16:00:00+00:00, run_after=2024-12-03T16:01:00+00:00
[2024-12-03T16:01:24.183+0000] {processor.py:176} INFO - Processing /home/airflow/.local/lib/python3.7/site-packages/airflow/example_dags/example_branch_python_dop_operator_3.py took 0.194 seconds
[2024-12-03T16:01:54.604+0000] {processor.py:154} INFO - Started process (PID=1100) to work on /home/airflow/.local/lib/python3.7/site-packages/airflow/example_dags/example_branch_python_dop_operator_3.py
[2024-12-03T16:01:54.606+0000] {processor.py:756} INFO - Processing file /home/airflow/.local/lib/python3.7/site-packages/airflow/example_dags/example_branch_python_dop_operator_3.py for tasks to queue
[2024-12-03T16:01:54.608+0000] {logging_mixin.py:120} INFO - [2024-12-03T16:01:54.608+0000] {dagbag.py:537} INFO - Filling up the DagBag from /home/airflow/.local/lib/python3.7/site-packages/airflow/example_dags/example_branch_python_dop_operator_3.py
[2024-12-03T16:01:54.662+0000] {processor.py:766} INFO - DAG(s) dict_keys(['example_branch_dop_operator_v3']) retrieved from /home/airflow/.local/lib/python3.7/site-packages/airflow/example_dags/example_branch_python_dop_operator_3.py
[2024-12-03T16:01:54.755+0000] {logging_mixin.py:120} INFO - [2024-12-03T16:01:54.754+0000] {dag.py:2585} INFO - Sync 1 DAGs
[2024-12-03T16:01:54.815+0000] {logging_mixin.py:120} INFO - [2024-12-03T16:01:54.815+0000] {dag.py:3340} INFO - Setting next_dagrun for example_branch_dop_operator_v3 to 2024-12-03T16:00:00+00:00, run_after=2024-12-03T16:01:00+00:00
[2024-12-03T16:01:54.861+0000] {processor.py:176} INFO - Processing /home/airflow/.local/lib/python3.7/site-packages/airflow/example_dags/example_branch_python_dop_operator_3.py took 0.261 seconds
[2024-12-03T16:02:25.410+0000] {processor.py:154} INFO - Started process (PID=1166) to work on /home/airflow/.local/lib/python3.7/site-packages/airflow/example_dags/example_branch_python_dop_operator_3.py
[2024-12-03T16:02:25.413+0000] {processor.py:756} INFO - Processing file /home/airflow/.local/lib/python3.7/site-packages/airflow/example_dags/example_branch_python_dop_operator_3.py for tasks to queue
[2024-12-03T16:02:25.416+0000] {logging_mixin.py:120} INFO - [2024-12-03T16:02:25.416+0000] {dagbag.py:537} INFO - Filling up the DagBag from /home/airflow/.local/lib/python3.7/site-packages/airflow/example_dags/example_branch_python_dop_operator_3.py
[2024-12-03T16:02:25.478+0000] {processor.py:766} INFO - DAG(s) dict_keys(['example_branch_dop_operator_v3']) retrieved from /home/airflow/.local/lib/python3.7/site-packages/airflow/example_dags/example_branch_python_dop_operator_3.py
[2024-12-03T16:02:25.564+0000] {logging_mixin.py:120} INFO - [2024-12-03T16:02:25.564+0000] {dag.py:2585} INFO - Sync 1 DAGs
[2024-12-03T16:02:25.629+0000] {logging_mixin.py:120} INFO - [2024-12-03T16:02:25.629+0000] {dag.py:3340} INFO - Setting next_dagrun for example_branch_dop_operator_v3 to 2024-12-03T16:01:00+00:00, run_after=2024-12-03T16:02:00+00:00
[2024-12-03T16:02:25.707+0000] {processor.py:176} INFO - Processing /home/airflow/.local/lib/python3.7/site-packages/airflow/example_dags/example_branch_python_dop_operator_3.py took 0.305 seconds
[2024-12-03T16:02:56.083+0000] {processor.py:154} INFO - Started process (PID=1221) to work on /home/airflow/.local/lib/python3.7/site-packages/airflow/example_dags/example_branch_python_dop_operator_3.py
[2024-12-03T16:02:56.085+0000] {processor.py:756} INFO - Processing file /home/airflow/.local/lib/python3.7/site-packages/airflow/example_dags/example_branch_python_dop_operator_3.py for tasks to queue
[2024-12-03T16:02:56.087+0000] {logging_mixin.py:120} INFO - [2024-12-03T16:02:56.087+0000] {dagbag.py:537} INFO - Filling up the DagBag from /home/airflow/.local/lib/python3.7/site-packages/airflow/example_dags/example_branch_python_dop_operator_3.py
[2024-12-03T16:02:56.121+0000] {processor.py:766} INFO - DAG(s) dict_keys(['example_branch_dop_operator_v3']) retrieved from /home/airflow/.local/lib/python3.7/site-packages/airflow/example_dags/example_branch_python_dop_operator_3.py
[2024-12-03T16:02:56.211+0000] {logging_mixin.py:120} INFO - [2024-12-03T16:02:56.211+0000] {dag.py:2585} INFO - Sync 1 DAGs
[2024-12-03T16:02:56.255+0000] {logging_mixin.py:120} INFO - [2024-12-03T16:02:56.255+0000] {dag.py:3340} INFO - Setting next_dagrun for example_branch_dop_operator_v3 to 2024-12-03T16:01:00+00:00, run_after=2024-12-03T16:02:00+00:00
[2024-12-03T16:02:56.299+0000] {processor.py:176} INFO - Processing /home/airflow/.local/lib/python3.7/site-packages/airflow/example_dags/example_branch_python_dop_operator_3.py took 0.221 seconds
[2024-12-03T16:03:26.490+0000] {processor.py:154} INFO - Started process (PID=1288) to work on /home/airflow/.local/lib/python3.7/site-packages/airflow/example_dags/example_branch_python_dop_operator_3.py
[2024-12-03T16:03:26.496+0000] {processor.py:756} INFO - Processing file /home/airflow/.local/lib/python3.7/site-packages/airflow/example_dags/example_branch_python_dop_operator_3.py for tasks to queue
[2024-12-03T16:03:26.499+0000] {logging_mixin.py:120} INFO - [2024-12-03T16:03:26.499+0000] {dagbag.py:537} INFO - Filling up the DagBag from /home/airflow/.local/lib/python3.7/site-packages/airflow/example_dags/example_branch_python_dop_operator_3.py
[2024-12-03T16:03:26.591+0000] {processor.py:766} INFO - DAG(s) dict_keys(['example_branch_dop_operator_v3']) retrieved from /home/airflow/.local/lib/python3.7/site-packages/airflow/example_dags/example_branch_python_dop_operator_3.py
[2024-12-03T16:03:26.712+0000] {logging_mixin.py:120} INFO - [2024-12-03T16:03:26.712+0000] {dag.py:2585} INFO - Sync 1 DAGs
[2024-12-03T16:03:26.796+0000] {logging_mixin.py:120} INFO - [2024-12-03T16:03:26.795+0000] {dag.py:3340} INFO - Setting next_dagrun for example_branch_dop_operator_v3 to 2024-12-03T16:02:00+00:00, run_after=2024-12-03T16:03:00+00:00
[2024-12-03T16:03:26.872+0000] {processor.py:176} INFO - Processing /home/airflow/.local/lib/python3.7/site-packages/airflow/example_dags/example_branch_python_dop_operator_3.py took 0.392 seconds
[2024-12-03T16:03:57.199+0000] {processor.py:154} INFO - Started process (PID=1353) to work on /home/airflow/.local/lib/python3.7/site-packages/airflow/example_dags/example_branch_python_dop_operator_3.py
[2024-12-03T16:03:57.201+0000] {processor.py:756} INFO - Processing file /home/airflow/.local/lib/python3.7/site-packages/airflow/example_dags/example_branch_python_dop_operator_3.py for tasks to queue
[2024-12-03T16:03:57.203+0000] {logging_mixin.py:120} INFO - [2024-12-03T16:03:57.202+0000] {dagbag.py:537} INFO - Filling up the DagBag from /home/airflow/.local/lib/python3.7/site-packages/airflow/example_dags/example_branch_python_dop_operator_3.py
[2024-12-03T16:03:57.250+0000] {processor.py:766} INFO - DAG(s) dict_keys(['example_branch_dop_operator_v3']) retrieved from /home/airflow/.local/lib/python3.7/site-packages/airflow/example_dags/example_branch_python_dop_operator_3.py
[2024-12-03T16:03:57.340+0000] {logging_mixin.py:120} INFO - [2024-12-03T16:03:57.340+0000] {dag.py:2585} INFO - Sync 1 DAGs
[2024-12-03T16:03:57.398+0000] {logging_mixin.py:120} INFO - [2024-12-03T16:03:57.397+0000] {dag.py:3340} INFO - Setting next_dagrun for example_branch_dop_operator_v3 to 2024-12-03T16:02:00+00:00, run_after=2024-12-03T16:03:00+00:00
[2024-12-03T16:03:57.440+0000] {processor.py:176} INFO - Processing /home/airflow/.local/lib/python3.7/site-packages/airflow/example_dags/example_branch_python_dop_operator_3.py took 0.248 seconds
[2024-12-03T16:04:27.669+0000] {processor.py:154} INFO - Started process (PID=1409) to work on /home/airflow/.local/lib/python3.7/site-packages/airflow/example_dags/example_branch_python_dop_operator_3.py
[2024-12-03T16:04:27.671+0000] {processor.py:756} INFO - Processing file /home/airflow/.local/lib/python3.7/site-packages/airflow/example_dags/example_branch_python_dop_operator_3.py for tasks to queue
[2024-12-03T16:04:27.673+0000] {logging_mixin.py:120} INFO - [2024-12-03T16:04:27.673+0000] {dagbag.py:537} INFO - Filling up the DagBag from /home/airflow/.local/lib/python3.7/site-packages/airflow/example_dags/example_branch_python_dop_operator_3.py
[2024-12-03T16:04:27.733+0000] {processor.py:766} INFO - DAG(s) dict_keys(['example_branch_dop_operator_v3']) retrieved from /home/airflow/.local/lib/python3.7/site-packages/airflow/example_dags/example_branch_python_dop_operator_3.py
[2024-12-03T16:04:27.864+0000] {logging_mixin.py:120} INFO - [2024-12-03T16:04:27.863+0000] {dag.py:2585} INFO - Sync 1 DAGs
[2024-12-03T16:04:27.955+0000] {logging_mixin.py:120} INFO - [2024-12-03T16:04:27.954+0000] {dag.py:3340} INFO - Setting next_dagrun for example_branch_dop_operator_v3 to 2024-12-03T16:03:00+00:00, run_after=2024-12-03T16:04:00+00:00
[2024-12-03T16:04:28.022+0000] {processor.py:176} INFO - Processing /home/airflow/.local/lib/python3.7/site-packages/airflow/example_dags/example_branch_python_dop_operator_3.py took 0.360 seconds
[2024-12-03T16:04:58.877+0000] {processor.py:154} INFO - Started process (PID=1464) to work on /home/airflow/.local/lib/python3.7/site-packages/airflow/example_dags/example_branch_python_dop_operator_3.py
[2024-12-03T16:04:58.879+0000] {processor.py:756} INFO - Processing file /home/airflow/.local/lib/python3.7/site-packages/airflow/example_dags/example_branch_python_dop_operator_3.py for tasks to queue
[2024-12-03T16:04:58.882+0000] {logging_mixin.py:120} INFO - [2024-12-03T16:04:58.881+0000] {dagbag.py:537} INFO - Filling up the DagBag from /home/airflow/.local/lib/python3.7/site-packages/airflow/example_dags/example_branch_python_dop_operator_3.py
[2024-12-03T16:04:58.934+0000] {processor.py:766} INFO - DAG(s) dict_keys(['example_branch_dop_operator_v3']) retrieved from /home/airflow/.local/lib/python3.7/site-packages/airflow/example_dags/example_branch_python_dop_operator_3.py
[2024-12-03T16:04:59.060+0000] {logging_mixin.py:120} INFO - [2024-12-03T16:04:59.060+0000] {dag.py:2585} INFO - Sync 1 DAGs
[2024-12-03T16:04:59.141+0000] {logging_mixin.py:120} INFO - [2024-12-03T16:04:59.140+0000] {dag.py:3340} INFO - Setting next_dagrun for example_branch_dop_operator_v3 to 2024-12-03T16:03:00+00:00, run_after=2024-12-03T16:04:00+00:00
[2024-12-03T16:04:59.207+0000] {processor.py:176} INFO - Processing /home/airflow/.local/lib/python3.7/site-packages/airflow/example_dags/example_branch_python_dop_operator_3.py took 0.337 seconds
[2024-12-03T16:05:29.635+0000] {processor.py:154} INFO - Started process (PID=1519) to work on /home/airflow/.local/lib/python3.7/site-packages/airflow/example_dags/example_branch_python_dop_operator_3.py
[2024-12-03T16:05:29.637+0000] {processor.py:756} INFO - Processing file /home/airflow/.local/lib/python3.7/site-packages/airflow/example_dags/example_branch_python_dop_operator_3.py for tasks to queue
[2024-12-03T16:05:29.641+0000] {logging_mixin.py:120} INFO - [2024-12-03T16:05:29.641+0000] {dagbag.py:537} INFO - Filling up the DagBag from /home/airflow/.local/lib/python3.7/site-packages/airflow/example_dags/example_branch_python_dop_operator_3.py
[2024-12-03T16:05:29.716+0000] {processor.py:766} INFO - DAG(s) dict_keys(['example_branch_dop_operator_v3']) retrieved from /home/airflow/.local/lib/python3.7/site-packages/airflow/example_dags/example_branch_python_dop_operator_3.py
[2024-12-03T16:05:29.823+0000] {logging_mixin.py:120} INFO - [2024-12-03T16:05:29.822+0000] {dag.py:2585} INFO - Sync 1 DAGs
[2024-12-03T16:05:29.908+0000] {logging_mixin.py:120} INFO - [2024-12-03T16:05:29.908+0000] {dag.py:3340} INFO - Setting next_dagrun for example_branch_dop_operator_v3 to 2024-12-03T16:04:00+00:00, run_after=2024-12-03T16:05:00+00:00
[2024-12-03T16:05:29.962+0000] {processor.py:176} INFO - Processing /home/airflow/.local/lib/python3.7/site-packages/airflow/example_dags/example_branch_python_dop_operator_3.py took 0.333 seconds
[2024-12-03T16:06:00.529+0000] {processor.py:154} INFO - Started process (PID=1582) to work on /home/airflow/.local/lib/python3.7/site-packages/airflow/example_dags/example_branch_python_dop_operator_3.py
[2024-12-03T16:06:00.536+0000] {processor.py:756} INFO - Processing file /home/airflow/.local/lib/python3.7/site-packages/airflow/example_dags/example_branch_python_dop_operator_3.py for tasks to queue
[2024-12-03T16:06:00.540+0000] {logging_mixin.py:120} INFO - [2024-12-03T16:06:00.539+0000] {dagbag.py:537} INFO - Filling up the DagBag from /home/airflow/.local/lib/python3.7/site-packages/airflow/example_dags/example_branch_python_dop_operator_3.py
[2024-12-03T16:06:00.653+0000] {processor.py:766} INFO - DAG(s) dict_keys(['example_branch_dop_operator_v3']) retrieved from /home/airflow/.local/lib/python3.7/site-packages/airflow/example_dags/example_branch_python_dop_operator_3.py
[2024-12-03T16:06:00.803+0000] {logging_mixin.py:120} INFO - [2024-12-03T16:06:00.803+0000] {dag.py:2585} INFO - Sync 1 DAGs
[2024-12-03T16:06:00.941+0000] {logging_mixin.py:120} INFO - [2024-12-03T16:06:00.940+0000] {dag.py:3340} INFO - Setting next_dagrun for example_branch_dop_operator_v3 to 2024-12-03T16:05:00+00:00, run_after=2024-12-03T16:06:00+00:00
[2024-12-03T16:06:01.041+0000] {processor.py:176} INFO - Processing /home/airflow/.local/lib/python3.7/site-packages/airflow/example_dags/example_branch_python_dop_operator_3.py took 0.523 seconds
[2024-12-03T16:06:31.380+0000] {processor.py:154} INFO - Started process (PID=1638) to work on /home/airflow/.local/lib/python3.7/site-packages/airflow/example_dags/example_branch_python_dop_operator_3.py
[2024-12-03T16:06:31.383+0000] {processor.py:756} INFO - Processing file /home/airflow/.local/lib/python3.7/site-packages/airflow/example_dags/example_branch_python_dop_operator_3.py for tasks to queue
[2024-12-03T16:06:31.386+0000] {logging_mixin.py:120} INFO - [2024-12-03T16:06:31.386+0000] {dagbag.py:537} INFO - Filling up the DagBag from /home/airflow/.local/lib/python3.7/site-packages/airflow/example_dags/example_branch_python_dop_operator_3.py
[2024-12-03T16:06:31.448+0000] {processor.py:766} INFO - DAG(s) dict_keys(['example_branch_dop_operator_v3']) retrieved from /home/airflow/.local/lib/python3.7/site-packages/airflow/example_dags/example_branch_python_dop_operator_3.py
[2024-12-03T16:06:31.572+0000] {logging_mixin.py:120} INFO - [2024-12-03T16:06:31.571+0000] {dag.py:2585} INFO - Sync 1 DAGs
[2024-12-03T16:06:31.669+0000] {logging_mixin.py:120} INFO - [2024-12-03T16:06:31.668+0000] {dag.py:3340} INFO - Setting next_dagrun for example_branch_dop_operator_v3 to 2024-12-03T16:05:00+00:00, run_after=2024-12-03T16:06:00+00:00
[2024-12-03T16:06:31.748+0000] {processor.py:176} INFO - Processing /home/airflow/.local/lib/python3.7/site-packages/airflow/example_dags/example_branch_python_dop_operator_3.py took 0.376 seconds
[2024-12-03T16:07:02.387+0000] {processor.py:154} INFO - Started process (PID=1693) to work on /home/airflow/.local/lib/python3.7/site-packages/airflow/example_dags/example_branch_python_dop_operator_3.py
[2024-12-03T16:07:02.390+0000] {processor.py:756} INFO - Processing file /home/airflow/.local/lib/python3.7/site-packages/airflow/example_dags/example_branch_python_dop_operator_3.py for tasks to queue
[2024-12-03T16:07:02.394+0000] {logging_mixin.py:120} INFO - [2024-12-03T16:07:02.393+0000] {dagbag.py:537} INFO - Filling up the DagBag from /home/airflow/.local/lib/python3.7/site-packages/airflow/example_dags/example_branch_python_dop_operator_3.py
[2024-12-03T16:07:02.454+0000] {processor.py:766} INFO - DAG(s) dict_keys(['example_branch_dop_operator_v3']) retrieved from /home/airflow/.local/lib/python3.7/site-packages/airflow/example_dags/example_branch_python_dop_operator_3.py
[2024-12-03T16:07:02.621+0000] {logging_mixin.py:120} INFO - [2024-12-03T16:07:02.621+0000] {dag.py:2585} INFO - Sync 1 DAGs
[2024-12-03T16:07:02.729+0000] {logging_mixin.py:120} INFO - [2024-12-03T16:07:02.729+0000] {dag.py:3340} INFO - Setting next_dagrun for example_branch_dop_operator_v3 to 2024-12-03T16:06:00+00:00, run_after=2024-12-03T16:07:00+00:00
[2024-12-03T16:07:02.788+0000] {processor.py:176} INFO - Processing /home/airflow/.local/lib/python3.7/site-packages/airflow/example_dags/example_branch_python_dop_operator_3.py took 0.408 seconds
[2024-12-03T16:07:34.644+0000] {processor.py:154} INFO - Started process (PID=1748) to work on /home/airflow/.local/lib/python3.7/site-packages/airflow/example_dags/example_branch_python_dop_operator_3.py
[2024-12-03T16:07:34.660+0000] {processor.py:756} INFO - Processing file /home/airflow/.local/lib/python3.7/site-packages/airflow/example_dags/example_branch_python_dop_operator_3.py for tasks to queue
[2024-12-03T16:07:34.663+0000] {logging_mixin.py:120} INFO - [2024-12-03T16:07:34.662+0000] {dagbag.py:537} INFO - Filling up the DagBag from /home/airflow/.local/lib/python3.7/site-packages/airflow/example_dags/example_branch_python_dop_operator_3.py
[2024-12-03T16:07:34.810+0000] {processor.py:766} INFO - DAG(s) dict_keys(['example_branch_dop_operator_v3']) retrieved from /home/airflow/.local/lib/python3.7/site-packages/airflow/example_dags/example_branch_python_dop_operator_3.py
[2024-12-03T16:07:34.977+0000] {logging_mixin.py:120} INFO - [2024-12-03T16:07:34.976+0000] {dag.py:2585} INFO - Sync 1 DAGs
[2024-12-03T16:07:35.115+0000] {logging_mixin.py:120} INFO - [2024-12-03T16:07:35.114+0000] {dag.py:3340} INFO - Setting next_dagrun for example_branch_dop_operator_v3 to 2024-12-03T16:06:00+00:00, run_after=2024-12-03T16:07:00+00:00
[2024-12-03T16:07:35.246+0000] {processor.py:176} INFO - Processing /home/airflow/.local/lib/python3.7/site-packages/airflow/example_dags/example_branch_python_dop_operator_3.py took 0.624 seconds
[2024-12-03T16:08:05.579+0000] {processor.py:154} INFO - Started process (PID=1807) to work on /home/airflow/.local/lib/python3.7/site-packages/airflow/example_dags/example_branch_python_dop_operator_3.py
[2024-12-03T16:08:05.581+0000] {processor.py:756} INFO - Processing file /home/airflow/.local/lib/python3.7/site-packages/airflow/example_dags/example_branch_python_dop_operator_3.py for tasks to queue
[2024-12-03T16:08:05.586+0000] {logging_mixin.py:120} INFO - [2024-12-03T16:08:05.584+0000] {dagbag.py:537} INFO - Filling up the DagBag from /home/airflow/.local/lib/python3.7/site-packages/airflow/example_dags/example_branch_python_dop_operator_3.py
[2024-12-03T16:08:05.656+0000] {processor.py:766} INFO - DAG(s) dict_keys(['example_branch_dop_operator_v3']) retrieved from /home/airflow/.local/lib/python3.7/site-packages/airflow/example_dags/example_branch_python_dop_operator_3.py
[2024-12-03T16:08:05.778+0000] {logging_mixin.py:120} INFO - [2024-12-03T16:08:05.777+0000] {dag.py:2585} INFO - Sync 1 DAGs
[2024-12-03T16:08:05.868+0000] {logging_mixin.py:120} INFO - [2024-12-03T16:08:05.868+0000] {dag.py:3340} INFO - Setting next_dagrun for example_branch_dop_operator_v3 to 2024-12-03T16:07:00+00:00, run_after=2024-12-03T16:08:00+00:00
[2024-12-03T16:08:05.935+0000] {processor.py:176} INFO - Processing /home/airflow/.local/lib/python3.7/site-packages/airflow/example_dags/example_branch_python_dop_operator_3.py took 0.362 seconds
[2024-12-03T16:08:36.168+0000] {processor.py:154} INFO - Started process (PID=1866) to work on /home/airflow/.local/lib/python3.7/site-packages/airflow/example_dags/example_branch_python_dop_operator_3.py
[2024-12-03T16:08:36.171+0000] {processor.py:756} INFO - Processing file /home/airflow/.local/lib/python3.7/site-packages/airflow/example_dags/example_branch_python_dop_operator_3.py for tasks to queue
[2024-12-03T16:08:36.174+0000] {logging_mixin.py:120} INFO - [2024-12-03T16:08:36.173+0000] {dagbag.py:537} INFO - Filling up the DagBag from /home/airflow/.local/lib/python3.7/site-packages/airflow/example_dags/example_branch_python_dop_operator_3.py
[2024-12-03T16:08:36.252+0000] {processor.py:766} INFO - DAG(s) dict_keys(['example_branch_dop_operator_v3']) retrieved from /home/airflow/.local/lib/python3.7/site-packages/airflow/example_dags/example_branch_python_dop_operator_3.py
[2024-12-03T16:08:36.371+0000] {logging_mixin.py:120} INFO - [2024-12-03T16:08:36.371+0000] {dag.py:2585} INFO - Sync 1 DAGs
[2024-12-03T16:08:36.449+0000] {logging_mixin.py:120} INFO - [2024-12-03T16:08:36.448+0000] {dag.py:3340} INFO - Setting next_dagrun for example_branch_dop_operator_v3 to 2024-12-03T16:07:00+00:00, run_after=2024-12-03T16:08:00+00:00
[2024-12-03T16:08:36.504+0000] {processor.py:176} INFO - Processing /home/airflow/.local/lib/python3.7/site-packages/airflow/example_dags/example_branch_python_dop_operator_3.py took 0.349 seconds
[2024-12-03T16:09:09.831+0000] {processor.py:154} INFO - Started process (PID=1940) to work on /home/airflow/.local/lib/python3.7/site-packages/airflow/example_dags/example_branch_python_dop_operator_3.py
[2024-12-03T16:09:09.835+0000] {processor.py:756} INFO - Processing file /home/airflow/.local/lib/python3.7/site-packages/airflow/example_dags/example_branch_python_dop_operator_3.py for tasks to queue
[2024-12-03T16:09:09.840+0000] {logging_mixin.py:120} INFO - [2024-12-03T16:09:09.839+0000] {dagbag.py:537} INFO - Filling up the DagBag from /home/airflow/.local/lib/python3.7/site-packages/airflow/example_dags/example_branch_python_dop_operator_3.py
[2024-12-03T16:09:09.979+0000] {processor.py:766} INFO - DAG(s) dict_keys(['example_branch_dop_operator_v3']) retrieved from /home/airflow/.local/lib/python3.7/site-packages/airflow/example_dags/example_branch_python_dop_operator_3.py
[2024-12-03T16:09:10.253+0000] {logging_mixin.py:120} INFO - [2024-12-03T16:09:10.251+0000] {dag.py:2585} INFO - Sync 1 DAGs
[2024-12-03T16:09:10.482+0000] {logging_mixin.py:120} INFO - [2024-12-03T16:09:10.481+0000] {dag.py:3340} INFO - Setting next_dagrun for example_branch_dop_operator_v3 to 2024-12-03T16:08:00+00:00, run_after=2024-12-03T16:09:00+00:00
[2024-12-03T16:09:10.607+0000] {processor.py:176} INFO - Processing /home/airflow/.local/lib/python3.7/site-packages/airflow/example_dags/example_branch_python_dop_operator_3.py took 0.792 seconds
[2024-12-03T16:09:41.533+0000] {processor.py:154} INFO - Started process (PID=1995) to work on /home/airflow/.local/lib/python3.7/site-packages/airflow/example_dags/example_branch_python_dop_operator_3.py
[2024-12-03T16:09:41.538+0000] {processor.py:756} INFO - Processing file /home/airflow/.local/lib/python3.7/site-packages/airflow/example_dags/example_branch_python_dop_operator_3.py for tasks to queue
[2024-12-03T16:09:41.542+0000] {logging_mixin.py:120} INFO - [2024-12-03T16:09:41.541+0000] {dagbag.py:537} INFO - Filling up the DagBag from /home/airflow/.local/lib/python3.7/site-packages/airflow/example_dags/example_branch_python_dop_operator_3.py
[2024-12-03T16:09:41.633+0000] {processor.py:766} INFO - DAG(s) dict_keys(['example_branch_dop_operator_v3']) retrieved from /home/airflow/.local/lib/python3.7/site-packages/airflow/example_dags/example_branch_python_dop_operator_3.py
[2024-12-03T16:09:41.764+0000] {logging_mixin.py:120} INFO - [2024-12-03T16:09:41.764+0000] {dag.py:2585} INFO - Sync 1 DAGs
[2024-12-03T16:09:41.880+0000] {logging_mixin.py:120} INFO - [2024-12-03T16:09:41.879+0000] {dag.py:3340} INFO - Setting next_dagrun for example_branch_dop_operator_v3 to 2024-12-03T16:08:00+00:00, run_after=2024-12-03T16:09:00+00:00
[2024-12-03T16:09:41.953+0000] {processor.py:176} INFO - Processing /home/airflow/.local/lib/python3.7/site-packages/airflow/example_dags/example_branch_python_dop_operator_3.py took 0.428 seconds
[2024-12-03T16:10:12.382+0000] {processor.py:154} INFO - Started process (PID=2052) to work on /home/airflow/.local/lib/python3.7/site-packages/airflow/example_dags/example_branch_python_dop_operator_3.py
[2024-12-03T16:10:12.385+0000] {processor.py:756} INFO - Processing file /home/airflow/.local/lib/python3.7/site-packages/airflow/example_dags/example_branch_python_dop_operator_3.py for tasks to queue
[2024-12-03T16:10:12.388+0000] {logging_mixin.py:120} INFO - [2024-12-03T16:10:12.387+0000] {dagbag.py:537} INFO - Filling up the DagBag from /home/airflow/.local/lib/python3.7/site-packages/airflow/example_dags/example_branch_python_dop_operator_3.py
[2024-12-03T16:10:12.474+0000] {processor.py:766} INFO - DAG(s) dict_keys(['example_branch_dop_operator_v3']) retrieved from /home/airflow/.local/lib/python3.7/site-packages/airflow/example_dags/example_branch_python_dop_operator_3.py
[2024-12-03T16:10:12.600+0000] {logging_mixin.py:120} INFO - [2024-12-03T16:10:12.600+0000] {dag.py:2585} INFO - Sync 1 DAGs
[2024-12-03T16:10:12.697+0000] {logging_mixin.py:120} INFO - [2024-12-03T16:10:12.697+0000] {dag.py:3340} INFO - Setting next_dagrun for example_branch_dop_operator_v3 to 2024-12-03T16:09:00+00:00, run_after=2024-12-03T16:10:00+00:00
[2024-12-03T16:10:12.766+0000] {processor.py:176} INFO - Processing /home/airflow/.local/lib/python3.7/site-packages/airflow/example_dags/example_branch_python_dop_operator_3.py took 0.394 seconds
[2024-12-03T16:10:43.036+0000] {processor.py:154} INFO - Started process (PID=2107) to work on /home/airflow/.local/lib/python3.7/site-packages/airflow/example_dags/example_branch_python_dop_operator_3.py
[2024-12-03T16:10:43.039+0000] {processor.py:756} INFO - Processing file /home/airflow/.local/lib/python3.7/site-packages/airflow/example_dags/example_branch_python_dop_operator_3.py for tasks to queue
[2024-12-03T16:10:43.042+0000] {logging_mixin.py:120} INFO - [2024-12-03T16:10:43.042+0000] {dagbag.py:537} INFO - Filling up the DagBag from /home/airflow/.local/lib/python3.7/site-packages/airflow/example_dags/example_branch_python_dop_operator_3.py
[2024-12-03T16:10:43.132+0000] {processor.py:766} INFO - DAG(s) dict_keys(['example_branch_dop_operator_v3']) retrieved from /home/airflow/.local/lib/python3.7/site-packages/airflow/example_dags/example_branch_python_dop_operator_3.py
[2024-12-03T16:10:43.282+0000] {logging_mixin.py:120} INFO - [2024-12-03T16:10:43.281+0000] {dag.py:2585} INFO - Sync 1 DAGs
[2024-12-03T16:10:43.376+0000] {logging_mixin.py:120} INFO - [2024-12-03T16:10:43.376+0000] {dag.py:3340} INFO - Setting next_dagrun for example_branch_dop_operator_v3 to 2024-12-03T16:09:00+00:00, run_after=2024-12-03T16:10:00+00:00
[2024-12-03T16:10:43.429+0000] {processor.py:176} INFO - Processing /home/airflow/.local/lib/python3.7/site-packages/airflow/example_dags/example_branch_python_dop_operator_3.py took 0.403 seconds
[2024-12-03T16:11:14.107+0000] {processor.py:154} INFO - Started process (PID=2162) to work on /home/airflow/.local/lib/python3.7/site-packages/airflow/example_dags/example_branch_python_dop_operator_3.py
[2024-12-03T16:11:14.109+0000] {processor.py:756} INFO - Processing file /home/airflow/.local/lib/python3.7/site-packages/airflow/example_dags/example_branch_python_dop_operator_3.py for tasks to queue
[2024-12-03T16:11:14.112+0000] {logging_mixin.py:120} INFO - [2024-12-03T16:11:14.112+0000] {dagbag.py:537} INFO - Filling up the DagBag from /home/airflow/.local/lib/python3.7/site-packages/airflow/example_dags/example_branch_python_dop_operator_3.py
[2024-12-03T16:11:14.183+0000] {processor.py:766} INFO - DAG(s) dict_keys(['example_branch_dop_operator_v3']) retrieved from /home/airflow/.local/lib/python3.7/site-packages/airflow/example_dags/example_branch_python_dop_operator_3.py
[2024-12-03T16:11:14.294+0000] {logging_mixin.py:120} INFO - [2024-12-03T16:11:14.293+0000] {dag.py:2585} INFO - Sync 1 DAGs
[2024-12-03T16:11:14.386+0000] {logging_mixin.py:120} INFO - [2024-12-03T16:11:14.385+0000] {dag.py:3340} INFO - Setting next_dagrun for example_branch_dop_operator_v3 to 2024-12-03T16:10:00+00:00, run_after=2024-12-03T16:11:00+00:00
[2024-12-03T16:11:14.457+0000] {processor.py:176} INFO - Processing /home/airflow/.local/lib/python3.7/site-packages/airflow/example_dags/example_branch_python_dop_operator_3.py took 0.356 seconds
[2024-12-03T16:11:44.686+0000] {processor.py:154} INFO - Started process (PID=2218) to work on /home/airflow/.local/lib/python3.7/site-packages/airflow/example_dags/example_branch_python_dop_operator_3.py
[2024-12-03T16:11:44.688+0000] {processor.py:756} INFO - Processing file /home/airflow/.local/lib/python3.7/site-packages/airflow/example_dags/example_branch_python_dop_operator_3.py for tasks to queue
[2024-12-03T16:11:44.691+0000] {logging_mixin.py:120} INFO - [2024-12-03T16:11:44.690+0000] {dagbag.py:537} INFO - Filling up the DagBag from /home/airflow/.local/lib/python3.7/site-packages/airflow/example_dags/example_branch_python_dop_operator_3.py
[2024-12-03T16:11:44.751+0000] {processor.py:766} INFO - DAG(s) dict_keys(['example_branch_dop_operator_v3']) retrieved from /home/airflow/.local/lib/python3.7/site-packages/airflow/example_dags/example_branch_python_dop_operator_3.py
[2024-12-03T16:11:44.855+0000] {logging_mixin.py:120} INFO - [2024-12-03T16:11:44.855+0000] {dag.py:2585} INFO - Sync 1 DAGs
[2024-12-03T16:11:44.932+0000] {logging_mixin.py:120} INFO - [2024-12-03T16:11:44.932+0000] {dag.py:3340} INFO - Setting next_dagrun for example_branch_dop_operator_v3 to 2024-12-03T16:10:00+00:00, run_after=2024-12-03T16:11:00+00:00
[2024-12-03T16:11:44.981+0000] {processor.py:176} INFO - Processing /home/airflow/.local/lib/python3.7/site-packages/airflow/example_dags/example_branch_python_dop_operator_3.py took 0.303 seconds
[2024-12-03T16:12:15.475+0000] {processor.py:154} INFO - Started process (PID=2272) to work on /home/airflow/.local/lib/python3.7/site-packages/airflow/example_dags/example_branch_python_dop_operator_3.py
[2024-12-03T16:12:15.477+0000] {processor.py:756} INFO - Processing file /home/airflow/.local/lib/python3.7/site-packages/airflow/example_dags/example_branch_python_dop_operator_3.py for tasks to queue
[2024-12-03T16:12:15.480+0000] {logging_mixin.py:120} INFO - [2024-12-03T16:12:15.479+0000] {dagbag.py:537} INFO - Filling up the DagBag from /home/airflow/.local/lib/python3.7/site-packages/airflow/example_dags/example_branch_python_dop_operator_3.py
[2024-12-03T16:12:15.536+0000] {processor.py:766} INFO - DAG(s) dict_keys(['example_branch_dop_operator_v3']) retrieved from /home/airflow/.local/lib/python3.7/site-packages/airflow/example_dags/example_branch_python_dop_operator_3.py
[2024-12-03T16:12:15.634+0000] {logging_mixin.py:120} INFO - [2024-12-03T16:12:15.634+0000] {dag.py:2585} INFO - Sync 1 DAGs
[2024-12-03T16:12:15.706+0000] {logging_mixin.py:120} INFO - [2024-12-03T16:12:15.705+0000] {dag.py:3340} INFO - Setting next_dagrun for example_branch_dop_operator_v3 to 2024-12-03T16:11:00+00:00, run_after=2024-12-03T16:12:00+00:00
[2024-12-03T16:12:15.763+0000] {processor.py:176} INFO - Processing /home/airflow/.local/lib/python3.7/site-packages/airflow/example_dags/example_branch_python_dop_operator_3.py took 0.293 seconds
[2024-12-03T16:12:46.008+0000] {processor.py:154} INFO - Started process (PID=2327) to work on /home/airflow/.local/lib/python3.7/site-packages/airflow/example_dags/example_branch_python_dop_operator_3.py
[2024-12-03T16:12:46.011+0000] {processor.py:756} INFO - Processing file /home/airflow/.local/lib/python3.7/site-packages/airflow/example_dags/example_branch_python_dop_operator_3.py for tasks to queue
[2024-12-03T16:12:46.016+0000] {logging_mixin.py:120} INFO - [2024-12-03T16:12:46.014+0000] {dagbag.py:537} INFO - Filling up the DagBag from /home/airflow/.local/lib/python3.7/site-packages/airflow/example_dags/example_branch_python_dop_operator_3.py
[2024-12-03T16:12:46.077+0000] {processor.py:766} INFO - DAG(s) dict_keys(['example_branch_dop_operator_v3']) retrieved from /home/airflow/.local/lib/python3.7/site-packages/airflow/example_dags/example_branch_python_dop_operator_3.py
[2024-12-03T16:12:46.187+0000] {logging_mixin.py:120} INFO - [2024-12-03T16:12:46.187+0000] {dag.py:2585} INFO - Sync 1 DAGs
[2024-12-03T16:12:46.297+0000] {logging_mixin.py:120} INFO - [2024-12-03T16:12:46.297+0000] {dag.py:3340} INFO - Setting next_dagrun for example_branch_dop_operator_v3 to 2024-12-03T16:11:00+00:00, run_after=2024-12-03T16:12:00+00:00
[2024-12-03T16:12:46.362+0000] {processor.py:176} INFO - Processing /home/airflow/.local/lib/python3.7/site-packages/airflow/example_dags/example_branch_python_dop_operator_3.py took 0.360 seconds
[2024-12-03T16:13:16.957+0000] {processor.py:154} INFO - Started process (PID=2384) to work on /home/airflow/.local/lib/python3.7/site-packages/airflow/example_dags/example_branch_python_dop_operator_3.py
[2024-12-03T16:13:16.961+0000] {processor.py:756} INFO - Processing file /home/airflow/.local/lib/python3.7/site-packages/airflow/example_dags/example_branch_python_dop_operator_3.py for tasks to queue
[2024-12-03T16:13:16.963+0000] {logging_mixin.py:120} INFO - [2024-12-03T16:13:16.963+0000] {dagbag.py:537} INFO - Filling up the DagBag from /home/airflow/.local/lib/python3.7/site-packages/airflow/example_dags/example_branch_python_dop_operator_3.py
[2024-12-03T16:13:17.057+0000] {processor.py:766} INFO - DAG(s) dict_keys(['example_branch_dop_operator_v3']) retrieved from /home/airflow/.local/lib/python3.7/site-packages/airflow/example_dags/example_branch_python_dop_operator_3.py
[2024-12-03T16:13:17.218+0000] {logging_mixin.py:120} INFO - [2024-12-03T16:13:17.218+0000] {dag.py:2585} INFO - Sync 1 DAGs
[2024-12-03T16:13:17.373+0000] {logging_mixin.py:120} INFO - [2024-12-03T16:13:17.372+0000] {dag.py:3340} INFO - Setting next_dagrun for example_branch_dop_operator_v3 to 2024-12-03T16:12:00+00:00, run_after=2024-12-03T16:13:00+00:00
[2024-12-03T16:13:17.467+0000] {processor.py:176} INFO - Processing /home/airflow/.local/lib/python3.7/site-packages/airflow/example_dags/example_branch_python_dop_operator_3.py took 0.517 seconds
[2024-12-03T16:13:47.699+0000] {processor.py:154} INFO - Started process (PID=2448) to work on /home/airflow/.local/lib/python3.7/site-packages/airflow/example_dags/example_branch_python_dop_operator_3.py
[2024-12-03T16:13:47.702+0000] {processor.py:756} INFO - Processing file /home/airflow/.local/lib/python3.7/site-packages/airflow/example_dags/example_branch_python_dop_operator_3.py for tasks to queue
[2024-12-03T16:13:47.706+0000] {logging_mixin.py:120} INFO - [2024-12-03T16:13:47.705+0000] {dagbag.py:537} INFO - Filling up the DagBag from /home/airflow/.local/lib/python3.7/site-packages/airflow/example_dags/example_branch_python_dop_operator_3.py
[2024-12-03T16:13:47.788+0000] {processor.py:766} INFO - DAG(s) dict_keys(['example_branch_dop_operator_v3']) retrieved from /home/airflow/.local/lib/python3.7/site-packages/airflow/example_dags/example_branch_python_dop_operator_3.py
[2024-12-03T16:13:47.918+0000] {logging_mixin.py:120} INFO - [2024-12-03T16:13:47.918+0000] {dag.py:2585} INFO - Sync 1 DAGs
[2024-12-03T16:13:48.030+0000] {logging_mixin.py:120} INFO - [2024-12-03T16:13:48.030+0000] {dag.py:3340} INFO - Setting next_dagrun for example_branch_dop_operator_v3 to 2024-12-03T16:12:00+00:00, run_after=2024-12-03T16:13:00+00:00
[2024-12-03T16:13:48.103+0000] {processor.py:176} INFO - Processing /home/airflow/.local/lib/python3.7/site-packages/airflow/example_dags/example_branch_python_dop_operator_3.py took 0.413 seconds
[2024-12-03T16:14:18.541+0000] {processor.py:154} INFO - Started process (PID=2514) to work on /home/airflow/.local/lib/python3.7/site-packages/airflow/example_dags/example_branch_python_dop_operator_3.py
[2024-12-03T16:14:18.545+0000] {processor.py:756} INFO - Processing file /home/airflow/.local/lib/python3.7/site-packages/airflow/example_dags/example_branch_python_dop_operator_3.py for tasks to queue
[2024-12-03T16:14:18.549+0000] {logging_mixin.py:120} INFO - [2024-12-03T16:14:18.548+0000] {dagbag.py:537} INFO - Filling up the DagBag from /home/airflow/.local/lib/python3.7/site-packages/airflow/example_dags/example_branch_python_dop_operator_3.py
[2024-12-03T16:14:18.672+0000] {processor.py:766} INFO - DAG(s) dict_keys(['example_branch_dop_operator_v3']) retrieved from /home/airflow/.local/lib/python3.7/site-packages/airflow/example_dags/example_branch_python_dop_operator_3.py
[2024-12-03T16:14:18.889+0000] {logging_mixin.py:120} INFO - [2024-12-03T16:14:18.889+0000] {dag.py:2585} INFO - Sync 1 DAGs
[2024-12-03T16:14:19.084+0000] {logging_mixin.py:120} INFO - [2024-12-03T16:14:19.084+0000] {dag.py:3340} INFO - Setting next_dagrun for example_branch_dop_operator_v3 to 2024-12-03T16:13:00+00:00, run_after=2024-12-03T16:14:00+00:00
[2024-12-03T16:14:19.210+0000] {processor.py:176} INFO - Processing /home/airflow/.local/lib/python3.7/site-packages/airflow/example_dags/example_branch_python_dop_operator_3.py took 0.678 seconds
[2024-12-03T16:14:50.032+0000] {processor.py:154} INFO - Started process (PID=2569) to work on /home/airflow/.local/lib/python3.7/site-packages/airflow/example_dags/example_branch_python_dop_operator_3.py
[2024-12-03T16:14:50.034+0000] {processor.py:756} INFO - Processing file /home/airflow/.local/lib/python3.7/site-packages/airflow/example_dags/example_branch_python_dop_operator_3.py for tasks to queue
[2024-12-03T16:14:50.037+0000] {logging_mixin.py:120} INFO - [2024-12-03T16:14:50.037+0000] {dagbag.py:537} INFO - Filling up the DagBag from /home/airflow/.local/lib/python3.7/site-packages/airflow/example_dags/example_branch_python_dop_operator_3.py
[2024-12-03T16:14:50.119+0000] {processor.py:766} INFO - DAG(s) dict_keys(['example_branch_dop_operator_v3']) retrieved from /home/airflow/.local/lib/python3.7/site-packages/airflow/example_dags/example_branch_python_dop_operator_3.py
[2024-12-03T16:14:50.223+0000] {logging_mixin.py:120} INFO - [2024-12-03T16:14:50.223+0000] {dag.py:2585} INFO - Sync 1 DAGs
[2024-12-03T16:14:50.306+0000] {logging_mixin.py:120} INFO - [2024-12-03T16:14:50.306+0000] {dag.py:3340} INFO - Setting next_dagrun for example_branch_dop_operator_v3 to 2024-12-03T16:13:00+00:00, run_after=2024-12-03T16:14:00+00:00
[2024-12-03T16:14:50.359+0000] {processor.py:176} INFO - Processing /home/airflow/.local/lib/python3.7/site-packages/airflow/example_dags/example_branch_python_dop_operator_3.py took 0.336 seconds
[2024-12-03T16:15:20.601+0000] {processor.py:154} INFO - Started process (PID=2624) to work on /home/airflow/.local/lib/python3.7/site-packages/airflow/example_dags/example_branch_python_dop_operator_3.py
[2024-12-03T16:15:20.603+0000] {processor.py:756} INFO - Processing file /home/airflow/.local/lib/python3.7/site-packages/airflow/example_dags/example_branch_python_dop_operator_3.py for tasks to queue
[2024-12-03T16:15:20.610+0000] {logging_mixin.py:120} INFO - [2024-12-03T16:15:20.609+0000] {dagbag.py:537} INFO - Filling up the DagBag from /home/airflow/.local/lib/python3.7/site-packages/airflow/example_dags/example_branch_python_dop_operator_3.py
[2024-12-03T16:15:20.675+0000] {processor.py:766} INFO - DAG(s) dict_keys(['example_branch_dop_operator_v3']) retrieved from /home/airflow/.local/lib/python3.7/site-packages/airflow/example_dags/example_branch_python_dop_operator_3.py
[2024-12-03T16:15:20.773+0000] {logging_mixin.py:120} INFO - [2024-12-03T16:15:20.773+0000] {dag.py:2585} INFO - Sync 1 DAGs
[2024-12-03T16:15:20.857+0000] {logging_mixin.py:120} INFO - [2024-12-03T16:15:20.856+0000] {dag.py:3340} INFO - Setting next_dagrun for example_branch_dop_operator_v3 to 2024-12-03T16:14:00+00:00, run_after=2024-12-03T16:15:00+00:00
[2024-12-03T16:15:20.925+0000] {processor.py:176} INFO - Processing /home/airflow/.local/lib/python3.7/site-packages/airflow/example_dags/example_branch_python_dop_operator_3.py took 0.331 seconds
[2024-12-03T16:15:51.397+0000] {processor.py:154} INFO - Started process (PID=2680) to work on /home/airflow/.local/lib/python3.7/site-packages/airflow/example_dags/example_branch_python_dop_operator_3.py
[2024-12-03T16:15:51.400+0000] {processor.py:756} INFO - Processing file /home/airflow/.local/lib/python3.7/site-packages/airflow/example_dags/example_branch_python_dop_operator_3.py for tasks to queue
[2024-12-03T16:15:51.404+0000] {logging_mixin.py:120} INFO - [2024-12-03T16:15:51.404+0000] {dagbag.py:537} INFO - Filling up the DagBag from /home/airflow/.local/lib/python3.7/site-packages/airflow/example_dags/example_branch_python_dop_operator_3.py
[2024-12-03T16:15:51.462+0000] {processor.py:766} INFO - DAG(s) dict_keys(['example_branch_dop_operator_v3']) retrieved from /home/airflow/.local/lib/python3.7/site-packages/airflow/example_dags/example_branch_python_dop_operator_3.py
[2024-12-03T16:15:51.597+0000] {logging_mixin.py:120} INFO - [2024-12-03T16:15:51.596+0000] {dag.py:2585} INFO - Sync 1 DAGs
[2024-12-03T16:15:51.698+0000] {logging_mixin.py:120} INFO - [2024-12-03T16:15:51.698+0000] {dag.py:3340} INFO - Setting next_dagrun for example_branch_dop_operator_v3 to 2024-12-03T16:14:00+00:00, run_after=2024-12-03T16:15:00+00:00
[2024-12-03T16:15:51.777+0000] {processor.py:176} INFO - Processing /home/airflow/.local/lib/python3.7/site-packages/airflow/example_dags/example_branch_python_dop_operator_3.py took 0.387 seconds
[2024-12-03T16:16:22.285+0000] {processor.py:154} INFO - Started process (PID=2736) to work on /home/airflow/.local/lib/python3.7/site-packages/airflow/example_dags/example_branch_python_dop_operator_3.py
[2024-12-03T16:16:22.287+0000] {processor.py:756} INFO - Processing file /home/airflow/.local/lib/python3.7/site-packages/airflow/example_dags/example_branch_python_dop_operator_3.py for tasks to queue
[2024-12-03T16:16:22.290+0000] {logging_mixin.py:120} INFO - [2024-12-03T16:16:22.289+0000] {dagbag.py:537} INFO - Filling up the DagBag from /home/airflow/.local/lib/python3.7/site-packages/airflow/example_dags/example_branch_python_dop_operator_3.py
[2024-12-03T16:16:22.363+0000] {processor.py:766} INFO - DAG(s) dict_keys(['example_branch_dop_operator_v3']) retrieved from /home/airflow/.local/lib/python3.7/site-packages/airflow/example_dags/example_branch_python_dop_operator_3.py
[2024-12-03T16:16:22.516+0000] {logging_mixin.py:120} INFO - [2024-12-03T16:16:22.513+0000] {dag.py:2585} INFO - Sync 1 DAGs
[2024-12-03T16:16:22.602+0000] {logging_mixin.py:120} INFO - [2024-12-03T16:16:22.602+0000] {dag.py:3340} INFO - Setting next_dagrun for example_branch_dop_operator_v3 to 2024-12-03T16:15:00+00:00, run_after=2024-12-03T16:16:00+00:00
[2024-12-03T16:16:22.665+0000] {processor.py:176} INFO - Processing /home/airflow/.local/lib/python3.7/site-packages/airflow/example_dags/example_branch_python_dop_operator_3.py took 0.393 seconds
[2024-12-03T16:16:53.347+0000] {processor.py:154} INFO - Started process (PID=2801) to work on /home/airflow/.local/lib/python3.7/site-packages/airflow/example_dags/example_branch_python_dop_operator_3.py
[2024-12-03T16:16:53.364+0000] {processor.py:756} INFO - Processing file /home/airflow/.local/lib/python3.7/site-packages/airflow/example_dags/example_branch_python_dop_operator_3.py for tasks to queue
[2024-12-03T16:16:53.367+0000] {logging_mixin.py:120} INFO - [2024-12-03T16:16:53.366+0000] {dagbag.py:537} INFO - Filling up the DagBag from /home/airflow/.local/lib/python3.7/site-packages/airflow/example_dags/example_branch_python_dop_operator_3.py
[2024-12-03T16:16:53.437+0000] {processor.py:766} INFO - DAG(s) dict_keys(['example_branch_dop_operator_v3']) retrieved from /home/airflow/.local/lib/python3.7/site-packages/airflow/example_dags/example_branch_python_dop_operator_3.py
[2024-12-03T16:16:53.559+0000] {logging_mixin.py:120} INFO - [2024-12-03T16:16:53.558+0000] {dag.py:2585} INFO - Sync 1 DAGs
[2024-12-03T16:16:53.686+0000] {logging_mixin.py:120} INFO - [2024-12-03T16:16:53.686+0000] {dag.py:3340} INFO - Setting next_dagrun for example_branch_dop_operator_v3 to 2024-12-03T16:15:00+00:00, run_after=2024-12-03T16:16:00+00:00
[2024-12-03T16:16:53.759+0000] {processor.py:176} INFO - Processing /home/airflow/.local/lib/python3.7/site-packages/airflow/example_dags/example_branch_python_dop_operator_3.py took 0.420 seconds
[2024-12-03T16:17:24.116+0000] {processor.py:154} INFO - Started process (PID=2856) to work on /home/airflow/.local/lib/python3.7/site-packages/airflow/example_dags/example_branch_python_dop_operator_3.py
[2024-12-03T16:17:24.118+0000] {processor.py:756} INFO - Processing file /home/airflow/.local/lib/python3.7/site-packages/airflow/example_dags/example_branch_python_dop_operator_3.py for tasks to queue
[2024-12-03T16:17:24.120+0000] {logging_mixin.py:120} INFO - [2024-12-03T16:17:24.120+0000] {dagbag.py:537} INFO - Filling up the DagBag from /home/airflow/.local/lib/python3.7/site-packages/airflow/example_dags/example_branch_python_dop_operator_3.py
[2024-12-03T16:17:24.194+0000] {processor.py:766} INFO - DAG(s) dict_keys(['example_branch_dop_operator_v3']) retrieved from /home/airflow/.local/lib/python3.7/site-packages/airflow/example_dags/example_branch_python_dop_operator_3.py
[2024-12-03T16:17:24.302+0000] {logging_mixin.py:120} INFO - [2024-12-03T16:17:24.301+0000] {dag.py:2585} INFO - Sync 1 DAGs
[2024-12-03T16:17:24.388+0000] {logging_mixin.py:120} INFO - [2024-12-03T16:17:24.388+0000] {dag.py:3340} INFO - Setting next_dagrun for example_branch_dop_operator_v3 to 2024-12-03T16:16:00+00:00, run_after=2024-12-03T16:17:00+00:00
[2024-12-03T16:17:24.449+0000] {processor.py:176} INFO - Processing /home/airflow/.local/lib/python3.7/site-packages/airflow/example_dags/example_branch_python_dop_operator_3.py took 0.344 seconds
[2024-12-03T16:17:54.788+0000] {processor.py:154} INFO - Started process (PID=2912) to work on /home/airflow/.local/lib/python3.7/site-packages/airflow/example_dags/example_branch_python_dop_operator_3.py
[2024-12-03T16:17:54.790+0000] {processor.py:756} INFO - Processing file /home/airflow/.local/lib/python3.7/site-packages/airflow/example_dags/example_branch_python_dop_operator_3.py for tasks to queue
[2024-12-03T16:17:54.793+0000] {logging_mixin.py:120} INFO - [2024-12-03T16:17:54.792+0000] {dagbag.py:537} INFO - Filling up the DagBag from /home/airflow/.local/lib/python3.7/site-packages/airflow/example_dags/example_branch_python_dop_operator_3.py
[2024-12-03T16:17:54.858+0000] {processor.py:766} INFO - DAG(s) dict_keys(['example_branch_dop_operator_v3']) retrieved from /home/airflow/.local/lib/python3.7/site-packages/airflow/example_dags/example_branch_python_dop_operator_3.py
[2024-12-03T16:17:54.985+0000] {logging_mixin.py:120} INFO - [2024-12-03T16:17:54.984+0000] {dag.py:2585} INFO - Sync 1 DAGs
[2024-12-03T16:17:55.088+0000] {logging_mixin.py:120} INFO - [2024-12-03T16:17:55.087+0000] {dag.py:3340} INFO - Setting next_dagrun for example_branch_dop_operator_v3 to 2024-12-03T16:16:00+00:00, run_after=2024-12-03T16:17:00+00:00
[2024-12-03T16:17:55.154+0000] {processor.py:176} INFO - Processing /home/airflow/.local/lib/python3.7/site-packages/airflow/example_dags/example_branch_python_dop_operator_3.py took 0.373 seconds
[2024-12-03T16:18:25.631+0000] {processor.py:154} INFO - Started process (PID=2971) to work on /home/airflow/.local/lib/python3.7/site-packages/airflow/example_dags/example_branch_python_dop_operator_3.py
[2024-12-03T16:18:25.634+0000] {processor.py:756} INFO - Processing file /home/airflow/.local/lib/python3.7/site-packages/airflow/example_dags/example_branch_python_dop_operator_3.py for tasks to queue
[2024-12-03T16:18:25.637+0000] {logging_mixin.py:120} INFO - [2024-12-03T16:18:25.636+0000] {dagbag.py:537} INFO - Filling up the DagBag from /home/airflow/.local/lib/python3.7/site-packages/airflow/example_dags/example_branch_python_dop_operator_3.py
[2024-12-03T16:18:25.690+0000] {processor.py:766} INFO - DAG(s) dict_keys(['example_branch_dop_operator_v3']) retrieved from /home/airflow/.local/lib/python3.7/site-packages/airflow/example_dags/example_branch_python_dop_operator_3.py
[2024-12-03T16:18:25.783+0000] {logging_mixin.py:120} INFO - [2024-12-03T16:18:25.782+0000] {dag.py:2585} INFO - Sync 1 DAGs
[2024-12-03T16:18:25.860+0000] {logging_mixin.py:120} INFO - [2024-12-03T16:18:25.859+0000] {dag.py:3340} INFO - Setting next_dagrun for example_branch_dop_operator_v3 to 2024-12-03T16:17:00+00:00, run_after=2024-12-03T16:18:00+00:00
[2024-12-03T16:18:25.918+0000] {processor.py:176} INFO - Processing /home/airflow/.local/lib/python3.7/site-packages/airflow/example_dags/example_branch_python_dop_operator_3.py took 0.297 seconds
[2024-12-03T16:18:56.203+0000] {processor.py:154} INFO - Started process (PID=3033) to work on /home/airflow/.local/lib/python3.7/site-packages/airflow/example_dags/example_branch_python_dop_operator_3.py
[2024-12-03T16:18:56.205+0000] {processor.py:756} INFO - Processing file /home/airflow/.local/lib/python3.7/site-packages/airflow/example_dags/example_branch_python_dop_operator_3.py for tasks to queue
[2024-12-03T16:18:56.207+0000] {logging_mixin.py:120} INFO - [2024-12-03T16:18:56.206+0000] {dagbag.py:537} INFO - Filling up the DagBag from /home/airflow/.local/lib/python3.7/site-packages/airflow/example_dags/example_branch_python_dop_operator_3.py
[2024-12-03T16:18:56.256+0000] {processor.py:766} INFO - DAG(s) dict_keys(['example_branch_dop_operator_v3']) retrieved from /home/airflow/.local/lib/python3.7/site-packages/airflow/example_dags/example_branch_python_dop_operator_3.py
[2024-12-03T16:18:56.328+0000] {logging_mixin.py:120} INFO - [2024-12-03T16:18:56.328+0000] {dag.py:2585} INFO - Sync 1 DAGs
[2024-12-03T16:18:56.407+0000] {logging_mixin.py:120} INFO - [2024-12-03T16:18:56.406+0000] {dag.py:3340} INFO - Setting next_dagrun for example_branch_dop_operator_v3 to 2024-12-03T16:17:00+00:00, run_after=2024-12-03T16:18:00+00:00
[2024-12-03T16:18:56.472+0000] {processor.py:176} INFO - Processing /home/airflow/.local/lib/python3.7/site-packages/airflow/example_dags/example_branch_python_dop_operator_3.py took 0.273 seconds
[2024-12-03T16:19:26.585+0000] {processor.py:154} INFO - Started process (PID=3099) to work on /home/airflow/.local/lib/python3.7/site-packages/airflow/example_dags/example_branch_python_dop_operator_3.py
[2024-12-03T16:19:26.587+0000] {processor.py:756} INFO - Processing file /home/airflow/.local/lib/python3.7/site-packages/airflow/example_dags/example_branch_python_dop_operator_3.py for tasks to queue
[2024-12-03T16:19:26.588+0000] {logging_mixin.py:120} INFO - [2024-12-03T16:19:26.588+0000] {dagbag.py:537} INFO - Filling up the DagBag from /home/airflow/.local/lib/python3.7/site-packages/airflow/example_dags/example_branch_python_dop_operator_3.py
[2024-12-03T16:19:26.623+0000] {processor.py:766} INFO - DAG(s) dict_keys(['example_branch_dop_operator_v3']) retrieved from /home/airflow/.local/lib/python3.7/site-packages/airflow/example_dags/example_branch_python_dop_operator_3.py
[2024-12-03T16:19:26.687+0000] {logging_mixin.py:120} INFO - [2024-12-03T16:19:26.687+0000] {dag.py:2585} INFO - Sync 1 DAGs
[2024-12-03T16:19:26.749+0000] {logging_mixin.py:120} INFO - [2024-12-03T16:19:26.749+0000] {dag.py:3340} INFO - Setting next_dagrun for example_branch_dop_operator_v3 to 2024-12-03T16:18:00+00:00, run_after=2024-12-03T16:19:00+00:00
[2024-12-03T16:19:26.805+0000] {processor.py:176} INFO - Processing /home/airflow/.local/lib/python3.7/site-packages/airflow/example_dags/example_branch_python_dop_operator_3.py took 0.225 seconds
[2024-12-03T16:19:57.142+0000] {processor.py:154} INFO - Started process (PID=3167) to work on /home/airflow/.local/lib/python3.7/site-packages/airflow/example_dags/example_branch_python_dop_operator_3.py
[2024-12-03T16:19:57.146+0000] {processor.py:756} INFO - Processing file /home/airflow/.local/lib/python3.7/site-packages/airflow/example_dags/example_branch_python_dop_operator_3.py for tasks to queue
[2024-12-03T16:19:57.148+0000] {logging_mixin.py:120} INFO - [2024-12-03T16:19:57.147+0000] {dagbag.py:537} INFO - Filling up the DagBag from /home/airflow/.local/lib/python3.7/site-packages/airflow/example_dags/example_branch_python_dop_operator_3.py
[2024-12-03T16:19:57.204+0000] {processor.py:766} INFO - DAG(s) dict_keys(['example_branch_dop_operator_v3']) retrieved from /home/airflow/.local/lib/python3.7/site-packages/airflow/example_dags/example_branch_python_dop_operator_3.py
[2024-12-03T16:19:57.308+0000] {logging_mixin.py:120} INFO - [2024-12-03T16:19:57.307+0000] {dag.py:2585} INFO - Sync 1 DAGs
[2024-12-03T16:19:57.403+0000] {logging_mixin.py:120} INFO - [2024-12-03T16:19:57.403+0000] {dag.py:3340} INFO - Setting next_dagrun for example_branch_dop_operator_v3 to 2024-12-03T16:18:00+00:00, run_after=2024-12-03T16:19:00+00:00
[2024-12-03T16:19:57.462+0000] {processor.py:176} INFO - Processing /home/airflow/.local/lib/python3.7/site-packages/airflow/example_dags/example_branch_python_dop_operator_3.py took 0.326 seconds
[2024-12-03T16:20:27.901+0000] {processor.py:154} INFO - Started process (PID=3231) to work on /home/airflow/.local/lib/python3.7/site-packages/airflow/example_dags/example_branch_python_dop_operator_3.py
[2024-12-03T16:20:27.903+0000] {processor.py:756} INFO - Processing file /home/airflow/.local/lib/python3.7/site-packages/airflow/example_dags/example_branch_python_dop_operator_3.py for tasks to queue
[2024-12-03T16:20:27.905+0000] {logging_mixin.py:120} INFO - [2024-12-03T16:20:27.904+0000] {dagbag.py:537} INFO - Filling up the DagBag from /home/airflow/.local/lib/python3.7/site-packages/airflow/example_dags/example_branch_python_dop_operator_3.py
[2024-12-03T16:20:27.940+0000] {processor.py:766} INFO - DAG(s) dict_keys(['example_branch_dop_operator_v3']) retrieved from /home/airflow/.local/lib/python3.7/site-packages/airflow/example_dags/example_branch_python_dop_operator_3.py
[2024-12-03T16:20:28.000+0000] {logging_mixin.py:120} INFO - [2024-12-03T16:20:27.999+0000] {dag.py:2585} INFO - Sync 1 DAGs
[2024-12-03T16:20:28.045+0000] {logging_mixin.py:120} INFO - [2024-12-03T16:20:28.045+0000] {dag.py:3340} INFO - Setting next_dagrun for example_branch_dop_operator_v3 to 2024-12-03T16:19:00+00:00, run_after=2024-12-03T16:20:00+00:00
[2024-12-03T16:20:28.076+0000] {processor.py:176} INFO - Processing /home/airflow/.local/lib/python3.7/site-packages/airflow/example_dags/example_branch_python_dop_operator_3.py took 0.180 seconds
[2024-12-03T16:20:58.517+0000] {processor.py:154} INFO - Started process (PID=3286) to work on /home/airflow/.local/lib/python3.7/site-packages/airflow/example_dags/example_branch_python_dop_operator_3.py
[2024-12-03T16:20:58.518+0000] {processor.py:756} INFO - Processing file /home/airflow/.local/lib/python3.7/site-packages/airflow/example_dags/example_branch_python_dop_operator_3.py for tasks to queue
[2024-12-03T16:20:58.519+0000] {logging_mixin.py:120} INFO - [2024-12-03T16:20:58.519+0000] {dagbag.py:537} INFO - Filling up the DagBag from /home/airflow/.local/lib/python3.7/site-packages/airflow/example_dags/example_branch_python_dop_operator_3.py
[2024-12-03T16:20:58.548+0000] {processor.py:766} INFO - DAG(s) dict_keys(['example_branch_dop_operator_v3']) retrieved from /home/airflow/.local/lib/python3.7/site-packages/airflow/example_dags/example_branch_python_dop_operator_3.py
[2024-12-03T16:20:58.606+0000] {logging_mixin.py:120} INFO - [2024-12-03T16:20:58.606+0000] {dag.py:2585} INFO - Sync 1 DAGs
[2024-12-03T16:20:58.647+0000] {logging_mixin.py:120} INFO - [2024-12-03T16:20:58.646+0000] {dag.py:3340} INFO - Setting next_dagrun for example_branch_dop_operator_v3 to 2024-12-03T16:19:00+00:00, run_after=2024-12-03T16:20:00+00:00
[2024-12-03T16:20:58.678+0000] {processor.py:176} INFO - Processing /home/airflow/.local/lib/python3.7/site-packages/airflow/example_dags/example_branch_python_dop_operator_3.py took 0.165 seconds
[2024-12-03T16:21:29.035+0000] {processor.py:154} INFO - Started process (PID=3350) to work on /home/airflow/.local/lib/python3.7/site-packages/airflow/example_dags/example_branch_python_dop_operator_3.py
[2024-12-03T16:21:29.037+0000] {processor.py:756} INFO - Processing file /home/airflow/.local/lib/python3.7/site-packages/airflow/example_dags/example_branch_python_dop_operator_3.py for tasks to queue
[2024-12-03T16:21:29.039+0000] {logging_mixin.py:120} INFO - [2024-12-03T16:21:29.038+0000] {dagbag.py:537} INFO - Filling up the DagBag from /home/airflow/.local/lib/python3.7/site-packages/airflow/example_dags/example_branch_python_dop_operator_3.py
[2024-12-03T16:21:29.069+0000] {processor.py:766} INFO - DAG(s) dict_keys(['example_branch_dop_operator_v3']) retrieved from /home/airflow/.local/lib/python3.7/site-packages/airflow/example_dags/example_branch_python_dop_operator_3.py
[2024-12-03T16:21:29.129+0000] {logging_mixin.py:120} INFO - [2024-12-03T16:21:29.129+0000] {dag.py:2585} INFO - Sync 1 DAGs
[2024-12-03T16:21:29.178+0000] {logging_mixin.py:120} INFO - [2024-12-03T16:21:29.178+0000] {dag.py:3340} INFO - Setting next_dagrun for example_branch_dop_operator_v3 to 2024-12-03T16:20:00+00:00, run_after=2024-12-03T16:21:00+00:00
[2024-12-03T16:21:29.218+0000] {processor.py:176} INFO - Processing /home/airflow/.local/lib/python3.7/site-packages/airflow/example_dags/example_branch_python_dop_operator_3.py took 0.186 seconds
[2024-12-03T16:21:59.600+0000] {processor.py:154} INFO - Started process (PID=3405) to work on /home/airflow/.local/lib/python3.7/site-packages/airflow/example_dags/example_branch_python_dop_operator_3.py
[2024-12-03T16:21:59.602+0000] {processor.py:756} INFO - Processing file /home/airflow/.local/lib/python3.7/site-packages/airflow/example_dags/example_branch_python_dop_operator_3.py for tasks to queue
[2024-12-03T16:21:59.603+0000] {logging_mixin.py:120} INFO - [2024-12-03T16:21:59.603+0000] {dagbag.py:537} INFO - Filling up the DagBag from /home/airflow/.local/lib/python3.7/site-packages/airflow/example_dags/example_branch_python_dop_operator_3.py
[2024-12-03T16:21:59.636+0000] {processor.py:766} INFO - DAG(s) dict_keys(['example_branch_dop_operator_v3']) retrieved from /home/airflow/.local/lib/python3.7/site-packages/airflow/example_dags/example_branch_python_dop_operator_3.py
[2024-12-03T16:21:59.696+0000] {logging_mixin.py:120} INFO - [2024-12-03T16:21:59.696+0000] {dag.py:2585} INFO - Sync 1 DAGs
[2024-12-03T16:21:59.743+0000] {logging_mixin.py:120} INFO - [2024-12-03T16:21:59.743+0000] {dag.py:3340} INFO - Setting next_dagrun for example_branch_dop_operator_v3 to 2024-12-03T16:20:00+00:00, run_after=2024-12-03T16:21:00+00:00
[2024-12-03T16:21:59.802+0000] {processor.py:176} INFO - Processing /home/airflow/.local/lib/python3.7/site-packages/airflow/example_dags/example_branch_python_dop_operator_3.py took 0.206 seconds
[2024-12-03T16:22:29.902+0000] {processor.py:154} INFO - Started process (PID=3469) to work on /home/airflow/.local/lib/python3.7/site-packages/airflow/example_dags/example_branch_python_dop_operator_3.py
[2024-12-03T16:22:29.903+0000] {processor.py:756} INFO - Processing file /home/airflow/.local/lib/python3.7/site-packages/airflow/example_dags/example_branch_python_dop_operator_3.py for tasks to queue
[2024-12-03T16:22:29.904+0000] {logging_mixin.py:120} INFO - [2024-12-03T16:22:29.904+0000] {dagbag.py:537} INFO - Filling up the DagBag from /home/airflow/.local/lib/python3.7/site-packages/airflow/example_dags/example_branch_python_dop_operator_3.py
[2024-12-03T16:22:29.929+0000] {processor.py:766} INFO - DAG(s) dict_keys(['example_branch_dop_operator_v3']) retrieved from /home/airflow/.local/lib/python3.7/site-packages/airflow/example_dags/example_branch_python_dop_operator_3.py
[2024-12-03T16:22:29.979+0000] {logging_mixin.py:120} INFO - [2024-12-03T16:22:29.979+0000] {dag.py:2585} INFO - Sync 1 DAGs
[2024-12-03T16:22:30.013+0000] {logging_mixin.py:120} INFO - [2024-12-03T16:22:30.012+0000] {dag.py:3340} INFO - Setting next_dagrun for example_branch_dop_operator_v3 to 2024-12-03T16:21:00+00:00, run_after=2024-12-03T16:22:00+00:00
[2024-12-03T16:22:30.048+0000] {processor.py:176} INFO - Processing /home/airflow/.local/lib/python3.7/site-packages/airflow/example_dags/example_branch_python_dop_operator_3.py took 0.149 seconds
[2024-12-03T16:23:00.159+0000] {processor.py:154} INFO - Started process (PID=3524) to work on /home/airflow/.local/lib/python3.7/site-packages/airflow/example_dags/example_branch_python_dop_operator_3.py
[2024-12-03T16:23:00.160+0000] {processor.py:756} INFO - Processing file /home/airflow/.local/lib/python3.7/site-packages/airflow/example_dags/example_branch_python_dop_operator_3.py for tasks to queue
[2024-12-03T16:23:00.161+0000] {logging_mixin.py:120} INFO - [2024-12-03T16:23:00.161+0000] {dagbag.py:537} INFO - Filling up the DagBag from /home/airflow/.local/lib/python3.7/site-packages/airflow/example_dags/example_branch_python_dop_operator_3.py
[2024-12-03T16:23:00.185+0000] {processor.py:766} INFO - DAG(s) dict_keys(['example_branch_dop_operator_v3']) retrieved from /home/airflow/.local/lib/python3.7/site-packages/airflow/example_dags/example_branch_python_dop_operator_3.py
[2024-12-03T16:23:00.234+0000] {logging_mixin.py:120} INFO - [2024-12-03T16:23:00.233+0000] {dag.py:2585} INFO - Sync 1 DAGs
[2024-12-03T16:23:00.271+0000] {logging_mixin.py:120} INFO - [2024-12-03T16:23:00.270+0000] {dag.py:3340} INFO - Setting next_dagrun for example_branch_dop_operator_v3 to 2024-12-03T16:22:00+00:00, run_after=2024-12-03T16:23:00+00:00
[2024-12-03T16:23:00.302+0000] {processor.py:176} INFO - Processing /home/airflow/.local/lib/python3.7/site-packages/airflow/example_dags/example_branch_python_dop_operator_3.py took 0.146 seconds
[2024-12-03T16:23:31.278+0000] {processor.py:154} INFO - Started process (PID=3588) to work on /home/airflow/.local/lib/python3.7/site-packages/airflow/example_dags/example_branch_python_dop_operator_3.py
[2024-12-03T16:23:31.281+0000] {processor.py:756} INFO - Processing file /home/airflow/.local/lib/python3.7/site-packages/airflow/example_dags/example_branch_python_dop_operator_3.py for tasks to queue
[2024-12-03T16:23:31.283+0000] {logging_mixin.py:120} INFO - [2024-12-03T16:23:31.282+0000] {dagbag.py:537} INFO - Filling up the DagBag from /home/airflow/.local/lib/python3.7/site-packages/airflow/example_dags/example_branch_python_dop_operator_3.py
[2024-12-03T16:23:31.325+0000] {processor.py:766} INFO - DAG(s) dict_keys(['example_branch_dop_operator_v3']) retrieved from /home/airflow/.local/lib/python3.7/site-packages/airflow/example_dags/example_branch_python_dop_operator_3.py
[2024-12-03T16:23:31.383+0000] {logging_mixin.py:120} INFO - [2024-12-03T16:23:31.383+0000] {dag.py:2585} INFO - Sync 1 DAGs
[2024-12-03T16:23:31.426+0000] {logging_mixin.py:120} INFO - [2024-12-03T16:23:31.426+0000] {dag.py:3340} INFO - Setting next_dagrun for example_branch_dop_operator_v3 to 2024-12-03T16:22:00+00:00, run_after=2024-12-03T16:23:00+00:00
[2024-12-03T16:23:31.465+0000] {processor.py:176} INFO - Processing /home/airflow/.local/lib/python3.7/site-packages/airflow/example_dags/example_branch_python_dop_operator_3.py took 0.191 seconds
[2024-12-03T16:24:01.617+0000] {processor.py:154} INFO - Started process (PID=3652) to work on /home/airflow/.local/lib/python3.7/site-packages/airflow/example_dags/example_branch_python_dop_operator_3.py
[2024-12-03T16:24:01.619+0000] {processor.py:756} INFO - Processing file /home/airflow/.local/lib/python3.7/site-packages/airflow/example_dags/example_branch_python_dop_operator_3.py for tasks to queue
[2024-12-03T16:24:01.621+0000] {logging_mixin.py:120} INFO - [2024-12-03T16:24:01.620+0000] {dagbag.py:537} INFO - Filling up the DagBag from /home/airflow/.local/lib/python3.7/site-packages/airflow/example_dags/example_branch_python_dop_operator_3.py
[2024-12-03T16:24:01.663+0000] {processor.py:766} INFO - DAG(s) dict_keys(['example_branch_dop_operator_v3']) retrieved from /home/airflow/.local/lib/python3.7/site-packages/airflow/example_dags/example_branch_python_dop_operator_3.py
[2024-12-03T16:24:01.731+0000] {logging_mixin.py:120} INFO - [2024-12-03T16:24:01.730+0000] {dag.py:2585} INFO - Sync 1 DAGs
[2024-12-03T16:24:01.794+0000] {logging_mixin.py:120} INFO - [2024-12-03T16:24:01.794+0000] {dag.py:3340} INFO - Setting next_dagrun for example_branch_dop_operator_v3 to 2024-12-03T16:23:00+00:00, run_after=2024-12-03T16:24:00+00:00
[2024-12-03T16:24:01.841+0000] {processor.py:176} INFO - Processing /home/airflow/.local/lib/python3.7/site-packages/airflow/example_dags/example_branch_python_dop_operator_3.py took 0.230 seconds
[2024-12-03T16:24:31.959+0000] {processor.py:154} INFO - Started process (PID=3711) to work on /home/airflow/.local/lib/python3.7/site-packages/airflow/example_dags/example_branch_python_dop_operator_3.py
[2024-12-03T16:24:31.960+0000] {processor.py:756} INFO - Processing file /home/airflow/.local/lib/python3.7/site-packages/airflow/example_dags/example_branch_python_dop_operator_3.py for tasks to queue
[2024-12-03T16:24:31.962+0000] {logging_mixin.py:120} INFO - [2024-12-03T16:24:31.962+0000] {dagbag.py:537} INFO - Filling up the DagBag from /home/airflow/.local/lib/python3.7/site-packages/airflow/example_dags/example_branch_python_dop_operator_3.py
[2024-12-03T16:24:31.997+0000] {processor.py:766} INFO - DAG(s) dict_keys(['example_branch_dop_operator_v3']) retrieved from /home/airflow/.local/lib/python3.7/site-packages/airflow/example_dags/example_branch_python_dop_operator_3.py
[2024-12-03T16:24:32.087+0000] {logging_mixin.py:120} INFO - [2024-12-03T16:24:32.087+0000] {dag.py:2585} INFO - Sync 1 DAGs
[2024-12-03T16:24:32.138+0000] {logging_mixin.py:120} INFO - [2024-12-03T16:24:32.138+0000] {dag.py:3340} INFO - Setting next_dagrun for example_branch_dop_operator_v3 to 2024-12-03T16:23:00+00:00, run_after=2024-12-03T16:24:00+00:00
[2024-12-03T16:24:32.181+0000] {processor.py:176} INFO - Processing /home/airflow/.local/lib/python3.7/site-packages/airflow/example_dags/example_branch_python_dop_operator_3.py took 0.225 seconds
[2024-12-03T16:25:02.847+0000] {processor.py:154} INFO - Started process (PID=3775) to work on /home/airflow/.local/lib/python3.7/site-packages/airflow/example_dags/example_branch_python_dop_operator_3.py
[2024-12-03T16:25:02.849+0000] {processor.py:756} INFO - Processing file /home/airflow/.local/lib/python3.7/site-packages/airflow/example_dags/example_branch_python_dop_operator_3.py for tasks to queue
[2024-12-03T16:25:02.851+0000] {logging_mixin.py:120} INFO - [2024-12-03T16:25:02.850+0000] {dagbag.py:537} INFO - Filling up the DagBag from /home/airflow/.local/lib/python3.7/site-packages/airflow/example_dags/example_branch_python_dop_operator_3.py
[2024-12-03T16:25:02.874+0000] {processor.py:766} INFO - DAG(s) dict_keys(['example_branch_dop_operator_v3']) retrieved from /home/airflow/.local/lib/python3.7/site-packages/airflow/example_dags/example_branch_python_dop_operator_3.py
[2024-12-03T16:25:02.921+0000] {logging_mixin.py:120} INFO - [2024-12-03T16:25:02.920+0000] {dag.py:2585} INFO - Sync 1 DAGs
[2024-12-03T16:25:02.958+0000] {logging_mixin.py:120} INFO - [2024-12-03T16:25:02.958+0000] {dag.py:3340} INFO - Setting next_dagrun for example_branch_dop_operator_v3 to 2024-12-03T16:24:00+00:00, run_after=2024-12-03T16:25:00+00:00
[2024-12-03T16:25:02.991+0000] {processor.py:176} INFO - Processing /home/airflow/.local/lib/python3.7/site-packages/airflow/example_dags/example_branch_python_dop_operator_3.py took 0.147 seconds
[2024-12-03T16:25:33.983+0000] {processor.py:154} INFO - Started process (PID=3851) to work on /home/airflow/.local/lib/python3.7/site-packages/airflow/example_dags/example_branch_python_dop_operator_3.py
[2024-12-03T16:25:33.985+0000] {processor.py:756} INFO - Processing file /home/airflow/.local/lib/python3.7/site-packages/airflow/example_dags/example_branch_python_dop_operator_3.py for tasks to queue
[2024-12-03T16:25:33.988+0000] {logging_mixin.py:120} INFO - [2024-12-03T16:25:33.987+0000] {dagbag.py:537} INFO - Filling up the DagBag from /home/airflow/.local/lib/python3.7/site-packages/airflow/example_dags/example_branch_python_dop_operator_3.py
[2024-12-03T16:25:34.033+0000] {processor.py:766} INFO - DAG(s) dict_keys(['example_branch_dop_operator_v3']) retrieved from /home/airflow/.local/lib/python3.7/site-packages/airflow/example_dags/example_branch_python_dop_operator_3.py
[2024-12-03T16:25:34.109+0000] {logging_mixin.py:120} INFO - [2024-12-03T16:25:34.109+0000] {dag.py:2585} INFO - Sync 1 DAGs
[2024-12-03T16:25:34.151+0000] {logging_mixin.py:120} INFO - [2024-12-03T16:25:34.151+0000] {dag.py:3340} INFO - Setting next_dagrun for example_branch_dop_operator_v3 to 2024-12-03T16:24:00+00:00, run_after=2024-12-03T16:25:00+00:00
[2024-12-03T16:25:34.184+0000] {processor.py:176} INFO - Processing /home/airflow/.local/lib/python3.7/site-packages/airflow/example_dags/example_branch_python_dop_operator_3.py took 0.206 seconds
[2024-12-03T16:26:04.559+0000] {processor.py:154} INFO - Started process (PID=3916) to work on /home/airflow/.local/lib/python3.7/site-packages/airflow/example_dags/example_branch_python_dop_operator_3.py
[2024-12-03T16:26:04.560+0000] {processor.py:756} INFO - Processing file /home/airflow/.local/lib/python3.7/site-packages/airflow/example_dags/example_branch_python_dop_operator_3.py for tasks to queue
[2024-12-03T16:26:04.562+0000] {logging_mixin.py:120} INFO - [2024-12-03T16:26:04.562+0000] {dagbag.py:537} INFO - Filling up the DagBag from /home/airflow/.local/lib/python3.7/site-packages/airflow/example_dags/example_branch_python_dop_operator_3.py
[2024-12-03T16:26:04.605+0000] {processor.py:766} INFO - DAG(s) dict_keys(['example_branch_dop_operator_v3']) retrieved from /home/airflow/.local/lib/python3.7/site-packages/airflow/example_dags/example_branch_python_dop_operator_3.py
[2024-12-03T16:26:04.670+0000] {logging_mixin.py:120} INFO - [2024-12-03T16:26:04.670+0000] {dag.py:2585} INFO - Sync 1 DAGs
[2024-12-03T16:26:04.712+0000] {logging_mixin.py:120} INFO - [2024-12-03T16:26:04.711+0000] {dag.py:3340} INFO - Setting next_dagrun for example_branch_dop_operator_v3 to 2024-12-03T16:25:00+00:00, run_after=2024-12-03T16:26:00+00:00
[2024-12-03T16:26:04.748+0000] {processor.py:176} INFO - Processing /home/airflow/.local/lib/python3.7/site-packages/airflow/example_dags/example_branch_python_dop_operator_3.py took 0.195 seconds
[2024-12-03T16:26:34.884+0000] {processor.py:154} INFO - Started process (PID=3971) to work on /home/airflow/.local/lib/python3.7/site-packages/airflow/example_dags/example_branch_python_dop_operator_3.py
[2024-12-03T16:26:34.885+0000] {processor.py:756} INFO - Processing file /home/airflow/.local/lib/python3.7/site-packages/airflow/example_dags/example_branch_python_dop_operator_3.py for tasks to queue
[2024-12-03T16:26:34.886+0000] {logging_mixin.py:120} INFO - [2024-12-03T16:26:34.886+0000] {dagbag.py:537} INFO - Filling up the DagBag from /home/airflow/.local/lib/python3.7/site-packages/airflow/example_dags/example_branch_python_dop_operator_3.py
[2024-12-03T16:26:34.913+0000] {processor.py:766} INFO - DAG(s) dict_keys(['example_branch_dop_operator_v3']) retrieved from /home/airflow/.local/lib/python3.7/site-packages/airflow/example_dags/example_branch_python_dop_operator_3.py
[2024-12-03T16:26:34.959+0000] {logging_mixin.py:120} INFO - [2024-12-03T16:26:34.959+0000] {dag.py:2585} INFO - Sync 1 DAGs
[2024-12-03T16:26:35.002+0000] {logging_mixin.py:120} INFO - [2024-12-03T16:26:35.002+0000] {dag.py:3340} INFO - Setting next_dagrun for example_branch_dop_operator_v3 to 2024-12-03T16:25:00+00:00, run_after=2024-12-03T16:26:00+00:00
[2024-12-03T16:26:35.046+0000] {processor.py:176} INFO - Processing /home/airflow/.local/lib/python3.7/site-packages/airflow/example_dags/example_branch_python_dop_operator_3.py took 0.165 seconds
[2024-12-03T16:27:05.777+0000] {processor.py:154} INFO - Started process (PID=4035) to work on /home/airflow/.local/lib/python3.7/site-packages/airflow/example_dags/example_branch_python_dop_operator_3.py
[2024-12-03T16:27:05.778+0000] {processor.py:756} INFO - Processing file /home/airflow/.local/lib/python3.7/site-packages/airflow/example_dags/example_branch_python_dop_operator_3.py for tasks to queue
[2024-12-03T16:27:05.780+0000] {logging_mixin.py:120} INFO - [2024-12-03T16:27:05.780+0000] {dagbag.py:537} INFO - Filling up the DagBag from /home/airflow/.local/lib/python3.7/site-packages/airflow/example_dags/example_branch_python_dop_operator_3.py
[2024-12-03T16:27:05.819+0000] {processor.py:766} INFO - DAG(s) dict_keys(['example_branch_dop_operator_v3']) retrieved from /home/airflow/.local/lib/python3.7/site-packages/airflow/example_dags/example_branch_python_dop_operator_3.py
[2024-12-03T16:27:05.896+0000] {logging_mixin.py:120} INFO - [2024-12-03T16:27:05.895+0000] {dag.py:2585} INFO - Sync 1 DAGs
[2024-12-03T16:27:05.968+0000] {logging_mixin.py:120} INFO - [2024-12-03T16:27:05.968+0000] {dag.py:3340} INFO - Setting next_dagrun for example_branch_dop_operator_v3 to 2024-12-03T16:26:00+00:00, run_after=2024-12-03T16:27:00+00:00
[2024-12-03T16:27:06.031+0000] {processor.py:176} INFO - Processing /home/airflow/.local/lib/python3.7/site-packages/airflow/example_dags/example_branch_python_dop_operator_3.py took 0.259 seconds
[2024-12-03T16:27:36.185+0000] {processor.py:154} INFO - Started process (PID=4090) to work on /home/airflow/.local/lib/python3.7/site-packages/airflow/example_dags/example_branch_python_dop_operator_3.py
[2024-12-03T16:27:36.186+0000] {processor.py:756} INFO - Processing file /home/airflow/.local/lib/python3.7/site-packages/airflow/example_dags/example_branch_python_dop_operator_3.py for tasks to queue
[2024-12-03T16:27:36.188+0000] {logging_mixin.py:120} INFO - [2024-12-03T16:27:36.188+0000] {dagbag.py:537} INFO - Filling up the DagBag from /home/airflow/.local/lib/python3.7/site-packages/airflow/example_dags/example_branch_python_dop_operator_3.py
[2024-12-03T16:27:36.216+0000] {processor.py:766} INFO - DAG(s) dict_keys(['example_branch_dop_operator_v3']) retrieved from /home/airflow/.local/lib/python3.7/site-packages/airflow/example_dags/example_branch_python_dop_operator_3.py
[2024-12-03T16:27:36.266+0000] {logging_mixin.py:120} INFO - [2024-12-03T16:27:36.266+0000] {dag.py:2585} INFO - Sync 1 DAGs
[2024-12-03T16:27:36.303+0000] {logging_mixin.py:120} INFO - [2024-12-03T16:27:36.303+0000] {dag.py:3340} INFO - Setting next_dagrun for example_branch_dop_operator_v3 to 2024-12-03T16:26:00+00:00, run_after=2024-12-03T16:27:00+00:00
[2024-12-03T16:27:36.337+0000] {processor.py:176} INFO - Processing /home/airflow/.local/lib/python3.7/site-packages/airflow/example_dags/example_branch_python_dop_operator_3.py took 0.157 seconds
[2024-12-03T16:28:06.544+0000] {processor.py:154} INFO - Started process (PID=4154) to work on /home/airflow/.local/lib/python3.7/site-packages/airflow/example_dags/example_branch_python_dop_operator_3.py
[2024-12-03T16:28:06.546+0000] {processor.py:756} INFO - Processing file /home/airflow/.local/lib/python3.7/site-packages/airflow/example_dags/example_branch_python_dop_operator_3.py for tasks to queue
[2024-12-03T16:28:06.547+0000] {logging_mixin.py:120} INFO - [2024-12-03T16:28:06.547+0000] {dagbag.py:537} INFO - Filling up the DagBag from /home/airflow/.local/lib/python3.7/site-packages/airflow/example_dags/example_branch_python_dop_operator_3.py
[2024-12-03T16:28:06.592+0000] {processor.py:766} INFO - DAG(s) dict_keys(['example_branch_dop_operator_v3']) retrieved from /home/airflow/.local/lib/python3.7/site-packages/airflow/example_dags/example_branch_python_dop_operator_3.py
[2024-12-03T16:28:06.677+0000] {logging_mixin.py:120} INFO - [2024-12-03T16:28:06.676+0000] {dag.py:2585} INFO - Sync 1 DAGs
[2024-12-03T16:28:06.725+0000] {logging_mixin.py:120} INFO - [2024-12-03T16:28:06.725+0000] {dag.py:3340} INFO - Setting next_dagrun for example_branch_dop_operator_v3 to 2024-12-03T16:27:00+00:00, run_after=2024-12-03T16:28:00+00:00
[2024-12-03T16:28:06.769+0000] {processor.py:176} INFO - Processing /home/airflow/.local/lib/python3.7/site-packages/airflow/example_dags/example_branch_python_dop_operator_3.py took 0.230 seconds
[2024-12-03T16:28:37.140+0000] {processor.py:154} INFO - Started process (PID=4209) to work on /home/airflow/.local/lib/python3.7/site-packages/airflow/example_dags/example_branch_python_dop_operator_3.py
[2024-12-03T16:28:37.142+0000] {processor.py:756} INFO - Processing file /home/airflow/.local/lib/python3.7/site-packages/airflow/example_dags/example_branch_python_dop_operator_3.py for tasks to queue
[2024-12-03T16:28:37.146+0000] {logging_mixin.py:120} INFO - [2024-12-03T16:28:37.145+0000] {dagbag.py:537} INFO - Filling up the DagBag from /home/airflow/.local/lib/python3.7/site-packages/airflow/example_dags/example_branch_python_dop_operator_3.py
[2024-12-03T16:28:37.184+0000] {processor.py:766} INFO - DAG(s) dict_keys(['example_branch_dop_operator_v3']) retrieved from /home/airflow/.local/lib/python3.7/site-packages/airflow/example_dags/example_branch_python_dop_operator_3.py
[2024-12-03T16:28:37.251+0000] {logging_mixin.py:120} INFO - [2024-12-03T16:28:37.251+0000] {dag.py:2585} INFO - Sync 1 DAGs
[2024-12-03T16:28:37.300+0000] {logging_mixin.py:120} INFO - [2024-12-03T16:28:37.300+0000] {dag.py:3340} INFO - Setting next_dagrun for example_branch_dop_operator_v3 to 2024-12-03T16:27:00+00:00, run_after=2024-12-03T16:28:00+00:00
[2024-12-03T16:28:37.339+0000] {processor.py:176} INFO - Processing /home/airflow/.local/lib/python3.7/site-packages/airflow/example_dags/example_branch_python_dop_operator_3.py took 0.203 seconds
[2024-12-03T16:29:08.141+0000] {processor.py:154} INFO - Started process (PID=4279) to work on /home/airflow/.local/lib/python3.7/site-packages/airflow/example_dags/example_branch_python_dop_operator_3.py
[2024-12-03T16:29:08.143+0000] {processor.py:756} INFO - Processing file /home/airflow/.local/lib/python3.7/site-packages/airflow/example_dags/example_branch_python_dop_operator_3.py for tasks to queue
[2024-12-03T16:29:08.145+0000] {logging_mixin.py:120} INFO - [2024-12-03T16:29:08.145+0000] {dagbag.py:537} INFO - Filling up the DagBag from /home/airflow/.local/lib/python3.7/site-packages/airflow/example_dags/example_branch_python_dop_operator_3.py
[2024-12-03T16:29:08.205+0000] {processor.py:766} INFO - DAG(s) dict_keys(['example_branch_dop_operator_v3']) retrieved from /home/airflow/.local/lib/python3.7/site-packages/airflow/example_dags/example_branch_python_dop_operator_3.py
[2024-12-03T16:29:08.300+0000] {logging_mixin.py:120} INFO - [2024-12-03T16:29:08.300+0000] {dag.py:2585} INFO - Sync 1 DAGs
[2024-12-03T16:29:08.367+0000] {logging_mixin.py:120} INFO - [2024-12-03T16:29:08.366+0000] {dag.py:3340} INFO - Setting next_dagrun for example_branch_dop_operator_v3 to 2024-12-03T16:28:00+00:00, run_after=2024-12-03T16:29:00+00:00
[2024-12-03T16:29:08.407+0000] {processor.py:176} INFO - Processing /home/airflow/.local/lib/python3.7/site-packages/airflow/example_dags/example_branch_python_dop_operator_3.py took 0.271 seconds
[2024-12-03T16:29:38.845+0000] {processor.py:154} INFO - Started process (PID=4339) to work on /home/airflow/.local/lib/python3.7/site-packages/airflow/example_dags/example_branch_python_dop_operator_3.py
[2024-12-03T16:29:38.849+0000] {processor.py:756} INFO - Processing file /home/airflow/.local/lib/python3.7/site-packages/airflow/example_dags/example_branch_python_dop_operator_3.py for tasks to queue
[2024-12-03T16:29:38.853+0000] {logging_mixin.py:120} INFO - [2024-12-03T16:29:38.853+0000] {dagbag.py:537} INFO - Filling up the DagBag from /home/airflow/.local/lib/python3.7/site-packages/airflow/example_dags/example_branch_python_dop_operator_3.py
[2024-12-03T16:29:38.901+0000] {processor.py:766} INFO - DAG(s) dict_keys(['example_branch_dop_operator_v3']) retrieved from /home/airflow/.local/lib/python3.7/site-packages/airflow/example_dags/example_branch_python_dop_operator_3.py
[2024-12-03T16:29:38.993+0000] {logging_mixin.py:120} INFO - [2024-12-03T16:29:38.993+0000] {dag.py:2585} INFO - Sync 1 DAGs
[2024-12-03T16:29:39.048+0000] {logging_mixin.py:120} INFO - [2024-12-03T16:29:39.048+0000] {dag.py:3340} INFO - Setting next_dagrun for example_branch_dop_operator_v3 to 2024-12-03T16:28:00+00:00, run_after=2024-12-03T16:29:00+00:00
[2024-12-03T16:29:39.090+0000] {processor.py:176} INFO - Processing /home/airflow/.local/lib/python3.7/site-packages/airflow/example_dags/example_branch_python_dop_operator_3.py took 0.258 seconds
[2024-12-03T16:30:09.401+0000] {processor.py:154} INFO - Started process (PID=4404) to work on /home/airflow/.local/lib/python3.7/site-packages/airflow/example_dags/example_branch_python_dop_operator_3.py
[2024-12-03T16:30:09.403+0000] {processor.py:756} INFO - Processing file /home/airflow/.local/lib/python3.7/site-packages/airflow/example_dags/example_branch_python_dop_operator_3.py for tasks to queue
[2024-12-03T16:30:09.406+0000] {logging_mixin.py:120} INFO - [2024-12-03T16:30:09.406+0000] {dagbag.py:537} INFO - Filling up the DagBag from /home/airflow/.local/lib/python3.7/site-packages/airflow/example_dags/example_branch_python_dop_operator_3.py
[2024-12-03T16:30:09.449+0000] {processor.py:766} INFO - DAG(s) dict_keys(['example_branch_dop_operator_v3']) retrieved from /home/airflow/.local/lib/python3.7/site-packages/airflow/example_dags/example_branch_python_dop_operator_3.py
[2024-12-03T16:30:09.528+0000] {logging_mixin.py:120} INFO - [2024-12-03T16:30:09.528+0000] {dag.py:2585} INFO - Sync 1 DAGs
[2024-12-03T16:30:09.587+0000] {logging_mixin.py:120} INFO - [2024-12-03T16:30:09.586+0000] {dag.py:3340} INFO - Setting next_dagrun for example_branch_dop_operator_v3 to 2024-12-03T16:29:00+00:00, run_after=2024-12-03T16:30:00+00:00
[2024-12-03T16:30:09.624+0000] {processor.py:176} INFO - Processing /home/airflow/.local/lib/python3.7/site-packages/airflow/example_dags/example_branch_python_dop_operator_3.py took 0.234 seconds
[2024-12-03T16:30:40.237+0000] {processor.py:154} INFO - Started process (PID=4480) to work on /home/airflow/.local/lib/python3.7/site-packages/airflow/example_dags/example_branch_python_dop_operator_3.py
[2024-12-03T16:30:40.238+0000] {processor.py:756} INFO - Processing file /home/airflow/.local/lib/python3.7/site-packages/airflow/example_dags/example_branch_python_dop_operator_3.py for tasks to queue
[2024-12-03T16:30:40.240+0000] {logging_mixin.py:120} INFO - [2024-12-03T16:30:40.240+0000] {dagbag.py:537} INFO - Filling up the DagBag from /home/airflow/.local/lib/python3.7/site-packages/airflow/example_dags/example_branch_python_dop_operator_3.py
[2024-12-03T16:30:40.268+0000] {processor.py:766} INFO - DAG(s) dict_keys(['example_branch_dop_operator_v3']) retrieved from /home/airflow/.local/lib/python3.7/site-packages/airflow/example_dags/example_branch_python_dop_operator_3.py
[2024-12-03T16:30:40.317+0000] {logging_mixin.py:120} INFO - [2024-12-03T16:30:40.317+0000] {dag.py:2585} INFO - Sync 1 DAGs
[2024-12-03T16:30:40.353+0000] {logging_mixin.py:120} INFO - [2024-12-03T16:30:40.353+0000] {dag.py:3340} INFO - Setting next_dagrun for example_branch_dop_operator_v3 to 2024-12-03T16:29:00+00:00, run_after=2024-12-03T16:30:00+00:00
[2024-12-03T16:30:40.387+0000] {processor.py:176} INFO - Processing /home/airflow/.local/lib/python3.7/site-packages/airflow/example_dags/example_branch_python_dop_operator_3.py took 0.154 seconds
[2024-12-03T16:31:10.970+0000] {processor.py:154} INFO - Started process (PID=4544) to work on /home/airflow/.local/lib/python3.7/site-packages/airflow/example_dags/example_branch_python_dop_operator_3.py
[2024-12-03T16:31:10.972+0000] {processor.py:756} INFO - Processing file /home/airflow/.local/lib/python3.7/site-packages/airflow/example_dags/example_branch_python_dop_operator_3.py for tasks to queue
[2024-12-03T16:31:10.973+0000] {logging_mixin.py:120} INFO - [2024-12-03T16:31:10.973+0000] {dagbag.py:537} INFO - Filling up the DagBag from /home/airflow/.local/lib/python3.7/site-packages/airflow/example_dags/example_branch_python_dop_operator_3.py
[2024-12-03T16:31:11.011+0000] {processor.py:766} INFO - DAG(s) dict_keys(['example_branch_dop_operator_v3']) retrieved from /home/airflow/.local/lib/python3.7/site-packages/airflow/example_dags/example_branch_python_dop_operator_3.py
[2024-12-03T16:31:11.092+0000] {logging_mixin.py:120} INFO - [2024-12-03T16:31:11.091+0000] {dag.py:2585} INFO - Sync 1 DAGs
[2024-12-03T16:31:11.166+0000] {logging_mixin.py:120} INFO - [2024-12-03T16:31:11.166+0000] {dag.py:3340} INFO - Setting next_dagrun for example_branch_dop_operator_v3 to 2024-12-03T16:30:00+00:00, run_after=2024-12-03T16:31:00+00:00
[2024-12-03T16:31:11.213+0000] {processor.py:176} INFO - Processing /home/airflow/.local/lib/python3.7/site-packages/airflow/example_dags/example_branch_python_dop_operator_3.py took 0.246 seconds
[2024-12-03T16:31:42.210+0000] {processor.py:154} INFO - Started process (PID=4599) to work on /home/airflow/.local/lib/python3.7/site-packages/airflow/example_dags/example_branch_python_dop_operator_3.py
[2024-12-03T16:31:42.212+0000] {processor.py:756} INFO - Processing file /home/airflow/.local/lib/python3.7/site-packages/airflow/example_dags/example_branch_python_dop_operator_3.py for tasks to queue
[2024-12-03T16:31:42.213+0000] {logging_mixin.py:120} INFO - [2024-12-03T16:31:42.213+0000] {dagbag.py:537} INFO - Filling up the DagBag from /home/airflow/.local/lib/python3.7/site-packages/airflow/example_dags/example_branch_python_dop_operator_3.py
[2024-12-03T16:31:42.237+0000] {processor.py:766} INFO - DAG(s) dict_keys(['example_branch_dop_operator_v3']) retrieved from /home/airflow/.local/lib/python3.7/site-packages/airflow/example_dags/example_branch_python_dop_operator_3.py
[2024-12-03T16:31:42.283+0000] {logging_mixin.py:120} INFO - [2024-12-03T16:31:42.283+0000] {dag.py:2585} INFO - Sync 1 DAGs
[2024-12-03T16:31:42.317+0000] {logging_mixin.py:120} INFO - [2024-12-03T16:31:42.317+0000] {dag.py:3340} INFO - Setting next_dagrun for example_branch_dop_operator_v3 to 2024-12-03T16:30:00+00:00, run_after=2024-12-03T16:31:00+00:00
[2024-12-03T16:31:42.347+0000] {processor.py:176} INFO - Processing /home/airflow/.local/lib/python3.7/site-packages/airflow/example_dags/example_branch_python_dop_operator_3.py took 0.140 seconds
[2024-12-03T16:32:12.568+0000] {processor.py:154} INFO - Started process (PID=4664) to work on /home/airflow/.local/lib/python3.7/site-packages/airflow/example_dags/example_branch_python_dop_operator_3.py
[2024-12-03T16:32:12.570+0000] {processor.py:756} INFO - Processing file /home/airflow/.local/lib/python3.7/site-packages/airflow/example_dags/example_branch_python_dop_operator_3.py for tasks to queue
[2024-12-03T16:32:12.571+0000] {logging_mixin.py:120} INFO - [2024-12-03T16:32:12.571+0000] {dagbag.py:537} INFO - Filling up the DagBag from /home/airflow/.local/lib/python3.7/site-packages/airflow/example_dags/example_branch_python_dop_operator_3.py
[2024-12-03T16:32:12.616+0000] {processor.py:766} INFO - DAG(s) dict_keys(['example_branch_dop_operator_v3']) retrieved from /home/airflow/.local/lib/python3.7/site-packages/airflow/example_dags/example_branch_python_dop_operator_3.py
[2024-12-03T16:32:12.716+0000] {logging_mixin.py:120} INFO - [2024-12-03T16:32:12.715+0000] {dag.py:2585} INFO - Sync 1 DAGs
[2024-12-03T16:32:12.814+0000] {logging_mixin.py:120} INFO - [2024-12-03T16:32:12.814+0000] {dag.py:3340} INFO - Setting next_dagrun for example_branch_dop_operator_v3 to 2024-12-03T16:31:00+00:00, run_after=2024-12-03T16:32:00+00:00
[2024-12-03T16:32:12.870+0000] {processor.py:176} INFO - Processing /home/airflow/.local/lib/python3.7/site-packages/airflow/example_dags/example_branch_python_dop_operator_3.py took 0.306 seconds
[2024-12-03T16:32:43.305+0000] {processor.py:154} INFO - Started process (PID=4719) to work on /home/airflow/.local/lib/python3.7/site-packages/airflow/example_dags/example_branch_python_dop_operator_3.py
[2024-12-03T16:32:43.307+0000] {processor.py:756} INFO - Processing file /home/airflow/.local/lib/python3.7/site-packages/airflow/example_dags/example_branch_python_dop_operator_3.py for tasks to queue
[2024-12-03T16:32:43.309+0000] {logging_mixin.py:120} INFO - [2024-12-03T16:32:43.308+0000] {dagbag.py:537} INFO - Filling up the DagBag from /home/airflow/.local/lib/python3.7/site-packages/airflow/example_dags/example_branch_python_dop_operator_3.py
[2024-12-03T16:32:43.338+0000] {processor.py:766} INFO - DAG(s) dict_keys(['example_branch_dop_operator_v3']) retrieved from /home/airflow/.local/lib/python3.7/site-packages/airflow/example_dags/example_branch_python_dop_operator_3.py
[2024-12-03T16:32:43.398+0000] {logging_mixin.py:120} INFO - [2024-12-03T16:32:43.398+0000] {dag.py:2585} INFO - Sync 1 DAGs
[2024-12-03T16:32:43.434+0000] {logging_mixin.py:120} INFO - [2024-12-03T16:32:43.434+0000] {dag.py:3340} INFO - Setting next_dagrun for example_branch_dop_operator_v3 to 2024-12-03T16:31:00+00:00, run_after=2024-12-03T16:32:00+00:00
[2024-12-03T16:32:43.466+0000] {processor.py:176} INFO - Processing /home/airflow/.local/lib/python3.7/site-packages/airflow/example_dags/example_branch_python_dop_operator_3.py took 0.164 seconds
[2024-12-03T16:33:14.286+0000] {processor.py:154} INFO - Started process (PID=4783) to work on /home/airflow/.local/lib/python3.7/site-packages/airflow/example_dags/example_branch_python_dop_operator_3.py
[2024-12-03T16:33:14.287+0000] {processor.py:756} INFO - Processing file /home/airflow/.local/lib/python3.7/site-packages/airflow/example_dags/example_branch_python_dop_operator_3.py for tasks to queue
[2024-12-03T16:33:14.289+0000] {logging_mixin.py:120} INFO - [2024-12-03T16:33:14.289+0000] {dagbag.py:537} INFO - Filling up the DagBag from /home/airflow/.local/lib/python3.7/site-packages/airflow/example_dags/example_branch_python_dop_operator_3.py
[2024-12-03T16:33:14.331+0000] {processor.py:766} INFO - DAG(s) dict_keys(['example_branch_dop_operator_v3']) retrieved from /home/airflow/.local/lib/python3.7/site-packages/airflow/example_dags/example_branch_python_dop_operator_3.py
[2024-12-03T16:33:14.391+0000] {logging_mixin.py:120} INFO - [2024-12-03T16:33:14.391+0000] {dag.py:2585} INFO - Sync 1 DAGs
[2024-12-03T16:33:14.436+0000] {logging_mixin.py:120} INFO - [2024-12-03T16:33:14.436+0000] {dag.py:3340} INFO - Setting next_dagrun for example_branch_dop_operator_v3 to 2024-12-03T16:32:00+00:00, run_after=2024-12-03T16:33:00+00:00
[2024-12-03T16:33:14.469+0000] {processor.py:176} INFO - Processing /home/airflow/.local/lib/python3.7/site-packages/airflow/example_dags/example_branch_python_dop_operator_3.py took 0.189 seconds
[2024-12-03T16:33:44.985+0000] {processor.py:154} INFO - Started process (PID=4838) to work on /home/airflow/.local/lib/python3.7/site-packages/airflow/example_dags/example_branch_python_dop_operator_3.py
[2024-12-03T16:33:44.987+0000] {processor.py:756} INFO - Processing file /home/airflow/.local/lib/python3.7/site-packages/airflow/example_dags/example_branch_python_dop_operator_3.py for tasks to queue
[2024-12-03T16:33:44.988+0000] {logging_mixin.py:120} INFO - [2024-12-03T16:33:44.988+0000] {dagbag.py:537} INFO - Filling up the DagBag from /home/airflow/.local/lib/python3.7/site-packages/airflow/example_dags/example_branch_python_dop_operator_3.py
[2024-12-03T16:33:45.013+0000] {processor.py:766} INFO - DAG(s) dict_keys(['example_branch_dop_operator_v3']) retrieved from /home/airflow/.local/lib/python3.7/site-packages/airflow/example_dags/example_branch_python_dop_operator_3.py
[2024-12-03T16:33:45.068+0000] {logging_mixin.py:120} INFO - [2024-12-03T16:33:45.067+0000] {dag.py:2585} INFO - Sync 1 DAGs
[2024-12-03T16:33:45.110+0000] {logging_mixin.py:120} INFO - [2024-12-03T16:33:45.109+0000] {dag.py:3340} INFO - Setting next_dagrun for example_branch_dop_operator_v3 to 2024-12-03T16:32:00+00:00, run_after=2024-12-03T16:33:00+00:00
[2024-12-03T16:33:45.143+0000] {processor.py:176} INFO - Processing /home/airflow/.local/lib/python3.7/site-packages/airflow/example_dags/example_branch_python_dop_operator_3.py took 0.161 seconds
[2024-12-03T16:34:16.027+0000] {processor.py:154} INFO - Started process (PID=4902) to work on /home/airflow/.local/lib/python3.7/site-packages/airflow/example_dags/example_branch_python_dop_operator_3.py
[2024-12-03T16:34:16.029+0000] {processor.py:756} INFO - Processing file /home/airflow/.local/lib/python3.7/site-packages/airflow/example_dags/example_branch_python_dop_operator_3.py for tasks to queue
[2024-12-03T16:34:16.030+0000] {logging_mixin.py:120} INFO - [2024-12-03T16:34:16.030+0000] {dagbag.py:537} INFO - Filling up the DagBag from /home/airflow/.local/lib/python3.7/site-packages/airflow/example_dags/example_branch_python_dop_operator_3.py
[2024-12-03T16:34:16.065+0000] {processor.py:766} INFO - DAG(s) dict_keys(['example_branch_dop_operator_v3']) retrieved from /home/airflow/.local/lib/python3.7/site-packages/airflow/example_dags/example_branch_python_dop_operator_3.py
[2024-12-03T16:34:16.146+0000] {logging_mixin.py:120} INFO - [2024-12-03T16:34:16.146+0000] {dag.py:2585} INFO - Sync 1 DAGs
[2024-12-03T16:34:16.204+0000] {logging_mixin.py:120} INFO - [2024-12-03T16:34:16.204+0000] {dag.py:3340} INFO - Setting next_dagrun for example_branch_dop_operator_v3 to 2024-12-03T16:33:00+00:00, run_after=2024-12-03T16:34:00+00:00
[2024-12-03T16:34:16.249+0000] {processor.py:176} INFO - Processing /home/airflow/.local/lib/python3.7/site-packages/airflow/example_dags/example_branch_python_dop_operator_3.py took 0.229 seconds
[2024-12-03T16:34:46.408+0000] {processor.py:154} INFO - Started process (PID=4968) to work on /home/airflow/.local/lib/python3.7/site-packages/airflow/example_dags/example_branch_python_dop_operator_3.py
[2024-12-03T16:34:46.410+0000] {processor.py:756} INFO - Processing file /home/airflow/.local/lib/python3.7/site-packages/airflow/example_dags/example_branch_python_dop_operator_3.py for tasks to queue
[2024-12-03T16:34:46.414+0000] {logging_mixin.py:120} INFO - [2024-12-03T16:34:46.412+0000] {dagbag.py:537} INFO - Filling up the DagBag from /home/airflow/.local/lib/python3.7/site-packages/airflow/example_dags/example_branch_python_dop_operator_3.py
[2024-12-03T16:34:46.479+0000] {processor.py:766} INFO - DAG(s) dict_keys(['example_branch_dop_operator_v3']) retrieved from /home/airflow/.local/lib/python3.7/site-packages/airflow/example_dags/example_branch_python_dop_operator_3.py
[2024-12-03T16:34:46.578+0000] {logging_mixin.py:120} INFO - [2024-12-03T16:34:46.578+0000] {dag.py:2585} INFO - Sync 1 DAGs
[2024-12-03T16:34:46.686+0000] {logging_mixin.py:120} INFO - [2024-12-03T16:34:46.686+0000] {dag.py:3340} INFO - Setting next_dagrun for example_branch_dop_operator_v3 to 2024-12-03T16:33:00+00:00, run_after=2024-12-03T16:34:00+00:00
[2024-12-03T16:34:46.761+0000] {processor.py:176} INFO - Processing /home/airflow/.local/lib/python3.7/site-packages/airflow/example_dags/example_branch_python_dop_operator_3.py took 0.359 seconds
[2024-12-03T16:35:16.961+0000] {processor.py:154} INFO - Started process (PID=5023) to work on /home/airflow/.local/lib/python3.7/site-packages/airflow/example_dags/example_branch_python_dop_operator_3.py
[2024-12-03T16:35:16.963+0000] {processor.py:756} INFO - Processing file /home/airflow/.local/lib/python3.7/site-packages/airflow/example_dags/example_branch_python_dop_operator_3.py for tasks to queue
[2024-12-03T16:35:16.964+0000] {logging_mixin.py:120} INFO - [2024-12-03T16:35:16.964+0000] {dagbag.py:537} INFO - Filling up the DagBag from /home/airflow/.local/lib/python3.7/site-packages/airflow/example_dags/example_branch_python_dop_operator_3.py
[2024-12-03T16:35:16.987+0000] {processor.py:766} INFO - DAG(s) dict_keys(['example_branch_dop_operator_v3']) retrieved from /home/airflow/.local/lib/python3.7/site-packages/airflow/example_dags/example_branch_python_dop_operator_3.py
[2024-12-03T16:35:17.046+0000] {logging_mixin.py:120} INFO - [2024-12-03T16:35:17.046+0000] {dag.py:2585} INFO - Sync 1 DAGs
[2024-12-03T16:35:17.090+0000] {logging_mixin.py:120} INFO - [2024-12-03T16:35:17.090+0000] {dag.py:3340} INFO - Setting next_dagrun for example_branch_dop_operator_v3 to 2024-12-03T16:34:00+00:00, run_after=2024-12-03T16:35:00+00:00
[2024-12-03T16:35:17.123+0000] {processor.py:176} INFO - Processing /home/airflow/.local/lib/python3.7/site-packages/airflow/example_dags/example_branch_python_dop_operator_3.py took 0.165 seconds
[2024-12-03T16:35:47.741+0000] {processor.py:154} INFO - Started process (PID=5091) to work on /home/airflow/.local/lib/python3.7/site-packages/airflow/example_dags/example_branch_python_dop_operator_3.py
[2024-12-03T16:35:47.743+0000] {processor.py:756} INFO - Processing file /home/airflow/.local/lib/python3.7/site-packages/airflow/example_dags/example_branch_python_dop_operator_3.py for tasks to queue
[2024-12-03T16:35:47.746+0000] {logging_mixin.py:120} INFO - [2024-12-03T16:35:47.745+0000] {dagbag.py:537} INFO - Filling up the DagBag from /home/airflow/.local/lib/python3.7/site-packages/airflow/example_dags/example_branch_python_dop_operator_3.py
[2024-12-03T16:35:47.782+0000] {processor.py:766} INFO - DAG(s) dict_keys(['example_branch_dop_operator_v3']) retrieved from /home/airflow/.local/lib/python3.7/site-packages/airflow/example_dags/example_branch_python_dop_operator_3.py
[2024-12-03T16:35:47.849+0000] {logging_mixin.py:120} INFO - [2024-12-03T16:35:47.849+0000] {dag.py:2585} INFO - Sync 1 DAGs
[2024-12-03T16:35:47.898+0000] {logging_mixin.py:120} INFO - [2024-12-03T16:35:47.897+0000] {dag.py:3340} INFO - Setting next_dagrun for example_branch_dop_operator_v3 to 2024-12-03T16:34:00+00:00, run_after=2024-12-03T16:35:00+00:00
[2024-12-03T16:35:47.935+0000] {processor.py:176} INFO - Processing /home/airflow/.local/lib/python3.7/site-packages/airflow/example_dags/example_branch_python_dop_operator_3.py took 0.199 seconds
[2024-12-03T16:36:18.860+0000] {processor.py:154} INFO - Started process (PID=5151) to work on /home/airflow/.local/lib/python3.7/site-packages/airflow/example_dags/example_branch_python_dop_operator_3.py
[2024-12-03T16:36:18.862+0000] {processor.py:756} INFO - Processing file /home/airflow/.local/lib/python3.7/site-packages/airflow/example_dags/example_branch_python_dop_operator_3.py for tasks to queue
[2024-12-03T16:36:18.863+0000] {logging_mixin.py:120} INFO - [2024-12-03T16:36:18.863+0000] {dagbag.py:537} INFO - Filling up the DagBag from /home/airflow/.local/lib/python3.7/site-packages/airflow/example_dags/example_branch_python_dop_operator_3.py
[2024-12-03T16:36:18.890+0000] {processor.py:766} INFO - DAG(s) dict_keys(['example_branch_dop_operator_v3']) retrieved from /home/airflow/.local/lib/python3.7/site-packages/airflow/example_dags/example_branch_python_dop_operator_3.py
[2024-12-03T16:36:18.947+0000] {logging_mixin.py:120} INFO - [2024-12-03T16:36:18.947+0000] {dag.py:2585} INFO - Sync 1 DAGs
[2024-12-03T16:36:18.988+0000] {logging_mixin.py:120} INFO - [2024-12-03T16:36:18.988+0000] {dag.py:3340} INFO - Setting next_dagrun for example_branch_dop_operator_v3 to 2024-12-03T16:35:00+00:00, run_after=2024-12-03T16:36:00+00:00
[2024-12-03T16:36:19.033+0000] {processor.py:176} INFO - Processing /home/airflow/.local/lib/python3.7/site-packages/airflow/example_dags/example_branch_python_dop_operator_3.py took 0.176 seconds
[2024-12-03T16:36:49.897+0000] {processor.py:154} INFO - Started process (PID=5215) to work on /home/airflow/.local/lib/python3.7/site-packages/airflow/example_dags/example_branch_python_dop_operator_3.py
[2024-12-03T16:36:49.899+0000] {processor.py:756} INFO - Processing file /home/airflow/.local/lib/python3.7/site-packages/airflow/example_dags/example_branch_python_dop_operator_3.py for tasks to queue
[2024-12-03T16:36:49.901+0000] {logging_mixin.py:120} INFO - [2024-12-03T16:36:49.900+0000] {dagbag.py:537} INFO - Filling up the DagBag from /home/airflow/.local/lib/python3.7/site-packages/airflow/example_dags/example_branch_python_dop_operator_3.py
[2024-12-03T16:36:49.953+0000] {processor.py:766} INFO - DAG(s) dict_keys(['example_branch_dop_operator_v3']) retrieved from /home/airflow/.local/lib/python3.7/site-packages/airflow/example_dags/example_branch_python_dop_operator_3.py
[2024-12-03T16:36:50.057+0000] {logging_mixin.py:120} INFO - [2024-12-03T16:36:50.057+0000] {dag.py:2585} INFO - Sync 1 DAGs
[2024-12-03T16:36:50.131+0000] {logging_mixin.py:120} INFO - [2024-12-03T16:36:50.131+0000] {dag.py:3340} INFO - Setting next_dagrun for example_branch_dop_operator_v3 to 2024-12-03T16:35:00+00:00, run_after=2024-12-03T16:36:00+00:00
[2024-12-03T16:36:50.199+0000] {processor.py:176} INFO - Processing /home/airflow/.local/lib/python3.7/site-packages/airflow/example_dags/example_branch_python_dop_operator_3.py took 0.310 seconds
[2024-12-03T16:37:20.378+0000] {processor.py:154} INFO - Started process (PID=5270) to work on /home/airflow/.local/lib/python3.7/site-packages/airflow/example_dags/example_branch_python_dop_operator_3.py
[2024-12-03T16:37:20.380+0000] {processor.py:756} INFO - Processing file /home/airflow/.local/lib/python3.7/site-packages/airflow/example_dags/example_branch_python_dop_operator_3.py for tasks to queue
[2024-12-03T16:37:20.382+0000] {logging_mixin.py:120} INFO - [2024-12-03T16:37:20.382+0000] {dagbag.py:537} INFO - Filling up the DagBag from /home/airflow/.local/lib/python3.7/site-packages/airflow/example_dags/example_branch_python_dop_operator_3.py
[2024-12-03T16:37:20.414+0000] {processor.py:766} INFO - DAG(s) dict_keys(['example_branch_dop_operator_v3']) retrieved from /home/airflow/.local/lib/python3.7/site-packages/airflow/example_dags/example_branch_python_dop_operator_3.py
[2024-12-03T16:37:20.466+0000] {logging_mixin.py:120} INFO - [2024-12-03T16:37:20.465+0000] {dag.py:2585} INFO - Sync 1 DAGs
[2024-12-03T16:37:20.505+0000] {logging_mixin.py:120} INFO - [2024-12-03T16:37:20.505+0000] {dag.py:3340} INFO - Setting next_dagrun for example_branch_dop_operator_v3 to 2024-12-03T16:36:00+00:00, run_after=2024-12-03T16:37:00+00:00
[2024-12-03T16:37:20.543+0000] {processor.py:176} INFO - Processing /home/airflow/.local/lib/python3.7/site-packages/airflow/example_dags/example_branch_python_dop_operator_3.py took 0.173 seconds
[2024-12-03T16:37:50.777+0000] {processor.py:154} INFO - Started process (PID=5325) to work on /home/airflow/.local/lib/python3.7/site-packages/airflow/example_dags/example_branch_python_dop_operator_3.py
[2024-12-03T16:37:50.779+0000] {processor.py:756} INFO - Processing file /home/airflow/.local/lib/python3.7/site-packages/airflow/example_dags/example_branch_python_dop_operator_3.py for tasks to queue
[2024-12-03T16:37:50.781+0000] {logging_mixin.py:120} INFO - [2024-12-03T16:37:50.780+0000] {dagbag.py:537} INFO - Filling up the DagBag from /home/airflow/.local/lib/python3.7/site-packages/airflow/example_dags/example_branch_python_dop_operator_3.py
[2024-12-03T16:37:50.823+0000] {processor.py:766} INFO - DAG(s) dict_keys(['example_branch_dop_operator_v3']) retrieved from /home/airflow/.local/lib/python3.7/site-packages/airflow/example_dags/example_branch_python_dop_operator_3.py
[2024-12-03T16:37:50.927+0000] {logging_mixin.py:120} INFO - [2024-12-03T16:37:50.926+0000] {dag.py:2585} INFO - Sync 1 DAGs
[2024-12-03T16:37:50.986+0000] {logging_mixin.py:120} INFO - [2024-12-03T16:37:50.985+0000] {dag.py:3340} INFO - Setting next_dagrun for example_branch_dop_operator_v3 to 2024-12-03T16:36:00+00:00, run_after=2024-12-03T16:37:00+00:00
[2024-12-03T16:37:51.041+0000] {processor.py:176} INFO - Processing /home/airflow/.local/lib/python3.7/site-packages/airflow/example_dags/example_branch_python_dop_operator_3.py took 0.276 seconds
[2024-12-03T16:38:23.605+0000] {processor.py:154} INFO - Started process (PID=5388) to work on /home/airflow/.local/lib/python3.7/site-packages/airflow/example_dags/example_branch_python_dop_operator_3.py
[2024-12-03T16:38:23.608+0000] {processor.py:756} INFO - Processing file /home/airflow/.local/lib/python3.7/site-packages/airflow/example_dags/example_branch_python_dop_operator_3.py for tasks to queue
[2024-12-03T16:38:23.611+0000] {logging_mixin.py:120} INFO - [2024-12-03T16:38:23.611+0000] {dagbag.py:537} INFO - Filling up the DagBag from /home/airflow/.local/lib/python3.7/site-packages/airflow/example_dags/example_branch_python_dop_operator_3.py
[2024-12-03T16:38:23.685+0000] {processor.py:766} INFO - DAG(s) dict_keys(['example_branch_dop_operator_v3']) retrieved from /home/airflow/.local/lib/python3.7/site-packages/airflow/example_dags/example_branch_python_dop_operator_3.py
[2024-12-03T16:38:23.845+0000] {logging_mixin.py:120} INFO - [2024-12-03T16:38:23.845+0000] {dag.py:2585} INFO - Sync 1 DAGs
[2024-12-03T16:38:23.929+0000] {logging_mixin.py:120} INFO - [2024-12-03T16:38:23.928+0000] {dag.py:3340} INFO - Setting next_dagrun for example_branch_dop_operator_v3 to 2024-12-03T16:37:00+00:00, run_after=2024-12-03T16:38:00+00:00
[2024-12-03T16:38:23.982+0000] {processor.py:176} INFO - Processing /home/airflow/.local/lib/python3.7/site-packages/airflow/example_dags/example_branch_python_dop_operator_3.py took 0.391 seconds
[2024-12-03T16:38:54.426+0000] {processor.py:154} INFO - Started process (PID=5443) to work on /home/airflow/.local/lib/python3.7/site-packages/airflow/example_dags/example_branch_python_dop_operator_3.py
[2024-12-03T16:38:54.428+0000] {processor.py:756} INFO - Processing file /home/airflow/.local/lib/python3.7/site-packages/airflow/example_dags/example_branch_python_dop_operator_3.py for tasks to queue
[2024-12-03T16:38:54.429+0000] {logging_mixin.py:120} INFO - [2024-12-03T16:38:54.429+0000] {dagbag.py:537} INFO - Filling up the DagBag from /home/airflow/.local/lib/python3.7/site-packages/airflow/example_dags/example_branch_python_dop_operator_3.py
[2024-12-03T16:38:54.467+0000] {processor.py:766} INFO - DAG(s) dict_keys(['example_branch_dop_operator_v3']) retrieved from /home/airflow/.local/lib/python3.7/site-packages/airflow/example_dags/example_branch_python_dop_operator_3.py
[2024-12-03T16:38:54.537+0000] {logging_mixin.py:120} INFO - [2024-12-03T16:38:54.536+0000] {dag.py:2585} INFO - Sync 1 DAGs
[2024-12-03T16:38:54.579+0000] {logging_mixin.py:120} INFO - [2024-12-03T16:38:54.579+0000] {dag.py:3340} INFO - Setting next_dagrun for example_branch_dop_operator_v3 to 2024-12-03T16:37:00+00:00, run_after=2024-12-03T16:38:00+00:00
[2024-12-03T16:38:54.617+0000] {processor.py:176} INFO - Processing /home/airflow/.local/lib/python3.7/site-packages/airflow/example_dags/example_branch_python_dop_operator_3.py took 0.195 seconds
[2024-12-03T16:39:25.625+0000] {processor.py:154} INFO - Started process (PID=5508) to work on /home/airflow/.local/lib/python3.7/site-packages/airflow/example_dags/example_branch_python_dop_operator_3.py
[2024-12-03T16:39:25.627+0000] {processor.py:756} INFO - Processing file /home/airflow/.local/lib/python3.7/site-packages/airflow/example_dags/example_branch_python_dop_operator_3.py for tasks to queue
[2024-12-03T16:39:25.628+0000] {logging_mixin.py:120} INFO - [2024-12-03T16:39:25.628+0000] {dagbag.py:537} INFO - Filling up the DagBag from /home/airflow/.local/lib/python3.7/site-packages/airflow/example_dags/example_branch_python_dop_operator_3.py
[2024-12-03T16:39:25.659+0000] {processor.py:766} INFO - DAG(s) dict_keys(['example_branch_dop_operator_v3']) retrieved from /home/airflow/.local/lib/python3.7/site-packages/airflow/example_dags/example_branch_python_dop_operator_3.py
[2024-12-03T16:39:25.736+0000] {logging_mixin.py:120} INFO - [2024-12-03T16:39:25.735+0000] {dag.py:2585} INFO - Sync 1 DAGs
[2024-12-03T16:39:25.783+0000] {logging_mixin.py:120} INFO - [2024-12-03T16:39:25.783+0000] {dag.py:3340} INFO - Setting next_dagrun for example_branch_dop_operator_v3 to 2024-12-03T16:38:00+00:00, run_after=2024-12-03T16:39:00+00:00
[2024-12-03T16:39:25.831+0000] {processor.py:176} INFO - Processing /home/airflow/.local/lib/python3.7/site-packages/airflow/example_dags/example_branch_python_dop_operator_3.py took 0.209 seconds
[2024-12-03T16:39:56.782+0000] {processor.py:154} INFO - Started process (PID=5567) to work on /home/airflow/.local/lib/python3.7/site-packages/airflow/example_dags/example_branch_python_dop_operator_3.py
[2024-12-03T16:39:56.783+0000] {processor.py:756} INFO - Processing file /home/airflow/.local/lib/python3.7/site-packages/airflow/example_dags/example_branch_python_dop_operator_3.py for tasks to queue
[2024-12-03T16:39:56.784+0000] {logging_mixin.py:120} INFO - [2024-12-03T16:39:56.784+0000] {dagbag.py:537} INFO - Filling up the DagBag from /home/airflow/.local/lib/python3.7/site-packages/airflow/example_dags/example_branch_python_dop_operator_3.py
[2024-12-03T16:39:56.814+0000] {processor.py:766} INFO - DAG(s) dict_keys(['example_branch_dop_operator_v3']) retrieved from /home/airflow/.local/lib/python3.7/site-packages/airflow/example_dags/example_branch_python_dop_operator_3.py
[2024-12-03T16:39:56.871+0000] {logging_mixin.py:120} INFO - [2024-12-03T16:39:56.870+0000] {dag.py:2585} INFO - Sync 1 DAGs
[2024-12-03T16:39:56.917+0000] {logging_mixin.py:120} INFO - [2024-12-03T16:39:56.917+0000] {dag.py:3340} INFO - Setting next_dagrun for example_branch_dop_operator_v3 to 2024-12-03T16:38:00+00:00, run_after=2024-12-03T16:39:00+00:00
[2024-12-03T16:39:56.954+0000] {processor.py:176} INFO - Processing /home/airflow/.local/lib/python3.7/site-packages/airflow/example_dags/example_branch_python_dop_operator_3.py took 0.176 seconds
[2024-12-03T16:40:27.698+0000] {processor.py:154} INFO - Started process (PID=5635) to work on /home/airflow/.local/lib/python3.7/site-packages/airflow/example_dags/example_branch_python_dop_operator_3.py
[2024-12-03T16:40:27.700+0000] {processor.py:756} INFO - Processing file /home/airflow/.local/lib/python3.7/site-packages/airflow/example_dags/example_branch_python_dop_operator_3.py for tasks to queue
[2024-12-03T16:40:27.701+0000] {logging_mixin.py:120} INFO - [2024-12-03T16:40:27.701+0000] {dagbag.py:537} INFO - Filling up the DagBag from /home/airflow/.local/lib/python3.7/site-packages/airflow/example_dags/example_branch_python_dop_operator_3.py
[2024-12-03T16:40:27.769+0000] {processor.py:766} INFO - DAG(s) dict_keys(['example_branch_dop_operator_v3']) retrieved from /home/airflow/.local/lib/python3.7/site-packages/airflow/example_dags/example_branch_python_dop_operator_3.py
[2024-12-03T16:40:27.878+0000] {logging_mixin.py:120} INFO - [2024-12-03T16:40:27.877+0000] {dag.py:2585} INFO - Sync 1 DAGs
[2024-12-03T16:40:27.935+0000] {logging_mixin.py:120} INFO - [2024-12-03T16:40:27.935+0000] {dag.py:3340} INFO - Setting next_dagrun for example_branch_dop_operator_v3 to 2024-12-03T16:39:00+00:00, run_after=2024-12-03T16:40:00+00:00
[2024-12-03T16:40:27.988+0000] {processor.py:176} INFO - Processing /home/airflow/.local/lib/python3.7/site-packages/airflow/example_dags/example_branch_python_dop_operator_3.py took 0.294 seconds
[2024-12-03T16:40:58.194+0000] {processor.py:154} INFO - Started process (PID=5699) to work on /home/airflow/.local/lib/python3.7/site-packages/airflow/example_dags/example_branch_python_dop_operator_3.py
[2024-12-03T16:40:58.197+0000] {processor.py:756} INFO - Processing file /home/airflow/.local/lib/python3.7/site-packages/airflow/example_dags/example_branch_python_dop_operator_3.py for tasks to queue
[2024-12-03T16:40:58.201+0000] {logging_mixin.py:120} INFO - [2024-12-03T16:40:58.201+0000] {dagbag.py:537} INFO - Filling up the DagBag from /home/airflow/.local/lib/python3.7/site-packages/airflow/example_dags/example_branch_python_dop_operator_3.py
[2024-12-03T16:40:58.250+0000] {processor.py:766} INFO - DAG(s) dict_keys(['example_branch_dop_operator_v3']) retrieved from /home/airflow/.local/lib/python3.7/site-packages/airflow/example_dags/example_branch_python_dop_operator_3.py
[2024-12-03T16:40:58.337+0000] {logging_mixin.py:120} INFO - [2024-12-03T16:40:58.337+0000] {dag.py:2585} INFO - Sync 1 DAGs
[2024-12-03T16:40:58.387+0000] {logging_mixin.py:120} INFO - [2024-12-03T16:40:58.387+0000] {dag.py:3340} INFO - Setting next_dagrun for example_branch_dop_operator_v3 to 2024-12-03T16:39:00+00:00, run_after=2024-12-03T16:40:00+00:00
[2024-12-03T16:40:58.426+0000] {processor.py:176} INFO - Processing /home/airflow/.local/lib/python3.7/site-packages/airflow/example_dags/example_branch_python_dop_operator_3.py took 0.238 seconds
[2024-12-03T16:41:29.010+0000] {processor.py:154} INFO - Started process (PID=5770) to work on /home/airflow/.local/lib/python3.7/site-packages/airflow/example_dags/example_branch_python_dop_operator_3.py
[2024-12-03T16:41:29.012+0000] {processor.py:756} INFO - Processing file /home/airflow/.local/lib/python3.7/site-packages/airflow/example_dags/example_branch_python_dop_operator_3.py for tasks to queue
[2024-12-03T16:41:29.014+0000] {logging_mixin.py:120} INFO - [2024-12-03T16:41:29.014+0000] {dagbag.py:537} INFO - Filling up the DagBag from /home/airflow/.local/lib/python3.7/site-packages/airflow/example_dags/example_branch_python_dop_operator_3.py
[2024-12-03T16:41:29.039+0000] {processor.py:766} INFO - DAG(s) dict_keys(['example_branch_dop_operator_v3']) retrieved from /home/airflow/.local/lib/python3.7/site-packages/airflow/example_dags/example_branch_python_dop_operator_3.py
[2024-12-03T16:41:29.085+0000] {logging_mixin.py:120} INFO - [2024-12-03T16:41:29.085+0000] {dag.py:2585} INFO - Sync 1 DAGs
[2024-12-03T16:41:29.122+0000] {logging_mixin.py:120} INFO - [2024-12-03T16:41:29.122+0000] {dag.py:3340} INFO - Setting next_dagrun for example_branch_dop_operator_v3 to 2024-12-03T16:40:00+00:00, run_after=2024-12-03T16:41:00+00:00
[2024-12-03T16:41:29.159+0000] {processor.py:176} INFO - Processing /home/airflow/.local/lib/python3.7/site-packages/airflow/example_dags/example_branch_python_dop_operator_3.py took 0.152 seconds
[2024-12-03T16:42:00.117+0000] {processor.py:154} INFO - Started process (PID=5825) to work on /home/airflow/.local/lib/python3.7/site-packages/airflow/example_dags/example_branch_python_dop_operator_3.py
[2024-12-03T16:42:00.120+0000] {processor.py:756} INFO - Processing file /home/airflow/.local/lib/python3.7/site-packages/airflow/example_dags/example_branch_python_dop_operator_3.py for tasks to queue
[2024-12-03T16:42:00.122+0000] {logging_mixin.py:120} INFO - [2024-12-03T16:42:00.122+0000] {dagbag.py:537} INFO - Filling up the DagBag from /home/airflow/.local/lib/python3.7/site-packages/airflow/example_dags/example_branch_python_dop_operator_3.py
[2024-12-03T16:42:00.157+0000] {processor.py:766} INFO - DAG(s) dict_keys(['example_branch_dop_operator_v3']) retrieved from /home/airflow/.local/lib/python3.7/site-packages/airflow/example_dags/example_branch_python_dop_operator_3.py
[2024-12-03T16:42:00.224+0000] {logging_mixin.py:120} INFO - [2024-12-03T16:42:00.224+0000] {dag.py:2585} INFO - Sync 1 DAGs
[2024-12-03T16:42:00.269+0000] {logging_mixin.py:120} INFO - [2024-12-03T16:42:00.268+0000] {dag.py:3340} INFO - Setting next_dagrun for example_branch_dop_operator_v3 to 2024-12-03T16:41:00+00:00, run_after=2024-12-03T16:42:00+00:00
[2024-12-03T16:42:00.304+0000] {processor.py:176} INFO - Processing /home/airflow/.local/lib/python3.7/site-packages/airflow/example_dags/example_branch_python_dop_operator_3.py took 0.194 seconds
[2024-12-03T16:42:30.978+0000] {processor.py:154} INFO - Started process (PID=5889) to work on /home/airflow/.local/lib/python3.7/site-packages/airflow/example_dags/example_branch_python_dop_operator_3.py
[2024-12-03T16:42:30.980+0000] {processor.py:756} INFO - Processing file /home/airflow/.local/lib/python3.7/site-packages/airflow/example_dags/example_branch_python_dop_operator_3.py for tasks to queue
[2024-12-03T16:42:30.981+0000] {logging_mixin.py:120} INFO - [2024-12-03T16:42:30.981+0000] {dagbag.py:537} INFO - Filling up the DagBag from /home/airflow/.local/lib/python3.7/site-packages/airflow/example_dags/example_branch_python_dop_operator_3.py
[2024-12-03T16:42:31.024+0000] {processor.py:766} INFO - DAG(s) dict_keys(['example_branch_dop_operator_v3']) retrieved from /home/airflow/.local/lib/python3.7/site-packages/airflow/example_dags/example_branch_python_dop_operator_3.py
[2024-12-03T16:42:31.090+0000] {logging_mixin.py:120} INFO - [2024-12-03T16:42:31.090+0000] {dag.py:2585} INFO - Sync 1 DAGs
[2024-12-03T16:42:31.134+0000] {logging_mixin.py:120} INFO - [2024-12-03T16:42:31.133+0000] {dag.py:3340} INFO - Setting next_dagrun for example_branch_dop_operator_v3 to 2024-12-03T16:41:00+00:00, run_after=2024-12-03T16:42:00+00:00
[2024-12-03T16:42:31.173+0000] {processor.py:176} INFO - Processing /home/airflow/.local/lib/python3.7/site-packages/airflow/example_dags/example_branch_python_dop_operator_3.py took 0.200 seconds
[2024-12-03T16:43:01.595+0000] {processor.py:154} INFO - Started process (PID=5944) to work on /home/airflow/.local/lib/python3.7/site-packages/airflow/example_dags/example_branch_python_dop_operator_3.py
[2024-12-03T16:43:01.597+0000] {processor.py:756} INFO - Processing file /home/airflow/.local/lib/python3.7/site-packages/airflow/example_dags/example_branch_python_dop_operator_3.py for tasks to queue
[2024-12-03T16:43:01.600+0000] {logging_mixin.py:120} INFO - [2024-12-03T16:43:01.600+0000] {dagbag.py:537} INFO - Filling up the DagBag from /home/airflow/.local/lib/python3.7/site-packages/airflow/example_dags/example_branch_python_dop_operator_3.py
[2024-12-03T16:43:01.651+0000] {processor.py:766} INFO - DAG(s) dict_keys(['example_branch_dop_operator_v3']) retrieved from /home/airflow/.local/lib/python3.7/site-packages/airflow/example_dags/example_branch_python_dop_operator_3.py
[2024-12-03T16:43:01.740+0000] {logging_mixin.py:120} INFO - [2024-12-03T16:43:01.739+0000] {dag.py:2585} INFO - Sync 1 DAGs
[2024-12-03T16:43:01.811+0000] {logging_mixin.py:120} INFO - [2024-12-03T16:43:01.811+0000] {dag.py:3340} INFO - Setting next_dagrun for example_branch_dop_operator_v3 to 2024-12-03T16:42:00+00:00, run_after=2024-12-03T16:43:00+00:00
[2024-12-03T16:43:01.864+0000] {processor.py:176} INFO - Processing /home/airflow/.local/lib/python3.7/site-packages/airflow/example_dags/example_branch_python_dop_operator_3.py took 0.276 seconds
[2024-12-03T16:43:33.053+0000] {processor.py:154} INFO - Started process (PID=6008) to work on /home/airflow/.local/lib/python3.7/site-packages/airflow/example_dags/example_branch_python_dop_operator_3.py
[2024-12-03T16:43:33.055+0000] {processor.py:756} INFO - Processing file /home/airflow/.local/lib/python3.7/site-packages/airflow/example_dags/example_branch_python_dop_operator_3.py for tasks to queue
[2024-12-03T16:43:33.058+0000] {logging_mixin.py:120} INFO - [2024-12-03T16:43:33.057+0000] {dagbag.py:537} INFO - Filling up the DagBag from /home/airflow/.local/lib/python3.7/site-packages/airflow/example_dags/example_branch_python_dop_operator_3.py
[2024-12-03T16:43:33.154+0000] {processor.py:766} INFO - DAG(s) dict_keys(['example_branch_dop_operator_v3']) retrieved from /home/airflow/.local/lib/python3.7/site-packages/airflow/example_dags/example_branch_python_dop_operator_3.py
[2024-12-03T16:43:33.256+0000] {logging_mixin.py:120} INFO - [2024-12-03T16:43:33.255+0000] {dag.py:2585} INFO - Sync 1 DAGs
[2024-12-03T16:43:33.308+0000] {logging_mixin.py:120} INFO - [2024-12-03T16:43:33.308+0000] {dag.py:3340} INFO - Setting next_dagrun for example_branch_dop_operator_v3 to 2024-12-03T16:42:00+00:00, run_after=2024-12-03T16:43:00+00:00
[2024-12-03T16:43:33.358+0000] {processor.py:176} INFO - Processing /home/airflow/.local/lib/python3.7/site-packages/airflow/example_dags/example_branch_python_dop_operator_3.py took 0.311 seconds
[2024-12-03T16:44:04.375+0000] {processor.py:154} INFO - Started process (PID=6063) to work on /home/airflow/.local/lib/python3.7/site-packages/airflow/example_dags/example_branch_python_dop_operator_3.py
[2024-12-03T16:44:04.377+0000] {processor.py:756} INFO - Processing file /home/airflow/.local/lib/python3.7/site-packages/airflow/example_dags/example_branch_python_dop_operator_3.py for tasks to queue
[2024-12-03T16:44:04.379+0000] {logging_mixin.py:120} INFO - [2024-12-03T16:44:04.379+0000] {dagbag.py:537} INFO - Filling up the DagBag from /home/airflow/.local/lib/python3.7/site-packages/airflow/example_dags/example_branch_python_dop_operator_3.py
[2024-12-03T16:44:04.416+0000] {processor.py:766} INFO - DAG(s) dict_keys(['example_branch_dop_operator_v3']) retrieved from /home/airflow/.local/lib/python3.7/site-packages/airflow/example_dags/example_branch_python_dop_operator_3.py
[2024-12-03T16:44:04.478+0000] {logging_mixin.py:120} INFO - [2024-12-03T16:44:04.477+0000] {dag.py:2585} INFO - Sync 1 DAGs
[2024-12-03T16:44:04.547+0000] {logging_mixin.py:120} INFO - [2024-12-03T16:44:04.547+0000] {dag.py:3340} INFO - Setting next_dagrun for example_branch_dop_operator_v3 to 2024-12-03T16:43:00+00:00, run_after=2024-12-03T16:44:00+00:00
[2024-12-03T16:44:04.600+0000] {processor.py:176} INFO - Processing /home/airflow/.local/lib/python3.7/site-packages/airflow/example_dags/example_branch_python_dop_operator_3.py took 0.230 seconds
[2024-12-03T16:44:34.826+0000] {processor.py:154} INFO - Started process (PID=6127) to work on /home/airflow/.local/lib/python3.7/site-packages/airflow/example_dags/example_branch_python_dop_operator_3.py
[2024-12-03T16:44:34.827+0000] {processor.py:756} INFO - Processing file /home/airflow/.local/lib/python3.7/site-packages/airflow/example_dags/example_branch_python_dop_operator_3.py for tasks to queue
[2024-12-03T16:44:34.828+0000] {logging_mixin.py:120} INFO - [2024-12-03T16:44:34.828+0000] {dagbag.py:537} INFO - Filling up the DagBag from /home/airflow/.local/lib/python3.7/site-packages/airflow/example_dags/example_branch_python_dop_operator_3.py
[2024-12-03T16:44:34.861+0000] {processor.py:766} INFO - DAG(s) dict_keys(['example_branch_dop_operator_v3']) retrieved from /home/airflow/.local/lib/python3.7/site-packages/airflow/example_dags/example_branch_python_dop_operator_3.py
[2024-12-03T16:44:34.921+0000] {logging_mixin.py:120} INFO - [2024-12-03T16:44:34.921+0000] {dag.py:2585} INFO - Sync 1 DAGs
[2024-12-03T16:44:34.965+0000] {logging_mixin.py:120} INFO - [2024-12-03T16:44:34.965+0000] {dag.py:3340} INFO - Setting next_dagrun for example_branch_dop_operator_v3 to 2024-12-03T16:43:00+00:00, run_after=2024-12-03T16:44:00+00:00
[2024-12-03T16:44:35.001+0000] {processor.py:176} INFO - Processing /home/airflow/.local/lib/python3.7/site-packages/airflow/example_dags/example_branch_python_dop_operator_3.py took 0.181 seconds
[2024-12-03T16:45:05.126+0000] {processor.py:154} INFO - Started process (PID=6187) to work on /home/airflow/.local/lib/python3.7/site-packages/airflow/example_dags/example_branch_python_dop_operator_3.py
[2024-12-03T16:45:05.128+0000] {processor.py:756} INFO - Processing file /home/airflow/.local/lib/python3.7/site-packages/airflow/example_dags/example_branch_python_dop_operator_3.py for tasks to queue
[2024-12-03T16:45:05.130+0000] {logging_mixin.py:120} INFO - [2024-12-03T16:45:05.130+0000] {dagbag.py:537} INFO - Filling up the DagBag from /home/airflow/.local/lib/python3.7/site-packages/airflow/example_dags/example_branch_python_dop_operator_3.py
[2024-12-03T16:45:05.165+0000] {processor.py:766} INFO - DAG(s) dict_keys(['example_branch_dop_operator_v3']) retrieved from /home/airflow/.local/lib/python3.7/site-packages/airflow/example_dags/example_branch_python_dop_operator_3.py
[2024-12-03T16:45:05.236+0000] {logging_mixin.py:120} INFO - [2024-12-03T16:45:05.236+0000] {dag.py:2585} INFO - Sync 1 DAGs
[2024-12-03T16:45:05.278+0000] {logging_mixin.py:120} INFO - [2024-12-03T16:45:05.278+0000] {dag.py:3340} INFO - Setting next_dagrun for example_branch_dop_operator_v3 to 2024-12-03T16:44:00+00:00, run_after=2024-12-03T16:45:00+00:00
[2024-12-03T16:45:05.318+0000] {processor.py:176} INFO - Processing /home/airflow/.local/lib/python3.7/site-packages/airflow/example_dags/example_branch_python_dop_operator_3.py took 0.198 seconds
[2024-12-03T16:45:35.653+0000] {processor.py:154} INFO - Started process (PID=6255) to work on /home/airflow/.local/lib/python3.7/site-packages/airflow/example_dags/example_branch_python_dop_operator_3.py
[2024-12-03T16:45:35.658+0000] {processor.py:756} INFO - Processing file /home/airflow/.local/lib/python3.7/site-packages/airflow/example_dags/example_branch_python_dop_operator_3.py for tasks to queue
[2024-12-03T16:45:35.670+0000] {logging_mixin.py:120} INFO - [2024-12-03T16:45:35.669+0000] {dagbag.py:537} INFO - Filling up the DagBag from /home/airflow/.local/lib/python3.7/site-packages/airflow/example_dags/example_branch_python_dop_operator_3.py
[2024-12-03T16:45:35.748+0000] {processor.py:766} INFO - DAG(s) dict_keys(['example_branch_dop_operator_v3']) retrieved from /home/airflow/.local/lib/python3.7/site-packages/airflow/example_dags/example_branch_python_dop_operator_3.py
[2024-12-03T16:45:35.892+0000] {logging_mixin.py:120} INFO - [2024-12-03T16:45:35.891+0000] {dag.py:2585} INFO - Sync 1 DAGs
[2024-12-03T16:45:35.982+0000] {logging_mixin.py:120} INFO - [2024-12-03T16:45:35.982+0000] {dag.py:3340} INFO - Setting next_dagrun for example_branch_dop_operator_v3 to 2024-12-03T16:44:00+00:00, run_after=2024-12-03T16:45:00+00:00
[2024-12-03T16:45:36.069+0000] {processor.py:176} INFO - Processing /home/airflow/.local/lib/python3.7/site-packages/airflow/example_dags/example_branch_python_dop_operator_3.py took 0.425 seconds
[2024-12-03T16:46:06.389+0000] {processor.py:154} INFO - Started process (PID=6319) to work on /home/airflow/.local/lib/python3.7/site-packages/airflow/example_dags/example_branch_python_dop_operator_3.py
[2024-12-03T16:46:06.390+0000] {processor.py:756} INFO - Processing file /home/airflow/.local/lib/python3.7/site-packages/airflow/example_dags/example_branch_python_dop_operator_3.py for tasks to queue
[2024-12-03T16:46:06.392+0000] {logging_mixin.py:120} INFO - [2024-12-03T16:46:06.392+0000] {dagbag.py:537} INFO - Filling up the DagBag from /home/airflow/.local/lib/python3.7/site-packages/airflow/example_dags/example_branch_python_dop_operator_3.py
[2024-12-03T16:46:06.426+0000] {processor.py:766} INFO - DAG(s) dict_keys(['example_branch_dop_operator_v3']) retrieved from /home/airflow/.local/lib/python3.7/site-packages/airflow/example_dags/example_branch_python_dop_operator_3.py
[2024-12-03T16:46:06.490+0000] {logging_mixin.py:120} INFO - [2024-12-03T16:46:06.490+0000] {dag.py:2585} INFO - Sync 1 DAGs
[2024-12-03T16:46:06.538+0000] {logging_mixin.py:120} INFO - [2024-12-03T16:46:06.538+0000] {dag.py:3340} INFO - Setting next_dagrun for example_branch_dop_operator_v3 to 2024-12-03T16:45:00+00:00, run_after=2024-12-03T16:46:00+00:00
[2024-12-03T16:46:06.576+0000] {processor.py:176} INFO - Processing /home/airflow/.local/lib/python3.7/site-packages/airflow/example_dags/example_branch_python_dop_operator_3.py took 0.191 seconds
[2024-12-03T16:46:37.951+0000] {processor.py:154} INFO - Started process (PID=6390) to work on /home/airflow/.local/lib/python3.7/site-packages/airflow/example_dags/example_branch_python_dop_operator_3.py
[2024-12-03T16:46:37.956+0000] {processor.py:756} INFO - Processing file /home/airflow/.local/lib/python3.7/site-packages/airflow/example_dags/example_branch_python_dop_operator_3.py for tasks to queue
[2024-12-03T16:46:37.965+0000] {logging_mixin.py:120} INFO - [2024-12-03T16:46:37.964+0000] {dagbag.py:537} INFO - Filling up the DagBag from /home/airflow/.local/lib/python3.7/site-packages/airflow/example_dags/example_branch_python_dop_operator_3.py
[2024-12-03T16:46:38.076+0000] {processor.py:766} INFO - DAG(s) dict_keys(['example_branch_dop_operator_v3']) retrieved from /home/airflow/.local/lib/python3.7/site-packages/airflow/example_dags/example_branch_python_dop_operator_3.py
[2024-12-03T16:46:38.354+0000] {logging_mixin.py:120} INFO - [2024-12-03T16:46:38.353+0000] {dag.py:2585} INFO - Sync 1 DAGs
[2024-12-03T16:46:38.515+0000] {logging_mixin.py:120} INFO - [2024-12-03T16:46:38.515+0000] {dag.py:3340} INFO - Setting next_dagrun for example_branch_dop_operator_v3 to 2024-12-03T16:45:00+00:00, run_after=2024-12-03T16:46:00+00:00
[2024-12-03T16:46:38.605+0000] {processor.py:176} INFO - Processing /home/airflow/.local/lib/python3.7/site-packages/airflow/example_dags/example_branch_python_dop_operator_3.py took 0.674 seconds
[2024-12-03T16:47:09.111+0000] {processor.py:154} INFO - Started process (PID=6455) to work on /home/airflow/.local/lib/python3.7/site-packages/airflow/example_dags/example_branch_python_dop_operator_3.py
[2024-12-03T16:47:09.113+0000] {processor.py:756} INFO - Processing file /home/airflow/.local/lib/python3.7/site-packages/airflow/example_dags/example_branch_python_dop_operator_3.py for tasks to queue
[2024-12-03T16:47:09.118+0000] {logging_mixin.py:120} INFO - [2024-12-03T16:47:09.118+0000] {dagbag.py:537} INFO - Filling up the DagBag from /home/airflow/.local/lib/python3.7/site-packages/airflow/example_dags/example_branch_python_dop_operator_3.py
[2024-12-03T16:47:09.161+0000] {processor.py:766} INFO - DAG(s) dict_keys(['example_branch_dop_operator_v3']) retrieved from /home/airflow/.local/lib/python3.7/site-packages/airflow/example_dags/example_branch_python_dop_operator_3.py
[2024-12-03T16:47:09.228+0000] {logging_mixin.py:120} INFO - [2024-12-03T16:47:09.227+0000] {dag.py:2585} INFO - Sync 1 DAGs
[2024-12-03T16:47:09.268+0000] {logging_mixin.py:120} INFO - [2024-12-03T16:47:09.268+0000] {dag.py:3340} INFO - Setting next_dagrun for example_branch_dop_operator_v3 to 2024-12-03T16:46:00+00:00, run_after=2024-12-03T16:47:00+00:00
[2024-12-03T16:47:09.305+0000] {processor.py:176} INFO - Processing /home/airflow/.local/lib/python3.7/site-packages/airflow/example_dags/example_branch_python_dop_operator_3.py took 0.197 seconds
[2024-12-03T16:47:40.175+0000] {processor.py:154} INFO - Started process (PID=6511) to work on /home/airflow/.local/lib/python3.7/site-packages/airflow/example_dags/example_branch_python_dop_operator_3.py
[2024-12-03T16:47:40.178+0000] {processor.py:756} INFO - Processing file /home/airflow/.local/lib/python3.7/site-packages/airflow/example_dags/example_branch_python_dop_operator_3.py for tasks to queue
[2024-12-03T16:47:40.182+0000] {logging_mixin.py:120} INFO - [2024-12-03T16:47:40.181+0000] {dagbag.py:537} INFO - Filling up the DagBag from /home/airflow/.local/lib/python3.7/site-packages/airflow/example_dags/example_branch_python_dop_operator_3.py
[2024-12-03T16:47:40.234+0000] {processor.py:766} INFO - DAG(s) dict_keys(['example_branch_dop_operator_v3']) retrieved from /home/airflow/.local/lib/python3.7/site-packages/airflow/example_dags/example_branch_python_dop_operator_3.py
[2024-12-03T16:47:40.314+0000] {logging_mixin.py:120} INFO - [2024-12-03T16:47:40.313+0000] {dag.py:2585} INFO - Sync 1 DAGs
[2024-12-03T16:47:40.363+0000] {logging_mixin.py:120} INFO - [2024-12-03T16:47:40.363+0000] {dag.py:3340} INFO - Setting next_dagrun for example_branch_dop_operator_v3 to 2024-12-03T16:46:00+00:00, run_after=2024-12-03T16:47:00+00:00
[2024-12-03T16:47:40.424+0000] {processor.py:176} INFO - Processing /home/airflow/.local/lib/python3.7/site-packages/airflow/example_dags/example_branch_python_dop_operator_3.py took 0.261 seconds
[2024-12-03T16:48:10.690+0000] {processor.py:154} INFO - Started process (PID=6575) to work on /home/airflow/.local/lib/python3.7/site-packages/airflow/example_dags/example_branch_python_dop_operator_3.py
[2024-12-03T16:48:10.692+0000] {processor.py:756} INFO - Processing file /home/airflow/.local/lib/python3.7/site-packages/airflow/example_dags/example_branch_python_dop_operator_3.py for tasks to queue
[2024-12-03T16:48:10.694+0000] {logging_mixin.py:120} INFO - [2024-12-03T16:48:10.693+0000] {dagbag.py:537} INFO - Filling up the DagBag from /home/airflow/.local/lib/python3.7/site-packages/airflow/example_dags/example_branch_python_dop_operator_3.py
[2024-12-03T16:48:10.723+0000] {processor.py:766} INFO - DAG(s) dict_keys(['example_branch_dop_operator_v3']) retrieved from /home/airflow/.local/lib/python3.7/site-packages/airflow/example_dags/example_branch_python_dop_operator_3.py
[2024-12-03T16:48:10.785+0000] {logging_mixin.py:120} INFO - [2024-12-03T16:48:10.785+0000] {dag.py:2585} INFO - Sync 1 DAGs
[2024-12-03T16:48:10.830+0000] {logging_mixin.py:120} INFO - [2024-12-03T16:48:10.830+0000] {dag.py:3340} INFO - Setting next_dagrun for example_branch_dop_operator_v3 to 2024-12-03T16:47:00+00:00, run_after=2024-12-03T16:48:00+00:00
[2024-12-03T16:48:10.867+0000] {processor.py:176} INFO - Processing /home/airflow/.local/lib/python3.7/site-packages/airflow/example_dags/example_branch_python_dop_operator_3.py took 0.180 seconds
[2024-12-03T16:48:41.647+0000] {processor.py:154} INFO - Started process (PID=6631) to work on /home/airflow/.local/lib/python3.7/site-packages/airflow/example_dags/example_branch_python_dop_operator_3.py
[2024-12-03T16:48:41.648+0000] {processor.py:756} INFO - Processing file /home/airflow/.local/lib/python3.7/site-packages/airflow/example_dags/example_branch_python_dop_operator_3.py for tasks to queue
[2024-12-03T16:48:41.650+0000] {logging_mixin.py:120} INFO - [2024-12-03T16:48:41.650+0000] {dagbag.py:537} INFO - Filling up the DagBag from /home/airflow/.local/lib/python3.7/site-packages/airflow/example_dags/example_branch_python_dop_operator_3.py
[2024-12-03T16:48:41.680+0000] {processor.py:766} INFO - DAG(s) dict_keys(['example_branch_dop_operator_v3']) retrieved from /home/airflow/.local/lib/python3.7/site-packages/airflow/example_dags/example_branch_python_dop_operator_3.py
[2024-12-03T16:48:41.738+0000] {logging_mixin.py:120} INFO - [2024-12-03T16:48:41.737+0000] {dag.py:2585} INFO - Sync 1 DAGs
[2024-12-03T16:48:41.778+0000] {logging_mixin.py:120} INFO - [2024-12-03T16:48:41.778+0000] {dag.py:3340} INFO - Setting next_dagrun for example_branch_dop_operator_v3 to 2024-12-03T16:47:00+00:00, run_after=2024-12-03T16:48:00+00:00
[2024-12-03T16:48:41.816+0000] {processor.py:176} INFO - Processing /home/airflow/.local/lib/python3.7/site-packages/airflow/example_dags/example_branch_python_dop_operator_3.py took 0.173 seconds
[2024-12-03T16:49:11.883+0000] {processor.py:154} INFO - Started process (PID=6695) to work on /home/airflow/.local/lib/python3.7/site-packages/airflow/example_dags/example_branch_python_dop_operator_3.py
[2024-12-03T16:49:11.885+0000] {processor.py:756} INFO - Processing file /home/airflow/.local/lib/python3.7/site-packages/airflow/example_dags/example_branch_python_dop_operator_3.py for tasks to queue
[2024-12-03T16:49:11.887+0000] {logging_mixin.py:120} INFO - [2024-12-03T16:49:11.886+0000] {dagbag.py:537} INFO - Filling up the DagBag from /home/airflow/.local/lib/python3.7/site-packages/airflow/example_dags/example_branch_python_dop_operator_3.py
[2024-12-03T16:49:11.922+0000] {processor.py:766} INFO - DAG(s) dict_keys(['example_branch_dop_operator_v3']) retrieved from /home/airflow/.local/lib/python3.7/site-packages/airflow/example_dags/example_branch_python_dop_operator_3.py
[2024-12-03T16:49:11.979+0000] {logging_mixin.py:120} INFO - [2024-12-03T16:49:11.979+0000] {dag.py:2585} INFO - Sync 1 DAGs
[2024-12-03T16:49:12.047+0000] {logging_mixin.py:120} INFO - [2024-12-03T16:49:12.047+0000] {dag.py:3340} INFO - Setting next_dagrun for example_branch_dop_operator_v3 to 2024-12-03T16:48:00+00:00, run_after=2024-12-03T16:49:00+00:00
[2024-12-03T16:49:12.105+0000] {processor.py:176} INFO - Processing /home/airflow/.local/lib/python3.7/site-packages/airflow/example_dags/example_branch_python_dop_operator_3.py took 0.228 seconds
[2024-12-03T16:49:42.425+0000] {processor.py:154} INFO - Started process (PID=6759) to work on /home/airflow/.local/lib/python3.7/site-packages/airflow/example_dags/example_branch_python_dop_operator_3.py
[2024-12-03T16:49:42.428+0000] {processor.py:756} INFO - Processing file /home/airflow/.local/lib/python3.7/site-packages/airflow/example_dags/example_branch_python_dop_operator_3.py for tasks to queue
[2024-12-03T16:49:42.430+0000] {logging_mixin.py:120} INFO - [2024-12-03T16:49:42.429+0000] {dagbag.py:537} INFO - Filling up the DagBag from /home/airflow/.local/lib/python3.7/site-packages/airflow/example_dags/example_branch_python_dop_operator_3.py
[2024-12-03T16:49:42.469+0000] {processor.py:766} INFO - DAG(s) dict_keys(['example_branch_dop_operator_v3']) retrieved from /home/airflow/.local/lib/python3.7/site-packages/airflow/example_dags/example_branch_python_dop_operator_3.py
[2024-12-03T16:49:42.535+0000] {logging_mixin.py:120} INFO - [2024-12-03T16:49:42.535+0000] {dag.py:2585} INFO - Sync 1 DAGs
[2024-12-03T16:49:42.582+0000] {logging_mixin.py:120} INFO - [2024-12-03T16:49:42.582+0000] {dag.py:3340} INFO - Setting next_dagrun for example_branch_dop_operator_v3 to 2024-12-03T16:48:00+00:00, run_after=2024-12-03T16:49:00+00:00
[2024-12-03T16:49:42.621+0000] {processor.py:176} INFO - Processing /home/airflow/.local/lib/python3.7/site-packages/airflow/example_dags/example_branch_python_dop_operator_3.py took 0.203 seconds
[2024-12-03T16:50:12.780+0000] {processor.py:154} INFO - Started process (PID=6814) to work on /home/airflow/.local/lib/python3.7/site-packages/airflow/example_dags/example_branch_python_dop_operator_3.py
[2024-12-03T16:50:12.782+0000] {processor.py:756} INFO - Processing file /home/airflow/.local/lib/python3.7/site-packages/airflow/example_dags/example_branch_python_dop_operator_3.py for tasks to queue
[2024-12-03T16:50:12.783+0000] {logging_mixin.py:120} INFO - [2024-12-03T16:50:12.783+0000] {dagbag.py:537} INFO - Filling up the DagBag from /home/airflow/.local/lib/python3.7/site-packages/airflow/example_dags/example_branch_python_dop_operator_3.py
[2024-12-03T16:50:12.814+0000] {processor.py:766} INFO - DAG(s) dict_keys(['example_branch_dop_operator_v3']) retrieved from /home/airflow/.local/lib/python3.7/site-packages/airflow/example_dags/example_branch_python_dop_operator_3.py
[2024-12-03T16:50:12.868+0000] {logging_mixin.py:120} INFO - [2024-12-03T16:50:12.868+0000] {dag.py:2585} INFO - Sync 1 DAGs
[2024-12-03T16:50:12.921+0000] {logging_mixin.py:120} INFO - [2024-12-03T16:50:12.921+0000] {dag.py:3340} INFO - Setting next_dagrun for example_branch_dop_operator_v3 to 2024-12-03T16:49:00+00:00, run_after=2024-12-03T16:50:00+00:00
[2024-12-03T16:50:12.956+0000] {processor.py:176} INFO - Processing /home/airflow/.local/lib/python3.7/site-packages/airflow/example_dags/example_branch_python_dop_operator_3.py took 0.179 seconds
[2024-12-03T16:50:43.169+0000] {processor.py:154} INFO - Started process (PID=6878) to work on /home/airflow/.local/lib/python3.7/site-packages/airflow/example_dags/example_branch_python_dop_operator_3.py
[2024-12-03T16:50:43.170+0000] {processor.py:756} INFO - Processing file /home/airflow/.local/lib/python3.7/site-packages/airflow/example_dags/example_branch_python_dop_operator_3.py for tasks to queue
[2024-12-03T16:50:43.172+0000] {logging_mixin.py:120} INFO - [2024-12-03T16:50:43.172+0000] {dagbag.py:537} INFO - Filling up the DagBag from /home/airflow/.local/lib/python3.7/site-packages/airflow/example_dags/example_branch_python_dop_operator_3.py
[2024-12-03T16:50:43.200+0000] {processor.py:766} INFO - DAG(s) dict_keys(['example_branch_dop_operator_v3']) retrieved from /home/airflow/.local/lib/python3.7/site-packages/airflow/example_dags/example_branch_python_dop_operator_3.py
[2024-12-03T16:50:43.286+0000] {logging_mixin.py:120} INFO - [2024-12-03T16:50:43.285+0000] {dag.py:2585} INFO - Sync 1 DAGs
[2024-12-03T16:50:43.337+0000] {logging_mixin.py:120} INFO - [2024-12-03T16:50:43.336+0000] {dag.py:3340} INFO - Setting next_dagrun for example_branch_dop_operator_v3 to 2024-12-03T16:49:00+00:00, run_after=2024-12-03T16:50:00+00:00
[2024-12-03T16:50:43.372+0000] {processor.py:176} INFO - Processing /home/airflow/.local/lib/python3.7/site-packages/airflow/example_dags/example_branch_python_dop_operator_3.py took 0.207 seconds
[2024-12-03T16:51:15.103+0000] {processor.py:154} INFO - Started process (PID=6942) to work on /home/airflow/.local/lib/python3.7/site-packages/airflow/example_dags/example_branch_python_dop_operator_3.py
[2024-12-03T16:51:15.106+0000] {processor.py:756} INFO - Processing file /home/airflow/.local/lib/python3.7/site-packages/airflow/example_dags/example_branch_python_dop_operator_3.py for tasks to queue
[2024-12-03T16:51:15.111+0000] {logging_mixin.py:120} INFO - [2024-12-03T16:51:15.111+0000] {dagbag.py:537} INFO - Filling up the DagBag from /home/airflow/.local/lib/python3.7/site-packages/airflow/example_dags/example_branch_python_dop_operator_3.py
[2024-12-03T16:51:15.183+0000] {processor.py:766} INFO - DAG(s) dict_keys(['example_branch_dop_operator_v3']) retrieved from /home/airflow/.local/lib/python3.7/site-packages/airflow/example_dags/example_branch_python_dop_operator_3.py
[2024-12-03T16:51:15.310+0000] {logging_mixin.py:120} INFO - [2024-12-03T16:51:15.310+0000] {dag.py:2585} INFO - Sync 1 DAGs
[2024-12-03T16:51:15.402+0000] {logging_mixin.py:120} INFO - [2024-12-03T16:51:15.402+0000] {dag.py:3340} INFO - Setting next_dagrun for example_branch_dop_operator_v3 to 2024-12-03T16:50:00+00:00, run_after=2024-12-03T16:51:00+00:00
[2024-12-03T16:51:15.471+0000] {processor.py:176} INFO - Processing /home/airflow/.local/lib/python3.7/site-packages/airflow/example_dags/example_branch_python_dop_operator_3.py took 0.375 seconds
[2024-12-03T16:51:45.833+0000] {processor.py:154} INFO - Started process (PID=7001) to work on /home/airflow/.local/lib/python3.7/site-packages/airflow/example_dags/example_branch_python_dop_operator_3.py
[2024-12-03T16:51:45.835+0000] {processor.py:756} INFO - Processing file /home/airflow/.local/lib/python3.7/site-packages/airflow/example_dags/example_branch_python_dop_operator_3.py for tasks to queue
[2024-12-03T16:51:45.839+0000] {logging_mixin.py:120} INFO - [2024-12-03T16:51:45.838+0000] {dagbag.py:537} INFO - Filling up the DagBag from /home/airflow/.local/lib/python3.7/site-packages/airflow/example_dags/example_branch_python_dop_operator_3.py
[2024-12-03T16:51:45.889+0000] {processor.py:766} INFO - DAG(s) dict_keys(['example_branch_dop_operator_v3']) retrieved from /home/airflow/.local/lib/python3.7/site-packages/airflow/example_dags/example_branch_python_dop_operator_3.py
[2024-12-03T16:51:46.011+0000] {logging_mixin.py:120} INFO - [2024-12-03T16:51:46.011+0000] {dag.py:2585} INFO - Sync 1 DAGs
[2024-12-03T16:51:46.128+0000] {logging_mixin.py:120} INFO - [2024-12-03T16:51:46.128+0000] {dag.py:3340} INFO - Setting next_dagrun for example_branch_dop_operator_v3 to 2024-12-03T16:50:00+00:00, run_after=2024-12-03T16:51:00+00:00
[2024-12-03T16:51:46.209+0000] {processor.py:176} INFO - Processing /home/airflow/.local/lib/python3.7/site-packages/airflow/example_dags/example_branch_python_dop_operator_3.py took 0.381 seconds
[2024-12-03T16:52:16.442+0000] {processor.py:154} INFO - Started process (PID=7064) to work on /home/airflow/.local/lib/python3.7/site-packages/airflow/example_dags/example_branch_python_dop_operator_3.py
[2024-12-03T16:52:16.444+0000] {processor.py:756} INFO - Processing file /home/airflow/.local/lib/python3.7/site-packages/airflow/example_dags/example_branch_python_dop_operator_3.py for tasks to queue
[2024-12-03T16:52:16.446+0000] {logging_mixin.py:120} INFO - [2024-12-03T16:52:16.446+0000] {dagbag.py:537} INFO - Filling up the DagBag from /home/airflow/.local/lib/python3.7/site-packages/airflow/example_dags/example_branch_python_dop_operator_3.py
[2024-12-03T16:52:16.492+0000] {processor.py:766} INFO - DAG(s) dict_keys(['example_branch_dop_operator_v3']) retrieved from /home/airflow/.local/lib/python3.7/site-packages/airflow/example_dags/example_branch_python_dop_operator_3.py
[2024-12-03T16:52:16.572+0000] {logging_mixin.py:120} INFO - [2024-12-03T16:52:16.572+0000] {dag.py:2585} INFO - Sync 1 DAGs
[2024-12-03T16:52:16.631+0000] {logging_mixin.py:120} INFO - [2024-12-03T16:52:16.631+0000] {dag.py:3340} INFO - Setting next_dagrun for example_branch_dop_operator_v3 to 2024-12-03T16:51:00+00:00, run_after=2024-12-03T16:52:00+00:00
[2024-12-03T16:52:16.696+0000] {processor.py:176} INFO - Processing /home/airflow/.local/lib/python3.7/site-packages/airflow/example_dags/example_branch_python_dop_operator_3.py took 0.262 seconds
[2024-12-03T16:52:47.102+0000] {processor.py:154} INFO - Started process (PID=7128) to work on /home/airflow/.local/lib/python3.7/site-packages/airflow/example_dags/example_branch_python_dop_operator_3.py
[2024-12-03T16:52:47.104+0000] {processor.py:756} INFO - Processing file /home/airflow/.local/lib/python3.7/site-packages/airflow/example_dags/example_branch_python_dop_operator_3.py for tasks to queue
[2024-12-03T16:52:47.106+0000] {logging_mixin.py:120} INFO - [2024-12-03T16:52:47.105+0000] {dagbag.py:537} INFO - Filling up the DagBag from /home/airflow/.local/lib/python3.7/site-packages/airflow/example_dags/example_branch_python_dop_operator_3.py
[2024-12-03T16:52:47.153+0000] {processor.py:766} INFO - DAG(s) dict_keys(['example_branch_dop_operator_v3']) retrieved from /home/airflow/.local/lib/python3.7/site-packages/airflow/example_dags/example_branch_python_dop_operator_3.py
[2024-12-03T16:52:47.232+0000] {logging_mixin.py:120} INFO - [2024-12-03T16:52:47.232+0000] {dag.py:2585} INFO - Sync 1 DAGs
[2024-12-03T16:52:47.290+0000] {logging_mixin.py:120} INFO - [2024-12-03T16:52:47.290+0000] {dag.py:3340} INFO - Setting next_dagrun for example_branch_dop_operator_v3 to 2024-12-03T16:51:00+00:00, run_after=2024-12-03T16:52:00+00:00
[2024-12-03T16:52:47.333+0000] {processor.py:176} INFO - Processing /home/airflow/.local/lib/python3.7/site-packages/airflow/example_dags/example_branch_python_dop_operator_3.py took 0.236 seconds
[2024-12-03T16:53:17.479+0000] {processor.py:154} INFO - Started process (PID=7184) to work on /home/airflow/.local/lib/python3.7/site-packages/airflow/example_dags/example_branch_python_dop_operator_3.py
[2024-12-03T16:53:17.480+0000] {processor.py:756} INFO - Processing file /home/airflow/.local/lib/python3.7/site-packages/airflow/example_dags/example_branch_python_dop_operator_3.py for tasks to queue
[2024-12-03T16:53:17.481+0000] {logging_mixin.py:120} INFO - [2024-12-03T16:53:17.481+0000] {dagbag.py:537} INFO - Filling up the DagBag from /home/airflow/.local/lib/python3.7/site-packages/airflow/example_dags/example_branch_python_dop_operator_3.py
[2024-12-03T16:53:17.514+0000] {processor.py:766} INFO - DAG(s) dict_keys(['example_branch_dop_operator_v3']) retrieved from /home/airflow/.local/lib/python3.7/site-packages/airflow/example_dags/example_branch_python_dop_operator_3.py
[2024-12-03T16:53:17.585+0000] {logging_mixin.py:120} INFO - [2024-12-03T16:53:17.584+0000] {dag.py:2585} INFO - Sync 1 DAGs
[2024-12-03T16:53:17.630+0000] {logging_mixin.py:120} INFO - [2024-12-03T16:53:17.630+0000] {dag.py:3340} INFO - Setting next_dagrun for example_branch_dop_operator_v3 to 2024-12-03T16:52:00+00:00, run_after=2024-12-03T16:53:00+00:00
[2024-12-03T16:53:17.676+0000] {processor.py:176} INFO - Processing /home/airflow/.local/lib/python3.7/site-packages/airflow/example_dags/example_branch_python_dop_operator_3.py took 0.201 seconds
[2024-12-03T16:53:48.220+0000] {processor.py:154} INFO - Started process (PID=7248) to work on /home/airflow/.local/lib/python3.7/site-packages/airflow/example_dags/example_branch_python_dop_operator_3.py
[2024-12-03T16:53:48.222+0000] {processor.py:756} INFO - Processing file /home/airflow/.local/lib/python3.7/site-packages/airflow/example_dags/example_branch_python_dop_operator_3.py for tasks to queue
[2024-12-03T16:53:48.223+0000] {logging_mixin.py:120} INFO - [2024-12-03T16:53:48.223+0000] {dagbag.py:537} INFO - Filling up the DagBag from /home/airflow/.local/lib/python3.7/site-packages/airflow/example_dags/example_branch_python_dop_operator_3.py
[2024-12-03T16:53:48.260+0000] {processor.py:766} INFO - DAG(s) dict_keys(['example_branch_dop_operator_v3']) retrieved from /home/airflow/.local/lib/python3.7/site-packages/airflow/example_dags/example_branch_python_dop_operator_3.py
[2024-12-03T16:53:48.315+0000] {logging_mixin.py:120} INFO - [2024-12-03T16:53:48.315+0000] {dag.py:2585} INFO - Sync 1 DAGs
[2024-12-03T16:53:48.354+0000] {logging_mixin.py:120} INFO - [2024-12-03T16:53:48.354+0000] {dag.py:3340} INFO - Setting next_dagrun for example_branch_dop_operator_v3 to 2024-12-03T16:52:00+00:00, run_after=2024-12-03T16:53:00+00:00
[2024-12-03T16:53:48.393+0000] {processor.py:176} INFO - Processing /home/airflow/.local/lib/python3.7/site-packages/airflow/example_dags/example_branch_python_dop_operator_3.py took 0.178 seconds
[2024-12-03T16:54:18.485+0000] {processor.py:154} INFO - Started process (PID=7303) to work on /home/airflow/.local/lib/python3.7/site-packages/airflow/example_dags/example_branch_python_dop_operator_3.py
[2024-12-03T16:54:18.487+0000] {processor.py:756} INFO - Processing file /home/airflow/.local/lib/python3.7/site-packages/airflow/example_dags/example_branch_python_dop_operator_3.py for tasks to queue
[2024-12-03T16:54:18.488+0000] {logging_mixin.py:120} INFO - [2024-12-03T16:54:18.488+0000] {dagbag.py:537} INFO - Filling up the DagBag from /home/airflow/.local/lib/python3.7/site-packages/airflow/example_dags/example_branch_python_dop_operator_3.py
[2024-12-03T16:54:18.519+0000] {processor.py:766} INFO - DAG(s) dict_keys(['example_branch_dop_operator_v3']) retrieved from /home/airflow/.local/lib/python3.7/site-packages/airflow/example_dags/example_branch_python_dop_operator_3.py
[2024-12-03T16:54:18.578+0000] {logging_mixin.py:120} INFO - [2024-12-03T16:54:18.578+0000] {dag.py:2585} INFO - Sync 1 DAGs
[2024-12-03T16:54:18.620+0000] {logging_mixin.py:120} INFO - [2024-12-03T16:54:18.619+0000] {dag.py:3340} INFO - Setting next_dagrun for example_branch_dop_operator_v3 to 2024-12-03T16:53:00+00:00, run_after=2024-12-03T16:54:00+00:00
[2024-12-03T16:54:18.654+0000] {processor.py:176} INFO - Processing /home/airflow/.local/lib/python3.7/site-packages/airflow/example_dags/example_branch_python_dop_operator_3.py took 0.171 seconds
[2024-12-03T16:54:49.047+0000] {processor.py:154} INFO - Started process (PID=7367) to work on /home/airflow/.local/lib/python3.7/site-packages/airflow/example_dags/example_branch_python_dop_operator_3.py
[2024-12-03T16:54:49.049+0000] {processor.py:756} INFO - Processing file /home/airflow/.local/lib/python3.7/site-packages/airflow/example_dags/example_branch_python_dop_operator_3.py for tasks to queue
[2024-12-03T16:54:49.051+0000] {logging_mixin.py:120} INFO - [2024-12-03T16:54:49.050+0000] {dagbag.py:537} INFO - Filling up the DagBag from /home/airflow/.local/lib/python3.7/site-packages/airflow/example_dags/example_branch_python_dop_operator_3.py
[2024-12-03T16:54:49.087+0000] {processor.py:766} INFO - DAG(s) dict_keys(['example_branch_dop_operator_v3']) retrieved from /home/airflow/.local/lib/python3.7/site-packages/airflow/example_dags/example_branch_python_dop_operator_3.py
[2024-12-03T16:54:49.148+0000] {logging_mixin.py:120} INFO - [2024-12-03T16:54:49.147+0000] {dag.py:2585} INFO - Sync 1 DAGs
[2024-12-03T16:54:49.195+0000] {logging_mixin.py:120} INFO - [2024-12-03T16:54:49.195+0000] {dag.py:3340} INFO - Setting next_dagrun for example_branch_dop_operator_v3 to 2024-12-03T16:53:00+00:00, run_after=2024-12-03T16:54:00+00:00
[2024-12-03T16:54:49.232+0000] {processor.py:176} INFO - Processing /home/airflow/.local/lib/python3.7/site-packages/airflow/example_dags/example_branch_python_dop_operator_3.py took 0.189 seconds
[2024-12-03T16:55:19.926+0000] {processor.py:154} INFO - Started process (PID=7423) to work on /home/airflow/.local/lib/python3.7/site-packages/airflow/example_dags/example_branch_python_dop_operator_3.py
[2024-12-03T16:55:19.928+0000] {processor.py:756} INFO - Processing file /home/airflow/.local/lib/python3.7/site-packages/airflow/example_dags/example_branch_python_dop_operator_3.py for tasks to queue
[2024-12-03T16:55:19.930+0000] {logging_mixin.py:120} INFO - [2024-12-03T16:55:19.929+0000] {dagbag.py:537} INFO - Filling up the DagBag from /home/airflow/.local/lib/python3.7/site-packages/airflow/example_dags/example_branch_python_dop_operator_3.py
[2024-12-03T16:55:19.972+0000] {processor.py:766} INFO - DAG(s) dict_keys(['example_branch_dop_operator_v3']) retrieved from /home/airflow/.local/lib/python3.7/site-packages/airflow/example_dags/example_branch_python_dop_operator_3.py
[2024-12-03T16:55:20.073+0000] {logging_mixin.py:120} INFO - [2024-12-03T16:55:20.072+0000] {dag.py:2585} INFO - Sync 1 DAGs
[2024-12-03T16:55:20.161+0000] {logging_mixin.py:120} INFO - [2024-12-03T16:55:20.160+0000] {dag.py:3340} INFO - Setting next_dagrun for example_branch_dop_operator_v3 to 2024-12-03T16:54:00+00:00, run_after=2024-12-03T16:55:00+00:00
[2024-12-03T16:55:20.216+0000] {processor.py:176} INFO - Processing /home/airflow/.local/lib/python3.7/site-packages/airflow/example_dags/example_branch_python_dop_operator_3.py took 0.296 seconds
[2024-12-03T16:55:50.576+0000] {processor.py:154} INFO - Started process (PID=7493) to work on /home/airflow/.local/lib/python3.7/site-packages/airflow/example_dags/example_branch_python_dop_operator_3.py
[2024-12-03T16:55:50.578+0000] {processor.py:756} INFO - Processing file /home/airflow/.local/lib/python3.7/site-packages/airflow/example_dags/example_branch_python_dop_operator_3.py for tasks to queue
[2024-12-03T16:55:50.579+0000] {logging_mixin.py:120} INFO - [2024-12-03T16:55:50.579+0000] {dagbag.py:537} INFO - Filling up the DagBag from /home/airflow/.local/lib/python3.7/site-packages/airflow/example_dags/example_branch_python_dop_operator_3.py
[2024-12-03T16:55:50.604+0000] {processor.py:766} INFO - DAG(s) dict_keys(['example_branch_dop_operator_v3']) retrieved from /home/airflow/.local/lib/python3.7/site-packages/airflow/example_dags/example_branch_python_dop_operator_3.py
[2024-12-03T16:55:50.657+0000] {logging_mixin.py:120} INFO - [2024-12-03T16:55:50.657+0000] {dag.py:2585} INFO - Sync 1 DAGs
[2024-12-03T16:55:50.697+0000] {logging_mixin.py:120} INFO - [2024-12-03T16:55:50.696+0000] {dag.py:3340} INFO - Setting next_dagrun for example_branch_dop_operator_v3 to 2024-12-03T16:54:00+00:00, run_after=2024-12-03T16:55:00+00:00
[2024-12-03T16:55:50.732+0000] {processor.py:176} INFO - Processing /home/airflow/.local/lib/python3.7/site-packages/airflow/example_dags/example_branch_python_dop_operator_3.py took 0.158 seconds
[2024-12-03T16:56:21.151+0000] {processor.py:154} INFO - Started process (PID=7554) to work on /home/airflow/.local/lib/python3.7/site-packages/airflow/example_dags/example_branch_python_dop_operator_3.py
[2024-12-03T16:56:21.152+0000] {processor.py:756} INFO - Processing file /home/airflow/.local/lib/python3.7/site-packages/airflow/example_dags/example_branch_python_dop_operator_3.py for tasks to queue
[2024-12-03T16:56:21.153+0000] {logging_mixin.py:120} INFO - [2024-12-03T16:56:21.153+0000] {dagbag.py:537} INFO - Filling up the DagBag from /home/airflow/.local/lib/python3.7/site-packages/airflow/example_dags/example_branch_python_dop_operator_3.py
[2024-12-03T16:56:21.185+0000] {processor.py:766} INFO - DAG(s) dict_keys(['example_branch_dop_operator_v3']) retrieved from /home/airflow/.local/lib/python3.7/site-packages/airflow/example_dags/example_branch_python_dop_operator_3.py
[2024-12-03T16:56:21.244+0000] {logging_mixin.py:120} INFO - [2024-12-03T16:56:21.244+0000] {dag.py:2585} INFO - Sync 1 DAGs
[2024-12-03T16:56:21.283+0000] {logging_mixin.py:120} INFO - [2024-12-03T16:56:21.282+0000] {dag.py:3340} INFO - Setting next_dagrun for example_branch_dop_operator_v3 to 2024-12-03T16:55:00+00:00, run_after=2024-12-03T16:56:00+00:00
[2024-12-03T16:56:21.319+0000] {processor.py:176} INFO - Processing /home/airflow/.local/lib/python3.7/site-packages/airflow/example_dags/example_branch_python_dop_operator_3.py took 0.172 seconds
