[2024-12-03T15:07:53.146+0000] {processor.py:154} INFO - Started process (PID=94) to work on /home/airflow/.local/lib/python3.7/site-packages/airflow/example_dags/example_branch_operator.py
[2024-12-03T15:07:53.148+0000] {processor.py:756} INFO - Processing file /home/airflow/.local/lib/python3.7/site-packages/airflow/example_dags/example_branch_operator.py for tasks to queue
[2024-12-03T15:07:53.151+0000] {logging_mixin.py:120} INFO - [2024-12-03T15:07:53.151+0000] {dagbag.py:537} INFO - Filling up the DagBag from /home/airflow/.local/lib/python3.7/site-packages/airflow/example_dags/example_branch_operator.py
[2024-12-03T15:07:53.188+0000] {processor.py:766} INFO - DAG(s) dict_keys(['example_branch_operator']) retrieved from /home/airflow/.local/lib/python3.7/site-packages/airflow/example_dags/example_branch_operator.py
[2024-12-03T15:07:53.516+0000] {logging_mixin.py:120} INFO - [2024-12-03T15:07:53.516+0000] {manager.py:507} INFO - Created Permission View: can read on DAG:example_branch_operator
[2024-12-03T15:07:53.556+0000] {logging_mixin.py:120} INFO - [2024-12-03T15:07:53.556+0000] {manager.py:507} INFO - Created Permission View: can delete on DAG:example_branch_operator
[2024-12-03T15:07:53.603+0000] {logging_mixin.py:120} INFO - [2024-12-03T15:07:53.602+0000] {manager.py:507} INFO - Created Permission View: can edit on DAG:example_branch_operator
[2024-12-03T15:07:53.604+0000] {logging_mixin.py:120} INFO - [2024-12-03T15:07:53.604+0000] {dag.py:2585} INFO - Sync 1 DAGs
[2024-12-03T15:07:53.660+0000] {logging_mixin.py:120} INFO - [2024-12-03T15:07:53.660+0000] {dag.py:2606} INFO - Creating ORM DAG for example_branch_operator
[2024-12-03T15:07:53.710+0000] {logging_mixin.py:120} INFO - [2024-12-03T15:07:53.709+0000] {dag.py:3340} INFO - Setting next_dagrun for example_branch_operator to 2024-12-02T00:00:00+00:00, run_after=2024-12-03T00:00:00+00:00
[2024-12-03T15:07:53.762+0000] {processor.py:176} INFO - Processing /home/airflow/.local/lib/python3.7/site-packages/airflow/example_dags/example_branch_operator.py took 0.623 seconds
[2024-12-03T15:08:24.459+0000] {processor.py:154} INFO - Started process (PID=149) to work on /home/airflow/.local/lib/python3.7/site-packages/airflow/example_dags/example_branch_operator.py
[2024-12-03T15:08:24.462+0000] {processor.py:756} INFO - Processing file /home/airflow/.local/lib/python3.7/site-packages/airflow/example_dags/example_branch_operator.py for tasks to queue
[2024-12-03T15:08:24.464+0000] {logging_mixin.py:120} INFO - [2024-12-03T15:08:24.464+0000] {dagbag.py:537} INFO - Filling up the DagBag from /home/airflow/.local/lib/python3.7/site-packages/airflow/example_dags/example_branch_operator.py
[2024-12-03T15:08:24.514+0000] {processor.py:766} INFO - DAG(s) dict_keys(['example_branch_operator']) retrieved from /home/airflow/.local/lib/python3.7/site-packages/airflow/example_dags/example_branch_operator.py
[2024-12-03T15:08:24.610+0000] {logging_mixin.py:120} INFO - [2024-12-03T15:08:24.609+0000] {dag.py:2585} INFO - Sync 1 DAGs
[2024-12-03T15:08:24.684+0000] {logging_mixin.py:120} INFO - [2024-12-03T15:08:24.683+0000] {dag.py:3340} INFO - Setting next_dagrun for example_branch_operator to 2024-12-02T00:00:00+00:00, run_after=2024-12-03T00:00:00+00:00
[2024-12-03T15:08:24.730+0000] {processor.py:176} INFO - Processing /home/airflow/.local/lib/python3.7/site-packages/airflow/example_dags/example_branch_operator.py took 0.275 seconds
[2024-12-03T15:08:55.049+0000] {processor.py:154} INFO - Started process (PID=204) to work on /home/airflow/.local/lib/python3.7/site-packages/airflow/example_dags/example_branch_operator.py
[2024-12-03T15:08:55.051+0000] {processor.py:756} INFO - Processing file /home/airflow/.local/lib/python3.7/site-packages/airflow/example_dags/example_branch_operator.py for tasks to queue
[2024-12-03T15:08:55.053+0000] {logging_mixin.py:120} INFO - [2024-12-03T15:08:55.052+0000] {dagbag.py:537} INFO - Filling up the DagBag from /home/airflow/.local/lib/python3.7/site-packages/airflow/example_dags/example_branch_operator.py
[2024-12-03T15:08:55.096+0000] {processor.py:766} INFO - DAG(s) dict_keys(['example_branch_operator']) retrieved from /home/airflow/.local/lib/python3.7/site-packages/airflow/example_dags/example_branch_operator.py
[2024-12-03T15:08:55.221+0000] {logging_mixin.py:120} INFO - [2024-12-03T15:08:55.221+0000] {dag.py:2585} INFO - Sync 1 DAGs
[2024-12-03T15:08:55.308+0000] {logging_mixin.py:120} INFO - [2024-12-03T15:08:55.307+0000] {dag.py:3340} INFO - Setting next_dagrun for example_branch_operator to 2024-12-02T00:00:00+00:00, run_after=2024-12-03T00:00:00+00:00
[2024-12-03T15:08:55.354+0000] {processor.py:176} INFO - Processing /home/airflow/.local/lib/python3.7/site-packages/airflow/example_dags/example_branch_operator.py took 0.311 seconds
[2024-12-03T15:09:25.731+0000] {processor.py:154} INFO - Started process (PID=268) to work on /home/airflow/.local/lib/python3.7/site-packages/airflow/example_dags/example_branch_operator.py
[2024-12-03T15:09:25.733+0000] {processor.py:756} INFO - Processing file /home/airflow/.local/lib/python3.7/site-packages/airflow/example_dags/example_branch_operator.py for tasks to queue
[2024-12-03T15:09:25.735+0000] {logging_mixin.py:120} INFO - [2024-12-03T15:09:25.735+0000] {dagbag.py:537} INFO - Filling up the DagBag from /home/airflow/.local/lib/python3.7/site-packages/airflow/example_dags/example_branch_operator.py
[2024-12-03T15:09:25.770+0000] {processor.py:766} INFO - DAG(s) dict_keys(['example_branch_operator']) retrieved from /home/airflow/.local/lib/python3.7/site-packages/airflow/example_dags/example_branch_operator.py
[2024-12-03T15:09:25.875+0000] {logging_mixin.py:120} INFO - [2024-12-03T15:09:25.874+0000] {dag.py:2585} INFO - Sync 1 DAGs
[2024-12-03T15:09:25.951+0000] {logging_mixin.py:120} INFO - [2024-12-03T15:09:25.951+0000] {dag.py:3340} INFO - Setting next_dagrun for example_branch_operator to 2024-12-02T00:00:00+00:00, run_after=2024-12-03T00:00:00+00:00
[2024-12-03T15:09:26.004+0000] {processor.py:176} INFO - Processing /home/airflow/.local/lib/python3.7/site-packages/airflow/example_dags/example_branch_operator.py took 0.278 seconds
[2024-12-03T15:09:56.261+0000] {processor.py:154} INFO - Started process (PID=323) to work on /home/airflow/.local/lib/python3.7/site-packages/airflow/example_dags/example_branch_operator.py
[2024-12-03T15:09:56.263+0000] {processor.py:756} INFO - Processing file /home/airflow/.local/lib/python3.7/site-packages/airflow/example_dags/example_branch_operator.py for tasks to queue
[2024-12-03T15:09:56.266+0000] {logging_mixin.py:120} INFO - [2024-12-03T15:09:56.266+0000] {dagbag.py:537} INFO - Filling up the DagBag from /home/airflow/.local/lib/python3.7/site-packages/airflow/example_dags/example_branch_operator.py
[2024-12-03T15:09:56.293+0000] {processor.py:766} INFO - DAG(s) dict_keys(['example_branch_operator']) retrieved from /home/airflow/.local/lib/python3.7/site-packages/airflow/example_dags/example_branch_operator.py
[2024-12-03T15:09:56.367+0000] {logging_mixin.py:120} INFO - [2024-12-03T15:09:56.367+0000] {dag.py:2585} INFO - Sync 1 DAGs
[2024-12-03T15:09:56.406+0000] {logging_mixin.py:120} INFO - [2024-12-03T15:09:56.406+0000] {dag.py:3340} INFO - Setting next_dagrun for example_branch_operator to 2024-12-02T00:00:00+00:00, run_after=2024-12-03T00:00:00+00:00
[2024-12-03T15:09:56.444+0000] {processor.py:176} INFO - Processing /home/airflow/.local/lib/python3.7/site-packages/airflow/example_dags/example_branch_operator.py took 0.188 seconds
[2024-12-03T15:10:26.584+0000] {processor.py:154} INFO - Started process (PID=388) to work on /home/airflow/.local/lib/python3.7/site-packages/airflow/example_dags/example_branch_operator.py
[2024-12-03T15:10:26.586+0000] {processor.py:756} INFO - Processing file /home/airflow/.local/lib/python3.7/site-packages/airflow/example_dags/example_branch_operator.py for tasks to queue
[2024-12-03T15:10:26.589+0000] {logging_mixin.py:120} INFO - [2024-12-03T15:10:26.588+0000] {dagbag.py:537} INFO - Filling up the DagBag from /home/airflow/.local/lib/python3.7/site-packages/airflow/example_dags/example_branch_operator.py
[2024-12-03T15:10:26.627+0000] {processor.py:766} INFO - DAG(s) dict_keys(['example_branch_operator']) retrieved from /home/airflow/.local/lib/python3.7/site-packages/airflow/example_dags/example_branch_operator.py
[2024-12-03T15:10:26.718+0000] {logging_mixin.py:120} INFO - [2024-12-03T15:10:26.717+0000] {dag.py:2585} INFO - Sync 1 DAGs
[2024-12-03T15:10:26.788+0000] {logging_mixin.py:120} INFO - [2024-12-03T15:10:26.788+0000] {dag.py:3340} INFO - Setting next_dagrun for example_branch_operator to 2024-12-02T00:00:00+00:00, run_after=2024-12-03T00:00:00+00:00
[2024-12-03T15:10:26.844+0000] {processor.py:176} INFO - Processing /home/airflow/.local/lib/python3.7/site-packages/airflow/example_dags/example_branch_operator.py took 0.265 seconds
[2024-12-03T15:10:57.155+0000] {processor.py:154} INFO - Started process (PID=443) to work on /home/airflow/.local/lib/python3.7/site-packages/airflow/example_dags/example_branch_operator.py
[2024-12-03T15:10:57.158+0000] {processor.py:756} INFO - Processing file /home/airflow/.local/lib/python3.7/site-packages/airflow/example_dags/example_branch_operator.py for tasks to queue
[2024-12-03T15:10:57.161+0000] {logging_mixin.py:120} INFO - [2024-12-03T15:10:57.160+0000] {dagbag.py:537} INFO - Filling up the DagBag from /home/airflow/.local/lib/python3.7/site-packages/airflow/example_dags/example_branch_operator.py
[2024-12-03T15:10:57.192+0000] {processor.py:766} INFO - DAG(s) dict_keys(['example_branch_operator']) retrieved from /home/airflow/.local/lib/python3.7/site-packages/airflow/example_dags/example_branch_operator.py
[2024-12-03T15:10:57.256+0000] {logging_mixin.py:120} INFO - [2024-12-03T15:10:57.255+0000] {dag.py:2585} INFO - Sync 1 DAGs
[2024-12-03T15:10:57.298+0000] {logging_mixin.py:120} INFO - [2024-12-03T15:10:57.298+0000] {dag.py:3340} INFO - Setting next_dagrun for example_branch_operator to 2024-12-02T00:00:00+00:00, run_after=2024-12-03T00:00:00+00:00
[2024-12-03T15:10:57.335+0000] {processor.py:176} INFO - Processing /home/airflow/.local/lib/python3.7/site-packages/airflow/example_dags/example_branch_operator.py took 0.186 seconds
[2024-12-03T15:11:27.454+0000] {processor.py:154} INFO - Started process (PID=499) to work on /home/airflow/.local/lib/python3.7/site-packages/airflow/example_dags/example_branch_operator.py
[2024-12-03T15:11:27.456+0000] {processor.py:756} INFO - Processing file /home/airflow/.local/lib/python3.7/site-packages/airflow/example_dags/example_branch_operator.py for tasks to queue
[2024-12-03T15:11:27.458+0000] {logging_mixin.py:120} INFO - [2024-12-03T15:11:27.458+0000] {dagbag.py:537} INFO - Filling up the DagBag from /home/airflow/.local/lib/python3.7/site-packages/airflow/example_dags/example_branch_operator.py
[2024-12-03T15:11:27.500+0000] {processor.py:766} INFO - DAG(s) dict_keys(['example_branch_operator']) retrieved from /home/airflow/.local/lib/python3.7/site-packages/airflow/example_dags/example_branch_operator.py
[2024-12-03T15:11:27.592+0000] {logging_mixin.py:120} INFO - [2024-12-03T15:11:27.591+0000] {dag.py:2585} INFO - Sync 1 DAGs
[2024-12-03T15:11:27.652+0000] {logging_mixin.py:120} INFO - [2024-12-03T15:11:27.652+0000] {dag.py:3340} INFO - Setting next_dagrun for example_branch_operator to 2024-12-02T00:00:00+00:00, run_after=2024-12-03T00:00:00+00:00
[2024-12-03T15:11:27.700+0000] {processor.py:176} INFO - Processing /home/airflow/.local/lib/python3.7/site-packages/airflow/example_dags/example_branch_operator.py took 0.254 seconds
[2024-12-03T15:11:58.165+0000] {processor.py:154} INFO - Started process (PID=563) to work on /home/airflow/.local/lib/python3.7/site-packages/airflow/example_dags/example_branch_operator.py
[2024-12-03T15:11:58.167+0000] {processor.py:756} INFO - Processing file /home/airflow/.local/lib/python3.7/site-packages/airflow/example_dags/example_branch_operator.py for tasks to queue
[2024-12-03T15:11:58.170+0000] {logging_mixin.py:120} INFO - [2024-12-03T15:11:58.170+0000] {dagbag.py:537} INFO - Filling up the DagBag from /home/airflow/.local/lib/python3.7/site-packages/airflow/example_dags/example_branch_operator.py
[2024-12-03T15:11:58.213+0000] {processor.py:766} INFO - DAG(s) dict_keys(['example_branch_operator']) retrieved from /home/airflow/.local/lib/python3.7/site-packages/airflow/example_dags/example_branch_operator.py
[2024-12-03T15:11:58.327+0000] {logging_mixin.py:120} INFO - [2024-12-03T15:11:58.327+0000] {dag.py:2585} INFO - Sync 1 DAGs
[2024-12-03T15:11:58.396+0000] {logging_mixin.py:120} INFO - [2024-12-03T15:11:58.395+0000] {dag.py:3340} INFO - Setting next_dagrun for example_branch_operator to 2024-12-02T00:00:00+00:00, run_after=2024-12-03T00:00:00+00:00
[2024-12-03T15:11:58.445+0000] {processor.py:176} INFO - Processing /home/airflow/.local/lib/python3.7/site-packages/airflow/example_dags/example_branch_operator.py took 0.288 seconds
[2024-12-03T15:12:28.719+0000] {processor.py:154} INFO - Started process (PID=618) to work on /home/airflow/.local/lib/python3.7/site-packages/airflow/example_dags/example_branch_operator.py
[2024-12-03T15:12:28.721+0000] {processor.py:756} INFO - Processing file /home/airflow/.local/lib/python3.7/site-packages/airflow/example_dags/example_branch_operator.py for tasks to queue
[2024-12-03T15:12:28.723+0000] {logging_mixin.py:120} INFO - [2024-12-03T15:12:28.723+0000] {dagbag.py:537} INFO - Filling up the DagBag from /home/airflow/.local/lib/python3.7/site-packages/airflow/example_dags/example_branch_operator.py
[2024-12-03T15:12:28.774+0000] {processor.py:766} INFO - DAG(s) dict_keys(['example_branch_operator']) retrieved from /home/airflow/.local/lib/python3.7/site-packages/airflow/example_dags/example_branch_operator.py
[2024-12-03T15:12:28.864+0000] {logging_mixin.py:120} INFO - [2024-12-03T15:12:28.863+0000] {dag.py:2585} INFO - Sync 1 DAGs
[2024-12-03T15:12:28.916+0000] {logging_mixin.py:120} INFO - [2024-12-03T15:12:28.915+0000] {dag.py:3340} INFO - Setting next_dagrun for example_branch_operator to 2024-12-02T00:00:00+00:00, run_after=2024-12-03T00:00:00+00:00
[2024-12-03T15:12:28.961+0000] {processor.py:176} INFO - Processing /home/airflow/.local/lib/python3.7/site-packages/airflow/example_dags/example_branch_operator.py took 0.247 seconds
[2024-12-03T15:12:59.178+0000] {processor.py:154} INFO - Started process (PID=673) to work on /home/airflow/.local/lib/python3.7/site-packages/airflow/example_dags/example_branch_operator.py
[2024-12-03T15:12:59.180+0000] {processor.py:756} INFO - Processing file /home/airflow/.local/lib/python3.7/site-packages/airflow/example_dags/example_branch_operator.py for tasks to queue
[2024-12-03T15:12:59.182+0000] {logging_mixin.py:120} INFO - [2024-12-03T15:12:59.182+0000] {dagbag.py:537} INFO - Filling up the DagBag from /home/airflow/.local/lib/python3.7/site-packages/airflow/example_dags/example_branch_operator.py
[2024-12-03T15:12:59.217+0000] {processor.py:766} INFO - DAG(s) dict_keys(['example_branch_operator']) retrieved from /home/airflow/.local/lib/python3.7/site-packages/airflow/example_dags/example_branch_operator.py
[2024-12-03T15:12:59.304+0000] {logging_mixin.py:120} INFO - [2024-12-03T15:12:59.303+0000] {dag.py:2585} INFO - Sync 1 DAGs
[2024-12-03T15:12:59.371+0000] {logging_mixin.py:120} INFO - [2024-12-03T15:12:59.371+0000] {dag.py:3340} INFO - Setting next_dagrun for example_branch_operator to 2024-12-02T00:00:00+00:00, run_after=2024-12-03T00:00:00+00:00
[2024-12-03T15:12:59.419+0000] {processor.py:176} INFO - Processing /home/airflow/.local/lib/python3.7/site-packages/airflow/example_dags/example_branch_operator.py took 0.247 seconds
[2024-12-03T15:13:30.402+0000] {processor.py:154} INFO - Started process (PID=738) to work on /home/airflow/.local/lib/python3.7/site-packages/airflow/example_dags/example_branch_operator.py
[2024-12-03T15:13:30.404+0000] {processor.py:756} INFO - Processing file /home/airflow/.local/lib/python3.7/site-packages/airflow/example_dags/example_branch_operator.py for tasks to queue
[2024-12-03T15:13:30.406+0000] {logging_mixin.py:120} INFO - [2024-12-03T15:13:30.406+0000] {dagbag.py:537} INFO - Filling up the DagBag from /home/airflow/.local/lib/python3.7/site-packages/airflow/example_dags/example_branch_operator.py
[2024-12-03T15:13:30.457+0000] {processor.py:766} INFO - DAG(s) dict_keys(['example_branch_operator']) retrieved from /home/airflow/.local/lib/python3.7/site-packages/airflow/example_dags/example_branch_operator.py
[2024-12-03T15:13:30.576+0000] {logging_mixin.py:120} INFO - [2024-12-03T15:13:30.575+0000] {dag.py:2585} INFO - Sync 1 DAGs
[2024-12-03T15:13:30.640+0000] {logging_mixin.py:120} INFO - [2024-12-03T15:13:30.640+0000] {dag.py:3340} INFO - Setting next_dagrun for example_branch_operator to 2024-12-02T00:00:00+00:00, run_after=2024-12-03T00:00:00+00:00
[2024-12-03T15:13:30.703+0000] {processor.py:176} INFO - Processing /home/airflow/.local/lib/python3.7/site-packages/airflow/example_dags/example_branch_operator.py took 0.307 seconds
[2024-12-03T15:14:01.119+0000] {processor.py:154} INFO - Started process (PID=793) to work on /home/airflow/.local/lib/python3.7/site-packages/airflow/example_dags/example_branch_operator.py
[2024-12-03T15:14:01.120+0000] {processor.py:756} INFO - Processing file /home/airflow/.local/lib/python3.7/site-packages/airflow/example_dags/example_branch_operator.py for tasks to queue
[2024-12-03T15:14:01.122+0000] {logging_mixin.py:120} INFO - [2024-12-03T15:14:01.121+0000] {dagbag.py:537} INFO - Filling up the DagBag from /home/airflow/.local/lib/python3.7/site-packages/airflow/example_dags/example_branch_operator.py
[2024-12-03T15:14:01.147+0000] {processor.py:766} INFO - DAG(s) dict_keys(['example_branch_operator']) retrieved from /home/airflow/.local/lib/python3.7/site-packages/airflow/example_dags/example_branch_operator.py
[2024-12-03T15:14:01.193+0000] {logging_mixin.py:120} INFO - [2024-12-03T15:14:01.192+0000] {dag.py:2585} INFO - Sync 1 DAGs
[2024-12-03T15:14:01.253+0000] {logging_mixin.py:120} INFO - [2024-12-03T15:14:01.253+0000] {dag.py:3340} INFO - Setting next_dagrun for example_branch_operator to 2024-12-02T00:00:00+00:00, run_after=2024-12-03T00:00:00+00:00
[2024-12-03T15:14:01.311+0000] {processor.py:176} INFO - Processing /home/airflow/.local/lib/python3.7/site-packages/airflow/example_dags/example_branch_operator.py took 0.195 seconds
[2024-12-03T15:14:31.439+0000] {processor.py:154} INFO - Started process (PID=848) to work on /home/airflow/.local/lib/python3.7/site-packages/airflow/example_dags/example_branch_operator.py
[2024-12-03T15:14:31.441+0000] {processor.py:756} INFO - Processing file /home/airflow/.local/lib/python3.7/site-packages/airflow/example_dags/example_branch_operator.py for tasks to queue
[2024-12-03T15:14:31.443+0000] {logging_mixin.py:120} INFO - [2024-12-03T15:14:31.443+0000] {dagbag.py:537} INFO - Filling up the DagBag from /home/airflow/.local/lib/python3.7/site-packages/airflow/example_dags/example_branch_operator.py
[2024-12-03T15:14:31.489+0000] {processor.py:766} INFO - DAG(s) dict_keys(['example_branch_operator']) retrieved from /home/airflow/.local/lib/python3.7/site-packages/airflow/example_dags/example_branch_operator.py
[2024-12-03T15:14:31.583+0000] {logging_mixin.py:120} INFO - [2024-12-03T15:14:31.583+0000] {dag.py:2585} INFO - Sync 1 DAGs
[2024-12-03T15:14:31.660+0000] {logging_mixin.py:120} INFO - [2024-12-03T15:14:31.660+0000] {dag.py:3340} INFO - Setting next_dagrun for example_branch_operator to 2024-12-02T00:00:00+00:00, run_after=2024-12-03T00:00:00+00:00
[2024-12-03T15:14:31.702+0000] {processor.py:176} INFO - Processing /home/airflow/.local/lib/python3.7/site-packages/airflow/example_dags/example_branch_operator.py took 0.268 seconds
[2024-12-03T15:15:02.100+0000] {processor.py:154} INFO - Started process (PID=910) to work on /home/airflow/.local/lib/python3.7/site-packages/airflow/example_dags/example_branch_operator.py
[2024-12-03T15:15:02.102+0000] {processor.py:756} INFO - Processing file /home/airflow/.local/lib/python3.7/site-packages/airflow/example_dags/example_branch_operator.py for tasks to queue
[2024-12-03T15:15:02.105+0000] {logging_mixin.py:120} INFO - [2024-12-03T15:15:02.105+0000] {dagbag.py:537} INFO - Filling up the DagBag from /home/airflow/.local/lib/python3.7/site-packages/airflow/example_dags/example_branch_operator.py
[2024-12-03T15:15:02.135+0000] {processor.py:766} INFO - DAG(s) dict_keys(['example_branch_operator']) retrieved from /home/airflow/.local/lib/python3.7/site-packages/airflow/example_dags/example_branch_operator.py
[2024-12-03T15:15:02.243+0000] {logging_mixin.py:120} INFO - [2024-12-03T15:15:02.243+0000] {dag.py:2585} INFO - Sync 1 DAGs
[2024-12-03T15:15:02.313+0000] {logging_mixin.py:120} INFO - [2024-12-03T15:15:02.313+0000] {dag.py:3340} INFO - Setting next_dagrun for example_branch_operator to 2024-12-02T00:00:00+00:00, run_after=2024-12-03T00:00:00+00:00
[2024-12-03T15:15:02.357+0000] {processor.py:176} INFO - Processing /home/airflow/.local/lib/python3.7/site-packages/airflow/example_dags/example_branch_operator.py took 0.263 seconds
[2024-12-03T15:15:32.838+0000] {processor.py:154} INFO - Started process (PID=968) to work on /home/airflow/.local/lib/python3.7/site-packages/airflow/example_dags/example_branch_operator.py
[2024-12-03T15:15:32.840+0000] {processor.py:756} INFO - Processing file /home/airflow/.local/lib/python3.7/site-packages/airflow/example_dags/example_branch_operator.py for tasks to queue
[2024-12-03T15:15:32.842+0000] {logging_mixin.py:120} INFO - [2024-12-03T15:15:32.842+0000] {dagbag.py:537} INFO - Filling up the DagBag from /home/airflow/.local/lib/python3.7/site-packages/airflow/example_dags/example_branch_operator.py
[2024-12-03T15:15:32.884+0000] {processor.py:766} INFO - DAG(s) dict_keys(['example_branch_operator']) retrieved from /home/airflow/.local/lib/python3.7/site-packages/airflow/example_dags/example_branch_operator.py
[2024-12-03T15:15:32.962+0000] {logging_mixin.py:120} INFO - [2024-12-03T15:15:32.962+0000] {dag.py:2585} INFO - Sync 1 DAGs
[2024-12-03T15:15:33.010+0000] {logging_mixin.py:120} INFO - [2024-12-03T15:15:33.009+0000] {dag.py:3340} INFO - Setting next_dagrun for example_branch_operator to 2024-12-02T00:00:00+00:00, run_after=2024-12-03T00:00:00+00:00
[2024-12-03T15:15:33.065+0000] {processor.py:176} INFO - Processing /home/airflow/.local/lib/python3.7/site-packages/airflow/example_dags/example_branch_operator.py took 0.235 seconds
[2024-12-03T15:16:03.417+0000] {processor.py:154} INFO - Started process (PID=1024) to work on /home/airflow/.local/lib/python3.7/site-packages/airflow/example_dags/example_branch_operator.py
[2024-12-03T15:16:03.419+0000] {processor.py:756} INFO - Processing file /home/airflow/.local/lib/python3.7/site-packages/airflow/example_dags/example_branch_operator.py for tasks to queue
[2024-12-03T15:16:03.422+0000] {logging_mixin.py:120} INFO - [2024-12-03T15:16:03.422+0000] {dagbag.py:537} INFO - Filling up the DagBag from /home/airflow/.local/lib/python3.7/site-packages/airflow/example_dags/example_branch_operator.py
[2024-12-03T15:16:03.478+0000] {processor.py:766} INFO - DAG(s) dict_keys(['example_branch_operator']) retrieved from /home/airflow/.local/lib/python3.7/site-packages/airflow/example_dags/example_branch_operator.py
[2024-12-03T15:16:03.606+0000] {logging_mixin.py:120} INFO - [2024-12-03T15:16:03.606+0000] {dag.py:2585} INFO - Sync 1 DAGs
[2024-12-03T15:16:03.652+0000] {logging_mixin.py:120} INFO - [2024-12-03T15:16:03.651+0000] {dag.py:3340} INFO - Setting next_dagrun for example_branch_operator to 2024-12-02T00:00:00+00:00, run_after=2024-12-03T00:00:00+00:00
[2024-12-03T15:16:03.690+0000] {processor.py:176} INFO - Processing /home/airflow/.local/lib/python3.7/site-packages/airflow/example_dags/example_branch_operator.py took 0.279 seconds
[2024-12-03T15:16:34.119+0000] {processor.py:154} INFO - Started process (PID=1089) to work on /home/airflow/.local/lib/python3.7/site-packages/airflow/example_dags/example_branch_operator.py
[2024-12-03T15:16:34.121+0000] {processor.py:756} INFO - Processing file /home/airflow/.local/lib/python3.7/site-packages/airflow/example_dags/example_branch_operator.py for tasks to queue
[2024-12-03T15:16:34.124+0000] {logging_mixin.py:120} INFO - [2024-12-03T15:16:34.124+0000] {dagbag.py:537} INFO - Filling up the DagBag from /home/airflow/.local/lib/python3.7/site-packages/airflow/example_dags/example_branch_operator.py
[2024-12-03T15:16:34.167+0000] {processor.py:766} INFO - DAG(s) dict_keys(['example_branch_operator']) retrieved from /home/airflow/.local/lib/python3.7/site-packages/airflow/example_dags/example_branch_operator.py
[2024-12-03T15:16:34.288+0000] {logging_mixin.py:120} INFO - [2024-12-03T15:16:34.287+0000] {dag.py:2585} INFO - Sync 1 DAGs
[2024-12-03T15:16:34.348+0000] {logging_mixin.py:120} INFO - [2024-12-03T15:16:34.346+0000] {dag.py:3340} INFO - Setting next_dagrun for example_branch_operator to 2024-12-02T00:00:00+00:00, run_after=2024-12-03T00:00:00+00:00
[2024-12-03T15:16:34.403+0000] {processor.py:176} INFO - Processing /home/airflow/.local/lib/python3.7/site-packages/airflow/example_dags/example_branch_operator.py took 0.291 seconds
[2024-12-03T15:17:04.689+0000] {processor.py:154} INFO - Started process (PID=1143) to work on /home/airflow/.local/lib/python3.7/site-packages/airflow/example_dags/example_branch_operator.py
[2024-12-03T15:17:04.691+0000] {processor.py:756} INFO - Processing file /home/airflow/.local/lib/python3.7/site-packages/airflow/example_dags/example_branch_operator.py for tasks to queue
[2024-12-03T15:17:04.692+0000] {logging_mixin.py:120} INFO - [2024-12-03T15:17:04.692+0000] {dagbag.py:537} INFO - Filling up the DagBag from /home/airflow/.local/lib/python3.7/site-packages/airflow/example_dags/example_branch_operator.py
[2024-12-03T15:17:04.718+0000] {processor.py:766} INFO - DAG(s) dict_keys(['example_branch_operator']) retrieved from /home/airflow/.local/lib/python3.7/site-packages/airflow/example_dags/example_branch_operator.py
[2024-12-03T15:17:04.761+0000] {logging_mixin.py:120} INFO - [2024-12-03T15:17:04.761+0000] {dag.py:2585} INFO - Sync 1 DAGs
[2024-12-03T15:17:04.802+0000] {logging_mixin.py:120} INFO - [2024-12-03T15:17:04.802+0000] {dag.py:3340} INFO - Setting next_dagrun for example_branch_operator to 2024-12-02T00:00:00+00:00, run_after=2024-12-03T00:00:00+00:00
[2024-12-03T15:17:04.843+0000] {processor.py:176} INFO - Processing /home/airflow/.local/lib/python3.7/site-packages/airflow/example_dags/example_branch_operator.py took 0.157 seconds
[2024-12-03T15:18:00.063+0000] {processor.py:154} INFO - Started process (PID=76) to work on /home/airflow/.local/lib/python3.7/site-packages/airflow/example_dags/example_branch_operator.py
[2024-12-03T15:18:00.065+0000] {processor.py:756} INFO - Processing file /home/airflow/.local/lib/python3.7/site-packages/airflow/example_dags/example_branch_operator.py for tasks to queue
[2024-12-03T15:18:00.068+0000] {logging_mixin.py:120} INFO - [2024-12-03T15:18:00.067+0000] {dagbag.py:537} INFO - Filling up the DagBag from /home/airflow/.local/lib/python3.7/site-packages/airflow/example_dags/example_branch_operator.py
[2024-12-03T15:18:00.090+0000] {processor.py:766} INFO - DAG(s) dict_keys(['example_branch_operator']) retrieved from /home/airflow/.local/lib/python3.7/site-packages/airflow/example_dags/example_branch_operator.py
[2024-12-03T15:18:00.144+0000] {logging_mixin.py:120} INFO - [2024-12-03T15:18:00.144+0000] {dag.py:2585} INFO - Sync 1 DAGs
[2024-12-03T15:18:00.194+0000] {logging_mixin.py:120} INFO - [2024-12-03T15:18:00.194+0000] {dag.py:3340} INFO - Setting next_dagrun for example_branch_operator to 2024-12-02T00:00:00+00:00, run_after=2024-12-03T00:00:00+00:00
[2024-12-03T15:18:00.232+0000] {processor.py:176} INFO - Processing /home/airflow/.local/lib/python3.7/site-packages/airflow/example_dags/example_branch_operator.py took 0.173 seconds
[2024-12-03T15:18:31.602+0000] {processor.py:154} INFO - Started process (PID=140) to work on /home/airflow/.local/lib/python3.7/site-packages/airflow/example_dags/example_branch_operator.py
[2024-12-03T15:18:31.604+0000] {processor.py:756} INFO - Processing file /home/airflow/.local/lib/python3.7/site-packages/airflow/example_dags/example_branch_operator.py for tasks to queue
[2024-12-03T15:18:31.610+0000] {logging_mixin.py:120} INFO - [2024-12-03T15:18:31.605+0000] {dagbag.py:537} INFO - Filling up the DagBag from /home/airflow/.local/lib/python3.7/site-packages/airflow/example_dags/example_branch_operator.py
[2024-12-03T15:18:31.648+0000] {processor.py:766} INFO - DAG(s) dict_keys(['example_branch_operator']) retrieved from /home/airflow/.local/lib/python3.7/site-packages/airflow/example_dags/example_branch_operator.py
[2024-12-03T15:18:31.768+0000] {logging_mixin.py:120} INFO - [2024-12-03T15:18:31.767+0000] {dag.py:2585} INFO - Sync 1 DAGs
[2024-12-03T15:18:31.882+0000] {logging_mixin.py:120} INFO - [2024-12-03T15:18:31.882+0000] {dag.py:3340} INFO - Setting next_dagrun for example_branch_operator to 2024-12-02T00:00:00+00:00, run_after=2024-12-03T00:00:00+00:00
[2024-12-03T15:18:31.930+0000] {processor.py:176} INFO - Processing /home/airflow/.local/lib/python3.7/site-packages/airflow/example_dags/example_branch_operator.py took 0.334 seconds
[2024-12-03T15:19:02.913+0000] {processor.py:154} INFO - Started process (PID=197) to work on /home/airflow/.local/lib/python3.7/site-packages/airflow/example_dags/example_branch_operator.py
[2024-12-03T15:19:02.914+0000] {processor.py:756} INFO - Processing file /home/airflow/.local/lib/python3.7/site-packages/airflow/example_dags/example_branch_operator.py for tasks to queue
[2024-12-03T15:19:02.917+0000] {logging_mixin.py:120} INFO - [2024-12-03T15:19:02.915+0000] {dagbag.py:537} INFO - Filling up the DagBag from /home/airflow/.local/lib/python3.7/site-packages/airflow/example_dags/example_branch_operator.py
[2024-12-03T15:19:02.943+0000] {processor.py:766} INFO - DAG(s) dict_keys(['example_branch_operator']) retrieved from /home/airflow/.local/lib/python3.7/site-packages/airflow/example_dags/example_branch_operator.py
[2024-12-03T15:19:03.019+0000] {logging_mixin.py:120} INFO - [2024-12-03T15:19:03.018+0000] {dag.py:2585} INFO - Sync 1 DAGs
[2024-12-03T15:19:03.070+0000] {logging_mixin.py:120} INFO - [2024-12-03T15:19:03.070+0000] {dag.py:3340} INFO - Setting next_dagrun for example_branch_operator to 2024-12-02T00:00:00+00:00, run_after=2024-12-03T00:00:00+00:00
[2024-12-03T15:19:03.115+0000] {processor.py:176} INFO - Processing /home/airflow/.local/lib/python3.7/site-packages/airflow/example_dags/example_branch_operator.py took 0.206 seconds
[2024-12-03T15:19:33.612+0000] {processor.py:154} INFO - Started process (PID=261) to work on /home/airflow/.local/lib/python3.7/site-packages/airflow/example_dags/example_branch_operator.py
[2024-12-03T15:19:33.614+0000] {processor.py:756} INFO - Processing file /home/airflow/.local/lib/python3.7/site-packages/airflow/example_dags/example_branch_operator.py for tasks to queue
[2024-12-03T15:19:33.615+0000] {logging_mixin.py:120} INFO - [2024-12-03T15:19:33.615+0000] {dagbag.py:537} INFO - Filling up the DagBag from /home/airflow/.local/lib/python3.7/site-packages/airflow/example_dags/example_branch_operator.py
[2024-12-03T15:19:33.646+0000] {processor.py:766} INFO - DAG(s) dict_keys(['example_branch_operator']) retrieved from /home/airflow/.local/lib/python3.7/site-packages/airflow/example_dags/example_branch_operator.py
[2024-12-03T15:19:33.720+0000] {logging_mixin.py:120} INFO - [2024-12-03T15:19:33.719+0000] {dag.py:2585} INFO - Sync 1 DAGs
[2024-12-03T15:19:33.778+0000] {logging_mixin.py:120} INFO - [2024-12-03T15:19:33.778+0000] {dag.py:3340} INFO - Setting next_dagrun for example_branch_operator to 2024-12-02T00:00:00+00:00, run_after=2024-12-03T00:00:00+00:00
[2024-12-03T15:19:33.855+0000] {processor.py:176} INFO - Processing /home/airflow/.local/lib/python3.7/site-packages/airflow/example_dags/example_branch_operator.py took 0.249 seconds
[2024-12-03T15:20:04.163+0000] {processor.py:154} INFO - Started process (PID=315) to work on /home/airflow/.local/lib/python3.7/site-packages/airflow/example_dags/example_branch_operator.py
[2024-12-03T15:20:04.164+0000] {processor.py:756} INFO - Processing file /home/airflow/.local/lib/python3.7/site-packages/airflow/example_dags/example_branch_operator.py for tasks to queue
[2024-12-03T15:20:04.165+0000] {logging_mixin.py:120} INFO - [2024-12-03T15:20:04.165+0000] {dagbag.py:537} INFO - Filling up the DagBag from /home/airflow/.local/lib/python3.7/site-packages/airflow/example_dags/example_branch_operator.py
[2024-12-03T15:20:04.187+0000] {processor.py:766} INFO - DAG(s) dict_keys(['example_branch_operator']) retrieved from /home/airflow/.local/lib/python3.7/site-packages/airflow/example_dags/example_branch_operator.py
[2024-12-03T15:20:04.257+0000] {logging_mixin.py:120} INFO - [2024-12-03T15:20:04.257+0000] {dag.py:2585} INFO - Sync 1 DAGs
[2024-12-03T15:20:04.316+0000] {logging_mixin.py:120} INFO - [2024-12-03T15:20:04.316+0000] {dag.py:3340} INFO - Setting next_dagrun for example_branch_operator to 2024-12-02T00:00:00+00:00, run_after=2024-12-03T00:00:00+00:00
[2024-12-03T15:20:04.371+0000] {processor.py:176} INFO - Processing /home/airflow/.local/lib/python3.7/site-packages/airflow/example_dags/example_branch_operator.py took 0.211 seconds
[2024-12-03T15:20:35.299+0000] {processor.py:154} INFO - Started process (PID=380) to work on /home/airflow/.local/lib/python3.7/site-packages/airflow/example_dags/example_branch_operator.py
[2024-12-03T15:20:35.301+0000] {processor.py:756} INFO - Processing file /home/airflow/.local/lib/python3.7/site-packages/airflow/example_dags/example_branch_operator.py for tasks to queue
[2024-12-03T15:20:35.302+0000] {logging_mixin.py:120} INFO - [2024-12-03T15:20:35.302+0000] {dagbag.py:537} INFO - Filling up the DagBag from /home/airflow/.local/lib/python3.7/site-packages/airflow/example_dags/example_branch_operator.py
[2024-12-03T15:20:35.328+0000] {processor.py:766} INFO - DAG(s) dict_keys(['example_branch_operator']) retrieved from /home/airflow/.local/lib/python3.7/site-packages/airflow/example_dags/example_branch_operator.py
[2024-12-03T15:20:35.409+0000] {logging_mixin.py:120} INFO - [2024-12-03T15:20:35.409+0000] {dag.py:2585} INFO - Sync 1 DAGs
[2024-12-03T15:20:35.449+0000] {logging_mixin.py:120} INFO - [2024-12-03T15:20:35.449+0000] {dag.py:3340} INFO - Setting next_dagrun for example_branch_operator to 2024-12-02T00:00:00+00:00, run_after=2024-12-03T00:00:00+00:00
[2024-12-03T15:20:35.505+0000] {processor.py:176} INFO - Processing /home/airflow/.local/lib/python3.7/site-packages/airflow/example_dags/example_branch_operator.py took 0.211 seconds
[2024-12-03T15:21:06.063+0000] {processor.py:154} INFO - Started process (PID=435) to work on /home/airflow/.local/lib/python3.7/site-packages/airflow/example_dags/example_branch_operator.py
[2024-12-03T15:21:06.065+0000] {processor.py:756} INFO - Processing file /home/airflow/.local/lib/python3.7/site-packages/airflow/example_dags/example_branch_operator.py for tasks to queue
[2024-12-03T15:21:06.067+0000] {logging_mixin.py:120} INFO - [2024-12-03T15:21:06.067+0000] {dagbag.py:537} INFO - Filling up the DagBag from /home/airflow/.local/lib/python3.7/site-packages/airflow/example_dags/example_branch_operator.py
[2024-12-03T15:21:06.089+0000] {processor.py:766} INFO - DAG(s) dict_keys(['example_branch_operator']) retrieved from /home/airflow/.local/lib/python3.7/site-packages/airflow/example_dags/example_branch_operator.py
[2024-12-03T15:21:06.147+0000] {logging_mixin.py:120} INFO - [2024-12-03T15:21:06.147+0000] {dag.py:2585} INFO - Sync 1 DAGs
[2024-12-03T15:21:06.184+0000] {logging_mixin.py:120} INFO - [2024-12-03T15:21:06.184+0000] {dag.py:3340} INFO - Setting next_dagrun for example_branch_operator to 2024-12-02T00:00:00+00:00, run_after=2024-12-03T00:00:00+00:00
[2024-12-03T15:21:06.233+0000] {processor.py:176} INFO - Processing /home/airflow/.local/lib/python3.7/site-packages/airflow/example_dags/example_branch_operator.py took 0.175 seconds
[2024-12-03T15:21:38.921+0000] {processor.py:154} INFO - Started process (PID=501) to work on /home/airflow/.local/lib/python3.7/site-packages/airflow/example_dags/example_branch_operator.py
[2024-12-03T15:21:38.929+0000] {processor.py:756} INFO - Processing file /home/airflow/.local/lib/python3.7/site-packages/airflow/example_dags/example_branch_operator.py for tasks to queue
[2024-12-03T15:21:38.934+0000] {logging_mixin.py:120} INFO - [2024-12-03T15:21:38.933+0000] {dagbag.py:537} INFO - Filling up the DagBag from /home/airflow/.local/lib/python3.7/site-packages/airflow/example_dags/example_branch_operator.py
[2024-12-03T15:21:38.997+0000] {processor.py:766} INFO - DAG(s) dict_keys(['example_branch_operator']) retrieved from /home/airflow/.local/lib/python3.7/site-packages/airflow/example_dags/example_branch_operator.py
[2024-12-03T15:21:39.138+0000] {logging_mixin.py:120} INFO - [2024-12-03T15:21:39.137+0000] {dag.py:2585} INFO - Sync 1 DAGs
[2024-12-03T15:21:39.260+0000] {logging_mixin.py:120} INFO - [2024-12-03T15:21:39.259+0000] {dag.py:3340} INFO - Setting next_dagrun for example_branch_operator to 2024-12-02T00:00:00+00:00, run_after=2024-12-03T00:00:00+00:00
[2024-12-03T15:21:39.340+0000] {processor.py:176} INFO - Processing /home/airflow/.local/lib/python3.7/site-packages/airflow/example_dags/example_branch_operator.py took 0.426 seconds
[2024-12-03T15:22:09.798+0000] {processor.py:154} INFO - Started process (PID=557) to work on /home/airflow/.local/lib/python3.7/site-packages/airflow/example_dags/example_branch_operator.py
[2024-12-03T15:22:09.799+0000] {processor.py:756} INFO - Processing file /home/airflow/.local/lib/python3.7/site-packages/airflow/example_dags/example_branch_operator.py for tasks to queue
[2024-12-03T15:22:09.801+0000] {logging_mixin.py:120} INFO - [2024-12-03T15:22:09.801+0000] {dagbag.py:537} INFO - Filling up the DagBag from /home/airflow/.local/lib/python3.7/site-packages/airflow/example_dags/example_branch_operator.py
[2024-12-03T15:22:09.831+0000] {processor.py:766} INFO - DAG(s) dict_keys(['example_branch_operator']) retrieved from /home/airflow/.local/lib/python3.7/site-packages/airflow/example_dags/example_branch_operator.py
[2024-12-03T15:22:09.899+0000] {logging_mixin.py:120} INFO - [2024-12-03T15:22:09.899+0000] {dag.py:2585} INFO - Sync 1 DAGs
[2024-12-03T15:22:09.940+0000] {logging_mixin.py:120} INFO - [2024-12-03T15:22:09.940+0000] {dag.py:3340} INFO - Setting next_dagrun for example_branch_operator to 2024-12-02T00:00:00+00:00, run_after=2024-12-03T00:00:00+00:00
[2024-12-03T15:22:09.987+0000] {processor.py:176} INFO - Processing /home/airflow/.local/lib/python3.7/site-packages/airflow/example_dags/example_branch_operator.py took 0.193 seconds
[2024-12-03T15:22:40.665+0000] {processor.py:154} INFO - Started process (PID=612) to work on /home/airflow/.local/lib/python3.7/site-packages/airflow/example_dags/example_branch_operator.py
[2024-12-03T15:22:40.667+0000] {processor.py:756} INFO - Processing file /home/airflow/.local/lib/python3.7/site-packages/airflow/example_dags/example_branch_operator.py for tasks to queue
[2024-12-03T15:22:40.669+0000] {logging_mixin.py:120} INFO - [2024-12-03T15:22:40.668+0000] {dagbag.py:537} INFO - Filling up the DagBag from /home/airflow/.local/lib/python3.7/site-packages/airflow/example_dags/example_branch_operator.py
[2024-12-03T15:22:40.704+0000] {processor.py:766} INFO - DAG(s) dict_keys(['example_branch_operator']) retrieved from /home/airflow/.local/lib/python3.7/site-packages/airflow/example_dags/example_branch_operator.py
[2024-12-03T15:22:40.791+0000] {logging_mixin.py:120} INFO - [2024-12-03T15:22:40.790+0000] {dag.py:2585} INFO - Sync 1 DAGs
[2024-12-03T15:22:40.847+0000] {logging_mixin.py:120} INFO - [2024-12-03T15:22:40.846+0000] {dag.py:3340} INFO - Setting next_dagrun for example_branch_operator to 2024-12-02T00:00:00+00:00, run_after=2024-12-03T00:00:00+00:00
[2024-12-03T15:22:40.890+0000] {processor.py:176} INFO - Processing /home/airflow/.local/lib/python3.7/site-packages/airflow/example_dags/example_branch_operator.py took 0.230 seconds
[2024-12-03T15:23:11.935+0000] {processor.py:154} INFO - Started process (PID=676) to work on /home/airflow/.local/lib/python3.7/site-packages/airflow/example_dags/example_branch_operator.py
[2024-12-03T15:23:11.937+0000] {processor.py:756} INFO - Processing file /home/airflow/.local/lib/python3.7/site-packages/airflow/example_dags/example_branch_operator.py for tasks to queue
[2024-12-03T15:23:11.939+0000] {logging_mixin.py:120} INFO - [2024-12-03T15:23:11.939+0000] {dagbag.py:537} INFO - Filling up the DagBag from /home/airflow/.local/lib/python3.7/site-packages/airflow/example_dags/example_branch_operator.py
[2024-12-03T15:23:11.960+0000] {processor.py:766} INFO - DAG(s) dict_keys(['example_branch_operator']) retrieved from /home/airflow/.local/lib/python3.7/site-packages/airflow/example_dags/example_branch_operator.py
[2024-12-03T15:23:12.026+0000] {logging_mixin.py:120} INFO - [2024-12-03T15:23:12.026+0000] {dag.py:2585} INFO - Sync 1 DAGs
[2024-12-03T15:23:12.090+0000] {logging_mixin.py:120} INFO - [2024-12-03T15:23:12.090+0000] {dag.py:3340} INFO - Setting next_dagrun for example_branch_operator to 2024-12-02T00:00:00+00:00, run_after=2024-12-03T00:00:00+00:00
[2024-12-03T15:23:12.155+0000] {processor.py:176} INFO - Processing /home/airflow/.local/lib/python3.7/site-packages/airflow/example_dags/example_branch_operator.py took 0.224 seconds
[2024-12-03T15:23:42.665+0000] {processor.py:154} INFO - Started process (PID=731) to work on /home/airflow/.local/lib/python3.7/site-packages/airflow/example_dags/example_branch_operator.py
[2024-12-03T15:23:42.666+0000] {processor.py:756} INFO - Processing file /home/airflow/.local/lib/python3.7/site-packages/airflow/example_dags/example_branch_operator.py for tasks to queue
[2024-12-03T15:23:42.670+0000] {logging_mixin.py:120} INFO - [2024-12-03T15:23:42.669+0000] {dagbag.py:537} INFO - Filling up the DagBag from /home/airflow/.local/lib/python3.7/site-packages/airflow/example_dags/example_branch_operator.py
[2024-12-03T15:23:42.702+0000] {processor.py:766} INFO - DAG(s) dict_keys(['example_branch_operator']) retrieved from /home/airflow/.local/lib/python3.7/site-packages/airflow/example_dags/example_branch_operator.py
[2024-12-03T15:23:42.797+0000] {logging_mixin.py:120} INFO - [2024-12-03T15:23:42.797+0000] {dag.py:2585} INFO - Sync 1 DAGs
[2024-12-03T15:23:42.860+0000] {logging_mixin.py:120} INFO - [2024-12-03T15:23:42.859+0000] {dag.py:3340} INFO - Setting next_dagrun for example_branch_operator to 2024-12-02T00:00:00+00:00, run_after=2024-12-03T00:00:00+00:00
[2024-12-03T15:23:42.922+0000] {processor.py:176} INFO - Processing /home/airflow/.local/lib/python3.7/site-packages/airflow/example_dags/example_branch_operator.py took 0.261 seconds
[2024-12-03T15:24:13.438+0000] {processor.py:154} INFO - Started process (PID=795) to work on /home/airflow/.local/lib/python3.7/site-packages/airflow/example_dags/example_branch_operator.py
[2024-12-03T15:24:13.441+0000] {processor.py:756} INFO - Processing file /home/airflow/.local/lib/python3.7/site-packages/airflow/example_dags/example_branch_operator.py for tasks to queue
[2024-12-03T15:24:13.444+0000] {logging_mixin.py:120} INFO - [2024-12-03T15:24:13.443+0000] {dagbag.py:537} INFO - Filling up the DagBag from /home/airflow/.local/lib/python3.7/site-packages/airflow/example_dags/example_branch_operator.py
[2024-12-03T15:24:13.478+0000] {processor.py:766} INFO - DAG(s) dict_keys(['example_branch_operator']) retrieved from /home/airflow/.local/lib/python3.7/site-packages/airflow/example_dags/example_branch_operator.py
[2024-12-03T15:24:13.636+0000] {logging_mixin.py:120} INFO - [2024-12-03T15:24:13.636+0000] {dag.py:2585} INFO - Sync 1 DAGs
[2024-12-03T15:24:13.712+0000] {logging_mixin.py:120} INFO - [2024-12-03T15:24:13.711+0000] {dag.py:3340} INFO - Setting next_dagrun for example_branch_operator to 2024-12-02T00:00:00+00:00, run_after=2024-12-03T00:00:00+00:00
[2024-12-03T15:24:13.781+0000] {processor.py:176} INFO - Processing /home/airflow/.local/lib/python3.7/site-packages/airflow/example_dags/example_branch_operator.py took 0.355 seconds
[2024-12-03T15:24:44.493+0000] {processor.py:154} INFO - Started process (PID=850) to work on /home/airflow/.local/lib/python3.7/site-packages/airflow/example_dags/example_branch_operator.py
[2024-12-03T15:24:44.496+0000] {processor.py:756} INFO - Processing file /home/airflow/.local/lib/python3.7/site-packages/airflow/example_dags/example_branch_operator.py for tasks to queue
[2024-12-03T15:24:44.498+0000] {logging_mixin.py:120} INFO - [2024-12-03T15:24:44.498+0000] {dagbag.py:537} INFO - Filling up the DagBag from /home/airflow/.local/lib/python3.7/site-packages/airflow/example_dags/example_branch_operator.py
[2024-12-03T15:24:44.538+0000] {processor.py:766} INFO - DAG(s) dict_keys(['example_branch_operator']) retrieved from /home/airflow/.local/lib/python3.7/site-packages/airflow/example_dags/example_branch_operator.py
[2024-12-03T15:24:44.622+0000] {logging_mixin.py:120} INFO - [2024-12-03T15:24:44.621+0000] {dag.py:2585} INFO - Sync 1 DAGs
[2024-12-03T15:24:44.689+0000] {logging_mixin.py:120} INFO - [2024-12-03T15:24:44.689+0000] {dag.py:3340} INFO - Setting next_dagrun for example_branch_operator to 2024-12-02T00:00:00+00:00, run_after=2024-12-03T00:00:00+00:00
[2024-12-03T15:24:44.735+0000] {processor.py:176} INFO - Processing /home/airflow/.local/lib/python3.7/site-packages/airflow/example_dags/example_branch_operator.py took 0.246 seconds
[2024-12-03T15:25:15.713+0000] {processor.py:154} INFO - Started process (PID=914) to work on /home/airflow/.local/lib/python3.7/site-packages/airflow/example_dags/example_branch_operator.py
[2024-12-03T15:25:15.715+0000] {processor.py:756} INFO - Processing file /home/airflow/.local/lib/python3.7/site-packages/airflow/example_dags/example_branch_operator.py for tasks to queue
[2024-12-03T15:25:15.718+0000] {logging_mixin.py:120} INFO - [2024-12-03T15:25:15.717+0000] {dagbag.py:537} INFO - Filling up the DagBag from /home/airflow/.local/lib/python3.7/site-packages/airflow/example_dags/example_branch_operator.py
[2024-12-03T15:25:15.756+0000] {processor.py:766} INFO - DAG(s) dict_keys(['example_branch_operator']) retrieved from /home/airflow/.local/lib/python3.7/site-packages/airflow/example_dags/example_branch_operator.py
[2024-12-03T15:25:15.849+0000] {logging_mixin.py:120} INFO - [2024-12-03T15:25:15.849+0000] {dag.py:2585} INFO - Sync 1 DAGs
[2024-12-03T15:25:15.908+0000] {logging_mixin.py:120} INFO - [2024-12-03T15:25:15.908+0000] {dag.py:3340} INFO - Setting next_dagrun for example_branch_operator to 2024-12-02T00:00:00+00:00, run_after=2024-12-03T00:00:00+00:00
[2024-12-03T15:25:15.973+0000] {processor.py:176} INFO - Processing /home/airflow/.local/lib/python3.7/site-packages/airflow/example_dags/example_branch_operator.py took 0.267 seconds
[2024-12-03T15:25:46.549+0000] {processor.py:154} INFO - Started process (PID=969) to work on /home/airflow/.local/lib/python3.7/site-packages/airflow/example_dags/example_branch_operator.py
[2024-12-03T15:25:46.550+0000] {processor.py:756} INFO - Processing file /home/airflow/.local/lib/python3.7/site-packages/airflow/example_dags/example_branch_operator.py for tasks to queue
[2024-12-03T15:25:46.551+0000] {logging_mixin.py:120} INFO - [2024-12-03T15:25:46.551+0000] {dagbag.py:537} INFO - Filling up the DagBag from /home/airflow/.local/lib/python3.7/site-packages/airflow/example_dags/example_branch_operator.py
[2024-12-03T15:25:46.581+0000] {processor.py:766} INFO - DAG(s) dict_keys(['example_branch_operator']) retrieved from /home/airflow/.local/lib/python3.7/site-packages/airflow/example_dags/example_branch_operator.py
[2024-12-03T15:25:46.644+0000] {logging_mixin.py:120} INFO - [2024-12-03T15:25:46.644+0000] {dag.py:2585} INFO - Sync 1 DAGs
[2024-12-03T15:25:46.694+0000] {logging_mixin.py:120} INFO - [2024-12-03T15:25:46.694+0000] {dag.py:3340} INFO - Setting next_dagrun for example_branch_operator to 2024-12-02T00:00:00+00:00, run_after=2024-12-03T00:00:00+00:00
[2024-12-03T15:25:46.743+0000] {processor.py:176} INFO - Processing /home/airflow/.local/lib/python3.7/site-packages/airflow/example_dags/example_branch_operator.py took 0.198 seconds
[2024-12-03T15:26:17.151+0000] {processor.py:154} INFO - Started process (PID=1024) to work on /home/airflow/.local/lib/python3.7/site-packages/airflow/example_dags/example_branch_operator.py
[2024-12-03T15:26:17.154+0000] {processor.py:756} INFO - Processing file /home/airflow/.local/lib/python3.7/site-packages/airflow/example_dags/example_branch_operator.py for tasks to queue
[2024-12-03T15:26:17.155+0000] {logging_mixin.py:120} INFO - [2024-12-03T15:26:17.155+0000] {dagbag.py:537} INFO - Filling up the DagBag from /home/airflow/.local/lib/python3.7/site-packages/airflow/example_dags/example_branch_operator.py
[2024-12-03T15:26:17.185+0000] {processor.py:766} INFO - DAG(s) dict_keys(['example_branch_operator']) retrieved from /home/airflow/.local/lib/python3.7/site-packages/airflow/example_dags/example_branch_operator.py
[2024-12-03T15:26:17.268+0000] {logging_mixin.py:120} INFO - [2024-12-03T15:26:17.268+0000] {dag.py:2585} INFO - Sync 1 DAGs
[2024-12-03T15:26:17.318+0000] {logging_mixin.py:120} INFO - [2024-12-03T15:26:17.317+0000] {dag.py:3340} INFO - Setting next_dagrun for example_branch_operator to 2024-12-02T00:00:00+00:00, run_after=2024-12-03T00:00:00+00:00
[2024-12-03T15:26:17.360+0000] {processor.py:176} INFO - Processing /home/airflow/.local/lib/python3.7/site-packages/airflow/example_dags/example_branch_operator.py took 0.214 seconds
[2024-12-03T15:26:48.082+0000] {processor.py:154} INFO - Started process (PID=1088) to work on /home/airflow/.local/lib/python3.7/site-packages/airflow/example_dags/example_branch_operator.py
[2024-12-03T15:26:48.084+0000] {processor.py:756} INFO - Processing file /home/airflow/.local/lib/python3.7/site-packages/airflow/example_dags/example_branch_operator.py for tasks to queue
[2024-12-03T15:26:48.085+0000] {logging_mixin.py:120} INFO - [2024-12-03T15:26:48.085+0000] {dagbag.py:537} INFO - Filling up the DagBag from /home/airflow/.local/lib/python3.7/site-packages/airflow/example_dags/example_branch_operator.py
[2024-12-03T15:26:48.108+0000] {processor.py:766} INFO - DAG(s) dict_keys(['example_branch_operator']) retrieved from /home/airflow/.local/lib/python3.7/site-packages/airflow/example_dags/example_branch_operator.py
[2024-12-03T15:26:48.178+0000] {logging_mixin.py:120} INFO - [2024-12-03T15:26:48.177+0000] {dag.py:2585} INFO - Sync 1 DAGs
[2024-12-03T15:26:48.220+0000] {logging_mixin.py:120} INFO - [2024-12-03T15:26:48.220+0000] {dag.py:3340} INFO - Setting next_dagrun for example_branch_operator to 2024-12-02T00:00:00+00:00, run_after=2024-12-03T00:00:00+00:00
[2024-12-03T15:26:48.258+0000] {processor.py:176} INFO - Processing /home/airflow/.local/lib/python3.7/site-packages/airflow/example_dags/example_branch_operator.py took 0.180 seconds
[2024-12-03T15:27:18.501+0000] {processor.py:154} INFO - Started process (PID=1143) to work on /home/airflow/.local/lib/python3.7/site-packages/airflow/example_dags/example_branch_operator.py
[2024-12-03T15:27:18.504+0000] {processor.py:756} INFO - Processing file /home/airflow/.local/lib/python3.7/site-packages/airflow/example_dags/example_branch_operator.py for tasks to queue
[2024-12-03T15:27:18.506+0000] {logging_mixin.py:120} INFO - [2024-12-03T15:27:18.506+0000] {dagbag.py:537} INFO - Filling up the DagBag from /home/airflow/.local/lib/python3.7/site-packages/airflow/example_dags/example_branch_operator.py
[2024-12-03T15:27:18.538+0000] {processor.py:766} INFO - DAG(s) dict_keys(['example_branch_operator']) retrieved from /home/airflow/.local/lib/python3.7/site-packages/airflow/example_dags/example_branch_operator.py
[2024-12-03T15:27:18.623+0000] {logging_mixin.py:120} INFO - [2024-12-03T15:27:18.622+0000] {dag.py:2585} INFO - Sync 1 DAGs
[2024-12-03T15:27:18.684+0000] {logging_mixin.py:120} INFO - [2024-12-03T15:27:18.683+0000] {dag.py:3340} INFO - Setting next_dagrun for example_branch_operator to 2024-12-02T00:00:00+00:00, run_after=2024-12-03T00:00:00+00:00
[2024-12-03T15:27:18.727+0000] {processor.py:176} INFO - Processing /home/airflow/.local/lib/python3.7/site-packages/airflow/example_dags/example_branch_operator.py took 0.233 seconds
[2024-12-03T15:27:49.045+0000] {processor.py:154} INFO - Started process (PID=1207) to work on /home/airflow/.local/lib/python3.7/site-packages/airflow/example_dags/example_branch_operator.py
[2024-12-03T15:27:49.047+0000] {processor.py:756} INFO - Processing file /home/airflow/.local/lib/python3.7/site-packages/airflow/example_dags/example_branch_operator.py for tasks to queue
[2024-12-03T15:27:49.048+0000] {logging_mixin.py:120} INFO - [2024-12-03T15:27:49.048+0000] {dagbag.py:537} INFO - Filling up the DagBag from /home/airflow/.local/lib/python3.7/site-packages/airflow/example_dags/example_branch_operator.py
[2024-12-03T15:27:49.078+0000] {processor.py:766} INFO - DAG(s) dict_keys(['example_branch_operator']) retrieved from /home/airflow/.local/lib/python3.7/site-packages/airflow/example_dags/example_branch_operator.py
[2024-12-03T15:27:49.194+0000] {logging_mixin.py:120} INFO - [2024-12-03T15:27:49.193+0000] {dag.py:2585} INFO - Sync 1 DAGs
[2024-12-03T15:27:49.253+0000] {logging_mixin.py:120} INFO - [2024-12-03T15:27:49.252+0000] {dag.py:3340} INFO - Setting next_dagrun for example_branch_operator to 2024-12-02T00:00:00+00:00, run_after=2024-12-03T00:00:00+00:00
[2024-12-03T15:27:49.318+0000] {processor.py:176} INFO - Processing /home/airflow/.local/lib/python3.7/site-packages/airflow/example_dags/example_branch_operator.py took 0.280 seconds
[2024-12-03T15:28:19.825+0000] {processor.py:154} INFO - Started process (PID=1262) to work on /home/airflow/.local/lib/python3.7/site-packages/airflow/example_dags/example_branch_operator.py
[2024-12-03T15:28:19.827+0000] {processor.py:756} INFO - Processing file /home/airflow/.local/lib/python3.7/site-packages/airflow/example_dags/example_branch_operator.py for tasks to queue
[2024-12-03T15:28:19.829+0000] {logging_mixin.py:120} INFO - [2024-12-03T15:28:19.828+0000] {dagbag.py:537} INFO - Filling up the DagBag from /home/airflow/.local/lib/python3.7/site-packages/airflow/example_dags/example_branch_operator.py
[2024-12-03T15:28:19.857+0000] {processor.py:766} INFO - DAG(s) dict_keys(['example_branch_operator']) retrieved from /home/airflow/.local/lib/python3.7/site-packages/airflow/example_dags/example_branch_operator.py
[2024-12-03T15:28:19.927+0000] {logging_mixin.py:120} INFO - [2024-12-03T15:28:19.927+0000] {dag.py:2585} INFO - Sync 1 DAGs
[2024-12-03T15:28:19.976+0000] {logging_mixin.py:120} INFO - [2024-12-03T15:28:19.976+0000] {dag.py:3340} INFO - Setting next_dagrun for example_branch_operator to 2024-12-02T00:00:00+00:00, run_after=2024-12-03T00:00:00+00:00
[2024-12-03T15:28:20.017+0000] {processor.py:176} INFO - Processing /home/airflow/.local/lib/python3.7/site-packages/airflow/example_dags/example_branch_operator.py took 0.197 seconds
[2024-12-03T15:28:50.770+0000] {processor.py:154} INFO - Started process (PID=1326) to work on /home/airflow/.local/lib/python3.7/site-packages/airflow/example_dags/example_branch_operator.py
[2024-12-03T15:28:50.772+0000] {processor.py:756} INFO - Processing file /home/airflow/.local/lib/python3.7/site-packages/airflow/example_dags/example_branch_operator.py for tasks to queue
[2024-12-03T15:28:50.778+0000] {logging_mixin.py:120} INFO - [2024-12-03T15:28:50.778+0000] {dagbag.py:537} INFO - Filling up the DagBag from /home/airflow/.local/lib/python3.7/site-packages/airflow/example_dags/example_branch_operator.py
[2024-12-03T15:28:50.810+0000] {processor.py:766} INFO - DAG(s) dict_keys(['example_branch_operator']) retrieved from /home/airflow/.local/lib/python3.7/site-packages/airflow/example_dags/example_branch_operator.py
[2024-12-03T15:28:50.900+0000] {logging_mixin.py:120} INFO - [2024-12-03T15:28:50.899+0000] {dag.py:2585} INFO - Sync 1 DAGs
[2024-12-03T15:28:50.961+0000] {logging_mixin.py:120} INFO - [2024-12-03T15:28:50.961+0000] {dag.py:3340} INFO - Setting next_dagrun for example_branch_operator to 2024-12-02T00:00:00+00:00, run_after=2024-12-03T00:00:00+00:00
[2024-12-03T15:28:51.012+0000] {processor.py:176} INFO - Processing /home/airflow/.local/lib/python3.7/site-packages/airflow/example_dags/example_branch_operator.py took 0.249 seconds
[2024-12-03T15:29:21.391+0000] {processor.py:154} INFO - Started process (PID=1381) to work on /home/airflow/.local/lib/python3.7/site-packages/airflow/example_dags/example_branch_operator.py
[2024-12-03T15:29:21.394+0000] {processor.py:756} INFO - Processing file /home/airflow/.local/lib/python3.7/site-packages/airflow/example_dags/example_branch_operator.py for tasks to queue
[2024-12-03T15:29:21.396+0000] {logging_mixin.py:120} INFO - [2024-12-03T15:29:21.395+0000] {dagbag.py:537} INFO - Filling up the DagBag from /home/airflow/.local/lib/python3.7/site-packages/airflow/example_dags/example_branch_operator.py
[2024-12-03T15:29:21.431+0000] {processor.py:766} INFO - DAG(s) dict_keys(['example_branch_operator']) retrieved from /home/airflow/.local/lib/python3.7/site-packages/airflow/example_dags/example_branch_operator.py
[2024-12-03T15:29:21.521+0000] {logging_mixin.py:120} INFO - [2024-12-03T15:29:21.521+0000] {dag.py:2585} INFO - Sync 1 DAGs
[2024-12-03T15:29:21.574+0000] {logging_mixin.py:120} INFO - [2024-12-03T15:29:21.574+0000] {dag.py:3340} INFO - Setting next_dagrun for example_branch_operator to 2024-12-02T00:00:00+00:00, run_after=2024-12-03T00:00:00+00:00
[2024-12-03T15:29:21.617+0000] {processor.py:176} INFO - Processing /home/airflow/.local/lib/python3.7/site-packages/airflow/example_dags/example_branch_operator.py took 0.231 seconds
[2024-12-03T15:29:51.975+0000] {processor.py:154} INFO - Started process (PID=1436) to work on /home/airflow/.local/lib/python3.7/site-packages/airflow/example_dags/example_branch_operator.py
[2024-12-03T15:29:51.978+0000] {processor.py:756} INFO - Processing file /home/airflow/.local/lib/python3.7/site-packages/airflow/example_dags/example_branch_operator.py for tasks to queue
[2024-12-03T15:29:51.980+0000] {logging_mixin.py:120} INFO - [2024-12-03T15:29:51.980+0000] {dagbag.py:537} INFO - Filling up the DagBag from /home/airflow/.local/lib/python3.7/site-packages/airflow/example_dags/example_branch_operator.py
[2024-12-03T15:29:52.019+0000] {processor.py:766} INFO - DAG(s) dict_keys(['example_branch_operator']) retrieved from /home/airflow/.local/lib/python3.7/site-packages/airflow/example_dags/example_branch_operator.py
[2024-12-03T15:29:52.111+0000] {logging_mixin.py:120} INFO - [2024-12-03T15:29:52.105+0000] {dag.py:2585} INFO - Sync 1 DAGs
[2024-12-03T15:29:52.200+0000] {logging_mixin.py:120} INFO - [2024-12-03T15:29:52.200+0000] {dag.py:3340} INFO - Setting next_dagrun for example_branch_operator to 2024-12-02T00:00:00+00:00, run_after=2024-12-03T00:00:00+00:00
[2024-12-03T15:29:52.250+0000] {processor.py:176} INFO - Processing /home/airflow/.local/lib/python3.7/site-packages/airflow/example_dags/example_branch_operator.py took 0.283 seconds
[2024-12-03T15:30:22.723+0000] {processor.py:154} INFO - Started process (PID=1501) to work on /home/airflow/.local/lib/python3.7/site-packages/airflow/example_dags/example_branch_operator.py
[2024-12-03T15:30:22.725+0000] {processor.py:756} INFO - Processing file /home/airflow/.local/lib/python3.7/site-packages/airflow/example_dags/example_branch_operator.py for tasks to queue
[2024-12-03T15:30:22.727+0000] {logging_mixin.py:120} INFO - [2024-12-03T15:30:22.726+0000] {dagbag.py:537} INFO - Filling up the DagBag from /home/airflow/.local/lib/python3.7/site-packages/airflow/example_dags/example_branch_operator.py
[2024-12-03T15:30:22.769+0000] {processor.py:766} INFO - DAG(s) dict_keys(['example_branch_operator']) retrieved from /home/airflow/.local/lib/python3.7/site-packages/airflow/example_dags/example_branch_operator.py
[2024-12-03T15:30:22.869+0000] {logging_mixin.py:120} INFO - [2024-12-03T15:30:22.868+0000] {dag.py:2585} INFO - Sync 1 DAGs
[2024-12-03T15:30:22.917+0000] {logging_mixin.py:120} INFO - [2024-12-03T15:30:22.916+0000] {dag.py:3340} INFO - Setting next_dagrun for example_branch_operator to 2024-12-02T00:00:00+00:00, run_after=2024-12-03T00:00:00+00:00
[2024-12-03T15:30:22.958+0000] {processor.py:176} INFO - Processing /home/airflow/.local/lib/python3.7/site-packages/airflow/example_dags/example_branch_operator.py took 0.241 seconds
[2024-12-03T15:30:53.376+0000] {processor.py:154} INFO - Started process (PID=1556) to work on /home/airflow/.local/lib/python3.7/site-packages/airflow/example_dags/example_branch_operator.py
[2024-12-03T15:30:53.378+0000] {processor.py:756} INFO - Processing file /home/airflow/.local/lib/python3.7/site-packages/airflow/example_dags/example_branch_operator.py for tasks to queue
[2024-12-03T15:30:53.379+0000] {logging_mixin.py:120} INFO - [2024-12-03T15:30:53.379+0000] {dagbag.py:537} INFO - Filling up the DagBag from /home/airflow/.local/lib/python3.7/site-packages/airflow/example_dags/example_branch_operator.py
[2024-12-03T15:30:53.401+0000] {processor.py:766} INFO - DAG(s) dict_keys(['example_branch_operator']) retrieved from /home/airflow/.local/lib/python3.7/site-packages/airflow/example_dags/example_branch_operator.py
[2024-12-03T15:30:53.471+0000] {logging_mixin.py:120} INFO - [2024-12-03T15:30:53.470+0000] {dag.py:2585} INFO - Sync 1 DAGs
[2024-12-03T15:30:53.537+0000] {logging_mixin.py:120} INFO - [2024-12-03T15:30:53.536+0000] {dag.py:3340} INFO - Setting next_dagrun for example_branch_operator to 2024-12-02T00:00:00+00:00, run_after=2024-12-03T00:00:00+00:00
[2024-12-03T15:30:53.575+0000] {processor.py:176} INFO - Processing /home/airflow/.local/lib/python3.7/site-packages/airflow/example_dags/example_branch_operator.py took 0.202 seconds
[2024-12-03T15:31:23.782+0000] {processor.py:154} INFO - Started process (PID=1620) to work on /home/airflow/.local/lib/python3.7/site-packages/airflow/example_dags/example_branch_operator.py
[2024-12-03T15:31:23.784+0000] {processor.py:756} INFO - Processing file /home/airflow/.local/lib/python3.7/site-packages/airflow/example_dags/example_branch_operator.py for tasks to queue
[2024-12-03T15:31:23.786+0000] {logging_mixin.py:120} INFO - [2024-12-03T15:31:23.786+0000] {dagbag.py:537} INFO - Filling up the DagBag from /home/airflow/.local/lib/python3.7/site-packages/airflow/example_dags/example_branch_operator.py
[2024-12-03T15:31:23.830+0000] {processor.py:766} INFO - DAG(s) dict_keys(['example_branch_operator']) retrieved from /home/airflow/.local/lib/python3.7/site-packages/airflow/example_dags/example_branch_operator.py
[2024-12-03T15:31:23.919+0000] {logging_mixin.py:120} INFO - [2024-12-03T15:31:23.918+0000] {dag.py:2585} INFO - Sync 1 DAGs
[2024-12-03T15:31:23.978+0000] {logging_mixin.py:120} INFO - [2024-12-03T15:31:23.978+0000] {dag.py:3340} INFO - Setting next_dagrun for example_branch_operator to 2024-12-02T00:00:00+00:00, run_after=2024-12-03T00:00:00+00:00
[2024-12-03T15:31:24.025+0000] {processor.py:176} INFO - Processing /home/airflow/.local/lib/python3.7/site-packages/airflow/example_dags/example_branch_operator.py took 0.247 seconds
[2024-12-03T15:31:54.736+0000] {processor.py:154} INFO - Started process (PID=1675) to work on /home/airflow/.local/lib/python3.7/site-packages/airflow/example_dags/example_branch_operator.py
[2024-12-03T15:31:54.738+0000] {processor.py:756} INFO - Processing file /home/airflow/.local/lib/python3.7/site-packages/airflow/example_dags/example_branch_operator.py for tasks to queue
[2024-12-03T15:31:54.739+0000] {logging_mixin.py:120} INFO - [2024-12-03T15:31:54.739+0000] {dagbag.py:537} INFO - Filling up the DagBag from /home/airflow/.local/lib/python3.7/site-packages/airflow/example_dags/example_branch_operator.py
[2024-12-03T15:31:54.760+0000] {processor.py:766} INFO - DAG(s) dict_keys(['example_branch_operator']) retrieved from /home/airflow/.local/lib/python3.7/site-packages/airflow/example_dags/example_branch_operator.py
[2024-12-03T15:31:54.840+0000] {logging_mixin.py:120} INFO - [2024-12-03T15:31:54.840+0000] {dag.py:2585} INFO - Sync 1 DAGs
[2024-12-03T15:31:54.889+0000] {logging_mixin.py:120} INFO - [2024-12-03T15:31:54.888+0000] {dag.py:3340} INFO - Setting next_dagrun for example_branch_operator to 2024-12-02T00:00:00+00:00, run_after=2024-12-03T00:00:00+00:00
[2024-12-03T15:31:54.926+0000] {processor.py:176} INFO - Processing /home/airflow/.local/lib/python3.7/site-packages/airflow/example_dags/example_branch_operator.py took 0.194 seconds
[2024-12-03T15:32:25.474+0000] {processor.py:154} INFO - Started process (PID=1739) to work on /home/airflow/.local/lib/python3.7/site-packages/airflow/example_dags/example_branch_operator.py
[2024-12-03T15:32:25.475+0000] {processor.py:756} INFO - Processing file /home/airflow/.local/lib/python3.7/site-packages/airflow/example_dags/example_branch_operator.py for tasks to queue
[2024-12-03T15:32:25.478+0000] {logging_mixin.py:120} INFO - [2024-12-03T15:32:25.478+0000] {dagbag.py:537} INFO - Filling up the DagBag from /home/airflow/.local/lib/python3.7/site-packages/airflow/example_dags/example_branch_operator.py
[2024-12-03T15:32:25.497+0000] {processor.py:766} INFO - DAG(s) dict_keys(['example_branch_operator']) retrieved from /home/airflow/.local/lib/python3.7/site-packages/airflow/example_dags/example_branch_operator.py
[2024-12-03T15:32:25.556+0000] {logging_mixin.py:120} INFO - [2024-12-03T15:32:25.555+0000] {dag.py:2585} INFO - Sync 1 DAGs
[2024-12-03T15:32:25.597+0000] {logging_mixin.py:120} INFO - [2024-12-03T15:32:25.597+0000] {dag.py:3340} INFO - Setting next_dagrun for example_branch_operator to 2024-12-02T00:00:00+00:00, run_after=2024-12-03T00:00:00+00:00
[2024-12-03T15:32:25.636+0000] {processor.py:176} INFO - Processing /home/airflow/.local/lib/python3.7/site-packages/airflow/example_dags/example_branch_operator.py took 0.167 seconds
[2024-12-03T15:32:56.903+0000] {processor.py:154} INFO - Started process (PID=1794) to work on /home/airflow/.local/lib/python3.7/site-packages/airflow/example_dags/example_branch_operator.py
[2024-12-03T15:32:56.905+0000] {processor.py:756} INFO - Processing file /home/airflow/.local/lib/python3.7/site-packages/airflow/example_dags/example_branch_operator.py for tasks to queue
[2024-12-03T15:32:56.907+0000] {logging_mixin.py:120} INFO - [2024-12-03T15:32:56.906+0000] {dagbag.py:537} INFO - Filling up the DagBag from /home/airflow/.local/lib/python3.7/site-packages/airflow/example_dags/example_branch_operator.py
[2024-12-03T15:32:56.935+0000] {processor.py:766} INFO - DAG(s) dict_keys(['example_branch_operator']) retrieved from /home/airflow/.local/lib/python3.7/site-packages/airflow/example_dags/example_branch_operator.py
[2024-12-03T15:32:57.008+0000] {logging_mixin.py:120} INFO - [2024-12-03T15:32:57.008+0000] {dag.py:2585} INFO - Sync 1 DAGs
[2024-12-03T15:32:57.055+0000] {logging_mixin.py:120} INFO - [2024-12-03T15:32:57.055+0000] {dag.py:3340} INFO - Setting next_dagrun for example_branch_operator to 2024-12-02T00:00:00+00:00, run_after=2024-12-03T00:00:00+00:00
[2024-12-03T15:32:57.096+0000] {processor.py:176} INFO - Processing /home/airflow/.local/lib/python3.7/site-packages/airflow/example_dags/example_branch_operator.py took 0.198 seconds
[2024-12-03T15:33:27.616+0000] {processor.py:154} INFO - Started process (PID=1858) to work on /home/airflow/.local/lib/python3.7/site-packages/airflow/example_dags/example_branch_operator.py
[2024-12-03T15:33:27.618+0000] {processor.py:756} INFO - Processing file /home/airflow/.local/lib/python3.7/site-packages/airflow/example_dags/example_branch_operator.py for tasks to queue
[2024-12-03T15:33:27.620+0000] {logging_mixin.py:120} INFO - [2024-12-03T15:33:27.620+0000] {dagbag.py:537} INFO - Filling up the DagBag from /home/airflow/.local/lib/python3.7/site-packages/airflow/example_dags/example_branch_operator.py
[2024-12-03T15:33:27.652+0000] {processor.py:766} INFO - DAG(s) dict_keys(['example_branch_operator']) retrieved from /home/airflow/.local/lib/python3.7/site-packages/airflow/example_dags/example_branch_operator.py
[2024-12-03T15:33:27.735+0000] {logging_mixin.py:120} INFO - [2024-12-03T15:33:27.735+0000] {dag.py:2585} INFO - Sync 1 DAGs
[2024-12-03T15:33:27.785+0000] {logging_mixin.py:120} INFO - [2024-12-03T15:33:27.784+0000] {dag.py:3340} INFO - Setting next_dagrun for example_branch_operator to 2024-12-02T00:00:00+00:00, run_after=2024-12-03T00:00:00+00:00
[2024-12-03T15:33:27.843+0000] {processor.py:176} INFO - Processing /home/airflow/.local/lib/python3.7/site-packages/airflow/example_dags/example_branch_operator.py took 0.232 seconds
[2024-12-03T15:33:58.085+0000] {processor.py:154} INFO - Started process (PID=1912) to work on /home/airflow/.local/lib/python3.7/site-packages/airflow/example_dags/example_branch_operator.py
[2024-12-03T15:33:58.087+0000] {processor.py:756} INFO - Processing file /home/airflow/.local/lib/python3.7/site-packages/airflow/example_dags/example_branch_operator.py for tasks to queue
[2024-12-03T15:33:58.089+0000] {logging_mixin.py:120} INFO - [2024-12-03T15:33:58.089+0000] {dagbag.py:537} INFO - Filling up the DagBag from /home/airflow/.local/lib/python3.7/site-packages/airflow/example_dags/example_branch_operator.py
[2024-12-03T15:33:58.128+0000] {processor.py:766} INFO - DAG(s) dict_keys(['example_branch_operator']) retrieved from /home/airflow/.local/lib/python3.7/site-packages/airflow/example_dags/example_branch_operator.py
[2024-12-03T15:33:58.218+0000] {logging_mixin.py:120} INFO - [2024-12-03T15:33:58.218+0000] {dag.py:2585} INFO - Sync 1 DAGs
[2024-12-03T15:33:58.279+0000] {logging_mixin.py:120} INFO - [2024-12-03T15:33:58.279+0000] {dag.py:3340} INFO - Setting next_dagrun for example_branch_operator to 2024-12-02T00:00:00+00:00, run_after=2024-12-03T00:00:00+00:00
[2024-12-03T15:33:58.321+0000] {processor.py:176} INFO - Processing /home/airflow/.local/lib/python3.7/site-packages/airflow/example_dags/example_branch_operator.py took 0.241 seconds
[2024-12-03T15:34:28.573+0000] {processor.py:154} INFO - Started process (PID=1976) to work on /home/airflow/.local/lib/python3.7/site-packages/airflow/example_dags/example_branch_operator.py
[2024-12-03T15:34:28.574+0000] {processor.py:756} INFO - Processing file /home/airflow/.local/lib/python3.7/site-packages/airflow/example_dags/example_branch_operator.py for tasks to queue
[2024-12-03T15:34:28.576+0000] {logging_mixin.py:120} INFO - [2024-12-03T15:34:28.576+0000] {dagbag.py:537} INFO - Filling up the DagBag from /home/airflow/.local/lib/python3.7/site-packages/airflow/example_dags/example_branch_operator.py
[2024-12-03T15:34:28.604+0000] {processor.py:766} INFO - DAG(s) dict_keys(['example_branch_operator']) retrieved from /home/airflow/.local/lib/python3.7/site-packages/airflow/example_dags/example_branch_operator.py
[2024-12-03T15:34:28.668+0000] {logging_mixin.py:120} INFO - [2024-12-03T15:34:28.667+0000] {dag.py:2585} INFO - Sync 1 DAGs
[2024-12-03T15:34:28.710+0000] {logging_mixin.py:120} INFO - [2024-12-03T15:34:28.709+0000] {dag.py:3340} INFO - Setting next_dagrun for example_branch_operator to 2024-12-02T00:00:00+00:00, run_after=2024-12-03T00:00:00+00:00
[2024-12-03T15:34:28.767+0000] {processor.py:176} INFO - Processing /home/airflow/.local/lib/python3.7/site-packages/airflow/example_dags/example_branch_operator.py took 0.198 seconds
[2024-12-03T15:34:59.135+0000] {processor.py:154} INFO - Started process (PID=2031) to work on /home/airflow/.local/lib/python3.7/site-packages/airflow/example_dags/example_branch_operator.py
[2024-12-03T15:34:59.137+0000] {processor.py:756} INFO - Processing file /home/airflow/.local/lib/python3.7/site-packages/airflow/example_dags/example_branch_operator.py for tasks to queue
[2024-12-03T15:34:59.139+0000] {logging_mixin.py:120} INFO - [2024-12-03T15:34:59.139+0000] {dagbag.py:537} INFO - Filling up the DagBag from /home/airflow/.local/lib/python3.7/site-packages/airflow/example_dags/example_branch_operator.py
[2024-12-03T15:34:59.174+0000] {processor.py:766} INFO - DAG(s) dict_keys(['example_branch_operator']) retrieved from /home/airflow/.local/lib/python3.7/site-packages/airflow/example_dags/example_branch_operator.py
[2024-12-03T15:34:59.261+0000] {logging_mixin.py:120} INFO - [2024-12-03T15:34:59.261+0000] {dag.py:2585} INFO - Sync 1 DAGs
[2024-12-03T15:34:59.327+0000] {logging_mixin.py:120} INFO - [2024-12-03T15:34:59.327+0000] {dag.py:3340} INFO - Setting next_dagrun for example_branch_operator to 2024-12-02T00:00:00+00:00, run_after=2024-12-03T00:00:00+00:00
[2024-12-03T15:34:59.384+0000] {processor.py:176} INFO - Processing /home/airflow/.local/lib/python3.7/site-packages/airflow/example_dags/example_branch_operator.py took 0.255 seconds
[2024-12-03T15:35:29.985+0000] {processor.py:154} INFO - Started process (PID=2094) to work on /home/airflow/.local/lib/python3.7/site-packages/airflow/example_dags/example_branch_operator.py
[2024-12-03T15:35:29.987+0000] {processor.py:756} INFO - Processing file /home/airflow/.local/lib/python3.7/site-packages/airflow/example_dags/example_branch_operator.py for tasks to queue
[2024-12-03T15:35:29.988+0000] {logging_mixin.py:120} INFO - [2024-12-03T15:35:29.988+0000] {dagbag.py:537} INFO - Filling up the DagBag from /home/airflow/.local/lib/python3.7/site-packages/airflow/example_dags/example_branch_operator.py
[2024-12-03T15:35:30.018+0000] {processor.py:766} INFO - DAG(s) dict_keys(['example_branch_operator']) retrieved from /home/airflow/.local/lib/python3.7/site-packages/airflow/example_dags/example_branch_operator.py
[2024-12-03T15:35:30.090+0000] {logging_mixin.py:120} INFO - [2024-12-03T15:35:30.090+0000] {dag.py:2585} INFO - Sync 1 DAGs
[2024-12-03T15:35:30.137+0000] {logging_mixin.py:120} INFO - [2024-12-03T15:35:30.137+0000] {dag.py:3340} INFO - Setting next_dagrun for example_branch_operator to 2024-12-02T00:00:00+00:00, run_after=2024-12-03T00:00:00+00:00
[2024-12-03T15:35:30.181+0000] {processor.py:176} INFO - Processing /home/airflow/.local/lib/python3.7/site-packages/airflow/example_dags/example_branch_operator.py took 0.201 seconds
[2024-12-03T15:36:00.511+0000] {processor.py:154} INFO - Started process (PID=2149) to work on /home/airflow/.local/lib/python3.7/site-packages/airflow/example_dags/example_branch_operator.py
[2024-12-03T15:36:00.513+0000] {processor.py:756} INFO - Processing file /home/airflow/.local/lib/python3.7/site-packages/airflow/example_dags/example_branch_operator.py for tasks to queue
[2024-12-03T15:36:00.516+0000] {logging_mixin.py:120} INFO - [2024-12-03T15:36:00.515+0000] {dagbag.py:537} INFO - Filling up the DagBag from /home/airflow/.local/lib/python3.7/site-packages/airflow/example_dags/example_branch_operator.py
[2024-12-03T15:36:00.545+0000] {processor.py:766} INFO - DAG(s) dict_keys(['example_branch_operator']) retrieved from /home/airflow/.local/lib/python3.7/site-packages/airflow/example_dags/example_branch_operator.py
[2024-12-03T15:36:00.653+0000] {logging_mixin.py:120} INFO - [2024-12-03T15:36:00.653+0000] {dag.py:2585} INFO - Sync 1 DAGs
[2024-12-03T15:36:00.710+0000] {logging_mixin.py:120} INFO - [2024-12-03T15:36:00.710+0000] {dag.py:3340} INFO - Setting next_dagrun for example_branch_operator to 2024-12-02T00:00:00+00:00, run_after=2024-12-03T00:00:00+00:00
[2024-12-03T15:36:00.767+0000] {processor.py:176} INFO - Processing /home/airflow/.local/lib/python3.7/site-packages/airflow/example_dags/example_branch_operator.py took 0.260 seconds
[2024-12-03T15:36:31.414+0000] {processor.py:154} INFO - Started process (PID=2214) to work on /home/airflow/.local/lib/python3.7/site-packages/airflow/example_dags/example_branch_operator.py
[2024-12-03T15:36:31.416+0000] {processor.py:756} INFO - Processing file /home/airflow/.local/lib/python3.7/site-packages/airflow/example_dags/example_branch_operator.py for tasks to queue
[2024-12-03T15:36:31.418+0000] {logging_mixin.py:120} INFO - [2024-12-03T15:36:31.418+0000] {dagbag.py:537} INFO - Filling up the DagBag from /home/airflow/.local/lib/python3.7/site-packages/airflow/example_dags/example_branch_operator.py
[2024-12-03T15:36:31.451+0000] {processor.py:766} INFO - DAG(s) dict_keys(['example_branch_operator']) retrieved from /home/airflow/.local/lib/python3.7/site-packages/airflow/example_dags/example_branch_operator.py
[2024-12-03T15:36:31.751+0000] {logging_mixin.py:120} INFO - [2024-12-03T15:36:31.750+0000] {dag.py:2585} INFO - Sync 1 DAGs
[2024-12-03T15:36:31.855+0000] {logging_mixin.py:120} INFO - [2024-12-03T15:36:31.854+0000] {dag.py:3340} INFO - Setting next_dagrun for example_branch_operator to 2024-12-02T00:00:00+00:00, run_after=2024-12-03T00:00:00+00:00
[2024-12-03T15:36:31.911+0000] {processor.py:176} INFO - Processing /home/airflow/.local/lib/python3.7/site-packages/airflow/example_dags/example_branch_operator.py took 0.505 seconds
[2024-12-03T15:37:02.259+0000] {processor.py:154} INFO - Started process (PID=2270) to work on /home/airflow/.local/lib/python3.7/site-packages/airflow/example_dags/example_branch_operator.py
[2024-12-03T15:37:02.260+0000] {processor.py:756} INFO - Processing file /home/airflow/.local/lib/python3.7/site-packages/airflow/example_dags/example_branch_operator.py for tasks to queue
[2024-12-03T15:37:02.262+0000] {logging_mixin.py:120} INFO - [2024-12-03T15:37:02.262+0000] {dagbag.py:537} INFO - Filling up the DagBag from /home/airflow/.local/lib/python3.7/site-packages/airflow/example_dags/example_branch_operator.py
[2024-12-03T15:37:02.294+0000] {processor.py:766} INFO - DAG(s) dict_keys(['example_branch_operator']) retrieved from /home/airflow/.local/lib/python3.7/site-packages/airflow/example_dags/example_branch_operator.py
[2024-12-03T15:37:02.385+0000] {logging_mixin.py:120} INFO - [2024-12-03T15:37:02.385+0000] {dag.py:2585} INFO - Sync 1 DAGs
[2024-12-03T15:37:02.443+0000] {logging_mixin.py:120} INFO - [2024-12-03T15:37:02.442+0000] {dag.py:3340} INFO - Setting next_dagrun for example_branch_operator to 2024-12-02T00:00:00+00:00, run_after=2024-12-03T00:00:00+00:00
[2024-12-03T15:37:02.496+0000] {processor.py:176} INFO - Processing /home/airflow/.local/lib/python3.7/site-packages/airflow/example_dags/example_branch_operator.py took 0.243 seconds
[2024-12-03T15:37:32.817+0000] {processor.py:154} INFO - Started process (PID=2326) to work on /home/airflow/.local/lib/python3.7/site-packages/airflow/example_dags/example_branch_operator.py
[2024-12-03T15:37:32.819+0000] {processor.py:756} INFO - Processing file /home/airflow/.local/lib/python3.7/site-packages/airflow/example_dags/example_branch_operator.py for tasks to queue
[2024-12-03T15:37:32.820+0000] {logging_mixin.py:120} INFO - [2024-12-03T15:37:32.820+0000] {dagbag.py:537} INFO - Filling up the DagBag from /home/airflow/.local/lib/python3.7/site-packages/airflow/example_dags/example_branch_operator.py
[2024-12-03T15:37:32.857+0000] {processor.py:766} INFO - DAG(s) dict_keys(['example_branch_operator']) retrieved from /home/airflow/.local/lib/python3.7/site-packages/airflow/example_dags/example_branch_operator.py
[2024-12-03T15:37:32.959+0000] {logging_mixin.py:120} INFO - [2024-12-03T15:37:32.959+0000] {dag.py:2585} INFO - Sync 1 DAGs
[2024-12-03T15:37:33.022+0000] {logging_mixin.py:120} INFO - [2024-12-03T15:37:33.022+0000] {dag.py:3340} INFO - Setting next_dagrun for example_branch_operator to 2024-12-02T00:00:00+00:00, run_after=2024-12-03T00:00:00+00:00
[2024-12-03T15:37:33.075+0000] {processor.py:176} INFO - Processing /home/airflow/.local/lib/python3.7/site-packages/airflow/example_dags/example_branch_operator.py took 0.264 seconds
[2024-12-03T15:38:03.541+0000] {processor.py:154} INFO - Started process (PID=2389) to work on /home/airflow/.local/lib/python3.7/site-packages/airflow/example_dags/example_branch_operator.py
[2024-12-03T15:38:03.543+0000] {processor.py:756} INFO - Processing file /home/airflow/.local/lib/python3.7/site-packages/airflow/example_dags/example_branch_operator.py for tasks to queue
[2024-12-03T15:38:03.546+0000] {logging_mixin.py:120} INFO - [2024-12-03T15:38:03.546+0000] {dagbag.py:537} INFO - Filling up the DagBag from /home/airflow/.local/lib/python3.7/site-packages/airflow/example_dags/example_branch_operator.py
[2024-12-03T15:38:03.623+0000] {processor.py:766} INFO - DAG(s) dict_keys(['example_branch_operator']) retrieved from /home/airflow/.local/lib/python3.7/site-packages/airflow/example_dags/example_branch_operator.py
[2024-12-03T15:38:03.748+0000] {logging_mixin.py:120} INFO - [2024-12-03T15:38:03.748+0000] {dag.py:2585} INFO - Sync 1 DAGs
[2024-12-03T15:38:03.815+0000] {logging_mixin.py:120} INFO - [2024-12-03T15:38:03.815+0000] {dag.py:3340} INFO - Setting next_dagrun for example_branch_operator to 2024-12-02T00:00:00+00:00, run_after=2024-12-03T00:00:00+00:00
[2024-12-03T15:38:03.859+0000] {processor.py:176} INFO - Processing /home/airflow/.local/lib/python3.7/site-packages/airflow/example_dags/example_branch_operator.py took 0.325 seconds
[2024-12-03T15:38:34.023+0000] {processor.py:154} INFO - Started process (PID=2444) to work on /home/airflow/.local/lib/python3.7/site-packages/airflow/example_dags/example_branch_operator.py
[2024-12-03T15:38:34.026+0000] {processor.py:756} INFO - Processing file /home/airflow/.local/lib/python3.7/site-packages/airflow/example_dags/example_branch_operator.py for tasks to queue
[2024-12-03T15:38:34.027+0000] {logging_mixin.py:120} INFO - [2024-12-03T15:38:34.027+0000] {dagbag.py:537} INFO - Filling up the DagBag from /home/airflow/.local/lib/python3.7/site-packages/airflow/example_dags/example_branch_operator.py
[2024-12-03T15:38:34.054+0000] {processor.py:766} INFO - DAG(s) dict_keys(['example_branch_operator']) retrieved from /home/airflow/.local/lib/python3.7/site-packages/airflow/example_dags/example_branch_operator.py
[2024-12-03T15:38:34.142+0000] {logging_mixin.py:120} INFO - [2024-12-03T15:38:34.142+0000] {dag.py:2585} INFO - Sync 1 DAGs
[2024-12-03T15:38:34.202+0000] {logging_mixin.py:120} INFO - [2024-12-03T15:38:34.201+0000] {dag.py:3340} INFO - Setting next_dagrun for example_branch_operator to 2024-12-02T00:00:00+00:00, run_after=2024-12-03T00:00:00+00:00
[2024-12-03T15:38:34.250+0000] {processor.py:176} INFO - Processing /home/airflow/.local/lib/python3.7/site-packages/airflow/example_dags/example_branch_operator.py took 0.232 seconds
[2024-12-03T15:39:04.577+0000] {processor.py:154} INFO - Started process (PID=2508) to work on /home/airflow/.local/lib/python3.7/site-packages/airflow/example_dags/example_branch_operator.py
[2024-12-03T15:39:04.578+0000] {processor.py:756} INFO - Processing file /home/airflow/.local/lib/python3.7/site-packages/airflow/example_dags/example_branch_operator.py for tasks to queue
[2024-12-03T15:39:04.580+0000] {logging_mixin.py:120} INFO - [2024-12-03T15:39:04.580+0000] {dagbag.py:537} INFO - Filling up the DagBag from /home/airflow/.local/lib/python3.7/site-packages/airflow/example_dags/example_branch_operator.py
[2024-12-03T15:39:04.602+0000] {processor.py:766} INFO - DAG(s) dict_keys(['example_branch_operator']) retrieved from /home/airflow/.local/lib/python3.7/site-packages/airflow/example_dags/example_branch_operator.py
[2024-12-03T15:39:04.676+0000] {logging_mixin.py:120} INFO - [2024-12-03T15:39:04.676+0000] {dag.py:2585} INFO - Sync 1 DAGs
[2024-12-03T15:39:04.719+0000] {logging_mixin.py:120} INFO - [2024-12-03T15:39:04.718+0000] {dag.py:3340} INFO - Setting next_dagrun for example_branch_operator to 2024-12-02T00:00:00+00:00, run_after=2024-12-03T00:00:00+00:00
[2024-12-03T15:39:04.754+0000] {processor.py:176} INFO - Processing /home/airflow/.local/lib/python3.7/site-packages/airflow/example_dags/example_branch_operator.py took 0.181 seconds
[2024-12-03T15:39:34.943+0000] {processor.py:154} INFO - Started process (PID=2563) to work on /home/airflow/.local/lib/python3.7/site-packages/airflow/example_dags/example_branch_operator.py
[2024-12-03T15:39:34.945+0000] {processor.py:756} INFO - Processing file /home/airflow/.local/lib/python3.7/site-packages/airflow/example_dags/example_branch_operator.py for tasks to queue
[2024-12-03T15:39:34.947+0000] {logging_mixin.py:120} INFO - [2024-12-03T15:39:34.947+0000] {dagbag.py:537} INFO - Filling up the DagBag from /home/airflow/.local/lib/python3.7/site-packages/airflow/example_dags/example_branch_operator.py
[2024-12-03T15:39:34.987+0000] {processor.py:766} INFO - DAG(s) dict_keys(['example_branch_operator']) retrieved from /home/airflow/.local/lib/python3.7/site-packages/airflow/example_dags/example_branch_operator.py
[2024-12-03T15:39:35.072+0000] {logging_mixin.py:120} INFO - [2024-12-03T15:39:35.072+0000] {dag.py:2585} INFO - Sync 1 DAGs
[2024-12-03T15:39:35.123+0000] {logging_mixin.py:120} INFO - [2024-12-03T15:39:35.123+0000] {dag.py:3340} INFO - Setting next_dagrun for example_branch_operator to 2024-12-02T00:00:00+00:00, run_after=2024-12-03T00:00:00+00:00
[2024-12-03T15:39:35.168+0000] {processor.py:176} INFO - Processing /home/airflow/.local/lib/python3.7/site-packages/airflow/example_dags/example_branch_operator.py took 0.234 seconds
[2024-12-03T15:40:05.359+0000] {processor.py:154} INFO - Started process (PID=2627) to work on /home/airflow/.local/lib/python3.7/site-packages/airflow/example_dags/example_branch_operator.py
[2024-12-03T15:40:05.361+0000] {processor.py:756} INFO - Processing file /home/airflow/.local/lib/python3.7/site-packages/airflow/example_dags/example_branch_operator.py for tasks to queue
[2024-12-03T15:40:05.363+0000] {logging_mixin.py:120} INFO - [2024-12-03T15:40:05.363+0000] {dagbag.py:537} INFO - Filling up the DagBag from /home/airflow/.local/lib/python3.7/site-packages/airflow/example_dags/example_branch_operator.py
[2024-12-03T15:40:05.397+0000] {processor.py:766} INFO - DAG(s) dict_keys(['example_branch_operator']) retrieved from /home/airflow/.local/lib/python3.7/site-packages/airflow/example_dags/example_branch_operator.py
[2024-12-03T15:40:05.490+0000] {logging_mixin.py:120} INFO - [2024-12-03T15:40:05.490+0000] {dag.py:2585} INFO - Sync 1 DAGs
[2024-12-03T15:40:05.548+0000] {logging_mixin.py:120} INFO - [2024-12-03T15:40:05.548+0000] {dag.py:3340} INFO - Setting next_dagrun for example_branch_operator to 2024-12-02T00:00:00+00:00, run_after=2024-12-03T00:00:00+00:00
[2024-12-03T15:40:05.600+0000] {processor.py:176} INFO - Processing /home/airflow/.local/lib/python3.7/site-packages/airflow/example_dags/example_branch_operator.py took 0.247 seconds
[2024-12-03T15:40:36.078+0000] {processor.py:154} INFO - Started process (PID=2682) to work on /home/airflow/.local/lib/python3.7/site-packages/airflow/example_dags/example_branch_operator.py
[2024-12-03T15:40:36.080+0000] {processor.py:756} INFO - Processing file /home/airflow/.local/lib/python3.7/site-packages/airflow/example_dags/example_branch_operator.py for tasks to queue
[2024-12-03T15:40:36.081+0000] {logging_mixin.py:120} INFO - [2024-12-03T15:40:36.081+0000] {dagbag.py:537} INFO - Filling up the DagBag from /home/airflow/.local/lib/python3.7/site-packages/airflow/example_dags/example_branch_operator.py
[2024-12-03T15:40:36.107+0000] {processor.py:766} INFO - DAG(s) dict_keys(['example_branch_operator']) retrieved from /home/airflow/.local/lib/python3.7/site-packages/airflow/example_dags/example_branch_operator.py
[2024-12-03T15:40:36.175+0000] {logging_mixin.py:120} INFO - [2024-12-03T15:40:36.175+0000] {dag.py:2585} INFO - Sync 1 DAGs
[2024-12-03T15:40:36.225+0000] {logging_mixin.py:120} INFO - [2024-12-03T15:40:36.225+0000] {dag.py:3340} INFO - Setting next_dagrun for example_branch_operator to 2024-12-02T00:00:00+00:00, run_after=2024-12-03T00:00:00+00:00
[2024-12-03T15:40:36.264+0000] {processor.py:176} INFO - Processing /home/airflow/.local/lib/python3.7/site-packages/airflow/example_dags/example_branch_operator.py took 0.190 seconds
[2024-12-03T15:41:06.975+0000] {processor.py:154} INFO - Started process (PID=2746) to work on /home/airflow/.local/lib/python3.7/site-packages/airflow/example_dags/example_branch_operator.py
[2024-12-03T15:41:06.976+0000] {processor.py:756} INFO - Processing file /home/airflow/.local/lib/python3.7/site-packages/airflow/example_dags/example_branch_operator.py for tasks to queue
[2024-12-03T15:41:06.978+0000] {logging_mixin.py:120} INFO - [2024-12-03T15:41:06.978+0000] {dagbag.py:537} INFO - Filling up the DagBag from /home/airflow/.local/lib/python3.7/site-packages/airflow/example_dags/example_branch_operator.py
[2024-12-03T15:41:07.014+0000] {processor.py:766} INFO - DAG(s) dict_keys(['example_branch_operator']) retrieved from /home/airflow/.local/lib/python3.7/site-packages/airflow/example_dags/example_branch_operator.py
[2024-12-03T15:41:07.134+0000] {logging_mixin.py:120} INFO - [2024-12-03T15:41:07.133+0000] {dag.py:2585} INFO - Sync 1 DAGs
[2024-12-03T15:41:07.189+0000] {logging_mixin.py:120} INFO - [2024-12-03T15:41:07.189+0000] {dag.py:3340} INFO - Setting next_dagrun for example_branch_operator to 2024-12-02T00:00:00+00:00, run_after=2024-12-03T00:00:00+00:00
[2024-12-03T15:41:07.232+0000] {processor.py:176} INFO - Processing /home/airflow/.local/lib/python3.7/site-packages/airflow/example_dags/example_branch_operator.py took 0.262 seconds
[2024-12-03T15:41:37.612+0000] {processor.py:154} INFO - Started process (PID=2801) to work on /home/airflow/.local/lib/python3.7/site-packages/airflow/example_dags/example_branch_operator.py
[2024-12-03T15:41:37.614+0000] {processor.py:756} INFO - Processing file /home/airflow/.local/lib/python3.7/site-packages/airflow/example_dags/example_branch_operator.py for tasks to queue
[2024-12-03T15:41:37.615+0000] {logging_mixin.py:120} INFO - [2024-12-03T15:41:37.615+0000] {dagbag.py:537} INFO - Filling up the DagBag from /home/airflow/.local/lib/python3.7/site-packages/airflow/example_dags/example_branch_operator.py
[2024-12-03T15:41:37.649+0000] {processor.py:766} INFO - DAG(s) dict_keys(['example_branch_operator']) retrieved from /home/airflow/.local/lib/python3.7/site-packages/airflow/example_dags/example_branch_operator.py
[2024-12-03T15:41:37.725+0000] {logging_mixin.py:120} INFO - [2024-12-03T15:41:37.724+0000] {dag.py:2585} INFO - Sync 1 DAGs
[2024-12-03T15:41:37.769+0000] {logging_mixin.py:120} INFO - [2024-12-03T15:41:37.769+0000] {dag.py:3340} INFO - Setting next_dagrun for example_branch_operator to 2024-12-02T00:00:00+00:00, run_after=2024-12-03T00:00:00+00:00
[2024-12-03T15:41:37.824+0000] {processor.py:176} INFO - Processing /home/airflow/.local/lib/python3.7/site-packages/airflow/example_dags/example_branch_operator.py took 0.217 seconds
[2024-12-03T15:42:08.133+0000] {processor.py:154} INFO - Started process (PID=2865) to work on /home/airflow/.local/lib/python3.7/site-packages/airflow/example_dags/example_branch_operator.py
[2024-12-03T15:42:08.135+0000] {processor.py:756} INFO - Processing file /home/airflow/.local/lib/python3.7/site-packages/airflow/example_dags/example_branch_operator.py for tasks to queue
[2024-12-03T15:42:08.138+0000] {logging_mixin.py:120} INFO - [2024-12-03T15:42:08.137+0000] {dagbag.py:537} INFO - Filling up the DagBag from /home/airflow/.local/lib/python3.7/site-packages/airflow/example_dags/example_branch_operator.py
[2024-12-03T15:42:08.170+0000] {processor.py:766} INFO - DAG(s) dict_keys(['example_branch_operator']) retrieved from /home/airflow/.local/lib/python3.7/site-packages/airflow/example_dags/example_branch_operator.py
[2024-12-03T15:42:08.281+0000] {logging_mixin.py:120} INFO - [2024-12-03T15:42:08.281+0000] {dag.py:2585} INFO - Sync 1 DAGs
[2024-12-03T15:42:08.366+0000] {logging_mixin.py:120} INFO - [2024-12-03T15:42:08.366+0000] {dag.py:3340} INFO - Setting next_dagrun for example_branch_operator to 2024-12-02T00:00:00+00:00, run_after=2024-12-03T00:00:00+00:00
[2024-12-03T15:42:08.416+0000] {processor.py:176} INFO - Processing /home/airflow/.local/lib/python3.7/site-packages/airflow/example_dags/example_branch_operator.py took 0.289 seconds
[2024-12-03T15:42:39.488+0000] {processor.py:154} INFO - Started process (PID=2920) to work on /home/airflow/.local/lib/python3.7/site-packages/airflow/example_dags/example_branch_operator.py
[2024-12-03T15:42:39.491+0000] {processor.py:756} INFO - Processing file /home/airflow/.local/lib/python3.7/site-packages/airflow/example_dags/example_branch_operator.py for tasks to queue
[2024-12-03T15:42:39.494+0000] {logging_mixin.py:120} INFO - [2024-12-03T15:42:39.494+0000] {dagbag.py:537} INFO - Filling up the DagBag from /home/airflow/.local/lib/python3.7/site-packages/airflow/example_dags/example_branch_operator.py
[2024-12-03T15:42:39.546+0000] {processor.py:766} INFO - DAG(s) dict_keys(['example_branch_operator']) retrieved from /home/airflow/.local/lib/python3.7/site-packages/airflow/example_dags/example_branch_operator.py
[2024-12-03T15:42:39.644+0000] {logging_mixin.py:120} INFO - [2024-12-03T15:42:39.644+0000] {dag.py:2585} INFO - Sync 1 DAGs
[2024-12-03T15:42:39.715+0000] {logging_mixin.py:120} INFO - [2024-12-03T15:42:39.715+0000] {dag.py:3340} INFO - Setting next_dagrun for example_branch_operator to 2024-12-02T00:00:00+00:00, run_after=2024-12-03T00:00:00+00:00
[2024-12-03T15:42:39.780+0000] {processor.py:176} INFO - Processing /home/airflow/.local/lib/python3.7/site-packages/airflow/example_dags/example_branch_operator.py took 0.299 seconds
[2024-12-03T15:43:10.811+0000] {processor.py:154} INFO - Started process (PID=2985) to work on /home/airflow/.local/lib/python3.7/site-packages/airflow/example_dags/example_branch_operator.py
[2024-12-03T15:43:10.813+0000] {processor.py:756} INFO - Processing file /home/airflow/.local/lib/python3.7/site-packages/airflow/example_dags/example_branch_operator.py for tasks to queue
[2024-12-03T15:43:10.814+0000] {logging_mixin.py:120} INFO - [2024-12-03T15:43:10.814+0000] {dagbag.py:537} INFO - Filling up the DagBag from /home/airflow/.local/lib/python3.7/site-packages/airflow/example_dags/example_branch_operator.py
[2024-12-03T15:43:10.837+0000] {processor.py:766} INFO - DAG(s) dict_keys(['example_branch_operator']) retrieved from /home/airflow/.local/lib/python3.7/site-packages/airflow/example_dags/example_branch_operator.py
[2024-12-03T15:43:10.903+0000] {logging_mixin.py:120} INFO - [2024-12-03T15:43:10.902+0000] {dag.py:2585} INFO - Sync 1 DAGs
[2024-12-03T15:43:10.945+0000] {logging_mixin.py:120} INFO - [2024-12-03T15:43:10.945+0000] {dag.py:3340} INFO - Setting next_dagrun for example_branch_operator to 2024-12-02T00:00:00+00:00, run_after=2024-12-03T00:00:00+00:00
[2024-12-03T15:43:10.987+0000] {processor.py:176} INFO - Processing /home/airflow/.local/lib/python3.7/site-packages/airflow/example_dags/example_branch_operator.py took 0.181 seconds
[2024-12-03T15:43:41.198+0000] {processor.py:154} INFO - Started process (PID=3040) to work on /home/airflow/.local/lib/python3.7/site-packages/airflow/example_dags/example_branch_operator.py
[2024-12-03T15:43:41.200+0000] {processor.py:756} INFO - Processing file /home/airflow/.local/lib/python3.7/site-packages/airflow/example_dags/example_branch_operator.py for tasks to queue
[2024-12-03T15:43:41.202+0000] {logging_mixin.py:120} INFO - [2024-12-03T15:43:41.202+0000] {dagbag.py:537} INFO - Filling up the DagBag from /home/airflow/.local/lib/python3.7/site-packages/airflow/example_dags/example_branch_operator.py
[2024-12-03T15:43:41.230+0000] {processor.py:766} INFO - DAG(s) dict_keys(['example_branch_operator']) retrieved from /home/airflow/.local/lib/python3.7/site-packages/airflow/example_dags/example_branch_operator.py
[2024-12-03T15:43:41.291+0000] {logging_mixin.py:120} INFO - [2024-12-03T15:43:41.291+0000] {dag.py:2585} INFO - Sync 1 DAGs
[2024-12-03T15:43:41.323+0000] {logging_mixin.py:120} INFO - [2024-12-03T15:43:41.323+0000] {dag.py:3340} INFO - Setting next_dagrun for example_branch_operator to 2024-12-02T00:00:00+00:00, run_after=2024-12-03T00:00:00+00:00
[2024-12-03T15:43:41.362+0000] {processor.py:176} INFO - Processing /home/airflow/.local/lib/python3.7/site-packages/airflow/example_dags/example_branch_operator.py took 0.168 seconds
[2024-12-03T15:44:12.178+0000] {processor.py:154} INFO - Started process (PID=3104) to work on /home/airflow/.local/lib/python3.7/site-packages/airflow/example_dags/example_branch_operator.py
[2024-12-03T15:44:12.181+0000] {processor.py:756} INFO - Processing file /home/airflow/.local/lib/python3.7/site-packages/airflow/example_dags/example_branch_operator.py for tasks to queue
[2024-12-03T15:44:12.183+0000] {logging_mixin.py:120} INFO - [2024-12-03T15:44:12.183+0000] {dagbag.py:537} INFO - Filling up the DagBag from /home/airflow/.local/lib/python3.7/site-packages/airflow/example_dags/example_branch_operator.py
[2024-12-03T15:44:12.223+0000] {processor.py:766} INFO - DAG(s) dict_keys(['example_branch_operator']) retrieved from /home/airflow/.local/lib/python3.7/site-packages/airflow/example_dags/example_branch_operator.py
[2024-12-03T15:44:12.315+0000] {logging_mixin.py:120} INFO - [2024-12-03T15:44:12.315+0000] {dag.py:2585} INFO - Sync 1 DAGs
[2024-12-03T15:44:12.372+0000] {logging_mixin.py:120} INFO - [2024-12-03T15:44:12.372+0000] {dag.py:3340} INFO - Setting next_dagrun for example_branch_operator to 2024-12-02T00:00:00+00:00, run_after=2024-12-03T00:00:00+00:00
[2024-12-03T15:44:12.417+0000] {processor.py:176} INFO - Processing /home/airflow/.local/lib/python3.7/site-packages/airflow/example_dags/example_branch_operator.py took 0.246 seconds
[2024-12-03T15:44:43.185+0000] {processor.py:154} INFO - Started process (PID=3159) to work on /home/airflow/.local/lib/python3.7/site-packages/airflow/example_dags/example_branch_operator.py
[2024-12-03T15:44:43.186+0000] {processor.py:756} INFO - Processing file /home/airflow/.local/lib/python3.7/site-packages/airflow/example_dags/example_branch_operator.py for tasks to queue
[2024-12-03T15:44:43.188+0000] {logging_mixin.py:120} INFO - [2024-12-03T15:44:43.187+0000] {dagbag.py:537} INFO - Filling up the DagBag from /home/airflow/.local/lib/python3.7/site-packages/airflow/example_dags/example_branch_operator.py
[2024-12-03T15:44:43.216+0000] {processor.py:766} INFO - DAG(s) dict_keys(['example_branch_operator']) retrieved from /home/airflow/.local/lib/python3.7/site-packages/airflow/example_dags/example_branch_operator.py
[2024-12-03T15:44:43.279+0000] {logging_mixin.py:120} INFO - [2024-12-03T15:44:43.278+0000] {dag.py:2585} INFO - Sync 1 DAGs
[2024-12-03T15:44:43.326+0000] {logging_mixin.py:120} INFO - [2024-12-03T15:44:43.326+0000] {dag.py:3340} INFO - Setting next_dagrun for example_branch_operator to 2024-12-02T00:00:00+00:00, run_after=2024-12-03T00:00:00+00:00
[2024-12-03T15:44:43.371+0000] {processor.py:176} INFO - Processing /home/airflow/.local/lib/python3.7/site-packages/airflow/example_dags/example_branch_operator.py took 0.190 seconds
[2024-12-03T15:45:13.612+0000] {processor.py:154} INFO - Started process (PID=3214) to work on /home/airflow/.local/lib/python3.7/site-packages/airflow/example_dags/example_branch_operator.py
[2024-12-03T15:45:13.614+0000] {processor.py:756} INFO - Processing file /home/airflow/.local/lib/python3.7/site-packages/airflow/example_dags/example_branch_operator.py for tasks to queue
[2024-12-03T15:45:13.615+0000] {logging_mixin.py:120} INFO - [2024-12-03T15:45:13.615+0000] {dagbag.py:537} INFO - Filling up the DagBag from /home/airflow/.local/lib/python3.7/site-packages/airflow/example_dags/example_branch_operator.py
[2024-12-03T15:45:13.639+0000] {processor.py:766} INFO - DAG(s) dict_keys(['example_branch_operator']) retrieved from /home/airflow/.local/lib/python3.7/site-packages/airflow/example_dags/example_branch_operator.py
[2024-12-03T15:45:13.698+0000] {logging_mixin.py:120} INFO - [2024-12-03T15:45:13.698+0000] {dag.py:2585} INFO - Sync 1 DAGs
[2024-12-03T15:45:13.740+0000] {logging_mixin.py:120} INFO - [2024-12-03T15:45:13.739+0000] {dag.py:3340} INFO - Setting next_dagrun for example_branch_operator to 2024-12-02T00:00:00+00:00, run_after=2024-12-03T00:00:00+00:00
[2024-12-03T15:45:13.776+0000] {processor.py:176} INFO - Processing /home/airflow/.local/lib/python3.7/site-packages/airflow/example_dags/example_branch_operator.py took 0.171 seconds
[2024-12-03T15:45:44.174+0000] {processor.py:154} INFO - Started process (PID=3278) to work on /home/airflow/.local/lib/python3.7/site-packages/airflow/example_dags/example_branch_operator.py
[2024-12-03T15:45:44.176+0000] {processor.py:756} INFO - Processing file /home/airflow/.local/lib/python3.7/site-packages/airflow/example_dags/example_branch_operator.py for tasks to queue
[2024-12-03T15:45:44.178+0000] {logging_mixin.py:120} INFO - [2024-12-03T15:45:44.178+0000] {dagbag.py:537} INFO - Filling up the DagBag from /home/airflow/.local/lib/python3.7/site-packages/airflow/example_dags/example_branch_operator.py
[2024-12-03T15:45:44.220+0000] {processor.py:766} INFO - DAG(s) dict_keys(['example_branch_operator']) retrieved from /home/airflow/.local/lib/python3.7/site-packages/airflow/example_dags/example_branch_operator.py
[2024-12-03T15:45:44.310+0000] {logging_mixin.py:120} INFO - [2024-12-03T15:45:44.310+0000] {dag.py:2585} INFO - Sync 1 DAGs
[2024-12-03T15:45:44.350+0000] {logging_mixin.py:120} INFO - [2024-12-03T15:45:44.350+0000] {dag.py:3340} INFO - Setting next_dagrun for example_branch_operator to 2024-12-02T00:00:00+00:00, run_after=2024-12-03T00:00:00+00:00
[2024-12-03T15:45:44.386+0000] {processor.py:176} INFO - Processing /home/airflow/.local/lib/python3.7/site-packages/airflow/example_dags/example_branch_operator.py took 0.215 seconds
[2024-12-03T15:46:14.964+0000] {processor.py:154} INFO - Started process (PID=3333) to work on /home/airflow/.local/lib/python3.7/site-packages/airflow/example_dags/example_branch_operator.py
[2024-12-03T15:46:14.966+0000] {processor.py:756} INFO - Processing file /home/airflow/.local/lib/python3.7/site-packages/airflow/example_dags/example_branch_operator.py for tasks to queue
[2024-12-03T15:46:14.968+0000] {logging_mixin.py:120} INFO - [2024-12-03T15:46:14.968+0000] {dagbag.py:537} INFO - Filling up the DagBag from /home/airflow/.local/lib/python3.7/site-packages/airflow/example_dags/example_branch_operator.py
[2024-12-03T15:46:15.003+0000] {processor.py:766} INFO - DAG(s) dict_keys(['example_branch_operator']) retrieved from /home/airflow/.local/lib/python3.7/site-packages/airflow/example_dags/example_branch_operator.py
[2024-12-03T15:46:15.082+0000] {logging_mixin.py:120} INFO - [2024-12-03T15:46:15.082+0000] {dag.py:2585} INFO - Sync 1 DAGs
[2024-12-03T15:46:15.136+0000] {logging_mixin.py:120} INFO - [2024-12-03T15:46:15.136+0000] {dag.py:3340} INFO - Setting next_dagrun for example_branch_operator to 2024-12-02T00:00:00+00:00, run_after=2024-12-03T00:00:00+00:00
[2024-12-03T15:46:15.200+0000] {processor.py:176} INFO - Processing /home/airflow/.local/lib/python3.7/site-packages/airflow/example_dags/example_branch_operator.py took 0.240 seconds
[2024-12-03T15:46:45.808+0000] {processor.py:154} INFO - Started process (PID=3398) to work on /home/airflow/.local/lib/python3.7/site-packages/airflow/example_dags/example_branch_operator.py
[2024-12-03T15:46:45.811+0000] {processor.py:756} INFO - Processing file /home/airflow/.local/lib/python3.7/site-packages/airflow/example_dags/example_branch_operator.py for tasks to queue
[2024-12-03T15:46:45.813+0000] {logging_mixin.py:120} INFO - [2024-12-03T15:46:45.813+0000] {dagbag.py:537} INFO - Filling up the DagBag from /home/airflow/.local/lib/python3.7/site-packages/airflow/example_dags/example_branch_operator.py
[2024-12-03T15:46:45.846+0000] {processor.py:766} INFO - DAG(s) dict_keys(['example_branch_operator']) retrieved from /home/airflow/.local/lib/python3.7/site-packages/airflow/example_dags/example_branch_operator.py
[2024-12-03T15:46:45.925+0000] {logging_mixin.py:120} INFO - [2024-12-03T15:46:45.925+0000] {dag.py:2585} INFO - Sync 1 DAGs
[2024-12-03T15:46:45.985+0000] {logging_mixin.py:120} INFO - [2024-12-03T15:46:45.985+0000] {dag.py:3340} INFO - Setting next_dagrun for example_branch_operator to 2024-12-02T00:00:00+00:00, run_after=2024-12-03T00:00:00+00:00
[2024-12-03T15:46:46.035+0000] {processor.py:176} INFO - Processing /home/airflow/.local/lib/python3.7/site-packages/airflow/example_dags/example_branch_operator.py took 0.233 seconds
[2024-12-03T15:47:16.966+0000] {processor.py:154} INFO - Started process (PID=3453) to work on /home/airflow/.local/lib/python3.7/site-packages/airflow/example_dags/example_branch_operator.py
[2024-12-03T15:47:16.968+0000] {processor.py:756} INFO - Processing file /home/airflow/.local/lib/python3.7/site-packages/airflow/example_dags/example_branch_operator.py for tasks to queue
[2024-12-03T15:47:16.970+0000] {logging_mixin.py:120} INFO - [2024-12-03T15:47:16.969+0000] {dagbag.py:537} INFO - Filling up the DagBag from /home/airflow/.local/lib/python3.7/site-packages/airflow/example_dags/example_branch_operator.py
[2024-12-03T15:47:16.994+0000] {processor.py:766} INFO - DAG(s) dict_keys(['example_branch_operator']) retrieved from /home/airflow/.local/lib/python3.7/site-packages/airflow/example_dags/example_branch_operator.py
[2024-12-03T15:47:17.068+0000] {logging_mixin.py:120} INFO - [2024-12-03T15:47:17.067+0000] {dag.py:2585} INFO - Sync 1 DAGs
[2024-12-03T15:47:17.119+0000] {logging_mixin.py:120} INFO - [2024-12-03T15:47:17.119+0000] {dag.py:3340} INFO - Setting next_dagrun for example_branch_operator to 2024-12-02T00:00:00+00:00, run_after=2024-12-03T00:00:00+00:00
[2024-12-03T15:47:17.183+0000] {processor.py:176} INFO - Processing /home/airflow/.local/lib/python3.7/site-packages/airflow/example_dags/example_branch_operator.py took 0.223 seconds
[2024-12-03T15:47:47.792+0000] {processor.py:154} INFO - Started process (PID=3517) to work on /home/airflow/.local/lib/python3.7/site-packages/airflow/example_dags/example_branch_operator.py
[2024-12-03T15:47:47.794+0000] {processor.py:756} INFO - Processing file /home/airflow/.local/lib/python3.7/site-packages/airflow/example_dags/example_branch_operator.py for tasks to queue
[2024-12-03T15:47:47.796+0000] {logging_mixin.py:120} INFO - [2024-12-03T15:47:47.796+0000] {dagbag.py:537} INFO - Filling up the DagBag from /home/airflow/.local/lib/python3.7/site-packages/airflow/example_dags/example_branch_operator.py
[2024-12-03T15:47:47.843+0000] {processor.py:766} INFO - DAG(s) dict_keys(['example_branch_operator']) retrieved from /home/airflow/.local/lib/python3.7/site-packages/airflow/example_dags/example_branch_operator.py
[2024-12-03T15:47:47.931+0000] {logging_mixin.py:120} INFO - [2024-12-03T15:47:47.930+0000] {dag.py:2585} INFO - Sync 1 DAGs
[2024-12-03T15:47:48.001+0000] {logging_mixin.py:120} INFO - [2024-12-03T15:47:48.001+0000] {dag.py:3340} INFO - Setting next_dagrun for example_branch_operator to 2024-12-02T00:00:00+00:00, run_after=2024-12-03T00:00:00+00:00
[2024-12-03T15:47:48.049+0000] {processor.py:176} INFO - Processing /home/airflow/.local/lib/python3.7/site-packages/airflow/example_dags/example_branch_operator.py took 0.262 seconds
[2024-12-03T15:49:23.868+0000] {processor.py:154} INFO - Started process (PID=94) to work on /home/airflow/.local/lib/python3.7/site-packages/airflow/example_dags/example_branch_operator.py
[2024-12-03T15:49:23.871+0000] {processor.py:756} INFO - Processing file /home/airflow/.local/lib/python3.7/site-packages/airflow/example_dags/example_branch_operator.py for tasks to queue
[2024-12-03T15:49:23.874+0000] {logging_mixin.py:120} INFO - [2024-12-03T15:49:23.873+0000] {dagbag.py:537} INFO - Filling up the DagBag from /home/airflow/.local/lib/python3.7/site-packages/airflow/example_dags/example_branch_operator.py
[2024-12-03T15:49:23.924+0000] {processor.py:766} INFO - DAG(s) dict_keys(['example_branch_operator']) retrieved from /home/airflow/.local/lib/python3.7/site-packages/airflow/example_dags/example_branch_operator.py
[2024-12-03T15:49:24.032+0000] {logging_mixin.py:120} INFO - [2024-12-03T15:49:24.032+0000] {dag.py:2585} INFO - Sync 1 DAGs
[2024-12-03T15:49:24.157+0000] {logging_mixin.py:120} INFO - [2024-12-03T15:49:24.156+0000] {dag.py:3340} INFO - Setting next_dagrun for example_branch_operator to 2024-12-02T00:00:00+00:00, run_after=2024-12-03T00:00:00+00:00
[2024-12-03T15:49:24.241+0000] {processor.py:176} INFO - Processing /home/airflow/.local/lib/python3.7/site-packages/airflow/example_dags/example_branch_operator.py took 0.380 seconds
[2024-12-03T15:50:09.723+0000] {processor.py:154} INFO - Started process (PID=148) to work on /home/airflow/.local/lib/python3.7/site-packages/airflow/example_dags/example_branch_operator.py
[2024-12-03T15:50:09.871+0000] {processor.py:756} INFO - Processing file /home/airflow/.local/lib/python3.7/site-packages/airflow/example_dags/example_branch_operator.py for tasks to queue
[2024-12-03T15:50:09.907+0000] {logging_mixin.py:120} INFO - [2024-12-03T15:50:09.907+0000] {dagbag.py:537} INFO - Filling up the DagBag from /home/airflow/.local/lib/python3.7/site-packages/airflow/example_dags/example_branch_operator.py
[2024-12-03T15:50:10.085+0000] {processor.py:766} INFO - DAG(s) dict_keys(['example_branch_operator']) retrieved from /home/airflow/.local/lib/python3.7/site-packages/airflow/example_dags/example_branch_operator.py
[2024-12-03T15:50:10.176+0000] {logging_mixin.py:120} INFO - [2024-12-03T15:50:10.175+0000] {dag.py:2585} INFO - Sync 1 DAGs
[2024-12-03T15:50:10.259+0000] {logging_mixin.py:120} INFO - [2024-12-03T15:50:10.259+0000] {dag.py:3340} INFO - Setting next_dagrun for example_branch_operator to 2024-12-02T00:00:00+00:00, run_after=2024-12-03T00:00:00+00:00
[2024-12-03T15:50:10.357+0000] {processor.py:176} INFO - Processing /home/airflow/.local/lib/python3.7/site-packages/airflow/example_dags/example_branch_operator.py took 0.640 seconds
[2024-12-03T15:50:41.108+0000] {processor.py:154} INFO - Started process (PID=204) to work on /home/airflow/.local/lib/python3.7/site-packages/airflow/example_dags/example_branch_operator.py
[2024-12-03T15:50:41.111+0000] {processor.py:756} INFO - Processing file /home/airflow/.local/lib/python3.7/site-packages/airflow/example_dags/example_branch_operator.py for tasks to queue
[2024-12-03T15:50:41.114+0000] {logging_mixin.py:120} INFO - [2024-12-03T15:50:41.113+0000] {dagbag.py:537} INFO - Filling up the DagBag from /home/airflow/.local/lib/python3.7/site-packages/airflow/example_dags/example_branch_operator.py
[2024-12-03T15:50:41.193+0000] {processor.py:766} INFO - DAG(s) dict_keys(['example_branch_operator']) retrieved from /home/airflow/.local/lib/python3.7/site-packages/airflow/example_dags/example_branch_operator.py
[2024-12-03T15:50:41.328+0000] {logging_mixin.py:120} INFO - [2024-12-03T15:50:41.328+0000] {dag.py:2585} INFO - Sync 1 DAGs
[2024-12-03T15:50:41.381+0000] {logging_mixin.py:120} INFO - [2024-12-03T15:50:41.380+0000] {dag.py:3340} INFO - Setting next_dagrun for example_branch_operator to 2024-12-02T00:00:00+00:00, run_after=2024-12-03T00:00:00+00:00
[2024-12-03T15:50:41.425+0000] {processor.py:176} INFO - Processing /home/airflow/.local/lib/python3.7/site-packages/airflow/example_dags/example_branch_operator.py took 0.343 seconds
[2024-12-03T15:51:11.736+0000] {processor.py:154} INFO - Started process (PID=268) to work on /home/airflow/.local/lib/python3.7/site-packages/airflow/example_dags/example_branch_operator.py
[2024-12-03T15:51:11.739+0000] {processor.py:756} INFO - Processing file /home/airflow/.local/lib/python3.7/site-packages/airflow/example_dags/example_branch_operator.py for tasks to queue
[2024-12-03T15:51:11.741+0000] {logging_mixin.py:120} INFO - [2024-12-03T15:51:11.740+0000] {dagbag.py:537} INFO - Filling up the DagBag from /home/airflow/.local/lib/python3.7/site-packages/airflow/example_dags/example_branch_operator.py
[2024-12-03T15:51:11.772+0000] {processor.py:766} INFO - DAG(s) dict_keys(['example_branch_operator']) retrieved from /home/airflow/.local/lib/python3.7/site-packages/airflow/example_dags/example_branch_operator.py
[2024-12-03T15:51:11.849+0000] {logging_mixin.py:120} INFO - [2024-12-03T15:51:11.849+0000] {dag.py:2585} INFO - Sync 1 DAGs
[2024-12-03T15:51:11.895+0000] {logging_mixin.py:120} INFO - [2024-12-03T15:51:11.895+0000] {dag.py:3340} INFO - Setting next_dagrun for example_branch_operator to 2024-12-02T00:00:00+00:00, run_after=2024-12-03T00:00:00+00:00
[2024-12-03T15:51:11.936+0000] {processor.py:176} INFO - Processing /home/airflow/.local/lib/python3.7/site-packages/airflow/example_dags/example_branch_operator.py took 0.205 seconds
[2024-12-03T15:51:42.207+0000] {processor.py:154} INFO - Started process (PID=327) to work on /home/airflow/.local/lib/python3.7/site-packages/airflow/example_dags/example_branch_operator.py
[2024-12-03T15:51:42.215+0000] {processor.py:756} INFO - Processing file /home/airflow/.local/lib/python3.7/site-packages/airflow/example_dags/example_branch_operator.py for tasks to queue
[2024-12-03T15:51:42.218+0000] {logging_mixin.py:120} INFO - [2024-12-03T15:51:42.217+0000] {dagbag.py:537} INFO - Filling up the DagBag from /home/airflow/.local/lib/python3.7/site-packages/airflow/example_dags/example_branch_operator.py
[2024-12-03T15:51:42.285+0000] {processor.py:766} INFO - DAG(s) dict_keys(['example_branch_operator']) retrieved from /home/airflow/.local/lib/python3.7/site-packages/airflow/example_dags/example_branch_operator.py
[2024-12-03T15:51:42.769+0000] {logging_mixin.py:120} INFO - [2024-12-03T15:51:42.768+0000] {dag.py:2585} INFO - Sync 1 DAGs
[2024-12-03T15:51:42.948+0000] {logging_mixin.py:120} INFO - [2024-12-03T15:51:42.948+0000] {dag.py:3340} INFO - Setting next_dagrun for example_branch_operator to 2024-12-02T00:00:00+00:00, run_after=2024-12-03T00:00:00+00:00
[2024-12-03T15:51:43.230+0000] {processor.py:176} INFO - Processing /home/airflow/.local/lib/python3.7/site-packages/airflow/example_dags/example_branch_operator.py took 1.059 seconds
[2024-12-03T15:53:08.085+0000] {processor.py:154} INFO - Started process (PID=80) to work on /home/airflow/.local/lib/python3.7/site-packages/airflow/example_dags/example_branch_operator.py
[2024-12-03T15:53:08.089+0000] {processor.py:756} INFO - Processing file /home/airflow/.local/lib/python3.7/site-packages/airflow/example_dags/example_branch_operator.py for tasks to queue
[2024-12-03T15:53:08.092+0000] {logging_mixin.py:120} INFO - [2024-12-03T15:53:08.092+0000] {dagbag.py:537} INFO - Filling up the DagBag from /home/airflow/.local/lib/python3.7/site-packages/airflow/example_dags/example_branch_operator.py
[2024-12-03T15:53:08.148+0000] {processor.py:766} INFO - DAG(s) dict_keys(['example_branch_operator']) retrieved from /home/airflow/.local/lib/python3.7/site-packages/airflow/example_dags/example_branch_operator.py
[2024-12-03T15:53:08.237+0000] {logging_mixin.py:120} INFO - [2024-12-03T15:53:08.237+0000] {dag.py:2585} INFO - Sync 1 DAGs
[2024-12-03T15:53:08.318+0000] {logging_mixin.py:120} INFO - [2024-12-03T15:53:08.317+0000] {dag.py:3340} INFO - Setting next_dagrun for example_branch_operator to 2024-12-02T00:00:00+00:00, run_after=2024-12-03T00:00:00+00:00
[2024-12-03T15:53:08.387+0000] {processor.py:176} INFO - Processing /home/airflow/.local/lib/python3.7/site-packages/airflow/example_dags/example_branch_operator.py took 0.309 seconds
[2024-12-03T15:53:39.369+0000] {processor.py:154} INFO - Started process (PID=145) to work on /home/airflow/.local/lib/python3.7/site-packages/airflow/example_dags/example_branch_operator.py
[2024-12-03T15:53:39.371+0000] {processor.py:756} INFO - Processing file /home/airflow/.local/lib/python3.7/site-packages/airflow/example_dags/example_branch_operator.py for tasks to queue
[2024-12-03T15:53:39.377+0000] {logging_mixin.py:120} INFO - [2024-12-03T15:53:39.377+0000] {dagbag.py:537} INFO - Filling up the DagBag from /home/airflow/.local/lib/python3.7/site-packages/airflow/example_dags/example_branch_operator.py
[2024-12-03T15:53:39.403+0000] {processor.py:766} INFO - DAG(s) dict_keys(['example_branch_operator']) retrieved from /home/airflow/.local/lib/python3.7/site-packages/airflow/example_dags/example_branch_operator.py
[2024-12-03T15:53:39.470+0000] {logging_mixin.py:120} INFO - [2024-12-03T15:53:39.469+0000] {dag.py:2585} INFO - Sync 1 DAGs
[2024-12-03T15:53:39.520+0000] {logging_mixin.py:120} INFO - [2024-12-03T15:53:39.520+0000] {dag.py:3340} INFO - Setting next_dagrun for example_branch_operator to 2024-12-02T00:00:00+00:00, run_after=2024-12-03T00:00:00+00:00
[2024-12-03T15:53:39.564+0000] {processor.py:176} INFO - Processing /home/airflow/.local/lib/python3.7/site-packages/airflow/example_dags/example_branch_operator.py took 0.200 seconds
[2024-12-03T15:54:10.336+0000] {processor.py:154} INFO - Started process (PID=203) to work on /home/airflow/.local/lib/python3.7/site-packages/airflow/example_dags/example_branch_operator.py
[2024-12-03T15:54:10.338+0000] {processor.py:756} INFO - Processing file /home/airflow/.local/lib/python3.7/site-packages/airflow/example_dags/example_branch_operator.py for tasks to queue
[2024-12-03T15:54:10.339+0000] {logging_mixin.py:120} INFO - [2024-12-03T15:54:10.339+0000] {dagbag.py:537} INFO - Filling up the DagBag from /home/airflow/.local/lib/python3.7/site-packages/airflow/example_dags/example_branch_operator.py
[2024-12-03T15:54:10.363+0000] {processor.py:766} INFO - DAG(s) dict_keys(['example_branch_operator']) retrieved from /home/airflow/.local/lib/python3.7/site-packages/airflow/example_dags/example_branch_operator.py
[2024-12-03T15:54:10.424+0000] {logging_mixin.py:120} INFO - [2024-12-03T15:54:10.424+0000] {dag.py:2585} INFO - Sync 1 DAGs
[2024-12-03T15:54:10.464+0000] {logging_mixin.py:120} INFO - [2024-12-03T15:54:10.463+0000] {dag.py:3340} INFO - Setting next_dagrun for example_branch_operator to 2024-12-02T00:00:00+00:00, run_after=2024-12-03T00:00:00+00:00
[2024-12-03T15:54:10.503+0000] {processor.py:176} INFO - Processing /home/airflow/.local/lib/python3.7/site-packages/airflow/example_dags/example_branch_operator.py took 0.170 seconds
[2024-12-03T15:54:41.619+0000] {processor.py:154} INFO - Started process (PID=267) to work on /home/airflow/.local/lib/python3.7/site-packages/airflow/example_dags/example_branch_operator.py
[2024-12-03T15:54:41.622+0000] {processor.py:756} INFO - Processing file /home/airflow/.local/lib/python3.7/site-packages/airflow/example_dags/example_branch_operator.py for tasks to queue
[2024-12-03T15:54:41.624+0000] {logging_mixin.py:120} INFO - [2024-12-03T15:54:41.624+0000] {dagbag.py:537} INFO - Filling up the DagBag from /home/airflow/.local/lib/python3.7/site-packages/airflow/example_dags/example_branch_operator.py
[2024-12-03T15:54:41.665+0000] {processor.py:766} INFO - DAG(s) dict_keys(['example_branch_operator']) retrieved from /home/airflow/.local/lib/python3.7/site-packages/airflow/example_dags/example_branch_operator.py
[2024-12-03T15:54:41.819+0000] {logging_mixin.py:120} INFO - [2024-12-03T15:54:41.818+0000] {dag.py:2585} INFO - Sync 1 DAGs
[2024-12-03T15:54:41.908+0000] {logging_mixin.py:120} INFO - [2024-12-03T15:54:41.908+0000] {dag.py:3340} INFO - Setting next_dagrun for example_branch_operator to 2024-12-02T00:00:00+00:00, run_after=2024-12-03T00:00:00+00:00
[2024-12-03T15:54:41.958+0000] {processor.py:176} INFO - Processing /home/airflow/.local/lib/python3.7/site-packages/airflow/example_dags/example_branch_operator.py took 0.352 seconds
[2024-12-03T15:55:12.824+0000] {processor.py:154} INFO - Started process (PID=322) to work on /home/airflow/.local/lib/python3.7/site-packages/airflow/example_dags/example_branch_operator.py
[2024-12-03T15:55:12.826+0000] {processor.py:756} INFO - Processing file /home/airflow/.local/lib/python3.7/site-packages/airflow/example_dags/example_branch_operator.py for tasks to queue
[2024-12-03T15:55:12.827+0000] {logging_mixin.py:120} INFO - [2024-12-03T15:55:12.827+0000] {dagbag.py:537} INFO - Filling up the DagBag from /home/airflow/.local/lib/python3.7/site-packages/airflow/example_dags/example_branch_operator.py
[2024-12-03T15:55:12.852+0000] {processor.py:766} INFO - DAG(s) dict_keys(['example_branch_operator']) retrieved from /home/airflow/.local/lib/python3.7/site-packages/airflow/example_dags/example_branch_operator.py
[2024-12-03T15:55:12.914+0000] {logging_mixin.py:120} INFO - [2024-12-03T15:55:12.913+0000] {dag.py:2585} INFO - Sync 1 DAGs
[2024-12-03T15:55:12.954+0000] {logging_mixin.py:120} INFO - [2024-12-03T15:55:12.954+0000] {dag.py:3340} INFO - Setting next_dagrun for example_branch_operator to 2024-12-02T00:00:00+00:00, run_after=2024-12-03T00:00:00+00:00
[2024-12-03T15:55:12.995+0000] {processor.py:176} INFO - Processing /home/airflow/.local/lib/python3.7/site-packages/airflow/example_dags/example_branch_operator.py took 0.173 seconds
[2024-12-03T15:55:43.219+0000] {processor.py:154} INFO - Started process (PID=376) to work on /home/airflow/.local/lib/python3.7/site-packages/airflow/example_dags/example_branch_operator.py
[2024-12-03T15:55:43.221+0000] {processor.py:756} INFO - Processing file /home/airflow/.local/lib/python3.7/site-packages/airflow/example_dags/example_branch_operator.py for tasks to queue
[2024-12-03T15:55:43.222+0000] {logging_mixin.py:120} INFO - [2024-12-03T15:55:43.222+0000] {dagbag.py:537} INFO - Filling up the DagBag from /home/airflow/.local/lib/python3.7/site-packages/airflow/example_dags/example_branch_operator.py
[2024-12-03T15:55:43.274+0000] {processor.py:766} INFO - DAG(s) dict_keys(['example_branch_operator']) retrieved from /home/airflow/.local/lib/python3.7/site-packages/airflow/example_dags/example_branch_operator.py
[2024-12-03T15:55:43.408+0000] {logging_mixin.py:120} INFO - [2024-12-03T15:55:43.408+0000] {dag.py:2585} INFO - Sync 1 DAGs
[2024-12-03T15:55:43.478+0000] {logging_mixin.py:120} INFO - [2024-12-03T15:55:43.478+0000] {dag.py:3340} INFO - Setting next_dagrun for example_branch_operator to 2024-12-02T00:00:00+00:00, run_after=2024-12-03T00:00:00+00:00
[2024-12-03T15:55:43.528+0000] {processor.py:176} INFO - Processing /home/airflow/.local/lib/python3.7/site-packages/airflow/example_dags/example_branch_operator.py took 0.313 seconds
[2024-12-03T15:56:16.595+0000] {processor.py:154} INFO - Started process (PID=442) to work on /home/airflow/.local/lib/python3.7/site-packages/airflow/example_dags/example_branch_operator.py
[2024-12-03T15:56:16.596+0000] {processor.py:756} INFO - Processing file /home/airflow/.local/lib/python3.7/site-packages/airflow/example_dags/example_branch_operator.py for tasks to queue
[2024-12-03T15:56:16.598+0000] {logging_mixin.py:120} INFO - [2024-12-03T15:56:16.598+0000] {dagbag.py:537} INFO - Filling up the DagBag from /home/airflow/.local/lib/python3.7/site-packages/airflow/example_dags/example_branch_operator.py
[2024-12-03T15:56:16.627+0000] {processor.py:766} INFO - DAG(s) dict_keys(['example_branch_operator']) retrieved from /home/airflow/.local/lib/python3.7/site-packages/airflow/example_dags/example_branch_operator.py
[2024-12-03T15:56:16.705+0000] {logging_mixin.py:120} INFO - [2024-12-03T15:56:16.705+0000] {dag.py:2585} INFO - Sync 1 DAGs
[2024-12-03T15:56:16.751+0000] {logging_mixin.py:120} INFO - [2024-12-03T15:56:16.751+0000] {dag.py:3340} INFO - Setting next_dagrun for example_branch_operator to 2024-12-02T00:00:00+00:00, run_after=2024-12-03T00:00:00+00:00
[2024-12-03T15:56:16.801+0000] {processor.py:176} INFO - Processing /home/airflow/.local/lib/python3.7/site-packages/airflow/example_dags/example_branch_operator.py took 0.213 seconds
[2024-12-03T15:56:47.376+0000] {processor.py:154} INFO - Started process (PID=500) to work on /home/airflow/.local/lib/python3.7/site-packages/airflow/example_dags/example_branch_operator.py
[2024-12-03T15:56:47.379+0000] {processor.py:756} INFO - Processing file /home/airflow/.local/lib/python3.7/site-packages/airflow/example_dags/example_branch_operator.py for tasks to queue
[2024-12-03T15:56:47.381+0000] {logging_mixin.py:120} INFO - [2024-12-03T15:56:47.381+0000] {dagbag.py:537} INFO - Filling up the DagBag from /home/airflow/.local/lib/python3.7/site-packages/airflow/example_dags/example_branch_operator.py
[2024-12-03T15:56:47.413+0000] {processor.py:766} INFO - DAG(s) dict_keys(['example_branch_operator']) retrieved from /home/airflow/.local/lib/python3.7/site-packages/airflow/example_dags/example_branch_operator.py
[2024-12-03T15:56:47.517+0000] {logging_mixin.py:120} INFO - [2024-12-03T15:56:47.516+0000] {dag.py:2585} INFO - Sync 1 DAGs
[2024-12-03T15:56:47.592+0000] {logging_mixin.py:120} INFO - [2024-12-03T15:56:47.592+0000] {dag.py:3340} INFO - Setting next_dagrun for example_branch_operator to 2024-12-02T00:00:00+00:00, run_after=2024-12-03T00:00:00+00:00
[2024-12-03T15:56:47.644+0000] {processor.py:176} INFO - Processing /home/airflow/.local/lib/python3.7/site-packages/airflow/example_dags/example_branch_operator.py took 0.278 seconds
[2024-12-03T15:57:18.184+0000] {processor.py:154} INFO - Started process (PID=556) to work on /home/airflow/.local/lib/python3.7/site-packages/airflow/example_dags/example_branch_operator.py
[2024-12-03T15:57:18.187+0000] {processor.py:756} INFO - Processing file /home/airflow/.local/lib/python3.7/site-packages/airflow/example_dags/example_branch_operator.py for tasks to queue
[2024-12-03T15:57:18.188+0000] {logging_mixin.py:120} INFO - [2024-12-03T15:57:18.188+0000] {dagbag.py:537} INFO - Filling up the DagBag from /home/airflow/.local/lib/python3.7/site-packages/airflow/example_dags/example_branch_operator.py
[2024-12-03T15:57:18.218+0000] {processor.py:766} INFO - DAG(s) dict_keys(['example_branch_operator']) retrieved from /home/airflow/.local/lib/python3.7/site-packages/airflow/example_dags/example_branch_operator.py
[2024-12-03T15:57:18.298+0000] {logging_mixin.py:120} INFO - [2024-12-03T15:57:18.297+0000] {dag.py:2585} INFO - Sync 1 DAGs
[2024-12-03T15:57:18.346+0000] {logging_mixin.py:120} INFO - [2024-12-03T15:57:18.345+0000] {dag.py:3340} INFO - Setting next_dagrun for example_branch_operator to 2024-12-02T00:00:00+00:00, run_after=2024-12-03T00:00:00+00:00
[2024-12-03T15:57:18.398+0000] {processor.py:176} INFO - Processing /home/airflow/.local/lib/python3.7/site-packages/airflow/example_dags/example_branch_operator.py took 0.220 seconds
[2024-12-03T15:57:49.120+0000] {processor.py:154} INFO - Started process (PID=624) to work on /home/airflow/.local/lib/python3.7/site-packages/airflow/example_dags/example_branch_operator.py
[2024-12-03T15:57:49.123+0000] {processor.py:756} INFO - Processing file /home/airflow/.local/lib/python3.7/site-packages/airflow/example_dags/example_branch_operator.py for tasks to queue
[2024-12-03T15:57:49.125+0000] {logging_mixin.py:120} INFO - [2024-12-03T15:57:49.124+0000] {dagbag.py:537} INFO - Filling up the DagBag from /home/airflow/.local/lib/python3.7/site-packages/airflow/example_dags/example_branch_operator.py
[2024-12-03T15:57:49.148+0000] {processor.py:766} INFO - DAG(s) dict_keys(['example_branch_operator']) retrieved from /home/airflow/.local/lib/python3.7/site-packages/airflow/example_dags/example_branch_operator.py
[2024-12-03T15:57:49.202+0000] {logging_mixin.py:120} INFO - [2024-12-03T15:57:49.202+0000] {dag.py:2585} INFO - Sync 1 DAGs
[2024-12-03T15:57:49.240+0000] {logging_mixin.py:120} INFO - [2024-12-03T15:57:49.240+0000] {dag.py:3340} INFO - Setting next_dagrun for example_branch_operator to 2024-12-02T00:00:00+00:00, run_after=2024-12-03T00:00:00+00:00
[2024-12-03T15:57:49.283+0000] {processor.py:176} INFO - Processing /home/airflow/.local/lib/python3.7/site-packages/airflow/example_dags/example_branch_operator.py took 0.167 seconds
[2024-12-03T15:58:19.506+0000] {processor.py:154} INFO - Started process (PID=690) to work on /home/airflow/.local/lib/python3.7/site-packages/airflow/example_dags/example_branch_operator.py
[2024-12-03T15:58:19.507+0000] {processor.py:756} INFO - Processing file /home/airflow/.local/lib/python3.7/site-packages/airflow/example_dags/example_branch_operator.py for tasks to queue
[2024-12-03T15:58:19.509+0000] {logging_mixin.py:120} INFO - [2024-12-03T15:58:19.508+0000] {dagbag.py:537} INFO - Filling up the DagBag from /home/airflow/.local/lib/python3.7/site-packages/airflow/example_dags/example_branch_operator.py
[2024-12-03T15:58:19.536+0000] {processor.py:766} INFO - DAG(s) dict_keys(['example_branch_operator']) retrieved from /home/airflow/.local/lib/python3.7/site-packages/airflow/example_dags/example_branch_operator.py
[2024-12-03T15:58:19.597+0000] {logging_mixin.py:120} INFO - [2024-12-03T15:58:19.597+0000] {dag.py:2585} INFO - Sync 1 DAGs
[2024-12-03T15:58:19.640+0000] {logging_mixin.py:120} INFO - [2024-12-03T15:58:19.640+0000] {dag.py:3340} INFO - Setting next_dagrun for example_branch_operator to 2024-12-02T00:00:00+00:00, run_after=2024-12-03T00:00:00+00:00
[2024-12-03T15:58:19.688+0000] {processor.py:176} INFO - Processing /home/airflow/.local/lib/python3.7/site-packages/airflow/example_dags/example_branch_operator.py took 0.186 seconds
[2024-12-03T15:58:50.271+0000] {processor.py:154} INFO - Started process (PID=754) to work on /home/airflow/.local/lib/python3.7/site-packages/airflow/example_dags/example_branch_operator.py
[2024-12-03T15:58:50.275+0000] {processor.py:756} INFO - Processing file /home/airflow/.local/lib/python3.7/site-packages/airflow/example_dags/example_branch_operator.py for tasks to queue
[2024-12-03T15:58:50.277+0000] {logging_mixin.py:120} INFO - [2024-12-03T15:58:50.277+0000] {dagbag.py:537} INFO - Filling up the DagBag from /home/airflow/.local/lib/python3.7/site-packages/airflow/example_dags/example_branch_operator.py
[2024-12-03T15:58:50.314+0000] {processor.py:766} INFO - DAG(s) dict_keys(['example_branch_operator']) retrieved from /home/airflow/.local/lib/python3.7/site-packages/airflow/example_dags/example_branch_operator.py
[2024-12-03T15:58:50.407+0000] {logging_mixin.py:120} INFO - [2024-12-03T15:58:50.407+0000] {dag.py:2585} INFO - Sync 1 DAGs
[2024-12-03T15:58:50.472+0000] {logging_mixin.py:120} INFO - [2024-12-03T15:58:50.471+0000] {dag.py:3340} INFO - Setting next_dagrun for example_branch_operator to 2024-12-02T00:00:00+00:00, run_after=2024-12-03T00:00:00+00:00
[2024-12-03T15:58:50.521+0000] {processor.py:176} INFO - Processing /home/airflow/.local/lib/python3.7/site-packages/airflow/example_dags/example_branch_operator.py took 0.257 seconds
[2024-12-03T15:59:20.671+0000] {processor.py:154} INFO - Started process (PID=809) to work on /home/airflow/.local/lib/python3.7/site-packages/airflow/example_dags/example_branch_operator.py
[2024-12-03T15:59:20.674+0000] {processor.py:756} INFO - Processing file /home/airflow/.local/lib/python3.7/site-packages/airflow/example_dags/example_branch_operator.py for tasks to queue
[2024-12-03T15:59:20.676+0000] {logging_mixin.py:120} INFO - [2024-12-03T15:59:20.676+0000] {dagbag.py:537} INFO - Filling up the DagBag from /home/airflow/.local/lib/python3.7/site-packages/airflow/example_dags/example_branch_operator.py
[2024-12-03T15:59:20.700+0000] {processor.py:766} INFO - DAG(s) dict_keys(['example_branch_operator']) retrieved from /home/airflow/.local/lib/python3.7/site-packages/airflow/example_dags/example_branch_operator.py
[2024-12-03T15:59:20.771+0000] {logging_mixin.py:120} INFO - [2024-12-03T15:59:20.770+0000] {dag.py:2585} INFO - Sync 1 DAGs
[2024-12-03T15:59:20.827+0000] {logging_mixin.py:120} INFO - [2024-12-03T15:59:20.826+0000] {dag.py:3340} INFO - Setting next_dagrun for example_branch_operator to 2024-12-02T00:00:00+00:00, run_after=2024-12-03T00:00:00+00:00
[2024-12-03T15:59:20.875+0000] {processor.py:176} INFO - Processing /home/airflow/.local/lib/python3.7/site-packages/airflow/example_dags/example_branch_operator.py took 0.209 seconds
[2024-12-03T15:59:51.202+0000] {processor.py:154} INFO - Started process (PID=865) to work on /home/airflow/.local/lib/python3.7/site-packages/airflow/example_dags/example_branch_operator.py
[2024-12-03T15:59:51.204+0000] {processor.py:756} INFO - Processing file /home/airflow/.local/lib/python3.7/site-packages/airflow/example_dags/example_branch_operator.py for tasks to queue
[2024-12-03T15:59:51.207+0000] {logging_mixin.py:120} INFO - [2024-12-03T15:59:51.206+0000] {dagbag.py:537} INFO - Filling up the DagBag from /home/airflow/.local/lib/python3.7/site-packages/airflow/example_dags/example_branch_operator.py
[2024-12-03T15:59:51.253+0000] {processor.py:766} INFO - DAG(s) dict_keys(['example_branch_operator']) retrieved from /home/airflow/.local/lib/python3.7/site-packages/airflow/example_dags/example_branch_operator.py
[2024-12-03T15:59:51.358+0000] {logging_mixin.py:120} INFO - [2024-12-03T15:59:51.357+0000] {dag.py:2585} INFO - Sync 1 DAGs
[2024-12-03T15:59:51.430+0000] {logging_mixin.py:120} INFO - [2024-12-03T15:59:51.430+0000] {dag.py:3340} INFO - Setting next_dagrun for example_branch_operator to 2024-12-02T00:00:00+00:00, run_after=2024-12-03T00:00:00+00:00
[2024-12-03T15:59:51.496+0000] {processor.py:176} INFO - Processing /home/airflow/.local/lib/python3.7/site-packages/airflow/example_dags/example_branch_operator.py took 0.302 seconds
[2024-12-03T16:00:22.025+0000] {processor.py:154} INFO - Started process (PID=929) to work on /home/airflow/.local/lib/python3.7/site-packages/airflow/example_dags/example_branch_operator.py
[2024-12-03T16:00:22.026+0000] {processor.py:756} INFO - Processing file /home/airflow/.local/lib/python3.7/site-packages/airflow/example_dags/example_branch_operator.py for tasks to queue
[2024-12-03T16:00:22.028+0000] {logging_mixin.py:120} INFO - [2024-12-03T16:00:22.028+0000] {dagbag.py:537} INFO - Filling up the DagBag from /home/airflow/.local/lib/python3.7/site-packages/airflow/example_dags/example_branch_operator.py
[2024-12-03T16:00:22.049+0000] {processor.py:766} INFO - DAG(s) dict_keys(['example_branch_operator']) retrieved from /home/airflow/.local/lib/python3.7/site-packages/airflow/example_dags/example_branch_operator.py
[2024-12-03T16:00:22.105+0000] {logging_mixin.py:120} INFO - [2024-12-03T16:00:22.104+0000] {dag.py:2585} INFO - Sync 1 DAGs
[2024-12-03T16:00:22.149+0000] {logging_mixin.py:120} INFO - [2024-12-03T16:00:22.149+0000] {dag.py:3340} INFO - Setting next_dagrun for example_branch_operator to 2024-12-02T00:00:00+00:00, run_after=2024-12-03T00:00:00+00:00
[2024-12-03T16:00:22.183+0000] {processor.py:176} INFO - Processing /home/airflow/.local/lib/python3.7/site-packages/airflow/example_dags/example_branch_operator.py took 0.162 seconds
[2024-12-03T16:00:53.504+0000] {processor.py:154} INFO - Started process (PID=984) to work on /home/airflow/.local/lib/python3.7/site-packages/airflow/example_dags/example_branch_operator.py
[2024-12-03T16:00:53.507+0000] {processor.py:756} INFO - Processing file /home/airflow/.local/lib/python3.7/site-packages/airflow/example_dags/example_branch_operator.py for tasks to queue
[2024-12-03T16:00:53.510+0000] {logging_mixin.py:120} INFO - [2024-12-03T16:00:53.510+0000] {dagbag.py:537} INFO - Filling up the DagBag from /home/airflow/.local/lib/python3.7/site-packages/airflow/example_dags/example_branch_operator.py
[2024-12-03T16:00:53.555+0000] {processor.py:766} INFO - DAG(s) dict_keys(['example_branch_operator']) retrieved from /home/airflow/.local/lib/python3.7/site-packages/airflow/example_dags/example_branch_operator.py
[2024-12-03T16:00:53.632+0000] {logging_mixin.py:120} INFO - [2024-12-03T16:00:53.632+0000] {dag.py:2585} INFO - Sync 1 DAGs
[2024-12-03T16:00:53.671+0000] {logging_mixin.py:120} INFO - [2024-12-03T16:00:53.670+0000] {dag.py:3340} INFO - Setting next_dagrun for example_branch_operator to 2024-12-02T00:00:00+00:00, run_after=2024-12-03T00:00:00+00:00
[2024-12-03T16:00:53.716+0000] {processor.py:176} INFO - Processing /home/airflow/.local/lib/python3.7/site-packages/airflow/example_dags/example_branch_operator.py took 0.216 seconds
[2024-12-03T16:01:24.525+0000] {processor.py:154} INFO - Started process (PID=1048) to work on /home/airflow/.local/lib/python3.7/site-packages/airflow/example_dags/example_branch_operator.py
[2024-12-03T16:01:24.527+0000] {processor.py:756} INFO - Processing file /home/airflow/.local/lib/python3.7/site-packages/airflow/example_dags/example_branch_operator.py for tasks to queue
[2024-12-03T16:01:24.529+0000] {logging_mixin.py:120} INFO - [2024-12-03T16:01:24.528+0000] {dagbag.py:537} INFO - Filling up the DagBag from /home/airflow/.local/lib/python3.7/site-packages/airflow/example_dags/example_branch_operator.py
[2024-12-03T16:01:24.552+0000] {processor.py:766} INFO - DAG(s) dict_keys(['example_branch_operator']) retrieved from /home/airflow/.local/lib/python3.7/site-packages/airflow/example_dags/example_branch_operator.py
[2024-12-03T16:01:24.628+0000] {logging_mixin.py:120} INFO - [2024-12-03T16:01:24.628+0000] {dag.py:2585} INFO - Sync 1 DAGs
[2024-12-03T16:01:24.684+0000] {logging_mixin.py:120} INFO - [2024-12-03T16:01:24.683+0000] {dag.py:3340} INFO - Setting next_dagrun for example_branch_operator to 2024-12-02T00:00:00+00:00, run_after=2024-12-03T00:00:00+00:00
[2024-12-03T16:01:24.743+0000] {processor.py:176} INFO - Processing /home/airflow/.local/lib/python3.7/site-packages/airflow/example_dags/example_branch_operator.py took 0.222 seconds
[2024-12-03T16:01:55.175+0000] {processor.py:154} INFO - Started process (PID=1103) to work on /home/airflow/.local/lib/python3.7/site-packages/airflow/example_dags/example_branch_operator.py
[2024-12-03T16:01:55.181+0000] {processor.py:756} INFO - Processing file /home/airflow/.local/lib/python3.7/site-packages/airflow/example_dags/example_branch_operator.py for tasks to queue
[2024-12-03T16:01:55.183+0000] {logging_mixin.py:120} INFO - [2024-12-03T16:01:55.183+0000] {dagbag.py:537} INFO - Filling up the DagBag from /home/airflow/.local/lib/python3.7/site-packages/airflow/example_dags/example_branch_operator.py
[2024-12-03T16:01:55.219+0000] {processor.py:766} INFO - DAG(s) dict_keys(['example_branch_operator']) retrieved from /home/airflow/.local/lib/python3.7/site-packages/airflow/example_dags/example_branch_operator.py
[2024-12-03T16:01:55.306+0000] {logging_mixin.py:120} INFO - [2024-12-03T16:01:55.306+0000] {dag.py:2585} INFO - Sync 1 DAGs
[2024-12-03T16:01:55.351+0000] {logging_mixin.py:120} INFO - [2024-12-03T16:01:55.351+0000] {dag.py:3340} INFO - Setting next_dagrun for example_branch_operator to 2024-12-02T00:00:00+00:00, run_after=2024-12-03T00:00:00+00:00
[2024-12-03T16:01:55.407+0000] {processor.py:176} INFO - Processing /home/airflow/.local/lib/python3.7/site-packages/airflow/example_dags/example_branch_operator.py took 0.238 seconds
[2024-12-03T16:02:26.110+0000] {processor.py:154} INFO - Started process (PID=1169) to work on /home/airflow/.local/lib/python3.7/site-packages/airflow/example_dags/example_branch_operator.py
[2024-12-03T16:02:26.112+0000] {processor.py:756} INFO - Processing file /home/airflow/.local/lib/python3.7/site-packages/airflow/example_dags/example_branch_operator.py for tasks to queue
[2024-12-03T16:02:26.114+0000] {logging_mixin.py:120} INFO - [2024-12-03T16:02:26.113+0000] {dagbag.py:537} INFO - Filling up the DagBag from /home/airflow/.local/lib/python3.7/site-packages/airflow/example_dags/example_branch_operator.py
[2024-12-03T16:02:26.163+0000] {processor.py:766} INFO - DAG(s) dict_keys(['example_branch_operator']) retrieved from /home/airflow/.local/lib/python3.7/site-packages/airflow/example_dags/example_branch_operator.py
[2024-12-03T16:02:26.275+0000] {logging_mixin.py:120} INFO - [2024-12-03T16:02:26.275+0000] {dag.py:2585} INFO - Sync 1 DAGs
[2024-12-03T16:02:26.362+0000] {logging_mixin.py:120} INFO - [2024-12-03T16:02:26.362+0000] {dag.py:3340} INFO - Setting next_dagrun for example_branch_operator to 2024-12-02T00:00:00+00:00, run_after=2024-12-03T00:00:00+00:00
[2024-12-03T16:02:26.421+0000] {processor.py:176} INFO - Processing /home/airflow/.local/lib/python3.7/site-packages/airflow/example_dags/example_branch_operator.py took 0.316 seconds
[2024-12-03T16:02:56.897+0000] {processor.py:154} INFO - Started process (PID=1224) to work on /home/airflow/.local/lib/python3.7/site-packages/airflow/example_dags/example_branch_operator.py
[2024-12-03T16:02:56.900+0000] {processor.py:756} INFO - Processing file /home/airflow/.local/lib/python3.7/site-packages/airflow/example_dags/example_branch_operator.py for tasks to queue
[2024-12-03T16:02:56.903+0000] {logging_mixin.py:120} INFO - [2024-12-03T16:02:56.902+0000] {dagbag.py:537} INFO - Filling up the DagBag from /home/airflow/.local/lib/python3.7/site-packages/airflow/example_dags/example_branch_operator.py
[2024-12-03T16:02:56.940+0000] {processor.py:766} INFO - DAG(s) dict_keys(['example_branch_operator']) retrieved from /home/airflow/.local/lib/python3.7/site-packages/airflow/example_dags/example_branch_operator.py
[2024-12-03T16:02:57.040+0000] {logging_mixin.py:120} INFO - [2024-12-03T16:02:57.040+0000] {dag.py:2585} INFO - Sync 1 DAGs
[2024-12-03T16:02:57.100+0000] {logging_mixin.py:120} INFO - [2024-12-03T16:02:57.099+0000] {dag.py:3340} INFO - Setting next_dagrun for example_branch_operator to 2024-12-02T00:00:00+00:00, run_after=2024-12-03T00:00:00+00:00
[2024-12-03T16:02:57.150+0000] {processor.py:176} INFO - Processing /home/airflow/.local/lib/python3.7/site-packages/airflow/example_dags/example_branch_operator.py took 0.260 seconds
[2024-12-03T16:03:27.234+0000] {processor.py:154} INFO - Started process (PID=1300) to work on /home/airflow/.local/lib/python3.7/site-packages/airflow/example_dags/example_branch_operator.py
[2024-12-03T16:03:27.236+0000] {processor.py:756} INFO - Processing file /home/airflow/.local/lib/python3.7/site-packages/airflow/example_dags/example_branch_operator.py for tasks to queue
[2024-12-03T16:03:27.238+0000] {logging_mixin.py:120} INFO - [2024-12-03T16:03:27.238+0000] {dagbag.py:537} INFO - Filling up the DagBag from /home/airflow/.local/lib/python3.7/site-packages/airflow/example_dags/example_branch_operator.py
[2024-12-03T16:03:27.273+0000] {processor.py:766} INFO - DAG(s) dict_keys(['example_branch_operator']) retrieved from /home/airflow/.local/lib/python3.7/site-packages/airflow/example_dags/example_branch_operator.py
[2024-12-03T16:03:27.350+0000] {logging_mixin.py:120} INFO - [2024-12-03T16:03:27.350+0000] {dag.py:2585} INFO - Sync 1 DAGs
[2024-12-03T16:03:27.404+0000] {logging_mixin.py:120} INFO - [2024-12-03T16:03:27.404+0000] {dag.py:3340} INFO - Setting next_dagrun for example_branch_operator to 2024-12-02T00:00:00+00:00, run_after=2024-12-03T00:00:00+00:00
[2024-12-03T16:03:27.450+0000] {processor.py:176} INFO - Processing /home/airflow/.local/lib/python3.7/site-packages/airflow/example_dags/example_branch_operator.py took 0.223 seconds
[2024-12-03T16:03:57.741+0000] {processor.py:154} INFO - Started process (PID=1356) to work on /home/airflow/.local/lib/python3.7/site-packages/airflow/example_dags/example_branch_operator.py
[2024-12-03T16:03:57.743+0000] {processor.py:756} INFO - Processing file /home/airflow/.local/lib/python3.7/site-packages/airflow/example_dags/example_branch_operator.py for tasks to queue
[2024-12-03T16:03:57.745+0000] {logging_mixin.py:120} INFO - [2024-12-03T16:03:57.744+0000] {dagbag.py:537} INFO - Filling up the DagBag from /home/airflow/.local/lib/python3.7/site-packages/airflow/example_dags/example_branch_operator.py
[2024-12-03T16:03:57.772+0000] {processor.py:766} INFO - DAG(s) dict_keys(['example_branch_operator']) retrieved from /home/airflow/.local/lib/python3.7/site-packages/airflow/example_dags/example_branch_operator.py
[2024-12-03T16:03:57.844+0000] {logging_mixin.py:120} INFO - [2024-12-03T16:03:57.844+0000] {dag.py:2585} INFO - Sync 1 DAGs
[2024-12-03T16:03:57.894+0000] {logging_mixin.py:120} INFO - [2024-12-03T16:03:57.894+0000] {dag.py:3340} INFO - Setting next_dagrun for example_branch_operator to 2024-12-02T00:00:00+00:00, run_after=2024-12-03T00:00:00+00:00
[2024-12-03T16:03:57.950+0000] {processor.py:176} INFO - Processing /home/airflow/.local/lib/python3.7/site-packages/airflow/example_dags/example_branch_operator.py took 0.214 seconds
[2024-12-03T16:04:28.404+0000] {processor.py:154} INFO - Started process (PID=1412) to work on /home/airflow/.local/lib/python3.7/site-packages/airflow/example_dags/example_branch_operator.py
[2024-12-03T16:04:28.409+0000] {processor.py:756} INFO - Processing file /home/airflow/.local/lib/python3.7/site-packages/airflow/example_dags/example_branch_operator.py for tasks to queue
[2024-12-03T16:04:28.413+0000] {logging_mixin.py:120} INFO - [2024-12-03T16:04:28.411+0000] {dagbag.py:537} INFO - Filling up the DagBag from /home/airflow/.local/lib/python3.7/site-packages/airflow/example_dags/example_branch_operator.py
[2024-12-03T16:04:28.475+0000] {processor.py:766} INFO - DAG(s) dict_keys(['example_branch_operator']) retrieved from /home/airflow/.local/lib/python3.7/site-packages/airflow/example_dags/example_branch_operator.py
[2024-12-03T16:04:28.582+0000] {logging_mixin.py:120} INFO - [2024-12-03T16:04:28.581+0000] {dag.py:2585} INFO - Sync 1 DAGs
[2024-12-03T16:04:28.663+0000] {logging_mixin.py:120} INFO - [2024-12-03T16:04:28.662+0000] {dag.py:3340} INFO - Setting next_dagrun for example_branch_operator to 2024-12-02T00:00:00+00:00, run_after=2024-12-03T00:00:00+00:00
[2024-12-03T16:04:28.716+0000] {processor.py:176} INFO - Processing /home/airflow/.local/lib/python3.7/site-packages/airflow/example_dags/example_branch_operator.py took 0.322 seconds
[2024-12-03T16:04:59.665+0000] {processor.py:154} INFO - Started process (PID=1467) to work on /home/airflow/.local/lib/python3.7/site-packages/airflow/example_dags/example_branch_operator.py
[2024-12-03T16:04:59.667+0000] {processor.py:756} INFO - Processing file /home/airflow/.local/lib/python3.7/site-packages/airflow/example_dags/example_branch_operator.py for tasks to queue
[2024-12-03T16:04:59.670+0000] {logging_mixin.py:120} INFO - [2024-12-03T16:04:59.669+0000] {dagbag.py:537} INFO - Filling up the DagBag from /home/airflow/.local/lib/python3.7/site-packages/airflow/example_dags/example_branch_operator.py
[2024-12-03T16:04:59.719+0000] {processor.py:766} INFO - DAG(s) dict_keys(['example_branch_operator']) retrieved from /home/airflow/.local/lib/python3.7/site-packages/airflow/example_dags/example_branch_operator.py
[2024-12-03T16:04:59.819+0000] {logging_mixin.py:120} INFO - [2024-12-03T16:04:59.819+0000] {dag.py:2585} INFO - Sync 1 DAGs
[2024-12-03T16:04:59.887+0000] {logging_mixin.py:120} INFO - [2024-12-03T16:04:59.887+0000] {dag.py:3340} INFO - Setting next_dagrun for example_branch_operator to 2024-12-02T00:00:00+00:00, run_after=2024-12-03T00:00:00+00:00
[2024-12-03T16:04:59.947+0000] {processor.py:176} INFO - Processing /home/airflow/.local/lib/python3.7/site-packages/airflow/example_dags/example_branch_operator.py took 0.288 seconds
[2024-12-03T16:05:30.713+0000] {processor.py:154} INFO - Started process (PID=1522) to work on /home/airflow/.local/lib/python3.7/site-packages/airflow/example_dags/example_branch_operator.py
[2024-12-03T16:05:30.716+0000] {processor.py:756} INFO - Processing file /home/airflow/.local/lib/python3.7/site-packages/airflow/example_dags/example_branch_operator.py for tasks to queue
[2024-12-03T16:05:30.719+0000] {logging_mixin.py:120} INFO - [2024-12-03T16:05:30.719+0000] {dagbag.py:537} INFO - Filling up the DagBag from /home/airflow/.local/lib/python3.7/site-packages/airflow/example_dags/example_branch_operator.py
[2024-12-03T16:05:30.769+0000] {processor.py:766} INFO - DAG(s) dict_keys(['example_branch_operator']) retrieved from /home/airflow/.local/lib/python3.7/site-packages/airflow/example_dags/example_branch_operator.py
[2024-12-03T16:05:30.878+0000] {logging_mixin.py:120} INFO - [2024-12-03T16:05:30.877+0000] {dag.py:2585} INFO - Sync 1 DAGs
[2024-12-03T16:05:30.959+0000] {logging_mixin.py:120} INFO - [2024-12-03T16:05:30.958+0000] {dag.py:3340} INFO - Setting next_dagrun for example_branch_operator to 2024-12-02T00:00:00+00:00, run_after=2024-12-03T00:00:00+00:00
[2024-12-03T16:05:31.029+0000] {processor.py:176} INFO - Processing /home/airflow/.local/lib/python3.7/site-packages/airflow/example_dags/example_branch_operator.py took 0.322 seconds
[2024-12-03T16:06:02.607+0000] {processor.py:154} INFO - Started process (PID=1586) to work on /home/airflow/.local/lib/python3.7/site-packages/airflow/example_dags/example_branch_operator.py
[2024-12-03T16:06:02.610+0000] {processor.py:756} INFO - Processing file /home/airflow/.local/lib/python3.7/site-packages/airflow/example_dags/example_branch_operator.py for tasks to queue
[2024-12-03T16:06:02.617+0000] {logging_mixin.py:120} INFO - [2024-12-03T16:06:02.616+0000] {dagbag.py:537} INFO - Filling up the DagBag from /home/airflow/.local/lib/python3.7/site-packages/airflow/example_dags/example_branch_operator.py
[2024-12-03T16:06:02.697+0000] {processor.py:766} INFO - DAG(s) dict_keys(['example_branch_operator']) retrieved from /home/airflow/.local/lib/python3.7/site-packages/airflow/example_dags/example_branch_operator.py
[2024-12-03T16:06:02.879+0000] {logging_mixin.py:120} INFO - [2024-12-03T16:06:02.879+0000] {dag.py:2585} INFO - Sync 1 DAGs
[2024-12-03T16:06:03.098+0000] {logging_mixin.py:120} INFO - [2024-12-03T16:06:03.097+0000] {dag.py:3340} INFO - Setting next_dagrun for example_branch_operator to 2024-12-02T00:00:00+00:00, run_after=2024-12-03T00:00:00+00:00
[2024-12-03T16:06:03.326+0000] {processor.py:176} INFO - Processing /home/airflow/.local/lib/python3.7/site-packages/airflow/example_dags/example_branch_operator.py took 0.728 seconds
[2024-12-03T16:06:33.666+0000] {processor.py:154} INFO - Started process (PID=1642) to work on /home/airflow/.local/lib/python3.7/site-packages/airflow/example_dags/example_branch_operator.py
[2024-12-03T16:06:33.673+0000] {processor.py:756} INFO - Processing file /home/airflow/.local/lib/python3.7/site-packages/airflow/example_dags/example_branch_operator.py for tasks to queue
[2024-12-03T16:06:33.675+0000] {logging_mixin.py:120} INFO - [2024-12-03T16:06:33.675+0000] {dagbag.py:537} INFO - Filling up the DagBag from /home/airflow/.local/lib/python3.7/site-packages/airflow/example_dags/example_branch_operator.py
[2024-12-03T16:06:33.721+0000] {processor.py:766} INFO - DAG(s) dict_keys(['example_branch_operator']) retrieved from /home/airflow/.local/lib/python3.7/site-packages/airflow/example_dags/example_branch_operator.py
[2024-12-03T16:06:33.833+0000] {logging_mixin.py:120} INFO - [2024-12-03T16:06:33.833+0000] {dag.py:2585} INFO - Sync 1 DAGs
[2024-12-03T16:06:33.939+0000] {logging_mixin.py:120} INFO - [2024-12-03T16:06:33.939+0000] {dag.py:3340} INFO - Setting next_dagrun for example_branch_operator to 2024-12-02T00:00:00+00:00, run_after=2024-12-03T00:00:00+00:00
[2024-12-03T16:06:34.010+0000] {processor.py:176} INFO - Processing /home/airflow/.local/lib/python3.7/site-packages/airflow/example_dags/example_branch_operator.py took 0.353 seconds
[2024-12-03T16:07:05.119+0000] {processor.py:154} INFO - Started process (PID=1697) to work on /home/airflow/.local/lib/python3.7/site-packages/airflow/example_dags/example_branch_operator.py
[2024-12-03T16:07:05.123+0000] {processor.py:756} INFO - Processing file /home/airflow/.local/lib/python3.7/site-packages/airflow/example_dags/example_branch_operator.py for tasks to queue
[2024-12-03T16:07:05.129+0000] {logging_mixin.py:120} INFO - [2024-12-03T16:07:05.128+0000] {dagbag.py:537} INFO - Filling up the DagBag from /home/airflow/.local/lib/python3.7/site-packages/airflow/example_dags/example_branch_operator.py
[2024-12-03T16:07:05.211+0000] {processor.py:766} INFO - DAG(s) dict_keys(['example_branch_operator']) retrieved from /home/airflow/.local/lib/python3.7/site-packages/airflow/example_dags/example_branch_operator.py
[2024-12-03T16:07:05.350+0000] {logging_mixin.py:120} INFO - [2024-12-03T16:07:05.350+0000] {dag.py:2585} INFO - Sync 1 DAGs
[2024-12-03T16:07:05.491+0000] {logging_mixin.py:120} INFO - [2024-12-03T16:07:05.489+0000] {dag.py:3340} INFO - Setting next_dagrun for example_branch_operator to 2024-12-02T00:00:00+00:00, run_after=2024-12-03T00:00:00+00:00
[2024-12-03T16:07:05.622+0000] {processor.py:176} INFO - Processing /home/airflow/.local/lib/python3.7/site-packages/airflow/example_dags/example_branch_operator.py took 0.520 seconds
[2024-12-03T16:07:35.980+0000] {processor.py:154} INFO - Started process (PID=1752) to work on /home/airflow/.local/lib/python3.7/site-packages/airflow/example_dags/example_branch_operator.py
[2024-12-03T16:07:35.983+0000] {processor.py:756} INFO - Processing file /home/airflow/.local/lib/python3.7/site-packages/airflow/example_dags/example_branch_operator.py for tasks to queue
[2024-12-03T16:07:35.986+0000] {logging_mixin.py:120} INFO - [2024-12-03T16:07:35.986+0000] {dagbag.py:537} INFO - Filling up the DagBag from /home/airflow/.local/lib/python3.7/site-packages/airflow/example_dags/example_branch_operator.py
[2024-12-03T16:07:36.105+0000] {processor.py:766} INFO - DAG(s) dict_keys(['example_branch_operator']) retrieved from /home/airflow/.local/lib/python3.7/site-packages/airflow/example_dags/example_branch_operator.py
[2024-12-03T16:07:36.290+0000] {logging_mixin.py:120} INFO - [2024-12-03T16:07:36.290+0000] {dag.py:2585} INFO - Sync 1 DAGs
[2024-12-03T16:07:36.401+0000] {logging_mixin.py:120} INFO - [2024-12-03T16:07:36.400+0000] {dag.py:3340} INFO - Setting next_dagrun for example_branch_operator to 2024-12-02T00:00:00+00:00, run_after=2024-12-03T00:00:00+00:00
[2024-12-03T16:07:36.468+0000] {processor.py:176} INFO - Processing /home/airflow/.local/lib/python3.7/site-packages/airflow/example_dags/example_branch_operator.py took 0.505 seconds
[2024-12-03T16:08:07.381+0000] {processor.py:154} INFO - Started process (PID=1811) to work on /home/airflow/.local/lib/python3.7/site-packages/airflow/example_dags/example_branch_operator.py
[2024-12-03T16:08:07.383+0000] {processor.py:756} INFO - Processing file /home/airflow/.local/lib/python3.7/site-packages/airflow/example_dags/example_branch_operator.py for tasks to queue
[2024-12-03T16:08:07.385+0000] {logging_mixin.py:120} INFO - [2024-12-03T16:08:07.385+0000] {dagbag.py:537} INFO - Filling up the DagBag from /home/airflow/.local/lib/python3.7/site-packages/airflow/example_dags/example_branch_operator.py
[2024-12-03T16:08:07.435+0000] {processor.py:766} INFO - DAG(s) dict_keys(['example_branch_operator']) retrieved from /home/airflow/.local/lib/python3.7/site-packages/airflow/example_dags/example_branch_operator.py
[2024-12-03T16:08:07.551+0000] {logging_mixin.py:120} INFO - [2024-12-03T16:08:07.550+0000] {dag.py:2585} INFO - Sync 1 DAGs
[2024-12-03T16:08:07.636+0000] {logging_mixin.py:120} INFO - [2024-12-03T16:08:07.636+0000] {dag.py:3340} INFO - Setting next_dagrun for example_branch_operator to 2024-12-02T00:00:00+00:00, run_after=2024-12-03T00:00:00+00:00
[2024-12-03T16:08:07.698+0000] {processor.py:176} INFO - Processing /home/airflow/.local/lib/python3.7/site-packages/airflow/example_dags/example_branch_operator.py took 0.323 seconds
[2024-12-03T16:08:37.932+0000] {processor.py:154} INFO - Started process (PID=1869) to work on /home/airflow/.local/lib/python3.7/site-packages/airflow/example_dags/example_branch_operator.py
[2024-12-03T16:08:37.934+0000] {processor.py:756} INFO - Processing file /home/airflow/.local/lib/python3.7/site-packages/airflow/example_dags/example_branch_operator.py for tasks to queue
[2024-12-03T16:08:37.937+0000] {logging_mixin.py:120} INFO - [2024-12-03T16:08:37.937+0000] {dagbag.py:537} INFO - Filling up the DagBag from /home/airflow/.local/lib/python3.7/site-packages/airflow/example_dags/example_branch_operator.py
[2024-12-03T16:08:37.994+0000] {processor.py:766} INFO - DAG(s) dict_keys(['example_branch_operator']) retrieved from /home/airflow/.local/lib/python3.7/site-packages/airflow/example_dags/example_branch_operator.py
[2024-12-03T16:08:38.124+0000] {logging_mixin.py:120} INFO - [2024-12-03T16:08:38.124+0000] {dag.py:2585} INFO - Sync 1 DAGs
[2024-12-03T16:08:38.200+0000] {logging_mixin.py:120} INFO - [2024-12-03T16:08:38.199+0000] {dag.py:3340} INFO - Setting next_dagrun for example_branch_operator to 2024-12-02T00:00:00+00:00, run_after=2024-12-03T00:00:00+00:00
[2024-12-03T16:08:38.256+0000] {processor.py:176} INFO - Processing /home/airflow/.local/lib/python3.7/site-packages/airflow/example_dags/example_branch_operator.py took 0.333 seconds
[2024-12-03T16:09:10.952+0000] {processor.py:154} INFO - Started process (PID=1945) to work on /home/airflow/.local/lib/python3.7/site-packages/airflow/example_dags/example_branch_operator.py
[2024-12-03T16:09:10.958+0000] {processor.py:756} INFO - Processing file /home/airflow/.local/lib/python3.7/site-packages/airflow/example_dags/example_branch_operator.py for tasks to queue
[2024-12-03T16:09:10.965+0000] {logging_mixin.py:120} INFO - [2024-12-03T16:09:10.964+0000] {dagbag.py:537} INFO - Filling up the DagBag from /home/airflow/.local/lib/python3.7/site-packages/airflow/example_dags/example_branch_operator.py
[2024-12-03T16:09:11.042+0000] {processor.py:766} INFO - DAG(s) dict_keys(['example_branch_operator']) retrieved from /home/airflow/.local/lib/python3.7/site-packages/airflow/example_dags/example_branch_operator.py
[2024-12-03T16:09:11.216+0000] {logging_mixin.py:120} INFO - [2024-12-03T16:09:11.215+0000] {dag.py:2585} INFO - Sync 1 DAGs
[2024-12-03T16:09:11.357+0000] {logging_mixin.py:120} INFO - [2024-12-03T16:09:11.356+0000] {dag.py:3340} INFO - Setting next_dagrun for example_branch_operator to 2024-12-02T00:00:00+00:00, run_after=2024-12-03T00:00:00+00:00
[2024-12-03T16:09:11.505+0000] {processor.py:176} INFO - Processing /home/airflow/.local/lib/python3.7/site-packages/airflow/example_dags/example_branch_operator.py took 0.573 seconds
[2024-12-03T16:09:42.065+0000] {processor.py:154} INFO - Started process (PID=2000) to work on /home/airflow/.local/lib/python3.7/site-packages/airflow/example_dags/example_branch_operator.py
[2024-12-03T16:09:42.068+0000] {processor.py:756} INFO - Processing file /home/airflow/.local/lib/python3.7/site-packages/airflow/example_dags/example_branch_operator.py for tasks to queue
[2024-12-03T16:09:42.071+0000] {logging_mixin.py:120} INFO - [2024-12-03T16:09:42.070+0000] {dagbag.py:537} INFO - Filling up the DagBag from /home/airflow/.local/lib/python3.7/site-packages/airflow/example_dags/example_branch_operator.py
[2024-12-03T16:09:42.131+0000] {processor.py:766} INFO - DAG(s) dict_keys(['example_branch_operator']) retrieved from /home/airflow/.local/lib/python3.7/site-packages/airflow/example_dags/example_branch_operator.py
[2024-12-03T16:09:42.279+0000] {logging_mixin.py:120} INFO - [2024-12-03T16:09:42.278+0000] {dag.py:2585} INFO - Sync 1 DAGs
[2024-12-03T16:09:42.383+0000] {logging_mixin.py:120} INFO - [2024-12-03T16:09:42.383+0000] {dag.py:3340} INFO - Setting next_dagrun for example_branch_operator to 2024-12-02T00:00:00+00:00, run_after=2024-12-03T00:00:00+00:00
[2024-12-03T16:09:42.467+0000] {processor.py:176} INFO - Processing /home/airflow/.local/lib/python3.7/site-packages/airflow/example_dags/example_branch_operator.py took 0.416 seconds
[2024-12-03T16:10:12.880+0000] {processor.py:154} INFO - Started process (PID=2055) to work on /home/airflow/.local/lib/python3.7/site-packages/airflow/example_dags/example_branch_operator.py
[2024-12-03T16:10:12.883+0000] {processor.py:756} INFO - Processing file /home/airflow/.local/lib/python3.7/site-packages/airflow/example_dags/example_branch_operator.py for tasks to queue
[2024-12-03T16:10:12.887+0000] {logging_mixin.py:120} INFO - [2024-12-03T16:10:12.886+0000] {dagbag.py:537} INFO - Filling up the DagBag from /home/airflow/.local/lib/python3.7/site-packages/airflow/example_dags/example_branch_operator.py
[2024-12-03T16:10:12.959+0000] {processor.py:766} INFO - DAG(s) dict_keys(['example_branch_operator']) retrieved from /home/airflow/.local/lib/python3.7/site-packages/airflow/example_dags/example_branch_operator.py
[2024-12-03T16:10:13.106+0000] {logging_mixin.py:120} INFO - [2024-12-03T16:10:13.106+0000] {dag.py:2585} INFO - Sync 1 DAGs
[2024-12-03T16:10:13.200+0000] {logging_mixin.py:120} INFO - [2024-12-03T16:10:13.199+0000] {dag.py:3340} INFO - Setting next_dagrun for example_branch_operator to 2024-12-02T00:00:00+00:00, run_after=2024-12-03T00:00:00+00:00
[2024-12-03T16:10:13.269+0000] {processor.py:176} INFO - Processing /home/airflow/.local/lib/python3.7/site-packages/airflow/example_dags/example_branch_operator.py took 0.404 seconds
[2024-12-03T16:10:44.111+0000] {processor.py:154} INFO - Started process (PID=2110) to work on /home/airflow/.local/lib/python3.7/site-packages/airflow/example_dags/example_branch_operator.py
[2024-12-03T16:10:44.114+0000] {processor.py:756} INFO - Processing file /home/airflow/.local/lib/python3.7/site-packages/airflow/example_dags/example_branch_operator.py for tasks to queue
[2024-12-03T16:10:44.118+0000] {logging_mixin.py:120} INFO - [2024-12-03T16:10:44.117+0000] {dagbag.py:537} INFO - Filling up the DagBag from /home/airflow/.local/lib/python3.7/site-packages/airflow/example_dags/example_branch_operator.py
[2024-12-03T16:10:44.215+0000] {processor.py:766} INFO - DAG(s) dict_keys(['example_branch_operator']) retrieved from /home/airflow/.local/lib/python3.7/site-packages/airflow/example_dags/example_branch_operator.py
[2024-12-03T16:10:44.443+0000] {logging_mixin.py:120} INFO - [2024-12-03T16:10:44.442+0000] {dag.py:2585} INFO - Sync 1 DAGs
[2024-12-03T16:10:44.533+0000] {logging_mixin.py:120} INFO - [2024-12-03T16:10:44.533+0000] {dag.py:3340} INFO - Setting next_dagrun for example_branch_operator to 2024-12-02T00:00:00+00:00, run_after=2024-12-03T00:00:00+00:00
[2024-12-03T16:10:44.620+0000] {processor.py:176} INFO - Processing /home/airflow/.local/lib/python3.7/site-packages/airflow/example_dags/example_branch_operator.py took 0.520 seconds
[2024-12-03T16:11:14.983+0000] {processor.py:154} INFO - Started process (PID=2165) to work on /home/airflow/.local/lib/python3.7/site-packages/airflow/example_dags/example_branch_operator.py
[2024-12-03T16:11:14.988+0000] {processor.py:756} INFO - Processing file /home/airflow/.local/lib/python3.7/site-packages/airflow/example_dags/example_branch_operator.py for tasks to queue
[2024-12-03T16:11:14.991+0000] {logging_mixin.py:120} INFO - [2024-12-03T16:11:14.991+0000] {dagbag.py:537} INFO - Filling up the DagBag from /home/airflow/.local/lib/python3.7/site-packages/airflow/example_dags/example_branch_operator.py
[2024-12-03T16:11:15.044+0000] {processor.py:766} INFO - DAG(s) dict_keys(['example_branch_operator']) retrieved from /home/airflow/.local/lib/python3.7/site-packages/airflow/example_dags/example_branch_operator.py
[2024-12-03T16:11:15.173+0000] {logging_mixin.py:120} INFO - [2024-12-03T16:11:15.173+0000] {dag.py:2585} INFO - Sync 1 DAGs
[2024-12-03T16:11:15.263+0000] {logging_mixin.py:120} INFO - [2024-12-03T16:11:15.263+0000] {dag.py:3340} INFO - Setting next_dagrun for example_branch_operator to 2024-12-02T00:00:00+00:00, run_after=2024-12-03T00:00:00+00:00
[2024-12-03T16:11:15.347+0000] {processor.py:176} INFO - Processing /home/airflow/.local/lib/python3.7/site-packages/airflow/example_dags/example_branch_operator.py took 0.374 seconds
[2024-12-03T16:11:46.080+0000] {processor.py:154} INFO - Started process (PID=2220) to work on /home/airflow/.local/lib/python3.7/site-packages/airflow/example_dags/example_branch_operator.py
[2024-12-03T16:11:46.082+0000] {processor.py:756} INFO - Processing file /home/airflow/.local/lib/python3.7/site-packages/airflow/example_dags/example_branch_operator.py for tasks to queue
[2024-12-03T16:11:46.085+0000] {logging_mixin.py:120} INFO - [2024-12-03T16:11:46.084+0000] {dagbag.py:537} INFO - Filling up the DagBag from /home/airflow/.local/lib/python3.7/site-packages/airflow/example_dags/example_branch_operator.py
[2024-12-03T16:11:46.126+0000] {processor.py:766} INFO - DAG(s) dict_keys(['example_branch_operator']) retrieved from /home/airflow/.local/lib/python3.7/site-packages/airflow/example_dags/example_branch_operator.py
[2024-12-03T16:11:46.227+0000] {logging_mixin.py:120} INFO - [2024-12-03T16:11:46.227+0000] {dag.py:2585} INFO - Sync 1 DAGs
[2024-12-03T16:11:46.299+0000] {logging_mixin.py:120} INFO - [2024-12-03T16:11:46.298+0000] {dag.py:3340} INFO - Setting next_dagrun for example_branch_operator to 2024-12-02T00:00:00+00:00, run_after=2024-12-03T00:00:00+00:00
[2024-12-03T16:11:46.367+0000] {processor.py:176} INFO - Processing /home/airflow/.local/lib/python3.7/site-packages/airflow/example_dags/example_branch_operator.py took 0.293 seconds
[2024-12-03T16:12:16.934+0000] {processor.py:154} INFO - Started process (PID=2275) to work on /home/airflow/.local/lib/python3.7/site-packages/airflow/example_dags/example_branch_operator.py
[2024-12-03T16:12:16.939+0000] {processor.py:756} INFO - Processing file /home/airflow/.local/lib/python3.7/site-packages/airflow/example_dags/example_branch_operator.py for tasks to queue
[2024-12-03T16:12:16.946+0000] {logging_mixin.py:120} INFO - [2024-12-03T16:12:16.946+0000] {dagbag.py:537} INFO - Filling up the DagBag from /home/airflow/.local/lib/python3.7/site-packages/airflow/example_dags/example_branch_operator.py
[2024-12-03T16:12:17.037+0000] {processor.py:766} INFO - DAG(s) dict_keys(['example_branch_operator']) retrieved from /home/airflow/.local/lib/python3.7/site-packages/airflow/example_dags/example_branch_operator.py
[2024-12-03T16:12:17.187+0000] {logging_mixin.py:120} INFO - [2024-12-03T16:12:17.186+0000] {dag.py:2585} INFO - Sync 1 DAGs
[2024-12-03T16:12:17.279+0000] {logging_mixin.py:120} INFO - [2024-12-03T16:12:17.279+0000] {dag.py:3340} INFO - Setting next_dagrun for example_branch_operator to 2024-12-02T00:00:00+00:00, run_after=2024-12-03T00:00:00+00:00
[2024-12-03T16:12:17.342+0000] {processor.py:176} INFO - Processing /home/airflow/.local/lib/python3.7/site-packages/airflow/example_dags/example_branch_operator.py took 0.429 seconds
[2024-12-03T16:12:47.564+0000] {processor.py:154} INFO - Started process (PID=2338) to work on /home/airflow/.local/lib/python3.7/site-packages/airflow/example_dags/example_branch_operator.py
[2024-12-03T16:12:47.566+0000] {processor.py:756} INFO - Processing file /home/airflow/.local/lib/python3.7/site-packages/airflow/example_dags/example_branch_operator.py for tasks to queue
[2024-12-03T16:12:47.571+0000] {logging_mixin.py:120} INFO - [2024-12-03T16:12:47.570+0000] {dagbag.py:537} INFO - Filling up the DagBag from /home/airflow/.local/lib/python3.7/site-packages/airflow/example_dags/example_branch_operator.py
[2024-12-03T16:12:47.661+0000] {processor.py:766} INFO - DAG(s) dict_keys(['example_branch_operator']) retrieved from /home/airflow/.local/lib/python3.7/site-packages/airflow/example_dags/example_branch_operator.py
[2024-12-03T16:12:47.868+0000] {logging_mixin.py:120} INFO - [2024-12-03T16:12:47.867+0000] {dag.py:2585} INFO - Sync 1 DAGs
[2024-12-03T16:12:47.994+0000] {logging_mixin.py:120} INFO - [2024-12-03T16:12:47.993+0000] {dag.py:3340} INFO - Setting next_dagrun for example_branch_operator to 2024-12-02T00:00:00+00:00, run_after=2024-12-03T00:00:00+00:00
[2024-12-03T16:12:48.102+0000] {processor.py:176} INFO - Processing /home/airflow/.local/lib/python3.7/site-packages/airflow/example_dags/example_branch_operator.py took 0.553 seconds
[2024-12-03T16:13:18.594+0000] {processor.py:154} INFO - Started process (PID=2395) to work on /home/airflow/.local/lib/python3.7/site-packages/airflow/example_dags/example_branch_operator.py
[2024-12-03T16:13:18.597+0000] {processor.py:756} INFO - Processing file /home/airflow/.local/lib/python3.7/site-packages/airflow/example_dags/example_branch_operator.py for tasks to queue
[2024-12-03T16:13:18.600+0000] {logging_mixin.py:120} INFO - [2024-12-03T16:13:18.599+0000] {dagbag.py:537} INFO - Filling up the DagBag from /home/airflow/.local/lib/python3.7/site-packages/airflow/example_dags/example_branch_operator.py
[2024-12-03T16:13:18.652+0000] {processor.py:766} INFO - DAG(s) dict_keys(['example_branch_operator']) retrieved from /home/airflow/.local/lib/python3.7/site-packages/airflow/example_dags/example_branch_operator.py
[2024-12-03T16:13:18.787+0000] {logging_mixin.py:120} INFO - [2024-12-03T16:13:18.786+0000] {dag.py:2585} INFO - Sync 1 DAGs
[2024-12-03T16:13:18.898+0000] {logging_mixin.py:120} INFO - [2024-12-03T16:13:18.897+0000] {dag.py:3340} INFO - Setting next_dagrun for example_branch_operator to 2024-12-02T00:00:00+00:00, run_after=2024-12-03T00:00:00+00:00
[2024-12-03T16:13:18.982+0000] {processor.py:176} INFO - Processing /home/airflow/.local/lib/python3.7/site-packages/airflow/example_dags/example_branch_operator.py took 0.399 seconds
[2024-12-03T16:13:49.268+0000] {processor.py:154} INFO - Started process (PID=2450) to work on /home/airflow/.local/lib/python3.7/site-packages/airflow/example_dags/example_branch_operator.py
[2024-12-03T16:13:49.273+0000] {processor.py:756} INFO - Processing file /home/airflow/.local/lib/python3.7/site-packages/airflow/example_dags/example_branch_operator.py for tasks to queue
[2024-12-03T16:13:49.277+0000] {logging_mixin.py:120} INFO - [2024-12-03T16:13:49.276+0000] {dagbag.py:537} INFO - Filling up the DagBag from /home/airflow/.local/lib/python3.7/site-packages/airflow/example_dags/example_branch_operator.py
[2024-12-03T16:13:49.340+0000] {processor.py:766} INFO - DAG(s) dict_keys(['example_branch_operator']) retrieved from /home/airflow/.local/lib/python3.7/site-packages/airflow/example_dags/example_branch_operator.py
[2024-12-03T16:13:49.470+0000] {logging_mixin.py:120} INFO - [2024-12-03T16:13:49.469+0000] {dag.py:2585} INFO - Sync 1 DAGs
[2024-12-03T16:13:49.555+0000] {logging_mixin.py:120} INFO - [2024-12-03T16:13:49.555+0000] {dag.py:3340} INFO - Setting next_dagrun for example_branch_operator to 2024-12-02T00:00:00+00:00, run_after=2024-12-03T00:00:00+00:00
[2024-12-03T16:13:49.625+0000] {processor.py:176} INFO - Processing /home/airflow/.local/lib/python3.7/site-packages/airflow/example_dags/example_branch_operator.py took 0.373 seconds
[2024-12-03T16:14:19.880+0000] {processor.py:154} INFO - Started process (PID=2517) to work on /home/airflow/.local/lib/python3.7/site-packages/airflow/example_dags/example_branch_operator.py
[2024-12-03T16:14:19.885+0000] {processor.py:756} INFO - Processing file /home/airflow/.local/lib/python3.7/site-packages/airflow/example_dags/example_branch_operator.py for tasks to queue
[2024-12-03T16:14:19.889+0000] {logging_mixin.py:120} INFO - [2024-12-03T16:14:19.888+0000] {dagbag.py:537} INFO - Filling up the DagBag from /home/airflow/.local/lib/python3.7/site-packages/airflow/example_dags/example_branch_operator.py
[2024-12-03T16:14:19.966+0000] {processor.py:766} INFO - DAG(s) dict_keys(['example_branch_operator']) retrieved from /home/airflow/.local/lib/python3.7/site-packages/airflow/example_dags/example_branch_operator.py
[2024-12-03T16:14:20.203+0000] {logging_mixin.py:120} INFO - [2024-12-03T16:14:20.202+0000] {dag.py:2585} INFO - Sync 1 DAGs
[2024-12-03T16:14:20.365+0000] {logging_mixin.py:120} INFO - [2024-12-03T16:14:20.364+0000] {dag.py:3340} INFO - Setting next_dagrun for example_branch_operator to 2024-12-02T00:00:00+00:00, run_after=2024-12-03T00:00:00+00:00
[2024-12-03T16:14:20.480+0000] {processor.py:176} INFO - Processing /home/airflow/.local/lib/python3.7/site-packages/airflow/example_dags/example_branch_operator.py took 0.622 seconds
[2024-12-03T16:14:50.782+0000] {processor.py:154} INFO - Started process (PID=2572) to work on /home/airflow/.local/lib/python3.7/site-packages/airflow/example_dags/example_branch_operator.py
[2024-12-03T16:14:50.787+0000] {processor.py:756} INFO - Processing file /home/airflow/.local/lib/python3.7/site-packages/airflow/example_dags/example_branch_operator.py for tasks to queue
[2024-12-03T16:14:50.790+0000] {logging_mixin.py:120} INFO - [2024-12-03T16:14:50.790+0000] {dagbag.py:537} INFO - Filling up the DagBag from /home/airflow/.local/lib/python3.7/site-packages/airflow/example_dags/example_branch_operator.py
[2024-12-03T16:14:50.845+0000] {processor.py:766} INFO - DAG(s) dict_keys(['example_branch_operator']) retrieved from /home/airflow/.local/lib/python3.7/site-packages/airflow/example_dags/example_branch_operator.py
[2024-12-03T16:14:50.958+0000] {logging_mixin.py:120} INFO - [2024-12-03T16:14:50.958+0000] {dag.py:2585} INFO - Sync 1 DAGs
[2024-12-03T16:14:51.046+0000] {logging_mixin.py:120} INFO - [2024-12-03T16:14:51.046+0000] {dag.py:3340} INFO - Setting next_dagrun for example_branch_operator to 2024-12-02T00:00:00+00:00, run_after=2024-12-03T00:00:00+00:00
[2024-12-03T16:14:51.114+0000] {processor.py:176} INFO - Processing /home/airflow/.local/lib/python3.7/site-packages/airflow/example_dags/example_branch_operator.py took 0.343 seconds
[2024-12-03T16:15:21.447+0000] {processor.py:154} INFO - Started process (PID=2627) to work on /home/airflow/.local/lib/python3.7/site-packages/airflow/example_dags/example_branch_operator.py
[2024-12-03T16:15:21.450+0000] {processor.py:756} INFO - Processing file /home/airflow/.local/lib/python3.7/site-packages/airflow/example_dags/example_branch_operator.py for tasks to queue
[2024-12-03T16:15:21.453+0000] {logging_mixin.py:120} INFO - [2024-12-03T16:15:21.453+0000] {dagbag.py:537} INFO - Filling up the DagBag from /home/airflow/.local/lib/python3.7/site-packages/airflow/example_dags/example_branch_operator.py
[2024-12-03T16:15:21.523+0000] {processor.py:766} INFO - DAG(s) dict_keys(['example_branch_operator']) retrieved from /home/airflow/.local/lib/python3.7/site-packages/airflow/example_dags/example_branch_operator.py
[2024-12-03T16:15:21.669+0000] {logging_mixin.py:120} INFO - [2024-12-03T16:15:21.669+0000] {dag.py:2585} INFO - Sync 1 DAGs
[2024-12-03T16:15:21.762+0000] {logging_mixin.py:120} INFO - [2024-12-03T16:15:21.762+0000] {dag.py:3340} INFO - Setting next_dagrun for example_branch_operator to 2024-12-02T00:00:00+00:00, run_after=2024-12-03T00:00:00+00:00
[2024-12-03T16:15:21.813+0000] {processor.py:176} INFO - Processing /home/airflow/.local/lib/python3.7/site-packages/airflow/example_dags/example_branch_operator.py took 0.377 seconds
[2024-12-03T16:15:51.960+0000] {processor.py:154} INFO - Started process (PID=2683) to work on /home/airflow/.local/lib/python3.7/site-packages/airflow/example_dags/example_branch_operator.py
[2024-12-03T16:15:51.962+0000] {processor.py:756} INFO - Processing file /home/airflow/.local/lib/python3.7/site-packages/airflow/example_dags/example_branch_operator.py for tasks to queue
[2024-12-03T16:15:51.965+0000] {logging_mixin.py:120} INFO - [2024-12-03T16:15:51.965+0000] {dagbag.py:537} INFO - Filling up the DagBag from /home/airflow/.local/lib/python3.7/site-packages/airflow/example_dags/example_branch_operator.py
[2024-12-03T16:15:52.046+0000] {processor.py:766} INFO - DAG(s) dict_keys(['example_branch_operator']) retrieved from /home/airflow/.local/lib/python3.7/site-packages/airflow/example_dags/example_branch_operator.py
[2024-12-03T16:15:52.199+0000] {logging_mixin.py:120} INFO - [2024-12-03T16:15:52.198+0000] {dag.py:2585} INFO - Sync 1 DAGs
[2024-12-03T16:15:52.285+0000] {logging_mixin.py:120} INFO - [2024-12-03T16:15:52.285+0000] {dag.py:3340} INFO - Setting next_dagrun for example_branch_operator to 2024-12-02T00:00:00+00:00, run_after=2024-12-03T00:00:00+00:00
[2024-12-03T16:15:52.349+0000] {processor.py:176} INFO - Processing /home/airflow/.local/lib/python3.7/site-packages/airflow/example_dags/example_branch_operator.py took 0.401 seconds
[2024-12-03T16:16:22.747+0000] {processor.py:154} INFO - Started process (PID=2739) to work on /home/airflow/.local/lib/python3.7/site-packages/airflow/example_dags/example_branch_operator.py
[2024-12-03T16:16:22.750+0000] {processor.py:756} INFO - Processing file /home/airflow/.local/lib/python3.7/site-packages/airflow/example_dags/example_branch_operator.py for tasks to queue
[2024-12-03T16:16:22.753+0000] {logging_mixin.py:120} INFO - [2024-12-03T16:16:22.753+0000] {dagbag.py:537} INFO - Filling up the DagBag from /home/airflow/.local/lib/python3.7/site-packages/airflow/example_dags/example_branch_operator.py
[2024-12-03T16:16:22.798+0000] {processor.py:766} INFO - DAG(s) dict_keys(['example_branch_operator']) retrieved from /home/airflow/.local/lib/python3.7/site-packages/airflow/example_dags/example_branch_operator.py
[2024-12-03T16:16:22.929+0000] {logging_mixin.py:120} INFO - [2024-12-03T16:16:22.929+0000] {dag.py:2585} INFO - Sync 1 DAGs
[2024-12-03T16:16:23.024+0000] {logging_mixin.py:120} INFO - [2024-12-03T16:16:23.024+0000] {dag.py:3340} INFO - Setting next_dagrun for example_branch_operator to 2024-12-02T00:00:00+00:00, run_after=2024-12-03T00:00:00+00:00
[2024-12-03T16:16:23.090+0000] {processor.py:176} INFO - Processing /home/airflow/.local/lib/python3.7/site-packages/airflow/example_dags/example_branch_operator.py took 0.350 seconds
[2024-12-03T16:16:53.862+0000] {processor.py:154} INFO - Started process (PID=2804) to work on /home/airflow/.local/lib/python3.7/site-packages/airflow/example_dags/example_branch_operator.py
[2024-12-03T16:16:53.865+0000] {processor.py:756} INFO - Processing file /home/airflow/.local/lib/python3.7/site-packages/airflow/example_dags/example_branch_operator.py for tasks to queue
[2024-12-03T16:16:53.867+0000] {logging_mixin.py:120} INFO - [2024-12-03T16:16:53.867+0000] {dagbag.py:537} INFO - Filling up the DagBag from /home/airflow/.local/lib/python3.7/site-packages/airflow/example_dags/example_branch_operator.py
[2024-12-03T16:16:53.936+0000] {processor.py:766} INFO - DAG(s) dict_keys(['example_branch_operator']) retrieved from /home/airflow/.local/lib/python3.7/site-packages/airflow/example_dags/example_branch_operator.py
[2024-12-03T16:16:54.102+0000] {logging_mixin.py:120} INFO - [2024-12-03T16:16:54.101+0000] {dag.py:2585} INFO - Sync 1 DAGs
[2024-12-03T16:16:54.205+0000] {logging_mixin.py:120} INFO - [2024-12-03T16:16:54.204+0000] {dag.py:3340} INFO - Setting next_dagrun for example_branch_operator to 2024-12-02T00:00:00+00:00, run_after=2024-12-03T00:00:00+00:00
[2024-12-03T16:16:54.269+0000] {processor.py:176} INFO - Processing /home/airflow/.local/lib/python3.7/site-packages/airflow/example_dags/example_branch_operator.py took 0.415 seconds
[2024-12-03T16:17:24.543+0000] {processor.py:154} INFO - Started process (PID=2859) to work on /home/airflow/.local/lib/python3.7/site-packages/airflow/example_dags/example_branch_operator.py
[2024-12-03T16:17:24.546+0000] {processor.py:756} INFO - Processing file /home/airflow/.local/lib/python3.7/site-packages/airflow/example_dags/example_branch_operator.py for tasks to queue
[2024-12-03T16:17:24.548+0000] {logging_mixin.py:120} INFO - [2024-12-03T16:17:24.548+0000] {dagbag.py:537} INFO - Filling up the DagBag from /home/airflow/.local/lib/python3.7/site-packages/airflow/example_dags/example_branch_operator.py
[2024-12-03T16:17:24.602+0000] {processor.py:766} INFO - DAG(s) dict_keys(['example_branch_operator']) retrieved from /home/airflow/.local/lib/python3.7/site-packages/airflow/example_dags/example_branch_operator.py
[2024-12-03T16:17:24.718+0000] {logging_mixin.py:120} INFO - [2024-12-03T16:17:24.718+0000] {dag.py:2585} INFO - Sync 1 DAGs
[2024-12-03T16:17:24.792+0000] {logging_mixin.py:120} INFO - [2024-12-03T16:17:24.791+0000] {dag.py:3340} INFO - Setting next_dagrun for example_branch_operator to 2024-12-02T00:00:00+00:00, run_after=2024-12-03T00:00:00+00:00
[2024-12-03T16:17:24.857+0000] {processor.py:176} INFO - Processing /home/airflow/.local/lib/python3.7/site-packages/airflow/example_dags/example_branch_operator.py took 0.323 seconds
[2024-12-03T16:17:55.256+0000] {processor.py:154} INFO - Started process (PID=2915) to work on /home/airflow/.local/lib/python3.7/site-packages/airflow/example_dags/example_branch_operator.py
[2024-12-03T16:17:55.259+0000] {processor.py:756} INFO - Processing file /home/airflow/.local/lib/python3.7/site-packages/airflow/example_dags/example_branch_operator.py for tasks to queue
[2024-12-03T16:17:55.262+0000] {logging_mixin.py:120} INFO - [2024-12-03T16:17:55.262+0000] {dagbag.py:537} INFO - Filling up the DagBag from /home/airflow/.local/lib/python3.7/site-packages/airflow/example_dags/example_branch_operator.py
[2024-12-03T16:17:55.320+0000] {processor.py:766} INFO - DAG(s) dict_keys(['example_branch_operator']) retrieved from /home/airflow/.local/lib/python3.7/site-packages/airflow/example_dags/example_branch_operator.py
[2024-12-03T16:17:55.445+0000] {logging_mixin.py:120} INFO - [2024-12-03T16:17:55.445+0000] {dag.py:2585} INFO - Sync 1 DAGs
[2024-12-03T16:17:55.528+0000] {logging_mixin.py:120} INFO - [2024-12-03T16:17:55.527+0000] {dag.py:3340} INFO - Setting next_dagrun for example_branch_operator to 2024-12-02T00:00:00+00:00, run_after=2024-12-03T00:00:00+00:00
[2024-12-03T16:17:55.581+0000] {processor.py:176} INFO - Processing /home/airflow/.local/lib/python3.7/site-packages/airflow/example_dags/example_branch_operator.py took 0.331 seconds
[2024-12-03T16:18:26.390+0000] {processor.py:154} INFO - Started process (PID=2974) to work on /home/airflow/.local/lib/python3.7/site-packages/airflow/example_dags/example_branch_operator.py
[2024-12-03T16:18:26.392+0000] {processor.py:756} INFO - Processing file /home/airflow/.local/lib/python3.7/site-packages/airflow/example_dags/example_branch_operator.py for tasks to queue
[2024-12-03T16:18:26.394+0000] {logging_mixin.py:120} INFO - [2024-12-03T16:18:26.394+0000] {dagbag.py:537} INFO - Filling up the DagBag from /home/airflow/.local/lib/python3.7/site-packages/airflow/example_dags/example_branch_operator.py
[2024-12-03T16:18:26.478+0000] {processor.py:766} INFO - DAG(s) dict_keys(['example_branch_operator']) retrieved from /home/airflow/.local/lib/python3.7/site-packages/airflow/example_dags/example_branch_operator.py
[2024-12-03T16:18:26.609+0000] {logging_mixin.py:120} INFO - [2024-12-03T16:18:26.609+0000] {dag.py:2585} INFO - Sync 1 DAGs
[2024-12-03T16:18:26.682+0000] {logging_mixin.py:120} INFO - [2024-12-03T16:18:26.681+0000] {dag.py:3340} INFO - Setting next_dagrun for example_branch_operator to 2024-12-02T00:00:00+00:00, run_after=2024-12-03T00:00:00+00:00
[2024-12-03T16:18:26.748+0000] {processor.py:176} INFO - Processing /home/airflow/.local/lib/python3.7/site-packages/airflow/example_dags/example_branch_operator.py took 0.364 seconds
[2024-12-03T16:18:57.559+0000] {processor.py:154} INFO - Started process (PID=3038) to work on /home/airflow/.local/lib/python3.7/site-packages/airflow/example_dags/example_branch_operator.py
[2024-12-03T16:18:57.561+0000] {processor.py:756} INFO - Processing file /home/airflow/.local/lib/python3.7/site-packages/airflow/example_dags/example_branch_operator.py for tasks to queue
[2024-12-03T16:18:57.563+0000] {logging_mixin.py:120} INFO - [2024-12-03T16:18:57.563+0000] {dagbag.py:537} INFO - Filling up the DagBag from /home/airflow/.local/lib/python3.7/site-packages/airflow/example_dags/example_branch_operator.py
[2024-12-03T16:18:57.588+0000] {processor.py:766} INFO - DAG(s) dict_keys(['example_branch_operator']) retrieved from /home/airflow/.local/lib/python3.7/site-packages/airflow/example_dags/example_branch_operator.py
[2024-12-03T16:18:57.652+0000] {logging_mixin.py:120} INFO - [2024-12-03T16:18:57.652+0000] {dag.py:2585} INFO - Sync 1 DAGs
[2024-12-03T16:18:57.697+0000] {logging_mixin.py:120} INFO - [2024-12-03T16:18:57.696+0000] {dag.py:3340} INFO - Setting next_dagrun for example_branch_operator to 2024-12-02T00:00:00+00:00, run_after=2024-12-03T00:00:00+00:00
[2024-12-03T16:18:57.735+0000] {processor.py:176} INFO - Processing /home/airflow/.local/lib/python3.7/site-packages/airflow/example_dags/example_branch_operator.py took 0.180 seconds
[2024-12-03T16:19:27.896+0000] {processor.py:154} INFO - Started process (PID=3102) to work on /home/airflow/.local/lib/python3.7/site-packages/airflow/example_dags/example_branch_operator.py
[2024-12-03T16:19:27.897+0000] {processor.py:756} INFO - Processing file /home/airflow/.local/lib/python3.7/site-packages/airflow/example_dags/example_branch_operator.py for tasks to queue
[2024-12-03T16:19:27.899+0000] {logging_mixin.py:120} INFO - [2024-12-03T16:19:27.899+0000] {dagbag.py:537} INFO - Filling up the DagBag from /home/airflow/.local/lib/python3.7/site-packages/airflow/example_dags/example_branch_operator.py
[2024-12-03T16:19:27.922+0000] {processor.py:766} INFO - DAG(s) dict_keys(['example_branch_operator']) retrieved from /home/airflow/.local/lib/python3.7/site-packages/airflow/example_dags/example_branch_operator.py
[2024-12-03T16:19:27.990+0000] {logging_mixin.py:120} INFO - [2024-12-03T16:19:27.990+0000] {dag.py:2585} INFO - Sync 1 DAGs
[2024-12-03T16:19:28.032+0000] {logging_mixin.py:120} INFO - [2024-12-03T16:19:28.032+0000] {dag.py:3340} INFO - Setting next_dagrun for example_branch_operator to 2024-12-02T00:00:00+00:00, run_after=2024-12-03T00:00:00+00:00
[2024-12-03T16:19:28.070+0000] {processor.py:176} INFO - Processing /home/airflow/.local/lib/python3.7/site-packages/airflow/example_dags/example_branch_operator.py took 0.179 seconds
[2024-12-03T16:19:58.781+0000] {processor.py:154} INFO - Started process (PID=3170) to work on /home/airflow/.local/lib/python3.7/site-packages/airflow/example_dags/example_branch_operator.py
[2024-12-03T16:19:58.784+0000] {processor.py:756} INFO - Processing file /home/airflow/.local/lib/python3.7/site-packages/airflow/example_dags/example_branch_operator.py for tasks to queue
[2024-12-03T16:19:58.786+0000] {logging_mixin.py:120} INFO - [2024-12-03T16:19:58.785+0000] {dagbag.py:537} INFO - Filling up the DagBag from /home/airflow/.local/lib/python3.7/site-packages/airflow/example_dags/example_branch_operator.py
[2024-12-03T16:19:58.822+0000] {processor.py:766} INFO - DAG(s) dict_keys(['example_branch_operator']) retrieved from /home/airflow/.local/lib/python3.7/site-packages/airflow/example_dags/example_branch_operator.py
[2024-12-03T16:19:58.904+0000] {logging_mixin.py:120} INFO - [2024-12-03T16:19:58.904+0000] {dag.py:2585} INFO - Sync 1 DAGs
[2024-12-03T16:19:58.951+0000] {logging_mixin.py:120} INFO - [2024-12-03T16:19:58.951+0000] {dag.py:3340} INFO - Setting next_dagrun for example_branch_operator to 2024-12-02T00:00:00+00:00, run_after=2024-12-03T00:00:00+00:00
[2024-12-03T16:19:58.992+0000] {processor.py:176} INFO - Processing /home/airflow/.local/lib/python3.7/site-packages/airflow/example_dags/example_branch_operator.py took 0.215 seconds
[2024-12-03T16:20:29.181+0000] {processor.py:154} INFO - Started process (PID=3234) to work on /home/airflow/.local/lib/python3.7/site-packages/airflow/example_dags/example_branch_operator.py
[2024-12-03T16:20:29.189+0000] {processor.py:756} INFO - Processing file /home/airflow/.local/lib/python3.7/site-packages/airflow/example_dags/example_branch_operator.py for tasks to queue
[2024-12-03T16:20:29.191+0000] {logging_mixin.py:120} INFO - [2024-12-03T16:20:29.190+0000] {dagbag.py:537} INFO - Filling up the DagBag from /home/airflow/.local/lib/python3.7/site-packages/airflow/example_dags/example_branch_operator.py
[2024-12-03T16:20:29.221+0000] {processor.py:766} INFO - DAG(s) dict_keys(['example_branch_operator']) retrieved from /home/airflow/.local/lib/python3.7/site-packages/airflow/example_dags/example_branch_operator.py
[2024-12-03T16:20:29.277+0000] {logging_mixin.py:120} INFO - [2024-12-03T16:20:29.276+0000] {dag.py:2585} INFO - Sync 1 DAGs
[2024-12-03T16:20:29.321+0000] {logging_mixin.py:120} INFO - [2024-12-03T16:20:29.320+0000] {dag.py:3340} INFO - Setting next_dagrun for example_branch_operator to 2024-12-02T00:00:00+00:00, run_after=2024-12-03T00:00:00+00:00
[2024-12-03T16:20:29.355+0000] {processor.py:176} INFO - Processing /home/airflow/.local/lib/python3.7/site-packages/airflow/example_dags/example_branch_operator.py took 0.178 seconds
[2024-12-03T16:20:59.777+0000] {processor.py:154} INFO - Started process (PID=3289) to work on /home/airflow/.local/lib/python3.7/site-packages/airflow/example_dags/example_branch_operator.py
[2024-12-03T16:20:59.778+0000] {processor.py:756} INFO - Processing file /home/airflow/.local/lib/python3.7/site-packages/airflow/example_dags/example_branch_operator.py for tasks to queue
[2024-12-03T16:20:59.779+0000] {logging_mixin.py:120} INFO - [2024-12-03T16:20:59.779+0000] {dagbag.py:537} INFO - Filling up the DagBag from /home/airflow/.local/lib/python3.7/site-packages/airflow/example_dags/example_branch_operator.py
[2024-12-03T16:20:59.801+0000] {processor.py:766} INFO - DAG(s) dict_keys(['example_branch_operator']) retrieved from /home/airflow/.local/lib/python3.7/site-packages/airflow/example_dags/example_branch_operator.py
[2024-12-03T16:20:59.856+0000] {logging_mixin.py:120} INFO - [2024-12-03T16:20:59.856+0000] {dag.py:2585} INFO - Sync 1 DAGs
[2024-12-03T16:20:59.895+0000] {logging_mixin.py:120} INFO - [2024-12-03T16:20:59.895+0000] {dag.py:3340} INFO - Setting next_dagrun for example_branch_operator to 2024-12-02T00:00:00+00:00, run_after=2024-12-03T00:00:00+00:00
[2024-12-03T16:20:59.927+0000] {processor.py:176} INFO - Processing /home/airflow/.local/lib/python3.7/site-packages/airflow/example_dags/example_branch_operator.py took 0.154 seconds
[2024-12-03T16:21:30.376+0000] {processor.py:154} INFO - Started process (PID=3353) to work on /home/airflow/.local/lib/python3.7/site-packages/airflow/example_dags/example_branch_operator.py
[2024-12-03T16:21:30.378+0000] {processor.py:756} INFO - Processing file /home/airflow/.local/lib/python3.7/site-packages/airflow/example_dags/example_branch_operator.py for tasks to queue
[2024-12-03T16:21:30.379+0000] {logging_mixin.py:120} INFO - [2024-12-03T16:21:30.379+0000] {dagbag.py:537} INFO - Filling up the DagBag from /home/airflow/.local/lib/python3.7/site-packages/airflow/example_dags/example_branch_operator.py
[2024-12-03T16:21:30.409+0000] {processor.py:766} INFO - DAG(s) dict_keys(['example_branch_operator']) retrieved from /home/airflow/.local/lib/python3.7/site-packages/airflow/example_dags/example_branch_operator.py
[2024-12-03T16:21:30.468+0000] {logging_mixin.py:120} INFO - [2024-12-03T16:21:30.468+0000] {dag.py:2585} INFO - Sync 1 DAGs
[2024-12-03T16:21:30.506+0000] {logging_mixin.py:120} INFO - [2024-12-03T16:21:30.506+0000] {dag.py:3340} INFO - Setting next_dagrun for example_branch_operator to 2024-12-02T00:00:00+00:00, run_after=2024-12-03T00:00:00+00:00
[2024-12-03T16:21:30.544+0000] {processor.py:176} INFO - Processing /home/airflow/.local/lib/python3.7/site-packages/airflow/example_dags/example_branch_operator.py took 0.171 seconds
[2024-12-03T16:22:00.980+0000] {processor.py:154} INFO - Started process (PID=3408) to work on /home/airflow/.local/lib/python3.7/site-packages/airflow/example_dags/example_branch_operator.py
[2024-12-03T16:22:00.982+0000] {processor.py:756} INFO - Processing file /home/airflow/.local/lib/python3.7/site-packages/airflow/example_dags/example_branch_operator.py for tasks to queue
[2024-12-03T16:22:00.983+0000] {logging_mixin.py:120} INFO - [2024-12-03T16:22:00.983+0000] {dagbag.py:537} INFO - Filling up the DagBag from /home/airflow/.local/lib/python3.7/site-packages/airflow/example_dags/example_branch_operator.py
[2024-12-03T16:22:01.002+0000] {processor.py:766} INFO - DAG(s) dict_keys(['example_branch_operator']) retrieved from /home/airflow/.local/lib/python3.7/site-packages/airflow/example_dags/example_branch_operator.py
[2024-12-03T16:22:01.057+0000] {logging_mixin.py:120} INFO - [2024-12-03T16:22:01.056+0000] {dag.py:2585} INFO - Sync 1 DAGs
[2024-12-03T16:22:01.089+0000] {logging_mixin.py:120} INFO - [2024-12-03T16:22:01.089+0000] {dag.py:3340} INFO - Setting next_dagrun for example_branch_operator to 2024-12-02T00:00:00+00:00, run_after=2024-12-03T00:00:00+00:00
[2024-12-03T16:22:01.122+0000] {processor.py:176} INFO - Processing /home/airflow/.local/lib/python3.7/site-packages/airflow/example_dags/example_branch_operator.py took 0.146 seconds
[2024-12-03T16:22:31.347+0000] {processor.py:154} INFO - Started process (PID=3472) to work on /home/airflow/.local/lib/python3.7/site-packages/airflow/example_dags/example_branch_operator.py
[2024-12-03T16:22:31.348+0000] {processor.py:756} INFO - Processing file /home/airflow/.local/lib/python3.7/site-packages/airflow/example_dags/example_branch_operator.py for tasks to queue
[2024-12-03T16:22:31.350+0000] {logging_mixin.py:120} INFO - [2024-12-03T16:22:31.349+0000] {dagbag.py:537} INFO - Filling up the DagBag from /home/airflow/.local/lib/python3.7/site-packages/airflow/example_dags/example_branch_operator.py
[2024-12-03T16:22:31.370+0000] {processor.py:766} INFO - DAG(s) dict_keys(['example_branch_operator']) retrieved from /home/airflow/.local/lib/python3.7/site-packages/airflow/example_dags/example_branch_operator.py
[2024-12-03T16:22:31.423+0000] {logging_mixin.py:120} INFO - [2024-12-03T16:22:31.423+0000] {dag.py:2585} INFO - Sync 1 DAGs
[2024-12-03T16:22:31.459+0000] {logging_mixin.py:120} INFO - [2024-12-03T16:22:31.459+0000] {dag.py:3340} INFO - Setting next_dagrun for example_branch_operator to 2024-12-02T00:00:00+00:00, run_after=2024-12-03T00:00:00+00:00
[2024-12-03T16:22:31.495+0000] {processor.py:176} INFO - Processing /home/airflow/.local/lib/python3.7/site-packages/airflow/example_dags/example_branch_operator.py took 0.151 seconds
[2024-12-03T16:23:01.574+0000] {processor.py:154} INFO - Started process (PID=3527) to work on /home/airflow/.local/lib/python3.7/site-packages/airflow/example_dags/example_branch_operator.py
[2024-12-03T16:23:01.576+0000] {processor.py:756} INFO - Processing file /home/airflow/.local/lib/python3.7/site-packages/airflow/example_dags/example_branch_operator.py for tasks to queue
[2024-12-03T16:23:01.577+0000] {logging_mixin.py:120} INFO - [2024-12-03T16:23:01.577+0000] {dagbag.py:537} INFO - Filling up the DagBag from /home/airflow/.local/lib/python3.7/site-packages/airflow/example_dags/example_branch_operator.py
[2024-12-03T16:23:01.594+0000] {processor.py:766} INFO - DAG(s) dict_keys(['example_branch_operator']) retrieved from /home/airflow/.local/lib/python3.7/site-packages/airflow/example_dags/example_branch_operator.py
[2024-12-03T16:23:01.647+0000] {logging_mixin.py:120} INFO - [2024-12-03T16:23:01.647+0000] {dag.py:2585} INFO - Sync 1 DAGs
[2024-12-03T16:23:01.684+0000] {logging_mixin.py:120} INFO - [2024-12-03T16:23:01.684+0000] {dag.py:3340} INFO - Setting next_dagrun for example_branch_operator to 2024-12-02T00:00:00+00:00, run_after=2024-12-03T00:00:00+00:00
[2024-12-03T16:23:01.716+0000] {processor.py:176} INFO - Processing /home/airflow/.local/lib/python3.7/site-packages/airflow/example_dags/example_branch_operator.py took 0.146 seconds
[2024-12-03T16:23:32.589+0000] {processor.py:154} INFO - Started process (PID=3591) to work on /home/airflow/.local/lib/python3.7/site-packages/airflow/example_dags/example_branch_operator.py
[2024-12-03T16:23:32.591+0000] {processor.py:756} INFO - Processing file /home/airflow/.local/lib/python3.7/site-packages/airflow/example_dags/example_branch_operator.py for tasks to queue
[2024-12-03T16:23:32.593+0000] {logging_mixin.py:120} INFO - [2024-12-03T16:23:32.592+0000] {dagbag.py:537} INFO - Filling up the DagBag from /home/airflow/.local/lib/python3.7/site-packages/airflow/example_dags/example_branch_operator.py
[2024-12-03T16:23:32.615+0000] {processor.py:766} INFO - DAG(s) dict_keys(['example_branch_operator']) retrieved from /home/airflow/.local/lib/python3.7/site-packages/airflow/example_dags/example_branch_operator.py
[2024-12-03T16:23:32.672+0000] {logging_mixin.py:120} INFO - [2024-12-03T16:23:32.671+0000] {dag.py:2585} INFO - Sync 1 DAGs
[2024-12-03T16:23:32.706+0000] {logging_mixin.py:120} INFO - [2024-12-03T16:23:32.706+0000] {dag.py:3340} INFO - Setting next_dagrun for example_branch_operator to 2024-12-02T00:00:00+00:00, run_after=2024-12-03T00:00:00+00:00
[2024-12-03T16:23:32.742+0000] {processor.py:176} INFO - Processing /home/airflow/.local/lib/python3.7/site-packages/airflow/example_dags/example_branch_operator.py took 0.156 seconds
[2024-12-03T16:24:03.202+0000] {processor.py:154} INFO - Started process (PID=3655) to work on /home/airflow/.local/lib/python3.7/site-packages/airflow/example_dags/example_branch_operator.py
[2024-12-03T16:24:03.204+0000] {processor.py:756} INFO - Processing file /home/airflow/.local/lib/python3.7/site-packages/airflow/example_dags/example_branch_operator.py for tasks to queue
[2024-12-03T16:24:03.205+0000] {logging_mixin.py:120} INFO - [2024-12-03T16:24:03.205+0000] {dagbag.py:537} INFO - Filling up the DagBag from /home/airflow/.local/lib/python3.7/site-packages/airflow/example_dags/example_branch_operator.py
[2024-12-03T16:24:03.229+0000] {processor.py:766} INFO - DAG(s) dict_keys(['example_branch_operator']) retrieved from /home/airflow/.local/lib/python3.7/site-packages/airflow/example_dags/example_branch_operator.py
[2024-12-03T16:24:03.296+0000] {logging_mixin.py:120} INFO - [2024-12-03T16:24:03.296+0000] {dag.py:2585} INFO - Sync 1 DAGs
[2024-12-03T16:24:03.335+0000] {logging_mixin.py:120} INFO - [2024-12-03T16:24:03.335+0000] {dag.py:3340} INFO - Setting next_dagrun for example_branch_operator to 2024-12-02T00:00:00+00:00, run_after=2024-12-03T00:00:00+00:00
[2024-12-03T16:24:03.374+0000] {processor.py:176} INFO - Processing /home/airflow/.local/lib/python3.7/site-packages/airflow/example_dags/example_branch_operator.py took 0.175 seconds
[2024-12-03T16:24:33.506+0000] {processor.py:154} INFO - Started process (PID=3714) to work on /home/airflow/.local/lib/python3.7/site-packages/airflow/example_dags/example_branch_operator.py
[2024-12-03T16:24:33.510+0000] {processor.py:756} INFO - Processing file /home/airflow/.local/lib/python3.7/site-packages/airflow/example_dags/example_branch_operator.py for tasks to queue
[2024-12-03T16:24:33.511+0000] {logging_mixin.py:120} INFO - [2024-12-03T16:24:33.511+0000] {dagbag.py:537} INFO - Filling up the DagBag from /home/airflow/.local/lib/python3.7/site-packages/airflow/example_dags/example_branch_operator.py
[2024-12-03T16:24:33.535+0000] {processor.py:766} INFO - DAG(s) dict_keys(['example_branch_operator']) retrieved from /home/airflow/.local/lib/python3.7/site-packages/airflow/example_dags/example_branch_operator.py
[2024-12-03T16:24:33.594+0000] {logging_mixin.py:120} INFO - [2024-12-03T16:24:33.594+0000] {dag.py:2585} INFO - Sync 1 DAGs
[2024-12-03T16:24:33.634+0000] {logging_mixin.py:120} INFO - [2024-12-03T16:24:33.634+0000] {dag.py:3340} INFO - Setting next_dagrun for example_branch_operator to 2024-12-02T00:00:00+00:00, run_after=2024-12-03T00:00:00+00:00
[2024-12-03T16:24:33.673+0000] {processor.py:176} INFO - Processing /home/airflow/.local/lib/python3.7/site-packages/airflow/example_dags/example_branch_operator.py took 0.172 seconds
[2024-12-03T16:25:04.110+0000] {processor.py:154} INFO - Started process (PID=3787) to work on /home/airflow/.local/lib/python3.7/site-packages/airflow/example_dags/example_branch_operator.py
[2024-12-03T16:25:04.111+0000] {processor.py:756} INFO - Processing file /home/airflow/.local/lib/python3.7/site-packages/airflow/example_dags/example_branch_operator.py for tasks to queue
[2024-12-03T16:25:04.113+0000] {logging_mixin.py:120} INFO - [2024-12-03T16:25:04.113+0000] {dagbag.py:537} INFO - Filling up the DagBag from /home/airflow/.local/lib/python3.7/site-packages/airflow/example_dags/example_branch_operator.py
[2024-12-03T16:25:04.136+0000] {processor.py:766} INFO - DAG(s) dict_keys(['example_branch_operator']) retrieved from /home/airflow/.local/lib/python3.7/site-packages/airflow/example_dags/example_branch_operator.py
[2024-12-03T16:25:04.197+0000] {logging_mixin.py:120} INFO - [2024-12-03T16:25:04.197+0000] {dag.py:2585} INFO - Sync 1 DAGs
[2024-12-03T16:25:04.234+0000] {logging_mixin.py:120} INFO - [2024-12-03T16:25:04.234+0000] {dag.py:3340} INFO - Setting next_dagrun for example_branch_operator to 2024-12-02T00:00:00+00:00, run_after=2024-12-03T00:00:00+00:00
[2024-12-03T16:25:04.268+0000] {processor.py:176} INFO - Processing /home/airflow/.local/lib/python3.7/site-packages/airflow/example_dags/example_branch_operator.py took 0.162 seconds
[2024-12-03T16:25:34.453+0000] {processor.py:154} INFO - Started process (PID=3854) to work on /home/airflow/.local/lib/python3.7/site-packages/airflow/example_dags/example_branch_operator.py
[2024-12-03T16:25:34.455+0000] {processor.py:756} INFO - Processing file /home/airflow/.local/lib/python3.7/site-packages/airflow/example_dags/example_branch_operator.py for tasks to queue
[2024-12-03T16:25:34.457+0000] {logging_mixin.py:120} INFO - [2024-12-03T16:25:34.457+0000] {dagbag.py:537} INFO - Filling up the DagBag from /home/airflow/.local/lib/python3.7/site-packages/airflow/example_dags/example_branch_operator.py
[2024-12-03T16:25:34.488+0000] {processor.py:766} INFO - DAG(s) dict_keys(['example_branch_operator']) retrieved from /home/airflow/.local/lib/python3.7/site-packages/airflow/example_dags/example_branch_operator.py
[2024-12-03T16:25:34.558+0000] {logging_mixin.py:120} INFO - [2024-12-03T16:25:34.558+0000] {dag.py:2585} INFO - Sync 1 DAGs
[2024-12-03T16:25:34.598+0000] {logging_mixin.py:120} INFO - [2024-12-03T16:25:34.598+0000] {dag.py:3340} INFO - Setting next_dagrun for example_branch_operator to 2024-12-02T00:00:00+00:00, run_after=2024-12-03T00:00:00+00:00
[2024-12-03T16:25:34.636+0000] {processor.py:176} INFO - Processing /home/airflow/.local/lib/python3.7/site-packages/airflow/example_dags/example_branch_operator.py took 0.188 seconds
[2024-12-03T16:26:04.882+0000] {processor.py:154} INFO - Started process (PID=3919) to work on /home/airflow/.local/lib/python3.7/site-packages/airflow/example_dags/example_branch_operator.py
[2024-12-03T16:26:04.883+0000] {processor.py:756} INFO - Processing file /home/airflow/.local/lib/python3.7/site-packages/airflow/example_dags/example_branch_operator.py for tasks to queue
[2024-12-03T16:26:04.885+0000] {logging_mixin.py:120} INFO - [2024-12-03T16:26:04.885+0000] {dagbag.py:537} INFO - Filling up the DagBag from /home/airflow/.local/lib/python3.7/site-packages/airflow/example_dags/example_branch_operator.py
[2024-12-03T16:26:04.915+0000] {processor.py:766} INFO - DAG(s) dict_keys(['example_branch_operator']) retrieved from /home/airflow/.local/lib/python3.7/site-packages/airflow/example_dags/example_branch_operator.py
[2024-12-03T16:26:05.001+0000] {logging_mixin.py:120} INFO - [2024-12-03T16:26:05.001+0000] {dag.py:2585} INFO - Sync 1 DAGs
[2024-12-03T16:26:05.049+0000] {logging_mixin.py:120} INFO - [2024-12-03T16:26:05.049+0000] {dag.py:3340} INFO - Setting next_dagrun for example_branch_operator to 2024-12-02T00:00:00+00:00, run_after=2024-12-03T00:00:00+00:00
[2024-12-03T16:26:05.091+0000] {processor.py:176} INFO - Processing /home/airflow/.local/lib/python3.7/site-packages/airflow/example_dags/example_branch_operator.py took 0.213 seconds
[2024-12-03T16:26:35.295+0000] {processor.py:154} INFO - Started process (PID=3974) to work on /home/airflow/.local/lib/python3.7/site-packages/airflow/example_dags/example_branch_operator.py
[2024-12-03T16:26:35.296+0000] {processor.py:756} INFO - Processing file /home/airflow/.local/lib/python3.7/site-packages/airflow/example_dags/example_branch_operator.py for tasks to queue
[2024-12-03T16:26:35.297+0000] {logging_mixin.py:120} INFO - [2024-12-03T16:26:35.297+0000] {dagbag.py:537} INFO - Filling up the DagBag from /home/airflow/.local/lib/python3.7/site-packages/airflow/example_dags/example_branch_operator.py
[2024-12-03T16:26:35.316+0000] {processor.py:766} INFO - DAG(s) dict_keys(['example_branch_operator']) retrieved from /home/airflow/.local/lib/python3.7/site-packages/airflow/example_dags/example_branch_operator.py
[2024-12-03T16:26:35.369+0000] {logging_mixin.py:120} INFO - [2024-12-03T16:26:35.369+0000] {dag.py:2585} INFO - Sync 1 DAGs
[2024-12-03T16:26:35.402+0000] {logging_mixin.py:120} INFO - [2024-12-03T16:26:35.401+0000] {dag.py:3340} INFO - Setting next_dagrun for example_branch_operator to 2024-12-02T00:00:00+00:00, run_after=2024-12-03T00:00:00+00:00
[2024-12-03T16:26:35.433+0000] {processor.py:176} INFO - Processing /home/airflow/.local/lib/python3.7/site-packages/airflow/example_dags/example_branch_operator.py took 0.142 seconds
[2024-12-03T16:27:06.162+0000] {processor.py:154} INFO - Started process (PID=4038) to work on /home/airflow/.local/lib/python3.7/site-packages/airflow/example_dags/example_branch_operator.py
[2024-12-03T16:27:06.163+0000] {processor.py:756} INFO - Processing file /home/airflow/.local/lib/python3.7/site-packages/airflow/example_dags/example_branch_operator.py for tasks to queue
[2024-12-03T16:27:06.165+0000] {logging_mixin.py:120} INFO - [2024-12-03T16:27:06.164+0000] {dagbag.py:537} INFO - Filling up the DagBag from /home/airflow/.local/lib/python3.7/site-packages/airflow/example_dags/example_branch_operator.py
[2024-12-03T16:27:06.189+0000] {processor.py:766} INFO - DAG(s) dict_keys(['example_branch_operator']) retrieved from /home/airflow/.local/lib/python3.7/site-packages/airflow/example_dags/example_branch_operator.py
[2024-12-03T16:27:06.249+0000] {logging_mixin.py:120} INFO - [2024-12-03T16:27:06.248+0000] {dag.py:2585} INFO - Sync 1 DAGs
[2024-12-03T16:27:06.289+0000] {logging_mixin.py:120} INFO - [2024-12-03T16:27:06.289+0000] {dag.py:3340} INFO - Setting next_dagrun for example_branch_operator to 2024-12-02T00:00:00+00:00, run_after=2024-12-03T00:00:00+00:00
[2024-12-03T16:27:06.337+0000] {processor.py:176} INFO - Processing /home/airflow/.local/lib/python3.7/site-packages/airflow/example_dags/example_branch_operator.py took 0.179 seconds
[2024-12-03T16:27:36.570+0000] {processor.py:154} INFO - Started process (PID=4093) to work on /home/airflow/.local/lib/python3.7/site-packages/airflow/example_dags/example_branch_operator.py
[2024-12-03T16:27:36.572+0000] {processor.py:756} INFO - Processing file /home/airflow/.local/lib/python3.7/site-packages/airflow/example_dags/example_branch_operator.py for tasks to queue
[2024-12-03T16:27:36.573+0000] {logging_mixin.py:120} INFO - [2024-12-03T16:27:36.572+0000] {dagbag.py:537} INFO - Filling up the DagBag from /home/airflow/.local/lib/python3.7/site-packages/airflow/example_dags/example_branch_operator.py
[2024-12-03T16:27:36.595+0000] {processor.py:766} INFO - DAG(s) dict_keys(['example_branch_operator']) retrieved from /home/airflow/.local/lib/python3.7/site-packages/airflow/example_dags/example_branch_operator.py
[2024-12-03T16:27:36.649+0000] {logging_mixin.py:120} INFO - [2024-12-03T16:27:36.649+0000] {dag.py:2585} INFO - Sync 1 DAGs
[2024-12-03T16:27:36.689+0000] {logging_mixin.py:120} INFO - [2024-12-03T16:27:36.689+0000] {dag.py:3340} INFO - Setting next_dagrun for example_branch_operator to 2024-12-02T00:00:00+00:00, run_after=2024-12-03T00:00:00+00:00
[2024-12-03T16:27:36.719+0000] {processor.py:176} INFO - Processing /home/airflow/.local/lib/python3.7/site-packages/airflow/example_dags/example_branch_operator.py took 0.152 seconds
[2024-12-03T16:28:06.922+0000] {processor.py:154} INFO - Started process (PID=4157) to work on /home/airflow/.local/lib/python3.7/site-packages/airflow/example_dags/example_branch_operator.py
[2024-12-03T16:28:06.923+0000] {processor.py:756} INFO - Processing file /home/airflow/.local/lib/python3.7/site-packages/airflow/example_dags/example_branch_operator.py for tasks to queue
[2024-12-03T16:28:06.926+0000] {logging_mixin.py:120} INFO - [2024-12-03T16:28:06.925+0000] {dagbag.py:537} INFO - Filling up the DagBag from /home/airflow/.local/lib/python3.7/site-packages/airflow/example_dags/example_branch_operator.py
[2024-12-03T16:28:06.964+0000] {processor.py:766} INFO - DAG(s) dict_keys(['example_branch_operator']) retrieved from /home/airflow/.local/lib/python3.7/site-packages/airflow/example_dags/example_branch_operator.py
[2024-12-03T16:28:07.045+0000] {logging_mixin.py:120} INFO - [2024-12-03T16:28:07.044+0000] {dag.py:2585} INFO - Sync 1 DAGs
[2024-12-03T16:28:07.100+0000] {logging_mixin.py:120} INFO - [2024-12-03T16:28:07.099+0000] {dag.py:3340} INFO - Setting next_dagrun for example_branch_operator to 2024-12-02T00:00:00+00:00, run_after=2024-12-03T00:00:00+00:00
[2024-12-03T16:28:07.152+0000] {processor.py:176} INFO - Processing /home/airflow/.local/lib/python3.7/site-packages/airflow/example_dags/example_branch_operator.py took 0.234 seconds
[2024-12-03T16:28:37.455+0000] {processor.py:154} INFO - Started process (PID=4212) to work on /home/airflow/.local/lib/python3.7/site-packages/airflow/example_dags/example_branch_operator.py
[2024-12-03T16:28:37.457+0000] {processor.py:756} INFO - Processing file /home/airflow/.local/lib/python3.7/site-packages/airflow/example_dags/example_branch_operator.py for tasks to queue
[2024-12-03T16:28:37.458+0000] {logging_mixin.py:120} INFO - [2024-12-03T16:28:37.458+0000] {dagbag.py:537} INFO - Filling up the DagBag from /home/airflow/.local/lib/python3.7/site-packages/airflow/example_dags/example_branch_operator.py
[2024-12-03T16:28:37.480+0000] {processor.py:766} INFO - DAG(s) dict_keys(['example_branch_operator']) retrieved from /home/airflow/.local/lib/python3.7/site-packages/airflow/example_dags/example_branch_operator.py
[2024-12-03T16:28:37.545+0000] {logging_mixin.py:120} INFO - [2024-12-03T16:28:37.545+0000] {dag.py:2585} INFO - Sync 1 DAGs
[2024-12-03T16:28:37.588+0000] {logging_mixin.py:120} INFO - [2024-12-03T16:28:37.588+0000] {dag.py:3340} INFO - Setting next_dagrun for example_branch_operator to 2024-12-02T00:00:00+00:00, run_after=2024-12-03T00:00:00+00:00
[2024-12-03T16:28:37.630+0000] {processor.py:176} INFO - Processing /home/airflow/.local/lib/python3.7/site-packages/airflow/example_dags/example_branch_operator.py took 0.179 seconds
[2024-12-03T16:29:08.502+0000] {processor.py:154} INFO - Started process (PID=4282) to work on /home/airflow/.local/lib/python3.7/site-packages/airflow/example_dags/example_branch_operator.py
[2024-12-03T16:29:08.504+0000] {processor.py:756} INFO - Processing file /home/airflow/.local/lib/python3.7/site-packages/airflow/example_dags/example_branch_operator.py for tasks to queue
[2024-12-03T16:29:08.505+0000] {logging_mixin.py:120} INFO - [2024-12-03T16:29:08.505+0000] {dagbag.py:537} INFO - Filling up the DagBag from /home/airflow/.local/lib/python3.7/site-packages/airflow/example_dags/example_branch_operator.py
[2024-12-03T16:29:08.529+0000] {processor.py:766} INFO - DAG(s) dict_keys(['example_branch_operator']) retrieved from /home/airflow/.local/lib/python3.7/site-packages/airflow/example_dags/example_branch_operator.py
[2024-12-03T16:29:08.602+0000] {logging_mixin.py:120} INFO - [2024-12-03T16:29:08.602+0000] {dag.py:2585} INFO - Sync 1 DAGs
[2024-12-03T16:29:08.649+0000] {logging_mixin.py:120} INFO - [2024-12-03T16:29:08.649+0000] {dag.py:3340} INFO - Setting next_dagrun for example_branch_operator to 2024-12-02T00:00:00+00:00, run_after=2024-12-03T00:00:00+00:00
[2024-12-03T16:29:08.703+0000] {processor.py:176} INFO - Processing /home/airflow/.local/lib/python3.7/site-packages/airflow/example_dags/example_branch_operator.py took 0.204 seconds
[2024-12-03T16:29:39.224+0000] {processor.py:154} INFO - Started process (PID=4342) to work on /home/airflow/.local/lib/python3.7/site-packages/airflow/example_dags/example_branch_operator.py
[2024-12-03T16:29:39.226+0000] {processor.py:756} INFO - Processing file /home/airflow/.local/lib/python3.7/site-packages/airflow/example_dags/example_branch_operator.py for tasks to queue
[2024-12-03T16:29:39.228+0000] {logging_mixin.py:120} INFO - [2024-12-03T16:29:39.227+0000] {dagbag.py:537} INFO - Filling up the DagBag from /home/airflow/.local/lib/python3.7/site-packages/airflow/example_dags/example_branch_operator.py
[2024-12-03T16:29:39.255+0000] {processor.py:766} INFO - DAG(s) dict_keys(['example_branch_operator']) retrieved from /home/airflow/.local/lib/python3.7/site-packages/airflow/example_dags/example_branch_operator.py
[2024-12-03T16:29:39.338+0000] {logging_mixin.py:120} INFO - [2024-12-03T16:29:39.337+0000] {dag.py:2585} INFO - Sync 1 DAGs
[2024-12-03T16:29:39.391+0000] {logging_mixin.py:120} INFO - [2024-12-03T16:29:39.391+0000] {dag.py:3340} INFO - Setting next_dagrun for example_branch_operator to 2024-12-02T00:00:00+00:00, run_after=2024-12-03T00:00:00+00:00
[2024-12-03T16:29:39.435+0000] {processor.py:176} INFO - Processing /home/airflow/.local/lib/python3.7/site-packages/airflow/example_dags/example_branch_operator.py took 0.217 seconds
[2024-12-03T16:30:09.764+0000] {processor.py:154} INFO - Started process (PID=4407) to work on /home/airflow/.local/lib/python3.7/site-packages/airflow/example_dags/example_branch_operator.py
[2024-12-03T16:30:09.766+0000] {processor.py:756} INFO - Processing file /home/airflow/.local/lib/python3.7/site-packages/airflow/example_dags/example_branch_operator.py for tasks to queue
[2024-12-03T16:30:09.768+0000] {logging_mixin.py:120} INFO - [2024-12-03T16:30:09.767+0000] {dagbag.py:537} INFO - Filling up the DagBag from /home/airflow/.local/lib/python3.7/site-packages/airflow/example_dags/example_branch_operator.py
[2024-12-03T16:30:09.795+0000] {processor.py:766} INFO - DAG(s) dict_keys(['example_branch_operator']) retrieved from /home/airflow/.local/lib/python3.7/site-packages/airflow/example_dags/example_branch_operator.py
[2024-12-03T16:30:09.877+0000] {logging_mixin.py:120} INFO - [2024-12-03T16:30:09.877+0000] {dag.py:2585} INFO - Sync 1 DAGs
[2024-12-03T16:30:09.932+0000] {logging_mixin.py:120} INFO - [2024-12-03T16:30:09.932+0000] {dag.py:3340} INFO - Setting next_dagrun for example_branch_operator to 2024-12-02T00:00:00+00:00, run_after=2024-12-03T00:00:00+00:00
[2024-12-03T16:30:09.967+0000] {processor.py:176} INFO - Processing /home/airflow/.local/lib/python3.7/site-packages/airflow/example_dags/example_branch_operator.py took 0.208 seconds
[2024-12-03T16:30:40.481+0000] {processor.py:154} INFO - Started process (PID=4483) to work on /home/airflow/.local/lib/python3.7/site-packages/airflow/example_dags/example_branch_operator.py
[2024-12-03T16:30:40.483+0000] {processor.py:756} INFO - Processing file /home/airflow/.local/lib/python3.7/site-packages/airflow/example_dags/example_branch_operator.py for tasks to queue
[2024-12-03T16:30:40.484+0000] {logging_mixin.py:120} INFO - [2024-12-03T16:30:40.484+0000] {dagbag.py:537} INFO - Filling up the DagBag from /home/airflow/.local/lib/python3.7/site-packages/airflow/example_dags/example_branch_operator.py
[2024-12-03T16:30:40.504+0000] {processor.py:766} INFO - DAG(s) dict_keys(['example_branch_operator']) retrieved from /home/airflow/.local/lib/python3.7/site-packages/airflow/example_dags/example_branch_operator.py
[2024-12-03T16:30:40.556+0000] {logging_mixin.py:120} INFO - [2024-12-03T16:30:40.556+0000] {dag.py:2585} INFO - Sync 1 DAGs
[2024-12-03T16:30:40.590+0000] {logging_mixin.py:120} INFO - [2024-12-03T16:30:40.590+0000] {dag.py:3340} INFO - Setting next_dagrun for example_branch_operator to 2024-12-02T00:00:00+00:00, run_after=2024-12-03T00:00:00+00:00
[2024-12-03T16:30:40.625+0000] {processor.py:176} INFO - Processing /home/airflow/.local/lib/python3.7/site-packages/airflow/example_dags/example_branch_operator.py took 0.146 seconds
[2024-12-03T16:31:11.325+0000] {processor.py:154} INFO - Started process (PID=4547) to work on /home/airflow/.local/lib/python3.7/site-packages/airflow/example_dags/example_branch_operator.py
[2024-12-03T16:31:11.326+0000] {processor.py:756} INFO - Processing file /home/airflow/.local/lib/python3.7/site-packages/airflow/example_dags/example_branch_operator.py for tasks to queue
[2024-12-03T16:31:11.328+0000] {logging_mixin.py:120} INFO - [2024-12-03T16:31:11.328+0000] {dagbag.py:537} INFO - Filling up the DagBag from /home/airflow/.local/lib/python3.7/site-packages/airflow/example_dags/example_branch_operator.py
[2024-12-03T16:31:11.360+0000] {processor.py:766} INFO - DAG(s) dict_keys(['example_branch_operator']) retrieved from /home/airflow/.local/lib/python3.7/site-packages/airflow/example_dags/example_branch_operator.py
[2024-12-03T16:31:11.434+0000] {logging_mixin.py:120} INFO - [2024-12-03T16:31:11.433+0000] {dag.py:2585} INFO - Sync 1 DAGs
[2024-12-03T16:31:11.492+0000] {logging_mixin.py:120} INFO - [2024-12-03T16:31:11.492+0000] {dag.py:3340} INFO - Setting next_dagrun for example_branch_operator to 2024-12-02T00:00:00+00:00, run_after=2024-12-03T00:00:00+00:00
[2024-12-03T16:31:11.541+0000] {processor.py:176} INFO - Processing /home/airflow/.local/lib/python3.7/site-packages/airflow/example_dags/example_branch_operator.py took 0.220 seconds
[2024-12-03T16:31:42.574+0000] {processor.py:154} INFO - Started process (PID=4602) to work on /home/airflow/.local/lib/python3.7/site-packages/airflow/example_dags/example_branch_operator.py
[2024-12-03T16:31:42.575+0000] {processor.py:756} INFO - Processing file /home/airflow/.local/lib/python3.7/site-packages/airflow/example_dags/example_branch_operator.py for tasks to queue
[2024-12-03T16:31:42.576+0000] {logging_mixin.py:120} INFO - [2024-12-03T16:31:42.576+0000] {dagbag.py:537} INFO - Filling up the DagBag from /home/airflow/.local/lib/python3.7/site-packages/airflow/example_dags/example_branch_operator.py
[2024-12-03T16:31:42.597+0000] {processor.py:766} INFO - DAG(s) dict_keys(['example_branch_operator']) retrieved from /home/airflow/.local/lib/python3.7/site-packages/airflow/example_dags/example_branch_operator.py
[2024-12-03T16:31:42.659+0000] {logging_mixin.py:120} INFO - [2024-12-03T16:31:42.659+0000] {dag.py:2585} INFO - Sync 1 DAGs
[2024-12-03T16:31:42.693+0000] {logging_mixin.py:120} INFO - [2024-12-03T16:31:42.693+0000] {dag.py:3340} INFO - Setting next_dagrun for example_branch_operator to 2024-12-02T00:00:00+00:00, run_after=2024-12-03T00:00:00+00:00
[2024-12-03T16:31:42.725+0000] {processor.py:176} INFO - Processing /home/airflow/.local/lib/python3.7/site-packages/airflow/example_dags/example_branch_operator.py took 0.155 seconds
[2024-12-03T16:32:12.929+0000] {processor.py:154} INFO - Started process (PID=4667) to work on /home/airflow/.local/lib/python3.7/site-packages/airflow/example_dags/example_branch_operator.py
[2024-12-03T16:32:12.930+0000] {processor.py:756} INFO - Processing file /home/airflow/.local/lib/python3.7/site-packages/airflow/example_dags/example_branch_operator.py for tasks to queue
[2024-12-03T16:32:12.932+0000] {logging_mixin.py:120} INFO - [2024-12-03T16:32:12.932+0000] {dagbag.py:537} INFO - Filling up the DagBag from /home/airflow/.local/lib/python3.7/site-packages/airflow/example_dags/example_branch_operator.py
[2024-12-03T16:32:12.966+0000] {processor.py:766} INFO - DAG(s) dict_keys(['example_branch_operator']) retrieved from /home/airflow/.local/lib/python3.7/site-packages/airflow/example_dags/example_branch_operator.py
[2024-12-03T16:32:13.048+0000] {logging_mixin.py:120} INFO - [2024-12-03T16:32:13.047+0000] {dag.py:2585} INFO - Sync 1 DAGs
[2024-12-03T16:32:13.103+0000] {logging_mixin.py:120} INFO - [2024-12-03T16:32:13.103+0000] {dag.py:3340} INFO - Setting next_dagrun for example_branch_operator to 2024-12-02T00:00:00+00:00, run_after=2024-12-03T00:00:00+00:00
[2024-12-03T16:32:13.142+0000] {processor.py:176} INFO - Processing /home/airflow/.local/lib/python3.7/site-packages/airflow/example_dags/example_branch_operator.py took 0.218 seconds
[2024-12-03T16:32:43.511+0000] {processor.py:154} INFO - Started process (PID=4722) to work on /home/airflow/.local/lib/python3.7/site-packages/airflow/example_dags/example_branch_operator.py
[2024-12-03T16:32:43.513+0000] {processor.py:756} INFO - Processing file /home/airflow/.local/lib/python3.7/site-packages/airflow/example_dags/example_branch_operator.py for tasks to queue
[2024-12-03T16:32:43.514+0000] {logging_mixin.py:120} INFO - [2024-12-03T16:32:43.514+0000] {dagbag.py:537} INFO - Filling up the DagBag from /home/airflow/.local/lib/python3.7/site-packages/airflow/example_dags/example_branch_operator.py
[2024-12-03T16:32:43.533+0000] {processor.py:766} INFO - DAG(s) dict_keys(['example_branch_operator']) retrieved from /home/airflow/.local/lib/python3.7/site-packages/airflow/example_dags/example_branch_operator.py
[2024-12-03T16:32:43.585+0000] {logging_mixin.py:120} INFO - [2024-12-03T16:32:43.584+0000] {dag.py:2585} INFO - Sync 1 DAGs
[2024-12-03T16:32:43.620+0000] {logging_mixin.py:120} INFO - [2024-12-03T16:32:43.620+0000] {dag.py:3340} INFO - Setting next_dagrun for example_branch_operator to 2024-12-02T00:00:00+00:00, run_after=2024-12-03T00:00:00+00:00
[2024-12-03T16:32:43.653+0000] {processor.py:176} INFO - Processing /home/airflow/.local/lib/python3.7/site-packages/airflow/example_dags/example_branch_operator.py took 0.145 seconds
[2024-12-03T16:33:14.516+0000] {processor.py:154} INFO - Started process (PID=4786) to work on /home/airflow/.local/lib/python3.7/site-packages/airflow/example_dags/example_branch_operator.py
[2024-12-03T16:33:14.518+0000] {processor.py:756} INFO - Processing file /home/airflow/.local/lib/python3.7/site-packages/airflow/example_dags/example_branch_operator.py for tasks to queue
[2024-12-03T16:33:14.520+0000] {logging_mixin.py:120} INFO - [2024-12-03T16:33:14.520+0000] {dagbag.py:537} INFO - Filling up the DagBag from /home/airflow/.local/lib/python3.7/site-packages/airflow/example_dags/example_branch_operator.py
[2024-12-03T16:33:14.543+0000] {processor.py:766} INFO - DAG(s) dict_keys(['example_branch_operator']) retrieved from /home/airflow/.local/lib/python3.7/site-packages/airflow/example_dags/example_branch_operator.py
[2024-12-03T16:33:14.612+0000] {logging_mixin.py:120} INFO - [2024-12-03T16:33:14.612+0000] {dag.py:2585} INFO - Sync 1 DAGs
[2024-12-03T16:33:14.661+0000] {logging_mixin.py:120} INFO - [2024-12-03T16:33:14.660+0000] {dag.py:3340} INFO - Setting next_dagrun for example_branch_operator to 2024-12-02T00:00:00+00:00, run_after=2024-12-03T00:00:00+00:00
[2024-12-03T16:33:14.698+0000] {processor.py:176} INFO - Processing /home/airflow/.local/lib/python3.7/site-packages/airflow/example_dags/example_branch_operator.py took 0.185 seconds
[2024-12-03T16:33:45.486+0000] {processor.py:154} INFO - Started process (PID=4841) to work on /home/airflow/.local/lib/python3.7/site-packages/airflow/example_dags/example_branch_operator.py
[2024-12-03T16:33:45.488+0000] {processor.py:756} INFO - Processing file /home/airflow/.local/lib/python3.7/site-packages/airflow/example_dags/example_branch_operator.py for tasks to queue
[2024-12-03T16:33:45.489+0000] {logging_mixin.py:120} INFO - [2024-12-03T16:33:45.489+0000] {dagbag.py:537} INFO - Filling up the DagBag from /home/airflow/.local/lib/python3.7/site-packages/airflow/example_dags/example_branch_operator.py
[2024-12-03T16:33:45.514+0000] {processor.py:766} INFO - DAG(s) dict_keys(['example_branch_operator']) retrieved from /home/airflow/.local/lib/python3.7/site-packages/airflow/example_dags/example_branch_operator.py
[2024-12-03T16:33:45.577+0000] {logging_mixin.py:120} INFO - [2024-12-03T16:33:45.576+0000] {dag.py:2585} INFO - Sync 1 DAGs
[2024-12-03T16:33:45.622+0000] {logging_mixin.py:120} INFO - [2024-12-03T16:33:45.622+0000] {dag.py:3340} INFO - Setting next_dagrun for example_branch_operator to 2024-12-02T00:00:00+00:00, run_after=2024-12-03T00:00:00+00:00
[2024-12-03T16:33:45.662+0000] {processor.py:176} INFO - Processing /home/airflow/.local/lib/python3.7/site-packages/airflow/example_dags/example_branch_operator.py took 0.179 seconds
[2024-12-03T16:34:16.640+0000] {processor.py:154} INFO - Started process (PID=4905) to work on /home/airflow/.local/lib/python3.7/site-packages/airflow/example_dags/example_branch_operator.py
[2024-12-03T16:34:16.643+0000] {processor.py:756} INFO - Processing file /home/airflow/.local/lib/python3.7/site-packages/airflow/example_dags/example_branch_operator.py for tasks to queue
[2024-12-03T16:34:16.644+0000] {logging_mixin.py:120} INFO - [2024-12-03T16:34:16.644+0000] {dagbag.py:537} INFO - Filling up the DagBag from /home/airflow/.local/lib/python3.7/site-packages/airflow/example_dags/example_branch_operator.py
[2024-12-03T16:34:16.685+0000] {processor.py:766} INFO - DAG(s) dict_keys(['example_branch_operator']) retrieved from /home/airflow/.local/lib/python3.7/site-packages/airflow/example_dags/example_branch_operator.py
[2024-12-03T16:34:16.792+0000] {logging_mixin.py:120} INFO - [2024-12-03T16:34:16.792+0000] {dag.py:2585} INFO - Sync 1 DAGs
[2024-12-03T16:34:16.851+0000] {logging_mixin.py:120} INFO - [2024-12-03T16:34:16.850+0000] {dag.py:3340} INFO - Setting next_dagrun for example_branch_operator to 2024-12-02T00:00:00+00:00, run_after=2024-12-03T00:00:00+00:00
[2024-12-03T16:34:16.914+0000] {processor.py:176} INFO - Processing /home/airflow/.local/lib/python3.7/site-packages/airflow/example_dags/example_branch_operator.py took 0.281 seconds
[2024-12-03T16:34:47.115+0000] {processor.py:154} INFO - Started process (PID=4970) to work on /home/airflow/.local/lib/python3.7/site-packages/airflow/example_dags/example_branch_operator.py
[2024-12-03T16:34:47.118+0000] {processor.py:756} INFO - Processing file /home/airflow/.local/lib/python3.7/site-packages/airflow/example_dags/example_branch_operator.py for tasks to queue
[2024-12-03T16:34:47.121+0000] {logging_mixin.py:120} INFO - [2024-12-03T16:34:47.120+0000] {dagbag.py:537} INFO - Filling up the DagBag from /home/airflow/.local/lib/python3.7/site-packages/airflow/example_dags/example_branch_operator.py
[2024-12-03T16:34:47.163+0000] {processor.py:766} INFO - DAG(s) dict_keys(['example_branch_operator']) retrieved from /home/airflow/.local/lib/python3.7/site-packages/airflow/example_dags/example_branch_operator.py
[2024-12-03T16:34:47.254+0000] {logging_mixin.py:120} INFO - [2024-12-03T16:34:47.254+0000] {dag.py:2585} INFO - Sync 1 DAGs
[2024-12-03T16:34:47.307+0000] {logging_mixin.py:120} INFO - [2024-12-03T16:34:47.307+0000] {dag.py:3340} INFO - Setting next_dagrun for example_branch_operator to 2024-12-02T00:00:00+00:00, run_after=2024-12-03T00:00:00+00:00
[2024-12-03T16:34:47.355+0000] {processor.py:176} INFO - Processing /home/airflow/.local/lib/python3.7/site-packages/airflow/example_dags/example_branch_operator.py took 0.245 seconds
[2024-12-03T16:35:18.214+0000] {processor.py:154} INFO - Started process (PID=5025) to work on /home/airflow/.local/lib/python3.7/site-packages/airflow/example_dags/example_branch_operator.py
[2024-12-03T16:35:18.215+0000] {processor.py:756} INFO - Processing file /home/airflow/.local/lib/python3.7/site-packages/airflow/example_dags/example_branch_operator.py for tasks to queue
[2024-12-03T16:35:18.217+0000] {logging_mixin.py:120} INFO - [2024-12-03T16:35:18.217+0000] {dagbag.py:537} INFO - Filling up the DagBag from /home/airflow/.local/lib/python3.7/site-packages/airflow/example_dags/example_branch_operator.py
[2024-12-03T16:35:18.244+0000] {processor.py:766} INFO - DAG(s) dict_keys(['example_branch_operator']) retrieved from /home/airflow/.local/lib/python3.7/site-packages/airflow/example_dags/example_branch_operator.py
[2024-12-03T16:35:18.320+0000] {logging_mixin.py:120} INFO - [2024-12-03T16:35:18.320+0000] {dag.py:2585} INFO - Sync 1 DAGs
[2024-12-03T16:35:18.364+0000] {logging_mixin.py:120} INFO - [2024-12-03T16:35:18.364+0000] {dag.py:3340} INFO - Setting next_dagrun for example_branch_operator to 2024-12-02T00:00:00+00:00, run_after=2024-12-03T00:00:00+00:00
[2024-12-03T16:35:18.416+0000] {processor.py:176} INFO - Processing /home/airflow/.local/lib/python3.7/site-packages/airflow/example_dags/example_branch_operator.py took 0.208 seconds
[2024-12-03T16:35:48.771+0000] {processor.py:154} INFO - Started process (PID=5093) to work on /home/airflow/.local/lib/python3.7/site-packages/airflow/example_dags/example_branch_operator.py
[2024-12-03T16:35:48.773+0000] {processor.py:756} INFO - Processing file /home/airflow/.local/lib/python3.7/site-packages/airflow/example_dags/example_branch_operator.py for tasks to queue
[2024-12-03T16:35:48.774+0000] {logging_mixin.py:120} INFO - [2024-12-03T16:35:48.774+0000] {dagbag.py:537} INFO - Filling up the DagBag from /home/airflow/.local/lib/python3.7/site-packages/airflow/example_dags/example_branch_operator.py
[2024-12-03T16:35:48.797+0000] {processor.py:766} INFO - DAG(s) dict_keys(['example_branch_operator']) retrieved from /home/airflow/.local/lib/python3.7/site-packages/airflow/example_dags/example_branch_operator.py
[2024-12-03T16:35:48.869+0000] {logging_mixin.py:120} INFO - [2024-12-03T16:35:48.869+0000] {dag.py:2585} INFO - Sync 1 DAGs
[2024-12-03T16:35:48.920+0000] {logging_mixin.py:120} INFO - [2024-12-03T16:35:48.920+0000] {dag.py:3340} INFO - Setting next_dagrun for example_branch_operator to 2024-12-02T00:00:00+00:00, run_after=2024-12-03T00:00:00+00:00
[2024-12-03T16:35:48.963+0000] {processor.py:176} INFO - Processing /home/airflow/.local/lib/python3.7/site-packages/airflow/example_dags/example_branch_operator.py took 0.196 seconds
[2024-12-03T16:36:19.111+0000] {processor.py:154} INFO - Started process (PID=5153) to work on /home/airflow/.local/lib/python3.7/site-packages/airflow/example_dags/example_branch_operator.py
[2024-12-03T16:36:19.112+0000] {processor.py:756} INFO - Processing file /home/airflow/.local/lib/python3.7/site-packages/airflow/example_dags/example_branch_operator.py for tasks to queue
[2024-12-03T16:36:19.114+0000] {logging_mixin.py:120} INFO - [2024-12-03T16:36:19.114+0000] {dagbag.py:537} INFO - Filling up the DagBag from /home/airflow/.local/lib/python3.7/site-packages/airflow/example_dags/example_branch_operator.py
[2024-12-03T16:36:19.146+0000] {processor.py:766} INFO - DAG(s) dict_keys(['example_branch_operator']) retrieved from /home/airflow/.local/lib/python3.7/site-packages/airflow/example_dags/example_branch_operator.py
[2024-12-03T16:36:19.221+0000] {logging_mixin.py:120} INFO - [2024-12-03T16:36:19.221+0000] {dag.py:2585} INFO - Sync 1 DAGs
[2024-12-03T16:36:19.280+0000] {logging_mixin.py:120} INFO - [2024-12-03T16:36:19.278+0000] {dag.py:3340} INFO - Setting next_dagrun for example_branch_operator to 2024-12-02T00:00:00+00:00, run_after=2024-12-03T00:00:00+00:00
[2024-12-03T16:36:19.326+0000] {processor.py:176} INFO - Processing /home/airflow/.local/lib/python3.7/site-packages/airflow/example_dags/example_branch_operator.py took 0.220 seconds
[2024-12-03T16:36:50.307+0000] {processor.py:154} INFO - Started process (PID=5217) to work on /home/airflow/.local/lib/python3.7/site-packages/airflow/example_dags/example_branch_operator.py
[2024-12-03T16:36:50.309+0000] {processor.py:756} INFO - Processing file /home/airflow/.local/lib/python3.7/site-packages/airflow/example_dags/example_branch_operator.py for tasks to queue
[2024-12-03T16:36:50.312+0000] {logging_mixin.py:120} INFO - [2024-12-03T16:36:50.312+0000] {dagbag.py:537} INFO - Filling up the DagBag from /home/airflow/.local/lib/python3.7/site-packages/airflow/example_dags/example_branch_operator.py
[2024-12-03T16:36:50.362+0000] {processor.py:766} INFO - DAG(s) dict_keys(['example_branch_operator']) retrieved from /home/airflow/.local/lib/python3.7/site-packages/airflow/example_dags/example_branch_operator.py
[2024-12-03T16:36:50.497+0000] {logging_mixin.py:120} INFO - [2024-12-03T16:36:50.497+0000] {dag.py:2585} INFO - Sync 1 DAGs
[2024-12-03T16:36:50.572+0000] {logging_mixin.py:120} INFO - [2024-12-03T16:36:50.571+0000] {dag.py:3340} INFO - Setting next_dagrun for example_branch_operator to 2024-12-02T00:00:00+00:00, run_after=2024-12-03T00:00:00+00:00
[2024-12-03T16:36:50.629+0000] {processor.py:176} INFO - Processing /home/airflow/.local/lib/python3.7/site-packages/airflow/example_dags/example_branch_operator.py took 0.328 seconds
[2024-12-03T16:37:21.438+0000] {processor.py:154} INFO - Started process (PID=5272) to work on /home/airflow/.local/lib/python3.7/site-packages/airflow/example_dags/example_branch_operator.py
[2024-12-03T16:37:21.441+0000] {processor.py:756} INFO - Processing file /home/airflow/.local/lib/python3.7/site-packages/airflow/example_dags/example_branch_operator.py for tasks to queue
[2024-12-03T16:37:21.447+0000] {logging_mixin.py:120} INFO - [2024-12-03T16:37:21.444+0000] {dagbag.py:537} INFO - Filling up the DagBag from /home/airflow/.local/lib/python3.7/site-packages/airflow/example_dags/example_branch_operator.py
[2024-12-03T16:37:21.487+0000] {processor.py:766} INFO - DAG(s) dict_keys(['example_branch_operator']) retrieved from /home/airflow/.local/lib/python3.7/site-packages/airflow/example_dags/example_branch_operator.py
[2024-12-03T16:37:21.584+0000] {logging_mixin.py:120} INFO - [2024-12-03T16:37:21.583+0000] {dag.py:2585} INFO - Sync 1 DAGs
[2024-12-03T16:37:21.633+0000] {logging_mixin.py:120} INFO - [2024-12-03T16:37:21.633+0000] {dag.py:3340} INFO - Setting next_dagrun for example_branch_operator to 2024-12-02T00:00:00+00:00, run_after=2024-12-03T00:00:00+00:00
[2024-12-03T16:37:21.679+0000] {processor.py:176} INFO - Processing /home/airflow/.local/lib/python3.7/site-packages/airflow/example_dags/example_branch_operator.py took 0.246 seconds
[2024-12-03T16:37:52.123+0000] {processor.py:154} INFO - Started process (PID=5335) to work on /home/airflow/.local/lib/python3.7/site-packages/airflow/example_dags/example_branch_operator.py
[2024-12-03T16:37:52.127+0000] {processor.py:756} INFO - Processing file /home/airflow/.local/lib/python3.7/site-packages/airflow/example_dags/example_branch_operator.py for tasks to queue
[2024-12-03T16:37:52.131+0000] {logging_mixin.py:120} INFO - [2024-12-03T16:37:52.131+0000] {dagbag.py:537} INFO - Filling up the DagBag from /home/airflow/.local/lib/python3.7/site-packages/airflow/example_dags/example_branch_operator.py
[2024-12-03T16:37:52.201+0000] {processor.py:766} INFO - DAG(s) dict_keys(['example_branch_operator']) retrieved from /home/airflow/.local/lib/python3.7/site-packages/airflow/example_dags/example_branch_operator.py
[2024-12-03T16:37:52.320+0000] {logging_mixin.py:120} INFO - [2024-12-03T16:37:52.320+0000] {dag.py:2585} INFO - Sync 1 DAGs
[2024-12-03T16:37:52.427+0000] {logging_mixin.py:120} INFO - [2024-12-03T16:37:52.427+0000] {dag.py:3340} INFO - Setting next_dagrun for example_branch_operator to 2024-12-02T00:00:00+00:00, run_after=2024-12-03T00:00:00+00:00
[2024-12-03T16:37:52.484+0000] {processor.py:176} INFO - Processing /home/airflow/.local/lib/python3.7/site-packages/airflow/example_dags/example_branch_operator.py took 0.373 seconds
[2024-12-03T16:38:24.098+0000] {processor.py:154} INFO - Started process (PID=5391) to work on /home/airflow/.local/lib/python3.7/site-packages/airflow/example_dags/example_branch_operator.py
[2024-12-03T16:38:24.101+0000] {processor.py:756} INFO - Processing file /home/airflow/.local/lib/python3.7/site-packages/airflow/example_dags/example_branch_operator.py for tasks to queue
[2024-12-03T16:38:24.103+0000] {logging_mixin.py:120} INFO - [2024-12-03T16:38:24.103+0000] {dagbag.py:537} INFO - Filling up the DagBag from /home/airflow/.local/lib/python3.7/site-packages/airflow/example_dags/example_branch_operator.py
[2024-12-03T16:38:24.135+0000] {processor.py:766} INFO - DAG(s) dict_keys(['example_branch_operator']) retrieved from /home/airflow/.local/lib/python3.7/site-packages/airflow/example_dags/example_branch_operator.py
[2024-12-03T16:38:24.218+0000] {logging_mixin.py:120} INFO - [2024-12-03T16:38:24.217+0000] {dag.py:2585} INFO - Sync 1 DAGs
[2024-12-03T16:38:24.289+0000] {logging_mixin.py:120} INFO - [2024-12-03T16:38:24.288+0000] {dag.py:3340} INFO - Setting next_dagrun for example_branch_operator to 2024-12-02T00:00:00+00:00, run_after=2024-12-03T00:00:00+00:00
[2024-12-03T16:38:24.336+0000] {processor.py:176} INFO - Processing /home/airflow/.local/lib/python3.7/site-packages/airflow/example_dags/example_branch_operator.py took 0.245 seconds
[2024-12-03T16:38:54.755+0000] {processor.py:154} INFO - Started process (PID=5446) to work on /home/airflow/.local/lib/python3.7/site-packages/airflow/example_dags/example_branch_operator.py
[2024-12-03T16:38:54.757+0000] {processor.py:756} INFO - Processing file /home/airflow/.local/lib/python3.7/site-packages/airflow/example_dags/example_branch_operator.py for tasks to queue
[2024-12-03T16:38:54.759+0000] {logging_mixin.py:120} INFO - [2024-12-03T16:38:54.758+0000] {dagbag.py:537} INFO - Filling up the DagBag from /home/airflow/.local/lib/python3.7/site-packages/airflow/example_dags/example_branch_operator.py
[2024-12-03T16:38:54.780+0000] {processor.py:766} INFO - DAG(s) dict_keys(['example_branch_operator']) retrieved from /home/airflow/.local/lib/python3.7/site-packages/airflow/example_dags/example_branch_operator.py
[2024-12-03T16:38:54.873+0000] {logging_mixin.py:120} INFO - [2024-12-03T16:38:54.873+0000] {dag.py:2585} INFO - Sync 1 DAGs
[2024-12-03T16:38:54.929+0000] {logging_mixin.py:120} INFO - [2024-12-03T16:38:54.929+0000] {dag.py:3340} INFO - Setting next_dagrun for example_branch_operator to 2024-12-02T00:00:00+00:00, run_after=2024-12-03T00:00:00+00:00
[2024-12-03T16:38:54.970+0000] {processor.py:176} INFO - Processing /home/airflow/.local/lib/python3.7/site-packages/airflow/example_dags/example_branch_operator.py took 0.219 seconds
[2024-12-03T16:39:25.950+0000] {processor.py:154} INFO - Started process (PID=5511) to work on /home/airflow/.local/lib/python3.7/site-packages/airflow/example_dags/example_branch_operator.py
[2024-12-03T16:39:25.952+0000] {processor.py:756} INFO - Processing file /home/airflow/.local/lib/python3.7/site-packages/airflow/example_dags/example_branch_operator.py for tasks to queue
[2024-12-03T16:39:25.953+0000] {logging_mixin.py:120} INFO - [2024-12-03T16:39:25.953+0000] {dagbag.py:537} INFO - Filling up the DagBag from /home/airflow/.local/lib/python3.7/site-packages/airflow/example_dags/example_branch_operator.py
[2024-12-03T16:39:25.979+0000] {processor.py:766} INFO - DAG(s) dict_keys(['example_branch_operator']) retrieved from /home/airflow/.local/lib/python3.7/site-packages/airflow/example_dags/example_branch_operator.py
[2024-12-03T16:39:26.051+0000] {logging_mixin.py:120} INFO - [2024-12-03T16:39:26.050+0000] {dag.py:2585} INFO - Sync 1 DAGs
[2024-12-03T16:39:26.113+0000] {logging_mixin.py:120} INFO - [2024-12-03T16:39:26.112+0000] {dag.py:3340} INFO - Setting next_dagrun for example_branch_operator to 2024-12-02T00:00:00+00:00, run_after=2024-12-03T00:00:00+00:00
[2024-12-03T16:39:26.170+0000] {processor.py:176} INFO - Processing /home/airflow/.local/lib/python3.7/site-packages/airflow/example_dags/example_branch_operator.py took 0.224 seconds
[2024-12-03T16:39:57.076+0000] {processor.py:154} INFO - Started process (PID=5570) to work on /home/airflow/.local/lib/python3.7/site-packages/airflow/example_dags/example_branch_operator.py
[2024-12-03T16:39:57.078+0000] {processor.py:756} INFO - Processing file /home/airflow/.local/lib/python3.7/site-packages/airflow/example_dags/example_branch_operator.py for tasks to queue
[2024-12-03T16:39:57.080+0000] {logging_mixin.py:120} INFO - [2024-12-03T16:39:57.080+0000] {dagbag.py:537} INFO - Filling up the DagBag from /home/airflow/.local/lib/python3.7/site-packages/airflow/example_dags/example_branch_operator.py
[2024-12-03T16:39:57.104+0000] {processor.py:766} INFO - DAG(s) dict_keys(['example_branch_operator']) retrieved from /home/airflow/.local/lib/python3.7/site-packages/airflow/example_dags/example_branch_operator.py
[2024-12-03T16:39:57.165+0000] {logging_mixin.py:120} INFO - [2024-12-03T16:39:57.165+0000] {dag.py:2585} INFO - Sync 1 DAGs
[2024-12-03T16:39:57.202+0000] {logging_mixin.py:120} INFO - [2024-12-03T16:39:57.202+0000] {dag.py:3340} INFO - Setting next_dagrun for example_branch_operator to 2024-12-02T00:00:00+00:00, run_after=2024-12-03T00:00:00+00:00
[2024-12-03T16:39:57.240+0000] {processor.py:176} INFO - Processing /home/airflow/.local/lib/python3.7/site-packages/airflow/example_dags/example_branch_operator.py took 0.167 seconds
[2024-12-03T16:40:28.130+0000] {processor.py:154} INFO - Started process (PID=5638) to work on /home/airflow/.local/lib/python3.7/site-packages/airflow/example_dags/example_branch_operator.py
[2024-12-03T16:40:28.133+0000] {processor.py:756} INFO - Processing file /home/airflow/.local/lib/python3.7/site-packages/airflow/example_dags/example_branch_operator.py for tasks to queue
[2024-12-03T16:40:28.135+0000] {logging_mixin.py:120} INFO - [2024-12-03T16:40:28.134+0000] {dagbag.py:537} INFO - Filling up the DagBag from /home/airflow/.local/lib/python3.7/site-packages/airflow/example_dags/example_branch_operator.py
[2024-12-03T16:40:28.172+0000] {processor.py:766} INFO - DAG(s) dict_keys(['example_branch_operator']) retrieved from /home/airflow/.local/lib/python3.7/site-packages/airflow/example_dags/example_branch_operator.py
[2024-12-03T16:40:28.245+0000] {logging_mixin.py:120} INFO - [2024-12-03T16:40:28.245+0000] {dag.py:2585} INFO - Sync 1 DAGs
[2024-12-03T16:40:28.305+0000] {logging_mixin.py:120} INFO - [2024-12-03T16:40:28.304+0000] {dag.py:3340} INFO - Setting next_dagrun for example_branch_operator to 2024-12-02T00:00:00+00:00, run_after=2024-12-03T00:00:00+00:00
[2024-12-03T16:40:28.362+0000] {processor.py:176} INFO - Processing /home/airflow/.local/lib/python3.7/site-packages/airflow/example_dags/example_branch_operator.py took 0.240 seconds
[2024-12-03T16:40:58.597+0000] {processor.py:154} INFO - Started process (PID=5702) to work on /home/airflow/.local/lib/python3.7/site-packages/airflow/example_dags/example_branch_operator.py
[2024-12-03T16:40:58.601+0000] {processor.py:756} INFO - Processing file /home/airflow/.local/lib/python3.7/site-packages/airflow/example_dags/example_branch_operator.py for tasks to queue
[2024-12-03T16:40:58.604+0000] {logging_mixin.py:120} INFO - [2024-12-03T16:40:58.603+0000] {dagbag.py:537} INFO - Filling up the DagBag from /home/airflow/.local/lib/python3.7/site-packages/airflow/example_dags/example_branch_operator.py
[2024-12-03T16:40:58.638+0000] {processor.py:766} INFO - DAG(s) dict_keys(['example_branch_operator']) retrieved from /home/airflow/.local/lib/python3.7/site-packages/airflow/example_dags/example_branch_operator.py
[2024-12-03T16:40:58.716+0000] {logging_mixin.py:120} INFO - [2024-12-03T16:40:58.716+0000] {dag.py:2585} INFO - Sync 1 DAGs
[2024-12-03T16:40:58.753+0000] {logging_mixin.py:120} INFO - [2024-12-03T16:40:58.753+0000] {dag.py:3340} INFO - Setting next_dagrun for example_branch_operator to 2024-12-02T00:00:00+00:00, run_after=2024-12-03T00:00:00+00:00
[2024-12-03T16:40:58.787+0000] {processor.py:176} INFO - Processing /home/airflow/.local/lib/python3.7/site-packages/airflow/example_dags/example_branch_operator.py took 0.196 seconds
[2024-12-03T16:41:29.286+0000] {processor.py:154} INFO - Started process (PID=5773) to work on /home/airflow/.local/lib/python3.7/site-packages/airflow/example_dags/example_branch_operator.py
[2024-12-03T16:41:29.287+0000] {processor.py:756} INFO - Processing file /home/airflow/.local/lib/python3.7/site-packages/airflow/example_dags/example_branch_operator.py for tasks to queue
[2024-12-03T16:41:29.289+0000] {logging_mixin.py:120} INFO - [2024-12-03T16:41:29.289+0000] {dagbag.py:537} INFO - Filling up the DagBag from /home/airflow/.local/lib/python3.7/site-packages/airflow/example_dags/example_branch_operator.py
[2024-12-03T16:41:29.309+0000] {processor.py:766} INFO - DAG(s) dict_keys(['example_branch_operator']) retrieved from /home/airflow/.local/lib/python3.7/site-packages/airflow/example_dags/example_branch_operator.py
[2024-12-03T16:41:29.358+0000] {logging_mixin.py:120} INFO - [2024-12-03T16:41:29.358+0000] {dag.py:2585} INFO - Sync 1 DAGs
[2024-12-03T16:41:29.392+0000] {logging_mixin.py:120} INFO - [2024-12-03T16:41:29.391+0000] {dag.py:3340} INFO - Setting next_dagrun for example_branch_operator to 2024-12-02T00:00:00+00:00, run_after=2024-12-03T00:00:00+00:00
[2024-12-03T16:41:29.423+0000] {processor.py:176} INFO - Processing /home/airflow/.local/lib/python3.7/site-packages/airflow/example_dags/example_branch_operator.py took 0.141 seconds
[2024-12-03T16:42:00.409+0000] {processor.py:154} INFO - Started process (PID=5828) to work on /home/airflow/.local/lib/python3.7/site-packages/airflow/example_dags/example_branch_operator.py
[2024-12-03T16:42:00.412+0000] {processor.py:756} INFO - Processing file /home/airflow/.local/lib/python3.7/site-packages/airflow/example_dags/example_branch_operator.py for tasks to queue
[2024-12-03T16:42:00.414+0000] {logging_mixin.py:120} INFO - [2024-12-03T16:42:00.413+0000] {dagbag.py:537} INFO - Filling up the DagBag from /home/airflow/.local/lib/python3.7/site-packages/airflow/example_dags/example_branch_operator.py
[2024-12-03T16:42:00.435+0000] {processor.py:766} INFO - DAG(s) dict_keys(['example_branch_operator']) retrieved from /home/airflow/.local/lib/python3.7/site-packages/airflow/example_dags/example_branch_operator.py
[2024-12-03T16:42:00.494+0000] {logging_mixin.py:120} INFO - [2024-12-03T16:42:00.494+0000] {dag.py:2585} INFO - Sync 1 DAGs
[2024-12-03T16:42:00.533+0000] {logging_mixin.py:120} INFO - [2024-12-03T16:42:00.533+0000] {dag.py:3340} INFO - Setting next_dagrun for example_branch_operator to 2024-12-02T00:00:00+00:00, run_after=2024-12-03T00:00:00+00:00
[2024-12-03T16:42:00.567+0000] {processor.py:176} INFO - Processing /home/airflow/.local/lib/python3.7/site-packages/airflow/example_dags/example_branch_operator.py took 0.162 seconds
[2024-12-03T16:42:31.282+0000] {processor.py:154} INFO - Started process (PID=5892) to work on /home/airflow/.local/lib/python3.7/site-packages/airflow/example_dags/example_branch_operator.py
[2024-12-03T16:42:31.284+0000] {processor.py:756} INFO - Processing file /home/airflow/.local/lib/python3.7/site-packages/airflow/example_dags/example_branch_operator.py for tasks to queue
[2024-12-03T16:42:31.285+0000] {logging_mixin.py:120} INFO - [2024-12-03T16:42:31.285+0000] {dagbag.py:537} INFO - Filling up the DagBag from /home/airflow/.local/lib/python3.7/site-packages/airflow/example_dags/example_branch_operator.py
[2024-12-03T16:42:31.316+0000] {processor.py:766} INFO - DAG(s) dict_keys(['example_branch_operator']) retrieved from /home/airflow/.local/lib/python3.7/site-packages/airflow/example_dags/example_branch_operator.py
[2024-12-03T16:42:31.389+0000] {logging_mixin.py:120} INFO - [2024-12-03T16:42:31.388+0000] {dag.py:2585} INFO - Sync 1 DAGs
[2024-12-03T16:42:31.439+0000] {logging_mixin.py:120} INFO - [2024-12-03T16:42:31.439+0000] {dag.py:3340} INFO - Setting next_dagrun for example_branch_operator to 2024-12-02T00:00:00+00:00, run_after=2024-12-03T00:00:00+00:00
[2024-12-03T16:42:31.493+0000] {processor.py:176} INFO - Processing /home/airflow/.local/lib/python3.7/site-packages/airflow/example_dags/example_branch_operator.py took 0.219 seconds
[2024-12-03T16:43:01.997+0000] {processor.py:154} INFO - Started process (PID=5947) to work on /home/airflow/.local/lib/python3.7/site-packages/airflow/example_dags/example_branch_operator.py
[2024-12-03T16:43:02.000+0000] {processor.py:756} INFO - Processing file /home/airflow/.local/lib/python3.7/site-packages/airflow/example_dags/example_branch_operator.py for tasks to queue
[2024-12-03T16:43:02.002+0000] {logging_mixin.py:120} INFO - [2024-12-03T16:43:02.002+0000] {dagbag.py:537} INFO - Filling up the DagBag from /home/airflow/.local/lib/python3.7/site-packages/airflow/example_dags/example_branch_operator.py
[2024-12-03T16:43:02.048+0000] {processor.py:766} INFO - DAG(s) dict_keys(['example_branch_operator']) retrieved from /home/airflow/.local/lib/python3.7/site-packages/airflow/example_dags/example_branch_operator.py
[2024-12-03T16:43:02.178+0000] {logging_mixin.py:120} INFO - [2024-12-03T16:43:02.177+0000] {dag.py:2585} INFO - Sync 1 DAGs
[2024-12-03T16:43:02.232+0000] {logging_mixin.py:120} INFO - [2024-12-03T16:43:02.232+0000] {dag.py:3340} INFO - Setting next_dagrun for example_branch_operator to 2024-12-02T00:00:00+00:00, run_after=2024-12-03T00:00:00+00:00
[2024-12-03T16:43:02.284+0000] {processor.py:176} INFO - Processing /home/airflow/.local/lib/python3.7/site-packages/airflow/example_dags/example_branch_operator.py took 0.291 seconds
[2024-12-03T16:43:33.447+0000] {processor.py:154} INFO - Started process (PID=6011) to work on /home/airflow/.local/lib/python3.7/site-packages/airflow/example_dags/example_branch_operator.py
[2024-12-03T16:43:33.449+0000] {processor.py:756} INFO - Processing file /home/airflow/.local/lib/python3.7/site-packages/airflow/example_dags/example_branch_operator.py for tasks to queue
[2024-12-03T16:43:33.451+0000] {logging_mixin.py:120} INFO - [2024-12-03T16:43:33.451+0000] {dagbag.py:537} INFO - Filling up the DagBag from /home/airflow/.local/lib/python3.7/site-packages/airflow/example_dags/example_branch_operator.py
[2024-12-03T16:43:33.481+0000] {processor.py:766} INFO - DAG(s) dict_keys(['example_branch_operator']) retrieved from /home/airflow/.local/lib/python3.7/site-packages/airflow/example_dags/example_branch_operator.py
[2024-12-03T16:43:33.556+0000] {logging_mixin.py:120} INFO - [2024-12-03T16:43:33.556+0000] {dag.py:2585} INFO - Sync 1 DAGs
[2024-12-03T16:43:33.604+0000] {logging_mixin.py:120} INFO - [2024-12-03T16:43:33.603+0000] {dag.py:3340} INFO - Setting next_dagrun for example_branch_operator to 2024-12-02T00:00:00+00:00, run_after=2024-12-03T00:00:00+00:00
[2024-12-03T16:43:33.648+0000] {processor.py:176} INFO - Processing /home/airflow/.local/lib/python3.7/site-packages/airflow/example_dags/example_branch_operator.py took 0.205 seconds
[2024-12-03T16:44:04.675+0000] {processor.py:154} INFO - Started process (PID=6066) to work on /home/airflow/.local/lib/python3.7/site-packages/airflow/example_dags/example_branch_operator.py
[2024-12-03T16:44:04.678+0000] {processor.py:756} INFO - Processing file /home/airflow/.local/lib/python3.7/site-packages/airflow/example_dags/example_branch_operator.py for tasks to queue
[2024-12-03T16:44:04.681+0000] {logging_mixin.py:120} INFO - [2024-12-03T16:44:04.680+0000] {dagbag.py:537} INFO - Filling up the DagBag from /home/airflow/.local/lib/python3.7/site-packages/airflow/example_dags/example_branch_operator.py
[2024-12-03T16:44:04.725+0000] {processor.py:766} INFO - DAG(s) dict_keys(['example_branch_operator']) retrieved from /home/airflow/.local/lib/python3.7/site-packages/airflow/example_dags/example_branch_operator.py
[2024-12-03T16:44:04.804+0000] {logging_mixin.py:120} INFO - [2024-12-03T16:44:04.804+0000] {dag.py:2585} INFO - Sync 1 DAGs
[2024-12-03T16:44:04.859+0000] {logging_mixin.py:120} INFO - [2024-12-03T16:44:04.859+0000] {dag.py:3340} INFO - Setting next_dagrun for example_branch_operator to 2024-12-02T00:00:00+00:00, run_after=2024-12-03T00:00:00+00:00
[2024-12-03T16:44:04.914+0000] {processor.py:176} INFO - Processing /home/airflow/.local/lib/python3.7/site-packages/airflow/example_dags/example_branch_operator.py took 0.246 seconds
[2024-12-03T16:44:35.051+0000] {processor.py:154} INFO - Started process (PID=6130) to work on /home/airflow/.local/lib/python3.7/site-packages/airflow/example_dags/example_branch_operator.py
[2024-12-03T16:44:35.052+0000] {processor.py:756} INFO - Processing file /home/airflow/.local/lib/python3.7/site-packages/airflow/example_dags/example_branch_operator.py for tasks to queue
[2024-12-03T16:44:35.054+0000] {logging_mixin.py:120} INFO - [2024-12-03T16:44:35.054+0000] {dagbag.py:537} INFO - Filling up the DagBag from /home/airflow/.local/lib/python3.7/site-packages/airflow/example_dags/example_branch_operator.py
[2024-12-03T16:44:35.076+0000] {processor.py:766} INFO - DAG(s) dict_keys(['example_branch_operator']) retrieved from /home/airflow/.local/lib/python3.7/site-packages/airflow/example_dags/example_branch_operator.py
[2024-12-03T16:44:35.140+0000] {logging_mixin.py:120} INFO - [2024-12-03T16:44:35.140+0000] {dag.py:2585} INFO - Sync 1 DAGs
[2024-12-03T16:44:35.177+0000] {logging_mixin.py:120} INFO - [2024-12-03T16:44:35.177+0000] {dag.py:3340} INFO - Setting next_dagrun for example_branch_operator to 2024-12-02T00:00:00+00:00, run_after=2024-12-03T00:00:00+00:00
[2024-12-03T16:44:35.214+0000] {processor.py:176} INFO - Processing /home/airflow/.local/lib/python3.7/site-packages/airflow/example_dags/example_branch_operator.py took 0.167 seconds
[2024-12-03T16:45:05.367+0000] {processor.py:154} INFO - Started process (PID=6190) to work on /home/airflow/.local/lib/python3.7/site-packages/airflow/example_dags/example_branch_operator.py
[2024-12-03T16:45:05.370+0000] {processor.py:756} INFO - Processing file /home/airflow/.local/lib/python3.7/site-packages/airflow/example_dags/example_branch_operator.py for tasks to queue
[2024-12-03T16:45:05.372+0000] {logging_mixin.py:120} INFO - [2024-12-03T16:45:05.371+0000] {dagbag.py:537} INFO - Filling up the DagBag from /home/airflow/.local/lib/python3.7/site-packages/airflow/example_dags/example_branch_operator.py
[2024-12-03T16:45:05.395+0000] {processor.py:766} INFO - DAG(s) dict_keys(['example_branch_operator']) retrieved from /home/airflow/.local/lib/python3.7/site-packages/airflow/example_dags/example_branch_operator.py
[2024-12-03T16:45:05.464+0000] {logging_mixin.py:120} INFO - [2024-12-03T16:45:05.464+0000] {dag.py:2585} INFO - Sync 1 DAGs
[2024-12-03T16:45:05.507+0000] {logging_mixin.py:120} INFO - [2024-12-03T16:45:05.507+0000] {dag.py:3340} INFO - Setting next_dagrun for example_branch_operator to 2024-12-02T00:00:00+00:00, run_after=2024-12-03T00:00:00+00:00
[2024-12-03T16:45:05.550+0000] {processor.py:176} INFO - Processing /home/airflow/.local/lib/python3.7/site-packages/airflow/example_dags/example_branch_operator.py took 0.188 seconds
[2024-12-03T16:45:36.390+0000] {processor.py:154} INFO - Started process (PID=6258) to work on /home/airflow/.local/lib/python3.7/site-packages/airflow/example_dags/example_branch_operator.py
[2024-12-03T16:45:36.391+0000] {processor.py:756} INFO - Processing file /home/airflow/.local/lib/python3.7/site-packages/airflow/example_dags/example_branch_operator.py for tasks to queue
[2024-12-03T16:45:36.392+0000] {logging_mixin.py:120} INFO - [2024-12-03T16:45:36.392+0000] {dagbag.py:537} INFO - Filling up the DagBag from /home/airflow/.local/lib/python3.7/site-packages/airflow/example_dags/example_branch_operator.py
[2024-12-03T16:45:36.413+0000] {processor.py:766} INFO - DAG(s) dict_keys(['example_branch_operator']) retrieved from /home/airflow/.local/lib/python3.7/site-packages/airflow/example_dags/example_branch_operator.py
[2024-12-03T16:45:36.468+0000] {logging_mixin.py:120} INFO - [2024-12-03T16:45:36.467+0000] {dag.py:2585} INFO - Sync 1 DAGs
[2024-12-03T16:45:36.514+0000] {logging_mixin.py:120} INFO - [2024-12-03T16:45:36.513+0000] {dag.py:3340} INFO - Setting next_dagrun for example_branch_operator to 2024-12-02T00:00:00+00:00, run_after=2024-12-03T00:00:00+00:00
[2024-12-03T16:45:36.554+0000] {processor.py:176} INFO - Processing /home/airflow/.local/lib/python3.7/site-packages/airflow/example_dags/example_branch_operator.py took 0.167 seconds
[2024-12-03T16:46:06.929+0000] {processor.py:154} INFO - Started process (PID=6322) to work on /home/airflow/.local/lib/python3.7/site-packages/airflow/example_dags/example_branch_operator.py
[2024-12-03T16:46:06.930+0000] {processor.py:756} INFO - Processing file /home/airflow/.local/lib/python3.7/site-packages/airflow/example_dags/example_branch_operator.py for tasks to queue
[2024-12-03T16:46:06.931+0000] {logging_mixin.py:120} INFO - [2024-12-03T16:46:06.931+0000] {dagbag.py:537} INFO - Filling up the DagBag from /home/airflow/.local/lib/python3.7/site-packages/airflow/example_dags/example_branch_operator.py
[2024-12-03T16:46:06.964+0000] {processor.py:766} INFO - DAG(s) dict_keys(['example_branch_operator']) retrieved from /home/airflow/.local/lib/python3.7/site-packages/airflow/example_dags/example_branch_operator.py
[2024-12-03T16:46:07.040+0000] {logging_mixin.py:120} INFO - [2024-12-03T16:46:07.039+0000] {dag.py:2585} INFO - Sync 1 DAGs
[2024-12-03T16:46:07.090+0000] {logging_mixin.py:120} INFO - [2024-12-03T16:46:07.090+0000] {dag.py:3340} INFO - Setting next_dagrun for example_branch_operator to 2024-12-02T00:00:00+00:00, run_after=2024-12-03T00:00:00+00:00
[2024-12-03T16:46:07.132+0000] {processor.py:176} INFO - Processing /home/airflow/.local/lib/python3.7/site-packages/airflow/example_dags/example_branch_operator.py took 0.208 seconds
[2024-12-03T16:46:39.357+0000] {processor.py:154} INFO - Started process (PID=6394) to work on /home/airflow/.local/lib/python3.7/site-packages/airflow/example_dags/example_branch_operator.py
[2024-12-03T16:46:39.360+0000] {processor.py:756} INFO - Processing file /home/airflow/.local/lib/python3.7/site-packages/airflow/example_dags/example_branch_operator.py for tasks to queue
[2024-12-03T16:46:39.364+0000] {logging_mixin.py:120} INFO - [2024-12-03T16:46:39.363+0000] {dagbag.py:537} INFO - Filling up the DagBag from /home/airflow/.local/lib/python3.7/site-packages/airflow/example_dags/example_branch_operator.py
[2024-12-03T16:46:39.426+0000] {processor.py:766} INFO - DAG(s) dict_keys(['example_branch_operator']) retrieved from /home/airflow/.local/lib/python3.7/site-packages/airflow/example_dags/example_branch_operator.py
[2024-12-03T16:46:39.576+0000] {logging_mixin.py:120} INFO - [2024-12-03T16:46:39.576+0000] {dag.py:2585} INFO - Sync 1 DAGs
[2024-12-03T16:46:39.678+0000] {logging_mixin.py:120} INFO - [2024-12-03T16:46:39.677+0000] {dag.py:3340} INFO - Setting next_dagrun for example_branch_operator to 2024-12-02T00:00:00+00:00, run_after=2024-12-03T00:00:00+00:00
[2024-12-03T16:46:39.740+0000] {processor.py:176} INFO - Processing /home/airflow/.local/lib/python3.7/site-packages/airflow/example_dags/example_branch_operator.py took 0.389 seconds
[2024-12-03T16:47:10.546+0000] {processor.py:154} INFO - Started process (PID=6458) to work on /home/airflow/.local/lib/python3.7/site-packages/airflow/example_dags/example_branch_operator.py
[2024-12-03T16:47:10.560+0000] {processor.py:756} INFO - Processing file /home/airflow/.local/lib/python3.7/site-packages/airflow/example_dags/example_branch_operator.py for tasks to queue
[2024-12-03T16:47:10.561+0000] {logging_mixin.py:120} INFO - [2024-12-03T16:47:10.561+0000] {dagbag.py:537} INFO - Filling up the DagBag from /home/airflow/.local/lib/python3.7/site-packages/airflow/example_dags/example_branch_operator.py
[2024-12-03T16:47:10.581+0000] {processor.py:766} INFO - DAG(s) dict_keys(['example_branch_operator']) retrieved from /home/airflow/.local/lib/python3.7/site-packages/airflow/example_dags/example_branch_operator.py
[2024-12-03T16:47:10.632+0000] {logging_mixin.py:120} INFO - [2024-12-03T16:47:10.631+0000] {dag.py:2585} INFO - Sync 1 DAGs
[2024-12-03T16:47:10.665+0000] {logging_mixin.py:120} INFO - [2024-12-03T16:47:10.664+0000] {dag.py:3340} INFO - Setting next_dagrun for example_branch_operator to 2024-12-02T00:00:00+00:00, run_after=2024-12-03T00:00:00+00:00
[2024-12-03T16:47:10.700+0000] {processor.py:176} INFO - Processing /home/airflow/.local/lib/python3.7/site-packages/airflow/example_dags/example_branch_operator.py took 0.158 seconds
[2024-12-03T16:47:40.769+0000] {processor.py:154} INFO - Started process (PID=6514) to work on /home/airflow/.local/lib/python3.7/site-packages/airflow/example_dags/example_branch_operator.py
[2024-12-03T16:47:40.770+0000] {processor.py:756} INFO - Processing file /home/airflow/.local/lib/python3.7/site-packages/airflow/example_dags/example_branch_operator.py for tasks to queue
[2024-12-03T16:47:40.772+0000] {logging_mixin.py:120} INFO - [2024-12-03T16:47:40.772+0000] {dagbag.py:537} INFO - Filling up the DagBag from /home/airflow/.local/lib/python3.7/site-packages/airflow/example_dags/example_branch_operator.py
[2024-12-03T16:47:40.804+0000] {processor.py:766} INFO - DAG(s) dict_keys(['example_branch_operator']) retrieved from /home/airflow/.local/lib/python3.7/site-packages/airflow/example_dags/example_branch_operator.py
[2024-12-03T16:47:40.887+0000] {logging_mixin.py:120} INFO - [2024-12-03T16:47:40.886+0000] {dag.py:2585} INFO - Sync 1 DAGs
[2024-12-03T16:47:40.927+0000] {logging_mixin.py:120} INFO - [2024-12-03T16:47:40.927+0000] {dag.py:3340} INFO - Setting next_dagrun for example_branch_operator to 2024-12-02T00:00:00+00:00, run_after=2024-12-03T00:00:00+00:00
[2024-12-03T16:47:40.969+0000] {processor.py:176} INFO - Processing /home/airflow/.local/lib/python3.7/site-packages/airflow/example_dags/example_branch_operator.py took 0.204 seconds
[2024-12-03T16:48:11.137+0000] {processor.py:154} INFO - Started process (PID=6578) to work on /home/airflow/.local/lib/python3.7/site-packages/airflow/example_dags/example_branch_operator.py
[2024-12-03T16:48:11.138+0000] {processor.py:756} INFO - Processing file /home/airflow/.local/lib/python3.7/site-packages/airflow/example_dags/example_branch_operator.py for tasks to queue
[2024-12-03T16:48:11.140+0000] {logging_mixin.py:120} INFO - [2024-12-03T16:48:11.140+0000] {dagbag.py:537} INFO - Filling up the DagBag from /home/airflow/.local/lib/python3.7/site-packages/airflow/example_dags/example_branch_operator.py
[2024-12-03T16:48:11.159+0000] {processor.py:766} INFO - DAG(s) dict_keys(['example_branch_operator']) retrieved from /home/airflow/.local/lib/python3.7/site-packages/airflow/example_dags/example_branch_operator.py
[2024-12-03T16:48:11.207+0000] {logging_mixin.py:120} INFO - [2024-12-03T16:48:11.207+0000] {dag.py:2585} INFO - Sync 1 DAGs
[2024-12-03T16:48:11.241+0000] {logging_mixin.py:120} INFO - [2024-12-03T16:48:11.241+0000] {dag.py:3340} INFO - Setting next_dagrun for example_branch_operator to 2024-12-02T00:00:00+00:00, run_after=2024-12-03T00:00:00+00:00
[2024-12-03T16:48:11.274+0000] {processor.py:176} INFO - Processing /home/airflow/.local/lib/python3.7/site-packages/airflow/example_dags/example_branch_operator.py took 0.140 seconds
[2024-12-03T16:48:42.023+0000] {processor.py:154} INFO - Started process (PID=6634) to work on /home/airflow/.local/lib/python3.7/site-packages/airflow/example_dags/example_branch_operator.py
[2024-12-03T16:48:42.024+0000] {processor.py:756} INFO - Processing file /home/airflow/.local/lib/python3.7/site-packages/airflow/example_dags/example_branch_operator.py for tasks to queue
[2024-12-03T16:48:42.026+0000] {logging_mixin.py:120} INFO - [2024-12-03T16:48:42.025+0000] {dagbag.py:537} INFO - Filling up the DagBag from /home/airflow/.local/lib/python3.7/site-packages/airflow/example_dags/example_branch_operator.py
[2024-12-03T16:48:42.049+0000] {processor.py:766} INFO - DAG(s) dict_keys(['example_branch_operator']) retrieved from /home/airflow/.local/lib/python3.7/site-packages/airflow/example_dags/example_branch_operator.py
[2024-12-03T16:48:42.107+0000] {logging_mixin.py:120} INFO - [2024-12-03T16:48:42.107+0000] {dag.py:2585} INFO - Sync 1 DAGs
[2024-12-03T16:48:42.152+0000] {logging_mixin.py:120} INFO - [2024-12-03T16:48:42.152+0000] {dag.py:3340} INFO - Setting next_dagrun for example_branch_operator to 2024-12-02T00:00:00+00:00, run_after=2024-12-03T00:00:00+00:00
[2024-12-03T16:48:42.187+0000] {processor.py:176} INFO - Processing /home/airflow/.local/lib/python3.7/site-packages/airflow/example_dags/example_branch_operator.py took 0.168 seconds
[2024-12-03T16:49:12.599+0000] {processor.py:154} INFO - Started process (PID=6698) to work on /home/airflow/.local/lib/python3.7/site-packages/airflow/example_dags/example_branch_operator.py
[2024-12-03T16:49:12.600+0000] {processor.py:756} INFO - Processing file /home/airflow/.local/lib/python3.7/site-packages/airflow/example_dags/example_branch_operator.py for tasks to queue
[2024-12-03T16:49:12.602+0000] {logging_mixin.py:120} INFO - [2024-12-03T16:49:12.602+0000] {dagbag.py:537} INFO - Filling up the DagBag from /home/airflow/.local/lib/python3.7/site-packages/airflow/example_dags/example_branch_operator.py
[2024-12-03T16:49:12.627+0000] {processor.py:766} INFO - DAG(s) dict_keys(['example_branch_operator']) retrieved from /home/airflow/.local/lib/python3.7/site-packages/airflow/example_dags/example_branch_operator.py
[2024-12-03T16:49:12.698+0000] {logging_mixin.py:120} INFO - [2024-12-03T16:49:12.698+0000] {dag.py:2585} INFO - Sync 1 DAGs
[2024-12-03T16:49:12.734+0000] {logging_mixin.py:120} INFO - [2024-12-03T16:49:12.734+0000] {dag.py:3340} INFO - Setting next_dagrun for example_branch_operator to 2024-12-02T00:00:00+00:00, run_after=2024-12-03T00:00:00+00:00
[2024-12-03T16:49:12.768+0000] {processor.py:176} INFO - Processing /home/airflow/.local/lib/python3.7/site-packages/airflow/example_dags/example_branch_operator.py took 0.174 seconds
[2024-12-03T16:49:42.837+0000] {processor.py:154} INFO - Started process (PID=6762) to work on /home/airflow/.local/lib/python3.7/site-packages/airflow/example_dags/example_branch_operator.py
[2024-12-03T16:49:42.839+0000] {processor.py:756} INFO - Processing file /home/airflow/.local/lib/python3.7/site-packages/airflow/example_dags/example_branch_operator.py for tasks to queue
[2024-12-03T16:49:42.840+0000] {logging_mixin.py:120} INFO - [2024-12-03T16:49:42.840+0000] {dagbag.py:537} INFO - Filling up the DagBag from /home/airflow/.local/lib/python3.7/site-packages/airflow/example_dags/example_branch_operator.py
[2024-12-03T16:49:42.868+0000] {processor.py:766} INFO - DAG(s) dict_keys(['example_branch_operator']) retrieved from /home/airflow/.local/lib/python3.7/site-packages/airflow/example_dags/example_branch_operator.py
[2024-12-03T16:49:42.924+0000] {logging_mixin.py:120} INFO - [2024-12-03T16:49:42.924+0000] {dag.py:2585} INFO - Sync 1 DAGs
[2024-12-03T16:49:42.966+0000] {logging_mixin.py:120} INFO - [2024-12-03T16:49:42.966+0000] {dag.py:3340} INFO - Setting next_dagrun for example_branch_operator to 2024-12-02T00:00:00+00:00, run_after=2024-12-03T00:00:00+00:00
[2024-12-03T16:49:43.004+0000] {processor.py:176} INFO - Processing /home/airflow/.local/lib/python3.7/site-packages/airflow/example_dags/example_branch_operator.py took 0.172 seconds
[2024-12-03T16:50:13.458+0000] {processor.py:154} INFO - Started process (PID=6817) to work on /home/airflow/.local/lib/python3.7/site-packages/airflow/example_dags/example_branch_operator.py
[2024-12-03T16:50:13.460+0000] {processor.py:756} INFO - Processing file /home/airflow/.local/lib/python3.7/site-packages/airflow/example_dags/example_branch_operator.py for tasks to queue
[2024-12-03T16:50:13.461+0000] {logging_mixin.py:120} INFO - [2024-12-03T16:50:13.461+0000] {dagbag.py:537} INFO - Filling up the DagBag from /home/airflow/.local/lib/python3.7/site-packages/airflow/example_dags/example_branch_operator.py
[2024-12-03T16:50:13.484+0000] {processor.py:766} INFO - DAG(s) dict_keys(['example_branch_operator']) retrieved from /home/airflow/.local/lib/python3.7/site-packages/airflow/example_dags/example_branch_operator.py
[2024-12-03T16:50:13.554+0000] {logging_mixin.py:120} INFO - [2024-12-03T16:50:13.554+0000] {dag.py:2585} INFO - Sync 1 DAGs
[2024-12-03T16:50:13.602+0000] {logging_mixin.py:120} INFO - [2024-12-03T16:50:13.602+0000] {dag.py:3340} INFO - Setting next_dagrun for example_branch_operator to 2024-12-02T00:00:00+00:00, run_after=2024-12-03T00:00:00+00:00
[2024-12-03T16:50:13.652+0000] {processor.py:176} INFO - Processing /home/airflow/.local/lib/python3.7/site-packages/airflow/example_dags/example_branch_operator.py took 0.198 seconds
[2024-12-03T16:50:43.798+0000] {processor.py:154} INFO - Started process (PID=6881) to work on /home/airflow/.local/lib/python3.7/site-packages/airflow/example_dags/example_branch_operator.py
[2024-12-03T16:50:43.800+0000] {processor.py:756} INFO - Processing file /home/airflow/.local/lib/python3.7/site-packages/airflow/example_dags/example_branch_operator.py for tasks to queue
[2024-12-03T16:50:43.801+0000] {logging_mixin.py:120} INFO - [2024-12-03T16:50:43.801+0000] {dagbag.py:537} INFO - Filling up the DagBag from /home/airflow/.local/lib/python3.7/site-packages/airflow/example_dags/example_branch_operator.py
[2024-12-03T16:50:43.824+0000] {processor.py:766} INFO - DAG(s) dict_keys(['example_branch_operator']) retrieved from /home/airflow/.local/lib/python3.7/site-packages/airflow/example_dags/example_branch_operator.py
[2024-12-03T16:50:43.891+0000] {logging_mixin.py:120} INFO - [2024-12-03T16:50:43.890+0000] {dag.py:2585} INFO - Sync 1 DAGs
[2024-12-03T16:50:43.949+0000] {logging_mixin.py:120} INFO - [2024-12-03T16:50:43.948+0000] {dag.py:3340} INFO - Setting next_dagrun for example_branch_operator to 2024-12-02T00:00:00+00:00, run_after=2024-12-03T00:00:00+00:00
[2024-12-03T16:50:44.000+0000] {processor.py:176} INFO - Processing /home/airflow/.local/lib/python3.7/site-packages/airflow/example_dags/example_branch_operator.py took 0.206 seconds
[2024-12-03T16:51:15.682+0000] {processor.py:154} INFO - Started process (PID=6945) to work on /home/airflow/.local/lib/python3.7/site-packages/airflow/example_dags/example_branch_operator.py
[2024-12-03T16:51:15.685+0000] {processor.py:756} INFO - Processing file /home/airflow/.local/lib/python3.7/site-packages/airflow/example_dags/example_branch_operator.py for tasks to queue
[2024-12-03T16:51:15.689+0000] {logging_mixin.py:120} INFO - [2024-12-03T16:51:15.689+0000] {dagbag.py:537} INFO - Filling up the DagBag from /home/airflow/.local/lib/python3.7/site-packages/airflow/example_dags/example_branch_operator.py
[2024-12-03T16:51:15.758+0000] {processor.py:766} INFO - DAG(s) dict_keys(['example_branch_operator']) retrieved from /home/airflow/.local/lib/python3.7/site-packages/airflow/example_dags/example_branch_operator.py
[2024-12-03T16:51:15.923+0000] {logging_mixin.py:120} INFO - [2024-12-03T16:51:15.923+0000] {dag.py:2585} INFO - Sync 1 DAGs
[2024-12-03T16:51:16.025+0000] {logging_mixin.py:120} INFO - [2024-12-03T16:51:16.024+0000] {dag.py:3340} INFO - Setting next_dagrun for example_branch_operator to 2024-12-02T00:00:00+00:00, run_after=2024-12-03T00:00:00+00:00
[2024-12-03T16:51:16.085+0000] {processor.py:176} INFO - Processing /home/airflow/.local/lib/python3.7/site-packages/airflow/example_dags/example_branch_operator.py took 0.409 seconds
[2024-12-03T16:51:46.477+0000] {processor.py:154} INFO - Started process (PID=7004) to work on /home/airflow/.local/lib/python3.7/site-packages/airflow/example_dags/example_branch_operator.py
[2024-12-03T16:51:46.479+0000] {processor.py:756} INFO - Processing file /home/airflow/.local/lib/python3.7/site-packages/airflow/example_dags/example_branch_operator.py for tasks to queue
[2024-12-03T16:51:46.480+0000] {logging_mixin.py:120} INFO - [2024-12-03T16:51:46.480+0000] {dagbag.py:537} INFO - Filling up the DagBag from /home/airflow/.local/lib/python3.7/site-packages/airflow/example_dags/example_branch_operator.py
[2024-12-03T16:51:46.520+0000] {processor.py:766} INFO - DAG(s) dict_keys(['example_branch_operator']) retrieved from /home/airflow/.local/lib/python3.7/site-packages/airflow/example_dags/example_branch_operator.py
[2024-12-03T16:51:46.641+0000] {logging_mixin.py:120} INFO - [2024-12-03T16:51:46.641+0000] {dag.py:2585} INFO - Sync 1 DAGs
[2024-12-03T16:51:46.704+0000] {logging_mixin.py:120} INFO - [2024-12-03T16:51:46.703+0000] {dag.py:3340} INFO - Setting next_dagrun for example_branch_operator to 2024-12-02T00:00:00+00:00, run_after=2024-12-03T00:00:00+00:00
[2024-12-03T16:51:46.750+0000] {processor.py:176} INFO - Processing /home/airflow/.local/lib/python3.7/site-packages/airflow/example_dags/example_branch_operator.py took 0.280 seconds
[2024-12-03T16:52:16.833+0000] {processor.py:154} INFO - Started process (PID=7067) to work on /home/airflow/.local/lib/python3.7/site-packages/airflow/example_dags/example_branch_operator.py
[2024-12-03T16:52:16.836+0000] {processor.py:756} INFO - Processing file /home/airflow/.local/lib/python3.7/site-packages/airflow/example_dags/example_branch_operator.py for tasks to queue
[2024-12-03T16:52:16.839+0000] {logging_mixin.py:120} INFO - [2024-12-03T16:52:16.838+0000] {dagbag.py:537} INFO - Filling up the DagBag from /home/airflow/.local/lib/python3.7/site-packages/airflow/example_dags/example_branch_operator.py
[2024-12-03T16:52:16.864+0000] {processor.py:766} INFO - DAG(s) dict_keys(['example_branch_operator']) retrieved from /home/airflow/.local/lib/python3.7/site-packages/airflow/example_dags/example_branch_operator.py
[2024-12-03T16:52:16.939+0000] {logging_mixin.py:120} INFO - [2024-12-03T16:52:16.939+0000] {dag.py:2585} INFO - Sync 1 DAGs
[2024-12-03T16:52:16.992+0000] {logging_mixin.py:120} INFO - [2024-12-03T16:52:16.991+0000] {dag.py:3340} INFO - Setting next_dagrun for example_branch_operator to 2024-12-02T00:00:00+00:00, run_after=2024-12-03T00:00:00+00:00
[2024-12-03T16:52:17.036+0000] {processor.py:176} INFO - Processing /home/airflow/.local/lib/python3.7/site-packages/airflow/example_dags/example_branch_operator.py took 0.209 seconds
[2024-12-03T16:52:47.484+0000] {processor.py:154} INFO - Started process (PID=7131) to work on /home/airflow/.local/lib/python3.7/site-packages/airflow/example_dags/example_branch_operator.py
[2024-12-03T16:52:47.487+0000] {processor.py:756} INFO - Processing file /home/airflow/.local/lib/python3.7/site-packages/airflow/example_dags/example_branch_operator.py for tasks to queue
[2024-12-03T16:52:47.489+0000] {logging_mixin.py:120} INFO - [2024-12-03T16:52:47.489+0000] {dagbag.py:537} INFO - Filling up the DagBag from /home/airflow/.local/lib/python3.7/site-packages/airflow/example_dags/example_branch_operator.py
[2024-12-03T16:52:47.519+0000] {processor.py:766} INFO - DAG(s) dict_keys(['example_branch_operator']) retrieved from /home/airflow/.local/lib/python3.7/site-packages/airflow/example_dags/example_branch_operator.py
[2024-12-03T16:52:47.587+0000] {logging_mixin.py:120} INFO - [2024-12-03T16:52:47.586+0000] {dag.py:2585} INFO - Sync 1 DAGs
[2024-12-03T16:52:47.642+0000] {logging_mixin.py:120} INFO - [2024-12-03T16:52:47.642+0000] {dag.py:3340} INFO - Setting next_dagrun for example_branch_operator to 2024-12-02T00:00:00+00:00, run_after=2024-12-03T00:00:00+00:00
[2024-12-03T16:52:47.683+0000] {processor.py:176} INFO - Processing /home/airflow/.local/lib/python3.7/site-packages/airflow/example_dags/example_branch_operator.py took 0.204 seconds
[2024-12-03T16:53:17.808+0000] {processor.py:154} INFO - Started process (PID=7187) to work on /home/airflow/.local/lib/python3.7/site-packages/airflow/example_dags/example_branch_operator.py
[2024-12-03T16:53:17.809+0000] {processor.py:756} INFO - Processing file /home/airflow/.local/lib/python3.7/site-packages/airflow/example_dags/example_branch_operator.py for tasks to queue
[2024-12-03T16:53:17.812+0000] {logging_mixin.py:120} INFO - [2024-12-03T16:53:17.812+0000] {dagbag.py:537} INFO - Filling up the DagBag from /home/airflow/.local/lib/python3.7/site-packages/airflow/example_dags/example_branch_operator.py
[2024-12-03T16:53:17.833+0000] {processor.py:766} INFO - DAG(s) dict_keys(['example_branch_operator']) retrieved from /home/airflow/.local/lib/python3.7/site-packages/airflow/example_dags/example_branch_operator.py
[2024-12-03T16:53:17.894+0000] {logging_mixin.py:120} INFO - [2024-12-03T16:53:17.894+0000] {dag.py:2585} INFO - Sync 1 DAGs
[2024-12-03T16:53:17.938+0000] {logging_mixin.py:120} INFO - [2024-12-03T16:53:17.937+0000] {dag.py:3340} INFO - Setting next_dagrun for example_branch_operator to 2024-12-02T00:00:00+00:00, run_after=2024-12-03T00:00:00+00:00
[2024-12-03T16:53:17.975+0000] {processor.py:176} INFO - Processing /home/airflow/.local/lib/python3.7/site-packages/airflow/example_dags/example_branch_operator.py took 0.173 seconds
[2024-12-03T16:53:48.497+0000] {processor.py:154} INFO - Started process (PID=7251) to work on /home/airflow/.local/lib/python3.7/site-packages/airflow/example_dags/example_branch_operator.py
[2024-12-03T16:53:48.499+0000] {processor.py:756} INFO - Processing file /home/airflow/.local/lib/python3.7/site-packages/airflow/example_dags/example_branch_operator.py for tasks to queue
[2024-12-03T16:53:48.501+0000] {logging_mixin.py:120} INFO - [2024-12-03T16:53:48.501+0000] {dagbag.py:537} INFO - Filling up the DagBag from /home/airflow/.local/lib/python3.7/site-packages/airflow/example_dags/example_branch_operator.py
[2024-12-03T16:53:48.532+0000] {processor.py:766} INFO - DAG(s) dict_keys(['example_branch_operator']) retrieved from /home/airflow/.local/lib/python3.7/site-packages/airflow/example_dags/example_branch_operator.py
[2024-12-03T16:53:48.619+0000] {logging_mixin.py:120} INFO - [2024-12-03T16:53:48.619+0000] {dag.py:2585} INFO - Sync 1 DAGs
[2024-12-03T16:53:48.666+0000] {logging_mixin.py:120} INFO - [2024-12-03T16:53:48.666+0000] {dag.py:3340} INFO - Setting next_dagrun for example_branch_operator to 2024-12-02T00:00:00+00:00, run_after=2024-12-03T00:00:00+00:00
[2024-12-03T16:53:48.708+0000] {processor.py:176} INFO - Processing /home/airflow/.local/lib/python3.7/site-packages/airflow/example_dags/example_branch_operator.py took 0.215 seconds
[2024-12-03T16:54:18.759+0000] {processor.py:154} INFO - Started process (PID=7306) to work on /home/airflow/.local/lib/python3.7/site-packages/airflow/example_dags/example_branch_operator.py
[2024-12-03T16:54:18.760+0000] {processor.py:756} INFO - Processing file /home/airflow/.local/lib/python3.7/site-packages/airflow/example_dags/example_branch_operator.py for tasks to queue
[2024-12-03T16:54:18.762+0000] {logging_mixin.py:120} INFO - [2024-12-03T16:54:18.761+0000] {dagbag.py:537} INFO - Filling up the DagBag from /home/airflow/.local/lib/python3.7/site-packages/airflow/example_dags/example_branch_operator.py
[2024-12-03T16:54:18.783+0000] {processor.py:766} INFO - DAG(s) dict_keys(['example_branch_operator']) retrieved from /home/airflow/.local/lib/python3.7/site-packages/airflow/example_dags/example_branch_operator.py
[2024-12-03T16:54:18.842+0000] {logging_mixin.py:120} INFO - [2024-12-03T16:54:18.841+0000] {dag.py:2585} INFO - Sync 1 DAGs
[2024-12-03T16:54:18.884+0000] {logging_mixin.py:120} INFO - [2024-12-03T16:54:18.884+0000] {dag.py:3340} INFO - Setting next_dagrun for example_branch_operator to 2024-12-02T00:00:00+00:00, run_after=2024-12-03T00:00:00+00:00
[2024-12-03T16:54:18.928+0000] {processor.py:176} INFO - Processing /home/airflow/.local/lib/python3.7/site-packages/airflow/example_dags/example_branch_operator.py took 0.173 seconds
[2024-12-03T16:54:49.546+0000] {processor.py:154} INFO - Started process (PID=7370) to work on /home/airflow/.local/lib/python3.7/site-packages/airflow/example_dags/example_branch_operator.py
[2024-12-03T16:54:49.548+0000] {processor.py:756} INFO - Processing file /home/airflow/.local/lib/python3.7/site-packages/airflow/example_dags/example_branch_operator.py for tasks to queue
[2024-12-03T16:54:49.549+0000] {logging_mixin.py:120} INFO - [2024-12-03T16:54:49.549+0000] {dagbag.py:537} INFO - Filling up the DagBag from /home/airflow/.local/lib/python3.7/site-packages/airflow/example_dags/example_branch_operator.py
[2024-12-03T16:54:49.575+0000] {processor.py:766} INFO - DAG(s) dict_keys(['example_branch_operator']) retrieved from /home/airflow/.local/lib/python3.7/site-packages/airflow/example_dags/example_branch_operator.py
[2024-12-03T16:54:49.637+0000] {logging_mixin.py:120} INFO - [2024-12-03T16:54:49.637+0000] {dag.py:2585} INFO - Sync 1 DAGs
[2024-12-03T16:54:49.683+0000] {logging_mixin.py:120} INFO - [2024-12-03T16:54:49.683+0000] {dag.py:3340} INFO - Setting next_dagrun for example_branch_operator to 2024-12-02T00:00:00+00:00, run_after=2024-12-03T00:00:00+00:00
[2024-12-03T16:54:49.719+0000] {processor.py:176} INFO - Processing /home/airflow/.local/lib/python3.7/site-packages/airflow/example_dags/example_branch_operator.py took 0.177 seconds
[2024-12-03T16:55:20.381+0000] {processor.py:154} INFO - Started process (PID=7426) to work on /home/airflow/.local/lib/python3.7/site-packages/airflow/example_dags/example_branch_operator.py
[2024-12-03T16:55:20.384+0000] {processor.py:756} INFO - Processing file /home/airflow/.local/lib/python3.7/site-packages/airflow/example_dags/example_branch_operator.py for tasks to queue
[2024-12-03T16:55:20.386+0000] {logging_mixin.py:120} INFO - [2024-12-03T16:55:20.386+0000] {dagbag.py:537} INFO - Filling up the DagBag from /home/airflow/.local/lib/python3.7/site-packages/airflow/example_dags/example_branch_operator.py
[2024-12-03T16:55:20.451+0000] {processor.py:766} INFO - DAG(s) dict_keys(['example_branch_operator']) retrieved from /home/airflow/.local/lib/python3.7/site-packages/airflow/example_dags/example_branch_operator.py
[2024-12-03T16:55:20.561+0000] {logging_mixin.py:120} INFO - [2024-12-03T16:55:20.560+0000] {dag.py:2585} INFO - Sync 1 DAGs
[2024-12-03T16:55:20.636+0000] {logging_mixin.py:120} INFO - [2024-12-03T16:55:20.635+0000] {dag.py:3340} INFO - Setting next_dagrun for example_branch_operator to 2024-12-02T00:00:00+00:00, run_after=2024-12-03T00:00:00+00:00
[2024-12-03T16:55:20.688+0000] {processor.py:176} INFO - Processing /home/airflow/.local/lib/python3.7/site-packages/airflow/example_dags/example_branch_operator.py took 0.315 seconds
[2024-12-03T16:55:50.975+0000] {processor.py:154} INFO - Started process (PID=7496) to work on /home/airflow/.local/lib/python3.7/site-packages/airflow/example_dags/example_branch_operator.py
[2024-12-03T16:55:50.977+0000] {processor.py:756} INFO - Processing file /home/airflow/.local/lib/python3.7/site-packages/airflow/example_dags/example_branch_operator.py for tasks to queue
[2024-12-03T16:55:50.979+0000] {logging_mixin.py:120} INFO - [2024-12-03T16:55:50.979+0000] {dagbag.py:537} INFO - Filling up the DagBag from /home/airflow/.local/lib/python3.7/site-packages/airflow/example_dags/example_branch_operator.py
[2024-12-03T16:55:51.001+0000] {processor.py:766} INFO - DAG(s) dict_keys(['example_branch_operator']) retrieved from /home/airflow/.local/lib/python3.7/site-packages/airflow/example_dags/example_branch_operator.py
[2024-12-03T16:55:51.050+0000] {logging_mixin.py:120} INFO - [2024-12-03T16:55:51.049+0000] {dag.py:2585} INFO - Sync 1 DAGs
[2024-12-03T16:55:51.087+0000] {logging_mixin.py:120} INFO - [2024-12-03T16:55:51.087+0000] {dag.py:3340} INFO - Setting next_dagrun for example_branch_operator to 2024-12-02T00:00:00+00:00, run_after=2024-12-03T00:00:00+00:00
[2024-12-03T16:55:51.124+0000] {processor.py:176} INFO - Processing /home/airflow/.local/lib/python3.7/site-packages/airflow/example_dags/example_branch_operator.py took 0.152 seconds
[2024-12-03T16:56:21.411+0000] {processor.py:154} INFO - Started process (PID=7557) to work on /home/airflow/.local/lib/python3.7/site-packages/airflow/example_dags/example_branch_operator.py
[2024-12-03T16:56:21.412+0000] {processor.py:756} INFO - Processing file /home/airflow/.local/lib/python3.7/site-packages/airflow/example_dags/example_branch_operator.py for tasks to queue
[2024-12-03T16:56:21.413+0000] {logging_mixin.py:120} INFO - [2024-12-03T16:56:21.413+0000] {dagbag.py:537} INFO - Filling up the DagBag from /home/airflow/.local/lib/python3.7/site-packages/airflow/example_dags/example_branch_operator.py
[2024-12-03T16:56:21.431+0000] {processor.py:766} INFO - DAG(s) dict_keys(['example_branch_operator']) retrieved from /home/airflow/.local/lib/python3.7/site-packages/airflow/example_dags/example_branch_operator.py
[2024-12-03T16:56:21.491+0000] {logging_mixin.py:120} INFO - [2024-12-03T16:56:21.491+0000] {dag.py:2585} INFO - Sync 1 DAGs
[2024-12-03T16:56:21.534+0000] {logging_mixin.py:120} INFO - [2024-12-03T16:56:21.534+0000] {dag.py:3340} INFO - Setting next_dagrun for example_branch_operator to 2024-12-02T00:00:00+00:00, run_after=2024-12-03T00:00:00+00:00
[2024-12-03T16:56:21.574+0000] {processor.py:176} INFO - Processing /home/airflow/.local/lib/python3.7/site-packages/airflow/example_dags/example_branch_operator.py took 0.166 seconds
