[2024-12-03T15:07:41.837+0000] {processor.py:154} INFO - Started process (PID=72) to work on /home/airflow/.local/lib/python3.7/site-packages/airflow/example_dags/example_bash_operator.py
[2024-12-03T15:07:41.857+0000] {processor.py:756} INFO - Processing file /home/airflow/.local/lib/python3.7/site-packages/airflow/example_dags/example_bash_operator.py for tasks to queue
[2024-12-03T15:07:41.859+0000] {logging_mixin.py:120} INFO - [2024-12-03T15:07:41.859+0000] {dagbag.py:537} INFO - Filling up the DagBag from /home/airflow/.local/lib/python3.7/site-packages/airflow/example_dags/example_bash_operator.py
[2024-12-03T15:07:42.040+0000] {processor.py:766} INFO - DAG(s) dict_keys(['example_bash_operator']) retrieved from /home/airflow/.local/lib/python3.7/site-packages/airflow/example_dags/example_bash_operator.py
[2024-12-03T15:07:42.891+0000] {logging_mixin.py:120} INFO - [2024-12-03T15:07:42.891+0000] {manager.py:507} INFO - Created Permission View: can read on DAG:example_bash_operator
[2024-12-03T15:07:42.933+0000] {logging_mixin.py:120} INFO - [2024-12-03T15:07:42.932+0000] {manager.py:507} INFO - Created Permission View: can delete on DAG:example_bash_operator
[2024-12-03T15:07:42.966+0000] {logging_mixin.py:120} INFO - [2024-12-03T15:07:42.965+0000] {manager.py:507} INFO - Created Permission View: can edit on DAG:example_bash_operator
[2024-12-03T15:07:42.968+0000] {logging_mixin.py:120} INFO - [2024-12-03T15:07:42.968+0000] {dag.py:2585} INFO - Sync 1 DAGs
[2024-12-03T15:07:43.112+0000] {logging_mixin.py:120} INFO - [2024-12-03T15:07:43.111+0000] {dag.py:2606} INFO - Creating ORM DAG for example_bash_operator
[2024-12-03T15:07:43.171+0000] {logging_mixin.py:120} INFO - [2024-12-03T15:07:43.171+0000] {dag.py:3340} INFO - Setting next_dagrun for example_bash_operator to 2024-12-02T00:00:00+00:00, run_after=2024-12-03T00:00:00+00:00
[2024-12-03T15:07:43.254+0000] {processor.py:176} INFO - Processing /home/airflow/.local/lib/python3.7/site-packages/airflow/example_dags/example_bash_operator.py took 1.443 seconds
[2024-12-03T15:08:13.916+0000] {processor.py:154} INFO - Started process (PID=127) to work on /home/airflow/.local/lib/python3.7/site-packages/airflow/example_dags/example_bash_operator.py
[2024-12-03T15:08:13.918+0000] {processor.py:756} INFO - Processing file /home/airflow/.local/lib/python3.7/site-packages/airflow/example_dags/example_bash_operator.py for tasks to queue
[2024-12-03T15:08:13.920+0000] {logging_mixin.py:120} INFO - [2024-12-03T15:08:13.920+0000] {dagbag.py:537} INFO - Filling up the DagBag from /home/airflow/.local/lib/python3.7/site-packages/airflow/example_dags/example_bash_operator.py
[2024-12-03T15:08:13.970+0000] {processor.py:766} INFO - DAG(s) dict_keys(['example_bash_operator']) retrieved from /home/airflow/.local/lib/python3.7/site-packages/airflow/example_dags/example_bash_operator.py
[2024-12-03T15:08:14.060+0000] {logging_mixin.py:120} INFO - [2024-12-03T15:08:14.060+0000] {dag.py:2585} INFO - Sync 1 DAGs
[2024-12-03T15:08:14.120+0000] {logging_mixin.py:120} INFO - [2024-12-03T15:08:14.120+0000] {dag.py:3340} INFO - Setting next_dagrun for example_bash_operator to 2024-12-02T00:00:00+00:00, run_after=2024-12-03T00:00:00+00:00
[2024-12-03T15:08:14.176+0000] {processor.py:176} INFO - Processing /home/airflow/.local/lib/python3.7/site-packages/airflow/example_dags/example_bash_operator.py took 0.266 seconds
[2024-12-03T15:08:45.022+0000] {processor.py:154} INFO - Started process (PID=192) to work on /home/airflow/.local/lib/python3.7/site-packages/airflow/example_dags/example_bash_operator.py
[2024-12-03T15:08:45.025+0000] {processor.py:756} INFO - Processing file /home/airflow/.local/lib/python3.7/site-packages/airflow/example_dags/example_bash_operator.py for tasks to queue
[2024-12-03T15:08:45.027+0000] {logging_mixin.py:120} INFO - [2024-12-03T15:08:45.027+0000] {dagbag.py:537} INFO - Filling up the DagBag from /home/airflow/.local/lib/python3.7/site-packages/airflow/example_dags/example_bash_operator.py
[2024-12-03T15:08:45.102+0000] {processor.py:766} INFO - DAG(s) dict_keys(['example_bash_operator']) retrieved from /home/airflow/.local/lib/python3.7/site-packages/airflow/example_dags/example_bash_operator.py
[2024-12-03T15:08:45.325+0000] {logging_mixin.py:120} INFO - [2024-12-03T15:08:45.325+0000] {dag.py:2585} INFO - Sync 1 DAGs
[2024-12-03T15:08:45.497+0000] {logging_mixin.py:120} INFO - [2024-12-03T15:08:45.497+0000] {dag.py:3340} INFO - Setting next_dagrun for example_bash_operator to 2024-12-02T00:00:00+00:00, run_after=2024-12-03T00:00:00+00:00
[2024-12-03T15:08:45.565+0000] {processor.py:176} INFO - Processing /home/airflow/.local/lib/python3.7/site-packages/airflow/example_dags/example_bash_operator.py took 0.828 seconds
[2024-12-03T15:09:15.652+0000] {processor.py:154} INFO - Started process (PID=247) to work on /home/airflow/.local/lib/python3.7/site-packages/airflow/example_dags/example_bash_operator.py
[2024-12-03T15:09:15.656+0000] {processor.py:756} INFO - Processing file /home/airflow/.local/lib/python3.7/site-packages/airflow/example_dags/example_bash_operator.py for tasks to queue
[2024-12-03T15:09:15.657+0000] {logging_mixin.py:120} INFO - [2024-12-03T15:09:15.657+0000] {dagbag.py:537} INFO - Filling up the DagBag from /home/airflow/.local/lib/python3.7/site-packages/airflow/example_dags/example_bash_operator.py
[2024-12-03T15:09:15.699+0000] {processor.py:766} INFO - DAG(s) dict_keys(['example_bash_operator']) retrieved from /home/airflow/.local/lib/python3.7/site-packages/airflow/example_dags/example_bash_operator.py
[2024-12-03T15:09:15.789+0000] {logging_mixin.py:120} INFO - [2024-12-03T15:09:15.788+0000] {dag.py:2585} INFO - Sync 1 DAGs
[2024-12-03T15:09:15.870+0000] {logging_mixin.py:120} INFO - [2024-12-03T15:09:15.869+0000] {dag.py:3340} INFO - Setting next_dagrun for example_bash_operator to 2024-12-02T00:00:00+00:00, run_after=2024-12-03T00:00:00+00:00
[2024-12-03T15:09:15.916+0000] {processor.py:176} INFO - Processing /home/airflow/.local/lib/python3.7/site-packages/airflow/example_dags/example_bash_operator.py took 0.269 seconds
[2024-12-03T15:09:46.046+0000] {processor.py:154} INFO - Started process (PID=302) to work on /home/airflow/.local/lib/python3.7/site-packages/airflow/example_dags/example_bash_operator.py
[2024-12-03T15:09:46.049+0000] {processor.py:756} INFO - Processing file /home/airflow/.local/lib/python3.7/site-packages/airflow/example_dags/example_bash_operator.py for tasks to queue
[2024-12-03T15:09:46.052+0000] {logging_mixin.py:120} INFO - [2024-12-03T15:09:46.052+0000] {dagbag.py:537} INFO - Filling up the DagBag from /home/airflow/.local/lib/python3.7/site-packages/airflow/example_dags/example_bash_operator.py
[2024-12-03T15:09:46.120+0000] {processor.py:766} INFO - DAG(s) dict_keys(['example_bash_operator']) retrieved from /home/airflow/.local/lib/python3.7/site-packages/airflow/example_dags/example_bash_operator.py
[2024-12-03T15:09:46.260+0000] {logging_mixin.py:120} INFO - [2024-12-03T15:09:46.259+0000] {dag.py:2585} INFO - Sync 1 DAGs
[2024-12-03T15:09:46.344+0000] {logging_mixin.py:120} INFO - [2024-12-03T15:09:46.343+0000] {dag.py:3340} INFO - Setting next_dagrun for example_bash_operator to 2024-12-02T00:00:00+00:00, run_after=2024-12-03T00:00:00+00:00
[2024-12-03T15:09:46.387+0000] {processor.py:176} INFO - Processing /home/airflow/.local/lib/python3.7/site-packages/airflow/example_dags/example_bash_operator.py took 0.349 seconds
[2024-12-03T15:10:16.477+0000] {processor.py:154} INFO - Started process (PID=366) to work on /home/airflow/.local/lib/python3.7/site-packages/airflow/example_dags/example_bash_operator.py
[2024-12-03T15:10:16.480+0000] {processor.py:756} INFO - Processing file /home/airflow/.local/lib/python3.7/site-packages/airflow/example_dags/example_bash_operator.py for tasks to queue
[2024-12-03T15:10:16.482+0000] {logging_mixin.py:120} INFO - [2024-12-03T15:10:16.482+0000] {dagbag.py:537} INFO - Filling up the DagBag from /home/airflow/.local/lib/python3.7/site-packages/airflow/example_dags/example_bash_operator.py
[2024-12-03T15:10:16.535+0000] {processor.py:766} INFO - DAG(s) dict_keys(['example_bash_operator']) retrieved from /home/airflow/.local/lib/python3.7/site-packages/airflow/example_dags/example_bash_operator.py
[2024-12-03T15:10:16.637+0000] {logging_mixin.py:120} INFO - [2024-12-03T15:10:16.637+0000] {dag.py:2585} INFO - Sync 1 DAGs
[2024-12-03T15:10:16.696+0000] {logging_mixin.py:120} INFO - [2024-12-03T15:10:16.695+0000] {dag.py:3340} INFO - Setting next_dagrun for example_bash_operator to 2024-12-02T00:00:00+00:00, run_after=2024-12-03T00:00:00+00:00
[2024-12-03T15:10:16.751+0000] {processor.py:176} INFO - Processing /home/airflow/.local/lib/python3.7/site-packages/airflow/example_dags/example_bash_operator.py took 0.284 seconds
[2024-12-03T15:10:47.000+0000] {processor.py:154} INFO - Started process (PID=422) to work on /home/airflow/.local/lib/python3.7/site-packages/airflow/example_dags/example_bash_operator.py
[2024-12-03T15:10:47.005+0000] {processor.py:756} INFO - Processing file /home/airflow/.local/lib/python3.7/site-packages/airflow/example_dags/example_bash_operator.py for tasks to queue
[2024-12-03T15:10:47.016+0000] {logging_mixin.py:120} INFO - [2024-12-03T15:10:47.015+0000] {dagbag.py:537} INFO - Filling up the DagBag from /home/airflow/.local/lib/python3.7/site-packages/airflow/example_dags/example_bash_operator.py
[2024-12-03T15:10:47.117+0000] {processor.py:766} INFO - DAG(s) dict_keys(['example_bash_operator']) retrieved from /home/airflow/.local/lib/python3.7/site-packages/airflow/example_dags/example_bash_operator.py
[2024-12-03T15:10:47.291+0000] {logging_mixin.py:120} INFO - [2024-12-03T15:10:47.291+0000] {dag.py:2585} INFO - Sync 1 DAGs
[2024-12-03T15:10:47.360+0000] {logging_mixin.py:120} INFO - [2024-12-03T15:10:47.360+0000] {dag.py:3340} INFO - Setting next_dagrun for example_bash_operator to 2024-12-02T00:00:00+00:00, run_after=2024-12-03T00:00:00+00:00
[2024-12-03T15:10:47.414+0000] {processor.py:176} INFO - Processing /home/airflow/.local/lib/python3.7/site-packages/airflow/example_dags/example_bash_operator.py took 0.422 seconds
[2024-12-03T15:11:17.704+0000] {processor.py:154} INFO - Started process (PID=487) to work on /home/airflow/.local/lib/python3.7/site-packages/airflow/example_dags/example_bash_operator.py
[2024-12-03T15:11:17.706+0000] {processor.py:756} INFO - Processing file /home/airflow/.local/lib/python3.7/site-packages/airflow/example_dags/example_bash_operator.py for tasks to queue
[2024-12-03T15:11:17.708+0000] {logging_mixin.py:120} INFO - [2024-12-03T15:11:17.708+0000] {dagbag.py:537} INFO - Filling up the DagBag from /home/airflow/.local/lib/python3.7/site-packages/airflow/example_dags/example_bash_operator.py
[2024-12-03T15:11:17.763+0000] {processor.py:766} INFO - DAG(s) dict_keys(['example_bash_operator']) retrieved from /home/airflow/.local/lib/python3.7/site-packages/airflow/example_dags/example_bash_operator.py
[2024-12-03T15:11:17.882+0000] {logging_mixin.py:120} INFO - [2024-12-03T15:11:17.881+0000] {dag.py:2585} INFO - Sync 1 DAGs
[2024-12-03T15:11:17.941+0000] {logging_mixin.py:120} INFO - [2024-12-03T15:11:17.940+0000] {dag.py:3340} INFO - Setting next_dagrun for example_bash_operator to 2024-12-02T00:00:00+00:00, run_after=2024-12-03T00:00:00+00:00
[2024-12-03T15:11:17.993+0000] {processor.py:176} INFO - Processing /home/airflow/.local/lib/python3.7/site-packages/airflow/example_dags/example_bash_operator.py took 0.295 seconds
[2024-12-03T15:11:48.537+0000] {processor.py:154} INFO - Started process (PID=542) to work on /home/airflow/.local/lib/python3.7/site-packages/airflow/example_dags/example_bash_operator.py
[2024-12-03T15:11:48.538+0000] {processor.py:756} INFO - Processing file /home/airflow/.local/lib/python3.7/site-packages/airflow/example_dags/example_bash_operator.py for tasks to queue
[2024-12-03T15:11:48.540+0000] {logging_mixin.py:120} INFO - [2024-12-03T15:11:48.539+0000] {dagbag.py:537} INFO - Filling up the DagBag from /home/airflow/.local/lib/python3.7/site-packages/airflow/example_dags/example_bash_operator.py
[2024-12-03T15:11:48.578+0000] {processor.py:766} INFO - DAG(s) dict_keys(['example_bash_operator']) retrieved from /home/airflow/.local/lib/python3.7/site-packages/airflow/example_dags/example_bash_operator.py
[2024-12-03T15:11:48.655+0000] {logging_mixin.py:120} INFO - [2024-12-03T15:11:48.655+0000] {dag.py:2585} INFO - Sync 1 DAGs
[2024-12-03T15:11:48.695+0000] {logging_mixin.py:120} INFO - [2024-12-03T15:11:48.695+0000] {dag.py:3340} INFO - Setting next_dagrun for example_bash_operator to 2024-12-02T00:00:00+00:00, run_after=2024-12-03T00:00:00+00:00
[2024-12-03T15:11:48.743+0000] {processor.py:176} INFO - Processing /home/airflow/.local/lib/python3.7/site-packages/airflow/example_dags/example_bash_operator.py took 0.211 seconds
[2024-12-03T15:12:19.393+0000] {processor.py:154} INFO - Started process (PID=597) to work on /home/airflow/.local/lib/python3.7/site-packages/airflow/example_dags/example_bash_operator.py
[2024-12-03T15:12:19.395+0000] {processor.py:756} INFO - Processing file /home/airflow/.local/lib/python3.7/site-packages/airflow/example_dags/example_bash_operator.py for tasks to queue
[2024-12-03T15:12:19.397+0000] {logging_mixin.py:120} INFO - [2024-12-03T15:12:19.397+0000] {dagbag.py:537} INFO - Filling up the DagBag from /home/airflow/.local/lib/python3.7/site-packages/airflow/example_dags/example_bash_operator.py
[2024-12-03T15:12:19.441+0000] {processor.py:766} INFO - DAG(s) dict_keys(['example_bash_operator']) retrieved from /home/airflow/.local/lib/python3.7/site-packages/airflow/example_dags/example_bash_operator.py
[2024-12-03T15:12:19.544+0000] {logging_mixin.py:120} INFO - [2024-12-03T15:12:19.544+0000] {dag.py:2585} INFO - Sync 1 DAGs
[2024-12-03T15:12:19.602+0000] {logging_mixin.py:120} INFO - [2024-12-03T15:12:19.602+0000] {dag.py:3340} INFO - Setting next_dagrun for example_bash_operator to 2024-12-02T00:00:00+00:00, run_after=2024-12-03T00:00:00+00:00
[2024-12-03T15:12:19.647+0000] {processor.py:176} INFO - Processing /home/airflow/.local/lib/python3.7/site-packages/airflow/example_dags/example_bash_operator.py took 0.259 seconds
[2024-12-03T15:12:49.798+0000] {processor.py:154} INFO - Started process (PID=661) to work on /home/airflow/.local/lib/python3.7/site-packages/airflow/example_dags/example_bash_operator.py
[2024-12-03T15:12:49.802+0000] {processor.py:756} INFO - Processing file /home/airflow/.local/lib/python3.7/site-packages/airflow/example_dags/example_bash_operator.py for tasks to queue
[2024-12-03T15:12:49.805+0000] {logging_mixin.py:120} INFO - [2024-12-03T15:12:49.804+0000] {dagbag.py:537} INFO - Filling up the DagBag from /home/airflow/.local/lib/python3.7/site-packages/airflow/example_dags/example_bash_operator.py
[2024-12-03T15:12:49.854+0000] {processor.py:766} INFO - DAG(s) dict_keys(['example_bash_operator']) retrieved from /home/airflow/.local/lib/python3.7/site-packages/airflow/example_dags/example_bash_operator.py
[2024-12-03T15:12:49.952+0000] {logging_mixin.py:120} INFO - [2024-12-03T15:12:49.952+0000] {dag.py:2585} INFO - Sync 1 DAGs
[2024-12-03T15:12:50.022+0000] {logging_mixin.py:120} INFO - [2024-12-03T15:12:50.022+0000] {dag.py:3340} INFO - Setting next_dagrun for example_bash_operator to 2024-12-02T00:00:00+00:00, run_after=2024-12-03T00:00:00+00:00
[2024-12-03T15:12:50.063+0000] {processor.py:176} INFO - Processing /home/airflow/.local/lib/python3.7/site-packages/airflow/example_dags/example_bash_operator.py took 0.270 seconds
[2024-12-03T15:13:20.740+0000] {processor.py:154} INFO - Started process (PID=717) to work on /home/airflow/.local/lib/python3.7/site-packages/airflow/example_dags/example_bash_operator.py
[2024-12-03T15:13:20.741+0000] {processor.py:756} INFO - Processing file /home/airflow/.local/lib/python3.7/site-packages/airflow/example_dags/example_bash_operator.py for tasks to queue
[2024-12-03T15:13:20.743+0000] {logging_mixin.py:120} INFO - [2024-12-03T15:13:20.743+0000] {dagbag.py:537} INFO - Filling up the DagBag from /home/airflow/.local/lib/python3.7/site-packages/airflow/example_dags/example_bash_operator.py
[2024-12-03T15:13:20.776+0000] {processor.py:766} INFO - DAG(s) dict_keys(['example_bash_operator']) retrieved from /home/airflow/.local/lib/python3.7/site-packages/airflow/example_dags/example_bash_operator.py
[2024-12-03T15:13:20.880+0000] {logging_mixin.py:120} INFO - [2024-12-03T15:13:20.880+0000] {dag.py:2585} INFO - Sync 1 DAGs
[2024-12-03T15:13:20.931+0000] {logging_mixin.py:120} INFO - [2024-12-03T15:13:20.931+0000] {dag.py:3340} INFO - Setting next_dagrun for example_bash_operator to 2024-12-02T00:00:00+00:00, run_after=2024-12-03T00:00:00+00:00
[2024-12-03T15:13:20.978+0000] {processor.py:176} INFO - Processing /home/airflow/.local/lib/python3.7/site-packages/airflow/example_dags/example_bash_operator.py took 0.243 seconds
[2024-12-03T15:13:51.461+0000] {processor.py:154} INFO - Started process (PID=781) to work on /home/airflow/.local/lib/python3.7/site-packages/airflow/example_dags/example_bash_operator.py
[2024-12-03T15:13:51.463+0000] {processor.py:756} INFO - Processing file /home/airflow/.local/lib/python3.7/site-packages/airflow/example_dags/example_bash_operator.py for tasks to queue
[2024-12-03T15:13:51.465+0000] {logging_mixin.py:120} INFO - [2024-12-03T15:13:51.464+0000] {dagbag.py:537} INFO - Filling up the DagBag from /home/airflow/.local/lib/python3.7/site-packages/airflow/example_dags/example_bash_operator.py
[2024-12-03T15:13:51.527+0000] {processor.py:766} INFO - DAG(s) dict_keys(['example_bash_operator']) retrieved from /home/airflow/.local/lib/python3.7/site-packages/airflow/example_dags/example_bash_operator.py
[2024-12-03T15:13:51.680+0000] {logging_mixin.py:120} INFO - [2024-12-03T15:13:51.680+0000] {dag.py:2585} INFO - Sync 1 DAGs
[2024-12-03T15:13:51.743+0000] {logging_mixin.py:120} INFO - [2024-12-03T15:13:51.742+0000] {dag.py:3340} INFO - Setting next_dagrun for example_bash_operator to 2024-12-02T00:00:00+00:00, run_after=2024-12-03T00:00:00+00:00
[2024-12-03T15:13:51.810+0000] {processor.py:176} INFO - Processing /home/airflow/.local/lib/python3.7/site-packages/airflow/example_dags/example_bash_operator.py took 0.355 seconds
[2024-12-03T15:14:22.081+0000] {processor.py:154} INFO - Started process (PID=836) to work on /home/airflow/.local/lib/python3.7/site-packages/airflow/example_dags/example_bash_operator.py
[2024-12-03T15:14:22.089+0000] {processor.py:756} INFO - Processing file /home/airflow/.local/lib/python3.7/site-packages/airflow/example_dags/example_bash_operator.py for tasks to queue
[2024-12-03T15:14:22.093+0000] {logging_mixin.py:120} INFO - [2024-12-03T15:14:22.092+0000] {dagbag.py:537} INFO - Filling up the DagBag from /home/airflow/.local/lib/python3.7/site-packages/airflow/example_dags/example_bash_operator.py
[2024-12-03T15:14:22.205+0000] {processor.py:766} INFO - DAG(s) dict_keys(['example_bash_operator']) retrieved from /home/airflow/.local/lib/python3.7/site-packages/airflow/example_dags/example_bash_operator.py
[2024-12-03T15:14:22.622+0000] {logging_mixin.py:120} INFO - [2024-12-03T15:14:22.620+0000] {dag.py:2585} INFO - Sync 1 DAGs
[2024-12-03T15:14:22.770+0000] {logging_mixin.py:120} INFO - [2024-12-03T15:14:22.770+0000] {dag.py:3340} INFO - Setting next_dagrun for example_bash_operator to 2024-12-02T00:00:00+00:00, run_after=2024-12-03T00:00:00+00:00
[2024-12-03T15:14:22.889+0000] {processor.py:176} INFO - Processing /home/airflow/.local/lib/python3.7/site-packages/airflow/example_dags/example_bash_operator.py took 0.821 seconds
[2024-12-03T15:14:53.588+0000] {processor.py:154} INFO - Started process (PID=891) to work on /home/airflow/.local/lib/python3.7/site-packages/airflow/example_dags/example_bash_operator.py
[2024-12-03T15:14:53.590+0000] {processor.py:756} INFO - Processing file /home/airflow/.local/lib/python3.7/site-packages/airflow/example_dags/example_bash_operator.py for tasks to queue
[2024-12-03T15:14:53.592+0000] {logging_mixin.py:120} INFO - [2024-12-03T15:14:53.592+0000] {dagbag.py:537} INFO - Filling up the DagBag from /home/airflow/.local/lib/python3.7/site-packages/airflow/example_dags/example_bash_operator.py
[2024-12-03T15:14:53.637+0000] {processor.py:766} INFO - DAG(s) dict_keys(['example_bash_operator']) retrieved from /home/airflow/.local/lib/python3.7/site-packages/airflow/example_dags/example_bash_operator.py
[2024-12-03T15:14:53.730+0000] {logging_mixin.py:120} INFO - [2024-12-03T15:14:53.730+0000] {dag.py:2585} INFO - Sync 1 DAGs
[2024-12-03T15:14:53.786+0000] {logging_mixin.py:120} INFO - [2024-12-03T15:14:53.786+0000] {dag.py:3340} INFO - Setting next_dagrun for example_bash_operator to 2024-12-02T00:00:00+00:00, run_after=2024-12-03T00:00:00+00:00
[2024-12-03T15:14:53.829+0000] {processor.py:176} INFO - Processing /home/airflow/.local/lib/python3.7/site-packages/airflow/example_dags/example_bash_operator.py took 0.247 seconds
[2024-12-03T15:15:24.095+0000] {processor.py:154} INFO - Started process (PID=947) to work on /home/airflow/.local/lib/python3.7/site-packages/airflow/example_dags/example_bash_operator.py
[2024-12-03T15:15:24.097+0000] {processor.py:756} INFO - Processing file /home/airflow/.local/lib/python3.7/site-packages/airflow/example_dags/example_bash_operator.py for tasks to queue
[2024-12-03T15:15:24.099+0000] {logging_mixin.py:120} INFO - [2024-12-03T15:15:24.099+0000] {dagbag.py:537} INFO - Filling up the DagBag from /home/airflow/.local/lib/python3.7/site-packages/airflow/example_dags/example_bash_operator.py
[2024-12-03T15:15:24.153+0000] {processor.py:766} INFO - DAG(s) dict_keys(['example_bash_operator']) retrieved from /home/airflow/.local/lib/python3.7/site-packages/airflow/example_dags/example_bash_operator.py
[2024-12-03T15:15:24.249+0000] {logging_mixin.py:120} INFO - [2024-12-03T15:15:24.248+0000] {dag.py:2585} INFO - Sync 1 DAGs
[2024-12-03T15:15:24.310+0000] {logging_mixin.py:120} INFO - [2024-12-03T15:15:24.310+0000] {dag.py:3340} INFO - Setting next_dagrun for example_bash_operator to 2024-12-02T00:00:00+00:00, run_after=2024-12-03T00:00:00+00:00
[2024-12-03T15:15:24.354+0000] {processor.py:176} INFO - Processing /home/airflow/.local/lib/python3.7/site-packages/airflow/example_dags/example_bash_operator.py took 0.265 seconds
[2024-12-03T15:15:54.973+0000] {processor.py:154} INFO - Started process (PID=1012) to work on /home/airflow/.local/lib/python3.7/site-packages/airflow/example_dags/example_bash_operator.py
[2024-12-03T15:15:54.976+0000] {processor.py:756} INFO - Processing file /home/airflow/.local/lib/python3.7/site-packages/airflow/example_dags/example_bash_operator.py for tasks to queue
[2024-12-03T15:15:54.980+0000] {logging_mixin.py:120} INFO - [2024-12-03T15:15:54.978+0000] {dagbag.py:537} INFO - Filling up the DagBag from /home/airflow/.local/lib/python3.7/site-packages/airflow/example_dags/example_bash_operator.py
[2024-12-03T15:15:55.022+0000] {processor.py:766} INFO - DAG(s) dict_keys(['example_bash_operator']) retrieved from /home/airflow/.local/lib/python3.7/site-packages/airflow/example_dags/example_bash_operator.py
[2024-12-03T15:15:55.121+0000] {logging_mixin.py:120} INFO - [2024-12-03T15:15:55.121+0000] {dag.py:2585} INFO - Sync 1 DAGs
[2024-12-03T15:15:55.193+0000] {logging_mixin.py:120} INFO - [2024-12-03T15:15:55.193+0000] {dag.py:3340} INFO - Setting next_dagrun for example_bash_operator to 2024-12-02T00:00:00+00:00, run_after=2024-12-03T00:00:00+00:00
[2024-12-03T15:15:55.251+0000] {processor.py:176} INFO - Processing /home/airflow/.local/lib/python3.7/site-packages/airflow/example_dags/example_bash_operator.py took 0.284 seconds
[2024-12-03T15:16:25.415+0000] {processor.py:154} INFO - Started process (PID=1068) to work on /home/airflow/.local/lib/python3.7/site-packages/airflow/example_dags/example_bash_operator.py
[2024-12-03T15:16:25.418+0000] {processor.py:756} INFO - Processing file /home/airflow/.local/lib/python3.7/site-packages/airflow/example_dags/example_bash_operator.py for tasks to queue
[2024-12-03T15:16:25.419+0000] {logging_mixin.py:120} INFO - [2024-12-03T15:16:25.419+0000] {dagbag.py:537} INFO - Filling up the DagBag from /home/airflow/.local/lib/python3.7/site-packages/airflow/example_dags/example_bash_operator.py
[2024-12-03T15:16:25.457+0000] {processor.py:766} INFO - DAG(s) dict_keys(['example_bash_operator']) retrieved from /home/airflow/.local/lib/python3.7/site-packages/airflow/example_dags/example_bash_operator.py
[2024-12-03T15:16:25.533+0000] {logging_mixin.py:120} INFO - [2024-12-03T15:16:25.533+0000] {dag.py:2585} INFO - Sync 1 DAGs
[2024-12-03T15:16:25.630+0000] {logging_mixin.py:120} INFO - [2024-12-03T15:16:25.630+0000] {dag.py:3340} INFO - Setting next_dagrun for example_bash_operator to 2024-12-02T00:00:00+00:00, run_after=2024-12-03T00:00:00+00:00
[2024-12-03T15:16:25.668+0000] {processor.py:176} INFO - Processing /home/airflow/.local/lib/python3.7/site-packages/airflow/example_dags/example_bash_operator.py took 0.259 seconds
[2024-12-03T15:16:55.914+0000] {processor.py:154} INFO - Started process (PID=1123) to work on /home/airflow/.local/lib/python3.7/site-packages/airflow/example_dags/example_bash_operator.py
[2024-12-03T15:16:55.917+0000] {processor.py:756} INFO - Processing file /home/airflow/.local/lib/python3.7/site-packages/airflow/example_dags/example_bash_operator.py for tasks to queue
[2024-12-03T15:16:55.918+0000] {logging_mixin.py:120} INFO - [2024-12-03T15:16:55.918+0000] {dagbag.py:537} INFO - Filling up the DagBag from /home/airflow/.local/lib/python3.7/site-packages/airflow/example_dags/example_bash_operator.py
[2024-12-03T15:16:55.962+0000] {processor.py:766} INFO - DAG(s) dict_keys(['example_bash_operator']) retrieved from /home/airflow/.local/lib/python3.7/site-packages/airflow/example_dags/example_bash_operator.py
[2024-12-03T15:16:56.004+0000] {logging_mixin.py:120} INFO - [2024-12-03T15:16:56.004+0000] {dag.py:2585} INFO - Sync 1 DAGs
[2024-12-03T15:16:56.045+0000] {logging_mixin.py:120} INFO - [2024-12-03T15:16:56.045+0000] {dag.py:3340} INFO - Setting next_dagrun for example_bash_operator to 2024-12-02T00:00:00+00:00, run_after=2024-12-03T00:00:00+00:00
[2024-12-03T15:16:56.080+0000] {processor.py:176} INFO - Processing /home/airflow/.local/lib/python3.7/site-packages/airflow/example_dags/example_bash_operator.py took 0.175 seconds
[2024-12-03T15:17:26.281+0000] {processor.py:154} INFO - Started process (PID=1188) to work on /home/airflow/.local/lib/python3.7/site-packages/airflow/example_dags/example_bash_operator.py
[2024-12-03T15:17:26.284+0000] {processor.py:756} INFO - Processing file /home/airflow/.local/lib/python3.7/site-packages/airflow/example_dags/example_bash_operator.py for tasks to queue
[2024-12-03T15:17:26.287+0000] {logging_mixin.py:120} INFO - [2024-12-03T15:17:26.286+0000] {dagbag.py:537} INFO - Filling up the DagBag from /home/airflow/.local/lib/python3.7/site-packages/airflow/example_dags/example_bash_operator.py
[2024-12-03T15:17:26.452+0000] {processor.py:766} INFO - DAG(s) dict_keys(['example_bash_operator']) retrieved from /home/airflow/.local/lib/python3.7/site-packages/airflow/example_dags/example_bash_operator.py
[2024-12-03T15:17:57.956+0000] {processor.py:154} INFO - Started process (PID=63) to work on /home/airflow/.local/lib/python3.7/site-packages/airflow/example_dags/example_bash_operator.py
[2024-12-03T15:17:57.958+0000] {processor.py:756} INFO - Processing file /home/airflow/.local/lib/python3.7/site-packages/airflow/example_dags/example_bash_operator.py for tasks to queue
[2024-12-03T15:17:57.959+0000] {logging_mixin.py:120} INFO - [2024-12-03T15:17:57.959+0000] {dagbag.py:537} INFO - Filling up the DagBag from /home/airflow/.local/lib/python3.7/site-packages/airflow/example_dags/example_bash_operator.py
[2024-12-03T15:17:57.994+0000] {processor.py:766} INFO - DAG(s) dict_keys(['example_bash_operator']) retrieved from /home/airflow/.local/lib/python3.7/site-packages/airflow/example_dags/example_bash_operator.py
[2024-12-03T15:17:58.125+0000] {logging_mixin.py:120} INFO - [2024-12-03T15:17:58.125+0000] {dag.py:2585} INFO - Sync 1 DAGs
[2024-12-03T15:17:58.185+0000] {logging_mixin.py:120} INFO - [2024-12-03T15:17:58.185+0000] {dag.py:3340} INFO - Setting next_dagrun for example_bash_operator to 2024-12-02T00:00:00+00:00, run_after=2024-12-03T00:00:00+00:00
[2024-12-03T15:17:58.230+0000] {processor.py:176} INFO - Processing /home/airflow/.local/lib/python3.7/site-packages/airflow/example_dags/example_bash_operator.py took 0.277 seconds
[2024-12-03T15:18:29.435+0000] {processor.py:154} INFO - Started process (PID=127) to work on /home/airflow/.local/lib/python3.7/site-packages/airflow/example_dags/example_bash_operator.py
[2024-12-03T15:18:29.444+0000] {processor.py:756} INFO - Processing file /home/airflow/.local/lib/python3.7/site-packages/airflow/example_dags/example_bash_operator.py for tasks to queue
[2024-12-03T15:18:29.447+0000] {logging_mixin.py:120} INFO - [2024-12-03T15:18:29.447+0000] {dagbag.py:537} INFO - Filling up the DagBag from /home/airflow/.local/lib/python3.7/site-packages/airflow/example_dags/example_bash_operator.py
[2024-12-03T15:18:29.504+0000] {processor.py:766} INFO - DAG(s) dict_keys(['example_bash_operator']) retrieved from /home/airflow/.local/lib/python3.7/site-packages/airflow/example_dags/example_bash_operator.py
[2024-12-03T15:18:29.627+0000] {logging_mixin.py:120} INFO - [2024-12-03T15:18:29.627+0000] {dag.py:2585} INFO - Sync 1 DAGs
[2024-12-03T15:18:29.694+0000] {logging_mixin.py:120} INFO - [2024-12-03T15:18:29.694+0000] {dag.py:3340} INFO - Setting next_dagrun for example_bash_operator to 2024-12-02T00:00:00+00:00, run_after=2024-12-03T00:00:00+00:00
[2024-12-03T15:18:29.759+0000] {processor.py:176} INFO - Processing /home/airflow/.local/lib/python3.7/site-packages/airflow/example_dags/example_bash_operator.py took 0.333 seconds
[2024-12-03T15:19:00.013+0000] {processor.py:154} INFO - Started process (PID=184) to work on /home/airflow/.local/lib/python3.7/site-packages/airflow/example_dags/example_bash_operator.py
[2024-12-03T15:19:00.016+0000] {processor.py:756} INFO - Processing file /home/airflow/.local/lib/python3.7/site-packages/airflow/example_dags/example_bash_operator.py for tasks to queue
[2024-12-03T15:19:00.018+0000] {logging_mixin.py:120} INFO - [2024-12-03T15:19:00.018+0000] {dagbag.py:537} INFO - Filling up the DagBag from /home/airflow/.local/lib/python3.7/site-packages/airflow/example_dags/example_bash_operator.py
[2024-12-03T15:19:00.060+0000] {processor.py:766} INFO - DAG(s) dict_keys(['example_bash_operator']) retrieved from /home/airflow/.local/lib/python3.7/site-packages/airflow/example_dags/example_bash_operator.py
[2024-12-03T15:19:00.136+0000] {logging_mixin.py:120} INFO - [2024-12-03T15:19:00.136+0000] {dag.py:2585} INFO - Sync 1 DAGs
[2024-12-03T15:19:00.176+0000] {logging_mixin.py:120} INFO - [2024-12-03T15:19:00.175+0000] {dag.py:3340} INFO - Setting next_dagrun for example_bash_operator to 2024-12-02T00:00:00+00:00, run_after=2024-12-03T00:00:00+00:00
[2024-12-03T15:19:00.212+0000] {processor.py:176} INFO - Processing /home/airflow/.local/lib/python3.7/site-packages/airflow/example_dags/example_bash_operator.py took 0.205 seconds
[2024-12-03T15:19:30.593+0000] {processor.py:154} INFO - Started process (PID=239) to work on /home/airflow/.local/lib/python3.7/site-packages/airflow/example_dags/example_bash_operator.py
[2024-12-03T15:19:30.595+0000] {processor.py:756} INFO - Processing file /home/airflow/.local/lib/python3.7/site-packages/airflow/example_dags/example_bash_operator.py for tasks to queue
[2024-12-03T15:19:30.597+0000] {logging_mixin.py:120} INFO - [2024-12-03T15:19:30.597+0000] {dagbag.py:537} INFO - Filling up the DagBag from /home/airflow/.local/lib/python3.7/site-packages/airflow/example_dags/example_bash_operator.py
[2024-12-03T15:19:30.635+0000] {processor.py:766} INFO - DAG(s) dict_keys(['example_bash_operator']) retrieved from /home/airflow/.local/lib/python3.7/site-packages/airflow/example_dags/example_bash_operator.py
[2024-12-03T15:19:30.746+0000] {logging_mixin.py:120} INFO - [2024-12-03T15:19:30.746+0000] {dag.py:2585} INFO - Sync 1 DAGs
[2024-12-03T15:19:30.819+0000] {logging_mixin.py:120} INFO - [2024-12-03T15:19:30.818+0000] {dag.py:3340} INFO - Setting next_dagrun for example_bash_operator to 2024-12-02T00:00:00+00:00, run_after=2024-12-03T00:00:00+00:00
[2024-12-03T15:19:30.866+0000] {processor.py:176} INFO - Processing /home/airflow/.local/lib/python3.7/site-packages/airflow/example_dags/example_bash_operator.py took 0.277 seconds
[2024-12-03T15:20:01.572+0000] {processor.py:154} INFO - Started process (PID=303) to work on /home/airflow/.local/lib/python3.7/site-packages/airflow/example_dags/example_bash_operator.py
[2024-12-03T15:20:01.573+0000] {processor.py:756} INFO - Processing file /home/airflow/.local/lib/python3.7/site-packages/airflow/example_dags/example_bash_operator.py for tasks to queue
[2024-12-03T15:20:01.574+0000] {logging_mixin.py:120} INFO - [2024-12-03T15:20:01.574+0000] {dagbag.py:537} INFO - Filling up the DagBag from /home/airflow/.local/lib/python3.7/site-packages/airflow/example_dags/example_bash_operator.py
[2024-12-03T15:20:01.607+0000] {processor.py:766} INFO - DAG(s) dict_keys(['example_bash_operator']) retrieved from /home/airflow/.local/lib/python3.7/site-packages/airflow/example_dags/example_bash_operator.py
[2024-12-03T15:20:01.676+0000] {logging_mixin.py:120} INFO - [2024-12-03T15:20:01.675+0000] {dag.py:2585} INFO - Sync 1 DAGs
[2024-12-03T15:20:01.713+0000] {logging_mixin.py:120} INFO - [2024-12-03T15:20:01.713+0000] {dag.py:3340} INFO - Setting next_dagrun for example_bash_operator to 2024-12-02T00:00:00+00:00, run_after=2024-12-03T00:00:00+00:00
[2024-12-03T15:20:01.748+0000] {processor.py:176} INFO - Processing /home/airflow/.local/lib/python3.7/site-packages/airflow/example_dags/example_bash_operator.py took 0.182 seconds
[2024-12-03T15:20:32.647+0000] {processor.py:154} INFO - Started process (PID=358) to work on /home/airflow/.local/lib/python3.7/site-packages/airflow/example_dags/example_bash_operator.py
[2024-12-03T15:20:32.649+0000] {processor.py:756} INFO - Processing file /home/airflow/.local/lib/python3.7/site-packages/airflow/example_dags/example_bash_operator.py for tasks to queue
[2024-12-03T15:20:32.651+0000] {logging_mixin.py:120} INFO - [2024-12-03T15:20:32.651+0000] {dagbag.py:537} INFO - Filling up the DagBag from /home/airflow/.local/lib/python3.7/site-packages/airflow/example_dags/example_bash_operator.py
[2024-12-03T15:20:32.689+0000] {processor.py:766} INFO - DAG(s) dict_keys(['example_bash_operator']) retrieved from /home/airflow/.local/lib/python3.7/site-packages/airflow/example_dags/example_bash_operator.py
[2024-12-03T15:20:32.770+0000] {logging_mixin.py:120} INFO - [2024-12-03T15:20:32.770+0000] {dag.py:2585} INFO - Sync 1 DAGs
[2024-12-03T15:20:32.825+0000] {logging_mixin.py:120} INFO - [2024-12-03T15:20:32.824+0000] {dag.py:3340} INFO - Setting next_dagrun for example_bash_operator to 2024-12-02T00:00:00+00:00, run_after=2024-12-03T00:00:00+00:00
[2024-12-03T15:20:32.868+0000] {processor.py:176} INFO - Processing /home/airflow/.local/lib/python3.7/site-packages/airflow/example_dags/example_bash_operator.py took 0.226 seconds
[2024-12-03T15:21:03.291+0000] {processor.py:154} INFO - Started process (PID=423) to work on /home/airflow/.local/lib/python3.7/site-packages/airflow/example_dags/example_bash_operator.py
[2024-12-03T15:21:03.294+0000] {processor.py:756} INFO - Processing file /home/airflow/.local/lib/python3.7/site-packages/airflow/example_dags/example_bash_operator.py for tasks to queue
[2024-12-03T15:21:03.297+0000] {logging_mixin.py:120} INFO - [2024-12-03T15:21:03.296+0000] {dagbag.py:537} INFO - Filling up the DagBag from /home/airflow/.local/lib/python3.7/site-packages/airflow/example_dags/example_bash_operator.py
[2024-12-03T15:21:03.347+0000] {processor.py:766} INFO - DAG(s) dict_keys(['example_bash_operator']) retrieved from /home/airflow/.local/lib/python3.7/site-packages/airflow/example_dags/example_bash_operator.py
[2024-12-03T15:21:03.465+0000] {logging_mixin.py:120} INFO - [2024-12-03T15:21:03.464+0000] {dag.py:2585} INFO - Sync 1 DAGs
[2024-12-03T15:21:03.581+0000] {logging_mixin.py:120} INFO - [2024-12-03T15:21:03.580+0000] {dag.py:3340} INFO - Setting next_dagrun for example_bash_operator to 2024-12-02T00:00:00+00:00, run_after=2024-12-03T00:00:00+00:00
[2024-12-03T15:21:03.660+0000] {processor.py:176} INFO - Processing /home/airflow/.local/lib/python3.7/site-packages/airflow/example_dags/example_bash_operator.py took 0.375 seconds
[2024-12-03T15:21:34.710+0000] {processor.py:154} INFO - Started process (PID=479) to work on /home/airflow/.local/lib/python3.7/site-packages/airflow/example_dags/example_bash_operator.py
[2024-12-03T15:21:34.734+0000] {processor.py:756} INFO - Processing file /home/airflow/.local/lib/python3.7/site-packages/airflow/example_dags/example_bash_operator.py for tasks to queue
[2024-12-03T15:21:34.739+0000] {logging_mixin.py:120} INFO - [2024-12-03T15:21:34.738+0000] {dagbag.py:537} INFO - Filling up the DagBag from /home/airflow/.local/lib/python3.7/site-packages/airflow/example_dags/example_bash_operator.py
[2024-12-03T15:21:34.827+0000] {processor.py:766} INFO - DAG(s) dict_keys(['example_bash_operator']) retrieved from /home/airflow/.local/lib/python3.7/site-packages/airflow/example_dags/example_bash_operator.py
[2024-12-03T15:21:34.995+0000] {logging_mixin.py:120} INFO - [2024-12-03T15:21:34.994+0000] {dag.py:2585} INFO - Sync 1 DAGs
[2024-12-03T15:21:35.101+0000] {logging_mixin.py:120} INFO - [2024-12-03T15:21:35.100+0000] {dag.py:3340} INFO - Setting next_dagrun for example_bash_operator to 2024-12-02T00:00:00+00:00, run_after=2024-12-03T00:00:00+00:00
[2024-12-03T15:21:35.212+0000] {processor.py:176} INFO - Processing /home/airflow/.local/lib/python3.7/site-packages/airflow/example_dags/example_bash_operator.py took 0.515 seconds
[2024-12-03T15:22:05.487+0000] {processor.py:154} INFO - Started process (PID=542) to work on /home/airflow/.local/lib/python3.7/site-packages/airflow/example_dags/example_bash_operator.py
[2024-12-03T15:22:05.489+0000] {processor.py:756} INFO - Processing file /home/airflow/.local/lib/python3.7/site-packages/airflow/example_dags/example_bash_operator.py for tasks to queue
[2024-12-03T15:22:05.491+0000] {logging_mixin.py:120} INFO - [2024-12-03T15:22:05.491+0000] {dagbag.py:537} INFO - Filling up the DagBag from /home/airflow/.local/lib/python3.7/site-packages/airflow/example_dags/example_bash_operator.py
[2024-12-03T15:22:05.536+0000] {processor.py:766} INFO - DAG(s) dict_keys(['example_bash_operator']) retrieved from /home/airflow/.local/lib/python3.7/site-packages/airflow/example_dags/example_bash_operator.py
[2024-12-03T15:22:05.678+0000] {logging_mixin.py:120} INFO - [2024-12-03T15:22:05.677+0000] {dag.py:2585} INFO - Sync 1 DAGs
[2024-12-03T15:22:05.723+0000] {logging_mixin.py:120} INFO - [2024-12-03T15:22:05.723+0000] {dag.py:3340} INFO - Setting next_dagrun for example_bash_operator to 2024-12-02T00:00:00+00:00, run_after=2024-12-03T00:00:00+00:00
[2024-12-03T15:22:05.787+0000] {processor.py:176} INFO - Processing /home/airflow/.local/lib/python3.7/site-packages/airflow/example_dags/example_bash_operator.py took 0.308 seconds
[2024-12-03T15:22:36.384+0000] {processor.py:154} INFO - Started process (PID=599) to work on /home/airflow/.local/lib/python3.7/site-packages/airflow/example_dags/example_bash_operator.py
[2024-12-03T15:22:36.385+0000] {processor.py:756} INFO - Processing file /home/airflow/.local/lib/python3.7/site-packages/airflow/example_dags/example_bash_operator.py for tasks to queue
[2024-12-03T15:22:36.386+0000] {logging_mixin.py:120} INFO - [2024-12-03T15:22:36.386+0000] {dagbag.py:537} INFO - Filling up the DagBag from /home/airflow/.local/lib/python3.7/site-packages/airflow/example_dags/example_bash_operator.py
[2024-12-03T15:22:36.414+0000] {processor.py:766} INFO - DAG(s) dict_keys(['example_bash_operator']) retrieved from /home/airflow/.local/lib/python3.7/site-packages/airflow/example_dags/example_bash_operator.py
[2024-12-03T15:22:36.480+0000] {logging_mixin.py:120} INFO - [2024-12-03T15:22:36.480+0000] {dag.py:2585} INFO - Sync 1 DAGs
[2024-12-03T15:22:36.515+0000] {logging_mixin.py:120} INFO - [2024-12-03T15:22:36.514+0000] {dag.py:3340} INFO - Setting next_dagrun for example_bash_operator to 2024-12-02T00:00:00+00:00, run_after=2024-12-03T00:00:00+00:00
[2024-12-03T15:22:36.554+0000] {processor.py:176} INFO - Processing /home/airflow/.local/lib/python3.7/site-packages/airflow/example_dags/example_bash_operator.py took 0.176 seconds
[2024-12-03T15:23:07.535+0000] {processor.py:154} INFO - Started process (PID=654) to work on /home/airflow/.local/lib/python3.7/site-packages/airflow/example_dags/example_bash_operator.py
[2024-12-03T15:23:07.539+0000] {processor.py:756} INFO - Processing file /home/airflow/.local/lib/python3.7/site-packages/airflow/example_dags/example_bash_operator.py for tasks to queue
[2024-12-03T15:23:07.541+0000] {logging_mixin.py:120} INFO - [2024-12-03T15:23:07.541+0000] {dagbag.py:537} INFO - Filling up the DagBag from /home/airflow/.local/lib/python3.7/site-packages/airflow/example_dags/example_bash_operator.py
[2024-12-03T15:23:07.581+0000] {processor.py:766} INFO - DAG(s) dict_keys(['example_bash_operator']) retrieved from /home/airflow/.local/lib/python3.7/site-packages/airflow/example_dags/example_bash_operator.py
[2024-12-03T15:23:07.677+0000] {logging_mixin.py:120} INFO - [2024-12-03T15:23:07.677+0000] {dag.py:2585} INFO - Sync 1 DAGs
[2024-12-03T15:23:07.747+0000] {logging_mixin.py:120} INFO - [2024-12-03T15:23:07.746+0000] {dag.py:3340} INFO - Setting next_dagrun for example_bash_operator to 2024-12-02T00:00:00+00:00, run_after=2024-12-03T00:00:00+00:00
[2024-12-03T15:23:07.797+0000] {processor.py:176} INFO - Processing /home/airflow/.local/lib/python3.7/site-packages/airflow/example_dags/example_bash_operator.py took 0.267 seconds
[2024-12-03T15:23:38.164+0000] {processor.py:154} INFO - Started process (PID=718) to work on /home/airflow/.local/lib/python3.7/site-packages/airflow/example_dags/example_bash_operator.py
[2024-12-03T15:23:38.166+0000] {processor.py:756} INFO - Processing file /home/airflow/.local/lib/python3.7/site-packages/airflow/example_dags/example_bash_operator.py for tasks to queue
[2024-12-03T15:23:38.167+0000] {logging_mixin.py:120} INFO - [2024-12-03T15:23:38.167+0000] {dagbag.py:537} INFO - Filling up the DagBag from /home/airflow/.local/lib/python3.7/site-packages/airflow/example_dags/example_bash_operator.py
[2024-12-03T15:23:38.193+0000] {processor.py:766} INFO - DAG(s) dict_keys(['example_bash_operator']) retrieved from /home/airflow/.local/lib/python3.7/site-packages/airflow/example_dags/example_bash_operator.py
[2024-12-03T15:23:38.258+0000] {logging_mixin.py:120} INFO - [2024-12-03T15:23:38.257+0000] {dag.py:2585} INFO - Sync 1 DAGs
[2024-12-03T15:23:38.296+0000] {logging_mixin.py:120} INFO - [2024-12-03T15:23:38.296+0000] {dag.py:3340} INFO - Setting next_dagrun for example_bash_operator to 2024-12-02T00:00:00+00:00, run_after=2024-12-03T00:00:00+00:00
[2024-12-03T15:23:38.332+0000] {processor.py:176} INFO - Processing /home/airflow/.local/lib/python3.7/site-packages/airflow/example_dags/example_bash_operator.py took 0.172 seconds
[2024-12-03T15:24:08.550+0000] {processor.py:154} INFO - Started process (PID=773) to work on /home/airflow/.local/lib/python3.7/site-packages/airflow/example_dags/example_bash_operator.py
[2024-12-03T15:24:08.552+0000] {processor.py:756} INFO - Processing file /home/airflow/.local/lib/python3.7/site-packages/airflow/example_dags/example_bash_operator.py for tasks to queue
[2024-12-03T15:24:08.554+0000] {logging_mixin.py:120} INFO - [2024-12-03T15:24:08.554+0000] {dagbag.py:537} INFO - Filling up the DagBag from /home/airflow/.local/lib/python3.7/site-packages/airflow/example_dags/example_bash_operator.py
[2024-12-03T15:24:08.588+0000] {processor.py:766} INFO - DAG(s) dict_keys(['example_bash_operator']) retrieved from /home/airflow/.local/lib/python3.7/site-packages/airflow/example_dags/example_bash_operator.py
[2024-12-03T15:24:08.665+0000] {logging_mixin.py:120} INFO - [2024-12-03T15:24:08.665+0000] {dag.py:2585} INFO - Sync 1 DAGs
[2024-12-03T15:24:08.714+0000] {logging_mixin.py:120} INFO - [2024-12-03T15:24:08.714+0000] {dag.py:3340} INFO - Setting next_dagrun for example_bash_operator to 2024-12-02T00:00:00+00:00, run_after=2024-12-03T00:00:00+00:00
[2024-12-03T15:24:08.765+0000] {processor.py:176} INFO - Processing /home/airflow/.local/lib/python3.7/site-packages/airflow/example_dags/example_bash_operator.py took 0.219 seconds
[2024-12-03T15:24:39.056+0000] {processor.py:154} INFO - Started process (PID=837) to work on /home/airflow/.local/lib/python3.7/site-packages/airflow/example_dags/example_bash_operator.py
[2024-12-03T15:24:39.059+0000] {processor.py:756} INFO - Processing file /home/airflow/.local/lib/python3.7/site-packages/airflow/example_dags/example_bash_operator.py for tasks to queue
[2024-12-03T15:24:39.061+0000] {logging_mixin.py:120} INFO - [2024-12-03T15:24:39.061+0000] {dagbag.py:537} INFO - Filling up the DagBag from /home/airflow/.local/lib/python3.7/site-packages/airflow/example_dags/example_bash_operator.py
[2024-12-03T15:24:39.102+0000] {processor.py:766} INFO - DAG(s) dict_keys(['example_bash_operator']) retrieved from /home/airflow/.local/lib/python3.7/site-packages/airflow/example_dags/example_bash_operator.py
[2024-12-03T15:24:39.227+0000] {logging_mixin.py:120} INFO - [2024-12-03T15:24:39.227+0000] {dag.py:2585} INFO - Sync 1 DAGs
[2024-12-03T15:24:39.286+0000] {logging_mixin.py:120} INFO - [2024-12-03T15:24:39.286+0000] {dag.py:3340} INFO - Setting next_dagrun for example_bash_operator to 2024-12-02T00:00:00+00:00, run_after=2024-12-03T00:00:00+00:00
[2024-12-03T15:24:39.342+0000] {processor.py:176} INFO - Processing /home/airflow/.local/lib/python3.7/site-packages/airflow/example_dags/example_bash_operator.py took 0.293 seconds
[2024-12-03T15:25:09.457+0000] {processor.py:154} INFO - Started process (PID=891) to work on /home/airflow/.local/lib/python3.7/site-packages/airflow/example_dags/example_bash_operator.py
[2024-12-03T15:25:09.459+0000] {processor.py:756} INFO - Processing file /home/airflow/.local/lib/python3.7/site-packages/airflow/example_dags/example_bash_operator.py for tasks to queue
[2024-12-03T15:25:09.461+0000] {logging_mixin.py:120} INFO - [2024-12-03T15:25:09.461+0000] {dagbag.py:537} INFO - Filling up the DagBag from /home/airflow/.local/lib/python3.7/site-packages/airflow/example_dags/example_bash_operator.py
[2024-12-03T15:25:09.495+0000] {processor.py:766} INFO - DAG(s) dict_keys(['example_bash_operator']) retrieved from /home/airflow/.local/lib/python3.7/site-packages/airflow/example_dags/example_bash_operator.py
[2024-12-03T15:25:09.569+0000] {logging_mixin.py:120} INFO - [2024-12-03T15:25:09.569+0000] {dag.py:2585} INFO - Sync 1 DAGs
[2024-12-03T15:25:09.616+0000] {logging_mixin.py:120} INFO - [2024-12-03T15:25:09.616+0000] {dag.py:3340} INFO - Setting next_dagrun for example_bash_operator to 2024-12-02T00:00:00+00:00, run_after=2024-12-03T00:00:00+00:00
[2024-12-03T15:25:09.654+0000] {processor.py:176} INFO - Processing /home/airflow/.local/lib/python3.7/site-packages/airflow/example_dags/example_bash_operator.py took 0.202 seconds
[2024-12-03T15:25:41.503+0000] {processor.py:154} INFO - Started process (PID=955) to work on /home/airflow/.local/lib/python3.7/site-packages/airflow/example_dags/example_bash_operator.py
[2024-12-03T15:25:41.509+0000] {processor.py:756} INFO - Processing file /home/airflow/.local/lib/python3.7/site-packages/airflow/example_dags/example_bash_operator.py for tasks to queue
[2024-12-03T15:25:41.512+0000] {logging_mixin.py:120} INFO - [2024-12-03T15:25:41.512+0000] {dagbag.py:537} INFO - Filling up the DagBag from /home/airflow/.local/lib/python3.7/site-packages/airflow/example_dags/example_bash_operator.py
[2024-12-03T15:25:41.584+0000] {processor.py:766} INFO - DAG(s) dict_keys(['example_bash_operator']) retrieved from /home/airflow/.local/lib/python3.7/site-packages/airflow/example_dags/example_bash_operator.py
[2024-12-03T15:25:41.756+0000] {logging_mixin.py:120} INFO - [2024-12-03T15:25:41.755+0000] {dag.py:2585} INFO - Sync 1 DAGs
[2024-12-03T15:25:41.856+0000] {logging_mixin.py:120} INFO - [2024-12-03T15:25:41.855+0000] {dag.py:3340} INFO - Setting next_dagrun for example_bash_operator to 2024-12-02T00:00:00+00:00, run_after=2024-12-03T00:00:00+00:00
[2024-12-03T15:25:41.958+0000] {processor.py:176} INFO - Processing /home/airflow/.local/lib/python3.7/site-packages/airflow/example_dags/example_bash_operator.py took 0.463 seconds
[2024-12-03T15:26:12.096+0000] {processor.py:154} INFO - Started process (PID=1010) to work on /home/airflow/.local/lib/python3.7/site-packages/airflow/example_dags/example_bash_operator.py
[2024-12-03T15:26:12.098+0000] {processor.py:756} INFO - Processing file /home/airflow/.local/lib/python3.7/site-packages/airflow/example_dags/example_bash_operator.py for tasks to queue
[2024-12-03T15:26:12.099+0000] {logging_mixin.py:120} INFO - [2024-12-03T15:26:12.099+0000] {dagbag.py:537} INFO - Filling up the DagBag from /home/airflow/.local/lib/python3.7/site-packages/airflow/example_dags/example_bash_operator.py
[2024-12-03T15:26:12.128+0000] {processor.py:766} INFO - DAG(s) dict_keys(['example_bash_operator']) retrieved from /home/airflow/.local/lib/python3.7/site-packages/airflow/example_dags/example_bash_operator.py
[2024-12-03T15:26:12.194+0000] {logging_mixin.py:120} INFO - [2024-12-03T15:26:12.193+0000] {dag.py:2585} INFO - Sync 1 DAGs
[2024-12-03T15:26:12.235+0000] {logging_mixin.py:120} INFO - [2024-12-03T15:26:12.234+0000] {dag.py:3340} INFO - Setting next_dagrun for example_bash_operator to 2024-12-02T00:00:00+00:00, run_after=2024-12-03T00:00:00+00:00
[2024-12-03T15:26:12.272+0000] {processor.py:176} INFO - Processing /home/airflow/.local/lib/python3.7/site-packages/airflow/example_dags/example_bash_operator.py took 0.180 seconds
[2024-12-03T15:26:42.403+0000] {processor.py:154} INFO - Started process (PID=1065) to work on /home/airflow/.local/lib/python3.7/site-packages/airflow/example_dags/example_bash_operator.py
[2024-12-03T15:26:42.404+0000] {processor.py:756} INFO - Processing file /home/airflow/.local/lib/python3.7/site-packages/airflow/example_dags/example_bash_operator.py for tasks to queue
[2024-12-03T15:26:42.407+0000] {logging_mixin.py:120} INFO - [2024-12-03T15:26:42.406+0000] {dagbag.py:537} INFO - Filling up the DagBag from /home/airflow/.local/lib/python3.7/site-packages/airflow/example_dags/example_bash_operator.py
[2024-12-03T15:26:42.451+0000] {processor.py:766} INFO - DAG(s) dict_keys(['example_bash_operator']) retrieved from /home/airflow/.local/lib/python3.7/site-packages/airflow/example_dags/example_bash_operator.py
[2024-12-03T15:26:42.544+0000] {logging_mixin.py:120} INFO - [2024-12-03T15:26:42.544+0000] {dag.py:2585} INFO - Sync 1 DAGs
[2024-12-03T15:26:42.598+0000] {logging_mixin.py:120} INFO - [2024-12-03T15:26:42.598+0000] {dag.py:3340} INFO - Setting next_dagrun for example_bash_operator to 2024-12-02T00:00:00+00:00, run_after=2024-12-03T00:00:00+00:00
[2024-12-03T15:26:42.643+0000] {processor.py:176} INFO - Processing /home/airflow/.local/lib/python3.7/site-packages/airflow/example_dags/example_bash_operator.py took 0.246 seconds
[2024-12-03T15:27:12.739+0000] {processor.py:154} INFO - Started process (PID=1130) to work on /home/airflow/.local/lib/python3.7/site-packages/airflow/example_dags/example_bash_operator.py
[2024-12-03T15:27:12.740+0000] {processor.py:756} INFO - Processing file /home/airflow/.local/lib/python3.7/site-packages/airflow/example_dags/example_bash_operator.py for tasks to queue
[2024-12-03T15:27:12.742+0000] {logging_mixin.py:120} INFO - [2024-12-03T15:27:12.742+0000] {dagbag.py:537} INFO - Filling up the DagBag from /home/airflow/.local/lib/python3.7/site-packages/airflow/example_dags/example_bash_operator.py
[2024-12-03T15:27:12.779+0000] {processor.py:766} INFO - DAG(s) dict_keys(['example_bash_operator']) retrieved from /home/airflow/.local/lib/python3.7/site-packages/airflow/example_dags/example_bash_operator.py
[2024-12-03T15:27:12.863+0000] {logging_mixin.py:120} INFO - [2024-12-03T15:27:12.863+0000] {dag.py:2585} INFO - Sync 1 DAGs
[2024-12-03T15:27:12.912+0000] {logging_mixin.py:120} INFO - [2024-12-03T15:27:12.912+0000] {dag.py:3340} INFO - Setting next_dagrun for example_bash_operator to 2024-12-02T00:00:00+00:00, run_after=2024-12-03T00:00:00+00:00
[2024-12-03T15:27:12.955+0000] {processor.py:176} INFO - Processing /home/airflow/.local/lib/python3.7/site-packages/airflow/example_dags/example_bash_operator.py took 0.221 seconds
[2024-12-03T15:27:43.294+0000] {processor.py:154} INFO - Started process (PID=1185) to work on /home/airflow/.local/lib/python3.7/site-packages/airflow/example_dags/example_bash_operator.py
[2024-12-03T15:27:43.297+0000] {processor.py:756} INFO - Processing file /home/airflow/.local/lib/python3.7/site-packages/airflow/example_dags/example_bash_operator.py for tasks to queue
[2024-12-03T15:27:43.300+0000] {logging_mixin.py:120} INFO - [2024-12-03T15:27:43.299+0000] {dagbag.py:537} INFO - Filling up the DagBag from /home/airflow/.local/lib/python3.7/site-packages/airflow/example_dags/example_bash_operator.py
[2024-12-03T15:27:43.338+0000] {processor.py:766} INFO - DAG(s) dict_keys(['example_bash_operator']) retrieved from /home/airflow/.local/lib/python3.7/site-packages/airflow/example_dags/example_bash_operator.py
[2024-12-03T15:27:43.422+0000] {logging_mixin.py:120} INFO - [2024-12-03T15:27:43.422+0000] {dag.py:2585} INFO - Sync 1 DAGs
[2024-12-03T15:27:43.473+0000] {logging_mixin.py:120} INFO - [2024-12-03T15:27:43.472+0000] {dag.py:3340} INFO - Setting next_dagrun for example_bash_operator to 2024-12-02T00:00:00+00:00, run_after=2024-12-03T00:00:00+00:00
[2024-12-03T15:27:43.518+0000] {processor.py:176} INFO - Processing /home/airflow/.local/lib/python3.7/site-packages/airflow/example_dags/example_bash_operator.py took 0.229 seconds
[2024-12-03T15:28:13.870+0000] {processor.py:154} INFO - Started process (PID=1249) to work on /home/airflow/.local/lib/python3.7/site-packages/airflow/example_dags/example_bash_operator.py
[2024-12-03T15:28:13.873+0000] {processor.py:756} INFO - Processing file /home/airflow/.local/lib/python3.7/site-packages/airflow/example_dags/example_bash_operator.py for tasks to queue
[2024-12-03T15:28:13.876+0000] {logging_mixin.py:120} INFO - [2024-12-03T15:28:13.876+0000] {dagbag.py:537} INFO - Filling up the DagBag from /home/airflow/.local/lib/python3.7/site-packages/airflow/example_dags/example_bash_operator.py
[2024-12-03T15:28:13.920+0000] {processor.py:766} INFO - DAG(s) dict_keys(['example_bash_operator']) retrieved from /home/airflow/.local/lib/python3.7/site-packages/airflow/example_dags/example_bash_operator.py
[2024-12-03T15:28:14.047+0000] {logging_mixin.py:120} INFO - [2024-12-03T15:28:14.046+0000] {dag.py:2585} INFO - Sync 1 DAGs
[2024-12-03T15:28:14.100+0000] {logging_mixin.py:120} INFO - [2024-12-03T15:28:14.099+0000] {dag.py:3340} INFO - Setting next_dagrun for example_bash_operator to 2024-12-02T00:00:00+00:00, run_after=2024-12-03T00:00:00+00:00
[2024-12-03T15:28:14.152+0000] {processor.py:176} INFO - Processing /home/airflow/.local/lib/python3.7/site-packages/airflow/example_dags/example_bash_operator.py took 0.292 seconds
[2024-12-03T15:28:44.471+0000] {processor.py:154} INFO - Started process (PID=1304) to work on /home/airflow/.local/lib/python3.7/site-packages/airflow/example_dags/example_bash_operator.py
[2024-12-03T15:28:44.473+0000] {processor.py:756} INFO - Processing file /home/airflow/.local/lib/python3.7/site-packages/airflow/example_dags/example_bash_operator.py for tasks to queue
[2024-12-03T15:28:44.474+0000] {logging_mixin.py:120} INFO - [2024-12-03T15:28:44.474+0000] {dagbag.py:537} INFO - Filling up the DagBag from /home/airflow/.local/lib/python3.7/site-packages/airflow/example_dags/example_bash_operator.py
[2024-12-03T15:28:44.505+0000] {processor.py:766} INFO - DAG(s) dict_keys(['example_bash_operator']) retrieved from /home/airflow/.local/lib/python3.7/site-packages/airflow/example_dags/example_bash_operator.py
[2024-12-03T15:28:44.573+0000] {logging_mixin.py:120} INFO - [2024-12-03T15:28:44.573+0000] {dag.py:2585} INFO - Sync 1 DAGs
[2024-12-03T15:28:44.615+0000] {logging_mixin.py:120} INFO - [2024-12-03T15:28:44.615+0000] {dag.py:3340} INFO - Setting next_dagrun for example_bash_operator to 2024-12-02T00:00:00+00:00, run_after=2024-12-03T00:00:00+00:00
[2024-12-03T15:28:44.655+0000] {processor.py:176} INFO - Processing /home/airflow/.local/lib/python3.7/site-packages/airflow/example_dags/example_bash_operator.py took 0.187 seconds
[2024-12-03T15:29:15.094+0000] {processor.py:154} INFO - Started process (PID=1366) to work on /home/airflow/.local/lib/python3.7/site-packages/airflow/example_dags/example_bash_operator.py
[2024-12-03T15:29:15.096+0000] {processor.py:756} INFO - Processing file /home/airflow/.local/lib/python3.7/site-packages/airflow/example_dags/example_bash_operator.py for tasks to queue
[2024-12-03T15:29:15.099+0000] {logging_mixin.py:120} INFO - [2024-12-03T15:29:15.099+0000] {dagbag.py:537} INFO - Filling up the DagBag from /home/airflow/.local/lib/python3.7/site-packages/airflow/example_dags/example_bash_operator.py
[2024-12-03T15:29:15.143+0000] {processor.py:766} INFO - DAG(s) dict_keys(['example_bash_operator']) retrieved from /home/airflow/.local/lib/python3.7/site-packages/airflow/example_dags/example_bash_operator.py
[2024-12-03T15:29:15.234+0000] {logging_mixin.py:120} INFO - [2024-12-03T15:29:15.234+0000] {dag.py:2585} INFO - Sync 1 DAGs
[2024-12-03T15:29:15.303+0000] {logging_mixin.py:120} INFO - [2024-12-03T15:29:15.302+0000] {dag.py:3340} INFO - Setting next_dagrun for example_bash_operator to 2024-12-02T00:00:00+00:00, run_after=2024-12-03T00:00:00+00:00
[2024-12-03T15:29:15.357+0000] {processor.py:176} INFO - Processing /home/airflow/.local/lib/python3.7/site-packages/airflow/example_dags/example_bash_operator.py took 0.271 seconds
[2024-12-03T15:29:45.669+0000] {processor.py:154} INFO - Started process (PID=1423) to work on /home/airflow/.local/lib/python3.7/site-packages/airflow/example_dags/example_bash_operator.py
[2024-12-03T15:29:45.672+0000] {processor.py:756} INFO - Processing file /home/airflow/.local/lib/python3.7/site-packages/airflow/example_dags/example_bash_operator.py for tasks to queue
[2024-12-03T15:29:45.674+0000] {logging_mixin.py:120} INFO - [2024-12-03T15:29:45.674+0000] {dagbag.py:537} INFO - Filling up the DagBag from /home/airflow/.local/lib/python3.7/site-packages/airflow/example_dags/example_bash_operator.py
[2024-12-03T15:29:45.727+0000] {processor.py:766} INFO - DAG(s) dict_keys(['example_bash_operator']) retrieved from /home/airflow/.local/lib/python3.7/site-packages/airflow/example_dags/example_bash_operator.py
[2024-12-03T15:29:45.825+0000] {logging_mixin.py:120} INFO - [2024-12-03T15:29:45.824+0000] {dag.py:2585} INFO - Sync 1 DAGs
[2024-12-03T15:29:45.873+0000] {logging_mixin.py:120} INFO - [2024-12-03T15:29:45.873+0000] {dag.py:3340} INFO - Setting next_dagrun for example_bash_operator to 2024-12-02T00:00:00+00:00, run_after=2024-12-03T00:00:00+00:00
[2024-12-03T15:29:45.920+0000] {processor.py:176} INFO - Processing /home/airflow/.local/lib/python3.7/site-packages/airflow/example_dags/example_bash_operator.py took 0.258 seconds
[2024-12-03T15:30:16.372+0000] {processor.py:154} INFO - Started process (PID=1478) to work on /home/airflow/.local/lib/python3.7/site-packages/airflow/example_dags/example_bash_operator.py
[2024-12-03T15:30:16.373+0000] {processor.py:756} INFO - Processing file /home/airflow/.local/lib/python3.7/site-packages/airflow/example_dags/example_bash_operator.py for tasks to queue
[2024-12-03T15:30:16.375+0000] {logging_mixin.py:120} INFO - [2024-12-03T15:30:16.375+0000] {dagbag.py:537} INFO - Filling up the DagBag from /home/airflow/.local/lib/python3.7/site-packages/airflow/example_dags/example_bash_operator.py
[2024-12-03T15:30:16.409+0000] {processor.py:766} INFO - DAG(s) dict_keys(['example_bash_operator']) retrieved from /home/airflow/.local/lib/python3.7/site-packages/airflow/example_dags/example_bash_operator.py
[2024-12-03T15:30:16.494+0000] {logging_mixin.py:120} INFO - [2024-12-03T15:30:16.494+0000] {dag.py:2585} INFO - Sync 1 DAGs
[2024-12-03T15:30:16.540+0000] {logging_mixin.py:120} INFO - [2024-12-03T15:30:16.539+0000] {dag.py:3340} INFO - Setting next_dagrun for example_bash_operator to 2024-12-02T00:00:00+00:00, run_after=2024-12-03T00:00:00+00:00
[2024-12-03T15:30:16.590+0000] {processor.py:176} INFO - Processing /home/airflow/.local/lib/python3.7/site-packages/airflow/example_dags/example_bash_operator.py took 0.224 seconds
[2024-12-03T15:30:47.573+0000] {processor.py:154} INFO - Started process (PID=1543) to work on /home/airflow/.local/lib/python3.7/site-packages/airflow/example_dags/example_bash_operator.py
[2024-12-03T15:30:47.576+0000] {processor.py:756} INFO - Processing file /home/airflow/.local/lib/python3.7/site-packages/airflow/example_dags/example_bash_operator.py for tasks to queue
[2024-12-03T15:30:47.579+0000] {logging_mixin.py:120} INFO - [2024-12-03T15:30:47.578+0000] {dagbag.py:537} INFO - Filling up the DagBag from /home/airflow/.local/lib/python3.7/site-packages/airflow/example_dags/example_bash_operator.py
[2024-12-03T15:30:47.635+0000] {processor.py:766} INFO - DAG(s) dict_keys(['example_bash_operator']) retrieved from /home/airflow/.local/lib/python3.7/site-packages/airflow/example_dags/example_bash_operator.py
[2024-12-03T15:30:47.741+0000] {logging_mixin.py:120} INFO - [2024-12-03T15:30:47.741+0000] {dag.py:2585} INFO - Sync 1 DAGs
[2024-12-03T15:30:47.791+0000] {logging_mixin.py:120} INFO - [2024-12-03T15:30:47.791+0000] {dag.py:3340} INFO - Setting next_dagrun for example_bash_operator to 2024-12-02T00:00:00+00:00, run_after=2024-12-03T00:00:00+00:00
[2024-12-03T15:30:47.832+0000] {processor.py:176} INFO - Processing /home/airflow/.local/lib/python3.7/site-packages/airflow/example_dags/example_bash_operator.py took 0.267 seconds
[2024-12-03T15:31:18.020+0000] {processor.py:154} INFO - Started process (PID=1598) to work on /home/airflow/.local/lib/python3.7/site-packages/airflow/example_dags/example_bash_operator.py
[2024-12-03T15:31:18.021+0000] {processor.py:756} INFO - Processing file /home/airflow/.local/lib/python3.7/site-packages/airflow/example_dags/example_bash_operator.py for tasks to queue
[2024-12-03T15:31:18.023+0000] {logging_mixin.py:120} INFO - [2024-12-03T15:31:18.023+0000] {dagbag.py:537} INFO - Filling up the DagBag from /home/airflow/.local/lib/python3.7/site-packages/airflow/example_dags/example_bash_operator.py
[2024-12-03T15:31:18.071+0000] {processor.py:766} INFO - DAG(s) dict_keys(['example_bash_operator']) retrieved from /home/airflow/.local/lib/python3.7/site-packages/airflow/example_dags/example_bash_operator.py
[2024-12-03T15:31:18.157+0000] {logging_mixin.py:120} INFO - [2024-12-03T15:31:18.157+0000] {dag.py:2585} INFO - Sync 1 DAGs
[2024-12-03T15:31:18.230+0000] {logging_mixin.py:120} INFO - [2024-12-03T15:31:18.229+0000] {dag.py:3340} INFO - Setting next_dagrun for example_bash_operator to 2024-12-02T00:00:00+00:00, run_after=2024-12-03T00:00:00+00:00
[2024-12-03T15:31:18.277+0000] {processor.py:176} INFO - Processing /home/airflow/.local/lib/python3.7/site-packages/airflow/example_dags/example_bash_operator.py took 0.262 seconds
[2024-12-03T15:31:48.846+0000] {processor.py:154} INFO - Started process (PID=1662) to work on /home/airflow/.local/lib/python3.7/site-packages/airflow/example_dags/example_bash_operator.py
[2024-12-03T15:31:48.848+0000] {processor.py:756} INFO - Processing file /home/airflow/.local/lib/python3.7/site-packages/airflow/example_dags/example_bash_operator.py for tasks to queue
[2024-12-03T15:31:48.852+0000] {logging_mixin.py:120} INFO - [2024-12-03T15:31:48.851+0000] {dagbag.py:537} INFO - Filling up the DagBag from /home/airflow/.local/lib/python3.7/site-packages/airflow/example_dags/example_bash_operator.py
[2024-12-03T15:31:48.907+0000] {processor.py:766} INFO - DAG(s) dict_keys(['example_bash_operator']) retrieved from /home/airflow/.local/lib/python3.7/site-packages/airflow/example_dags/example_bash_operator.py
[2024-12-03T15:31:49.007+0000] {logging_mixin.py:120} INFO - [2024-12-03T15:31:49.007+0000] {dag.py:2585} INFO - Sync 1 DAGs
[2024-12-03T15:31:49.065+0000] {logging_mixin.py:120} INFO - [2024-12-03T15:31:49.065+0000] {dag.py:3340} INFO - Setting next_dagrun for example_bash_operator to 2024-12-02T00:00:00+00:00, run_after=2024-12-03T00:00:00+00:00
[2024-12-03T15:31:49.112+0000] {processor.py:176} INFO - Processing /home/airflow/.local/lib/python3.7/site-packages/airflow/example_dags/example_bash_operator.py took 0.272 seconds
[2024-12-03T15:32:19.658+0000] {processor.py:154} INFO - Started process (PID=1717) to work on /home/airflow/.local/lib/python3.7/site-packages/airflow/example_dags/example_bash_operator.py
[2024-12-03T15:32:19.660+0000] {processor.py:756} INFO - Processing file /home/airflow/.local/lib/python3.7/site-packages/airflow/example_dags/example_bash_operator.py for tasks to queue
[2024-12-03T15:32:19.662+0000] {logging_mixin.py:120} INFO - [2024-12-03T15:32:19.661+0000] {dagbag.py:537} INFO - Filling up the DagBag from /home/airflow/.local/lib/python3.7/site-packages/airflow/example_dags/example_bash_operator.py
[2024-12-03T15:32:19.697+0000] {processor.py:766} INFO - DAG(s) dict_keys(['example_bash_operator']) retrieved from /home/airflow/.local/lib/python3.7/site-packages/airflow/example_dags/example_bash_operator.py
[2024-12-03T15:32:19.769+0000] {logging_mixin.py:120} INFO - [2024-12-03T15:32:19.768+0000] {dag.py:2585} INFO - Sync 1 DAGs
[2024-12-03T15:32:19.818+0000] {logging_mixin.py:120} INFO - [2024-12-03T15:32:19.818+0000] {dag.py:3340} INFO - Setting next_dagrun for example_bash_operator to 2024-12-02T00:00:00+00:00, run_after=2024-12-03T00:00:00+00:00
[2024-12-03T15:32:19.852+0000] {processor.py:176} INFO - Processing /home/airflow/.local/lib/python3.7/site-packages/airflow/example_dags/example_bash_operator.py took 0.198 seconds
[2024-12-03T15:32:50.316+0000] {processor.py:154} INFO - Started process (PID=1781) to work on /home/airflow/.local/lib/python3.7/site-packages/airflow/example_dags/example_bash_operator.py
[2024-12-03T15:32:50.318+0000] {processor.py:756} INFO - Processing file /home/airflow/.local/lib/python3.7/site-packages/airflow/example_dags/example_bash_operator.py for tasks to queue
[2024-12-03T15:32:50.321+0000] {logging_mixin.py:120} INFO - [2024-12-03T15:32:50.321+0000] {dagbag.py:537} INFO - Filling up the DagBag from /home/airflow/.local/lib/python3.7/site-packages/airflow/example_dags/example_bash_operator.py
[2024-12-03T15:32:50.353+0000] {processor.py:766} INFO - DAG(s) dict_keys(['example_bash_operator']) retrieved from /home/airflow/.local/lib/python3.7/site-packages/airflow/example_dags/example_bash_operator.py
[2024-12-03T15:32:50.441+0000] {logging_mixin.py:120} INFO - [2024-12-03T15:32:50.441+0000] {dag.py:2585} INFO - Sync 1 DAGs
[2024-12-03T15:32:50.508+0000] {logging_mixin.py:120} INFO - [2024-12-03T15:32:50.508+0000] {dag.py:3340} INFO - Setting next_dagrun for example_bash_operator to 2024-12-02T00:00:00+00:00, run_after=2024-12-03T00:00:00+00:00
[2024-12-03T15:32:50.564+0000] {processor.py:176} INFO - Processing /home/airflow/.local/lib/python3.7/site-packages/airflow/example_dags/example_bash_operator.py took 0.253 seconds
[2024-12-03T15:33:20.925+0000] {processor.py:154} INFO - Started process (PID=1837) to work on /home/airflow/.local/lib/python3.7/site-packages/airflow/example_dags/example_bash_operator.py
[2024-12-03T15:33:20.927+0000] {processor.py:756} INFO - Processing file /home/airflow/.local/lib/python3.7/site-packages/airflow/example_dags/example_bash_operator.py for tasks to queue
[2024-12-03T15:33:20.928+0000] {logging_mixin.py:120} INFO - [2024-12-03T15:33:20.928+0000] {dagbag.py:537} INFO - Filling up the DagBag from /home/airflow/.local/lib/python3.7/site-packages/airflow/example_dags/example_bash_operator.py
[2024-12-03T15:33:20.963+0000] {processor.py:766} INFO - DAG(s) dict_keys(['example_bash_operator']) retrieved from /home/airflow/.local/lib/python3.7/site-packages/airflow/example_dags/example_bash_operator.py
[2024-12-03T15:33:21.041+0000] {logging_mixin.py:120} INFO - [2024-12-03T15:33:21.040+0000] {dag.py:2585} INFO - Sync 1 DAGs
[2024-12-03T15:33:21.092+0000] {logging_mixin.py:120} INFO - [2024-12-03T15:33:21.091+0000] {dag.py:3340} INFO - Setting next_dagrun for example_bash_operator to 2024-12-02T00:00:00+00:00, run_after=2024-12-03T00:00:00+00:00
[2024-12-03T15:33:21.135+0000] {processor.py:176} INFO - Processing /home/airflow/.local/lib/python3.7/site-packages/airflow/example_dags/example_bash_operator.py took 0.214 seconds
[2024-12-03T15:33:51.416+0000] {processor.py:154} INFO - Started process (PID=1901) to work on /home/airflow/.local/lib/python3.7/site-packages/airflow/example_dags/example_bash_operator.py
[2024-12-03T15:33:51.418+0000] {processor.py:756} INFO - Processing file /home/airflow/.local/lib/python3.7/site-packages/airflow/example_dags/example_bash_operator.py for tasks to queue
[2024-12-03T15:33:51.421+0000] {logging_mixin.py:120} INFO - [2024-12-03T15:33:51.420+0000] {dagbag.py:537} INFO - Filling up the DagBag from /home/airflow/.local/lib/python3.7/site-packages/airflow/example_dags/example_bash_operator.py
[2024-12-03T15:33:51.464+0000] {processor.py:766} INFO - DAG(s) dict_keys(['example_bash_operator']) retrieved from /home/airflow/.local/lib/python3.7/site-packages/airflow/example_dags/example_bash_operator.py
[2024-12-03T15:33:51.555+0000] {logging_mixin.py:120} INFO - [2024-12-03T15:33:51.554+0000] {dag.py:2585} INFO - Sync 1 DAGs
[2024-12-03T15:33:51.611+0000] {logging_mixin.py:120} INFO - [2024-12-03T15:33:51.610+0000] {dag.py:3340} INFO - Setting next_dagrun for example_bash_operator to 2024-12-02T00:00:00+00:00, run_after=2024-12-03T00:00:00+00:00
[2024-12-03T15:33:51.664+0000] {processor.py:176} INFO - Processing /home/airflow/.local/lib/python3.7/site-packages/airflow/example_dags/example_bash_operator.py took 0.255 seconds
[2024-12-03T15:34:21.904+0000] {processor.py:154} INFO - Started process (PID=1956) to work on /home/airflow/.local/lib/python3.7/site-packages/airflow/example_dags/example_bash_operator.py
[2024-12-03T15:34:21.906+0000] {processor.py:756} INFO - Processing file /home/airflow/.local/lib/python3.7/site-packages/airflow/example_dags/example_bash_operator.py for tasks to queue
[2024-12-03T15:34:21.908+0000] {logging_mixin.py:120} INFO - [2024-12-03T15:34:21.908+0000] {dagbag.py:537} INFO - Filling up the DagBag from /home/airflow/.local/lib/python3.7/site-packages/airflow/example_dags/example_bash_operator.py
[2024-12-03T15:34:21.947+0000] {processor.py:766} INFO - DAG(s) dict_keys(['example_bash_operator']) retrieved from /home/airflow/.local/lib/python3.7/site-packages/airflow/example_dags/example_bash_operator.py
[2024-12-03T15:34:22.041+0000] {logging_mixin.py:120} INFO - [2024-12-03T15:34:22.041+0000] {dag.py:2585} INFO - Sync 1 DAGs
[2024-12-03T15:34:22.092+0000] {logging_mixin.py:120} INFO - [2024-12-03T15:34:22.091+0000] {dag.py:3340} INFO - Setting next_dagrun for example_bash_operator to 2024-12-02T00:00:00+00:00, run_after=2024-12-03T00:00:00+00:00
[2024-12-03T15:34:22.134+0000] {processor.py:176} INFO - Processing /home/airflow/.local/lib/python3.7/site-packages/airflow/example_dags/example_bash_operator.py took 0.235 seconds
[2024-12-03T15:34:52.616+0000] {processor.py:154} INFO - Started process (PID=2019) to work on /home/airflow/.local/lib/python3.7/site-packages/airflow/example_dags/example_bash_operator.py
[2024-12-03T15:34:52.619+0000] {processor.py:756} INFO - Processing file /home/airflow/.local/lib/python3.7/site-packages/airflow/example_dags/example_bash_operator.py for tasks to queue
[2024-12-03T15:34:52.621+0000] {logging_mixin.py:120} INFO - [2024-12-03T15:34:52.620+0000] {dagbag.py:537} INFO - Filling up the DagBag from /home/airflow/.local/lib/python3.7/site-packages/airflow/example_dags/example_bash_operator.py
[2024-12-03T15:34:52.665+0000] {processor.py:766} INFO - DAG(s) dict_keys(['example_bash_operator']) retrieved from /home/airflow/.local/lib/python3.7/site-packages/airflow/example_dags/example_bash_operator.py
[2024-12-03T15:34:52.758+0000] {logging_mixin.py:120} INFO - [2024-12-03T15:34:52.757+0000] {dag.py:2585} INFO - Sync 1 DAGs
[2024-12-03T15:34:52.808+0000] {logging_mixin.py:120} INFO - [2024-12-03T15:34:52.807+0000] {dag.py:3340} INFO - Setting next_dagrun for example_bash_operator to 2024-12-02T00:00:00+00:00, run_after=2024-12-03T00:00:00+00:00
[2024-12-03T15:34:52.856+0000] {processor.py:176} INFO - Processing /home/airflow/.local/lib/python3.7/site-packages/airflow/example_dags/example_bash_operator.py took 0.245 seconds
[2024-12-03T15:35:23.217+0000] {processor.py:154} INFO - Started process (PID=2073) to work on /home/airflow/.local/lib/python3.7/site-packages/airflow/example_dags/example_bash_operator.py
[2024-12-03T15:35:23.219+0000] {processor.py:756} INFO - Processing file /home/airflow/.local/lib/python3.7/site-packages/airflow/example_dags/example_bash_operator.py for tasks to queue
[2024-12-03T15:35:23.221+0000] {logging_mixin.py:120} INFO - [2024-12-03T15:35:23.221+0000] {dagbag.py:537} INFO - Filling up the DagBag from /home/airflow/.local/lib/python3.7/site-packages/airflow/example_dags/example_bash_operator.py
[2024-12-03T15:35:23.258+0000] {processor.py:766} INFO - DAG(s) dict_keys(['example_bash_operator']) retrieved from /home/airflow/.local/lib/python3.7/site-packages/airflow/example_dags/example_bash_operator.py
[2024-12-03T15:35:23.343+0000] {logging_mixin.py:120} INFO - [2024-12-03T15:35:23.343+0000] {dag.py:2585} INFO - Sync 1 DAGs
[2024-12-03T15:35:23.397+0000] {logging_mixin.py:120} INFO - [2024-12-03T15:35:23.396+0000] {dag.py:3340} INFO - Setting next_dagrun for example_bash_operator to 2024-12-02T00:00:00+00:00, run_after=2024-12-03T00:00:00+00:00
[2024-12-03T15:35:23.442+0000] {processor.py:176} INFO - Processing /home/airflow/.local/lib/python3.7/site-packages/airflow/example_dags/example_bash_operator.py took 0.229 seconds
[2024-12-03T15:35:54.233+0000] {processor.py:154} INFO - Started process (PID=2137) to work on /home/airflow/.local/lib/python3.7/site-packages/airflow/example_dags/example_bash_operator.py
[2024-12-03T15:35:54.235+0000] {processor.py:756} INFO - Processing file /home/airflow/.local/lib/python3.7/site-packages/airflow/example_dags/example_bash_operator.py for tasks to queue
[2024-12-03T15:35:54.236+0000] {logging_mixin.py:120} INFO - [2024-12-03T15:35:54.236+0000] {dagbag.py:537} INFO - Filling up the DagBag from /home/airflow/.local/lib/python3.7/site-packages/airflow/example_dags/example_bash_operator.py
[2024-12-03T15:35:54.271+0000] {processor.py:766} INFO - DAG(s) dict_keys(['example_bash_operator']) retrieved from /home/airflow/.local/lib/python3.7/site-packages/airflow/example_dags/example_bash_operator.py
[2024-12-03T15:35:54.360+0000] {logging_mixin.py:120} INFO - [2024-12-03T15:35:54.360+0000] {dag.py:2585} INFO - Sync 1 DAGs
[2024-12-03T15:35:54.417+0000] {logging_mixin.py:120} INFO - [2024-12-03T15:35:54.417+0000] {dag.py:3340} INFO - Setting next_dagrun for example_bash_operator to 2024-12-02T00:00:00+00:00, run_after=2024-12-03T00:00:00+00:00
[2024-12-03T15:35:54.476+0000] {processor.py:176} INFO - Processing /home/airflow/.local/lib/python3.7/site-packages/airflow/example_dags/example_bash_operator.py took 0.249 seconds
[2024-12-03T15:36:24.701+0000] {processor.py:154} INFO - Started process (PID=2192) to work on /home/airflow/.local/lib/python3.7/site-packages/airflow/example_dags/example_bash_operator.py
[2024-12-03T15:36:24.704+0000] {processor.py:756} INFO - Processing file /home/airflow/.local/lib/python3.7/site-packages/airflow/example_dags/example_bash_operator.py for tasks to queue
[2024-12-03T15:36:24.708+0000] {logging_mixin.py:120} INFO - [2024-12-03T15:36:24.708+0000] {dagbag.py:537} INFO - Filling up the DagBag from /home/airflow/.local/lib/python3.7/site-packages/airflow/example_dags/example_bash_operator.py
[2024-12-03T15:36:24.773+0000] {processor.py:766} INFO - DAG(s) dict_keys(['example_bash_operator']) retrieved from /home/airflow/.local/lib/python3.7/site-packages/airflow/example_dags/example_bash_operator.py
[2024-12-03T15:36:24.872+0000] {logging_mixin.py:120} INFO - [2024-12-03T15:36:24.872+0000] {dag.py:2585} INFO - Sync 1 DAGs
[2024-12-03T15:36:24.933+0000] {logging_mixin.py:120} INFO - [2024-12-03T15:36:24.932+0000] {dag.py:3340} INFO - Setting next_dagrun for example_bash_operator to 2024-12-02T00:00:00+00:00, run_after=2024-12-03T00:00:00+00:00
[2024-12-03T15:36:24.976+0000] {processor.py:176} INFO - Processing /home/airflow/.local/lib/python3.7/site-packages/airflow/example_dags/example_bash_operator.py took 0.283 seconds
[2024-12-03T15:36:55.274+0000] {processor.py:154} INFO - Started process (PID=2256) to work on /home/airflow/.local/lib/python3.7/site-packages/airflow/example_dags/example_bash_operator.py
[2024-12-03T15:36:55.277+0000] {processor.py:756} INFO - Processing file /home/airflow/.local/lib/python3.7/site-packages/airflow/example_dags/example_bash_operator.py for tasks to queue
[2024-12-03T15:36:55.279+0000] {logging_mixin.py:120} INFO - [2024-12-03T15:36:55.279+0000] {dagbag.py:537} INFO - Filling up the DagBag from /home/airflow/.local/lib/python3.7/site-packages/airflow/example_dags/example_bash_operator.py
[2024-12-03T15:36:55.324+0000] {processor.py:766} INFO - DAG(s) dict_keys(['example_bash_operator']) retrieved from /home/airflow/.local/lib/python3.7/site-packages/airflow/example_dags/example_bash_operator.py
[2024-12-03T15:36:55.429+0000] {logging_mixin.py:120} INFO - [2024-12-03T15:36:55.429+0000] {dag.py:2585} INFO - Sync 1 DAGs
[2024-12-03T15:36:55.479+0000] {logging_mixin.py:120} INFO - [2024-12-03T15:36:55.478+0000] {dag.py:3340} INFO - Setting next_dagrun for example_bash_operator to 2024-12-02T00:00:00+00:00, run_after=2024-12-03T00:00:00+00:00
[2024-12-03T15:36:55.526+0000] {processor.py:176} INFO - Processing /home/airflow/.local/lib/python3.7/site-packages/airflow/example_dags/example_bash_operator.py took 0.256 seconds
[2024-12-03T15:37:26.229+0000] {processor.py:154} INFO - Started process (PID=2313) to work on /home/airflow/.local/lib/python3.7/site-packages/airflow/example_dags/example_bash_operator.py
[2024-12-03T15:37:26.231+0000] {processor.py:756} INFO - Processing file /home/airflow/.local/lib/python3.7/site-packages/airflow/example_dags/example_bash_operator.py for tasks to queue
[2024-12-03T15:37:26.233+0000] {logging_mixin.py:120} INFO - [2024-12-03T15:37:26.232+0000] {dagbag.py:537} INFO - Filling up the DagBag from /home/airflow/.local/lib/python3.7/site-packages/airflow/example_dags/example_bash_operator.py
[2024-12-03T15:37:26.280+0000] {processor.py:766} INFO - DAG(s) dict_keys(['example_bash_operator']) retrieved from /home/airflow/.local/lib/python3.7/site-packages/airflow/example_dags/example_bash_operator.py
[2024-12-03T15:37:26.378+0000] {logging_mixin.py:120} INFO - [2024-12-03T15:37:26.377+0000] {dag.py:2585} INFO - Sync 1 DAGs
[2024-12-03T15:37:26.413+0000] {logging_mixin.py:120} INFO - [2024-12-03T15:37:26.413+0000] {dag.py:3340} INFO - Setting next_dagrun for example_bash_operator to 2024-12-02T00:00:00+00:00, run_after=2024-12-03T00:00:00+00:00
[2024-12-03T15:37:26.444+0000] {processor.py:176} INFO - Processing /home/airflow/.local/lib/python3.7/site-packages/airflow/example_dags/example_bash_operator.py took 0.220 seconds
[2024-12-03T15:37:56.805+0000] {processor.py:154} INFO - Started process (PID=2368) to work on /home/airflow/.local/lib/python3.7/site-packages/airflow/example_dags/example_bash_operator.py
[2024-12-03T15:37:56.806+0000] {processor.py:756} INFO - Processing file /home/airflow/.local/lib/python3.7/site-packages/airflow/example_dags/example_bash_operator.py for tasks to queue
[2024-12-03T15:37:56.808+0000] {logging_mixin.py:120} INFO - [2024-12-03T15:37:56.808+0000] {dagbag.py:537} INFO - Filling up the DagBag from /home/airflow/.local/lib/python3.7/site-packages/airflow/example_dags/example_bash_operator.py
[2024-12-03T15:37:56.848+0000] {processor.py:766} INFO - DAG(s) dict_keys(['example_bash_operator']) retrieved from /home/airflow/.local/lib/python3.7/site-packages/airflow/example_dags/example_bash_operator.py
[2024-12-03T15:37:56.932+0000] {logging_mixin.py:120} INFO - [2024-12-03T15:37:56.932+0000] {dag.py:2585} INFO - Sync 1 DAGs
[2024-12-03T15:37:56.992+0000] {logging_mixin.py:120} INFO - [2024-12-03T15:37:56.992+0000] {dag.py:3340} INFO - Setting next_dagrun for example_bash_operator to 2024-12-02T00:00:00+00:00, run_after=2024-12-03T00:00:00+00:00
[2024-12-03T15:37:57.044+0000] {processor.py:176} INFO - Processing /home/airflow/.local/lib/python3.7/site-packages/airflow/example_dags/example_bash_operator.py took 0.245 seconds
[2024-12-03T15:38:27.364+0000] {processor.py:154} INFO - Started process (PID=2432) to work on /home/airflow/.local/lib/python3.7/site-packages/airflow/example_dags/example_bash_operator.py
[2024-12-03T15:38:27.366+0000] {processor.py:756} INFO - Processing file /home/airflow/.local/lib/python3.7/site-packages/airflow/example_dags/example_bash_operator.py for tasks to queue
[2024-12-03T15:38:27.368+0000] {logging_mixin.py:120} INFO - [2024-12-03T15:38:27.368+0000] {dagbag.py:537} INFO - Filling up the DagBag from /home/airflow/.local/lib/python3.7/site-packages/airflow/example_dags/example_bash_operator.py
[2024-12-03T15:38:27.410+0000] {processor.py:766} INFO - DAG(s) dict_keys(['example_bash_operator']) retrieved from /home/airflow/.local/lib/python3.7/site-packages/airflow/example_dags/example_bash_operator.py
[2024-12-03T15:38:27.502+0000] {logging_mixin.py:120} INFO - [2024-12-03T15:38:27.501+0000] {dag.py:2585} INFO - Sync 1 DAGs
[2024-12-03T15:38:27.559+0000] {logging_mixin.py:120} INFO - [2024-12-03T15:38:27.559+0000] {dag.py:3340} INFO - Setting next_dagrun for example_bash_operator to 2024-12-02T00:00:00+00:00, run_after=2024-12-03T00:00:00+00:00
[2024-12-03T15:38:27.614+0000] {processor.py:176} INFO - Processing /home/airflow/.local/lib/python3.7/site-packages/airflow/example_dags/example_bash_operator.py took 0.255 seconds
[2024-12-03T15:38:58.249+0000] {processor.py:154} INFO - Started process (PID=2487) to work on /home/airflow/.local/lib/python3.7/site-packages/airflow/example_dags/example_bash_operator.py
[2024-12-03T15:38:58.251+0000] {processor.py:756} INFO - Processing file /home/airflow/.local/lib/python3.7/site-packages/airflow/example_dags/example_bash_operator.py for tasks to queue
[2024-12-03T15:38:58.253+0000] {logging_mixin.py:120} INFO - [2024-12-03T15:38:58.253+0000] {dagbag.py:537} INFO - Filling up the DagBag from /home/airflow/.local/lib/python3.7/site-packages/airflow/example_dags/example_bash_operator.py
[2024-12-03T15:38:58.305+0000] {processor.py:766} INFO - DAG(s) dict_keys(['example_bash_operator']) retrieved from /home/airflow/.local/lib/python3.7/site-packages/airflow/example_dags/example_bash_operator.py
[2024-12-03T15:38:58.417+0000] {logging_mixin.py:120} INFO - [2024-12-03T15:38:58.417+0000] {dag.py:2585} INFO - Sync 1 DAGs
[2024-12-03T15:38:58.484+0000] {logging_mixin.py:120} INFO - [2024-12-03T15:38:58.483+0000] {dag.py:3340} INFO - Setting next_dagrun for example_bash_operator to 2024-12-02T00:00:00+00:00, run_after=2024-12-03T00:00:00+00:00
[2024-12-03T15:38:58.532+0000] {processor.py:176} INFO - Processing /home/airflow/.local/lib/python3.7/site-packages/airflow/example_dags/example_bash_operator.py took 0.288 seconds
[2024-12-03T15:39:28.702+0000] {processor.py:154} INFO - Started process (PID=2551) to work on /home/airflow/.local/lib/python3.7/site-packages/airflow/example_dags/example_bash_operator.py
[2024-12-03T15:39:28.706+0000] {processor.py:756} INFO - Processing file /home/airflow/.local/lib/python3.7/site-packages/airflow/example_dags/example_bash_operator.py for tasks to queue
[2024-12-03T15:39:28.708+0000] {logging_mixin.py:120} INFO - [2024-12-03T15:39:28.708+0000] {dagbag.py:537} INFO - Filling up the DagBag from /home/airflow/.local/lib/python3.7/site-packages/airflow/example_dags/example_bash_operator.py
[2024-12-03T15:39:28.760+0000] {processor.py:766} INFO - DAG(s) dict_keys(['example_bash_operator']) retrieved from /home/airflow/.local/lib/python3.7/site-packages/airflow/example_dags/example_bash_operator.py
[2024-12-03T15:39:28.863+0000] {logging_mixin.py:120} INFO - [2024-12-03T15:39:28.863+0000] {dag.py:2585} INFO - Sync 1 DAGs
[2024-12-03T15:39:28.916+0000] {logging_mixin.py:120} INFO - [2024-12-03T15:39:28.916+0000] {dag.py:3340} INFO - Setting next_dagrun for example_bash_operator to 2024-12-02T00:00:00+00:00, run_after=2024-12-03T00:00:00+00:00
[2024-12-03T15:39:28.965+0000] {processor.py:176} INFO - Processing /home/airflow/.local/lib/python3.7/site-packages/airflow/example_dags/example_bash_operator.py took 0.270 seconds
[2024-12-03T15:39:59.073+0000] {processor.py:154} INFO - Started process (PID=2606) to work on /home/airflow/.local/lib/python3.7/site-packages/airflow/example_dags/example_bash_operator.py
[2024-12-03T15:39:59.076+0000] {processor.py:756} INFO - Processing file /home/airflow/.local/lib/python3.7/site-packages/airflow/example_dags/example_bash_operator.py for tasks to queue
[2024-12-03T15:39:59.078+0000] {logging_mixin.py:120} INFO - [2024-12-03T15:39:59.078+0000] {dagbag.py:537} INFO - Filling up the DagBag from /home/airflow/.local/lib/python3.7/site-packages/airflow/example_dags/example_bash_operator.py
[2024-12-03T15:39:59.118+0000] {processor.py:766} INFO - DAG(s) dict_keys(['example_bash_operator']) retrieved from /home/airflow/.local/lib/python3.7/site-packages/airflow/example_dags/example_bash_operator.py
[2024-12-03T15:39:59.233+0000] {logging_mixin.py:120} INFO - [2024-12-03T15:39:59.233+0000] {dag.py:2585} INFO - Sync 1 DAGs
[2024-12-03T15:39:59.281+0000] {logging_mixin.py:120} INFO - [2024-12-03T15:39:59.281+0000] {dag.py:3340} INFO - Setting next_dagrun for example_bash_operator to 2024-12-02T00:00:00+00:00, run_after=2024-12-03T00:00:00+00:00
[2024-12-03T15:39:59.336+0000] {processor.py:176} INFO - Processing /home/airflow/.local/lib/python3.7/site-packages/airflow/example_dags/example_bash_operator.py took 0.270 seconds
[2024-12-03T15:40:29.872+0000] {processor.py:154} INFO - Started process (PID=2670) to work on /home/airflow/.local/lib/python3.7/site-packages/airflow/example_dags/example_bash_operator.py
[2024-12-03T15:40:29.874+0000] {processor.py:756} INFO - Processing file /home/airflow/.local/lib/python3.7/site-packages/airflow/example_dags/example_bash_operator.py for tasks to queue
[2024-12-03T15:40:29.876+0000] {logging_mixin.py:120} INFO - [2024-12-03T15:40:29.875+0000] {dagbag.py:537} INFO - Filling up the DagBag from /home/airflow/.local/lib/python3.7/site-packages/airflow/example_dags/example_bash_operator.py
[2024-12-03T15:40:29.916+0000] {processor.py:766} INFO - DAG(s) dict_keys(['example_bash_operator']) retrieved from /home/airflow/.local/lib/python3.7/site-packages/airflow/example_dags/example_bash_operator.py
[2024-12-03T15:40:29.996+0000] {logging_mixin.py:120} INFO - [2024-12-03T15:40:29.996+0000] {dag.py:2585} INFO - Sync 1 DAGs
[2024-12-03T15:40:30.046+0000] {logging_mixin.py:120} INFO - [2024-12-03T15:40:30.046+0000] {dag.py:3340} INFO - Setting next_dagrun for example_bash_operator to 2024-12-02T00:00:00+00:00, run_after=2024-12-03T00:00:00+00:00
[2024-12-03T15:40:30.086+0000] {processor.py:176} INFO - Processing /home/airflow/.local/lib/python3.7/site-packages/airflow/example_dags/example_bash_operator.py took 0.218 seconds
[2024-12-03T15:41:00.624+0000] {processor.py:154} INFO - Started process (PID=2725) to work on /home/airflow/.local/lib/python3.7/site-packages/airflow/example_dags/example_bash_operator.py
[2024-12-03T15:41:00.626+0000] {processor.py:756} INFO - Processing file /home/airflow/.local/lib/python3.7/site-packages/airflow/example_dags/example_bash_operator.py for tasks to queue
[2024-12-03T15:41:00.628+0000] {logging_mixin.py:120} INFO - [2024-12-03T15:41:00.627+0000] {dagbag.py:537} INFO - Filling up the DagBag from /home/airflow/.local/lib/python3.7/site-packages/airflow/example_dags/example_bash_operator.py
[2024-12-03T15:41:00.676+0000] {processor.py:766} INFO - DAG(s) dict_keys(['example_bash_operator']) retrieved from /home/airflow/.local/lib/python3.7/site-packages/airflow/example_dags/example_bash_operator.py
[2024-12-03T15:41:00.769+0000] {logging_mixin.py:120} INFO - [2024-12-03T15:41:00.768+0000] {dag.py:2585} INFO - Sync 1 DAGs
[2024-12-03T15:41:00.819+0000] {logging_mixin.py:120} INFO - [2024-12-03T15:41:00.819+0000] {dag.py:3340} INFO - Setting next_dagrun for example_bash_operator to 2024-12-02T00:00:00+00:00, run_after=2024-12-03T00:00:00+00:00
[2024-12-03T15:41:00.859+0000] {processor.py:176} INFO - Processing /home/airflow/.local/lib/python3.7/site-packages/airflow/example_dags/example_bash_operator.py took 0.240 seconds
[2024-12-03T15:41:31.416+0000] {processor.py:154} INFO - Started process (PID=2789) to work on /home/airflow/.local/lib/python3.7/site-packages/airflow/example_dags/example_bash_operator.py
[2024-12-03T15:41:31.418+0000] {processor.py:756} INFO - Processing file /home/airflow/.local/lib/python3.7/site-packages/airflow/example_dags/example_bash_operator.py for tasks to queue
[2024-12-03T15:41:31.419+0000] {logging_mixin.py:120} INFO - [2024-12-03T15:41:31.419+0000] {dagbag.py:537} INFO - Filling up the DagBag from /home/airflow/.local/lib/python3.7/site-packages/airflow/example_dags/example_bash_operator.py
[2024-12-03T15:41:31.462+0000] {processor.py:766} INFO - DAG(s) dict_keys(['example_bash_operator']) retrieved from /home/airflow/.local/lib/python3.7/site-packages/airflow/example_dags/example_bash_operator.py
[2024-12-03T15:41:31.560+0000] {logging_mixin.py:120} INFO - [2024-12-03T15:41:31.560+0000] {dag.py:2585} INFO - Sync 1 DAGs
[2024-12-03T15:41:31.643+0000] {logging_mixin.py:120} INFO - [2024-12-03T15:41:31.643+0000] {dag.py:3340} INFO - Setting next_dagrun for example_bash_operator to 2024-12-02T00:00:00+00:00, run_after=2024-12-03T00:00:00+00:00
[2024-12-03T15:41:31.692+0000] {processor.py:176} INFO - Processing /home/airflow/.local/lib/python3.7/site-packages/airflow/example_dags/example_bash_operator.py took 0.280 seconds
[2024-12-03T15:42:02.044+0000] {processor.py:154} INFO - Started process (PID=2844) to work on /home/airflow/.local/lib/python3.7/site-packages/airflow/example_dags/example_bash_operator.py
[2024-12-03T15:42:02.046+0000] {processor.py:756} INFO - Processing file /home/airflow/.local/lib/python3.7/site-packages/airflow/example_dags/example_bash_operator.py for tasks to queue
[2024-12-03T15:42:02.048+0000] {logging_mixin.py:120} INFO - [2024-12-03T15:42:02.048+0000] {dagbag.py:537} INFO - Filling up the DagBag from /home/airflow/.local/lib/python3.7/site-packages/airflow/example_dags/example_bash_operator.py
[2024-12-03T15:42:02.077+0000] {processor.py:766} INFO - DAG(s) dict_keys(['example_bash_operator']) retrieved from /home/airflow/.local/lib/python3.7/site-packages/airflow/example_dags/example_bash_operator.py
[2024-12-03T15:42:02.162+0000] {logging_mixin.py:120} INFO - [2024-12-03T15:42:02.162+0000] {dag.py:2585} INFO - Sync 1 DAGs
[2024-12-03T15:42:02.202+0000] {logging_mixin.py:120} INFO - [2024-12-03T15:42:02.201+0000] {dag.py:3340} INFO - Setting next_dagrun for example_bash_operator to 2024-12-02T00:00:00+00:00, run_after=2024-12-03T00:00:00+00:00
[2024-12-03T15:42:02.239+0000] {processor.py:176} INFO - Processing /home/airflow/.local/lib/python3.7/site-packages/airflow/example_dags/example_bash_operator.py took 0.200 seconds
[2024-12-03T15:42:32.338+0000] {processor.py:154} INFO - Started process (PID=2899) to work on /home/airflow/.local/lib/python3.7/site-packages/airflow/example_dags/example_bash_operator.py
[2024-12-03T15:42:32.340+0000] {processor.py:756} INFO - Processing file /home/airflow/.local/lib/python3.7/site-packages/airflow/example_dags/example_bash_operator.py for tasks to queue
[2024-12-03T15:42:32.343+0000] {logging_mixin.py:120} INFO - [2024-12-03T15:42:32.342+0000] {dagbag.py:537} INFO - Filling up the DagBag from /home/airflow/.local/lib/python3.7/site-packages/airflow/example_dags/example_bash_operator.py
[2024-12-03T15:42:32.385+0000] {processor.py:766} INFO - DAG(s) dict_keys(['example_bash_operator']) retrieved from /home/airflow/.local/lib/python3.7/site-packages/airflow/example_dags/example_bash_operator.py
[2024-12-03T15:42:32.464+0000] {logging_mixin.py:120} INFO - [2024-12-03T15:42:32.464+0000] {dag.py:2585} INFO - Sync 1 DAGs
[2024-12-03T15:42:32.514+0000] {logging_mixin.py:120} INFO - [2024-12-03T15:42:32.514+0000] {dag.py:3340} INFO - Setting next_dagrun for example_bash_operator to 2024-12-02T00:00:00+00:00, run_after=2024-12-03T00:00:00+00:00
[2024-12-03T15:42:32.556+0000] {processor.py:176} INFO - Processing /home/airflow/.local/lib/python3.7/site-packages/airflow/example_dags/example_bash_operator.py took 0.223 seconds
[2024-12-03T15:43:03.079+0000] {processor.py:154} INFO - Started process (PID=2963) to work on /home/airflow/.local/lib/python3.7/site-packages/airflow/example_dags/example_bash_operator.py
[2024-12-03T15:43:03.081+0000] {processor.py:756} INFO - Processing file /home/airflow/.local/lib/python3.7/site-packages/airflow/example_dags/example_bash_operator.py for tasks to queue
[2024-12-03T15:43:03.083+0000] {logging_mixin.py:120} INFO - [2024-12-03T15:43:03.083+0000] {dagbag.py:537} INFO - Filling up the DagBag from /home/airflow/.local/lib/python3.7/site-packages/airflow/example_dags/example_bash_operator.py
[2024-12-03T15:43:03.111+0000] {processor.py:766} INFO - DAG(s) dict_keys(['example_bash_operator']) retrieved from /home/airflow/.local/lib/python3.7/site-packages/airflow/example_dags/example_bash_operator.py
[2024-12-03T15:43:03.173+0000] {logging_mixin.py:120} INFO - [2024-12-03T15:43:03.172+0000] {dag.py:2585} INFO - Sync 1 DAGs
[2024-12-03T15:43:03.212+0000] {logging_mixin.py:120} INFO - [2024-12-03T15:43:03.211+0000] {dag.py:3340} INFO - Setting next_dagrun for example_bash_operator to 2024-12-02T00:00:00+00:00, run_after=2024-12-03T00:00:00+00:00
[2024-12-03T15:43:03.253+0000] {processor.py:176} INFO - Processing /home/airflow/.local/lib/python3.7/site-packages/airflow/example_dags/example_bash_operator.py took 0.178 seconds
[2024-12-03T15:43:33.523+0000] {processor.py:154} INFO - Started process (PID=3019) to work on /home/airflow/.local/lib/python3.7/site-packages/airflow/example_dags/example_bash_operator.py
[2024-12-03T15:43:33.525+0000] {processor.py:756} INFO - Processing file /home/airflow/.local/lib/python3.7/site-packages/airflow/example_dags/example_bash_operator.py for tasks to queue
[2024-12-03T15:43:33.527+0000] {logging_mixin.py:120} INFO - [2024-12-03T15:43:33.526+0000] {dagbag.py:537} INFO - Filling up the DagBag from /home/airflow/.local/lib/python3.7/site-packages/airflow/example_dags/example_bash_operator.py
[2024-12-03T15:43:33.557+0000] {processor.py:766} INFO - DAG(s) dict_keys(['example_bash_operator']) retrieved from /home/airflow/.local/lib/python3.7/site-packages/airflow/example_dags/example_bash_operator.py
[2024-12-03T15:43:33.648+0000] {logging_mixin.py:120} INFO - [2024-12-03T15:43:33.647+0000] {dag.py:2585} INFO - Sync 1 DAGs
[2024-12-03T15:43:33.696+0000] {logging_mixin.py:120} INFO - [2024-12-03T15:43:33.695+0000] {dag.py:3340} INFO - Setting next_dagrun for example_bash_operator to 2024-12-02T00:00:00+00:00, run_after=2024-12-03T00:00:00+00:00
[2024-12-03T15:43:33.736+0000] {processor.py:176} INFO - Processing /home/airflow/.local/lib/python3.7/site-packages/airflow/example_dags/example_bash_operator.py took 0.217 seconds
[2024-12-03T15:44:04.621+0000] {processor.py:154} INFO - Started process (PID=3083) to work on /home/airflow/.local/lib/python3.7/site-packages/airflow/example_dags/example_bash_operator.py
[2024-12-03T15:44:04.623+0000] {processor.py:756} INFO - Processing file /home/airflow/.local/lib/python3.7/site-packages/airflow/example_dags/example_bash_operator.py for tasks to queue
[2024-12-03T15:44:04.625+0000] {logging_mixin.py:120} INFO - [2024-12-03T15:44:04.625+0000] {dagbag.py:537} INFO - Filling up the DagBag from /home/airflow/.local/lib/python3.7/site-packages/airflow/example_dags/example_bash_operator.py
[2024-12-03T15:44:04.663+0000] {processor.py:766} INFO - DAG(s) dict_keys(['example_bash_operator']) retrieved from /home/airflow/.local/lib/python3.7/site-packages/airflow/example_dags/example_bash_operator.py
[2024-12-03T15:44:04.748+0000] {logging_mixin.py:120} INFO - [2024-12-03T15:44:04.747+0000] {dag.py:2585} INFO - Sync 1 DAGs
[2024-12-03T15:44:04.802+0000] {logging_mixin.py:120} INFO - [2024-12-03T15:44:04.802+0000] {dag.py:3340} INFO - Setting next_dagrun for example_bash_operator to 2024-12-02T00:00:00+00:00, run_after=2024-12-03T00:00:00+00:00
[2024-12-03T15:44:04.854+0000] {processor.py:176} INFO - Processing /home/airflow/.local/lib/python3.7/site-packages/airflow/example_dags/example_bash_operator.py took 0.237 seconds
[2024-12-03T15:44:35.435+0000] {processor.py:154} INFO - Started process (PID=3138) to work on /home/airflow/.local/lib/python3.7/site-packages/airflow/example_dags/example_bash_operator.py
[2024-12-03T15:44:35.437+0000] {processor.py:756} INFO - Processing file /home/airflow/.local/lib/python3.7/site-packages/airflow/example_dags/example_bash_operator.py for tasks to queue
[2024-12-03T15:44:35.438+0000] {logging_mixin.py:120} INFO - [2024-12-03T15:44:35.438+0000] {dagbag.py:537} INFO - Filling up the DagBag from /home/airflow/.local/lib/python3.7/site-packages/airflow/example_dags/example_bash_operator.py
[2024-12-03T15:44:35.484+0000] {processor.py:766} INFO - DAG(s) dict_keys(['example_bash_operator']) retrieved from /home/airflow/.local/lib/python3.7/site-packages/airflow/example_dags/example_bash_operator.py
[2024-12-03T15:44:35.589+0000] {logging_mixin.py:120} INFO - [2024-12-03T15:44:35.588+0000] {dag.py:2585} INFO - Sync 1 DAGs
[2024-12-03T15:44:35.652+0000] {logging_mixin.py:120} INFO - [2024-12-03T15:44:35.652+0000] {dag.py:3340} INFO - Setting next_dagrun for example_bash_operator to 2024-12-02T00:00:00+00:00, run_after=2024-12-03T00:00:00+00:00
[2024-12-03T15:44:35.702+0000] {processor.py:176} INFO - Processing /home/airflow/.local/lib/python3.7/site-packages/airflow/example_dags/example_bash_operator.py took 0.272 seconds
[2024-12-03T15:45:05.805+0000] {processor.py:154} INFO - Started process (PID=3202) to work on /home/airflow/.local/lib/python3.7/site-packages/airflow/example_dags/example_bash_operator.py
[2024-12-03T15:45:05.806+0000] {processor.py:756} INFO - Processing file /home/airflow/.local/lib/python3.7/site-packages/airflow/example_dags/example_bash_operator.py for tasks to queue
[2024-12-03T15:45:05.809+0000] {logging_mixin.py:120} INFO - [2024-12-03T15:45:05.808+0000] {dagbag.py:537} INFO - Filling up the DagBag from /home/airflow/.local/lib/python3.7/site-packages/airflow/example_dags/example_bash_operator.py
[2024-12-03T15:45:05.841+0000] {processor.py:766} INFO - DAG(s) dict_keys(['example_bash_operator']) retrieved from /home/airflow/.local/lib/python3.7/site-packages/airflow/example_dags/example_bash_operator.py
[2024-12-03T15:45:05.918+0000] {logging_mixin.py:120} INFO - [2024-12-03T15:45:05.918+0000] {dag.py:2585} INFO - Sync 1 DAGs
[2024-12-03T15:45:05.965+0000] {logging_mixin.py:120} INFO - [2024-12-03T15:45:05.964+0000] {dag.py:3340} INFO - Setting next_dagrun for example_bash_operator to 2024-12-02T00:00:00+00:00, run_after=2024-12-03T00:00:00+00:00
[2024-12-03T15:45:06.005+0000] {processor.py:176} INFO - Processing /home/airflow/.local/lib/python3.7/site-packages/airflow/example_dags/example_bash_operator.py took 0.205 seconds
[2024-12-03T15:45:36.825+0000] {processor.py:154} INFO - Started process (PID=3257) to work on /home/airflow/.local/lib/python3.7/site-packages/airflow/example_dags/example_bash_operator.py
[2024-12-03T15:45:36.828+0000] {processor.py:756} INFO - Processing file /home/airflow/.local/lib/python3.7/site-packages/airflow/example_dags/example_bash_operator.py for tasks to queue
[2024-12-03T15:45:36.830+0000] {logging_mixin.py:120} INFO - [2024-12-03T15:45:36.830+0000] {dagbag.py:537} INFO - Filling up the DagBag from /home/airflow/.local/lib/python3.7/site-packages/airflow/example_dags/example_bash_operator.py
[2024-12-03T15:45:36.869+0000] {processor.py:766} INFO - DAG(s) dict_keys(['example_bash_operator']) retrieved from /home/airflow/.local/lib/python3.7/site-packages/airflow/example_dags/example_bash_operator.py
[2024-12-03T15:45:36.962+0000] {logging_mixin.py:120} INFO - [2024-12-03T15:45:36.962+0000] {dag.py:2585} INFO - Sync 1 DAGs
[2024-12-03T15:45:37.020+0000] {logging_mixin.py:120} INFO - [2024-12-03T15:45:37.019+0000] {dag.py:3340} INFO - Setting next_dagrun for example_bash_operator to 2024-12-02T00:00:00+00:00, run_after=2024-12-03T00:00:00+00:00
[2024-12-03T15:45:37.086+0000] {processor.py:176} INFO - Processing /home/airflow/.local/lib/python3.7/site-packages/airflow/example_dags/example_bash_operator.py took 0.265 seconds
[2024-12-03T15:46:07.742+0000] {processor.py:154} INFO - Started process (PID=3321) to work on /home/airflow/.local/lib/python3.7/site-packages/airflow/example_dags/example_bash_operator.py
[2024-12-03T15:46:07.744+0000] {processor.py:756} INFO - Processing file /home/airflow/.local/lib/python3.7/site-packages/airflow/example_dags/example_bash_operator.py for tasks to queue
[2024-12-03T15:46:07.747+0000] {logging_mixin.py:120} INFO - [2024-12-03T15:46:07.746+0000] {dagbag.py:537} INFO - Filling up the DagBag from /home/airflow/.local/lib/python3.7/site-packages/airflow/example_dags/example_bash_operator.py
[2024-12-03T15:46:07.795+0000] {processor.py:766} INFO - DAG(s) dict_keys(['example_bash_operator']) retrieved from /home/airflow/.local/lib/python3.7/site-packages/airflow/example_dags/example_bash_operator.py
[2024-12-03T15:46:07.881+0000] {logging_mixin.py:120} INFO - [2024-12-03T15:46:07.881+0000] {dag.py:2585} INFO - Sync 1 DAGs
[2024-12-03T15:46:07.926+0000] {logging_mixin.py:120} INFO - [2024-12-03T15:46:07.925+0000] {dag.py:3340} INFO - Setting next_dagrun for example_bash_operator to 2024-12-02T00:00:00+00:00, run_after=2024-12-03T00:00:00+00:00
[2024-12-03T15:46:07.971+0000] {processor.py:176} INFO - Processing /home/airflow/.local/lib/python3.7/site-packages/airflow/example_dags/example_bash_operator.py took 0.235 seconds
[2024-12-03T15:46:38.316+0000] {processor.py:154} INFO - Started process (PID=3377) to work on /home/airflow/.local/lib/python3.7/site-packages/airflow/example_dags/example_bash_operator.py
[2024-12-03T15:46:38.318+0000] {processor.py:756} INFO - Processing file /home/airflow/.local/lib/python3.7/site-packages/airflow/example_dags/example_bash_operator.py for tasks to queue
[2024-12-03T15:46:38.320+0000] {logging_mixin.py:120} INFO - [2024-12-03T15:46:38.320+0000] {dagbag.py:537} INFO - Filling up the DagBag from /home/airflow/.local/lib/python3.7/site-packages/airflow/example_dags/example_bash_operator.py
[2024-12-03T15:46:38.352+0000] {processor.py:766} INFO - DAG(s) dict_keys(['example_bash_operator']) retrieved from /home/airflow/.local/lib/python3.7/site-packages/airflow/example_dags/example_bash_operator.py
[2024-12-03T15:46:38.446+0000] {logging_mixin.py:120} INFO - [2024-12-03T15:46:38.445+0000] {dag.py:2585} INFO - Sync 1 DAGs
[2024-12-03T15:46:38.489+0000] {logging_mixin.py:120} INFO - [2024-12-03T15:46:38.489+0000] {dag.py:3340} INFO - Setting next_dagrun for example_bash_operator to 2024-12-02T00:00:00+00:00, run_after=2024-12-03T00:00:00+00:00
[2024-12-03T15:46:38.530+0000] {processor.py:176} INFO - Processing /home/airflow/.local/lib/python3.7/site-packages/airflow/example_dags/example_bash_operator.py took 0.224 seconds
[2024-12-03T15:47:09.333+0000] {processor.py:154} INFO - Started process (PID=3439) to work on /home/airflow/.local/lib/python3.7/site-packages/airflow/example_dags/example_bash_operator.py
[2024-12-03T15:47:09.336+0000] {processor.py:756} INFO - Processing file /home/airflow/.local/lib/python3.7/site-packages/airflow/example_dags/example_bash_operator.py for tasks to queue
[2024-12-03T15:47:09.338+0000] {logging_mixin.py:120} INFO - [2024-12-03T15:47:09.338+0000] {dagbag.py:537} INFO - Filling up the DagBag from /home/airflow/.local/lib/python3.7/site-packages/airflow/example_dags/example_bash_operator.py
[2024-12-03T15:47:09.373+0000] {processor.py:766} INFO - DAG(s) dict_keys(['example_bash_operator']) retrieved from /home/airflow/.local/lib/python3.7/site-packages/airflow/example_dags/example_bash_operator.py
[2024-12-03T15:47:09.477+0000] {logging_mixin.py:120} INFO - [2024-12-03T15:47:09.477+0000] {dag.py:2585} INFO - Sync 1 DAGs
[2024-12-03T15:47:09.541+0000] {logging_mixin.py:120} INFO - [2024-12-03T15:47:09.540+0000] {dag.py:3340} INFO - Setting next_dagrun for example_bash_operator to 2024-12-02T00:00:00+00:00, run_after=2024-12-03T00:00:00+00:00
[2024-12-03T15:47:09.584+0000] {processor.py:176} INFO - Processing /home/airflow/.local/lib/python3.7/site-packages/airflow/example_dags/example_bash_operator.py took 0.258 seconds
[2024-12-03T15:47:39.728+0000] {processor.py:154} INFO - Started process (PID=3496) to work on /home/airflow/.local/lib/python3.7/site-packages/airflow/example_dags/example_bash_operator.py
[2024-12-03T15:47:39.730+0000] {processor.py:756} INFO - Processing file /home/airflow/.local/lib/python3.7/site-packages/airflow/example_dags/example_bash_operator.py for tasks to queue
[2024-12-03T15:47:39.732+0000] {logging_mixin.py:120} INFO - [2024-12-03T15:47:39.731+0000] {dagbag.py:537} INFO - Filling up the DagBag from /home/airflow/.local/lib/python3.7/site-packages/airflow/example_dags/example_bash_operator.py
[2024-12-03T15:47:39.772+0000] {processor.py:766} INFO - DAG(s) dict_keys(['example_bash_operator']) retrieved from /home/airflow/.local/lib/python3.7/site-packages/airflow/example_dags/example_bash_operator.py
[2024-12-03T15:47:39.850+0000] {logging_mixin.py:120} INFO - [2024-12-03T15:47:39.849+0000] {dag.py:2585} INFO - Sync 1 DAGs
[2024-12-03T15:47:39.901+0000] {logging_mixin.py:120} INFO - [2024-12-03T15:47:39.901+0000] {dag.py:3340} INFO - Setting next_dagrun for example_bash_operator to 2024-12-02T00:00:00+00:00, run_after=2024-12-03T00:00:00+00:00
[2024-12-03T15:47:39.942+0000] {processor.py:176} INFO - Processing /home/airflow/.local/lib/python3.7/site-packages/airflow/example_dags/example_bash_operator.py took 0.217 seconds
[2024-12-03T15:49:11.817+0000] {processor.py:154} INFO - Started process (PID=72) to work on /home/airflow/.local/lib/python3.7/site-packages/airflow/example_dags/example_bash_operator.py
[2024-12-03T15:49:11.873+0000] {processor.py:756} INFO - Processing file /home/airflow/.local/lib/python3.7/site-packages/airflow/example_dags/example_bash_operator.py for tasks to queue
[2024-12-03T15:49:11.912+0000] {logging_mixin.py:120} INFO - [2024-12-03T15:49:11.910+0000] {dagbag.py:537} INFO - Filling up the DagBag from /home/airflow/.local/lib/python3.7/site-packages/airflow/example_dags/example_bash_operator.py
[2024-12-03T15:49:12.978+0000] {processor.py:766} INFO - DAG(s) dict_keys(['example_bash_operator']) retrieved from /home/airflow/.local/lib/python3.7/site-packages/airflow/example_dags/example_bash_operator.py
[2024-12-03T15:49:13.584+0000] {logging_mixin.py:120} INFO - [2024-12-03T15:49:13.583+0000] {dag.py:2585} INFO - Sync 1 DAGs
[2024-12-03T15:49:13.813+0000] {logging_mixin.py:120} INFO - [2024-12-03T15:49:13.813+0000] {dag.py:3340} INFO - Setting next_dagrun for example_bash_operator to 2024-12-02T00:00:00+00:00, run_after=2024-12-03T00:00:00+00:00
[2024-12-03T15:49:13.954+0000] {processor.py:176} INFO - Processing /home/airflow/.local/lib/python3.7/site-packages/airflow/example_dags/example_bash_operator.py took 2.429 seconds
[2024-12-03T15:50:02.574+0000] {processor.py:154} INFO - Started process (PID=135) to work on /home/airflow/.local/lib/python3.7/site-packages/airflow/example_dags/example_bash_operator.py
[2024-12-03T15:50:02.578+0000] {processor.py:756} INFO - Processing file /home/airflow/.local/lib/python3.7/site-packages/airflow/example_dags/example_bash_operator.py for tasks to queue
[2024-12-03T15:50:02.583+0000] {logging_mixin.py:120} INFO - [2024-12-03T15:50:02.582+0000] {dagbag.py:537} INFO - Filling up the DagBag from /home/airflow/.local/lib/python3.7/site-packages/airflow/example_dags/example_bash_operator.py
[2024-12-03T15:50:02.792+0000] {processor.py:766} INFO - DAG(s) dict_keys(['example_bash_operator']) retrieved from /home/airflow/.local/lib/python3.7/site-packages/airflow/example_dags/example_bash_operator.py
[2024-12-03T15:50:03.171+0000] {logging_mixin.py:120} INFO - [2024-12-03T15:50:03.170+0000] {dag.py:2585} INFO - Sync 1 DAGs
[2024-12-03T15:50:03.420+0000] {logging_mixin.py:120} INFO - [2024-12-03T15:50:03.420+0000] {dag.py:3340} INFO - Setting next_dagrun for example_bash_operator to 2024-12-02T00:00:00+00:00, run_after=2024-12-03T00:00:00+00:00
[2024-12-03T15:50:03.589+0000] {processor.py:176} INFO - Processing /home/airflow/.local/lib/python3.7/site-packages/airflow/example_dags/example_bash_operator.py took 1.032 seconds
[2024-12-03T15:50:34.524+0000] {processor.py:154} INFO - Started process (PID=191) to work on /home/airflow/.local/lib/python3.7/site-packages/airflow/example_dags/example_bash_operator.py
[2024-12-03T15:50:34.526+0000] {processor.py:756} INFO - Processing file /home/airflow/.local/lib/python3.7/site-packages/airflow/example_dags/example_bash_operator.py for tasks to queue
[2024-12-03T15:50:34.528+0000] {logging_mixin.py:120} INFO - [2024-12-03T15:50:34.528+0000] {dagbag.py:537} INFO - Filling up the DagBag from /home/airflow/.local/lib/python3.7/site-packages/airflow/example_dags/example_bash_operator.py
[2024-12-03T15:50:34.562+0000] {processor.py:766} INFO - DAG(s) dict_keys(['example_bash_operator']) retrieved from /home/airflow/.local/lib/python3.7/site-packages/airflow/example_dags/example_bash_operator.py
[2024-12-03T15:50:34.650+0000] {logging_mixin.py:120} INFO - [2024-12-03T15:50:34.650+0000] {dag.py:2585} INFO - Sync 1 DAGs
[2024-12-03T15:50:34.698+0000] {logging_mixin.py:120} INFO - [2024-12-03T15:50:34.698+0000] {dag.py:3340} INFO - Setting next_dagrun for example_bash_operator to 2024-12-02T00:00:00+00:00, run_after=2024-12-03T00:00:00+00:00
[2024-12-03T15:50:34.730+0000] {processor.py:176} INFO - Processing /home/airflow/.local/lib/python3.7/site-packages/airflow/example_dags/example_bash_operator.py took 0.210 seconds
[2024-12-03T15:51:05.006+0000] {processor.py:154} INFO - Started process (PID=246) to work on /home/airflow/.local/lib/python3.7/site-packages/airflow/example_dags/example_bash_operator.py
[2024-12-03T15:51:05.013+0000] {processor.py:756} INFO - Processing file /home/airflow/.local/lib/python3.7/site-packages/airflow/example_dags/example_bash_operator.py for tasks to queue
[2024-12-03T15:51:05.015+0000] {logging_mixin.py:120} INFO - [2024-12-03T15:51:05.015+0000] {dagbag.py:537} INFO - Filling up the DagBag from /home/airflow/.local/lib/python3.7/site-packages/airflow/example_dags/example_bash_operator.py
[2024-12-03T15:51:05.175+0000] {processor.py:766} INFO - DAG(s) dict_keys(['example_bash_operator']) retrieved from /home/airflow/.local/lib/python3.7/site-packages/airflow/example_dags/example_bash_operator.py
[2024-12-03T15:51:05.266+0000] {logging_mixin.py:120} INFO - [2024-12-03T15:51:05.265+0000] {dag.py:2585} INFO - Sync 1 DAGs
[2024-12-03T15:51:05.310+0000] {logging_mixin.py:120} INFO - [2024-12-03T15:51:05.310+0000] {dag.py:3340} INFO - Setting next_dagrun for example_bash_operator to 2024-12-02T00:00:00+00:00, run_after=2024-12-03T00:00:00+00:00
[2024-12-03T15:51:05.429+0000] {processor.py:176} INFO - Processing /home/airflow/.local/lib/python3.7/site-packages/airflow/example_dags/example_bash_operator.py took 0.427 seconds
[2024-12-03T15:51:35.955+0000] {processor.py:154} INFO - Started process (PID=310) to work on /home/airflow/.local/lib/python3.7/site-packages/airflow/example_dags/example_bash_operator.py
[2024-12-03T15:51:35.958+0000] {processor.py:756} INFO - Processing file /home/airflow/.local/lib/python3.7/site-packages/airflow/example_dags/example_bash_operator.py for tasks to queue
[2024-12-03T15:51:35.961+0000] {logging_mixin.py:120} INFO - [2024-12-03T15:51:35.960+0000] {dagbag.py:537} INFO - Filling up the DagBag from /home/airflow/.local/lib/python3.7/site-packages/airflow/example_dags/example_bash_operator.py
[2024-12-03T15:51:36.005+0000] {processor.py:766} INFO - DAG(s) dict_keys(['example_bash_operator']) retrieved from /home/airflow/.local/lib/python3.7/site-packages/airflow/example_dags/example_bash_operator.py
[2024-12-03T15:51:36.120+0000] {logging_mixin.py:120} INFO - [2024-12-03T15:51:36.120+0000] {dag.py:2585} INFO - Sync 1 DAGs
[2024-12-03T15:51:36.181+0000] {logging_mixin.py:120} INFO - [2024-12-03T15:51:36.181+0000] {dag.py:3340} INFO - Setting next_dagrun for example_bash_operator to 2024-12-02T00:00:00+00:00, run_after=2024-12-03T00:00:00+00:00
[2024-12-03T15:51:36.216+0000] {processor.py:176} INFO - Processing /home/airflow/.local/lib/python3.7/site-packages/airflow/example_dags/example_bash_operator.py took 0.264 seconds
[2024-12-03T15:53:05.185+0000] {processor.py:154} INFO - Started process (PID=67) to work on /home/airflow/.local/lib/python3.7/site-packages/airflow/example_dags/example_bash_operator.py
[2024-12-03T15:53:05.188+0000] {processor.py:756} INFO - Processing file /home/airflow/.local/lib/python3.7/site-packages/airflow/example_dags/example_bash_operator.py for tasks to queue
[2024-12-03T15:53:05.189+0000] {logging_mixin.py:120} INFO - [2024-12-03T15:53:05.189+0000] {dagbag.py:537} INFO - Filling up the DagBag from /home/airflow/.local/lib/python3.7/site-packages/airflow/example_dags/example_bash_operator.py
[2024-12-03T15:53:05.221+0000] {processor.py:766} INFO - DAG(s) dict_keys(['example_bash_operator']) retrieved from /home/airflow/.local/lib/python3.7/site-packages/airflow/example_dags/example_bash_operator.py
[2024-12-03T15:53:05.306+0000] {logging_mixin.py:120} INFO - [2024-12-03T15:53:05.305+0000] {dag.py:2585} INFO - Sync 1 DAGs
[2024-12-03T15:53:05.395+0000] {logging_mixin.py:120} INFO - [2024-12-03T15:53:05.394+0000] {dag.py:3340} INFO - Setting next_dagrun for example_bash_operator to 2024-12-02T00:00:00+00:00, run_after=2024-12-03T00:00:00+00:00
[2024-12-03T15:53:05.458+0000] {processor.py:176} INFO - Processing /home/airflow/.local/lib/python3.7/site-packages/airflow/example_dags/example_bash_operator.py took 0.278 seconds
[2024-12-03T15:53:36.593+0000] {processor.py:154} INFO - Started process (PID=132) to work on /home/airflow/.local/lib/python3.7/site-packages/airflow/example_dags/example_bash_operator.py
[2024-12-03T15:53:36.609+0000] {processor.py:756} INFO - Processing file /home/airflow/.local/lib/python3.7/site-packages/airflow/example_dags/example_bash_operator.py for tasks to queue
[2024-12-03T15:53:36.613+0000] {logging_mixin.py:120} INFO - [2024-12-03T15:53:36.612+0000] {dagbag.py:537} INFO - Filling up the DagBag from /home/airflow/.local/lib/python3.7/site-packages/airflow/example_dags/example_bash_operator.py
[2024-12-03T15:53:36.694+0000] {processor.py:766} INFO - DAG(s) dict_keys(['example_bash_operator']) retrieved from /home/airflow/.local/lib/python3.7/site-packages/airflow/example_dags/example_bash_operator.py
[2024-12-03T15:53:36.846+0000] {logging_mixin.py:120} INFO - [2024-12-03T15:53:36.845+0000] {dag.py:2585} INFO - Sync 1 DAGs
[2024-12-03T15:53:36.925+0000] {logging_mixin.py:120} INFO - [2024-12-03T15:53:36.924+0000] {dag.py:3340} INFO - Setting next_dagrun for example_bash_operator to 2024-12-02T00:00:00+00:00, run_after=2024-12-03T00:00:00+00:00
[2024-12-03T15:53:36.986+0000] {processor.py:176} INFO - Processing /home/airflow/.local/lib/python3.7/site-packages/airflow/example_dags/example_bash_operator.py took 0.403 seconds
[2024-12-03T15:54:07.329+0000] {processor.py:154} INFO - Started process (PID=190) to work on /home/airflow/.local/lib/python3.7/site-packages/airflow/example_dags/example_bash_operator.py
[2024-12-03T15:54:07.332+0000] {processor.py:756} INFO - Processing file /home/airflow/.local/lib/python3.7/site-packages/airflow/example_dags/example_bash_operator.py for tasks to queue
[2024-12-03T15:54:07.334+0000] {logging_mixin.py:120} INFO - [2024-12-03T15:54:07.334+0000] {dagbag.py:537} INFO - Filling up the DagBag from /home/airflow/.local/lib/python3.7/site-packages/airflow/example_dags/example_bash_operator.py
[2024-12-03T15:54:07.379+0000] {processor.py:766} INFO - DAG(s) dict_keys(['example_bash_operator']) retrieved from /home/airflow/.local/lib/python3.7/site-packages/airflow/example_dags/example_bash_operator.py
[2024-12-03T15:54:07.471+0000] {logging_mixin.py:120} INFO - [2024-12-03T15:54:07.471+0000] {dag.py:2585} INFO - Sync 1 DAGs
[2024-12-03T15:54:07.518+0000] {logging_mixin.py:120} INFO - [2024-12-03T15:54:07.517+0000] {dag.py:3340} INFO - Setting next_dagrun for example_bash_operator to 2024-12-02T00:00:00+00:00, run_after=2024-12-03T00:00:00+00:00
[2024-12-03T15:54:07.558+0000] {processor.py:176} INFO - Processing /home/airflow/.local/lib/python3.7/site-packages/airflow/example_dags/example_bash_operator.py took 0.236 seconds
[2024-12-03T15:54:38.420+0000] {processor.py:154} INFO - Started process (PID=245) to work on /home/airflow/.local/lib/python3.7/site-packages/airflow/example_dags/example_bash_operator.py
[2024-12-03T15:54:38.422+0000] {processor.py:756} INFO - Processing file /home/airflow/.local/lib/python3.7/site-packages/airflow/example_dags/example_bash_operator.py for tasks to queue
[2024-12-03T15:54:38.424+0000] {logging_mixin.py:120} INFO - [2024-12-03T15:54:38.423+0000] {dagbag.py:537} INFO - Filling up the DagBag from /home/airflow/.local/lib/python3.7/site-packages/airflow/example_dags/example_bash_operator.py
[2024-12-03T15:54:38.479+0000] {processor.py:766} INFO - DAG(s) dict_keys(['example_bash_operator']) retrieved from /home/airflow/.local/lib/python3.7/site-packages/airflow/example_dags/example_bash_operator.py
[2024-12-03T15:54:38.580+0000] {logging_mixin.py:120} INFO - [2024-12-03T15:54:38.580+0000] {dag.py:2585} INFO - Sync 1 DAGs
[2024-12-03T15:54:38.639+0000] {logging_mixin.py:120} INFO - [2024-12-03T15:54:38.638+0000] {dag.py:3340} INFO - Setting next_dagrun for example_bash_operator to 2024-12-02T00:00:00+00:00, run_after=2024-12-03T00:00:00+00:00
[2024-12-03T15:54:38.686+0000] {processor.py:176} INFO - Processing /home/airflow/.local/lib/python3.7/site-packages/airflow/example_dags/example_bash_operator.py took 0.272 seconds
[2024-12-03T15:55:09.332+0000] {processor.py:154} INFO - Started process (PID=309) to work on /home/airflow/.local/lib/python3.7/site-packages/airflow/example_dags/example_bash_operator.py
[2024-12-03T15:55:09.334+0000] {processor.py:756} INFO - Processing file /home/airflow/.local/lib/python3.7/site-packages/airflow/example_dags/example_bash_operator.py for tasks to queue
[2024-12-03T15:55:09.336+0000] {logging_mixin.py:120} INFO - [2024-12-03T15:55:09.336+0000] {dagbag.py:537} INFO - Filling up the DagBag from /home/airflow/.local/lib/python3.7/site-packages/airflow/example_dags/example_bash_operator.py
[2024-12-03T15:55:09.395+0000] {processor.py:766} INFO - DAG(s) dict_keys(['example_bash_operator']) retrieved from /home/airflow/.local/lib/python3.7/site-packages/airflow/example_dags/example_bash_operator.py
[2024-12-03T15:55:09.502+0000] {logging_mixin.py:120} INFO - [2024-12-03T15:55:09.502+0000] {dag.py:2585} INFO - Sync 1 DAGs
[2024-12-03T15:55:09.557+0000] {logging_mixin.py:120} INFO - [2024-12-03T15:55:09.557+0000] {dag.py:3340} INFO - Setting next_dagrun for example_bash_operator to 2024-12-02T00:00:00+00:00, run_after=2024-12-03T00:00:00+00:00
[2024-12-03T15:55:09.624+0000] {processor.py:176} INFO - Processing /home/airflow/.local/lib/python3.7/site-packages/airflow/example_dags/example_bash_operator.py took 0.297 seconds
[2024-12-03T15:55:40.218+0000] {processor.py:154} INFO - Started process (PID=364) to work on /home/airflow/.local/lib/python3.7/site-packages/airflow/example_dags/example_bash_operator.py
[2024-12-03T15:55:40.220+0000] {processor.py:756} INFO - Processing file /home/airflow/.local/lib/python3.7/site-packages/airflow/example_dags/example_bash_operator.py for tasks to queue
[2024-12-03T15:55:40.221+0000] {logging_mixin.py:120} INFO - [2024-12-03T15:55:40.221+0000] {dagbag.py:537} INFO - Filling up the DagBag from /home/airflow/.local/lib/python3.7/site-packages/airflow/example_dags/example_bash_operator.py
[2024-12-03T15:55:40.258+0000] {processor.py:766} INFO - DAG(s) dict_keys(['example_bash_operator']) retrieved from /home/airflow/.local/lib/python3.7/site-packages/airflow/example_dags/example_bash_operator.py
[2024-12-03T15:55:40.333+0000] {logging_mixin.py:120} INFO - [2024-12-03T15:55:40.332+0000] {dag.py:2585} INFO - Sync 1 DAGs
[2024-12-03T15:55:40.374+0000] {logging_mixin.py:120} INFO - [2024-12-03T15:55:40.373+0000] {dag.py:3340} INFO - Setting next_dagrun for example_bash_operator to 2024-12-02T00:00:00+00:00, run_after=2024-12-03T00:00:00+00:00
[2024-12-03T15:55:40.407+0000] {processor.py:176} INFO - Processing /home/airflow/.local/lib/python3.7/site-packages/airflow/example_dags/example_bash_operator.py took 0.194 seconds
[2024-12-03T15:56:11.494+0000] {processor.py:154} INFO - Started process (PID=426) to work on /home/airflow/.local/lib/python3.7/site-packages/airflow/example_dags/example_bash_operator.py
[2024-12-03T15:56:11.497+0000] {processor.py:756} INFO - Processing file /home/airflow/.local/lib/python3.7/site-packages/airflow/example_dags/example_bash_operator.py for tasks to queue
[2024-12-03T15:56:11.500+0000] {logging_mixin.py:120} INFO - [2024-12-03T15:56:11.500+0000] {dagbag.py:537} INFO - Filling up the DagBag from /home/airflow/.local/lib/python3.7/site-packages/airflow/example_dags/example_bash_operator.py
[2024-12-03T15:56:11.567+0000] {processor.py:766} INFO - DAG(s) dict_keys(['example_bash_operator']) retrieved from /home/airflow/.local/lib/python3.7/site-packages/airflow/example_dags/example_bash_operator.py
[2024-12-03T15:56:11.714+0000] {logging_mixin.py:120} INFO - [2024-12-03T15:56:11.713+0000] {dag.py:2585} INFO - Sync 1 DAGs
[2024-12-03T15:56:11.808+0000] {logging_mixin.py:120} INFO - [2024-12-03T15:56:11.807+0000] {dag.py:3340} INFO - Setting next_dagrun for example_bash_operator to 2024-12-02T00:00:00+00:00, run_after=2024-12-03T00:00:00+00:00
[2024-12-03T15:56:11.890+0000] {processor.py:176} INFO - Processing /home/airflow/.local/lib/python3.7/site-packages/airflow/example_dags/example_bash_operator.py took 0.402 seconds
[2024-12-03T15:56:42.634+0000] {processor.py:154} INFO - Started process (PID=483) to work on /home/airflow/.local/lib/python3.7/site-packages/airflow/example_dags/example_bash_operator.py
[2024-12-03T15:56:42.636+0000] {processor.py:756} INFO - Processing file /home/airflow/.local/lib/python3.7/site-packages/airflow/example_dags/example_bash_operator.py for tasks to queue
[2024-12-03T15:56:42.638+0000] {logging_mixin.py:120} INFO - [2024-12-03T15:56:42.638+0000] {dagbag.py:537} INFO - Filling up the DagBag from /home/airflow/.local/lib/python3.7/site-packages/airflow/example_dags/example_bash_operator.py
[2024-12-03T15:56:42.681+0000] {processor.py:766} INFO - DAG(s) dict_keys(['example_bash_operator']) retrieved from /home/airflow/.local/lib/python3.7/site-packages/airflow/example_dags/example_bash_operator.py
[2024-12-03T15:56:42.774+0000] {logging_mixin.py:120} INFO - [2024-12-03T15:56:42.773+0000] {dag.py:2585} INFO - Sync 1 DAGs
[2024-12-03T15:56:42.823+0000] {logging_mixin.py:120} INFO - [2024-12-03T15:56:42.822+0000] {dag.py:3340} INFO - Setting next_dagrun for example_bash_operator to 2024-12-02T00:00:00+00:00, run_after=2024-12-03T00:00:00+00:00
[2024-12-03T15:56:42.869+0000] {processor.py:176} INFO - Processing /home/airflow/.local/lib/python3.7/site-packages/airflow/example_dags/example_bash_operator.py took 0.239 seconds
[2024-12-03T15:57:12.977+0000] {processor.py:154} INFO - Started process (PID=542) to work on /home/airflow/.local/lib/python3.7/site-packages/airflow/example_dags/example_bash_operator.py
[2024-12-03T15:57:12.979+0000] {processor.py:756} INFO - Processing file /home/airflow/.local/lib/python3.7/site-packages/airflow/example_dags/example_bash_operator.py for tasks to queue
[2024-12-03T15:57:12.980+0000] {logging_mixin.py:120} INFO - [2024-12-03T15:57:12.980+0000] {dagbag.py:537} INFO - Filling up the DagBag from /home/airflow/.local/lib/python3.7/site-packages/airflow/example_dags/example_bash_operator.py
[2024-12-03T15:57:13.013+0000] {processor.py:766} INFO - DAG(s) dict_keys(['example_bash_operator']) retrieved from /home/airflow/.local/lib/python3.7/site-packages/airflow/example_dags/example_bash_operator.py
[2024-12-03T15:57:13.080+0000] {logging_mixin.py:120} INFO - [2024-12-03T15:57:13.080+0000] {dag.py:2585} INFO - Sync 1 DAGs
[2024-12-03T15:57:13.120+0000] {logging_mixin.py:120} INFO - [2024-12-03T15:57:13.120+0000] {dag.py:3340} INFO - Setting next_dagrun for example_bash_operator to 2024-12-02T00:00:00+00:00, run_after=2024-12-03T00:00:00+00:00
[2024-12-03T15:57:13.157+0000] {processor.py:176} INFO - Processing /home/airflow/.local/lib/python3.7/site-packages/airflow/example_dags/example_bash_operator.py took 0.184 seconds
[2024-12-03T15:57:43.406+0000] {processor.py:154} INFO - Started process (PID=597) to work on /home/airflow/.local/lib/python3.7/site-packages/airflow/example_dags/example_bash_operator.py
[2024-12-03T15:57:43.408+0000] {processor.py:756} INFO - Processing file /home/airflow/.local/lib/python3.7/site-packages/airflow/example_dags/example_bash_operator.py for tasks to queue
[2024-12-03T15:57:43.410+0000] {logging_mixin.py:120} INFO - [2024-12-03T15:57:43.410+0000] {dagbag.py:537} INFO - Filling up the DagBag from /home/airflow/.local/lib/python3.7/site-packages/airflow/example_dags/example_bash_operator.py
[2024-12-03T15:57:43.461+0000] {processor.py:766} INFO - DAG(s) dict_keys(['example_bash_operator']) retrieved from /home/airflow/.local/lib/python3.7/site-packages/airflow/example_dags/example_bash_operator.py
[2024-12-03T15:57:43.568+0000] {logging_mixin.py:120} INFO - [2024-12-03T15:57:43.568+0000] {dag.py:2585} INFO - Sync 1 DAGs
[2024-12-03T15:57:43.631+0000] {logging_mixin.py:120} INFO - [2024-12-03T15:57:43.631+0000] {dag.py:3340} INFO - Setting next_dagrun for example_bash_operator to 2024-12-02T00:00:00+00:00, run_after=2024-12-03T00:00:00+00:00
[2024-12-03T15:57:43.680+0000] {processor.py:176} INFO - Processing /home/airflow/.local/lib/python3.7/site-packages/airflow/example_dags/example_bash_operator.py took 0.280 seconds
[2024-12-03T15:58:13.798+0000] {processor.py:154} INFO - Started process (PID=676) to work on /home/airflow/.local/lib/python3.7/site-packages/airflow/example_dags/example_bash_operator.py
[2024-12-03T15:58:13.800+0000] {processor.py:756} INFO - Processing file /home/airflow/.local/lib/python3.7/site-packages/airflow/example_dags/example_bash_operator.py for tasks to queue
[2024-12-03T15:58:13.803+0000] {logging_mixin.py:120} INFO - [2024-12-03T15:58:13.802+0000] {dagbag.py:537} INFO - Filling up the DagBag from /home/airflow/.local/lib/python3.7/site-packages/airflow/example_dags/example_bash_operator.py
[2024-12-03T15:58:13.850+0000] {processor.py:766} INFO - DAG(s) dict_keys(['example_bash_operator']) retrieved from /home/airflow/.local/lib/python3.7/site-packages/airflow/example_dags/example_bash_operator.py
[2024-12-03T15:58:13.952+0000] {logging_mixin.py:120} INFO - [2024-12-03T15:58:13.952+0000] {dag.py:2585} INFO - Sync 1 DAGs
[2024-12-03T15:58:14.007+0000] {logging_mixin.py:120} INFO - [2024-12-03T15:58:14.007+0000] {dag.py:3340} INFO - Setting next_dagrun for example_bash_operator to 2024-12-02T00:00:00+00:00, run_after=2024-12-03T00:00:00+00:00
[2024-12-03T15:58:14.051+0000] {processor.py:176} INFO - Processing /home/airflow/.local/lib/python3.7/site-packages/airflow/example_dags/example_bash_operator.py took 0.257 seconds
[2024-12-03T15:58:44.568+0000] {processor.py:154} INFO - Started process (PID=731) to work on /home/airflow/.local/lib/python3.7/site-packages/airflow/example_dags/example_bash_operator.py
[2024-12-03T15:58:44.570+0000] {processor.py:756} INFO - Processing file /home/airflow/.local/lib/python3.7/site-packages/airflow/example_dags/example_bash_operator.py for tasks to queue
[2024-12-03T15:58:44.572+0000] {logging_mixin.py:120} INFO - [2024-12-03T15:58:44.572+0000] {dagbag.py:537} INFO - Filling up the DagBag from /home/airflow/.local/lib/python3.7/site-packages/airflow/example_dags/example_bash_operator.py
[2024-12-03T15:58:44.616+0000] {processor.py:766} INFO - DAG(s) dict_keys(['example_bash_operator']) retrieved from /home/airflow/.local/lib/python3.7/site-packages/airflow/example_dags/example_bash_operator.py
[2024-12-03T15:58:44.736+0000] {logging_mixin.py:120} INFO - [2024-12-03T15:58:44.735+0000] {dag.py:2585} INFO - Sync 1 DAGs
[2024-12-03T15:58:44.793+0000] {logging_mixin.py:120} INFO - [2024-12-03T15:58:44.792+0000] {dag.py:3340} INFO - Setting next_dagrun for example_bash_operator to 2024-12-02T00:00:00+00:00, run_after=2024-12-03T00:00:00+00:00
[2024-12-03T15:58:44.838+0000] {processor.py:176} INFO - Processing /home/airflow/.local/lib/python3.7/site-packages/airflow/example_dags/example_bash_operator.py took 0.275 seconds
[2024-12-03T15:59:15.454+0000] {processor.py:154} INFO - Started process (PID=795) to work on /home/airflow/.local/lib/python3.7/site-packages/airflow/example_dags/example_bash_operator.py
[2024-12-03T15:59:15.456+0000] {processor.py:756} INFO - Processing file /home/airflow/.local/lib/python3.7/site-packages/airflow/example_dags/example_bash_operator.py for tasks to queue
[2024-12-03T15:59:15.458+0000] {logging_mixin.py:120} INFO - [2024-12-03T15:59:15.458+0000] {dagbag.py:537} INFO - Filling up the DagBag from /home/airflow/.local/lib/python3.7/site-packages/airflow/example_dags/example_bash_operator.py
[2024-12-03T15:59:15.495+0000] {processor.py:766} INFO - DAG(s) dict_keys(['example_bash_operator']) retrieved from /home/airflow/.local/lib/python3.7/site-packages/airflow/example_dags/example_bash_operator.py
[2024-12-03T15:59:15.582+0000] {logging_mixin.py:120} INFO - [2024-12-03T15:59:15.582+0000] {dag.py:2585} INFO - Sync 1 DAGs
[2024-12-03T15:59:15.629+0000] {logging_mixin.py:120} INFO - [2024-12-03T15:59:15.629+0000] {dag.py:3340} INFO - Setting next_dagrun for example_bash_operator to 2024-12-02T00:00:00+00:00, run_after=2024-12-03T00:00:00+00:00
[2024-12-03T15:59:15.674+0000] {processor.py:176} INFO - Processing /home/airflow/.local/lib/python3.7/site-packages/airflow/example_dags/example_bash_operator.py took 0.224 seconds
[2024-12-03T15:59:46.133+0000] {processor.py:154} INFO - Started process (PID=851) to work on /home/airflow/.local/lib/python3.7/site-packages/airflow/example_dags/example_bash_operator.py
[2024-12-03T15:59:46.137+0000] {processor.py:756} INFO - Processing file /home/airflow/.local/lib/python3.7/site-packages/airflow/example_dags/example_bash_operator.py for tasks to queue
[2024-12-03T15:59:46.140+0000] {logging_mixin.py:120} INFO - [2024-12-03T15:59:46.140+0000] {dagbag.py:537} INFO - Filling up the DagBag from /home/airflow/.local/lib/python3.7/site-packages/airflow/example_dags/example_bash_operator.py
[2024-12-03T15:59:46.168+0000] {processor.py:766} INFO - DAG(s) dict_keys(['example_bash_operator']) retrieved from /home/airflow/.local/lib/python3.7/site-packages/airflow/example_dags/example_bash_operator.py
[2024-12-03T15:59:46.250+0000] {logging_mixin.py:120} INFO - [2024-12-03T15:59:46.249+0000] {dag.py:2585} INFO - Sync 1 DAGs
[2024-12-03T15:59:46.294+0000] {logging_mixin.py:120} INFO - [2024-12-03T15:59:46.294+0000] {dag.py:3340} INFO - Setting next_dagrun for example_bash_operator to 2024-12-02T00:00:00+00:00, run_after=2024-12-03T00:00:00+00:00
[2024-12-03T15:59:46.331+0000] {processor.py:176} INFO - Processing /home/airflow/.local/lib/python3.7/site-packages/airflow/example_dags/example_bash_operator.py took 0.203 seconds
[2024-12-03T16:00:16.753+0000] {processor.py:154} INFO - Started process (PID=906) to work on /home/airflow/.local/lib/python3.7/site-packages/airflow/example_dags/example_bash_operator.py
[2024-12-03T16:00:16.755+0000] {processor.py:756} INFO - Processing file /home/airflow/.local/lib/python3.7/site-packages/airflow/example_dags/example_bash_operator.py for tasks to queue
[2024-12-03T16:00:16.758+0000] {logging_mixin.py:120} INFO - [2024-12-03T16:00:16.758+0000] {dagbag.py:537} INFO - Filling up the DagBag from /home/airflow/.local/lib/python3.7/site-packages/airflow/example_dags/example_bash_operator.py
[2024-12-03T16:00:16.788+0000] {processor.py:766} INFO - DAG(s) dict_keys(['example_bash_operator']) retrieved from /home/airflow/.local/lib/python3.7/site-packages/airflow/example_dags/example_bash_operator.py
[2024-12-03T16:00:16.861+0000] {logging_mixin.py:120} INFO - [2024-12-03T16:00:16.861+0000] {dag.py:2585} INFO - Sync 1 DAGs
[2024-12-03T16:00:16.901+0000] {logging_mixin.py:120} INFO - [2024-12-03T16:00:16.901+0000] {dag.py:3340} INFO - Setting next_dagrun for example_bash_operator to 2024-12-02T00:00:00+00:00, run_after=2024-12-03T00:00:00+00:00
[2024-12-03T16:00:16.938+0000] {processor.py:176} INFO - Processing /home/airflow/.local/lib/python3.7/site-packages/airflow/example_dags/example_bash_operator.py took 0.189 seconds
[2024-12-03T16:00:47.745+0000] {processor.py:154} INFO - Started process (PID=970) to work on /home/airflow/.local/lib/python3.7/site-packages/airflow/example_dags/example_bash_operator.py
[2024-12-03T16:00:47.747+0000] {processor.py:756} INFO - Processing file /home/airflow/.local/lib/python3.7/site-packages/airflow/example_dags/example_bash_operator.py for tasks to queue
[2024-12-03T16:00:47.750+0000] {logging_mixin.py:120} INFO - [2024-12-03T16:00:47.749+0000] {dagbag.py:537} INFO - Filling up the DagBag from /home/airflow/.local/lib/python3.7/site-packages/airflow/example_dags/example_bash_operator.py
[2024-12-03T16:00:47.818+0000] {processor.py:766} INFO - DAG(s) dict_keys(['example_bash_operator']) retrieved from /home/airflow/.local/lib/python3.7/site-packages/airflow/example_dags/example_bash_operator.py
[2024-12-03T16:00:47.950+0000] {logging_mixin.py:120} INFO - [2024-12-03T16:00:47.950+0000] {dag.py:2585} INFO - Sync 1 DAGs
[2024-12-03T16:00:48.026+0000] {logging_mixin.py:120} INFO - [2024-12-03T16:00:48.025+0000] {dag.py:3340} INFO - Setting next_dagrun for example_bash_operator to 2024-12-02T00:00:00+00:00, run_after=2024-12-03T00:00:00+00:00
[2024-12-03T16:00:48.096+0000] {processor.py:176} INFO - Processing /home/airflow/.local/lib/python3.7/site-packages/airflow/example_dags/example_bash_operator.py took 0.357 seconds
[2024-12-03T16:01:19.047+0000] {processor.py:154} INFO - Started process (PID=1025) to work on /home/airflow/.local/lib/python3.7/site-packages/airflow/example_dags/example_bash_operator.py
[2024-12-03T16:01:19.049+0000] {processor.py:756} INFO - Processing file /home/airflow/.local/lib/python3.7/site-packages/airflow/example_dags/example_bash_operator.py for tasks to queue
[2024-12-03T16:01:19.051+0000] {logging_mixin.py:120} INFO - [2024-12-03T16:01:19.051+0000] {dagbag.py:537} INFO - Filling up the DagBag from /home/airflow/.local/lib/python3.7/site-packages/airflow/example_dags/example_bash_operator.py
[2024-12-03T16:01:19.086+0000] {processor.py:766} INFO - DAG(s) dict_keys(['example_bash_operator']) retrieved from /home/airflow/.local/lib/python3.7/site-packages/airflow/example_dags/example_bash_operator.py
[2024-12-03T16:01:19.187+0000] {logging_mixin.py:120} INFO - [2024-12-03T16:01:19.186+0000] {dag.py:2585} INFO - Sync 1 DAGs
[2024-12-03T16:01:19.236+0000] {logging_mixin.py:120} INFO - [2024-12-03T16:01:19.236+0000] {dag.py:3340} INFO - Setting next_dagrun for example_bash_operator to 2024-12-02T00:00:00+00:00, run_after=2024-12-03T00:00:00+00:00
[2024-12-03T16:01:19.286+0000] {processor.py:176} INFO - Processing /home/airflow/.local/lib/python3.7/site-packages/airflow/example_dags/example_bash_operator.py took 0.243 seconds
[2024-12-03T16:01:49.866+0000] {processor.py:154} INFO - Started process (PID=1089) to work on /home/airflow/.local/lib/python3.7/site-packages/airflow/example_dags/example_bash_operator.py
[2024-12-03T16:01:49.868+0000] {processor.py:756} INFO - Processing file /home/airflow/.local/lib/python3.7/site-packages/airflow/example_dags/example_bash_operator.py for tasks to queue
[2024-12-03T16:01:49.870+0000] {logging_mixin.py:120} INFO - [2024-12-03T16:01:49.870+0000] {dagbag.py:537} INFO - Filling up the DagBag from /home/airflow/.local/lib/python3.7/site-packages/airflow/example_dags/example_bash_operator.py
[2024-12-03T16:01:49.913+0000] {processor.py:766} INFO - DAG(s) dict_keys(['example_bash_operator']) retrieved from /home/airflow/.local/lib/python3.7/site-packages/airflow/example_dags/example_bash_operator.py
[2024-12-03T16:01:50.028+0000] {logging_mixin.py:120} INFO - [2024-12-03T16:01:50.027+0000] {dag.py:2585} INFO - Sync 1 DAGs
[2024-12-03T16:01:50.079+0000] {logging_mixin.py:120} INFO - [2024-12-03T16:01:50.078+0000] {dag.py:3340} INFO - Setting next_dagrun for example_bash_operator to 2024-12-02T00:00:00+00:00, run_after=2024-12-03T00:00:00+00:00
[2024-12-03T16:01:50.123+0000] {processor.py:176} INFO - Processing /home/airflow/.local/lib/python3.7/site-packages/airflow/example_dags/example_bash_operator.py took 0.264 seconds
[2024-12-03T16:02:20.241+0000] {processor.py:154} INFO - Started process (PID=1145) to work on /home/airflow/.local/lib/python3.7/site-packages/airflow/example_dags/example_bash_operator.py
[2024-12-03T16:02:20.243+0000] {processor.py:756} INFO - Processing file /home/airflow/.local/lib/python3.7/site-packages/airflow/example_dags/example_bash_operator.py for tasks to queue
[2024-12-03T16:02:20.246+0000] {logging_mixin.py:120} INFO - [2024-12-03T16:02:20.245+0000] {dagbag.py:537} INFO - Filling up the DagBag from /home/airflow/.local/lib/python3.7/site-packages/airflow/example_dags/example_bash_operator.py
[2024-12-03T16:02:20.320+0000] {processor.py:766} INFO - DAG(s) dict_keys(['example_bash_operator']) retrieved from /home/airflow/.local/lib/python3.7/site-packages/airflow/example_dags/example_bash_operator.py
[2024-12-03T16:02:20.414+0000] {logging_mixin.py:120} INFO - [2024-12-03T16:02:20.413+0000] {dag.py:2585} INFO - Sync 1 DAGs
[2024-12-03T16:02:20.468+0000] {logging_mixin.py:120} INFO - [2024-12-03T16:02:20.468+0000] {dag.py:3340} INFO - Setting next_dagrun for example_bash_operator to 2024-12-02T00:00:00+00:00, run_after=2024-12-03T00:00:00+00:00
[2024-12-03T16:02:20.534+0000] {processor.py:176} INFO - Processing /home/airflow/.local/lib/python3.7/site-packages/airflow/example_dags/example_bash_operator.py took 0.306 seconds
[2024-12-03T16:02:50.963+0000] {processor.py:154} INFO - Started process (PID=1210) to work on /home/airflow/.local/lib/python3.7/site-packages/airflow/example_dags/example_bash_operator.py
[2024-12-03T16:02:50.966+0000] {processor.py:756} INFO - Processing file /home/airflow/.local/lib/python3.7/site-packages/airflow/example_dags/example_bash_operator.py for tasks to queue
[2024-12-03T16:02:50.968+0000] {logging_mixin.py:120} INFO - [2024-12-03T16:02:50.968+0000] {dagbag.py:537} INFO - Filling up the DagBag from /home/airflow/.local/lib/python3.7/site-packages/airflow/example_dags/example_bash_operator.py
[2024-12-03T16:02:51.038+0000] {processor.py:766} INFO - DAG(s) dict_keys(['example_bash_operator']) retrieved from /home/airflow/.local/lib/python3.7/site-packages/airflow/example_dags/example_bash_operator.py
[2024-12-03T16:02:51.188+0000] {logging_mixin.py:120} INFO - [2024-12-03T16:02:51.187+0000] {dag.py:2585} INFO - Sync 1 DAGs
[2024-12-03T16:02:51.288+0000] {logging_mixin.py:120} INFO - [2024-12-03T16:02:51.288+0000] {dag.py:3340} INFO - Setting next_dagrun for example_bash_operator to 2024-12-02T00:00:00+00:00, run_after=2024-12-03T00:00:00+00:00
[2024-12-03T16:02:51.352+0000] {processor.py:176} INFO - Processing /home/airflow/.local/lib/python3.7/site-packages/airflow/example_dags/example_bash_operator.py took 0.399 seconds
[2024-12-03T16:03:21.537+0000] {processor.py:154} INFO - Started process (PID=1269) to work on /home/airflow/.local/lib/python3.7/site-packages/airflow/example_dags/example_bash_operator.py
[2024-12-03T16:03:21.539+0000] {processor.py:756} INFO - Processing file /home/airflow/.local/lib/python3.7/site-packages/airflow/example_dags/example_bash_operator.py for tasks to queue
[2024-12-03T16:03:21.541+0000] {logging_mixin.py:120} INFO - [2024-12-03T16:03:21.541+0000] {dagbag.py:537} INFO - Filling up the DagBag from /home/airflow/.local/lib/python3.7/site-packages/airflow/example_dags/example_bash_operator.py
[2024-12-03T16:03:21.580+0000] {processor.py:766} INFO - DAG(s) dict_keys(['example_bash_operator']) retrieved from /home/airflow/.local/lib/python3.7/site-packages/airflow/example_dags/example_bash_operator.py
[2024-12-03T16:03:21.677+0000] {logging_mixin.py:120} INFO - [2024-12-03T16:03:21.677+0000] {dag.py:2585} INFO - Sync 1 DAGs
[2024-12-03T16:03:21.731+0000] {logging_mixin.py:120} INFO - [2024-12-03T16:03:21.730+0000] {dag.py:3340} INFO - Setting next_dagrun for example_bash_operator to 2024-12-02T00:00:00+00:00, run_after=2024-12-03T00:00:00+00:00
[2024-12-03T16:03:21.793+0000] {processor.py:176} INFO - Processing /home/airflow/.local/lib/python3.7/site-packages/airflow/example_dags/example_bash_operator.py took 0.260 seconds
[2024-12-03T16:03:51.936+0000] {processor.py:154} INFO - Started process (PID=1333) to work on /home/airflow/.local/lib/python3.7/site-packages/airflow/example_dags/example_bash_operator.py
[2024-12-03T16:03:51.938+0000] {processor.py:756} INFO - Processing file /home/airflow/.local/lib/python3.7/site-packages/airflow/example_dags/example_bash_operator.py for tasks to queue
[2024-12-03T16:03:51.940+0000] {logging_mixin.py:120} INFO - [2024-12-03T16:03:51.940+0000] {dagbag.py:537} INFO - Filling up the DagBag from /home/airflow/.local/lib/python3.7/site-packages/airflow/example_dags/example_bash_operator.py
[2024-12-03T16:03:51.999+0000] {processor.py:766} INFO - DAG(s) dict_keys(['example_bash_operator']) retrieved from /home/airflow/.local/lib/python3.7/site-packages/airflow/example_dags/example_bash_operator.py
[2024-12-03T16:03:52.149+0000] {logging_mixin.py:120} INFO - [2024-12-03T16:03:52.149+0000] {dag.py:2585} INFO - Sync 1 DAGs
[2024-12-03T16:03:52.223+0000] {logging_mixin.py:120} INFO - [2024-12-03T16:03:52.223+0000] {dag.py:3340} INFO - Setting next_dagrun for example_bash_operator to 2024-12-02T00:00:00+00:00, run_after=2024-12-03T00:00:00+00:00
[2024-12-03T16:03:52.284+0000] {processor.py:176} INFO - Processing /home/airflow/.local/lib/python3.7/site-packages/airflow/example_dags/example_bash_operator.py took 0.354 seconds
[2024-12-03T16:04:22.944+0000] {processor.py:154} INFO - Started process (PID=1398) to work on /home/airflow/.local/lib/python3.7/site-packages/airflow/example_dags/example_bash_operator.py
[2024-12-03T16:04:22.949+0000] {processor.py:756} INFO - Processing file /home/airflow/.local/lib/python3.7/site-packages/airflow/example_dags/example_bash_operator.py for tasks to queue
[2024-12-03T16:04:22.955+0000] {logging_mixin.py:120} INFO - [2024-12-03T16:04:22.953+0000] {dagbag.py:537} INFO - Filling up the DagBag from /home/airflow/.local/lib/python3.7/site-packages/airflow/example_dags/example_bash_operator.py
[2024-12-03T16:04:23.049+0000] {processor.py:766} INFO - DAG(s) dict_keys(['example_bash_operator']) retrieved from /home/airflow/.local/lib/python3.7/site-packages/airflow/example_dags/example_bash_operator.py
[2024-12-03T16:04:23.222+0000] {logging_mixin.py:120} INFO - [2024-12-03T16:04:23.221+0000] {dag.py:2585} INFO - Sync 1 DAGs
[2024-12-03T16:04:23.348+0000] {logging_mixin.py:120} INFO - [2024-12-03T16:04:23.348+0000] {dag.py:3340} INFO - Setting next_dagrun for example_bash_operator to 2024-12-02T00:00:00+00:00, run_after=2024-12-03T00:00:00+00:00
[2024-12-03T16:04:23.440+0000] {processor.py:176} INFO - Processing /home/airflow/.local/lib/python3.7/site-packages/airflow/example_dags/example_bash_operator.py took 0.513 seconds
[2024-12-03T16:04:54.338+0000] {processor.py:154} INFO - Started process (PID=1453) to work on /home/airflow/.local/lib/python3.7/site-packages/airflow/example_dags/example_bash_operator.py
[2024-12-03T16:04:54.349+0000] {processor.py:756} INFO - Processing file /home/airflow/.local/lib/python3.7/site-packages/airflow/example_dags/example_bash_operator.py for tasks to queue
[2024-12-03T16:04:54.356+0000] {logging_mixin.py:120} INFO - [2024-12-03T16:04:54.354+0000] {dagbag.py:537} INFO - Filling up the DagBag from /home/airflow/.local/lib/python3.7/site-packages/airflow/example_dags/example_bash_operator.py
[2024-12-03T16:04:54.419+0000] {processor.py:766} INFO - DAG(s) dict_keys(['example_bash_operator']) retrieved from /home/airflow/.local/lib/python3.7/site-packages/airflow/example_dags/example_bash_operator.py
[2024-12-03T16:04:54.569+0000] {logging_mixin.py:120} INFO - [2024-12-03T16:04:54.569+0000] {dag.py:2585} INFO - Sync 1 DAGs
[2024-12-03T16:04:54.666+0000] {logging_mixin.py:120} INFO - [2024-12-03T16:04:54.666+0000] {dag.py:3340} INFO - Setting next_dagrun for example_bash_operator to 2024-12-02T00:00:00+00:00, run_after=2024-12-03T00:00:00+00:00
[2024-12-03T16:04:54.730+0000] {processor.py:176} INFO - Processing /home/airflow/.local/lib/python3.7/site-packages/airflow/example_dags/example_bash_operator.py took 0.401 seconds
[2024-12-03T16:05:25.064+0000] {processor.py:154} INFO - Started process (PID=1508) to work on /home/airflow/.local/lib/python3.7/site-packages/airflow/example_dags/example_bash_operator.py
[2024-12-03T16:05:25.067+0000] {processor.py:756} INFO - Processing file /home/airflow/.local/lib/python3.7/site-packages/airflow/example_dags/example_bash_operator.py for tasks to queue
[2024-12-03T16:05:25.070+0000] {logging_mixin.py:120} INFO - [2024-12-03T16:05:25.069+0000] {dagbag.py:537} INFO - Filling up the DagBag from /home/airflow/.local/lib/python3.7/site-packages/airflow/example_dags/example_bash_operator.py
[2024-12-03T16:05:25.134+0000] {processor.py:766} INFO - DAG(s) dict_keys(['example_bash_operator']) retrieved from /home/airflow/.local/lib/python3.7/site-packages/airflow/example_dags/example_bash_operator.py
[2024-12-03T16:05:25.260+0000] {logging_mixin.py:120} INFO - [2024-12-03T16:05:25.260+0000] {dag.py:2585} INFO - Sync 1 DAGs
[2024-12-03T16:05:25.333+0000] {logging_mixin.py:120} INFO - [2024-12-03T16:05:25.333+0000] {dag.py:3340} INFO - Setting next_dagrun for example_bash_operator to 2024-12-02T00:00:00+00:00, run_after=2024-12-03T00:00:00+00:00
[2024-12-03T16:05:25.391+0000] {processor.py:176} INFO - Processing /home/airflow/.local/lib/python3.7/site-packages/airflow/example_dags/example_bash_operator.py took 0.335 seconds
[2024-12-03T16:05:56.152+0000] {processor.py:154} INFO - Started process (PID=1563) to work on /home/airflow/.local/lib/python3.7/site-packages/airflow/example_dags/example_bash_operator.py
[2024-12-03T16:05:56.155+0000] {processor.py:756} INFO - Processing file /home/airflow/.local/lib/python3.7/site-packages/airflow/example_dags/example_bash_operator.py for tasks to queue
[2024-12-03T16:05:56.159+0000] {logging_mixin.py:120} INFO - [2024-12-03T16:05:56.159+0000] {dagbag.py:537} INFO - Filling up the DagBag from /home/airflow/.local/lib/python3.7/site-packages/airflow/example_dags/example_bash_operator.py
[2024-12-03T16:05:56.251+0000] {processor.py:766} INFO - DAG(s) dict_keys(['example_bash_operator']) retrieved from /home/airflow/.local/lib/python3.7/site-packages/airflow/example_dags/example_bash_operator.py
[2024-12-03T16:05:56.458+0000] {logging_mixin.py:120} INFO - [2024-12-03T16:05:56.458+0000] {dag.py:2585} INFO - Sync 1 DAGs
[2024-12-03T16:05:56.547+0000] {logging_mixin.py:120} INFO - [2024-12-03T16:05:56.546+0000] {dag.py:3340} INFO - Setting next_dagrun for example_bash_operator to 2024-12-02T00:00:00+00:00, run_after=2024-12-03T00:00:00+00:00
[2024-12-03T16:05:56.606+0000] {processor.py:176} INFO - Processing /home/airflow/.local/lib/python3.7/site-packages/airflow/example_dags/example_bash_operator.py took 0.464 seconds
[2024-12-03T16:06:27.602+0000] {processor.py:154} INFO - Started process (PID=1619) to work on /home/airflow/.local/lib/python3.7/site-packages/airflow/example_dags/example_bash_operator.py
[2024-12-03T16:06:27.604+0000] {processor.py:756} INFO - Processing file /home/airflow/.local/lib/python3.7/site-packages/airflow/example_dags/example_bash_operator.py for tasks to queue
[2024-12-03T16:06:27.607+0000] {logging_mixin.py:120} INFO - [2024-12-03T16:06:27.606+0000] {dagbag.py:537} INFO - Filling up the DagBag from /home/airflow/.local/lib/python3.7/site-packages/airflow/example_dags/example_bash_operator.py
[2024-12-03T16:06:27.672+0000] {processor.py:766} INFO - DAG(s) dict_keys(['example_bash_operator']) retrieved from /home/airflow/.local/lib/python3.7/site-packages/airflow/example_dags/example_bash_operator.py
[2024-12-03T16:06:27.805+0000] {logging_mixin.py:120} INFO - [2024-12-03T16:06:27.804+0000] {dag.py:2585} INFO - Sync 1 DAGs
[2024-12-03T16:06:27.896+0000] {logging_mixin.py:120} INFO - [2024-12-03T16:06:27.895+0000] {dag.py:3340} INFO - Setting next_dagrun for example_bash_operator to 2024-12-02T00:00:00+00:00, run_after=2024-12-03T00:00:00+00:00
[2024-12-03T16:06:27.970+0000] {processor.py:176} INFO - Processing /home/airflow/.local/lib/python3.7/site-packages/airflow/example_dags/example_bash_operator.py took 0.375 seconds
[2024-12-03T16:06:58.633+0000] {processor.py:154} INFO - Started process (PID=1683) to work on /home/airflow/.local/lib/python3.7/site-packages/airflow/example_dags/example_bash_operator.py
[2024-12-03T16:06:58.637+0000] {processor.py:756} INFO - Processing file /home/airflow/.local/lib/python3.7/site-packages/airflow/example_dags/example_bash_operator.py for tasks to queue
[2024-12-03T16:06:58.664+0000] {logging_mixin.py:120} INFO - [2024-12-03T16:06:58.663+0000] {dagbag.py:537} INFO - Filling up the DagBag from /home/airflow/.local/lib/python3.7/site-packages/airflow/example_dags/example_bash_operator.py
[2024-12-03T16:06:58.783+0000] {processor.py:766} INFO - DAG(s) dict_keys(['example_bash_operator']) retrieved from /home/airflow/.local/lib/python3.7/site-packages/airflow/example_dags/example_bash_operator.py
[2024-12-03T16:06:59.129+0000] {logging_mixin.py:120} INFO - [2024-12-03T16:06:59.128+0000] {dag.py:2585} INFO - Sync 1 DAGs
[2024-12-03T16:06:59.258+0000] {logging_mixin.py:120} INFO - [2024-12-03T16:06:59.258+0000] {dag.py:3340} INFO - Setting next_dagrun for example_bash_operator to 2024-12-02T00:00:00+00:00, run_after=2024-12-03T00:00:00+00:00
[2024-12-03T16:06:59.327+0000] {processor.py:176} INFO - Processing /home/airflow/.local/lib/python3.7/site-packages/airflow/example_dags/example_bash_operator.py took 0.717 seconds
[2024-12-03T16:07:29.631+0000] {processor.py:154} INFO - Started process (PID=1738) to work on /home/airflow/.local/lib/python3.7/site-packages/airflow/example_dags/example_bash_operator.py
[2024-12-03T16:07:29.635+0000] {processor.py:756} INFO - Processing file /home/airflow/.local/lib/python3.7/site-packages/airflow/example_dags/example_bash_operator.py for tasks to queue
[2024-12-03T16:07:29.638+0000] {logging_mixin.py:120} INFO - [2024-12-03T16:07:29.638+0000] {dagbag.py:537} INFO - Filling up the DagBag from /home/airflow/.local/lib/python3.7/site-packages/airflow/example_dags/example_bash_operator.py
[2024-12-03T16:07:29.723+0000] {processor.py:766} INFO - DAG(s) dict_keys(['example_bash_operator']) retrieved from /home/airflow/.local/lib/python3.7/site-packages/airflow/example_dags/example_bash_operator.py
[2024-12-03T16:07:29.927+0000] {logging_mixin.py:120} INFO - [2024-12-03T16:07:29.927+0000] {dag.py:2585} INFO - Sync 1 DAGs
[2024-12-03T16:07:30.121+0000] {logging_mixin.py:120} INFO - [2024-12-03T16:07:30.120+0000] {dag.py:3340} INFO - Setting next_dagrun for example_bash_operator to 2024-12-02T00:00:00+00:00, run_after=2024-12-03T00:00:00+00:00
[2024-12-03T16:07:30.267+0000] {processor.py:176} INFO - Processing /home/airflow/.local/lib/python3.7/site-packages/airflow/example_dags/example_bash_operator.py took 0.646 seconds
[2024-12-03T16:08:01.302+0000] {processor.py:154} INFO - Started process (PID=1797) to work on /home/airflow/.local/lib/python3.7/site-packages/airflow/example_dags/example_bash_operator.py
[2024-12-03T16:08:01.320+0000] {processor.py:756} INFO - Processing file /home/airflow/.local/lib/python3.7/site-packages/airflow/example_dags/example_bash_operator.py for tasks to queue
[2024-12-03T16:08:01.324+0000] {logging_mixin.py:120} INFO - [2024-12-03T16:08:01.324+0000] {dagbag.py:537} INFO - Filling up the DagBag from /home/airflow/.local/lib/python3.7/site-packages/airflow/example_dags/example_bash_operator.py
[2024-12-03T16:08:01.550+0000] {processor.py:766} INFO - DAG(s) dict_keys(['example_bash_operator']) retrieved from /home/airflow/.local/lib/python3.7/site-packages/airflow/example_dags/example_bash_operator.py
[2024-12-03T16:08:01.855+0000] {logging_mixin.py:120} INFO - [2024-12-03T16:08:01.854+0000] {dag.py:2585} INFO - Sync 1 DAGs
[2024-12-03T16:08:01.989+0000] {logging_mixin.py:120} INFO - [2024-12-03T16:08:01.989+0000] {dag.py:3340} INFO - Setting next_dagrun for example_bash_operator to 2024-12-02T00:00:00+00:00, run_after=2024-12-03T00:00:00+00:00
[2024-12-03T16:08:02.133+0000] {processor.py:176} INFO - Processing /home/airflow/.local/lib/python3.7/site-packages/airflow/example_dags/example_bash_operator.py took 0.852 seconds
[2024-12-03T16:08:33.117+0000] {processor.py:154} INFO - Started process (PID=1856) to work on /home/airflow/.local/lib/python3.7/site-packages/airflow/example_dags/example_bash_operator.py
[2024-12-03T16:08:33.119+0000] {processor.py:756} INFO - Processing file /home/airflow/.local/lib/python3.7/site-packages/airflow/example_dags/example_bash_operator.py for tasks to queue
[2024-12-03T16:08:33.122+0000] {logging_mixin.py:120} INFO - [2024-12-03T16:08:33.121+0000] {dagbag.py:537} INFO - Filling up the DagBag from /home/airflow/.local/lib/python3.7/site-packages/airflow/example_dags/example_bash_operator.py
[2024-12-03T16:08:33.185+0000] {processor.py:766} INFO - DAG(s) dict_keys(['example_bash_operator']) retrieved from /home/airflow/.local/lib/python3.7/site-packages/airflow/example_dags/example_bash_operator.py
[2024-12-03T16:08:33.314+0000] {logging_mixin.py:120} INFO - [2024-12-03T16:08:33.314+0000] {dag.py:2585} INFO - Sync 1 DAGs
[2024-12-03T16:08:33.379+0000] {logging_mixin.py:120} INFO - [2024-12-03T16:08:33.379+0000] {dag.py:3340} INFO - Setting next_dagrun for example_bash_operator to 2024-12-02T00:00:00+00:00, run_after=2024-12-03T00:00:00+00:00
[2024-12-03T16:08:33.434+0000] {processor.py:176} INFO - Processing /home/airflow/.local/lib/python3.7/site-packages/airflow/example_dags/example_bash_operator.py took 0.324 seconds
[2024-12-03T16:09:03.940+0000] {processor.py:154} INFO - Started process (PID=1923) to work on /home/airflow/.local/lib/python3.7/site-packages/airflow/example_dags/example_bash_operator.py
[2024-12-03T16:09:03.945+0000] {processor.py:756} INFO - Processing file /home/airflow/.local/lib/python3.7/site-packages/airflow/example_dags/example_bash_operator.py for tasks to queue
[2024-12-03T16:09:03.950+0000] {logging_mixin.py:120} INFO - [2024-12-03T16:09:03.949+0000] {dagbag.py:537} INFO - Filling up the DagBag from /home/airflow/.local/lib/python3.7/site-packages/airflow/example_dags/example_bash_operator.py
[2024-12-03T16:09:04.099+0000] {processor.py:766} INFO - DAG(s) dict_keys(['example_bash_operator']) retrieved from /home/airflow/.local/lib/python3.7/site-packages/airflow/example_dags/example_bash_operator.py
[2024-12-03T16:09:04.609+0000] {logging_mixin.py:120} INFO - [2024-12-03T16:09:04.606+0000] {dag.py:2585} INFO - Sync 1 DAGs
[2024-12-03T16:09:04.822+0000] {logging_mixin.py:120} INFO - [2024-12-03T16:09:04.822+0000] {dag.py:3340} INFO - Setting next_dagrun for example_bash_operator to 2024-12-02T00:00:00+00:00, run_after=2024-12-03T00:00:00+00:00
[2024-12-03T16:09:04.963+0000] {processor.py:176} INFO - Processing /home/airflow/.local/lib/python3.7/site-packages/airflow/example_dags/example_bash_operator.py took 1.037 seconds
[2024-12-03T16:09:35.289+0000] {processor.py:154} INFO - Started process (PID=1978) to work on /home/airflow/.local/lib/python3.7/site-packages/airflow/example_dags/example_bash_operator.py
[2024-12-03T16:09:35.298+0000] {processor.py:756} INFO - Processing file /home/airflow/.local/lib/python3.7/site-packages/airflow/example_dags/example_bash_operator.py for tasks to queue
[2024-12-03T16:09:35.302+0000] {logging_mixin.py:120} INFO - [2024-12-03T16:09:35.301+0000] {dagbag.py:537} INFO - Filling up the DagBag from /home/airflow/.local/lib/python3.7/site-packages/airflow/example_dags/example_bash_operator.py
[2024-12-03T16:09:35.394+0000] {processor.py:766} INFO - DAG(s) dict_keys(['example_bash_operator']) retrieved from /home/airflow/.local/lib/python3.7/site-packages/airflow/example_dags/example_bash_operator.py
[2024-12-03T16:09:35.600+0000] {logging_mixin.py:120} INFO - [2024-12-03T16:09:35.600+0000] {dag.py:2585} INFO - Sync 1 DAGs
[2024-12-03T16:09:35.728+0000] {logging_mixin.py:120} INFO - [2024-12-03T16:09:35.727+0000] {dag.py:3340} INFO - Setting next_dagrun for example_bash_operator to 2024-12-02T00:00:00+00:00, run_after=2024-12-03T00:00:00+00:00
[2024-12-03T16:09:35.798+0000] {processor.py:176} INFO - Processing /home/airflow/.local/lib/python3.7/site-packages/airflow/example_dags/example_bash_operator.py took 0.519 seconds
[2024-12-03T16:10:06.146+0000] {processor.py:154} INFO - Started process (PID=2033) to work on /home/airflow/.local/lib/python3.7/site-packages/airflow/example_dags/example_bash_operator.py
[2024-12-03T16:10:06.149+0000] {processor.py:756} INFO - Processing file /home/airflow/.local/lib/python3.7/site-packages/airflow/example_dags/example_bash_operator.py for tasks to queue
[2024-12-03T16:10:06.152+0000] {logging_mixin.py:120} INFO - [2024-12-03T16:10:06.151+0000] {dagbag.py:537} INFO - Filling up the DagBag from /home/airflow/.local/lib/python3.7/site-packages/airflow/example_dags/example_bash_operator.py
[2024-12-03T16:10:06.219+0000] {processor.py:766} INFO - DAG(s) dict_keys(['example_bash_operator']) retrieved from /home/airflow/.local/lib/python3.7/site-packages/airflow/example_dags/example_bash_operator.py
[2024-12-03T16:10:06.368+0000] {logging_mixin.py:120} INFO - [2024-12-03T16:10:06.367+0000] {dag.py:2585} INFO - Sync 1 DAGs
[2024-12-03T16:10:06.442+0000] {logging_mixin.py:120} INFO - [2024-12-03T16:10:06.441+0000] {dag.py:3340} INFO - Setting next_dagrun for example_bash_operator to 2024-12-02T00:00:00+00:00, run_after=2024-12-03T00:00:00+00:00
[2024-12-03T16:10:06.514+0000] {processor.py:176} INFO - Processing /home/airflow/.local/lib/python3.7/site-packages/airflow/example_dags/example_bash_operator.py took 0.376 seconds
[2024-12-03T16:10:36.621+0000] {processor.py:154} INFO - Started process (PID=2088) to work on /home/airflow/.local/lib/python3.7/site-packages/airflow/example_dags/example_bash_operator.py
[2024-12-03T16:10:36.623+0000] {processor.py:756} INFO - Processing file /home/airflow/.local/lib/python3.7/site-packages/airflow/example_dags/example_bash_operator.py for tasks to queue
[2024-12-03T16:10:36.626+0000] {logging_mixin.py:120} INFO - [2024-12-03T16:10:36.625+0000] {dagbag.py:537} INFO - Filling up the DagBag from /home/airflow/.local/lib/python3.7/site-packages/airflow/example_dags/example_bash_operator.py
[2024-12-03T16:10:36.680+0000] {processor.py:766} INFO - DAG(s) dict_keys(['example_bash_operator']) retrieved from /home/airflow/.local/lib/python3.7/site-packages/airflow/example_dags/example_bash_operator.py
[2024-12-03T16:10:36.805+0000] {logging_mixin.py:120} INFO - [2024-12-03T16:10:36.805+0000] {dag.py:2585} INFO - Sync 1 DAGs
[2024-12-03T16:10:36.876+0000] {logging_mixin.py:120} INFO - [2024-12-03T16:10:36.875+0000] {dag.py:3340} INFO - Setting next_dagrun for example_bash_operator to 2024-12-02T00:00:00+00:00, run_after=2024-12-03T00:00:00+00:00
[2024-12-03T16:10:36.946+0000] {processor.py:176} INFO - Processing /home/airflow/.local/lib/python3.7/site-packages/airflow/example_dags/example_bash_operator.py took 0.331 seconds
[2024-12-03T16:11:07.105+0000] {processor.py:154} INFO - Started process (PID=2151) to work on /home/airflow/.local/lib/python3.7/site-packages/airflow/example_dags/example_bash_operator.py
[2024-12-03T16:11:07.110+0000] {processor.py:756} INFO - Processing file /home/airflow/.local/lib/python3.7/site-packages/airflow/example_dags/example_bash_operator.py for tasks to queue
[2024-12-03T16:11:07.116+0000] {logging_mixin.py:120} INFO - [2024-12-03T16:11:07.115+0000] {dagbag.py:537} INFO - Filling up the DagBag from /home/airflow/.local/lib/python3.7/site-packages/airflow/example_dags/example_bash_operator.py
[2024-12-03T16:11:07.221+0000] {processor.py:766} INFO - DAG(s) dict_keys(['example_bash_operator']) retrieved from /home/airflow/.local/lib/python3.7/site-packages/airflow/example_dags/example_bash_operator.py
[2024-12-03T16:11:07.443+0000] {logging_mixin.py:120} INFO - [2024-12-03T16:11:07.442+0000] {dag.py:2585} INFO - Sync 1 DAGs
[2024-12-03T16:11:07.575+0000] {logging_mixin.py:120} INFO - [2024-12-03T16:11:07.574+0000] {dag.py:3340} INFO - Setting next_dagrun for example_bash_operator to 2024-12-02T00:00:00+00:00, run_after=2024-12-03T00:00:00+00:00
[2024-12-03T16:11:07.667+0000] {processor.py:176} INFO - Processing /home/airflow/.local/lib/python3.7/site-packages/airflow/example_dags/example_bash_operator.py took 0.575 seconds
[2024-12-03T16:11:38.253+0000] {processor.py:154} INFO - Started process (PID=2207) to work on /home/airflow/.local/lib/python3.7/site-packages/airflow/example_dags/example_bash_operator.py
[2024-12-03T16:11:38.256+0000] {processor.py:756} INFO - Processing file /home/airflow/.local/lib/python3.7/site-packages/airflow/example_dags/example_bash_operator.py for tasks to queue
[2024-12-03T16:11:38.259+0000] {logging_mixin.py:120} INFO - [2024-12-03T16:11:38.259+0000] {dagbag.py:537} INFO - Filling up the DagBag from /home/airflow/.local/lib/python3.7/site-packages/airflow/example_dags/example_bash_operator.py
[2024-12-03T16:11:38.322+0000] {processor.py:766} INFO - DAG(s) dict_keys(['example_bash_operator']) retrieved from /home/airflow/.local/lib/python3.7/site-packages/airflow/example_dags/example_bash_operator.py
[2024-12-03T16:11:38.499+0000] {logging_mixin.py:120} INFO - [2024-12-03T16:11:38.499+0000] {dag.py:2585} INFO - Sync 1 DAGs
[2024-12-03T16:11:38.615+0000] {logging_mixin.py:120} INFO - [2024-12-03T16:11:38.614+0000] {dag.py:3340} INFO - Setting next_dagrun for example_bash_operator to 2024-12-02T00:00:00+00:00, run_after=2024-12-03T00:00:00+00:00
[2024-12-03T16:11:38.675+0000] {processor.py:176} INFO - Processing /home/airflow/.local/lib/python3.7/site-packages/airflow/example_dags/example_bash_operator.py took 0.431 seconds
[2024-12-03T16:12:09.198+0000] {processor.py:154} INFO - Started process (PID=2262) to work on /home/airflow/.local/lib/python3.7/site-packages/airflow/example_dags/example_bash_operator.py
[2024-12-03T16:12:09.201+0000] {processor.py:756} INFO - Processing file /home/airflow/.local/lib/python3.7/site-packages/airflow/example_dags/example_bash_operator.py for tasks to queue
[2024-12-03T16:12:09.204+0000] {logging_mixin.py:120} INFO - [2024-12-03T16:12:09.203+0000] {dagbag.py:537} INFO - Filling up the DagBag from /home/airflow/.local/lib/python3.7/site-packages/airflow/example_dags/example_bash_operator.py
[2024-12-03T16:12:09.276+0000] {processor.py:766} INFO - DAG(s) dict_keys(['example_bash_operator']) retrieved from /home/airflow/.local/lib/python3.7/site-packages/airflow/example_dags/example_bash_operator.py
[2024-12-03T16:12:09.386+0000] {logging_mixin.py:120} INFO - [2024-12-03T16:12:09.385+0000] {dag.py:2585} INFO - Sync 1 DAGs
[2024-12-03T16:12:09.462+0000] {logging_mixin.py:120} INFO - [2024-12-03T16:12:09.461+0000] {dag.py:3340} INFO - Setting next_dagrun for example_bash_operator to 2024-12-02T00:00:00+00:00, run_after=2024-12-03T00:00:00+00:00
[2024-12-03T16:12:09.522+0000] {processor.py:176} INFO - Processing /home/airflow/.local/lib/python3.7/site-packages/airflow/example_dags/example_bash_operator.py took 0.332 seconds
[2024-12-03T16:12:39.655+0000] {processor.py:154} INFO - Started process (PID=2317) to work on /home/airflow/.local/lib/python3.7/site-packages/airflow/example_dags/example_bash_operator.py
[2024-12-03T16:12:39.657+0000] {processor.py:756} INFO - Processing file /home/airflow/.local/lib/python3.7/site-packages/airflow/example_dags/example_bash_operator.py for tasks to queue
[2024-12-03T16:12:39.659+0000] {logging_mixin.py:120} INFO - [2024-12-03T16:12:39.659+0000] {dagbag.py:537} INFO - Filling up the DagBag from /home/airflow/.local/lib/python3.7/site-packages/airflow/example_dags/example_bash_operator.py
[2024-12-03T16:12:39.714+0000] {processor.py:766} INFO - DAG(s) dict_keys(['example_bash_operator']) retrieved from /home/airflow/.local/lib/python3.7/site-packages/airflow/example_dags/example_bash_operator.py
[2024-12-03T16:12:39.880+0000] {logging_mixin.py:120} INFO - [2024-12-03T16:12:39.879+0000] {dag.py:2585} INFO - Sync 1 DAGs
[2024-12-03T16:12:39.955+0000] {logging_mixin.py:120} INFO - [2024-12-03T16:12:39.955+0000] {dag.py:3340} INFO - Setting next_dagrun for example_bash_operator to 2024-12-02T00:00:00+00:00, run_after=2024-12-03T00:00:00+00:00
[2024-12-03T16:12:40.030+0000] {processor.py:176} INFO - Processing /home/airflow/.local/lib/python3.7/site-packages/airflow/example_dags/example_bash_operator.py took 0.383 seconds
[2024-12-03T16:13:10.522+0000] {processor.py:154} INFO - Started process (PID=2373) to work on /home/airflow/.local/lib/python3.7/site-packages/airflow/example_dags/example_bash_operator.py
[2024-12-03T16:13:10.525+0000] {processor.py:756} INFO - Processing file /home/airflow/.local/lib/python3.7/site-packages/airflow/example_dags/example_bash_operator.py for tasks to queue
[2024-12-03T16:13:10.528+0000] {logging_mixin.py:120} INFO - [2024-12-03T16:13:10.527+0000] {dagbag.py:537} INFO - Filling up the DagBag from /home/airflow/.local/lib/python3.7/site-packages/airflow/example_dags/example_bash_operator.py
[2024-12-03T16:13:10.601+0000] {processor.py:766} INFO - DAG(s) dict_keys(['example_bash_operator']) retrieved from /home/airflow/.local/lib/python3.7/site-packages/airflow/example_dags/example_bash_operator.py
[2024-12-03T16:13:10.745+0000] {logging_mixin.py:120} INFO - [2024-12-03T16:13:10.745+0000] {dag.py:2585} INFO - Sync 1 DAGs
[2024-12-03T16:13:10.818+0000] {logging_mixin.py:120} INFO - [2024-12-03T16:13:10.817+0000] {dag.py:3340} INFO - Setting next_dagrun for example_bash_operator to 2024-12-02T00:00:00+00:00, run_after=2024-12-03T00:00:00+00:00
[2024-12-03T16:13:10.883+0000] {processor.py:176} INFO - Processing /home/airflow/.local/lib/python3.7/site-packages/airflow/example_dags/example_bash_operator.py took 0.367 seconds
[2024-12-03T16:13:41.059+0000] {processor.py:154} INFO - Started process (PID=2428) to work on /home/airflow/.local/lib/python3.7/site-packages/airflow/example_dags/example_bash_operator.py
[2024-12-03T16:13:41.061+0000] {processor.py:756} INFO - Processing file /home/airflow/.local/lib/python3.7/site-packages/airflow/example_dags/example_bash_operator.py for tasks to queue
[2024-12-03T16:13:41.064+0000] {logging_mixin.py:120} INFO - [2024-12-03T16:13:41.064+0000] {dagbag.py:537} INFO - Filling up the DagBag from /home/airflow/.local/lib/python3.7/site-packages/airflow/example_dags/example_bash_operator.py
[2024-12-03T16:13:41.187+0000] {processor.py:766} INFO - DAG(s) dict_keys(['example_bash_operator']) retrieved from /home/airflow/.local/lib/python3.7/site-packages/airflow/example_dags/example_bash_operator.py
[2024-12-03T16:13:41.382+0000] {logging_mixin.py:120} INFO - [2024-12-03T16:13:41.382+0000] {dag.py:2585} INFO - Sync 1 DAGs
[2024-12-03T16:13:41.516+0000] {logging_mixin.py:120} INFO - [2024-12-03T16:13:41.516+0000] {dag.py:3340} INFO - Setting next_dagrun for example_bash_operator to 2024-12-02T00:00:00+00:00, run_after=2024-12-03T00:00:00+00:00
[2024-12-03T16:13:41.592+0000] {processor.py:176} INFO - Processing /home/airflow/.local/lib/python3.7/site-packages/airflow/example_dags/example_bash_operator.py took 0.547 seconds
[2024-12-03T16:14:11.741+0000] {processor.py:154} INFO - Started process (PID=2487) to work on /home/airflow/.local/lib/python3.7/site-packages/airflow/example_dags/example_bash_operator.py
[2024-12-03T16:14:11.746+0000] {processor.py:756} INFO - Processing file /home/airflow/.local/lib/python3.7/site-packages/airflow/example_dags/example_bash_operator.py for tasks to queue
[2024-12-03T16:14:11.750+0000] {logging_mixin.py:120} INFO - [2024-12-03T16:14:11.749+0000] {dagbag.py:537} INFO - Filling up the DagBag from /home/airflow/.local/lib/python3.7/site-packages/airflow/example_dags/example_bash_operator.py
[2024-12-03T16:14:11.871+0000] {processor.py:766} INFO - DAG(s) dict_keys(['example_bash_operator']) retrieved from /home/airflow/.local/lib/python3.7/site-packages/airflow/example_dags/example_bash_operator.py
[2024-12-03T16:14:12.009+0000] {logging_mixin.py:120} INFO - [2024-12-03T16:14:12.009+0000] {dag.py:2585} INFO - Sync 1 DAGs
[2024-12-03T16:14:12.107+0000] {logging_mixin.py:120} INFO - [2024-12-03T16:14:12.106+0000] {dag.py:3340} INFO - Setting next_dagrun for example_bash_operator to 2024-12-02T00:00:00+00:00, run_after=2024-12-03T00:00:00+00:00
[2024-12-03T16:14:12.170+0000] {processor.py:176} INFO - Processing /home/airflow/.local/lib/python3.7/site-packages/airflow/example_dags/example_bash_operator.py took 0.444 seconds
[2024-12-03T16:14:42.434+0000] {processor.py:154} INFO - Started process (PID=2550) to work on /home/airflow/.local/lib/python3.7/site-packages/airflow/example_dags/example_bash_operator.py
[2024-12-03T16:14:42.438+0000] {processor.py:756} INFO - Processing file /home/airflow/.local/lib/python3.7/site-packages/airflow/example_dags/example_bash_operator.py for tasks to queue
[2024-12-03T16:14:42.440+0000] {logging_mixin.py:120} INFO - [2024-12-03T16:14:42.440+0000] {dagbag.py:537} INFO - Filling up the DagBag from /home/airflow/.local/lib/python3.7/site-packages/airflow/example_dags/example_bash_operator.py
[2024-12-03T16:14:42.504+0000] {processor.py:766} INFO - DAG(s) dict_keys(['example_bash_operator']) retrieved from /home/airflow/.local/lib/python3.7/site-packages/airflow/example_dags/example_bash_operator.py
[2024-12-03T16:14:42.650+0000] {logging_mixin.py:120} INFO - [2024-12-03T16:14:42.649+0000] {dag.py:2585} INFO - Sync 1 DAGs
[2024-12-03T16:14:42.743+0000] {logging_mixin.py:120} INFO - [2024-12-03T16:14:42.742+0000] {dag.py:3340} INFO - Setting next_dagrun for example_bash_operator to 2024-12-02T00:00:00+00:00, run_after=2024-12-03T00:00:00+00:00
[2024-12-03T16:14:42.811+0000] {processor.py:176} INFO - Processing /home/airflow/.local/lib/python3.7/site-packages/airflow/example_dags/example_bash_operator.py took 0.384 seconds
[2024-12-03T16:15:13.294+0000] {processor.py:154} INFO - Started process (PID=2605) to work on /home/airflow/.local/lib/python3.7/site-packages/airflow/example_dags/example_bash_operator.py
[2024-12-03T16:15:13.297+0000] {processor.py:756} INFO - Processing file /home/airflow/.local/lib/python3.7/site-packages/airflow/example_dags/example_bash_operator.py for tasks to queue
[2024-12-03T16:15:13.300+0000] {logging_mixin.py:120} INFO - [2024-12-03T16:15:13.300+0000] {dagbag.py:537} INFO - Filling up the DagBag from /home/airflow/.local/lib/python3.7/site-packages/airflow/example_dags/example_bash_operator.py
[2024-12-03T16:15:13.355+0000] {processor.py:766} INFO - DAG(s) dict_keys(['example_bash_operator']) retrieved from /home/airflow/.local/lib/python3.7/site-packages/airflow/example_dags/example_bash_operator.py
[2024-12-03T16:15:13.495+0000] {logging_mixin.py:120} INFO - [2024-12-03T16:15:13.495+0000] {dag.py:2585} INFO - Sync 1 DAGs
[2024-12-03T16:15:13.576+0000] {logging_mixin.py:120} INFO - [2024-12-03T16:15:13.575+0000] {dag.py:3340} INFO - Setting next_dagrun for example_bash_operator to 2024-12-02T00:00:00+00:00, run_after=2024-12-03T00:00:00+00:00
[2024-12-03T16:15:13.633+0000] {processor.py:176} INFO - Processing /home/airflow/.local/lib/python3.7/site-packages/airflow/example_dags/example_bash_operator.py took 0.345 seconds
[2024-12-03T16:15:44.009+0000] {processor.py:154} INFO - Started process (PID=2670) to work on /home/airflow/.local/lib/python3.7/site-packages/airflow/example_dags/example_bash_operator.py
[2024-12-03T16:15:44.011+0000] {processor.py:756} INFO - Processing file /home/airflow/.local/lib/python3.7/site-packages/airflow/example_dags/example_bash_operator.py for tasks to queue
[2024-12-03T16:15:44.015+0000] {logging_mixin.py:120} INFO - [2024-12-03T16:15:44.015+0000] {dagbag.py:537} INFO - Filling up the DagBag from /home/airflow/.local/lib/python3.7/site-packages/airflow/example_dags/example_bash_operator.py
[2024-12-03T16:15:44.087+0000] {processor.py:766} INFO - DAG(s) dict_keys(['example_bash_operator']) retrieved from /home/airflow/.local/lib/python3.7/site-packages/airflow/example_dags/example_bash_operator.py
[2024-12-03T16:15:44.224+0000] {logging_mixin.py:120} INFO - [2024-12-03T16:15:44.224+0000] {dag.py:2585} INFO - Sync 1 DAGs
[2024-12-03T16:15:44.319+0000] {logging_mixin.py:120} INFO - [2024-12-03T16:15:44.319+0000] {dag.py:3340} INFO - Setting next_dagrun for example_bash_operator to 2024-12-02T00:00:00+00:00, run_after=2024-12-03T00:00:00+00:00
[2024-12-03T16:15:44.389+0000] {processor.py:176} INFO - Processing /home/airflow/.local/lib/python3.7/site-packages/airflow/example_dags/example_bash_operator.py took 0.390 seconds
[2024-12-03T16:16:15.075+0000] {processor.py:154} INFO - Started process (PID=2726) to work on /home/airflow/.local/lib/python3.7/site-packages/airflow/example_dags/example_bash_operator.py
[2024-12-03T16:16:15.079+0000] {processor.py:756} INFO - Processing file /home/airflow/.local/lib/python3.7/site-packages/airflow/example_dags/example_bash_operator.py for tasks to queue
[2024-12-03T16:16:15.083+0000] {logging_mixin.py:120} INFO - [2024-12-03T16:16:15.082+0000] {dagbag.py:537} INFO - Filling up the DagBag from /home/airflow/.local/lib/python3.7/site-packages/airflow/example_dags/example_bash_operator.py
[2024-12-03T16:16:15.167+0000] {processor.py:766} INFO - DAG(s) dict_keys(['example_bash_operator']) retrieved from /home/airflow/.local/lib/python3.7/site-packages/airflow/example_dags/example_bash_operator.py
[2024-12-03T16:16:15.327+0000] {logging_mixin.py:120} INFO - [2024-12-03T16:16:15.326+0000] {dag.py:2585} INFO - Sync 1 DAGs
[2024-12-03T16:16:15.446+0000] {logging_mixin.py:120} INFO - [2024-12-03T16:16:15.445+0000] {dag.py:3340} INFO - Setting next_dagrun for example_bash_operator to 2024-12-02T00:00:00+00:00, run_after=2024-12-03T00:00:00+00:00
[2024-12-03T16:16:15.521+0000] {processor.py:176} INFO - Processing /home/airflow/.local/lib/python3.7/site-packages/airflow/example_dags/example_bash_operator.py took 0.455 seconds
[2024-12-03T16:16:45.780+0000] {processor.py:154} INFO - Started process (PID=2781) to work on /home/airflow/.local/lib/python3.7/site-packages/airflow/example_dags/example_bash_operator.py
[2024-12-03T16:16:45.784+0000] {processor.py:756} INFO - Processing file /home/airflow/.local/lib/python3.7/site-packages/airflow/example_dags/example_bash_operator.py for tasks to queue
[2024-12-03T16:16:45.786+0000] {logging_mixin.py:120} INFO - [2024-12-03T16:16:45.786+0000] {dagbag.py:537} INFO - Filling up the DagBag from /home/airflow/.local/lib/python3.7/site-packages/airflow/example_dags/example_bash_operator.py
[2024-12-03T16:16:45.855+0000] {processor.py:766} INFO - DAG(s) dict_keys(['example_bash_operator']) retrieved from /home/airflow/.local/lib/python3.7/site-packages/airflow/example_dags/example_bash_operator.py
[2024-12-03T16:16:46.028+0000] {logging_mixin.py:120} INFO - [2024-12-03T16:16:46.028+0000] {dag.py:2585} INFO - Sync 1 DAGs
[2024-12-03T16:16:46.124+0000] {logging_mixin.py:120} INFO - [2024-12-03T16:16:46.123+0000] {dag.py:3340} INFO - Setting next_dagrun for example_bash_operator to 2024-12-02T00:00:00+00:00, run_after=2024-12-03T00:00:00+00:00
[2024-12-03T16:16:46.185+0000] {processor.py:176} INFO - Processing /home/airflow/.local/lib/python3.7/site-packages/airflow/example_dags/example_bash_operator.py took 0.413 seconds
[2024-12-03T16:17:16.442+0000] {processor.py:154} INFO - Started process (PID=2837) to work on /home/airflow/.local/lib/python3.7/site-packages/airflow/example_dags/example_bash_operator.py
[2024-12-03T16:17:16.445+0000] {processor.py:756} INFO - Processing file /home/airflow/.local/lib/python3.7/site-packages/airflow/example_dags/example_bash_operator.py for tasks to queue
[2024-12-03T16:17:16.448+0000] {logging_mixin.py:120} INFO - [2024-12-03T16:17:16.448+0000] {dagbag.py:537} INFO - Filling up the DagBag from /home/airflow/.local/lib/python3.7/site-packages/airflow/example_dags/example_bash_operator.py
[2024-12-03T16:17:16.521+0000] {processor.py:766} INFO - DAG(s) dict_keys(['example_bash_operator']) retrieved from /home/airflow/.local/lib/python3.7/site-packages/airflow/example_dags/example_bash_operator.py
[2024-12-03T16:17:16.672+0000] {logging_mixin.py:120} INFO - [2024-12-03T16:17:16.672+0000] {dag.py:2585} INFO - Sync 1 DAGs
[2024-12-03T16:17:16.762+0000] {logging_mixin.py:120} INFO - [2024-12-03T16:17:16.762+0000] {dag.py:3340} INFO - Setting next_dagrun for example_bash_operator to 2024-12-02T00:00:00+00:00, run_after=2024-12-03T00:00:00+00:00
[2024-12-03T16:17:16.831+0000] {processor.py:176} INFO - Processing /home/airflow/.local/lib/python3.7/site-packages/airflow/example_dags/example_bash_operator.py took 0.400 seconds
[2024-12-03T16:17:47.183+0000] {processor.py:154} INFO - Started process (PID=2893) to work on /home/airflow/.local/lib/python3.7/site-packages/airflow/example_dags/example_bash_operator.py
[2024-12-03T16:17:47.187+0000] {processor.py:756} INFO - Processing file /home/airflow/.local/lib/python3.7/site-packages/airflow/example_dags/example_bash_operator.py for tasks to queue
[2024-12-03T16:17:47.189+0000] {logging_mixin.py:120} INFO - [2024-12-03T16:17:47.189+0000] {dagbag.py:537} INFO - Filling up the DagBag from /home/airflow/.local/lib/python3.7/site-packages/airflow/example_dags/example_bash_operator.py
[2024-12-03T16:17:47.270+0000] {processor.py:766} INFO - DAG(s) dict_keys(['example_bash_operator']) retrieved from /home/airflow/.local/lib/python3.7/site-packages/airflow/example_dags/example_bash_operator.py
[2024-12-03T16:17:47.448+0000] {logging_mixin.py:120} INFO - [2024-12-03T16:17:47.447+0000] {dag.py:2585} INFO - Sync 1 DAGs
[2024-12-03T16:17:47.532+0000] {logging_mixin.py:120} INFO - [2024-12-03T16:17:47.531+0000] {dag.py:3340} INFO - Setting next_dagrun for example_bash_operator to 2024-12-02T00:00:00+00:00, run_after=2024-12-03T00:00:00+00:00
[2024-12-03T16:17:47.594+0000] {processor.py:176} INFO - Processing /home/airflow/.local/lib/python3.7/site-packages/airflow/example_dags/example_bash_operator.py took 0.428 seconds
[2024-12-03T16:18:17.816+0000] {processor.py:154} INFO - Started process (PID=2957) to work on /home/airflow/.local/lib/python3.7/site-packages/airflow/example_dags/example_bash_operator.py
[2024-12-03T16:18:17.821+0000] {processor.py:756} INFO - Processing file /home/airflow/.local/lib/python3.7/site-packages/airflow/example_dags/example_bash_operator.py for tasks to queue
[2024-12-03T16:18:17.826+0000] {logging_mixin.py:120} INFO - [2024-12-03T16:18:17.826+0000] {dagbag.py:537} INFO - Filling up the DagBag from /home/airflow/.local/lib/python3.7/site-packages/airflow/example_dags/example_bash_operator.py
[2024-12-03T16:18:17.888+0000] {processor.py:766} INFO - DAG(s) dict_keys(['example_bash_operator']) retrieved from /home/airflow/.local/lib/python3.7/site-packages/airflow/example_dags/example_bash_operator.py
[2024-12-03T16:18:18.043+0000] {logging_mixin.py:120} INFO - [2024-12-03T16:18:18.043+0000] {dag.py:2585} INFO - Sync 1 DAGs
[2024-12-03T16:18:18.146+0000] {logging_mixin.py:120} INFO - [2024-12-03T16:18:18.145+0000] {dag.py:3340} INFO - Setting next_dagrun for example_bash_operator to 2024-12-02T00:00:00+00:00, run_after=2024-12-03T00:00:00+00:00
[2024-12-03T16:18:18.230+0000] {processor.py:176} INFO - Processing /home/airflow/.local/lib/python3.7/site-packages/airflow/example_dags/example_bash_operator.py took 0.420 seconds
[2024-12-03T16:18:48.789+0000] {processor.py:154} INFO - Started process (PID=3016) to work on /home/airflow/.local/lib/python3.7/site-packages/airflow/example_dags/example_bash_operator.py
[2024-12-03T16:18:48.790+0000] {processor.py:756} INFO - Processing file /home/airflow/.local/lib/python3.7/site-packages/airflow/example_dags/example_bash_operator.py for tasks to queue
[2024-12-03T16:18:48.791+0000] {logging_mixin.py:120} INFO - [2024-12-03T16:18:48.791+0000] {dagbag.py:537} INFO - Filling up the DagBag from /home/airflow/.local/lib/python3.7/site-packages/airflow/example_dags/example_bash_operator.py
[2024-12-03T16:18:48.830+0000] {processor.py:766} INFO - DAG(s) dict_keys(['example_bash_operator']) retrieved from /home/airflow/.local/lib/python3.7/site-packages/airflow/example_dags/example_bash_operator.py
[2024-12-03T16:18:48.899+0000] {logging_mixin.py:120} INFO - [2024-12-03T16:18:48.899+0000] {dag.py:2585} INFO - Sync 1 DAGs
[2024-12-03T16:18:48.939+0000] {logging_mixin.py:120} INFO - [2024-12-03T16:18:48.939+0000] {dag.py:3340} INFO - Setting next_dagrun for example_bash_operator to 2024-12-02T00:00:00+00:00, run_after=2024-12-03T00:00:00+00:00
[2024-12-03T16:18:48.972+0000] {processor.py:176} INFO - Processing /home/airflow/.local/lib/python3.7/site-packages/airflow/example_dags/example_bash_operator.py took 0.186 seconds
[2024-12-03T16:19:19.737+0000] {processor.py:154} INFO - Started process (PID=3075) to work on /home/airflow/.local/lib/python3.7/site-packages/airflow/example_dags/example_bash_operator.py
[2024-12-03T16:19:19.740+0000] {processor.py:756} INFO - Processing file /home/airflow/.local/lib/python3.7/site-packages/airflow/example_dags/example_bash_operator.py for tasks to queue
[2024-12-03T16:19:19.743+0000] {logging_mixin.py:120} INFO - [2024-12-03T16:19:19.743+0000] {dagbag.py:537} INFO - Filling up the DagBag from /home/airflow/.local/lib/python3.7/site-packages/airflow/example_dags/example_bash_operator.py
[2024-12-03T16:19:19.771+0000] {processor.py:766} INFO - DAG(s) dict_keys(['example_bash_operator']) retrieved from /home/airflow/.local/lib/python3.7/site-packages/airflow/example_dags/example_bash_operator.py
[2024-12-03T16:19:19.835+0000] {logging_mixin.py:120} INFO - [2024-12-03T16:19:19.834+0000] {dag.py:2585} INFO - Sync 1 DAGs
[2024-12-03T16:19:19.870+0000] {logging_mixin.py:120} INFO - [2024-12-03T16:19:19.870+0000] {dag.py:3340} INFO - Setting next_dagrun for example_bash_operator to 2024-12-02T00:00:00+00:00, run_after=2024-12-03T00:00:00+00:00
[2024-12-03T16:19:19.906+0000] {processor.py:176} INFO - Processing /home/airflow/.local/lib/python3.7/site-packages/airflow/example_dags/example_bash_operator.py took 0.173 seconds
[2024-12-03T16:19:49.993+0000] {processor.py:154} INFO - Started process (PID=3157) to work on /home/airflow/.local/lib/python3.7/site-packages/airflow/example_dags/example_bash_operator.py
[2024-12-03T16:19:49.995+0000] {processor.py:756} INFO - Processing file /home/airflow/.local/lib/python3.7/site-packages/airflow/example_dags/example_bash_operator.py for tasks to queue
[2024-12-03T16:19:49.997+0000] {logging_mixin.py:120} INFO - [2024-12-03T16:19:49.996+0000] {dagbag.py:537} INFO - Filling up the DagBag from /home/airflow/.local/lib/python3.7/site-packages/airflow/example_dags/example_bash_operator.py
[2024-12-03T16:19:50.043+0000] {processor.py:766} INFO - DAG(s) dict_keys(['example_bash_operator']) retrieved from /home/airflow/.local/lib/python3.7/site-packages/airflow/example_dags/example_bash_operator.py
[2024-12-03T16:19:50.151+0000] {logging_mixin.py:120} INFO - [2024-12-03T16:19:50.150+0000] {dag.py:2585} INFO - Sync 1 DAGs
[2024-12-03T16:19:50.209+0000] {logging_mixin.py:120} INFO - [2024-12-03T16:19:50.209+0000] {dag.py:3340} INFO - Setting next_dagrun for example_bash_operator to 2024-12-02T00:00:00+00:00, run_after=2024-12-03T00:00:00+00:00
[2024-12-03T16:19:50.250+0000] {processor.py:176} INFO - Processing /home/airflow/.local/lib/python3.7/site-packages/airflow/example_dags/example_bash_operator.py took 0.262 seconds
[2024-12-03T16:20:20.471+0000] {processor.py:154} INFO - Started process (PID=3212) to work on /home/airflow/.local/lib/python3.7/site-packages/airflow/example_dags/example_bash_operator.py
[2024-12-03T16:20:20.472+0000] {processor.py:756} INFO - Processing file /home/airflow/.local/lib/python3.7/site-packages/airflow/example_dags/example_bash_operator.py for tasks to queue
[2024-12-03T16:20:20.473+0000] {logging_mixin.py:120} INFO - [2024-12-03T16:20:20.473+0000] {dagbag.py:537} INFO - Filling up the DagBag from /home/airflow/.local/lib/python3.7/site-packages/airflow/example_dags/example_bash_operator.py
[2024-12-03T16:20:20.502+0000] {processor.py:766} INFO - DAG(s) dict_keys(['example_bash_operator']) retrieved from /home/airflow/.local/lib/python3.7/site-packages/airflow/example_dags/example_bash_operator.py
[2024-12-03T16:20:20.565+0000] {logging_mixin.py:120} INFO - [2024-12-03T16:20:20.565+0000] {dag.py:2585} INFO - Sync 1 DAGs
[2024-12-03T16:20:20.605+0000] {logging_mixin.py:120} INFO - [2024-12-03T16:20:20.604+0000] {dag.py:3340} INFO - Setting next_dagrun for example_bash_operator to 2024-12-02T00:00:00+00:00, run_after=2024-12-03T00:00:00+00:00
[2024-12-03T16:20:20.644+0000] {processor.py:176} INFO - Processing /home/airflow/.local/lib/python3.7/site-packages/airflow/example_dags/example_bash_operator.py took 0.176 seconds
[2024-12-03T16:20:51.246+0000] {processor.py:154} INFO - Started process (PID=3267) to work on /home/airflow/.local/lib/python3.7/site-packages/airflow/example_dags/example_bash_operator.py
[2024-12-03T16:20:51.249+0000] {processor.py:756} INFO - Processing file /home/airflow/.local/lib/python3.7/site-packages/airflow/example_dags/example_bash_operator.py for tasks to queue
[2024-12-03T16:20:51.252+0000] {logging_mixin.py:120} INFO - [2024-12-03T16:20:51.251+0000] {dagbag.py:537} INFO - Filling up the DagBag from /home/airflow/.local/lib/python3.7/site-packages/airflow/example_dags/example_bash_operator.py
[2024-12-03T16:20:51.286+0000] {processor.py:766} INFO - DAG(s) dict_keys(['example_bash_operator']) retrieved from /home/airflow/.local/lib/python3.7/site-packages/airflow/example_dags/example_bash_operator.py
[2024-12-03T16:20:51.373+0000] {logging_mixin.py:120} INFO - [2024-12-03T16:20:51.372+0000] {dag.py:2585} INFO - Sync 1 DAGs
[2024-12-03T16:20:51.432+0000] {logging_mixin.py:120} INFO - [2024-12-03T16:20:51.432+0000] {dag.py:3340} INFO - Setting next_dagrun for example_bash_operator to 2024-12-02T00:00:00+00:00, run_after=2024-12-03T00:00:00+00:00
[2024-12-03T16:20:51.472+0000] {processor.py:176} INFO - Processing /home/airflow/.local/lib/python3.7/site-packages/airflow/example_dags/example_bash_operator.py took 0.232 seconds
[2024-12-03T16:21:22.426+0000] {processor.py:154} INFO - Started process (PID=3331) to work on /home/airflow/.local/lib/python3.7/site-packages/airflow/example_dags/example_bash_operator.py
[2024-12-03T16:21:22.428+0000] {processor.py:756} INFO - Processing file /home/airflow/.local/lib/python3.7/site-packages/airflow/example_dags/example_bash_operator.py for tasks to queue
[2024-12-03T16:21:22.439+0000] {logging_mixin.py:120} INFO - [2024-12-03T16:21:22.438+0000] {dagbag.py:537} INFO - Filling up the DagBag from /home/airflow/.local/lib/python3.7/site-packages/airflow/example_dags/example_bash_operator.py
[2024-12-03T16:21:22.515+0000] {processor.py:766} INFO - DAG(s) dict_keys(['example_bash_operator']) retrieved from /home/airflow/.local/lib/python3.7/site-packages/airflow/example_dags/example_bash_operator.py
[2024-12-03T16:21:22.642+0000] {logging_mixin.py:120} INFO - [2024-12-03T16:21:22.642+0000] {dag.py:2585} INFO - Sync 1 DAGs
[2024-12-03T16:21:22.695+0000] {logging_mixin.py:120} INFO - [2024-12-03T16:21:22.694+0000] {dag.py:3340} INFO - Setting next_dagrun for example_bash_operator to 2024-12-02T00:00:00+00:00, run_after=2024-12-03T00:00:00+00:00
[2024-12-03T16:21:22.744+0000] {processor.py:176} INFO - Processing /home/airflow/.local/lib/python3.7/site-packages/airflow/example_dags/example_bash_operator.py took 0.323 seconds
[2024-12-03T16:21:53.264+0000] {processor.py:154} INFO - Started process (PID=3395) to work on /home/airflow/.local/lib/python3.7/site-packages/airflow/example_dags/example_bash_operator.py
[2024-12-03T16:21:53.266+0000] {processor.py:756} INFO - Processing file /home/airflow/.local/lib/python3.7/site-packages/airflow/example_dags/example_bash_operator.py for tasks to queue
[2024-12-03T16:21:53.268+0000] {logging_mixin.py:120} INFO - [2024-12-03T16:21:53.267+0000] {dagbag.py:537} INFO - Filling up the DagBag from /home/airflow/.local/lib/python3.7/site-packages/airflow/example_dags/example_bash_operator.py
[2024-12-03T16:21:53.294+0000] {processor.py:766} INFO - DAG(s) dict_keys(['example_bash_operator']) retrieved from /home/airflow/.local/lib/python3.7/site-packages/airflow/example_dags/example_bash_operator.py
[2024-12-03T16:21:53.397+0000] {logging_mixin.py:120} INFO - [2024-12-03T16:21:53.396+0000] {dag.py:2585} INFO - Sync 1 DAGs
[2024-12-03T16:21:53.454+0000] {logging_mixin.py:120} INFO - [2024-12-03T16:21:53.454+0000] {dag.py:3340} INFO - Setting next_dagrun for example_bash_operator to 2024-12-02T00:00:00+00:00, run_after=2024-12-03T00:00:00+00:00
[2024-12-03T16:21:53.495+0000] {processor.py:176} INFO - Processing /home/airflow/.local/lib/python3.7/site-packages/airflow/example_dags/example_bash_operator.py took 0.233 seconds
[2024-12-03T16:22:23.772+0000] {processor.py:154} INFO - Started process (PID=3450) to work on /home/airflow/.local/lib/python3.7/site-packages/airflow/example_dags/example_bash_operator.py
[2024-12-03T16:22:23.774+0000] {processor.py:756} INFO - Processing file /home/airflow/.local/lib/python3.7/site-packages/airflow/example_dags/example_bash_operator.py for tasks to queue
[2024-12-03T16:22:23.775+0000] {logging_mixin.py:120} INFO - [2024-12-03T16:22:23.775+0000] {dagbag.py:537} INFO - Filling up the DagBag from /home/airflow/.local/lib/python3.7/site-packages/airflow/example_dags/example_bash_operator.py
[2024-12-03T16:22:23.798+0000] {processor.py:766} INFO - DAG(s) dict_keys(['example_bash_operator']) retrieved from /home/airflow/.local/lib/python3.7/site-packages/airflow/example_dags/example_bash_operator.py
[2024-12-03T16:22:23.859+0000] {logging_mixin.py:120} INFO - [2024-12-03T16:22:23.858+0000] {dag.py:2585} INFO - Sync 1 DAGs
[2024-12-03T16:22:23.892+0000] {logging_mixin.py:120} INFO - [2024-12-03T16:22:23.892+0000] {dag.py:3340} INFO - Setting next_dagrun for example_bash_operator to 2024-12-02T00:00:00+00:00, run_after=2024-12-03T00:00:00+00:00
[2024-12-03T16:22:23.925+0000] {processor.py:176} INFO - Processing /home/airflow/.local/lib/python3.7/site-packages/airflow/example_dags/example_bash_operator.py took 0.156 seconds
[2024-12-03T16:22:54.204+0000] {processor.py:154} INFO - Started process (PID=3514) to work on /home/airflow/.local/lib/python3.7/site-packages/airflow/example_dags/example_bash_operator.py
[2024-12-03T16:22:54.205+0000] {processor.py:756} INFO - Processing file /home/airflow/.local/lib/python3.7/site-packages/airflow/example_dags/example_bash_operator.py for tasks to queue
[2024-12-03T16:22:54.207+0000] {logging_mixin.py:120} INFO - [2024-12-03T16:22:54.206+0000] {dagbag.py:537} INFO - Filling up the DagBag from /home/airflow/.local/lib/python3.7/site-packages/airflow/example_dags/example_bash_operator.py
[2024-12-03T16:22:54.229+0000] {processor.py:766} INFO - DAG(s) dict_keys(['example_bash_operator']) retrieved from /home/airflow/.local/lib/python3.7/site-packages/airflow/example_dags/example_bash_operator.py
[2024-12-03T16:22:54.286+0000] {logging_mixin.py:120} INFO - [2024-12-03T16:22:54.286+0000] {dag.py:2585} INFO - Sync 1 DAGs
[2024-12-03T16:22:54.321+0000] {logging_mixin.py:120} INFO - [2024-12-03T16:22:54.321+0000] {dag.py:3340} INFO - Setting next_dagrun for example_bash_operator to 2024-12-02T00:00:00+00:00, run_after=2024-12-03T00:00:00+00:00
[2024-12-03T16:22:54.358+0000] {processor.py:176} INFO - Processing /home/airflow/.local/lib/python3.7/site-packages/airflow/example_dags/example_bash_operator.py took 0.158 seconds
[2024-12-03T16:23:24.749+0000] {processor.py:154} INFO - Started process (PID=3569) to work on /home/airflow/.local/lib/python3.7/site-packages/airflow/example_dags/example_bash_operator.py
[2024-12-03T16:23:24.750+0000] {processor.py:756} INFO - Processing file /home/airflow/.local/lib/python3.7/site-packages/airflow/example_dags/example_bash_operator.py for tasks to queue
[2024-12-03T16:23:24.751+0000] {logging_mixin.py:120} INFO - [2024-12-03T16:23:24.751+0000] {dagbag.py:537} INFO - Filling up the DagBag from /home/airflow/.local/lib/python3.7/site-packages/airflow/example_dags/example_bash_operator.py
[2024-12-03T16:23:24.776+0000] {processor.py:766} INFO - DAG(s) dict_keys(['example_bash_operator']) retrieved from /home/airflow/.local/lib/python3.7/site-packages/airflow/example_dags/example_bash_operator.py
[2024-12-03T16:23:24.833+0000] {logging_mixin.py:120} INFO - [2024-12-03T16:23:24.833+0000] {dag.py:2585} INFO - Sync 1 DAGs
[2024-12-03T16:23:24.871+0000] {logging_mixin.py:120} INFO - [2024-12-03T16:23:24.871+0000] {dag.py:3340} INFO - Setting next_dagrun for example_bash_operator to 2024-12-02T00:00:00+00:00, run_after=2024-12-03T00:00:00+00:00
[2024-12-03T16:23:24.902+0000] {processor.py:176} INFO - Processing /home/airflow/.local/lib/python3.7/site-packages/airflow/example_dags/example_bash_operator.py took 0.157 seconds
[2024-12-03T16:23:55.491+0000] {processor.py:154} INFO - Started process (PID=3633) to work on /home/airflow/.local/lib/python3.7/site-packages/airflow/example_dags/example_bash_operator.py
[2024-12-03T16:23:55.493+0000] {processor.py:756} INFO - Processing file /home/airflow/.local/lib/python3.7/site-packages/airflow/example_dags/example_bash_operator.py for tasks to queue
[2024-12-03T16:23:55.495+0000] {logging_mixin.py:120} INFO - [2024-12-03T16:23:55.495+0000] {dagbag.py:537} INFO - Filling up the DagBag from /home/airflow/.local/lib/python3.7/site-packages/airflow/example_dags/example_bash_operator.py
[2024-12-03T16:23:55.523+0000] {processor.py:766} INFO - DAG(s) dict_keys(['example_bash_operator']) retrieved from /home/airflow/.local/lib/python3.7/site-packages/airflow/example_dags/example_bash_operator.py
[2024-12-03T16:23:55.597+0000] {logging_mixin.py:120} INFO - [2024-12-03T16:23:55.596+0000] {dag.py:2585} INFO - Sync 1 DAGs
[2024-12-03T16:23:55.639+0000] {logging_mixin.py:120} INFO - [2024-12-03T16:23:55.639+0000] {dag.py:3340} INFO - Setting next_dagrun for example_bash_operator to 2024-12-02T00:00:00+00:00, run_after=2024-12-03T00:00:00+00:00
[2024-12-03T16:23:55.676+0000] {processor.py:176} INFO - Processing /home/airflow/.local/lib/python3.7/site-packages/airflow/example_dags/example_bash_operator.py took 0.189 seconds
[2024-12-03T16:24:25.996+0000] {processor.py:154} INFO - Started process (PID=3701) to work on /home/airflow/.local/lib/python3.7/site-packages/airflow/example_dags/example_bash_operator.py
[2024-12-03T16:24:26.000+0000] {processor.py:756} INFO - Processing file /home/airflow/.local/lib/python3.7/site-packages/airflow/example_dags/example_bash_operator.py for tasks to queue
[2024-12-03T16:24:26.002+0000] {logging_mixin.py:120} INFO - [2024-12-03T16:24:26.002+0000] {dagbag.py:537} INFO - Filling up the DagBag from /home/airflow/.local/lib/python3.7/site-packages/airflow/example_dags/example_bash_operator.py
[2024-12-03T16:24:26.066+0000] {processor.py:766} INFO - DAG(s) dict_keys(['example_bash_operator']) retrieved from /home/airflow/.local/lib/python3.7/site-packages/airflow/example_dags/example_bash_operator.py
[2024-12-03T16:24:26.308+0000] {logging_mixin.py:120} INFO - [2024-12-03T16:24:26.308+0000] {dag.py:2585} INFO - Sync 1 DAGs
[2024-12-03T16:24:26.417+0000] {logging_mixin.py:120} INFO - [2024-12-03T16:24:26.417+0000] {dag.py:3340} INFO - Setting next_dagrun for example_bash_operator to 2024-12-02T00:00:00+00:00, run_after=2024-12-03T00:00:00+00:00
[2024-12-03T16:24:26.492+0000] {processor.py:176} INFO - Processing /home/airflow/.local/lib/python3.7/site-packages/airflow/example_dags/example_bash_operator.py took 0.506 seconds
[2024-12-03T16:24:56.823+0000] {processor.py:154} INFO - Started process (PID=3765) to work on /home/airflow/.local/lib/python3.7/site-packages/airflow/example_dags/example_bash_operator.py
[2024-12-03T16:24:56.825+0000] {processor.py:756} INFO - Processing file /home/airflow/.local/lib/python3.7/site-packages/airflow/example_dags/example_bash_operator.py for tasks to queue
[2024-12-03T16:24:56.827+0000] {logging_mixin.py:120} INFO - [2024-12-03T16:24:56.827+0000] {dagbag.py:537} INFO - Filling up the DagBag from /home/airflow/.local/lib/python3.7/site-packages/airflow/example_dags/example_bash_operator.py
[2024-12-03T16:24:56.872+0000] {processor.py:766} INFO - DAG(s) dict_keys(['example_bash_operator']) retrieved from /home/airflow/.local/lib/python3.7/site-packages/airflow/example_dags/example_bash_operator.py
[2024-12-03T16:24:56.965+0000] {logging_mixin.py:120} INFO - [2024-12-03T16:24:56.964+0000] {dag.py:2585} INFO - Sync 1 DAGs
[2024-12-03T16:24:57.006+0000] {logging_mixin.py:120} INFO - [2024-12-03T16:24:57.006+0000] {dag.py:3340} INFO - Setting next_dagrun for example_bash_operator to 2024-12-02T00:00:00+00:00, run_after=2024-12-03T00:00:00+00:00
[2024-12-03T16:24:57.050+0000] {processor.py:176} INFO - Processing /home/airflow/.local/lib/python3.7/site-packages/airflow/example_dags/example_bash_operator.py took 0.233 seconds
[2024-12-03T16:25:28.161+0000] {processor.py:154} INFO - Started process (PID=3841) to work on /home/airflow/.local/lib/python3.7/site-packages/airflow/example_dags/example_bash_operator.py
[2024-12-03T16:25:28.164+0000] {processor.py:756} INFO - Processing file /home/airflow/.local/lib/python3.7/site-packages/airflow/example_dags/example_bash_operator.py for tasks to queue
[2024-12-03T16:25:28.166+0000] {logging_mixin.py:120} INFO - [2024-12-03T16:25:28.166+0000] {dagbag.py:537} INFO - Filling up the DagBag from /home/airflow/.local/lib/python3.7/site-packages/airflow/example_dags/example_bash_operator.py
[2024-12-03T16:25:28.218+0000] {processor.py:766} INFO - DAG(s) dict_keys(['example_bash_operator']) retrieved from /home/airflow/.local/lib/python3.7/site-packages/airflow/example_dags/example_bash_operator.py
[2024-12-03T16:25:28.368+0000] {logging_mixin.py:120} INFO - [2024-12-03T16:25:28.367+0000] {dag.py:2585} INFO - Sync 1 DAGs
[2024-12-03T16:25:28.445+0000] {logging_mixin.py:120} INFO - [2024-12-03T16:25:28.445+0000] {dag.py:3340} INFO - Setting next_dagrun for example_bash_operator to 2024-12-02T00:00:00+00:00, run_after=2024-12-03T00:00:00+00:00
[2024-12-03T16:25:28.518+0000] {processor.py:176} INFO - Processing /home/airflow/.local/lib/python3.7/site-packages/airflow/example_dags/example_bash_operator.py took 0.364 seconds
[2024-12-03T16:25:59.244+0000] {processor.py:154} INFO - Started process (PID=3898) to work on /home/airflow/.local/lib/python3.7/site-packages/airflow/example_dags/example_bash_operator.py
[2024-12-03T16:25:59.248+0000] {processor.py:756} INFO - Processing file /home/airflow/.local/lib/python3.7/site-packages/airflow/example_dags/example_bash_operator.py for tasks to queue
[2024-12-03T16:25:59.253+0000] {logging_mixin.py:120} INFO - [2024-12-03T16:25:59.253+0000] {dagbag.py:537} INFO - Filling up the DagBag from /home/airflow/.local/lib/python3.7/site-packages/airflow/example_dags/example_bash_operator.py
[2024-12-03T16:25:59.296+0000] {processor.py:766} INFO - DAG(s) dict_keys(['example_bash_operator']) retrieved from /home/airflow/.local/lib/python3.7/site-packages/airflow/example_dags/example_bash_operator.py
[2024-12-03T16:25:59.365+0000] {logging_mixin.py:120} INFO - [2024-12-03T16:25:59.365+0000] {dag.py:2585} INFO - Sync 1 DAGs
[2024-12-03T16:25:59.403+0000] {logging_mixin.py:120} INFO - [2024-12-03T16:25:59.403+0000] {dag.py:3340} INFO - Setting next_dagrun for example_bash_operator to 2024-12-02T00:00:00+00:00, run_after=2024-12-03T00:00:00+00:00
[2024-12-03T16:25:59.441+0000] {processor.py:176} INFO - Processing /home/airflow/.local/lib/python3.7/site-packages/airflow/example_dags/example_bash_operator.py took 0.206 seconds
[2024-12-03T16:26:29.942+0000] {processor.py:154} INFO - Started process (PID=3962) to work on /home/airflow/.local/lib/python3.7/site-packages/airflow/example_dags/example_bash_operator.py
[2024-12-03T16:26:29.943+0000] {processor.py:756} INFO - Processing file /home/airflow/.local/lib/python3.7/site-packages/airflow/example_dags/example_bash_operator.py for tasks to queue
[2024-12-03T16:26:29.945+0000] {logging_mixin.py:120} INFO - [2024-12-03T16:26:29.945+0000] {dagbag.py:537} INFO - Filling up the DagBag from /home/airflow/.local/lib/python3.7/site-packages/airflow/example_dags/example_bash_operator.py
[2024-12-03T16:26:29.978+0000] {processor.py:766} INFO - DAG(s) dict_keys(['example_bash_operator']) retrieved from /home/airflow/.local/lib/python3.7/site-packages/airflow/example_dags/example_bash_operator.py
[2024-12-03T16:26:30.056+0000] {logging_mixin.py:120} INFO - [2024-12-03T16:26:30.056+0000] {dag.py:2585} INFO - Sync 1 DAGs
[2024-12-03T16:26:30.096+0000] {logging_mixin.py:120} INFO - [2024-12-03T16:26:30.096+0000] {dag.py:3340} INFO - Setting next_dagrun for example_bash_operator to 2024-12-02T00:00:00+00:00, run_after=2024-12-03T00:00:00+00:00
[2024-12-03T16:26:30.135+0000] {processor.py:176} INFO - Processing /home/airflow/.local/lib/python3.7/site-packages/airflow/example_dags/example_bash_operator.py took 0.197 seconds
[2024-12-03T16:27:00.535+0000] {processor.py:154} INFO - Started process (PID=4017) to work on /home/airflow/.local/lib/python3.7/site-packages/airflow/example_dags/example_bash_operator.py
[2024-12-03T16:27:00.536+0000] {processor.py:756} INFO - Processing file /home/airflow/.local/lib/python3.7/site-packages/airflow/example_dags/example_bash_operator.py for tasks to queue
[2024-12-03T16:27:00.537+0000] {logging_mixin.py:120} INFO - [2024-12-03T16:27:00.537+0000] {dagbag.py:537} INFO - Filling up the DagBag from /home/airflow/.local/lib/python3.7/site-packages/airflow/example_dags/example_bash_operator.py
[2024-12-03T16:27:00.568+0000] {processor.py:766} INFO - DAG(s) dict_keys(['example_bash_operator']) retrieved from /home/airflow/.local/lib/python3.7/site-packages/airflow/example_dags/example_bash_operator.py
[2024-12-03T16:27:00.626+0000] {logging_mixin.py:120} INFO - [2024-12-03T16:27:00.626+0000] {dag.py:2585} INFO - Sync 1 DAGs
[2024-12-03T16:27:00.663+0000] {logging_mixin.py:120} INFO - [2024-12-03T16:27:00.662+0000] {dag.py:3340} INFO - Setting next_dagrun for example_bash_operator to 2024-12-02T00:00:00+00:00, run_after=2024-12-03T00:00:00+00:00
[2024-12-03T16:27:00.695+0000] {processor.py:176} INFO - Processing /home/airflow/.local/lib/python3.7/site-packages/airflow/example_dags/example_bash_operator.py took 0.164 seconds
[2024-12-03T16:27:30.771+0000] {processor.py:154} INFO - Started process (PID=4081) to work on /home/airflow/.local/lib/python3.7/site-packages/airflow/example_dags/example_bash_operator.py
[2024-12-03T16:27:30.774+0000] {processor.py:756} INFO - Processing file /home/airflow/.local/lib/python3.7/site-packages/airflow/example_dags/example_bash_operator.py for tasks to queue
[2024-12-03T16:27:30.776+0000] {logging_mixin.py:120} INFO - [2024-12-03T16:27:30.776+0000] {dagbag.py:537} INFO - Filling up the DagBag from /home/airflow/.local/lib/python3.7/site-packages/airflow/example_dags/example_bash_operator.py
[2024-12-03T16:27:30.805+0000] {processor.py:766} INFO - DAG(s) dict_keys(['example_bash_operator']) retrieved from /home/airflow/.local/lib/python3.7/site-packages/airflow/example_dags/example_bash_operator.py
[2024-12-03T16:27:30.865+0000] {logging_mixin.py:120} INFO - [2024-12-03T16:27:30.864+0000] {dag.py:2585} INFO - Sync 1 DAGs
[2024-12-03T16:27:30.901+0000] {logging_mixin.py:120} INFO - [2024-12-03T16:27:30.900+0000] {dag.py:3340} INFO - Setting next_dagrun for example_bash_operator to 2024-12-02T00:00:00+00:00, run_after=2024-12-03T00:00:00+00:00
[2024-12-03T16:27:30.933+0000] {processor.py:176} INFO - Processing /home/airflow/.local/lib/python3.7/site-packages/airflow/example_dags/example_bash_operator.py took 0.167 seconds
[2024-12-03T16:28:01.338+0000] {processor.py:154} INFO - Started process (PID=4136) to work on /home/airflow/.local/lib/python3.7/site-packages/airflow/example_dags/example_bash_operator.py
[2024-12-03T16:28:01.340+0000] {processor.py:756} INFO - Processing file /home/airflow/.local/lib/python3.7/site-packages/airflow/example_dags/example_bash_operator.py for tasks to queue
[2024-12-03T16:28:01.341+0000] {logging_mixin.py:120} INFO - [2024-12-03T16:28:01.341+0000] {dagbag.py:537} INFO - Filling up the DagBag from /home/airflow/.local/lib/python3.7/site-packages/airflow/example_dags/example_bash_operator.py
[2024-12-03T16:28:01.364+0000] {processor.py:766} INFO - DAG(s) dict_keys(['example_bash_operator']) retrieved from /home/airflow/.local/lib/python3.7/site-packages/airflow/example_dags/example_bash_operator.py
[2024-12-03T16:28:01.423+0000] {logging_mixin.py:120} INFO - [2024-12-03T16:28:01.423+0000] {dag.py:2585} INFO - Sync 1 DAGs
[2024-12-03T16:28:01.456+0000] {logging_mixin.py:120} INFO - [2024-12-03T16:28:01.456+0000] {dag.py:3340} INFO - Setting next_dagrun for example_bash_operator to 2024-12-02T00:00:00+00:00, run_after=2024-12-03T00:00:00+00:00
[2024-12-03T16:28:01.491+0000] {processor.py:176} INFO - Processing /home/airflow/.local/lib/python3.7/site-packages/airflow/example_dags/example_bash_operator.py took 0.158 seconds
[2024-12-03T16:28:31.978+0000] {processor.py:154} INFO - Started process (PID=4200) to work on /home/airflow/.local/lib/python3.7/site-packages/airflow/example_dags/example_bash_operator.py
[2024-12-03T16:28:31.980+0000] {processor.py:756} INFO - Processing file /home/airflow/.local/lib/python3.7/site-packages/airflow/example_dags/example_bash_operator.py for tasks to queue
[2024-12-03T16:28:31.981+0000] {logging_mixin.py:120} INFO - [2024-12-03T16:28:31.981+0000] {dagbag.py:537} INFO - Filling up the DagBag from /home/airflow/.local/lib/python3.7/site-packages/airflow/example_dags/example_bash_operator.py
[2024-12-03T16:28:32.022+0000] {processor.py:766} INFO - DAG(s) dict_keys(['example_bash_operator']) retrieved from /home/airflow/.local/lib/python3.7/site-packages/airflow/example_dags/example_bash_operator.py
[2024-12-03T16:28:32.134+0000] {logging_mixin.py:120} INFO - [2024-12-03T16:28:32.134+0000] {dag.py:2585} INFO - Sync 1 DAGs
[2024-12-03T16:28:32.183+0000] {logging_mixin.py:120} INFO - [2024-12-03T16:28:32.183+0000] {dag.py:3340} INFO - Setting next_dagrun for example_bash_operator to 2024-12-02T00:00:00+00:00, run_after=2024-12-03T00:00:00+00:00
[2024-12-03T16:28:32.224+0000] {processor.py:176} INFO - Processing /home/airflow/.local/lib/python3.7/site-packages/airflow/example_dags/example_bash_operator.py took 0.249 seconds
[2024-12-03T16:29:03.307+0000] {processor.py:154} INFO - Started process (PID=4261) to work on /home/airflow/.local/lib/python3.7/site-packages/airflow/example_dags/example_bash_operator.py
[2024-12-03T16:29:03.309+0000] {processor.py:756} INFO - Processing file /home/airflow/.local/lib/python3.7/site-packages/airflow/example_dags/example_bash_operator.py for tasks to queue
[2024-12-03T16:29:03.311+0000] {logging_mixin.py:120} INFO - [2024-12-03T16:29:03.311+0000] {dagbag.py:537} INFO - Filling up the DagBag from /home/airflow/.local/lib/python3.7/site-packages/airflow/example_dags/example_bash_operator.py
[2024-12-03T16:29:03.353+0000] {processor.py:766} INFO - DAG(s) dict_keys(['example_bash_operator']) retrieved from /home/airflow/.local/lib/python3.7/site-packages/airflow/example_dags/example_bash_operator.py
[2024-12-03T16:29:03.453+0000] {logging_mixin.py:120} INFO - [2024-12-03T16:29:03.453+0000] {dag.py:2585} INFO - Sync 1 DAGs
[2024-12-03T16:29:03.514+0000] {logging_mixin.py:120} INFO - [2024-12-03T16:29:03.513+0000] {dag.py:3340} INFO - Setting next_dagrun for example_bash_operator to 2024-12-02T00:00:00+00:00, run_after=2024-12-03T00:00:00+00:00
[2024-12-03T16:29:03.569+0000] {processor.py:176} INFO - Processing /home/airflow/.local/lib/python3.7/site-packages/airflow/example_dags/example_bash_operator.py took 0.272 seconds
[2024-12-03T16:29:34.532+0000] {processor.py:154} INFO - Started process (PID=4330) to work on /home/airflow/.local/lib/python3.7/site-packages/airflow/example_dags/example_bash_operator.py
[2024-12-03T16:29:34.535+0000] {processor.py:756} INFO - Processing file /home/airflow/.local/lib/python3.7/site-packages/airflow/example_dags/example_bash_operator.py for tasks to queue
[2024-12-03T16:29:34.540+0000] {logging_mixin.py:120} INFO - [2024-12-03T16:29:34.539+0000] {dagbag.py:537} INFO - Filling up the DagBag from /home/airflow/.local/lib/python3.7/site-packages/airflow/example_dags/example_bash_operator.py
[2024-12-03T16:29:34.586+0000] {processor.py:766} INFO - DAG(s) dict_keys(['example_bash_operator']) retrieved from /home/airflow/.local/lib/python3.7/site-packages/airflow/example_dags/example_bash_operator.py
[2024-12-03T16:29:34.693+0000] {logging_mixin.py:120} INFO - [2024-12-03T16:29:34.693+0000] {dag.py:2585} INFO - Sync 1 DAGs
[2024-12-03T16:29:34.768+0000] {logging_mixin.py:120} INFO - [2024-12-03T16:29:34.768+0000] {dag.py:3340} INFO - Setting next_dagrun for example_bash_operator to 2024-12-02T00:00:00+00:00, run_after=2024-12-03T00:00:00+00:00
[2024-12-03T16:29:34.816+0000] {processor.py:176} INFO - Processing /home/airflow/.local/lib/python3.7/site-packages/airflow/example_dags/example_bash_operator.py took 0.292 seconds
[2024-12-03T16:30:05.053+0000] {processor.py:154} INFO - Started process (PID=4386) to work on /home/airflow/.local/lib/python3.7/site-packages/airflow/example_dags/example_bash_operator.py
[2024-12-03T16:30:05.054+0000] {processor.py:756} INFO - Processing file /home/airflow/.local/lib/python3.7/site-packages/airflow/example_dags/example_bash_operator.py for tasks to queue
[2024-12-03T16:30:05.055+0000] {logging_mixin.py:120} INFO - [2024-12-03T16:30:05.055+0000] {dagbag.py:537} INFO - Filling up the DagBag from /home/airflow/.local/lib/python3.7/site-packages/airflow/example_dags/example_bash_operator.py
[2024-12-03T16:30:05.083+0000] {processor.py:766} INFO - DAG(s) dict_keys(['example_bash_operator']) retrieved from /home/airflow/.local/lib/python3.7/site-packages/airflow/example_dags/example_bash_operator.py
[2024-12-03T16:30:05.153+0000] {logging_mixin.py:120} INFO - [2024-12-03T16:30:05.152+0000] {dag.py:2585} INFO - Sync 1 DAGs
[2024-12-03T16:30:05.192+0000] {logging_mixin.py:120} INFO - [2024-12-03T16:30:05.192+0000] {dag.py:3340} INFO - Setting next_dagrun for example_bash_operator to 2024-12-02T00:00:00+00:00, run_after=2024-12-03T00:00:00+00:00
[2024-12-03T16:30:05.231+0000] {processor.py:176} INFO - Processing /home/airflow/.local/lib/python3.7/site-packages/airflow/example_dags/example_bash_operator.py took 0.182 seconds
[2024-12-03T16:30:36.054+0000] {processor.py:154} INFO - Started process (PID=4471) to work on /home/airflow/.local/lib/python3.7/site-packages/airflow/example_dags/example_bash_operator.py
[2024-12-03T16:30:36.056+0000] {processor.py:756} INFO - Processing file /home/airflow/.local/lib/python3.7/site-packages/airflow/example_dags/example_bash_operator.py for tasks to queue
[2024-12-03T16:30:36.058+0000] {logging_mixin.py:120} INFO - [2024-12-03T16:30:36.058+0000] {dagbag.py:537} INFO - Filling up the DagBag from /home/airflow/.local/lib/python3.7/site-packages/airflow/example_dags/example_bash_operator.py
[2024-12-03T16:30:36.092+0000] {processor.py:766} INFO - DAG(s) dict_keys(['example_bash_operator']) retrieved from /home/airflow/.local/lib/python3.7/site-packages/airflow/example_dags/example_bash_operator.py
[2024-12-03T16:30:36.171+0000] {logging_mixin.py:120} INFO - [2024-12-03T16:30:36.170+0000] {dag.py:2585} INFO - Sync 1 DAGs
[2024-12-03T16:30:36.223+0000] {logging_mixin.py:120} INFO - [2024-12-03T16:30:36.223+0000] {dag.py:3340} INFO - Setting next_dagrun for example_bash_operator to 2024-12-02T00:00:00+00:00, run_after=2024-12-03T00:00:00+00:00
[2024-12-03T16:30:36.269+0000] {processor.py:176} INFO - Processing /home/airflow/.local/lib/python3.7/site-packages/airflow/example_dags/example_bash_operator.py took 0.220 seconds
[2024-12-03T16:31:06.536+0000] {processor.py:154} INFO - Started process (PID=4526) to work on /home/airflow/.local/lib/python3.7/site-packages/airflow/example_dags/example_bash_operator.py
[2024-12-03T16:31:06.537+0000] {processor.py:756} INFO - Processing file /home/airflow/.local/lib/python3.7/site-packages/airflow/example_dags/example_bash_operator.py for tasks to queue
[2024-12-03T16:31:06.539+0000] {logging_mixin.py:120} INFO - [2024-12-03T16:31:06.539+0000] {dagbag.py:537} INFO - Filling up the DagBag from /home/airflow/.local/lib/python3.7/site-packages/airflow/example_dags/example_bash_operator.py
[2024-12-03T16:31:06.578+0000] {processor.py:766} INFO - DAG(s) dict_keys(['example_bash_operator']) retrieved from /home/airflow/.local/lib/python3.7/site-packages/airflow/example_dags/example_bash_operator.py
[2024-12-03T16:31:06.669+0000] {logging_mixin.py:120} INFO - [2024-12-03T16:31:06.668+0000] {dag.py:2585} INFO - Sync 1 DAGs
[2024-12-03T16:31:06.706+0000] {logging_mixin.py:120} INFO - [2024-12-03T16:31:06.706+0000] {dag.py:3340} INFO - Setting next_dagrun for example_bash_operator to 2024-12-02T00:00:00+00:00, run_after=2024-12-03T00:00:00+00:00
[2024-12-03T16:31:06.738+0000] {processor.py:176} INFO - Processing /home/airflow/.local/lib/python3.7/site-packages/airflow/example_dags/example_bash_operator.py took 0.206 seconds
[2024-12-03T16:31:36.826+0000] {processor.py:154} INFO - Started process (PID=4590) to work on /home/airflow/.local/lib/python3.7/site-packages/airflow/example_dags/example_bash_operator.py
[2024-12-03T16:31:36.828+0000] {processor.py:756} INFO - Processing file /home/airflow/.local/lib/python3.7/site-packages/airflow/example_dags/example_bash_operator.py for tasks to queue
[2024-12-03T16:31:36.829+0000] {logging_mixin.py:120} INFO - [2024-12-03T16:31:36.829+0000] {dagbag.py:537} INFO - Filling up the DagBag from /home/airflow/.local/lib/python3.7/site-packages/airflow/example_dags/example_bash_operator.py
[2024-12-03T16:31:36.857+0000] {processor.py:766} INFO - DAG(s) dict_keys(['example_bash_operator']) retrieved from /home/airflow/.local/lib/python3.7/site-packages/airflow/example_dags/example_bash_operator.py
[2024-12-03T16:31:36.925+0000] {logging_mixin.py:120} INFO - [2024-12-03T16:31:36.924+0000] {dag.py:2585} INFO - Sync 1 DAGs
[2024-12-03T16:31:36.968+0000] {logging_mixin.py:120} INFO - [2024-12-03T16:31:36.968+0000] {dag.py:3340} INFO - Setting next_dagrun for example_bash_operator to 2024-12-02T00:00:00+00:00, run_after=2024-12-03T00:00:00+00:00
[2024-12-03T16:31:37.005+0000] {processor.py:176} INFO - Processing /home/airflow/.local/lib/python3.7/site-packages/airflow/example_dags/example_bash_operator.py took 0.182 seconds
[2024-12-03T16:32:07.302+0000] {processor.py:154} INFO - Started process (PID=4646) to work on /home/airflow/.local/lib/python3.7/site-packages/airflow/example_dags/example_bash_operator.py
[2024-12-03T16:32:07.304+0000] {processor.py:756} INFO - Processing file /home/airflow/.local/lib/python3.7/site-packages/airflow/example_dags/example_bash_operator.py for tasks to queue
[2024-12-03T16:32:07.306+0000] {logging_mixin.py:120} INFO - [2024-12-03T16:32:07.306+0000] {dagbag.py:537} INFO - Filling up the DagBag from /home/airflow/.local/lib/python3.7/site-packages/airflow/example_dags/example_bash_operator.py
[2024-12-03T16:32:07.337+0000] {processor.py:766} INFO - DAG(s) dict_keys(['example_bash_operator']) retrieved from /home/airflow/.local/lib/python3.7/site-packages/airflow/example_dags/example_bash_operator.py
[2024-12-03T16:32:07.406+0000] {logging_mixin.py:120} INFO - [2024-12-03T16:32:07.406+0000] {dag.py:2585} INFO - Sync 1 DAGs
[2024-12-03T16:32:07.447+0000] {logging_mixin.py:120} INFO - [2024-12-03T16:32:07.446+0000] {dag.py:3340} INFO - Setting next_dagrun for example_bash_operator to 2024-12-02T00:00:00+00:00, run_after=2024-12-03T00:00:00+00:00
[2024-12-03T16:32:07.485+0000] {processor.py:176} INFO - Processing /home/airflow/.local/lib/python3.7/site-packages/airflow/example_dags/example_bash_operator.py took 0.186 seconds
[2024-12-03T16:32:38.192+0000] {processor.py:154} INFO - Started process (PID=4710) to work on /home/airflow/.local/lib/python3.7/site-packages/airflow/example_dags/example_bash_operator.py
[2024-12-03T16:32:38.194+0000] {processor.py:756} INFO - Processing file /home/airflow/.local/lib/python3.7/site-packages/airflow/example_dags/example_bash_operator.py for tasks to queue
[2024-12-03T16:32:38.195+0000] {logging_mixin.py:120} INFO - [2024-12-03T16:32:38.195+0000] {dagbag.py:537} INFO - Filling up the DagBag from /home/airflow/.local/lib/python3.7/site-packages/airflow/example_dags/example_bash_operator.py
[2024-12-03T16:32:38.244+0000] {processor.py:766} INFO - DAG(s) dict_keys(['example_bash_operator']) retrieved from /home/airflow/.local/lib/python3.7/site-packages/airflow/example_dags/example_bash_operator.py
[2024-12-03T16:32:38.334+0000] {logging_mixin.py:120} INFO - [2024-12-03T16:32:38.334+0000] {dag.py:2585} INFO - Sync 1 DAGs
[2024-12-03T16:32:38.387+0000] {logging_mixin.py:120} INFO - [2024-12-03T16:32:38.387+0000] {dag.py:3340} INFO - Setting next_dagrun for example_bash_operator to 2024-12-02T00:00:00+00:00, run_after=2024-12-03T00:00:00+00:00
[2024-12-03T16:32:38.424+0000] {processor.py:176} INFO - Processing /home/airflow/.local/lib/python3.7/site-packages/airflow/example_dags/example_bash_operator.py took 0.240 seconds
[2024-12-03T16:33:08.980+0000] {processor.py:154} INFO - Started process (PID=4765) to work on /home/airflow/.local/lib/python3.7/site-packages/airflow/example_dags/example_bash_operator.py
[2024-12-03T16:33:08.981+0000] {processor.py:756} INFO - Processing file /home/airflow/.local/lib/python3.7/site-packages/airflow/example_dags/example_bash_operator.py for tasks to queue
[2024-12-03T16:33:08.983+0000] {logging_mixin.py:120} INFO - [2024-12-03T16:33:08.983+0000] {dagbag.py:537} INFO - Filling up the DagBag from /home/airflow/.local/lib/python3.7/site-packages/airflow/example_dags/example_bash_operator.py
[2024-12-03T16:33:09.023+0000] {processor.py:766} INFO - DAG(s) dict_keys(['example_bash_operator']) retrieved from /home/airflow/.local/lib/python3.7/site-packages/airflow/example_dags/example_bash_operator.py
[2024-12-03T16:33:09.084+0000] {logging_mixin.py:120} INFO - [2024-12-03T16:33:09.084+0000] {dag.py:2585} INFO - Sync 1 DAGs
[2024-12-03T16:33:09.120+0000] {logging_mixin.py:120} INFO - [2024-12-03T16:33:09.120+0000] {dag.py:3340} INFO - Setting next_dagrun for example_bash_operator to 2024-12-02T00:00:00+00:00, run_after=2024-12-03T00:00:00+00:00
[2024-12-03T16:33:09.153+0000] {processor.py:176} INFO - Processing /home/airflow/.local/lib/python3.7/site-packages/airflow/example_dags/example_bash_operator.py took 0.177 seconds
[2024-12-03T16:33:40.634+0000] {processor.py:154} INFO - Started process (PID=4829) to work on /home/airflow/.local/lib/python3.7/site-packages/airflow/example_dags/example_bash_operator.py
[2024-12-03T16:33:40.636+0000] {processor.py:756} INFO - Processing file /home/airflow/.local/lib/python3.7/site-packages/airflow/example_dags/example_bash_operator.py for tasks to queue
[2024-12-03T16:33:40.638+0000] {logging_mixin.py:120} INFO - [2024-12-03T16:33:40.638+0000] {dagbag.py:537} INFO - Filling up the DagBag from /home/airflow/.local/lib/python3.7/site-packages/airflow/example_dags/example_bash_operator.py
[2024-12-03T16:33:40.696+0000] {processor.py:766} INFO - DAG(s) dict_keys(['example_bash_operator']) retrieved from /home/airflow/.local/lib/python3.7/site-packages/airflow/example_dags/example_bash_operator.py
[2024-12-03T16:33:40.803+0000] {logging_mixin.py:120} INFO - [2024-12-03T16:33:40.803+0000] {dag.py:2585} INFO - Sync 1 DAGs
[2024-12-03T16:33:40.864+0000] {logging_mixin.py:120} INFO - [2024-12-03T16:33:40.863+0000] {dag.py:3340} INFO - Setting next_dagrun for example_bash_operator to 2024-12-02T00:00:00+00:00, run_after=2024-12-03T00:00:00+00:00
[2024-12-03T16:33:40.906+0000] {processor.py:176} INFO - Processing /home/airflow/.local/lib/python3.7/site-packages/airflow/example_dags/example_bash_operator.py took 0.276 seconds
[2024-12-03T16:34:11.403+0000] {processor.py:154} INFO - Started process (PID=4884) to work on /home/airflow/.local/lib/python3.7/site-packages/airflow/example_dags/example_bash_operator.py
[2024-12-03T16:34:11.405+0000] {processor.py:756} INFO - Processing file /home/airflow/.local/lib/python3.7/site-packages/airflow/example_dags/example_bash_operator.py for tasks to queue
[2024-12-03T16:34:11.407+0000] {logging_mixin.py:120} INFO - [2024-12-03T16:34:11.407+0000] {dagbag.py:537} INFO - Filling up the DagBag from /home/airflow/.local/lib/python3.7/site-packages/airflow/example_dags/example_bash_operator.py
[2024-12-03T16:34:11.450+0000] {processor.py:766} INFO - DAG(s) dict_keys(['example_bash_operator']) retrieved from /home/airflow/.local/lib/python3.7/site-packages/airflow/example_dags/example_bash_operator.py
[2024-12-03T16:34:11.535+0000] {logging_mixin.py:120} INFO - [2024-12-03T16:34:11.534+0000] {dag.py:2585} INFO - Sync 1 DAGs
[2024-12-03T16:34:11.590+0000] {logging_mixin.py:120} INFO - [2024-12-03T16:34:11.589+0000] {dag.py:3340} INFO - Setting next_dagrun for example_bash_operator to 2024-12-02T00:00:00+00:00, run_after=2024-12-03T00:00:00+00:00
[2024-12-03T16:34:11.644+0000] {processor.py:176} INFO - Processing /home/airflow/.local/lib/python3.7/site-packages/airflow/example_dags/example_bash_operator.py took 0.249 seconds
[2024-12-03T16:34:42.927+0000] {processor.py:154} INFO - Started process (PID=4956) to work on /home/airflow/.local/lib/python3.7/site-packages/airflow/example_dags/example_bash_operator.py
[2024-12-03T16:34:42.929+0000] {processor.py:756} INFO - Processing file /home/airflow/.local/lib/python3.7/site-packages/airflow/example_dags/example_bash_operator.py for tasks to queue
[2024-12-03T16:34:42.932+0000] {logging_mixin.py:120} INFO - [2024-12-03T16:34:42.931+0000] {dagbag.py:537} INFO - Filling up the DagBag from /home/airflow/.local/lib/python3.7/site-packages/airflow/example_dags/example_bash_operator.py
[2024-12-03T16:34:43.006+0000] {processor.py:766} INFO - DAG(s) dict_keys(['example_bash_operator']) retrieved from /home/airflow/.local/lib/python3.7/site-packages/airflow/example_dags/example_bash_operator.py
[2024-12-03T16:34:43.174+0000] {logging_mixin.py:120} INFO - [2024-12-03T16:34:43.174+0000] {dag.py:2585} INFO - Sync 1 DAGs
[2024-12-03T16:34:43.283+0000] {logging_mixin.py:120} INFO - [2024-12-03T16:34:43.283+0000] {dag.py:3340} INFO - Setting next_dagrun for example_bash_operator to 2024-12-02T00:00:00+00:00, run_after=2024-12-03T00:00:00+00:00
[2024-12-03T16:34:43.403+0000] {processor.py:176} INFO - Processing /home/airflow/.local/lib/python3.7/site-packages/airflow/example_dags/example_bash_operator.py took 0.508 seconds
[2024-12-03T16:35:13.619+0000] {processor.py:154} INFO - Started process (PID=5013) to work on /home/airflow/.local/lib/python3.7/site-packages/airflow/example_dags/example_bash_operator.py
[2024-12-03T16:35:13.621+0000] {processor.py:756} INFO - Processing file /home/airflow/.local/lib/python3.7/site-packages/airflow/example_dags/example_bash_operator.py for tasks to queue
[2024-12-03T16:35:13.622+0000] {logging_mixin.py:120} INFO - [2024-12-03T16:35:13.622+0000] {dagbag.py:537} INFO - Filling up the DagBag from /home/airflow/.local/lib/python3.7/site-packages/airflow/example_dags/example_bash_operator.py
[2024-12-03T16:35:13.657+0000] {processor.py:766} INFO - DAG(s) dict_keys(['example_bash_operator']) retrieved from /home/airflow/.local/lib/python3.7/site-packages/airflow/example_dags/example_bash_operator.py
[2024-12-03T16:35:13.741+0000] {logging_mixin.py:120} INFO - [2024-12-03T16:35:13.740+0000] {dag.py:2585} INFO - Sync 1 DAGs
[2024-12-03T16:35:13.805+0000] {logging_mixin.py:120} INFO - [2024-12-03T16:35:13.805+0000] {dag.py:3340} INFO - Setting next_dagrun for example_bash_operator to 2024-12-02T00:00:00+00:00, run_after=2024-12-03T00:00:00+00:00
[2024-12-03T16:35:13.893+0000] {processor.py:176} INFO - Processing /home/airflow/.local/lib/python3.7/site-packages/airflow/example_dags/example_bash_operator.py took 0.280 seconds
[2024-12-03T16:35:44.369+0000] {processor.py:154} INFO - Started process (PID=5072) to work on /home/airflow/.local/lib/python3.7/site-packages/airflow/example_dags/example_bash_operator.py
[2024-12-03T16:35:44.371+0000] {processor.py:756} INFO - Processing file /home/airflow/.local/lib/python3.7/site-packages/airflow/example_dags/example_bash_operator.py for tasks to queue
[2024-12-03T16:35:44.373+0000] {logging_mixin.py:120} INFO - [2024-12-03T16:35:44.373+0000] {dagbag.py:537} INFO - Filling up the DagBag from /home/airflow/.local/lib/python3.7/site-packages/airflow/example_dags/example_bash_operator.py
[2024-12-03T16:35:44.416+0000] {processor.py:766} INFO - DAG(s) dict_keys(['example_bash_operator']) retrieved from /home/airflow/.local/lib/python3.7/site-packages/airflow/example_dags/example_bash_operator.py
[2024-12-03T16:35:44.525+0000] {logging_mixin.py:120} INFO - [2024-12-03T16:35:44.525+0000] {dag.py:2585} INFO - Sync 1 DAGs
[2024-12-03T16:35:44.619+0000] {logging_mixin.py:120} INFO - [2024-12-03T16:35:44.619+0000] {dag.py:3340} INFO - Setting next_dagrun for example_bash_operator to 2024-12-02T00:00:00+00:00, run_after=2024-12-03T00:00:00+00:00
[2024-12-03T16:35:44.695+0000] {processor.py:176} INFO - Processing /home/airflow/.local/lib/python3.7/site-packages/airflow/example_dags/example_bash_operator.py took 0.333 seconds
[2024-12-03T16:36:15.551+0000] {processor.py:154} INFO - Started process (PID=5141) to work on /home/airflow/.local/lib/python3.7/site-packages/airflow/example_dags/example_bash_operator.py
[2024-12-03T16:36:15.553+0000] {processor.py:756} INFO - Processing file /home/airflow/.local/lib/python3.7/site-packages/airflow/example_dags/example_bash_operator.py for tasks to queue
[2024-12-03T16:36:15.555+0000] {logging_mixin.py:120} INFO - [2024-12-03T16:36:15.554+0000] {dagbag.py:537} INFO - Filling up the DagBag from /home/airflow/.local/lib/python3.7/site-packages/airflow/example_dags/example_bash_operator.py
[2024-12-03T16:36:15.596+0000] {processor.py:766} INFO - DAG(s) dict_keys(['example_bash_operator']) retrieved from /home/airflow/.local/lib/python3.7/site-packages/airflow/example_dags/example_bash_operator.py
[2024-12-03T16:36:15.679+0000] {logging_mixin.py:120} INFO - [2024-12-03T16:36:15.679+0000] {dag.py:2585} INFO - Sync 1 DAGs
[2024-12-03T16:36:15.722+0000] {logging_mixin.py:120} INFO - [2024-12-03T16:36:15.721+0000] {dag.py:3340} INFO - Setting next_dagrun for example_bash_operator to 2024-12-02T00:00:00+00:00, run_after=2024-12-03T00:00:00+00:00
[2024-12-03T16:36:15.765+0000] {processor.py:176} INFO - Processing /home/airflow/.local/lib/python3.7/site-packages/airflow/example_dags/example_bash_operator.py took 0.218 seconds
[2024-12-03T16:36:45.987+0000] {processor.py:154} INFO - Started process (PID=5196) to work on /home/airflow/.local/lib/python3.7/site-packages/airflow/example_dags/example_bash_operator.py
[2024-12-03T16:36:45.990+0000] {processor.py:756} INFO - Processing file /home/airflow/.local/lib/python3.7/site-packages/airflow/example_dags/example_bash_operator.py for tasks to queue
[2024-12-03T16:36:45.991+0000] {logging_mixin.py:120} INFO - [2024-12-03T16:36:45.991+0000] {dagbag.py:537} INFO - Filling up the DagBag from /home/airflow/.local/lib/python3.7/site-packages/airflow/example_dags/example_bash_operator.py
[2024-12-03T16:36:46.018+0000] {processor.py:766} INFO - DAG(s) dict_keys(['example_bash_operator']) retrieved from /home/airflow/.local/lib/python3.7/site-packages/airflow/example_dags/example_bash_operator.py
[2024-12-03T16:36:46.092+0000] {logging_mixin.py:120} INFO - [2024-12-03T16:36:46.092+0000] {dag.py:2585} INFO - Sync 1 DAGs
[2024-12-03T16:36:46.129+0000] {logging_mixin.py:120} INFO - [2024-12-03T16:36:46.129+0000] {dag.py:3340} INFO - Setting next_dagrun for example_bash_operator to 2024-12-02T00:00:00+00:00, run_after=2024-12-03T00:00:00+00:00
[2024-12-03T16:36:46.166+0000] {processor.py:176} INFO - Processing /home/airflow/.local/lib/python3.7/site-packages/airflow/example_dags/example_bash_operator.py took 0.185 seconds
[2024-12-03T16:37:16.537+0000] {processor.py:154} INFO - Started process (PID=5260) to work on /home/airflow/.local/lib/python3.7/site-packages/airflow/example_dags/example_bash_operator.py
[2024-12-03T16:37:16.539+0000] {processor.py:756} INFO - Processing file /home/airflow/.local/lib/python3.7/site-packages/airflow/example_dags/example_bash_operator.py for tasks to queue
[2024-12-03T16:37:16.543+0000] {logging_mixin.py:120} INFO - [2024-12-03T16:37:16.542+0000] {dagbag.py:537} INFO - Filling up the DagBag from /home/airflow/.local/lib/python3.7/site-packages/airflow/example_dags/example_bash_operator.py
[2024-12-03T16:37:16.583+0000] {processor.py:766} INFO - DAG(s) dict_keys(['example_bash_operator']) retrieved from /home/airflow/.local/lib/python3.7/site-packages/airflow/example_dags/example_bash_operator.py
[2024-12-03T16:37:16.656+0000] {logging_mixin.py:120} INFO - [2024-12-03T16:37:16.655+0000] {dag.py:2585} INFO - Sync 1 DAGs
[2024-12-03T16:37:16.694+0000] {logging_mixin.py:120} INFO - [2024-12-03T16:37:16.694+0000] {dag.py:3340} INFO - Setting next_dagrun for example_bash_operator to 2024-12-02T00:00:00+00:00, run_after=2024-12-03T00:00:00+00:00
[2024-12-03T16:37:16.732+0000] {processor.py:176} INFO - Processing /home/airflow/.local/lib/python3.7/site-packages/airflow/example_dags/example_bash_operator.py took 0.200 seconds
[2024-12-03T16:37:46.929+0000] {processor.py:154} INFO - Started process (PID=5315) to work on /home/airflow/.local/lib/python3.7/site-packages/airflow/example_dags/example_bash_operator.py
[2024-12-03T16:37:46.931+0000] {processor.py:756} INFO - Processing file /home/airflow/.local/lib/python3.7/site-packages/airflow/example_dags/example_bash_operator.py for tasks to queue
[2024-12-03T16:37:46.933+0000] {logging_mixin.py:120} INFO - [2024-12-03T16:37:46.933+0000] {dagbag.py:537} INFO - Filling up the DagBag from /home/airflow/.local/lib/python3.7/site-packages/airflow/example_dags/example_bash_operator.py
[2024-12-03T16:37:46.973+0000] {processor.py:766} INFO - DAG(s) dict_keys(['example_bash_operator']) retrieved from /home/airflow/.local/lib/python3.7/site-packages/airflow/example_dags/example_bash_operator.py
[2024-12-03T16:37:47.075+0000] {logging_mixin.py:120} INFO - [2024-12-03T16:37:47.075+0000] {dag.py:2585} INFO - Sync 1 DAGs
[2024-12-03T16:37:47.121+0000] {logging_mixin.py:120} INFO - [2024-12-03T16:37:47.121+0000] {dag.py:3340} INFO - Setting next_dagrun for example_bash_operator to 2024-12-02T00:00:00+00:00, run_after=2024-12-03T00:00:00+00:00
[2024-12-03T16:37:47.218+0000] {processor.py:176} INFO - Processing /home/airflow/.local/lib/python3.7/site-packages/airflow/example_dags/example_bash_operator.py took 0.293 seconds
[2024-12-03T16:38:19.563+0000] {processor.py:154} INFO - Started process (PID=5379) to work on /home/airflow/.local/lib/python3.7/site-packages/airflow/example_dags/example_bash_operator.py
[2024-12-03T16:38:19.565+0000] {processor.py:756} INFO - Processing file /home/airflow/.local/lib/python3.7/site-packages/airflow/example_dags/example_bash_operator.py for tasks to queue
[2024-12-03T16:38:19.570+0000] {logging_mixin.py:120} INFO - [2024-12-03T16:38:19.570+0000] {dagbag.py:537} INFO - Filling up the DagBag from /home/airflow/.local/lib/python3.7/site-packages/airflow/example_dags/example_bash_operator.py
[2024-12-03T16:38:19.650+0000] {processor.py:766} INFO - DAG(s) dict_keys(['example_bash_operator']) retrieved from /home/airflow/.local/lib/python3.7/site-packages/airflow/example_dags/example_bash_operator.py
[2024-12-03T16:38:19.849+0000] {logging_mixin.py:120} INFO - [2024-12-03T16:38:19.849+0000] {dag.py:2585} INFO - Sync 1 DAGs
[2024-12-03T16:38:19.973+0000] {logging_mixin.py:120} INFO - [2024-12-03T16:38:19.972+0000] {dag.py:3340} INFO - Setting next_dagrun for example_bash_operator to 2024-12-02T00:00:00+00:00, run_after=2024-12-03T00:00:00+00:00
[2024-12-03T16:38:20.136+0000] {processor.py:176} INFO - Processing /home/airflow/.local/lib/python3.7/site-packages/airflow/example_dags/example_bash_operator.py took 0.580 seconds
[2024-12-03T16:38:50.583+0000] {processor.py:154} INFO - Started process (PID=5434) to work on /home/airflow/.local/lib/python3.7/site-packages/airflow/example_dags/example_bash_operator.py
[2024-12-03T16:38:50.585+0000] {processor.py:756} INFO - Processing file /home/airflow/.local/lib/python3.7/site-packages/airflow/example_dags/example_bash_operator.py for tasks to queue
[2024-12-03T16:38:50.586+0000] {logging_mixin.py:120} INFO - [2024-12-03T16:38:50.586+0000] {dagbag.py:537} INFO - Filling up the DagBag from /home/airflow/.local/lib/python3.7/site-packages/airflow/example_dags/example_bash_operator.py
[2024-12-03T16:38:50.608+0000] {processor.py:766} INFO - DAG(s) dict_keys(['example_bash_operator']) retrieved from /home/airflow/.local/lib/python3.7/site-packages/airflow/example_dags/example_bash_operator.py
[2024-12-03T16:38:50.674+0000] {logging_mixin.py:120} INFO - [2024-12-03T16:38:50.674+0000] {dag.py:2585} INFO - Sync 1 DAGs
[2024-12-03T16:38:50.715+0000] {logging_mixin.py:120} INFO - [2024-12-03T16:38:50.715+0000] {dag.py:3340} INFO - Setting next_dagrun for example_bash_operator to 2024-12-02T00:00:00+00:00, run_after=2024-12-03T00:00:00+00:00
[2024-12-03T16:38:50.748+0000] {processor.py:176} INFO - Processing /home/airflow/.local/lib/python3.7/site-packages/airflow/example_dags/example_bash_operator.py took 0.168 seconds
[2024-12-03T16:39:21.349+0000] {processor.py:154} INFO - Started process (PID=5499) to work on /home/airflow/.local/lib/python3.7/site-packages/airflow/example_dags/example_bash_operator.py
[2024-12-03T16:39:21.351+0000] {processor.py:756} INFO - Processing file /home/airflow/.local/lib/python3.7/site-packages/airflow/example_dags/example_bash_operator.py for tasks to queue
[2024-12-03T16:39:21.353+0000] {logging_mixin.py:120} INFO - [2024-12-03T16:39:21.353+0000] {dagbag.py:537} INFO - Filling up the DagBag from /home/airflow/.local/lib/python3.7/site-packages/airflow/example_dags/example_bash_operator.py
[2024-12-03T16:39:21.388+0000] {processor.py:766} INFO - DAG(s) dict_keys(['example_bash_operator']) retrieved from /home/airflow/.local/lib/python3.7/site-packages/airflow/example_dags/example_bash_operator.py
[2024-12-03T16:39:21.459+0000] {logging_mixin.py:120} INFO - [2024-12-03T16:39:21.458+0000] {dag.py:2585} INFO - Sync 1 DAGs
[2024-12-03T16:39:21.499+0000] {logging_mixin.py:120} INFO - [2024-12-03T16:39:21.498+0000] {dag.py:3340} INFO - Setting next_dagrun for example_bash_operator to 2024-12-02T00:00:00+00:00, run_after=2024-12-03T00:00:00+00:00
[2024-12-03T16:39:21.541+0000] {processor.py:176} INFO - Processing /home/airflow/.local/lib/python3.7/site-packages/airflow/example_dags/example_bash_operator.py took 0.198 seconds
[2024-12-03T16:39:51.663+0000] {processor.py:154} INFO - Started process (PID=5558) to work on /home/airflow/.local/lib/python3.7/site-packages/airflow/example_dags/example_bash_operator.py
[2024-12-03T16:39:51.665+0000] {processor.py:756} INFO - Processing file /home/airflow/.local/lib/python3.7/site-packages/airflow/example_dags/example_bash_operator.py for tasks to queue
[2024-12-03T16:39:51.667+0000] {logging_mixin.py:120} INFO - [2024-12-03T16:39:51.666+0000] {dagbag.py:537} INFO - Filling up the DagBag from /home/airflow/.local/lib/python3.7/site-packages/airflow/example_dags/example_bash_operator.py
[2024-12-03T16:39:51.704+0000] {processor.py:766} INFO - DAG(s) dict_keys(['example_bash_operator']) retrieved from /home/airflow/.local/lib/python3.7/site-packages/airflow/example_dags/example_bash_operator.py
[2024-12-03T16:39:51.785+0000] {logging_mixin.py:120} INFO - [2024-12-03T16:39:51.785+0000] {dag.py:2585} INFO - Sync 1 DAGs
[2024-12-03T16:39:51.822+0000] {logging_mixin.py:120} INFO - [2024-12-03T16:39:51.822+0000] {dag.py:3340} INFO - Setting next_dagrun for example_bash_operator to 2024-12-02T00:00:00+00:00, run_after=2024-12-03T00:00:00+00:00
[2024-12-03T16:39:51.862+0000] {processor.py:176} INFO - Processing /home/airflow/.local/lib/python3.7/site-packages/airflow/example_dags/example_bash_operator.py took 0.206 seconds
[2024-12-03T16:40:22.478+0000] {processor.py:154} INFO - Started process (PID=5623) to work on /home/airflow/.local/lib/python3.7/site-packages/airflow/example_dags/example_bash_operator.py
[2024-12-03T16:40:22.480+0000] {processor.py:756} INFO - Processing file /home/airflow/.local/lib/python3.7/site-packages/airflow/example_dags/example_bash_operator.py for tasks to queue
[2024-12-03T16:40:22.481+0000] {logging_mixin.py:120} INFO - [2024-12-03T16:40:22.481+0000] {dagbag.py:537} INFO - Filling up the DagBag from /home/airflow/.local/lib/python3.7/site-packages/airflow/example_dags/example_bash_operator.py
[2024-12-03T16:40:22.519+0000] {processor.py:766} INFO - DAG(s) dict_keys(['example_bash_operator']) retrieved from /home/airflow/.local/lib/python3.7/site-packages/airflow/example_dags/example_bash_operator.py
[2024-12-03T16:40:22.603+0000] {logging_mixin.py:120} INFO - [2024-12-03T16:40:22.602+0000] {dag.py:2585} INFO - Sync 1 DAGs
[2024-12-03T16:40:22.648+0000] {logging_mixin.py:120} INFO - [2024-12-03T16:40:22.648+0000] {dag.py:3340} INFO - Setting next_dagrun for example_bash_operator to 2024-12-02T00:00:00+00:00, run_after=2024-12-03T00:00:00+00:00
[2024-12-03T16:40:22.684+0000] {processor.py:176} INFO - Processing /home/airflow/.local/lib/python3.7/site-packages/airflow/example_dags/example_bash_operator.py took 0.210 seconds
[2024-12-03T16:40:53.735+0000] {processor.py:154} INFO - Started process (PID=5686) to work on /home/airflow/.local/lib/python3.7/site-packages/airflow/example_dags/example_bash_operator.py
[2024-12-03T16:40:53.737+0000] {processor.py:756} INFO - Processing file /home/airflow/.local/lib/python3.7/site-packages/airflow/example_dags/example_bash_operator.py for tasks to queue
[2024-12-03T16:40:53.740+0000] {logging_mixin.py:120} INFO - [2024-12-03T16:40:53.740+0000] {dagbag.py:537} INFO - Filling up the DagBag from /home/airflow/.local/lib/python3.7/site-packages/airflow/example_dags/example_bash_operator.py
[2024-12-03T16:40:53.788+0000] {processor.py:766} INFO - DAG(s) dict_keys(['example_bash_operator']) retrieved from /home/airflow/.local/lib/python3.7/site-packages/airflow/example_dags/example_bash_operator.py
[2024-12-03T16:40:53.887+0000] {logging_mixin.py:120} INFO - [2024-12-03T16:40:53.887+0000] {dag.py:2585} INFO - Sync 1 DAGs
[2024-12-03T16:40:53.938+0000] {logging_mixin.py:120} INFO - [2024-12-03T16:40:53.938+0000] {dag.py:3340} INFO - Setting next_dagrun for example_bash_operator to 2024-12-02T00:00:00+00:00, run_after=2024-12-03T00:00:00+00:00
[2024-12-03T16:40:53.987+0000] {processor.py:176} INFO - Processing /home/airflow/.local/lib/python3.7/site-packages/airflow/example_dags/example_bash_operator.py took 0.258 seconds
[2024-12-03T16:41:24.304+0000] {processor.py:154} INFO - Started process (PID=5749) to work on /home/airflow/.local/lib/python3.7/site-packages/airflow/example_dags/example_bash_operator.py
[2024-12-03T16:41:24.308+0000] {processor.py:756} INFO - Processing file /home/airflow/.local/lib/python3.7/site-packages/airflow/example_dags/example_bash_operator.py for tasks to queue
[2024-12-03T16:41:24.311+0000] {logging_mixin.py:120} INFO - [2024-12-03T16:41:24.310+0000] {dagbag.py:537} INFO - Filling up the DagBag from /home/airflow/.local/lib/python3.7/site-packages/airflow/example_dags/example_bash_operator.py
[2024-12-03T16:41:24.372+0000] {processor.py:766} INFO - DAG(s) dict_keys(['example_bash_operator']) retrieved from /home/airflow/.local/lib/python3.7/site-packages/airflow/example_dags/example_bash_operator.py
[2024-12-03T16:41:24.477+0000] {logging_mixin.py:120} INFO - [2024-12-03T16:41:24.477+0000] {dag.py:2585} INFO - Sync 1 DAGs
[2024-12-03T16:41:24.520+0000] {logging_mixin.py:120} INFO - [2024-12-03T16:41:24.519+0000] {dag.py:3340} INFO - Setting next_dagrun for example_bash_operator to 2024-12-02T00:00:00+00:00, run_after=2024-12-03T00:00:00+00:00
[2024-12-03T16:41:24.557+0000] {processor.py:176} INFO - Processing /home/airflow/.local/lib/python3.7/site-packages/airflow/example_dags/example_bash_operator.py took 0.257 seconds
[2024-12-03T16:41:55.260+0000] {processor.py:154} INFO - Started process (PID=5810) to work on /home/airflow/.local/lib/python3.7/site-packages/airflow/example_dags/example_bash_operator.py
[2024-12-03T16:41:55.263+0000] {processor.py:756} INFO - Processing file /home/airflow/.local/lib/python3.7/site-packages/airflow/example_dags/example_bash_operator.py for tasks to queue
[2024-12-03T16:41:55.264+0000] {logging_mixin.py:120} INFO - [2024-12-03T16:41:55.264+0000] {dagbag.py:537} INFO - Filling up the DagBag from /home/airflow/.local/lib/python3.7/site-packages/airflow/example_dags/example_bash_operator.py
[2024-12-03T16:41:55.295+0000] {processor.py:766} INFO - DAG(s) dict_keys(['example_bash_operator']) retrieved from /home/airflow/.local/lib/python3.7/site-packages/airflow/example_dags/example_bash_operator.py
[2024-12-03T16:41:55.370+0000] {logging_mixin.py:120} INFO - [2024-12-03T16:41:55.370+0000] {dag.py:2585} INFO - Sync 1 DAGs
[2024-12-03T16:41:55.431+0000] {logging_mixin.py:120} INFO - [2024-12-03T16:41:55.431+0000] {dag.py:3340} INFO - Setting next_dagrun for example_bash_operator to 2024-12-02T00:00:00+00:00, run_after=2024-12-03T00:00:00+00:00
[2024-12-03T16:41:55.475+0000] {processor.py:176} INFO - Processing /home/airflow/.local/lib/python3.7/site-packages/airflow/example_dags/example_bash_operator.py took 0.220 seconds
[2024-12-03T16:42:25.690+0000] {processor.py:154} INFO - Started process (PID=5862) to work on /home/airflow/.local/lib/python3.7/site-packages/airflow/example_dags/example_bash_operator.py
[2024-12-03T16:42:25.693+0000] {processor.py:756} INFO - Processing file /home/airflow/.local/lib/python3.7/site-packages/airflow/example_dags/example_bash_operator.py for tasks to queue
[2024-12-03T16:42:25.695+0000] {logging_mixin.py:120} INFO - [2024-12-03T16:42:25.695+0000] {dagbag.py:537} INFO - Filling up the DagBag from /home/airflow/.local/lib/python3.7/site-packages/airflow/example_dags/example_bash_operator.py
[2024-12-03T16:42:25.719+0000] {processor.py:766} INFO - DAG(s) dict_keys(['example_bash_operator']) retrieved from /home/airflow/.local/lib/python3.7/site-packages/airflow/example_dags/example_bash_operator.py
[2024-12-03T16:42:25.805+0000] {logging_mixin.py:120} INFO - [2024-12-03T16:42:25.805+0000] {dag.py:2585} INFO - Sync 1 DAGs
[2024-12-03T16:42:25.867+0000] {logging_mixin.py:120} INFO - [2024-12-03T16:42:25.866+0000] {dag.py:3340} INFO - Setting next_dagrun for example_bash_operator to 2024-12-02T00:00:00+00:00, run_after=2024-12-03T00:00:00+00:00
[2024-12-03T16:42:25.924+0000] {processor.py:176} INFO - Processing /home/airflow/.local/lib/python3.7/site-packages/airflow/example_dags/example_bash_operator.py took 0.239 seconds
[2024-12-03T16:42:56.552+0000] {processor.py:154} INFO - Started process (PID=5926) to work on /home/airflow/.local/lib/python3.7/site-packages/airflow/example_dags/example_bash_operator.py
[2024-12-03T16:42:56.554+0000] {processor.py:756} INFO - Processing file /home/airflow/.local/lib/python3.7/site-packages/airflow/example_dags/example_bash_operator.py for tasks to queue
[2024-12-03T16:42:56.557+0000] {logging_mixin.py:120} INFO - [2024-12-03T16:42:56.556+0000] {dagbag.py:537} INFO - Filling up the DagBag from /home/airflow/.local/lib/python3.7/site-packages/airflow/example_dags/example_bash_operator.py
[2024-12-03T16:42:56.620+0000] {processor.py:766} INFO - DAG(s) dict_keys(['example_bash_operator']) retrieved from /home/airflow/.local/lib/python3.7/site-packages/airflow/example_dags/example_bash_operator.py
[2024-12-03T16:42:56.740+0000] {logging_mixin.py:120} INFO - [2024-12-03T16:42:56.739+0000] {dag.py:2585} INFO - Sync 1 DAGs
[2024-12-03T16:42:56.801+0000] {logging_mixin.py:120} INFO - [2024-12-03T16:42:56.801+0000] {dag.py:3340} INFO - Setting next_dagrun for example_bash_operator to 2024-12-02T00:00:00+00:00, run_after=2024-12-03T00:00:00+00:00
[2024-12-03T16:42:56.859+0000] {processor.py:176} INFO - Processing /home/airflow/.local/lib/python3.7/site-packages/airflow/example_dags/example_bash_operator.py took 0.317 seconds
[2024-12-03T16:43:27.482+0000] {processor.py:154} INFO - Started process (PID=5981) to work on /home/airflow/.local/lib/python3.7/site-packages/airflow/example_dags/example_bash_operator.py
[2024-12-03T16:43:27.484+0000] {processor.py:756} INFO - Processing file /home/airflow/.local/lib/python3.7/site-packages/airflow/example_dags/example_bash_operator.py for tasks to queue
[2024-12-03T16:43:27.486+0000] {logging_mixin.py:120} INFO - [2024-12-03T16:43:27.485+0000] {dagbag.py:537} INFO - Filling up the DagBag from /home/airflow/.local/lib/python3.7/site-packages/airflow/example_dags/example_bash_operator.py
[2024-12-03T16:43:27.525+0000] {processor.py:766} INFO - DAG(s) dict_keys(['example_bash_operator']) retrieved from /home/airflow/.local/lib/python3.7/site-packages/airflow/example_dags/example_bash_operator.py
[2024-12-03T16:43:27.609+0000] {logging_mixin.py:120} INFO - [2024-12-03T16:43:27.609+0000] {dag.py:2585} INFO - Sync 1 DAGs
[2024-12-03T16:43:27.665+0000] {logging_mixin.py:120} INFO - [2024-12-03T16:43:27.664+0000] {dag.py:3340} INFO - Setting next_dagrun for example_bash_operator to 2024-12-02T00:00:00+00:00, run_after=2024-12-03T00:00:00+00:00
[2024-12-03T16:43:27.709+0000] {processor.py:176} INFO - Processing /home/airflow/.local/lib/python3.7/site-packages/airflow/example_dags/example_bash_operator.py took 0.233 seconds
[2024-12-03T16:43:58.476+0000] {processor.py:154} INFO - Started process (PID=6045) to work on /home/airflow/.local/lib/python3.7/site-packages/airflow/example_dags/example_bash_operator.py
[2024-12-03T16:43:58.478+0000] {processor.py:756} INFO - Processing file /home/airflow/.local/lib/python3.7/site-packages/airflow/example_dags/example_bash_operator.py for tasks to queue
[2024-12-03T16:43:58.480+0000] {logging_mixin.py:120} INFO - [2024-12-03T16:43:58.480+0000] {dagbag.py:537} INFO - Filling up the DagBag from /home/airflow/.local/lib/python3.7/site-packages/airflow/example_dags/example_bash_operator.py
[2024-12-03T16:43:58.519+0000] {processor.py:766} INFO - DAG(s) dict_keys(['example_bash_operator']) retrieved from /home/airflow/.local/lib/python3.7/site-packages/airflow/example_dags/example_bash_operator.py
[2024-12-03T16:43:58.633+0000] {logging_mixin.py:120} INFO - [2024-12-03T16:43:58.633+0000] {dag.py:2585} INFO - Sync 1 DAGs
[2024-12-03T16:43:58.730+0000] {logging_mixin.py:120} INFO - [2024-12-03T16:43:58.729+0000] {dag.py:3340} INFO - Setting next_dagrun for example_bash_operator to 2024-12-02T00:00:00+00:00, run_after=2024-12-03T00:00:00+00:00
[2024-12-03T16:43:58.808+0000] {processor.py:176} INFO - Processing /home/airflow/.local/lib/python3.7/site-packages/airflow/example_dags/example_bash_operator.py took 0.340 seconds
[2024-12-03T16:44:28.888+0000] {processor.py:154} INFO - Started process (PID=6100) to work on /home/airflow/.local/lib/python3.7/site-packages/airflow/example_dags/example_bash_operator.py
[2024-12-03T16:44:28.889+0000] {processor.py:756} INFO - Processing file /home/airflow/.local/lib/python3.7/site-packages/airflow/example_dags/example_bash_operator.py for tasks to queue
[2024-12-03T16:44:28.890+0000] {logging_mixin.py:120} INFO - [2024-12-03T16:44:28.890+0000] {dagbag.py:537} INFO - Filling up the DagBag from /home/airflow/.local/lib/python3.7/site-packages/airflow/example_dags/example_bash_operator.py
[2024-12-03T16:44:28.915+0000] {processor.py:766} INFO - DAG(s) dict_keys(['example_bash_operator']) retrieved from /home/airflow/.local/lib/python3.7/site-packages/airflow/example_dags/example_bash_operator.py
[2024-12-03T16:44:28.967+0000] {logging_mixin.py:120} INFO - [2024-12-03T16:44:28.967+0000] {dag.py:2585} INFO - Sync 1 DAGs
[2024-12-03T16:44:29.005+0000] {logging_mixin.py:120} INFO - [2024-12-03T16:44:29.005+0000] {dag.py:3340} INFO - Setting next_dagrun for example_bash_operator to 2024-12-02T00:00:00+00:00, run_after=2024-12-03T00:00:00+00:00
[2024-12-03T16:44:29.039+0000] {processor.py:176} INFO - Processing /home/airflow/.local/lib/python3.7/site-packages/airflow/example_dags/example_bash_operator.py took 0.154 seconds
[2024-12-03T16:44:59.453+0000] {processor.py:154} INFO - Started process (PID=6169) to work on /home/airflow/.local/lib/python3.7/site-packages/airflow/example_dags/example_bash_operator.py
[2024-12-03T16:44:59.455+0000] {processor.py:756} INFO - Processing file /home/airflow/.local/lib/python3.7/site-packages/airflow/example_dags/example_bash_operator.py for tasks to queue
[2024-12-03T16:44:59.456+0000] {logging_mixin.py:120} INFO - [2024-12-03T16:44:59.456+0000] {dagbag.py:537} INFO - Filling up the DagBag from /home/airflow/.local/lib/python3.7/site-packages/airflow/example_dags/example_bash_operator.py
[2024-12-03T16:44:59.483+0000] {processor.py:766} INFO - DAG(s) dict_keys(['example_bash_operator']) retrieved from /home/airflow/.local/lib/python3.7/site-packages/airflow/example_dags/example_bash_operator.py
[2024-12-03T16:44:59.551+0000] {logging_mixin.py:120} INFO - [2024-12-03T16:44:59.550+0000] {dag.py:2585} INFO - Sync 1 DAGs
[2024-12-03T16:44:59.585+0000] {logging_mixin.py:120} INFO - [2024-12-03T16:44:59.585+0000] {dag.py:3340} INFO - Setting next_dagrun for example_bash_operator to 2024-12-02T00:00:00+00:00, run_after=2024-12-03T00:00:00+00:00
[2024-12-03T16:44:59.623+0000] {processor.py:176} INFO - Processing /home/airflow/.local/lib/python3.7/site-packages/airflow/example_dags/example_bash_operator.py took 0.174 seconds
[2024-12-03T16:45:30.624+0000] {processor.py:154} INFO - Started process (PID=6228) to work on /home/airflow/.local/lib/python3.7/site-packages/airflow/example_dags/example_bash_operator.py
[2024-12-03T16:45:30.625+0000] {processor.py:756} INFO - Processing file /home/airflow/.local/lib/python3.7/site-packages/airflow/example_dags/example_bash_operator.py for tasks to queue
[2024-12-03T16:45:30.626+0000] {logging_mixin.py:120} INFO - [2024-12-03T16:45:30.626+0000] {dagbag.py:537} INFO - Filling up the DagBag from /home/airflow/.local/lib/python3.7/site-packages/airflow/example_dags/example_bash_operator.py
[2024-12-03T16:45:30.653+0000] {processor.py:766} INFO - DAG(s) dict_keys(['example_bash_operator']) retrieved from /home/airflow/.local/lib/python3.7/site-packages/airflow/example_dags/example_bash_operator.py
[2024-12-03T16:45:30.722+0000] {logging_mixin.py:120} INFO - [2024-12-03T16:45:30.721+0000] {dag.py:2585} INFO - Sync 1 DAGs
[2024-12-03T16:45:30.764+0000] {logging_mixin.py:120} INFO - [2024-12-03T16:45:30.763+0000] {dag.py:3340} INFO - Setting next_dagrun for example_bash_operator to 2024-12-02T00:00:00+00:00, run_after=2024-12-03T00:00:00+00:00
[2024-12-03T16:45:30.803+0000] {processor.py:176} INFO - Processing /home/airflow/.local/lib/python3.7/site-packages/airflow/example_dags/example_bash_operator.py took 0.182 seconds
[2024-12-03T16:46:01.338+0000] {processor.py:154} INFO - Started process (PID=6292) to work on /home/airflow/.local/lib/python3.7/site-packages/airflow/example_dags/example_bash_operator.py
[2024-12-03T16:46:01.342+0000] {processor.py:756} INFO - Processing file /home/airflow/.local/lib/python3.7/site-packages/airflow/example_dags/example_bash_operator.py for tasks to queue
[2024-12-03T16:46:01.346+0000] {logging_mixin.py:120} INFO - [2024-12-03T16:46:01.344+0000] {dagbag.py:537} INFO - Filling up the DagBag from /home/airflow/.local/lib/python3.7/site-packages/airflow/example_dags/example_bash_operator.py
[2024-12-03T16:46:01.398+0000] {processor.py:766} INFO - DAG(s) dict_keys(['example_bash_operator']) retrieved from /home/airflow/.local/lib/python3.7/site-packages/airflow/example_dags/example_bash_operator.py
[2024-12-03T16:46:01.514+0000] {logging_mixin.py:120} INFO - [2024-12-03T16:46:01.513+0000] {dag.py:2585} INFO - Sync 1 DAGs
[2024-12-03T16:46:01.598+0000] {logging_mixin.py:120} INFO - [2024-12-03T16:46:01.597+0000] {dag.py:3340} INFO - Setting next_dagrun for example_bash_operator to 2024-12-02T00:00:00+00:00, run_after=2024-12-03T00:00:00+00:00
[2024-12-03T16:46:01.656+0000] {processor.py:176} INFO - Processing /home/airflow/.local/lib/python3.7/site-packages/airflow/example_dags/example_bash_operator.py took 0.327 seconds
[2024-12-03T16:46:32.244+0000] {processor.py:154} INFO - Started process (PID=6365) to work on /home/airflow/.local/lib/python3.7/site-packages/airflow/example_dags/example_bash_operator.py
[2024-12-03T16:46:32.246+0000] {processor.py:756} INFO - Processing file /home/airflow/.local/lib/python3.7/site-packages/airflow/example_dags/example_bash_operator.py for tasks to queue
[2024-12-03T16:46:32.248+0000] {logging_mixin.py:120} INFO - [2024-12-03T16:46:32.247+0000] {dagbag.py:537} INFO - Filling up the DagBag from /home/airflow/.local/lib/python3.7/site-packages/airflow/example_dags/example_bash_operator.py
[2024-12-03T16:46:32.296+0000] {processor.py:766} INFO - DAG(s) dict_keys(['example_bash_operator']) retrieved from /home/airflow/.local/lib/python3.7/site-packages/airflow/example_dags/example_bash_operator.py
[2024-12-03T16:46:32.449+0000] {logging_mixin.py:120} INFO - [2024-12-03T16:46:32.449+0000] {dag.py:2585} INFO - Sync 1 DAGs
[2024-12-03T16:46:32.519+0000] {logging_mixin.py:120} INFO - [2024-12-03T16:46:32.519+0000] {dag.py:3340} INFO - Setting next_dagrun for example_bash_operator to 2024-12-02T00:00:00+00:00, run_after=2024-12-03T00:00:00+00:00
[2024-12-03T16:46:32.564+0000] {processor.py:176} INFO - Processing /home/airflow/.local/lib/python3.7/site-packages/airflow/example_dags/example_bash_operator.py took 0.328 seconds
[2024-12-03T16:47:02.891+0000] {processor.py:154} INFO - Started process (PID=6428) to work on /home/airflow/.local/lib/python3.7/site-packages/airflow/example_dags/example_bash_operator.py
[2024-12-03T16:47:02.893+0000] {processor.py:756} INFO - Processing file /home/airflow/.local/lib/python3.7/site-packages/airflow/example_dags/example_bash_operator.py for tasks to queue
[2024-12-03T16:47:02.894+0000] {logging_mixin.py:120} INFO - [2024-12-03T16:47:02.894+0000] {dagbag.py:537} INFO - Filling up the DagBag from /home/airflow/.local/lib/python3.7/site-packages/airflow/example_dags/example_bash_operator.py
[2024-12-03T16:47:02.917+0000] {processor.py:766} INFO - DAG(s) dict_keys(['example_bash_operator']) retrieved from /home/airflow/.local/lib/python3.7/site-packages/airflow/example_dags/example_bash_operator.py
[2024-12-03T16:47:02.974+0000] {logging_mixin.py:120} INFO - [2024-12-03T16:47:02.974+0000] {dag.py:2585} INFO - Sync 1 DAGs
[2024-12-03T16:47:03.019+0000] {logging_mixin.py:120} INFO - [2024-12-03T16:47:03.019+0000] {dag.py:3340} INFO - Setting next_dagrun for example_bash_operator to 2024-12-02T00:00:00+00:00, run_after=2024-12-03T00:00:00+00:00
[2024-12-03T16:47:03.076+0000] {processor.py:176} INFO - Processing /home/airflow/.local/lib/python3.7/site-packages/airflow/example_dags/example_bash_operator.py took 0.188 seconds
[2024-12-03T16:47:33.500+0000] {processor.py:154} INFO - Started process (PID=6493) to work on /home/airflow/.local/lib/python3.7/site-packages/airflow/example_dags/example_bash_operator.py
[2024-12-03T16:47:33.502+0000] {processor.py:756} INFO - Processing file /home/airflow/.local/lib/python3.7/site-packages/airflow/example_dags/example_bash_operator.py for tasks to queue
[2024-12-03T16:47:33.504+0000] {logging_mixin.py:120} INFO - [2024-12-03T16:47:33.504+0000] {dagbag.py:537} INFO - Filling up the DagBag from /home/airflow/.local/lib/python3.7/site-packages/airflow/example_dags/example_bash_operator.py
[2024-12-03T16:47:33.553+0000] {processor.py:766} INFO - DAG(s) dict_keys(['example_bash_operator']) retrieved from /home/airflow/.local/lib/python3.7/site-packages/airflow/example_dags/example_bash_operator.py
[2024-12-03T16:47:33.663+0000] {logging_mixin.py:120} INFO - [2024-12-03T16:47:33.663+0000] {dag.py:2585} INFO - Sync 1 DAGs
[2024-12-03T16:47:33.709+0000] {logging_mixin.py:120} INFO - [2024-12-03T16:47:33.709+0000] {dag.py:3340} INFO - Setting next_dagrun for example_bash_operator to 2024-12-02T00:00:00+00:00, run_after=2024-12-03T00:00:00+00:00
[2024-12-03T16:47:33.752+0000] {processor.py:176} INFO - Processing /home/airflow/.local/lib/python3.7/site-packages/airflow/example_dags/example_bash_operator.py took 0.260 seconds
[2024-12-03T16:48:03.878+0000] {processor.py:154} INFO - Started process (PID=6548) to work on /home/airflow/.local/lib/python3.7/site-packages/airflow/example_dags/example_bash_operator.py
[2024-12-03T16:48:03.880+0000] {processor.py:756} INFO - Processing file /home/airflow/.local/lib/python3.7/site-packages/airflow/example_dags/example_bash_operator.py for tasks to queue
[2024-12-03T16:48:03.882+0000] {logging_mixin.py:120} INFO - [2024-12-03T16:48:03.881+0000] {dagbag.py:537} INFO - Filling up the DagBag from /home/airflow/.local/lib/python3.7/site-packages/airflow/example_dags/example_bash_operator.py
[2024-12-03T16:48:03.909+0000] {processor.py:766} INFO - DAG(s) dict_keys(['example_bash_operator']) retrieved from /home/airflow/.local/lib/python3.7/site-packages/airflow/example_dags/example_bash_operator.py
[2024-12-03T16:48:03.971+0000] {logging_mixin.py:120} INFO - [2024-12-03T16:48:03.971+0000] {dag.py:2585} INFO - Sync 1 DAGs
[2024-12-03T16:48:04.005+0000] {logging_mixin.py:120} INFO - [2024-12-03T16:48:04.004+0000] {dag.py:3340} INFO - Setting next_dagrun for example_bash_operator to 2024-12-02T00:00:00+00:00, run_after=2024-12-03T00:00:00+00:00
[2024-12-03T16:48:04.053+0000] {processor.py:176} INFO - Processing /home/airflow/.local/lib/python3.7/site-packages/airflow/example_dags/example_bash_operator.py took 0.180 seconds
[2024-12-03T16:48:34.207+0000] {processor.py:154} INFO - Started process (PID=6613) to work on /home/airflow/.local/lib/python3.7/site-packages/airflow/example_dags/example_bash_operator.py
[2024-12-03T16:48:34.209+0000] {processor.py:756} INFO - Processing file /home/airflow/.local/lib/python3.7/site-packages/airflow/example_dags/example_bash_operator.py for tasks to queue
[2024-12-03T16:48:34.210+0000] {logging_mixin.py:120} INFO - [2024-12-03T16:48:34.210+0000] {dagbag.py:537} INFO - Filling up the DagBag from /home/airflow/.local/lib/python3.7/site-packages/airflow/example_dags/example_bash_operator.py
[2024-12-03T16:48:34.245+0000] {processor.py:766} INFO - DAG(s) dict_keys(['example_bash_operator']) retrieved from /home/airflow/.local/lib/python3.7/site-packages/airflow/example_dags/example_bash_operator.py
[2024-12-03T16:48:34.324+0000] {logging_mixin.py:120} INFO - [2024-12-03T16:48:34.323+0000] {dag.py:2585} INFO - Sync 1 DAGs
[2024-12-03T16:48:34.362+0000] {logging_mixin.py:120} INFO - [2024-12-03T16:48:34.362+0000] {dag.py:3340} INFO - Setting next_dagrun for example_bash_operator to 2024-12-02T00:00:00+00:00, run_after=2024-12-03T00:00:00+00:00
[2024-12-03T16:48:34.398+0000] {processor.py:176} INFO - Processing /home/airflow/.local/lib/python3.7/site-packages/airflow/example_dags/example_bash_operator.py took 0.195 seconds
[2024-12-03T16:49:04.747+0000] {processor.py:154} INFO - Started process (PID=6668) to work on /home/airflow/.local/lib/python3.7/site-packages/airflow/example_dags/example_bash_operator.py
[2024-12-03T16:49:04.748+0000] {processor.py:756} INFO - Processing file /home/airflow/.local/lib/python3.7/site-packages/airflow/example_dags/example_bash_operator.py for tasks to queue
[2024-12-03T16:49:04.749+0000] {logging_mixin.py:120} INFO - [2024-12-03T16:49:04.749+0000] {dagbag.py:537} INFO - Filling up the DagBag from /home/airflow/.local/lib/python3.7/site-packages/airflow/example_dags/example_bash_operator.py
[2024-12-03T16:49:04.774+0000] {processor.py:766} INFO - DAG(s) dict_keys(['example_bash_operator']) retrieved from /home/airflow/.local/lib/python3.7/site-packages/airflow/example_dags/example_bash_operator.py
[2024-12-03T16:49:04.835+0000] {logging_mixin.py:120} INFO - [2024-12-03T16:49:04.834+0000] {dag.py:2585} INFO - Sync 1 DAGs
[2024-12-03T16:49:04.877+0000] {logging_mixin.py:120} INFO - [2024-12-03T16:49:04.876+0000] {dag.py:3340} INFO - Setting next_dagrun for example_bash_operator to 2024-12-02T00:00:00+00:00, run_after=2024-12-03T00:00:00+00:00
[2024-12-03T16:49:04.913+0000] {processor.py:176} INFO - Processing /home/airflow/.local/lib/python3.7/site-packages/airflow/example_dags/example_bash_operator.py took 0.170 seconds
[2024-12-03T16:49:35.245+0000] {processor.py:154} INFO - Started process (PID=6732) to work on /home/airflow/.local/lib/python3.7/site-packages/airflow/example_dags/example_bash_operator.py
[2024-12-03T16:49:35.246+0000] {processor.py:756} INFO - Processing file /home/airflow/.local/lib/python3.7/site-packages/airflow/example_dags/example_bash_operator.py for tasks to queue
[2024-12-03T16:49:35.247+0000] {logging_mixin.py:120} INFO - [2024-12-03T16:49:35.247+0000] {dagbag.py:537} INFO - Filling up the DagBag from /home/airflow/.local/lib/python3.7/site-packages/airflow/example_dags/example_bash_operator.py
[2024-12-03T16:49:35.272+0000] {processor.py:766} INFO - DAG(s) dict_keys(['example_bash_operator']) retrieved from /home/airflow/.local/lib/python3.7/site-packages/airflow/example_dags/example_bash_operator.py
[2024-12-03T16:49:35.333+0000] {logging_mixin.py:120} INFO - [2024-12-03T16:49:35.333+0000] {dag.py:2585} INFO - Sync 1 DAGs
[2024-12-03T16:49:35.371+0000] {logging_mixin.py:120} INFO - [2024-12-03T16:49:35.371+0000] {dag.py:3340} INFO - Setting next_dagrun for example_bash_operator to 2024-12-02T00:00:00+00:00, run_after=2024-12-03T00:00:00+00:00
[2024-12-03T16:49:35.402+0000] {processor.py:176} INFO - Processing /home/airflow/.local/lib/python3.7/site-packages/airflow/example_dags/example_bash_operator.py took 0.160 seconds
[2024-12-03T16:50:05.708+0000] {processor.py:154} INFO - Started process (PID=6788) to work on /home/airflow/.local/lib/python3.7/site-packages/airflow/example_dags/example_bash_operator.py
[2024-12-03T16:50:05.709+0000] {processor.py:756} INFO - Processing file /home/airflow/.local/lib/python3.7/site-packages/airflow/example_dags/example_bash_operator.py for tasks to queue
[2024-12-03T16:50:05.711+0000] {logging_mixin.py:120} INFO - [2024-12-03T16:50:05.710+0000] {dagbag.py:537} INFO - Filling up the DagBag from /home/airflow/.local/lib/python3.7/site-packages/airflow/example_dags/example_bash_operator.py
[2024-12-03T16:50:05.739+0000] {processor.py:766} INFO - DAG(s) dict_keys(['example_bash_operator']) retrieved from /home/airflow/.local/lib/python3.7/site-packages/airflow/example_dags/example_bash_operator.py
[2024-12-03T16:50:05.810+0000] {logging_mixin.py:120} INFO - [2024-12-03T16:50:05.810+0000] {dag.py:2585} INFO - Sync 1 DAGs
[2024-12-03T16:50:05.868+0000] {logging_mixin.py:120} INFO - [2024-12-03T16:50:05.867+0000] {dag.py:3340} INFO - Setting next_dagrun for example_bash_operator to 2024-12-02T00:00:00+00:00, run_after=2024-12-03T00:00:00+00:00
[2024-12-03T16:50:05.949+0000] {processor.py:176} INFO - Processing /home/airflow/.local/lib/python3.7/site-packages/airflow/example_dags/example_bash_operator.py took 0.244 seconds
[2024-12-03T16:50:36.077+0000] {processor.py:154} INFO - Started process (PID=6860) to work on /home/airflow/.local/lib/python3.7/site-packages/airflow/example_dags/example_bash_operator.py
[2024-12-03T16:50:36.079+0000] {processor.py:756} INFO - Processing file /home/airflow/.local/lib/python3.7/site-packages/airflow/example_dags/example_bash_operator.py for tasks to queue
[2024-12-03T16:50:36.080+0000] {logging_mixin.py:120} INFO - [2024-12-03T16:50:36.080+0000] {dagbag.py:537} INFO - Filling up the DagBag from /home/airflow/.local/lib/python3.7/site-packages/airflow/example_dags/example_bash_operator.py
[2024-12-03T16:50:36.113+0000] {processor.py:766} INFO - DAG(s) dict_keys(['example_bash_operator']) retrieved from /home/airflow/.local/lib/python3.7/site-packages/airflow/example_dags/example_bash_operator.py
[2024-12-03T16:50:36.175+0000] {logging_mixin.py:120} INFO - [2024-12-03T16:50:36.175+0000] {dag.py:2585} INFO - Sync 1 DAGs
[2024-12-03T16:50:36.214+0000] {logging_mixin.py:120} INFO - [2024-12-03T16:50:36.214+0000] {dag.py:3340} INFO - Setting next_dagrun for example_bash_operator to 2024-12-02T00:00:00+00:00, run_after=2024-12-03T00:00:00+00:00
[2024-12-03T16:50:36.254+0000] {processor.py:176} INFO - Processing /home/airflow/.local/lib/python3.7/site-packages/airflow/example_dags/example_bash_operator.py took 0.182 seconds
[2024-12-03T16:51:07.064+0000] {processor.py:154} INFO - Started process (PID=6915) to work on /home/airflow/.local/lib/python3.7/site-packages/airflow/example_dags/example_bash_operator.py
[2024-12-03T16:51:07.066+0000] {processor.py:756} INFO - Processing file /home/airflow/.local/lib/python3.7/site-packages/airflow/example_dags/example_bash_operator.py for tasks to queue
[2024-12-03T16:51:07.071+0000] {logging_mixin.py:120} INFO - [2024-12-03T16:51:07.071+0000] {dagbag.py:537} INFO - Filling up the DagBag from /home/airflow/.local/lib/python3.7/site-packages/airflow/example_dags/example_bash_operator.py
[2024-12-03T16:51:07.138+0000] {processor.py:766} INFO - DAG(s) dict_keys(['example_bash_operator']) retrieved from /home/airflow/.local/lib/python3.7/site-packages/airflow/example_dags/example_bash_operator.py
[2024-12-03T16:51:07.278+0000] {logging_mixin.py:120} INFO - [2024-12-03T16:51:07.278+0000] {dag.py:2585} INFO - Sync 1 DAGs
[2024-12-03T16:51:07.339+0000] {logging_mixin.py:120} INFO - [2024-12-03T16:51:07.338+0000] {dag.py:3340} INFO - Setting next_dagrun for example_bash_operator to 2024-12-02T00:00:00+00:00, run_after=2024-12-03T00:00:00+00:00
[2024-12-03T16:51:07.404+0000] {processor.py:176} INFO - Processing /home/airflow/.local/lib/python3.7/site-packages/airflow/example_dags/example_bash_operator.py took 0.347 seconds
[2024-12-03T16:51:37.753+0000] {processor.py:154} INFO - Started process (PID=6974) to work on /home/airflow/.local/lib/python3.7/site-packages/airflow/example_dags/example_bash_operator.py
[2024-12-03T16:51:37.756+0000] {processor.py:756} INFO - Processing file /home/airflow/.local/lib/python3.7/site-packages/airflow/example_dags/example_bash_operator.py for tasks to queue
[2024-12-03T16:51:37.760+0000] {logging_mixin.py:120} INFO - [2024-12-03T16:51:37.759+0000] {dagbag.py:537} INFO - Filling up the DagBag from /home/airflow/.local/lib/python3.7/site-packages/airflow/example_dags/example_bash_operator.py
[2024-12-03T16:51:37.800+0000] {processor.py:766} INFO - DAG(s) dict_keys(['example_bash_operator']) retrieved from /home/airflow/.local/lib/python3.7/site-packages/airflow/example_dags/example_bash_operator.py
[2024-12-03T16:51:37.885+0000] {logging_mixin.py:120} INFO - [2024-12-03T16:51:37.884+0000] {dag.py:2585} INFO - Sync 1 DAGs
[2024-12-03T16:51:37.934+0000] {logging_mixin.py:120} INFO - [2024-12-03T16:51:37.933+0000] {dag.py:3340} INFO - Setting next_dagrun for example_bash_operator to 2024-12-02T00:00:00+00:00, run_after=2024-12-03T00:00:00+00:00
[2024-12-03T16:51:37.978+0000] {processor.py:176} INFO - Processing /home/airflow/.local/lib/python3.7/site-packages/airflow/example_dags/example_bash_operator.py took 0.232 seconds
[2024-12-03T16:52:08.896+0000] {processor.py:154} INFO - Started process (PID=7046) to work on /home/airflow/.local/lib/python3.7/site-packages/airflow/example_dags/example_bash_operator.py
[2024-12-03T16:52:08.899+0000] {processor.py:756} INFO - Processing file /home/airflow/.local/lib/python3.7/site-packages/airflow/example_dags/example_bash_operator.py for tasks to queue
[2024-12-03T16:52:08.901+0000] {logging_mixin.py:120} INFO - [2024-12-03T16:52:08.901+0000] {dagbag.py:537} INFO - Filling up the DagBag from /home/airflow/.local/lib/python3.7/site-packages/airflow/example_dags/example_bash_operator.py
[2024-12-03T16:52:08.989+0000] {processor.py:766} INFO - DAG(s) dict_keys(['example_bash_operator']) retrieved from /home/airflow/.local/lib/python3.7/site-packages/airflow/example_dags/example_bash_operator.py
[2024-12-03T16:52:09.138+0000] {logging_mixin.py:120} INFO - [2024-12-03T16:52:09.137+0000] {dag.py:2585} INFO - Sync 1 DAGs
[2024-12-03T16:52:09.213+0000] {logging_mixin.py:120} INFO - [2024-12-03T16:52:09.212+0000] {dag.py:3340} INFO - Setting next_dagrun for example_bash_operator to 2024-12-02T00:00:00+00:00, run_after=2024-12-03T00:00:00+00:00
[2024-12-03T16:52:09.316+0000] {processor.py:176} INFO - Processing /home/airflow/.local/lib/python3.7/site-packages/airflow/example_dags/example_bash_operator.py took 0.427 seconds
[2024-12-03T16:52:40.167+0000] {processor.py:154} INFO - Started process (PID=7101) to work on /home/airflow/.local/lib/python3.7/site-packages/airflow/example_dags/example_bash_operator.py
[2024-12-03T16:52:40.168+0000] {processor.py:756} INFO - Processing file /home/airflow/.local/lib/python3.7/site-packages/airflow/example_dags/example_bash_operator.py for tasks to queue
[2024-12-03T16:52:40.170+0000] {logging_mixin.py:120} INFO - [2024-12-03T16:52:40.170+0000] {dagbag.py:537} INFO - Filling up the DagBag from /home/airflow/.local/lib/python3.7/site-packages/airflow/example_dags/example_bash_operator.py
[2024-12-03T16:52:40.196+0000] {processor.py:766} INFO - DAG(s) dict_keys(['example_bash_operator']) retrieved from /home/airflow/.local/lib/python3.7/site-packages/airflow/example_dags/example_bash_operator.py
[2024-12-03T16:52:40.269+0000] {logging_mixin.py:120} INFO - [2024-12-03T16:52:40.269+0000] {dag.py:2585} INFO - Sync 1 DAGs
[2024-12-03T16:52:40.308+0000] {logging_mixin.py:120} INFO - [2024-12-03T16:52:40.307+0000] {dag.py:3340} INFO - Setting next_dagrun for example_bash_operator to 2024-12-02T00:00:00+00:00, run_after=2024-12-03T00:00:00+00:00
[2024-12-03T16:52:40.344+0000] {processor.py:176} INFO - Processing /home/airflow/.local/lib/python3.7/site-packages/airflow/example_dags/example_bash_operator.py took 0.181 seconds
[2024-12-03T16:53:10.680+0000] {processor.py:154} INFO - Started process (PID=7166) to work on /home/airflow/.local/lib/python3.7/site-packages/airflow/example_dags/example_bash_operator.py
[2024-12-03T16:53:10.682+0000] {processor.py:756} INFO - Processing file /home/airflow/.local/lib/python3.7/site-packages/airflow/example_dags/example_bash_operator.py for tasks to queue
[2024-12-03T16:53:10.685+0000] {logging_mixin.py:120} INFO - [2024-12-03T16:53:10.684+0000] {dagbag.py:537} INFO - Filling up the DagBag from /home/airflow/.local/lib/python3.7/site-packages/airflow/example_dags/example_bash_operator.py
[2024-12-03T16:53:10.729+0000] {processor.py:766} INFO - DAG(s) dict_keys(['example_bash_operator']) retrieved from /home/airflow/.local/lib/python3.7/site-packages/airflow/example_dags/example_bash_operator.py
[2024-12-03T16:53:10.825+0000] {logging_mixin.py:120} INFO - [2024-12-03T16:53:10.824+0000] {dag.py:2585} INFO - Sync 1 DAGs
[2024-12-03T16:53:10.903+0000] {logging_mixin.py:120} INFO - [2024-12-03T16:53:10.902+0000] {dag.py:3340} INFO - Setting next_dagrun for example_bash_operator to 2024-12-02T00:00:00+00:00, run_after=2024-12-03T00:00:00+00:00
[2024-12-03T16:53:10.956+0000] {processor.py:176} INFO - Processing /home/airflow/.local/lib/python3.7/site-packages/airflow/example_dags/example_bash_operator.py took 0.287 seconds
[2024-12-03T16:53:41.071+0000] {processor.py:154} INFO - Started process (PID=7221) to work on /home/airflow/.local/lib/python3.7/site-packages/airflow/example_dags/example_bash_operator.py
[2024-12-03T16:53:41.073+0000] {processor.py:756} INFO - Processing file /home/airflow/.local/lib/python3.7/site-packages/airflow/example_dags/example_bash_operator.py for tasks to queue
[2024-12-03T16:53:41.075+0000] {logging_mixin.py:120} INFO - [2024-12-03T16:53:41.075+0000] {dagbag.py:537} INFO - Filling up the DagBag from /home/airflow/.local/lib/python3.7/site-packages/airflow/example_dags/example_bash_operator.py
[2024-12-03T16:53:41.098+0000] {processor.py:766} INFO - DAG(s) dict_keys(['example_bash_operator']) retrieved from /home/airflow/.local/lib/python3.7/site-packages/airflow/example_dags/example_bash_operator.py
[2024-12-03T16:53:41.165+0000] {logging_mixin.py:120} INFO - [2024-12-03T16:53:41.164+0000] {dag.py:2585} INFO - Sync 1 DAGs
[2024-12-03T16:53:41.207+0000] {logging_mixin.py:120} INFO - [2024-12-03T16:53:41.207+0000] {dag.py:3340} INFO - Setting next_dagrun for example_bash_operator to 2024-12-02T00:00:00+00:00, run_after=2024-12-03T00:00:00+00:00
[2024-12-03T16:53:41.241+0000] {processor.py:176} INFO - Processing /home/airflow/.local/lib/python3.7/site-packages/airflow/example_dags/example_bash_operator.py took 0.173 seconds
[2024-12-03T16:54:11.482+0000] {processor.py:154} INFO - Started process (PID=7285) to work on /home/airflow/.local/lib/python3.7/site-packages/airflow/example_dags/example_bash_operator.py
[2024-12-03T16:54:11.483+0000] {processor.py:756} INFO - Processing file /home/airflow/.local/lib/python3.7/site-packages/airflow/example_dags/example_bash_operator.py for tasks to queue
[2024-12-03T16:54:11.485+0000] {logging_mixin.py:120} INFO - [2024-12-03T16:54:11.485+0000] {dagbag.py:537} INFO - Filling up the DagBag from /home/airflow/.local/lib/python3.7/site-packages/airflow/example_dags/example_bash_operator.py
[2024-12-03T16:54:11.510+0000] {processor.py:766} INFO - DAG(s) dict_keys(['example_bash_operator']) retrieved from /home/airflow/.local/lib/python3.7/site-packages/airflow/example_dags/example_bash_operator.py
[2024-12-03T16:54:11.574+0000] {logging_mixin.py:120} INFO - [2024-12-03T16:54:11.574+0000] {dag.py:2585} INFO - Sync 1 DAGs
[2024-12-03T16:54:11.609+0000] {logging_mixin.py:120} INFO - [2024-12-03T16:54:11.609+0000] {dag.py:3340} INFO - Setting next_dagrun for example_bash_operator to 2024-12-02T00:00:00+00:00, run_after=2024-12-03T00:00:00+00:00
[2024-12-03T16:54:11.654+0000] {processor.py:176} INFO - Processing /home/airflow/.local/lib/python3.7/site-packages/airflow/example_dags/example_bash_operator.py took 0.175 seconds
[2024-12-03T16:54:41.999+0000] {processor.py:154} INFO - Started process (PID=7340) to work on /home/airflow/.local/lib/python3.7/site-packages/airflow/example_dags/example_bash_operator.py
[2024-12-03T16:54:42.001+0000] {processor.py:756} INFO - Processing file /home/airflow/.local/lib/python3.7/site-packages/airflow/example_dags/example_bash_operator.py for tasks to queue
[2024-12-03T16:54:42.003+0000] {logging_mixin.py:120} INFO - [2024-12-03T16:54:42.002+0000] {dagbag.py:537} INFO - Filling up the DagBag from /home/airflow/.local/lib/python3.7/site-packages/airflow/example_dags/example_bash_operator.py
[2024-12-03T16:54:42.030+0000] {processor.py:766} INFO - DAG(s) dict_keys(['example_bash_operator']) retrieved from /home/airflow/.local/lib/python3.7/site-packages/airflow/example_dags/example_bash_operator.py
[2024-12-03T16:54:42.090+0000] {logging_mixin.py:120} INFO - [2024-12-03T16:54:42.090+0000] {dag.py:2585} INFO - Sync 1 DAGs
[2024-12-03T16:54:42.128+0000] {logging_mixin.py:120} INFO - [2024-12-03T16:54:42.128+0000] {dag.py:3340} INFO - Setting next_dagrun for example_bash_operator to 2024-12-02T00:00:00+00:00, run_after=2024-12-03T00:00:00+00:00
[2024-12-03T16:54:42.162+0000] {processor.py:176} INFO - Processing /home/airflow/.local/lib/python3.7/site-packages/airflow/example_dags/example_bash_operator.py took 0.166 seconds
[2024-12-03T16:55:12.603+0000] {processor.py:154} INFO - Started process (PID=7405) to work on /home/airflow/.local/lib/python3.7/site-packages/airflow/example_dags/example_bash_operator.py
[2024-12-03T16:55:12.605+0000] {processor.py:756} INFO - Processing file /home/airflow/.local/lib/python3.7/site-packages/airflow/example_dags/example_bash_operator.py for tasks to queue
[2024-12-03T16:55:12.606+0000] {logging_mixin.py:120} INFO - [2024-12-03T16:55:12.606+0000] {dagbag.py:537} INFO - Filling up the DagBag from /home/airflow/.local/lib/python3.7/site-packages/airflow/example_dags/example_bash_operator.py
[2024-12-03T16:55:12.633+0000] {processor.py:766} INFO - DAG(s) dict_keys(['example_bash_operator']) retrieved from /home/airflow/.local/lib/python3.7/site-packages/airflow/example_dags/example_bash_operator.py
[2024-12-03T16:55:12.695+0000] {logging_mixin.py:120} INFO - [2024-12-03T16:55:12.695+0000] {dag.py:2585} INFO - Sync 1 DAGs
[2024-12-03T16:55:12.733+0000] {logging_mixin.py:120} INFO - [2024-12-03T16:55:12.733+0000] {dag.py:3340} INFO - Setting next_dagrun for example_bash_operator to 2024-12-02T00:00:00+00:00, run_after=2024-12-03T00:00:00+00:00
[2024-12-03T16:55:12.766+0000] {processor.py:176} INFO - Processing /home/airflow/.local/lib/python3.7/site-packages/airflow/example_dags/example_bash_operator.py took 0.167 seconds
[2024-12-03T16:55:43.426+0000] {processor.py:154} INFO - Started process (PID=7462) to work on /home/airflow/.local/lib/python3.7/site-packages/airflow/example_dags/example_bash_operator.py
[2024-12-03T16:55:43.427+0000] {processor.py:756} INFO - Processing file /home/airflow/.local/lib/python3.7/site-packages/airflow/example_dags/example_bash_operator.py for tasks to queue
[2024-12-03T16:55:43.428+0000] {logging_mixin.py:120} INFO - [2024-12-03T16:55:43.428+0000] {dagbag.py:537} INFO - Filling up the DagBag from /home/airflow/.local/lib/python3.7/site-packages/airflow/example_dags/example_bash_operator.py
[2024-12-03T16:55:43.453+0000] {processor.py:766} INFO - DAG(s) dict_keys(['example_bash_operator']) retrieved from /home/airflow/.local/lib/python3.7/site-packages/airflow/example_dags/example_bash_operator.py
[2024-12-03T16:55:43.508+0000] {logging_mixin.py:120} INFO - [2024-12-03T16:55:43.508+0000] {dag.py:2585} INFO - Sync 1 DAGs
[2024-12-03T16:55:43.540+0000] {logging_mixin.py:120} INFO - [2024-12-03T16:55:43.539+0000] {dag.py:3340} INFO - Setting next_dagrun for example_bash_operator to 2024-12-02T00:00:00+00:00, run_after=2024-12-03T00:00:00+00:00
[2024-12-03T16:55:43.569+0000] {processor.py:176} INFO - Processing /home/airflow/.local/lib/python3.7/site-packages/airflow/example_dags/example_bash_operator.py took 0.150 seconds
[2024-12-03T16:56:14.164+0000] {processor.py:154} INFO - Started process (PID=7536) to work on /home/airflow/.local/lib/python3.7/site-packages/airflow/example_dags/example_bash_operator.py
[2024-12-03T16:56:14.165+0000] {processor.py:756} INFO - Processing file /home/airflow/.local/lib/python3.7/site-packages/airflow/example_dags/example_bash_operator.py for tasks to queue
[2024-12-03T16:56:14.167+0000] {logging_mixin.py:120} INFO - [2024-12-03T16:56:14.167+0000] {dagbag.py:537} INFO - Filling up the DagBag from /home/airflow/.local/lib/python3.7/site-packages/airflow/example_dags/example_bash_operator.py
[2024-12-03T16:56:14.197+0000] {processor.py:766} INFO - DAG(s) dict_keys(['example_bash_operator']) retrieved from /home/airflow/.local/lib/python3.7/site-packages/airflow/example_dags/example_bash_operator.py
[2024-12-03T16:56:14.291+0000] {logging_mixin.py:120} INFO - [2024-12-03T16:56:14.290+0000] {dag.py:2585} INFO - Sync 1 DAGs
[2024-12-03T16:56:14.360+0000] {logging_mixin.py:120} INFO - [2024-12-03T16:56:14.360+0000] {dag.py:3340} INFO - Setting next_dagrun for example_bash_operator to 2024-12-02T00:00:00+00:00, run_after=2024-12-03T00:00:00+00:00
[2024-12-03T16:56:14.414+0000] {processor.py:176} INFO - Processing /home/airflow/.local/lib/python3.7/site-packages/airflow/example_dags/example_bash_operator.py took 0.254 seconds
