[2024-12-03T15:07:32.234+0000] {processor.py:154} INFO - Started process (PID=62) to work on /home/airflow/.local/lib/python3.7/site-packages/airflow/example_dags/example_branch_day_of_week_operator.py
[2024-12-03T15:07:32.239+0000] {processor.py:756} INFO - Processing file /home/airflow/.local/lib/python3.7/site-packages/airflow/example_dags/example_branch_day_of_week_operator.py for tasks to queue
[2024-12-03T15:07:32.243+0000] {logging_mixin.py:120} INFO - [2024-12-03T15:07:32.242+0000] {dagbag.py:537} INFO - Filling up the DagBag from /home/airflow/.local/lib/python3.7/site-packages/airflow/example_dags/example_branch_day_of_week_operator.py
[2024-12-03T15:07:32.302+0000] {processor.py:766} INFO - DAG(s) dict_keys(['example_weekday_branch_operator']) retrieved from /home/airflow/.local/lib/python3.7/site-packages/airflow/example_dags/example_branch_day_of_week_operator.py
[2024-12-03T15:07:32.806+0000] {logging_mixin.py:120} INFO - [2024-12-03T15:07:32.805+0000] {manager.py:507} INFO - Created Permission View: can read on DAG:example_weekday_branch_operator
[2024-12-03T15:07:32.844+0000] {logging_mixin.py:120} INFO - [2024-12-03T15:07:32.843+0000] {manager.py:507} INFO - Created Permission View: can delete on DAG:example_weekday_branch_operator
[2024-12-03T15:07:32.871+0000] {logging_mixin.py:120} INFO - [2024-12-03T15:07:32.871+0000] {manager.py:507} INFO - Created Permission View: can edit on DAG:example_weekday_branch_operator
[2024-12-03T15:07:32.874+0000] {logging_mixin.py:120} INFO - [2024-12-03T15:07:32.873+0000] {dag.py:2585} INFO - Sync 1 DAGs
[2024-12-03T15:07:32.957+0000] {logging_mixin.py:120} INFO - [2024-12-03T15:07:32.957+0000] {dag.py:2606} INFO - Creating ORM DAG for example_weekday_branch_operator
[2024-12-03T15:07:33.019+0000] {logging_mixin.py:120} INFO - [2024-12-03T15:07:33.019+0000] {dag.py:3340} INFO - Setting next_dagrun for example_weekday_branch_operator to 2024-12-02T00:00:00+00:00, run_after=2024-12-03T00:00:00+00:00
[2024-12-03T15:07:33.097+0000] {processor.py:176} INFO - Processing /home/airflow/.local/lib/python3.7/site-packages/airflow/example_dags/example_branch_day_of_week_operator.py took 0.879 seconds
[2024-12-03T15:08:03.569+0000] {processor.py:154} INFO - Started process (PID=117) to work on /home/airflow/.local/lib/python3.7/site-packages/airflow/example_dags/example_branch_day_of_week_operator.py
[2024-12-03T15:08:03.572+0000] {processor.py:756} INFO - Processing file /home/airflow/.local/lib/python3.7/site-packages/airflow/example_dags/example_branch_day_of_week_operator.py for tasks to queue
[2024-12-03T15:08:03.575+0000] {logging_mixin.py:120} INFO - [2024-12-03T15:08:03.574+0000] {dagbag.py:537} INFO - Filling up the DagBag from /home/airflow/.local/lib/python3.7/site-packages/airflow/example_dags/example_branch_day_of_week_operator.py
[2024-12-03T15:08:03.619+0000] {processor.py:766} INFO - DAG(s) dict_keys(['example_weekday_branch_operator']) retrieved from /home/airflow/.local/lib/python3.7/site-packages/airflow/example_dags/example_branch_day_of_week_operator.py
[2024-12-03T15:08:03.726+0000] {logging_mixin.py:120} INFO - [2024-12-03T15:08:03.726+0000] {dag.py:2585} INFO - Sync 1 DAGs
[2024-12-03T15:08:03.807+0000] {logging_mixin.py:120} INFO - [2024-12-03T15:08:03.806+0000] {dag.py:3340} INFO - Setting next_dagrun for example_weekday_branch_operator to 2024-12-02T00:00:00+00:00, run_after=2024-12-03T00:00:00+00:00
[2024-12-03T15:08:03.857+0000] {processor.py:176} INFO - Processing /home/airflow/.local/lib/python3.7/site-packages/airflow/example_dags/example_branch_day_of_week_operator.py took 0.311 seconds
[2024-12-03T15:08:33.921+0000] {processor.py:154} INFO - Started process (PID=173) to work on /home/airflow/.local/lib/python3.7/site-packages/airflow/example_dags/example_branch_day_of_week_operator.py
[2024-12-03T15:08:33.923+0000] {processor.py:756} INFO - Processing file /home/airflow/.local/lib/python3.7/site-packages/airflow/example_dags/example_branch_day_of_week_operator.py for tasks to queue
[2024-12-03T15:08:33.925+0000] {logging_mixin.py:120} INFO - [2024-12-03T15:08:33.925+0000] {dagbag.py:537} INFO - Filling up the DagBag from /home/airflow/.local/lib/python3.7/site-packages/airflow/example_dags/example_branch_day_of_week_operator.py
[2024-12-03T15:08:33.943+0000] {processor.py:766} INFO - DAG(s) dict_keys(['example_weekday_branch_operator']) retrieved from /home/airflow/.local/lib/python3.7/site-packages/airflow/example_dags/example_branch_day_of_week_operator.py
[2024-12-03T15:08:34.020+0000] {logging_mixin.py:120} INFO - [2024-12-03T15:08:34.020+0000] {dag.py:2585} INFO - Sync 1 DAGs
[2024-12-03T15:08:34.082+0000] {logging_mixin.py:120} INFO - [2024-12-03T15:08:34.081+0000] {dag.py:3340} INFO - Setting next_dagrun for example_weekday_branch_operator to 2024-12-02T00:00:00+00:00, run_after=2024-12-03T00:00:00+00:00
[2024-12-03T15:08:34.123+0000] {processor.py:176} INFO - Processing /home/airflow/.local/lib/python3.7/site-packages/airflow/example_dags/example_branch_day_of_week_operator.py took 0.205 seconds
[2024-12-03T15:09:04.629+0000] {processor.py:154} INFO - Started process (PID=228) to work on /home/airflow/.local/lib/python3.7/site-packages/airflow/example_dags/example_branch_day_of_week_operator.py
[2024-12-03T15:09:04.631+0000] {processor.py:756} INFO - Processing file /home/airflow/.local/lib/python3.7/site-packages/airflow/example_dags/example_branch_day_of_week_operator.py for tasks to queue
[2024-12-03T15:09:04.633+0000] {logging_mixin.py:120} INFO - [2024-12-03T15:09:04.633+0000] {dagbag.py:537} INFO - Filling up the DagBag from /home/airflow/.local/lib/python3.7/site-packages/airflow/example_dags/example_branch_day_of_week_operator.py
[2024-12-03T15:09:04.663+0000] {processor.py:766} INFO - DAG(s) dict_keys(['example_weekday_branch_operator']) retrieved from /home/airflow/.local/lib/python3.7/site-packages/airflow/example_dags/example_branch_day_of_week_operator.py
[2024-12-03T15:09:04.736+0000] {logging_mixin.py:120} INFO - [2024-12-03T15:09:04.735+0000] {dag.py:2585} INFO - Sync 1 DAGs
[2024-12-03T15:09:04.788+0000] {logging_mixin.py:120} INFO - [2024-12-03T15:09:04.788+0000] {dag.py:3340} INFO - Setting next_dagrun for example_weekday_branch_operator to 2024-12-02T00:00:00+00:00, run_after=2024-12-03T00:00:00+00:00
[2024-12-03T15:09:04.835+0000] {processor.py:176} INFO - Processing /home/airflow/.local/lib/python3.7/site-packages/airflow/example_dags/example_branch_day_of_week_operator.py took 0.211 seconds
[2024-12-03T15:09:35.579+0000] {processor.py:154} INFO - Started process (PID=290) to work on /home/airflow/.local/lib/python3.7/site-packages/airflow/example_dags/example_branch_day_of_week_operator.py
[2024-12-03T15:09:35.583+0000] {processor.py:756} INFO - Processing file /home/airflow/.local/lib/python3.7/site-packages/airflow/example_dags/example_branch_day_of_week_operator.py for tasks to queue
[2024-12-03T15:09:35.585+0000] {logging_mixin.py:120} INFO - [2024-12-03T15:09:35.585+0000] {dagbag.py:537} INFO - Filling up the DagBag from /home/airflow/.local/lib/python3.7/site-packages/airflow/example_dags/example_branch_day_of_week_operator.py
[2024-12-03T15:09:35.625+0000] {processor.py:766} INFO - DAG(s) dict_keys(['example_weekday_branch_operator']) retrieved from /home/airflow/.local/lib/python3.7/site-packages/airflow/example_dags/example_branch_day_of_week_operator.py
[2024-12-03T15:09:35.729+0000] {logging_mixin.py:120} INFO - [2024-12-03T15:09:35.729+0000] {dag.py:2585} INFO - Sync 1 DAGs
[2024-12-03T15:09:35.813+0000] {logging_mixin.py:120} INFO - [2024-12-03T15:09:35.813+0000] {dag.py:3340} INFO - Setting next_dagrun for example_weekday_branch_operator to 2024-12-02T00:00:00+00:00, run_after=2024-12-03T00:00:00+00:00
[2024-12-03T15:09:35.871+0000] {processor.py:176} INFO - Processing /home/airflow/.local/lib/python3.7/site-packages/airflow/example_dags/example_branch_day_of_week_operator.py took 0.299 seconds
[2024-12-03T15:10:06.723+0000] {processor.py:154} INFO - Started process (PID=347) to work on /home/airflow/.local/lib/python3.7/site-packages/airflow/example_dags/example_branch_day_of_week_operator.py
[2024-12-03T15:10:06.725+0000] {processor.py:756} INFO - Processing file /home/airflow/.local/lib/python3.7/site-packages/airflow/example_dags/example_branch_day_of_week_operator.py for tasks to queue
[2024-12-03T15:10:06.728+0000] {logging_mixin.py:120} INFO - [2024-12-03T15:10:06.728+0000] {dagbag.py:537} INFO - Filling up the DagBag from /home/airflow/.local/lib/python3.7/site-packages/airflow/example_dags/example_branch_day_of_week_operator.py
[2024-12-03T15:10:06.754+0000] {processor.py:766} INFO - DAG(s) dict_keys(['example_weekday_branch_operator']) retrieved from /home/airflow/.local/lib/python3.7/site-packages/airflow/example_dags/example_branch_day_of_week_operator.py
[2024-12-03T15:10:06.808+0000] {logging_mixin.py:120} INFO - [2024-12-03T15:10:06.808+0000] {dag.py:2585} INFO - Sync 1 DAGs
[2024-12-03T15:10:06.844+0000] {logging_mixin.py:120} INFO - [2024-12-03T15:10:06.844+0000] {dag.py:3340} INFO - Setting next_dagrun for example_weekday_branch_operator to 2024-12-02T00:00:00+00:00, run_after=2024-12-03T00:00:00+00:00
[2024-12-03T15:10:06.881+0000] {processor.py:176} INFO - Processing /home/airflow/.local/lib/python3.7/site-packages/airflow/example_dags/example_branch_day_of_week_operator.py took 0.161 seconds
[2024-12-03T15:10:37.744+0000] {processor.py:154} INFO - Started process (PID=403) to work on /home/airflow/.local/lib/python3.7/site-packages/airflow/example_dags/example_branch_day_of_week_operator.py
[2024-12-03T15:10:37.747+0000] {processor.py:756} INFO - Processing file /home/airflow/.local/lib/python3.7/site-packages/airflow/example_dags/example_branch_day_of_week_operator.py for tasks to queue
[2024-12-03T15:10:37.750+0000] {logging_mixin.py:120} INFO - [2024-12-03T15:10:37.749+0000] {dagbag.py:537} INFO - Filling up the DagBag from /home/airflow/.local/lib/python3.7/site-packages/airflow/example_dags/example_branch_day_of_week_operator.py
[2024-12-03T15:10:37.778+0000] {processor.py:766} INFO - DAG(s) dict_keys(['example_weekday_branch_operator']) retrieved from /home/airflow/.local/lib/python3.7/site-packages/airflow/example_dags/example_branch_day_of_week_operator.py
[2024-12-03T15:10:37.854+0000] {logging_mixin.py:120} INFO - [2024-12-03T15:10:37.854+0000] {dag.py:2585} INFO - Sync 1 DAGs
[2024-12-03T15:10:37.934+0000] {logging_mixin.py:120} INFO - [2024-12-03T15:10:37.933+0000] {dag.py:3340} INFO - Setting next_dagrun for example_weekday_branch_operator to 2024-12-02T00:00:00+00:00, run_after=2024-12-03T00:00:00+00:00
[2024-12-03T15:10:37.995+0000] {processor.py:176} INFO - Processing /home/airflow/.local/lib/python3.7/site-packages/airflow/example_dags/example_branch_day_of_week_operator.py took 0.261 seconds
[2024-12-03T15:11:08.797+0000] {processor.py:154} INFO - Started process (PID=467) to work on /home/airflow/.local/lib/python3.7/site-packages/airflow/example_dags/example_branch_day_of_week_operator.py
[2024-12-03T15:11:08.802+0000] {processor.py:756} INFO - Processing file /home/airflow/.local/lib/python3.7/site-packages/airflow/example_dags/example_branch_day_of_week_operator.py for tasks to queue
[2024-12-03T15:11:08.805+0000] {logging_mixin.py:120} INFO - [2024-12-03T15:11:08.805+0000] {dagbag.py:537} INFO - Filling up the DagBag from /home/airflow/.local/lib/python3.7/site-packages/airflow/example_dags/example_branch_day_of_week_operator.py
[2024-12-03T15:11:08.833+0000] {processor.py:766} INFO - DAG(s) dict_keys(['example_weekday_branch_operator']) retrieved from /home/airflow/.local/lib/python3.7/site-packages/airflow/example_dags/example_branch_day_of_week_operator.py
[2024-12-03T15:11:08.904+0000] {logging_mixin.py:120} INFO - [2024-12-03T15:11:08.904+0000] {dag.py:2585} INFO - Sync 1 DAGs
[2024-12-03T15:11:08.949+0000] {logging_mixin.py:120} INFO - [2024-12-03T15:11:08.949+0000] {dag.py:3340} INFO - Setting next_dagrun for example_weekday_branch_operator to 2024-12-02T00:00:00+00:00, run_after=2024-12-03T00:00:00+00:00
[2024-12-03T15:11:08.998+0000] {processor.py:176} INFO - Processing /home/airflow/.local/lib/python3.7/site-packages/airflow/example_dags/example_branch_day_of_week_operator.py took 0.205 seconds
[2024-12-03T15:11:39.344+0000] {processor.py:154} INFO - Started process (PID=523) to work on /home/airflow/.local/lib/python3.7/site-packages/airflow/example_dags/example_branch_day_of_week_operator.py
[2024-12-03T15:11:39.346+0000] {processor.py:756} INFO - Processing file /home/airflow/.local/lib/python3.7/site-packages/airflow/example_dags/example_branch_day_of_week_operator.py for tasks to queue
[2024-12-03T15:11:39.349+0000] {logging_mixin.py:120} INFO - [2024-12-03T15:11:39.348+0000] {dagbag.py:537} INFO - Filling up the DagBag from /home/airflow/.local/lib/python3.7/site-packages/airflow/example_dags/example_branch_day_of_week_operator.py
[2024-12-03T15:11:39.390+0000] {processor.py:766} INFO - DAG(s) dict_keys(['example_weekday_branch_operator']) retrieved from /home/airflow/.local/lib/python3.7/site-packages/airflow/example_dags/example_branch_day_of_week_operator.py
[2024-12-03T15:11:39.473+0000] {logging_mixin.py:120} INFO - [2024-12-03T15:11:39.472+0000] {dag.py:2585} INFO - Sync 1 DAGs
[2024-12-03T15:11:39.535+0000] {logging_mixin.py:120} INFO - [2024-12-03T15:11:39.535+0000] {dag.py:3340} INFO - Setting next_dagrun for example_weekday_branch_operator to 2024-12-02T00:00:00+00:00, run_after=2024-12-03T00:00:00+00:00
[2024-12-03T15:11:39.586+0000] {processor.py:176} INFO - Processing /home/airflow/.local/lib/python3.7/site-packages/airflow/example_dags/example_branch_day_of_week_operator.py took 0.246 seconds
[2024-12-03T15:12:10.414+0000] {processor.py:154} INFO - Started process (PID=587) to work on /home/airflow/.local/lib/python3.7/site-packages/airflow/example_dags/example_branch_day_of_week_operator.py
[2024-12-03T15:12:10.415+0000] {processor.py:756} INFO - Processing file /home/airflow/.local/lib/python3.7/site-packages/airflow/example_dags/example_branch_day_of_week_operator.py for tasks to queue
[2024-12-03T15:12:10.417+0000] {logging_mixin.py:120} INFO - [2024-12-03T15:12:10.417+0000] {dagbag.py:537} INFO - Filling up the DagBag from /home/airflow/.local/lib/python3.7/site-packages/airflow/example_dags/example_branch_day_of_week_operator.py
[2024-12-03T15:12:10.457+0000] {processor.py:766} INFO - DAG(s) dict_keys(['example_weekday_branch_operator']) retrieved from /home/airflow/.local/lib/python3.7/site-packages/airflow/example_dags/example_branch_day_of_week_operator.py
[2024-12-03T15:12:10.566+0000] {logging_mixin.py:120} INFO - [2024-12-03T15:12:10.565+0000] {dag.py:2585} INFO - Sync 1 DAGs
[2024-12-03T15:12:10.631+0000] {logging_mixin.py:120} INFO - [2024-12-03T15:12:10.631+0000] {dag.py:3340} INFO - Setting next_dagrun for example_weekday_branch_operator to 2024-12-02T00:00:00+00:00, run_after=2024-12-03T00:00:00+00:00
[2024-12-03T15:12:10.693+0000] {processor.py:176} INFO - Processing /home/airflow/.local/lib/python3.7/site-packages/airflow/example_dags/example_branch_day_of_week_operator.py took 0.284 seconds
[2024-12-03T15:12:41.131+0000] {processor.py:154} INFO - Started process (PID=642) to work on /home/airflow/.local/lib/python3.7/site-packages/airflow/example_dags/example_branch_day_of_week_operator.py
[2024-12-03T15:12:41.134+0000] {processor.py:756} INFO - Processing file /home/airflow/.local/lib/python3.7/site-packages/airflow/example_dags/example_branch_day_of_week_operator.py for tasks to queue
[2024-12-03T15:12:41.137+0000] {logging_mixin.py:120} INFO - [2024-12-03T15:12:41.136+0000] {dagbag.py:537} INFO - Filling up the DagBag from /home/airflow/.local/lib/python3.7/site-packages/airflow/example_dags/example_branch_day_of_week_operator.py
[2024-12-03T15:12:41.165+0000] {processor.py:766} INFO - DAG(s) dict_keys(['example_weekday_branch_operator']) retrieved from /home/airflow/.local/lib/python3.7/site-packages/airflow/example_dags/example_branch_day_of_week_operator.py
[2024-12-03T15:12:41.248+0000] {logging_mixin.py:120} INFO - [2024-12-03T15:12:41.248+0000] {dag.py:2585} INFO - Sync 1 DAGs
[2024-12-03T15:12:41.308+0000] {logging_mixin.py:120} INFO - [2024-12-03T15:12:41.308+0000] {dag.py:3340} INFO - Setting next_dagrun for example_weekday_branch_operator to 2024-12-02T00:00:00+00:00, run_after=2024-12-03T00:00:00+00:00
[2024-12-03T15:12:41.371+0000] {processor.py:176} INFO - Processing /home/airflow/.local/lib/python3.7/site-packages/airflow/example_dags/example_branch_day_of_week_operator.py took 0.244 seconds
[2024-12-03T15:13:11.938+0000] {processor.py:154} INFO - Started process (PID=697) to work on /home/airflow/.local/lib/python3.7/site-packages/airflow/example_dags/example_branch_day_of_week_operator.py
[2024-12-03T15:13:11.940+0000] {processor.py:756} INFO - Processing file /home/airflow/.local/lib/python3.7/site-packages/airflow/example_dags/example_branch_day_of_week_operator.py for tasks to queue
[2024-12-03T15:13:11.942+0000] {logging_mixin.py:120} INFO - [2024-12-03T15:13:11.941+0000] {dagbag.py:537} INFO - Filling up the DagBag from /home/airflow/.local/lib/python3.7/site-packages/airflow/example_dags/example_branch_day_of_week_operator.py
[2024-12-03T15:13:11.970+0000] {processor.py:766} INFO - DAG(s) dict_keys(['example_weekday_branch_operator']) retrieved from /home/airflow/.local/lib/python3.7/site-packages/airflow/example_dags/example_branch_day_of_week_operator.py
[2024-12-03T15:13:12.048+0000] {logging_mixin.py:120} INFO - [2024-12-03T15:13:12.048+0000] {dag.py:2585} INFO - Sync 1 DAGs
[2024-12-03T15:13:12.103+0000] {logging_mixin.py:120} INFO - [2024-12-03T15:13:12.103+0000] {dag.py:3340} INFO - Setting next_dagrun for example_weekday_branch_operator to 2024-12-02T00:00:00+00:00, run_after=2024-12-03T00:00:00+00:00
[2024-12-03T15:13:12.152+0000] {processor.py:176} INFO - Processing /home/airflow/.local/lib/python3.7/site-packages/airflow/example_dags/example_branch_day_of_week_operator.py took 0.218 seconds
[2024-12-03T15:13:42.285+0000] {processor.py:154} INFO - Started process (PID=762) to work on /home/airflow/.local/lib/python3.7/site-packages/airflow/example_dags/example_branch_day_of_week_operator.py
[2024-12-03T15:13:42.286+0000] {processor.py:756} INFO - Processing file /home/airflow/.local/lib/python3.7/site-packages/airflow/example_dags/example_branch_day_of_week_operator.py for tasks to queue
[2024-12-03T15:13:42.289+0000] {logging_mixin.py:120} INFO - [2024-12-03T15:13:42.288+0000] {dagbag.py:537} INFO - Filling up the DagBag from /home/airflow/.local/lib/python3.7/site-packages/airflow/example_dags/example_branch_day_of_week_operator.py
[2024-12-03T15:13:42.321+0000] {processor.py:766} INFO - DAG(s) dict_keys(['example_weekday_branch_operator']) retrieved from /home/airflow/.local/lib/python3.7/site-packages/airflow/example_dags/example_branch_day_of_week_operator.py
[2024-12-03T15:13:42.415+0000] {logging_mixin.py:120} INFO - [2024-12-03T15:13:42.415+0000] {dag.py:2585} INFO - Sync 1 DAGs
[2024-12-03T15:13:42.482+0000] {logging_mixin.py:120} INFO - [2024-12-03T15:13:42.481+0000] {dag.py:3340} INFO - Setting next_dagrun for example_weekday_branch_operator to 2024-12-02T00:00:00+00:00, run_after=2024-12-03T00:00:00+00:00
[2024-12-03T15:13:42.531+0000] {processor.py:176} INFO - Processing /home/airflow/.local/lib/python3.7/site-packages/airflow/example_dags/example_branch_day_of_week_operator.py took 0.251 seconds
[2024-12-03T15:14:12.880+0000] {processor.py:154} INFO - Started process (PID=817) to work on /home/airflow/.local/lib/python3.7/site-packages/airflow/example_dags/example_branch_day_of_week_operator.py
[2024-12-03T15:14:12.882+0000] {processor.py:756} INFO - Processing file /home/airflow/.local/lib/python3.7/site-packages/airflow/example_dags/example_branch_day_of_week_operator.py for tasks to queue
[2024-12-03T15:14:12.883+0000] {logging_mixin.py:120} INFO - [2024-12-03T15:14:12.883+0000] {dagbag.py:537} INFO - Filling up the DagBag from /home/airflow/.local/lib/python3.7/site-packages/airflow/example_dags/example_branch_day_of_week_operator.py
[2024-12-03T15:14:12.930+0000] {processor.py:766} INFO - DAG(s) dict_keys(['example_weekday_branch_operator']) retrieved from /home/airflow/.local/lib/python3.7/site-packages/airflow/example_dags/example_branch_day_of_week_operator.py
[2024-12-03T15:14:12.977+0000] {logging_mixin.py:120} INFO - [2024-12-03T15:14:12.977+0000] {dag.py:2585} INFO - Sync 1 DAGs
[2024-12-03T15:14:13.020+0000] {logging_mixin.py:120} INFO - [2024-12-03T15:14:13.019+0000] {dag.py:3340} INFO - Setting next_dagrun for example_weekday_branch_operator to 2024-12-02T00:00:00+00:00, run_after=2024-12-03T00:00:00+00:00
[2024-12-03T15:14:13.058+0000] {processor.py:176} INFO - Processing /home/airflow/.local/lib/python3.7/site-packages/airflow/example_dags/example_branch_day_of_week_operator.py took 0.182 seconds
[2024-12-03T15:14:44.100+0000] {processor.py:154} INFO - Started process (PID=872) to work on /home/airflow/.local/lib/python3.7/site-packages/airflow/example_dags/example_branch_day_of_week_operator.py
[2024-12-03T15:14:44.102+0000] {processor.py:756} INFO - Processing file /home/airflow/.local/lib/python3.7/site-packages/airflow/example_dags/example_branch_day_of_week_operator.py for tasks to queue
[2024-12-03T15:14:44.104+0000] {logging_mixin.py:120} INFO - [2024-12-03T15:14:44.104+0000] {dagbag.py:537} INFO - Filling up the DagBag from /home/airflow/.local/lib/python3.7/site-packages/airflow/example_dags/example_branch_day_of_week_operator.py
[2024-12-03T15:14:44.148+0000] {processor.py:766} INFO - DAG(s) dict_keys(['example_weekday_branch_operator']) retrieved from /home/airflow/.local/lib/python3.7/site-packages/airflow/example_dags/example_branch_day_of_week_operator.py
[2024-12-03T15:14:44.223+0000] {logging_mixin.py:120} INFO - [2024-12-03T15:14:44.222+0000] {dag.py:2585} INFO - Sync 1 DAGs
[2024-12-03T15:14:44.287+0000] {logging_mixin.py:120} INFO - [2024-12-03T15:14:44.286+0000] {dag.py:3340} INFO - Setting next_dagrun for example_weekday_branch_operator to 2024-12-02T00:00:00+00:00, run_after=2024-12-03T00:00:00+00:00
[2024-12-03T15:14:44.333+0000] {processor.py:176} INFO - Processing /home/airflow/.local/lib/python3.7/site-packages/airflow/example_dags/example_branch_day_of_week_operator.py took 0.238 seconds
[2024-12-03T15:15:14.539+0000] {processor.py:154} INFO - Started process (PID=927) to work on /home/airflow/.local/lib/python3.7/site-packages/airflow/example_dags/example_branch_day_of_week_operator.py
[2024-12-03T15:15:14.541+0000] {processor.py:756} INFO - Processing file /home/airflow/.local/lib/python3.7/site-packages/airflow/example_dags/example_branch_day_of_week_operator.py for tasks to queue
[2024-12-03T15:15:14.543+0000] {logging_mixin.py:120} INFO - [2024-12-03T15:15:14.543+0000] {dagbag.py:537} INFO - Filling up the DagBag from /home/airflow/.local/lib/python3.7/site-packages/airflow/example_dags/example_branch_day_of_week_operator.py
[2024-12-03T15:15:14.581+0000] {processor.py:766} INFO - DAG(s) dict_keys(['example_weekday_branch_operator']) retrieved from /home/airflow/.local/lib/python3.7/site-packages/airflow/example_dags/example_branch_day_of_week_operator.py
[2024-12-03T15:15:14.656+0000] {logging_mixin.py:120} INFO - [2024-12-03T15:15:14.655+0000] {dag.py:2585} INFO - Sync 1 DAGs
[2024-12-03T15:15:14.723+0000] {logging_mixin.py:120} INFO - [2024-12-03T15:15:14.722+0000] {dag.py:3340} INFO - Setting next_dagrun for example_weekday_branch_operator to 2024-12-02T00:00:00+00:00, run_after=2024-12-03T00:00:00+00:00
[2024-12-03T15:15:14.785+0000] {processor.py:176} INFO - Processing /home/airflow/.local/lib/python3.7/site-packages/airflow/example_dags/example_branch_day_of_week_operator.py took 0.252 seconds
[2024-12-03T15:15:45.586+0000] {processor.py:154} INFO - Started process (PID=993) to work on /home/airflow/.local/lib/python3.7/site-packages/airflow/example_dags/example_branch_day_of_week_operator.py
[2024-12-03T15:15:45.589+0000] {processor.py:756} INFO - Processing file /home/airflow/.local/lib/python3.7/site-packages/airflow/example_dags/example_branch_day_of_week_operator.py for tasks to queue
[2024-12-03T15:15:45.591+0000] {logging_mixin.py:120} INFO - [2024-12-03T15:15:45.591+0000] {dagbag.py:537} INFO - Filling up the DagBag from /home/airflow/.local/lib/python3.7/site-packages/airflow/example_dags/example_branch_day_of_week_operator.py
[2024-12-03T15:15:45.628+0000] {processor.py:766} INFO - DAG(s) dict_keys(['example_weekday_branch_operator']) retrieved from /home/airflow/.local/lib/python3.7/site-packages/airflow/example_dags/example_branch_day_of_week_operator.py
[2024-12-03T15:15:45.722+0000] {logging_mixin.py:120} INFO - [2024-12-03T15:15:45.722+0000] {dag.py:2585} INFO - Sync 1 DAGs
[2024-12-03T15:15:45.793+0000] {logging_mixin.py:120} INFO - [2024-12-03T15:15:45.793+0000] {dag.py:3340} INFO - Setting next_dagrun for example_weekday_branch_operator to 2024-12-02T00:00:00+00:00, run_after=2024-12-03T00:00:00+00:00
[2024-12-03T15:15:45.850+0000] {processor.py:176} INFO - Processing /home/airflow/.local/lib/python3.7/site-packages/airflow/example_dags/example_branch_day_of_week_operator.py took 0.270 seconds
[2024-12-03T15:16:16.779+0000] {processor.py:154} INFO - Started process (PID=1049) to work on /home/airflow/.local/lib/python3.7/site-packages/airflow/example_dags/example_branch_day_of_week_operator.py
[2024-12-03T15:16:16.781+0000] {processor.py:756} INFO - Processing file /home/airflow/.local/lib/python3.7/site-packages/airflow/example_dags/example_branch_day_of_week_operator.py for tasks to queue
[2024-12-03T15:16:16.782+0000] {logging_mixin.py:120} INFO - [2024-12-03T15:16:16.782+0000] {dagbag.py:537} INFO - Filling up the DagBag from /home/airflow/.local/lib/python3.7/site-packages/airflow/example_dags/example_branch_day_of_week_operator.py
[2024-12-03T15:16:16.809+0000] {processor.py:766} INFO - DAG(s) dict_keys(['example_weekday_branch_operator']) retrieved from /home/airflow/.local/lib/python3.7/site-packages/airflow/example_dags/example_branch_day_of_week_operator.py
[2024-12-03T15:16:17.121+0000] {logging_mixin.py:120} INFO - [2024-12-03T15:16:17.120+0000] {dag.py:2585} INFO - Sync 1 DAGs
[2024-12-03T15:16:17.208+0000] {logging_mixin.py:120} INFO - [2024-12-03T15:16:17.207+0000] {dag.py:3340} INFO - Setting next_dagrun for example_weekday_branch_operator to 2024-12-02T00:00:00+00:00, run_after=2024-12-03T00:00:00+00:00
[2024-12-03T15:16:17.266+0000] {processor.py:176} INFO - Processing /home/airflow/.local/lib/python3.7/site-packages/airflow/example_dags/example_branch_day_of_week_operator.py took 0.493 seconds
[2024-12-03T15:16:47.576+0000] {processor.py:154} INFO - Started process (PID=1113) to work on /home/airflow/.local/lib/python3.7/site-packages/airflow/example_dags/example_branch_day_of_week_operator.py
[2024-12-03T15:16:47.578+0000] {processor.py:756} INFO - Processing file /home/airflow/.local/lib/python3.7/site-packages/airflow/example_dags/example_branch_day_of_week_operator.py for tasks to queue
[2024-12-03T15:16:47.579+0000] {logging_mixin.py:120} INFO - [2024-12-03T15:16:47.579+0000] {dagbag.py:537} INFO - Filling up the DagBag from /home/airflow/.local/lib/python3.7/site-packages/airflow/example_dags/example_branch_day_of_week_operator.py
[2024-12-03T15:16:47.611+0000] {processor.py:766} INFO - DAG(s) dict_keys(['example_weekday_branch_operator']) retrieved from /home/airflow/.local/lib/python3.7/site-packages/airflow/example_dags/example_branch_day_of_week_operator.py
[2024-12-03T15:16:47.652+0000] {logging_mixin.py:120} INFO - [2024-12-03T15:16:47.652+0000] {dag.py:2585} INFO - Sync 1 DAGs
[2024-12-03T15:16:47.698+0000] {logging_mixin.py:120} INFO - [2024-12-03T15:16:47.697+0000] {dag.py:3340} INFO - Setting next_dagrun for example_weekday_branch_operator to 2024-12-02T00:00:00+00:00, run_after=2024-12-03T00:00:00+00:00
[2024-12-03T15:16:47.734+0000] {processor.py:176} INFO - Processing /home/airflow/.local/lib/python3.7/site-packages/airflow/example_dags/example_branch_day_of_week_operator.py took 0.163 seconds
[2024-12-03T15:17:18.910+0000] {processor.py:154} INFO - Started process (PID=1168) to work on /home/airflow/.local/lib/python3.7/site-packages/airflow/example_dags/example_branch_day_of_week_operator.py
[2024-12-03T15:17:18.912+0000] {processor.py:756} INFO - Processing file /home/airflow/.local/lib/python3.7/site-packages/airflow/example_dags/example_branch_day_of_week_operator.py for tasks to queue
[2024-12-03T15:17:18.914+0000] {logging_mixin.py:120} INFO - [2024-12-03T15:17:18.914+0000] {dagbag.py:537} INFO - Filling up the DagBag from /home/airflow/.local/lib/python3.7/site-packages/airflow/example_dags/example_branch_day_of_week_operator.py
[2024-12-03T15:17:18.984+0000] {processor.py:766} INFO - DAG(s) dict_keys(['example_weekday_branch_operator']) retrieved from /home/airflow/.local/lib/python3.7/site-packages/airflow/example_dags/example_branch_day_of_week_operator.py
[2024-12-03T15:17:19.100+0000] {logging_mixin.py:120} INFO - [2024-12-03T15:17:19.099+0000] {dag.py:2585} INFO - Sync 1 DAGs
[2024-12-03T15:17:19.143+0000] {logging_mixin.py:120} INFO - [2024-12-03T15:17:19.143+0000] {dag.py:3340} INFO - Setting next_dagrun for example_weekday_branch_operator to 2024-12-02T00:00:00+00:00, run_after=2024-12-03T00:00:00+00:00
[2024-12-03T15:17:19.183+0000] {processor.py:176} INFO - Processing /home/airflow/.local/lib/python3.7/site-packages/airflow/example_dags/example_branch_day_of_week_operator.py took 0.277 seconds
[2024-12-03T15:17:56.338+0000] {processor.py:154} INFO - Started process (PID=53) to work on /home/airflow/.local/lib/python3.7/site-packages/airflow/example_dags/example_branch_day_of_week_operator.py
[2024-12-03T15:17:56.340+0000] {processor.py:756} INFO - Processing file /home/airflow/.local/lib/python3.7/site-packages/airflow/example_dags/example_branch_day_of_week_operator.py for tasks to queue
[2024-12-03T15:17:56.342+0000] {logging_mixin.py:120} INFO - [2024-12-03T15:17:56.342+0000] {dagbag.py:537} INFO - Filling up the DagBag from /home/airflow/.local/lib/python3.7/site-packages/airflow/example_dags/example_branch_day_of_week_operator.py
[2024-12-03T15:17:56.367+0000] {processor.py:766} INFO - DAG(s) dict_keys(['example_weekday_branch_operator']) retrieved from /home/airflow/.local/lib/python3.7/site-packages/airflow/example_dags/example_branch_day_of_week_operator.py
[2024-12-03T15:17:56.432+0000] {logging_mixin.py:120} INFO - [2024-12-03T15:17:56.432+0000] {dag.py:2585} INFO - Sync 1 DAGs
[2024-12-03T15:17:56.478+0000] {logging_mixin.py:120} INFO - [2024-12-03T15:17:56.477+0000] {dag.py:3340} INFO - Setting next_dagrun for example_weekday_branch_operator to 2024-12-02T00:00:00+00:00, run_after=2024-12-03T00:00:00+00:00
[2024-12-03T15:17:56.520+0000] {processor.py:176} INFO - Processing /home/airflow/.local/lib/python3.7/site-packages/airflow/example_dags/example_branch_day_of_week_operator.py took 0.186 seconds
[2024-12-03T15:18:26.857+0000] {processor.py:154} INFO - Started process (PID=108) to work on /home/airflow/.local/lib/python3.7/site-packages/airflow/example_dags/example_branch_day_of_week_operator.py
[2024-12-03T15:18:26.859+0000] {processor.py:756} INFO - Processing file /home/airflow/.local/lib/python3.7/site-packages/airflow/example_dags/example_branch_day_of_week_operator.py for tasks to queue
[2024-12-03T15:18:26.862+0000] {logging_mixin.py:120} INFO - [2024-12-03T15:18:26.862+0000] {dagbag.py:537} INFO - Filling up the DagBag from /home/airflow/.local/lib/python3.7/site-packages/airflow/example_dags/example_branch_day_of_week_operator.py
[2024-12-03T15:18:26.910+0000] {processor.py:766} INFO - DAG(s) dict_keys(['example_weekday_branch_operator']) retrieved from /home/airflow/.local/lib/python3.7/site-packages/airflow/example_dags/example_branch_day_of_week_operator.py
[2024-12-03T15:18:27.048+0000] {logging_mixin.py:120} INFO - [2024-12-03T15:18:27.047+0000] {dag.py:2585} INFO - Sync 1 DAGs
[2024-12-03T15:18:27.155+0000] {logging_mixin.py:120} INFO - [2024-12-03T15:18:27.155+0000] {dag.py:3340} INFO - Setting next_dagrun for example_weekday_branch_operator to 2024-12-02T00:00:00+00:00, run_after=2024-12-03T00:00:00+00:00
[2024-12-03T15:18:27.235+0000] {processor.py:176} INFO - Processing /home/airflow/.local/lib/python3.7/site-packages/airflow/example_dags/example_branch_day_of_week_operator.py took 0.386 seconds
[2024-12-03T15:18:57.441+0000] {processor.py:154} INFO - Started process (PID=174) to work on /home/airflow/.local/lib/python3.7/site-packages/airflow/example_dags/example_branch_day_of_week_operator.py
[2024-12-03T15:18:57.443+0000] {processor.py:756} INFO - Processing file /home/airflow/.local/lib/python3.7/site-packages/airflow/example_dags/example_branch_day_of_week_operator.py for tasks to queue
[2024-12-03T15:18:57.445+0000] {logging_mixin.py:120} INFO - [2024-12-03T15:18:57.444+0000] {dagbag.py:537} INFO - Filling up the DagBag from /home/airflow/.local/lib/python3.7/site-packages/airflow/example_dags/example_branch_day_of_week_operator.py
[2024-12-03T15:18:57.475+0000] {processor.py:766} INFO - DAG(s) dict_keys(['example_weekday_branch_operator']) retrieved from /home/airflow/.local/lib/python3.7/site-packages/airflow/example_dags/example_branch_day_of_week_operator.py
[2024-12-03T15:18:57.587+0000] {logging_mixin.py:120} INFO - [2024-12-03T15:18:57.586+0000] {dag.py:2585} INFO - Sync 1 DAGs
[2024-12-03T15:18:57.682+0000] {logging_mixin.py:120} INFO - [2024-12-03T15:18:57.680+0000] {dag.py:3340} INFO - Setting next_dagrun for example_weekday_branch_operator to 2024-12-02T00:00:00+00:00, run_after=2024-12-03T00:00:00+00:00
[2024-12-03T15:18:57.741+0000] {processor.py:176} INFO - Processing /home/airflow/.local/lib/python3.7/site-packages/airflow/example_dags/example_branch_day_of_week_operator.py took 0.305 seconds
[2024-12-03T15:19:28.238+0000] {processor.py:154} INFO - Started process (PID=229) to work on /home/airflow/.local/lib/python3.7/site-packages/airflow/example_dags/example_branch_day_of_week_operator.py
[2024-12-03T15:19:28.240+0000] {processor.py:756} INFO - Processing file /home/airflow/.local/lib/python3.7/site-packages/airflow/example_dags/example_branch_day_of_week_operator.py for tasks to queue
[2024-12-03T15:19:28.242+0000] {logging_mixin.py:120} INFO - [2024-12-03T15:19:28.241+0000] {dagbag.py:537} INFO - Filling up the DagBag from /home/airflow/.local/lib/python3.7/site-packages/airflow/example_dags/example_branch_day_of_week_operator.py
[2024-12-03T15:19:28.275+0000] {processor.py:766} INFO - DAG(s) dict_keys(['example_weekday_branch_operator']) retrieved from /home/airflow/.local/lib/python3.7/site-packages/airflow/example_dags/example_branch_day_of_week_operator.py
[2024-12-03T15:19:28.356+0000] {logging_mixin.py:120} INFO - [2024-12-03T15:19:28.356+0000] {dag.py:2585} INFO - Sync 1 DAGs
[2024-12-03T15:19:28.404+0000] {logging_mixin.py:120} INFO - [2024-12-03T15:19:28.404+0000] {dag.py:3340} INFO - Setting next_dagrun for example_weekday_branch_operator to 2024-12-02T00:00:00+00:00, run_after=2024-12-03T00:00:00+00:00
[2024-12-03T15:19:28.447+0000] {processor.py:176} INFO - Processing /home/airflow/.local/lib/python3.7/site-packages/airflow/example_dags/example_branch_day_of_week_operator.py took 0.215 seconds
[2024-12-03T15:19:59.194+0000] {processor.py:154} INFO - Started process (PID=293) to work on /home/airflow/.local/lib/python3.7/site-packages/airflow/example_dags/example_branch_day_of_week_operator.py
[2024-12-03T15:19:59.196+0000] {processor.py:756} INFO - Processing file /home/airflow/.local/lib/python3.7/site-packages/airflow/example_dags/example_branch_day_of_week_operator.py for tasks to queue
[2024-12-03T15:19:59.198+0000] {logging_mixin.py:120} INFO - [2024-12-03T15:19:59.198+0000] {dagbag.py:537} INFO - Filling up the DagBag from /home/airflow/.local/lib/python3.7/site-packages/airflow/example_dags/example_branch_day_of_week_operator.py
[2024-12-03T15:19:59.222+0000] {processor.py:766} INFO - DAG(s) dict_keys(['example_weekday_branch_operator']) retrieved from /home/airflow/.local/lib/python3.7/site-packages/airflow/example_dags/example_branch_day_of_week_operator.py
[2024-12-03T15:19:59.282+0000] {logging_mixin.py:120} INFO - [2024-12-03T15:19:59.282+0000] {dag.py:2585} INFO - Sync 1 DAGs
[2024-12-03T15:19:59.320+0000] {logging_mixin.py:120} INFO - [2024-12-03T15:19:59.320+0000] {dag.py:3340} INFO - Setting next_dagrun for example_weekday_branch_operator to 2024-12-02T00:00:00+00:00, run_after=2024-12-03T00:00:00+00:00
[2024-12-03T15:19:59.354+0000] {processor.py:176} INFO - Processing /home/airflow/.local/lib/python3.7/site-packages/airflow/example_dags/example_branch_day_of_week_operator.py took 0.163 seconds
[2024-12-03T15:20:29.623+0000] {processor.py:154} INFO - Started process (PID=348) to work on /home/airflow/.local/lib/python3.7/site-packages/airflow/example_dags/example_branch_day_of_week_operator.py
[2024-12-03T15:20:29.624+0000] {processor.py:756} INFO - Processing file /home/airflow/.local/lib/python3.7/site-packages/airflow/example_dags/example_branch_day_of_week_operator.py for tasks to queue
[2024-12-03T15:20:29.626+0000] {logging_mixin.py:120} INFO - [2024-12-03T15:20:29.626+0000] {dagbag.py:537} INFO - Filling up the DagBag from /home/airflow/.local/lib/python3.7/site-packages/airflow/example_dags/example_branch_day_of_week_operator.py
[2024-12-03T15:20:29.658+0000] {processor.py:766} INFO - DAG(s) dict_keys(['example_weekday_branch_operator']) retrieved from /home/airflow/.local/lib/python3.7/site-packages/airflow/example_dags/example_branch_day_of_week_operator.py
[2024-12-03T15:20:29.741+0000] {logging_mixin.py:120} INFO - [2024-12-03T15:20:29.741+0000] {dag.py:2585} INFO - Sync 1 DAGs
[2024-12-03T15:20:29.794+0000] {logging_mixin.py:120} INFO - [2024-12-03T15:20:29.793+0000] {dag.py:3340} INFO - Setting next_dagrun for example_weekday_branch_operator to 2024-12-02T00:00:00+00:00, run_after=2024-12-03T00:00:00+00:00
[2024-12-03T15:20:29.842+0000] {processor.py:176} INFO - Processing /home/airflow/.local/lib/python3.7/site-packages/airflow/example_dags/example_branch_day_of_week_operator.py took 0.225 seconds
[2024-12-03T15:21:00.509+0000] {processor.py:154} INFO - Started process (PID=413) to work on /home/airflow/.local/lib/python3.7/site-packages/airflow/example_dags/example_branch_day_of_week_operator.py
[2024-12-03T15:21:00.512+0000] {processor.py:756} INFO - Processing file /home/airflow/.local/lib/python3.7/site-packages/airflow/example_dags/example_branch_day_of_week_operator.py for tasks to queue
[2024-12-03T15:21:00.517+0000] {logging_mixin.py:120} INFO - [2024-12-03T15:21:00.516+0000] {dagbag.py:537} INFO - Filling up the DagBag from /home/airflow/.local/lib/python3.7/site-packages/airflow/example_dags/example_branch_day_of_week_operator.py
[2024-12-03T15:21:00.589+0000] {processor.py:766} INFO - DAG(s) dict_keys(['example_weekday_branch_operator']) retrieved from /home/airflow/.local/lib/python3.7/site-packages/airflow/example_dags/example_branch_day_of_week_operator.py
[2024-12-03T15:21:00.704+0000] {logging_mixin.py:120} INFO - [2024-12-03T15:21:00.704+0000] {dag.py:2585} INFO - Sync 1 DAGs
[2024-12-03T15:21:00.772+0000] {logging_mixin.py:120} INFO - [2024-12-03T15:21:00.772+0000] {dag.py:3340} INFO - Setting next_dagrun for example_weekday_branch_operator to 2024-12-02T00:00:00+00:00, run_after=2024-12-03T00:00:00+00:00
[2024-12-03T15:21:00.836+0000] {processor.py:176} INFO - Processing /home/airflow/.local/lib/python3.7/site-packages/airflow/example_dags/example_branch_day_of_week_operator.py took 0.337 seconds
[2024-12-03T15:21:31.203+0000] {processor.py:154} INFO - Started process (PID=469) to work on /home/airflow/.local/lib/python3.7/site-packages/airflow/example_dags/example_branch_day_of_week_operator.py
[2024-12-03T15:21:31.205+0000] {processor.py:756} INFO - Processing file /home/airflow/.local/lib/python3.7/site-packages/airflow/example_dags/example_branch_day_of_week_operator.py for tasks to queue
[2024-12-03T15:21:31.207+0000] {logging_mixin.py:120} INFO - [2024-12-03T15:21:31.207+0000] {dagbag.py:537} INFO - Filling up the DagBag from /home/airflow/.local/lib/python3.7/site-packages/airflow/example_dags/example_branch_day_of_week_operator.py
[2024-12-03T15:21:31.228+0000] {processor.py:766} INFO - DAG(s) dict_keys(['example_weekday_branch_operator']) retrieved from /home/airflow/.local/lib/python3.7/site-packages/airflow/example_dags/example_branch_day_of_week_operator.py
[2024-12-03T15:21:31.293+0000] {logging_mixin.py:120} INFO - [2024-12-03T15:21:31.293+0000] {dag.py:2585} INFO - Sync 1 DAGs
[2024-12-03T15:21:31.332+0000] {logging_mixin.py:120} INFO - [2024-12-03T15:21:31.332+0000] {dag.py:3340} INFO - Setting next_dagrun for example_weekday_branch_operator to 2024-12-02T00:00:00+00:00, run_after=2024-12-03T00:00:00+00:00
[2024-12-03T15:21:31.372+0000] {processor.py:176} INFO - Processing /home/airflow/.local/lib/python3.7/site-packages/airflow/example_dags/example_branch_day_of_week_operator.py took 0.174 seconds
[2024-12-03T15:22:02.071+0000] {processor.py:154} INFO - Started process (PID=524) to work on /home/airflow/.local/lib/python3.7/site-packages/airflow/example_dags/example_branch_day_of_week_operator.py
[2024-12-03T15:22:02.074+0000] {processor.py:756} INFO - Processing file /home/airflow/.local/lib/python3.7/site-packages/airflow/example_dags/example_branch_day_of_week_operator.py for tasks to queue
[2024-12-03T15:22:02.076+0000] {logging_mixin.py:120} INFO - [2024-12-03T15:22:02.075+0000] {dagbag.py:537} INFO - Filling up the DagBag from /home/airflow/.local/lib/python3.7/site-packages/airflow/example_dags/example_branch_day_of_week_operator.py
[2024-12-03T15:22:02.106+0000] {processor.py:766} INFO - DAG(s) dict_keys(['example_weekday_branch_operator']) retrieved from /home/airflow/.local/lib/python3.7/site-packages/airflow/example_dags/example_branch_day_of_week_operator.py
[2024-12-03T15:22:02.229+0000] {logging_mixin.py:120} INFO - [2024-12-03T15:22:02.229+0000] {dag.py:2585} INFO - Sync 1 DAGs
[2024-12-03T15:22:02.308+0000] {logging_mixin.py:120} INFO - [2024-12-03T15:22:02.308+0000] {dag.py:3340} INFO - Setting next_dagrun for example_weekday_branch_operator to 2024-12-02T00:00:00+00:00, run_after=2024-12-03T00:00:00+00:00
[2024-12-03T15:22:02.356+0000] {processor.py:176} INFO - Processing /home/airflow/.local/lib/python3.7/site-packages/airflow/example_dags/example_branch_day_of_week_operator.py took 0.290 seconds
[2024-12-03T15:22:33.198+0000] {processor.py:154} INFO - Started process (PID=589) to work on /home/airflow/.local/lib/python3.7/site-packages/airflow/example_dags/example_branch_day_of_week_operator.py
[2024-12-03T15:22:33.200+0000] {processor.py:756} INFO - Processing file /home/airflow/.local/lib/python3.7/site-packages/airflow/example_dags/example_branch_day_of_week_operator.py for tasks to queue
[2024-12-03T15:22:33.201+0000] {logging_mixin.py:120} INFO - [2024-12-03T15:22:33.201+0000] {dagbag.py:537} INFO - Filling up the DagBag from /home/airflow/.local/lib/python3.7/site-packages/airflow/example_dags/example_branch_day_of_week_operator.py
[2024-12-03T15:22:33.231+0000] {processor.py:766} INFO - DAG(s) dict_keys(['example_weekday_branch_operator']) retrieved from /home/airflow/.local/lib/python3.7/site-packages/airflow/example_dags/example_branch_day_of_week_operator.py
[2024-12-03T15:22:33.312+0000] {logging_mixin.py:120} INFO - [2024-12-03T15:22:33.311+0000] {dag.py:2585} INFO - Sync 1 DAGs
[2024-12-03T15:22:33.374+0000] {logging_mixin.py:120} INFO - [2024-12-03T15:22:33.374+0000] {dag.py:3340} INFO - Setting next_dagrun for example_weekday_branch_operator to 2024-12-02T00:00:00+00:00, run_after=2024-12-03T00:00:00+00:00
[2024-12-03T15:22:33.424+0000] {processor.py:176} INFO - Processing /home/airflow/.local/lib/python3.7/site-packages/airflow/example_dags/example_branch_day_of_week_operator.py took 0.231 seconds
[2024-12-03T15:23:03.621+0000] {processor.py:154} INFO - Started process (PID=644) to work on /home/airflow/.local/lib/python3.7/site-packages/airflow/example_dags/example_branch_day_of_week_operator.py
[2024-12-03T15:23:03.625+0000] {processor.py:756} INFO - Processing file /home/airflow/.local/lib/python3.7/site-packages/airflow/example_dags/example_branch_day_of_week_operator.py for tasks to queue
[2024-12-03T15:23:03.629+0000] {logging_mixin.py:120} INFO - [2024-12-03T15:23:03.628+0000] {dagbag.py:537} INFO - Filling up the DagBag from /home/airflow/.local/lib/python3.7/site-packages/airflow/example_dags/example_branch_day_of_week_operator.py
[2024-12-03T15:23:03.682+0000] {processor.py:766} INFO - DAG(s) dict_keys(['example_weekday_branch_operator']) retrieved from /home/airflow/.local/lib/python3.7/site-packages/airflow/example_dags/example_branch_day_of_week_operator.py
[2024-12-03T15:23:03.786+0000] {logging_mixin.py:120} INFO - [2024-12-03T15:23:03.786+0000] {dag.py:2585} INFO - Sync 1 DAGs
[2024-12-03T15:23:03.841+0000] {logging_mixin.py:120} INFO - [2024-12-03T15:23:03.840+0000] {dag.py:3340} INFO - Setting next_dagrun for example_weekday_branch_operator to 2024-12-02T00:00:00+00:00, run_after=2024-12-03T00:00:00+00:00
[2024-12-03T15:23:03.892+0000] {processor.py:176} INFO - Processing /home/airflow/.local/lib/python3.7/site-packages/airflow/example_dags/example_branch_day_of_week_operator.py took 0.279 seconds
[2024-12-03T15:23:34.639+0000] {processor.py:154} INFO - Started process (PID=708) to work on /home/airflow/.local/lib/python3.7/site-packages/airflow/example_dags/example_branch_day_of_week_operator.py
[2024-12-03T15:23:34.641+0000] {processor.py:756} INFO - Processing file /home/airflow/.local/lib/python3.7/site-packages/airflow/example_dags/example_branch_day_of_week_operator.py for tasks to queue
[2024-12-03T15:23:34.643+0000] {logging_mixin.py:120} INFO - [2024-12-03T15:23:34.643+0000] {dagbag.py:537} INFO - Filling up the DagBag from /home/airflow/.local/lib/python3.7/site-packages/airflow/example_dags/example_branch_day_of_week_operator.py
[2024-12-03T15:23:34.677+0000] {processor.py:766} INFO - DAG(s) dict_keys(['example_weekday_branch_operator']) retrieved from /home/airflow/.local/lib/python3.7/site-packages/airflow/example_dags/example_branch_day_of_week_operator.py
[2024-12-03T15:23:34.769+0000] {logging_mixin.py:120} INFO - [2024-12-03T15:23:34.768+0000] {dag.py:2585} INFO - Sync 1 DAGs
[2024-12-03T15:23:34.823+0000] {logging_mixin.py:120} INFO - [2024-12-03T15:23:34.823+0000] {dag.py:3340} INFO - Setting next_dagrun for example_weekday_branch_operator to 2024-12-02T00:00:00+00:00, run_after=2024-12-03T00:00:00+00:00
[2024-12-03T15:23:34.886+0000] {processor.py:176} INFO - Processing /home/airflow/.local/lib/python3.7/site-packages/airflow/example_dags/example_branch_day_of_week_operator.py took 0.255 seconds
[2024-12-03T15:24:05.360+0000] {processor.py:154} INFO - Started process (PID=763) to work on /home/airflow/.local/lib/python3.7/site-packages/airflow/example_dags/example_branch_day_of_week_operator.py
[2024-12-03T15:24:05.363+0000] {processor.py:756} INFO - Processing file /home/airflow/.local/lib/python3.7/site-packages/airflow/example_dags/example_branch_day_of_week_operator.py for tasks to queue
[2024-12-03T15:24:05.367+0000] {logging_mixin.py:120} INFO - [2024-12-03T15:24:05.367+0000] {dagbag.py:537} INFO - Filling up the DagBag from /home/airflow/.local/lib/python3.7/site-packages/airflow/example_dags/example_branch_day_of_week_operator.py
[2024-12-03T15:24:05.417+0000] {processor.py:766} INFO - DAG(s) dict_keys(['example_weekday_branch_operator']) retrieved from /home/airflow/.local/lib/python3.7/site-packages/airflow/example_dags/example_branch_day_of_week_operator.py
[2024-12-03T15:24:05.499+0000] {logging_mixin.py:120} INFO - [2024-12-03T15:24:05.498+0000] {dag.py:2585} INFO - Sync 1 DAGs
[2024-12-03T15:24:05.561+0000] {logging_mixin.py:120} INFO - [2024-12-03T15:24:05.561+0000] {dag.py:3340} INFO - Setting next_dagrun for example_weekday_branch_operator to 2024-12-02T00:00:00+00:00, run_after=2024-12-03T00:00:00+00:00
[2024-12-03T15:24:05.618+0000] {processor.py:176} INFO - Processing /home/airflow/.local/lib/python3.7/site-packages/airflow/example_dags/example_branch_day_of_week_operator.py took 0.270 seconds
[2024-12-03T15:24:36.036+0000] {processor.py:154} INFO - Started process (PID=818) to work on /home/airflow/.local/lib/python3.7/site-packages/airflow/example_dags/example_branch_day_of_week_operator.py
[2024-12-03T15:24:36.038+0000] {processor.py:756} INFO - Processing file /home/airflow/.local/lib/python3.7/site-packages/airflow/example_dags/example_branch_day_of_week_operator.py for tasks to queue
[2024-12-03T15:24:36.042+0000] {logging_mixin.py:120} INFO - [2024-12-03T15:24:36.041+0000] {dagbag.py:537} INFO - Filling up the DagBag from /home/airflow/.local/lib/python3.7/site-packages/airflow/example_dags/example_branch_day_of_week_operator.py
[2024-12-03T15:24:36.070+0000] {processor.py:766} INFO - DAG(s) dict_keys(['example_weekday_branch_operator']) retrieved from /home/airflow/.local/lib/python3.7/site-packages/airflow/example_dags/example_branch_day_of_week_operator.py
[2024-12-03T15:24:36.154+0000] {logging_mixin.py:120} INFO - [2024-12-03T15:24:36.154+0000] {dag.py:2585} INFO - Sync 1 DAGs
[2024-12-03T15:24:36.220+0000] {logging_mixin.py:120} INFO - [2024-12-03T15:24:36.219+0000] {dag.py:3340} INFO - Setting next_dagrun for example_weekday_branch_operator to 2024-12-02T00:00:00+00:00, run_after=2024-12-03T00:00:00+00:00
[2024-12-03T15:24:36.270+0000] {processor.py:176} INFO - Processing /home/airflow/.local/lib/python3.7/site-packages/airflow/example_dags/example_branch_day_of_week_operator.py took 0.241 seconds
[2024-12-03T15:25:06.972+0000] {processor.py:154} INFO - Started process (PID=882) to work on /home/airflow/.local/lib/python3.7/site-packages/airflow/example_dags/example_branch_day_of_week_operator.py
[2024-12-03T15:25:06.974+0000] {processor.py:756} INFO - Processing file /home/airflow/.local/lib/python3.7/site-packages/airflow/example_dags/example_branch_day_of_week_operator.py for tasks to queue
[2024-12-03T15:25:06.975+0000] {logging_mixin.py:120} INFO - [2024-12-03T15:25:06.975+0000] {dagbag.py:537} INFO - Filling up the DagBag from /home/airflow/.local/lib/python3.7/site-packages/airflow/example_dags/example_branch_day_of_week_operator.py
[2024-12-03T15:25:06.998+0000] {processor.py:766} INFO - DAG(s) dict_keys(['example_weekday_branch_operator']) retrieved from /home/airflow/.local/lib/python3.7/site-packages/airflow/example_dags/example_branch_day_of_week_operator.py
[2024-12-03T15:25:07.069+0000] {logging_mixin.py:120} INFO - [2024-12-03T15:25:07.069+0000] {dag.py:2585} INFO - Sync 1 DAGs
[2024-12-03T15:25:07.119+0000] {logging_mixin.py:120} INFO - [2024-12-03T15:25:07.119+0000] {dag.py:3340} INFO - Setting next_dagrun for example_weekday_branch_operator to 2024-12-02T00:00:00+00:00, run_after=2024-12-03T00:00:00+00:00
[2024-12-03T15:25:07.176+0000] {processor.py:176} INFO - Processing /home/airflow/.local/lib/python3.7/site-packages/airflow/example_dags/example_branch_day_of_week_operator.py took 0.209 seconds
[2024-12-03T15:25:37.584+0000] {processor.py:154} INFO - Started process (PID=937) to work on /home/airflow/.local/lib/python3.7/site-packages/airflow/example_dags/example_branch_day_of_week_operator.py
[2024-12-03T15:25:37.586+0000] {processor.py:756} INFO - Processing file /home/airflow/.local/lib/python3.7/site-packages/airflow/example_dags/example_branch_day_of_week_operator.py for tasks to queue
[2024-12-03T15:25:37.591+0000] {logging_mixin.py:120} INFO - [2024-12-03T15:25:37.590+0000] {dagbag.py:537} INFO - Filling up the DagBag from /home/airflow/.local/lib/python3.7/site-packages/airflow/example_dags/example_branch_day_of_week_operator.py
[2024-12-03T15:25:37.625+0000] {processor.py:766} INFO - DAG(s) dict_keys(['example_weekday_branch_operator']) retrieved from /home/airflow/.local/lib/python3.7/site-packages/airflow/example_dags/example_branch_day_of_week_operator.py
[2024-12-03T15:25:37.715+0000] {logging_mixin.py:120} INFO - [2024-12-03T15:25:37.715+0000] {dag.py:2585} INFO - Sync 1 DAGs
[2024-12-03T15:25:37.805+0000] {logging_mixin.py:120} INFO - [2024-12-03T15:25:37.805+0000] {dag.py:3340} INFO - Setting next_dagrun for example_weekday_branch_operator to 2024-12-02T00:00:00+00:00, run_after=2024-12-03T00:00:00+00:00
[2024-12-03T15:25:37.852+0000] {processor.py:176} INFO - Processing /home/airflow/.local/lib/python3.7/site-packages/airflow/example_dags/example_branch_day_of_week_operator.py took 0.277 seconds
[2024-12-03T15:26:08.468+0000] {processor.py:154} INFO - Started process (PID=1001) to work on /home/airflow/.local/lib/python3.7/site-packages/airflow/example_dags/example_branch_day_of_week_operator.py
[2024-12-03T15:26:08.470+0000] {processor.py:756} INFO - Processing file /home/airflow/.local/lib/python3.7/site-packages/airflow/example_dags/example_branch_day_of_week_operator.py for tasks to queue
[2024-12-03T15:26:08.472+0000] {logging_mixin.py:120} INFO - [2024-12-03T15:26:08.471+0000] {dagbag.py:537} INFO - Filling up the DagBag from /home/airflow/.local/lib/python3.7/site-packages/airflow/example_dags/example_branch_day_of_week_operator.py
[2024-12-03T15:26:08.519+0000] {processor.py:766} INFO - DAG(s) dict_keys(['example_weekday_branch_operator']) retrieved from /home/airflow/.local/lib/python3.7/site-packages/airflow/example_dags/example_branch_day_of_week_operator.py
[2024-12-03T15:26:08.655+0000] {logging_mixin.py:120} INFO - [2024-12-03T15:26:08.655+0000] {dag.py:2585} INFO - Sync 1 DAGs
[2024-12-03T15:26:08.721+0000] {logging_mixin.py:120} INFO - [2024-12-03T15:26:08.720+0000] {dag.py:3340} INFO - Setting next_dagrun for example_weekday_branch_operator to 2024-12-02T00:00:00+00:00, run_after=2024-12-03T00:00:00+00:00
[2024-12-03T15:26:08.785+0000] {processor.py:176} INFO - Processing /home/airflow/.local/lib/python3.7/site-packages/airflow/example_dags/example_branch_day_of_week_operator.py took 0.331 seconds
[2024-12-03T15:26:39.168+0000] {processor.py:154} INFO - Started process (PID=1056) to work on /home/airflow/.local/lib/python3.7/site-packages/airflow/example_dags/example_branch_day_of_week_operator.py
[2024-12-03T15:26:39.171+0000] {processor.py:756} INFO - Processing file /home/airflow/.local/lib/python3.7/site-packages/airflow/example_dags/example_branch_day_of_week_operator.py for tasks to queue
[2024-12-03T15:26:39.172+0000] {logging_mixin.py:120} INFO - [2024-12-03T15:26:39.172+0000] {dagbag.py:537} INFO - Filling up the DagBag from /home/airflow/.local/lib/python3.7/site-packages/airflow/example_dags/example_branch_day_of_week_operator.py
[2024-12-03T15:26:39.213+0000] {processor.py:766} INFO - DAG(s) dict_keys(['example_weekday_branch_operator']) retrieved from /home/airflow/.local/lib/python3.7/site-packages/airflow/example_dags/example_branch_day_of_week_operator.py
[2024-12-03T15:26:39.300+0000] {logging_mixin.py:120} INFO - [2024-12-03T15:26:39.299+0000] {dag.py:2585} INFO - Sync 1 DAGs
[2024-12-03T15:26:39.348+0000] {logging_mixin.py:120} INFO - [2024-12-03T15:26:39.348+0000] {dag.py:3340} INFO - Setting next_dagrun for example_weekday_branch_operator to 2024-12-02T00:00:00+00:00, run_after=2024-12-03T00:00:00+00:00
[2024-12-03T15:26:39.409+0000] {processor.py:176} INFO - Processing /home/airflow/.local/lib/python3.7/site-packages/airflow/example_dags/example_branch_day_of_week_operator.py took 0.250 seconds
[2024-12-03T15:27:09.525+0000] {processor.py:154} INFO - Started process (PID=1121) to work on /home/airflow/.local/lib/python3.7/site-packages/airflow/example_dags/example_branch_day_of_week_operator.py
[2024-12-03T15:27:09.530+0000] {processor.py:756} INFO - Processing file /home/airflow/.local/lib/python3.7/site-packages/airflow/example_dags/example_branch_day_of_week_operator.py for tasks to queue
[2024-12-03T15:27:09.533+0000] {logging_mixin.py:120} INFO - [2024-12-03T15:27:09.533+0000] {dagbag.py:537} INFO - Filling up the DagBag from /home/airflow/.local/lib/python3.7/site-packages/airflow/example_dags/example_branch_day_of_week_operator.py
[2024-12-03T15:27:09.559+0000] {processor.py:766} INFO - DAG(s) dict_keys(['example_weekday_branch_operator']) retrieved from /home/airflow/.local/lib/python3.7/site-packages/airflow/example_dags/example_branch_day_of_week_operator.py
[2024-12-03T15:27:09.651+0000] {logging_mixin.py:120} INFO - [2024-12-03T15:27:09.651+0000] {dag.py:2585} INFO - Sync 1 DAGs
[2024-12-03T15:27:09.703+0000] {logging_mixin.py:120} INFO - [2024-12-03T15:27:09.703+0000] {dag.py:3340} INFO - Setting next_dagrun for example_weekday_branch_operator to 2024-12-02T00:00:00+00:00, run_after=2024-12-03T00:00:00+00:00
[2024-12-03T15:27:09.763+0000] {processor.py:176} INFO - Processing /home/airflow/.local/lib/python3.7/site-packages/airflow/example_dags/example_branch_day_of_week_operator.py took 0.245 seconds
[2024-12-03T15:27:40.111+0000] {processor.py:154} INFO - Started process (PID=1176) to work on /home/airflow/.local/lib/python3.7/site-packages/airflow/example_dags/example_branch_day_of_week_operator.py
[2024-12-03T15:27:40.112+0000] {processor.py:756} INFO - Processing file /home/airflow/.local/lib/python3.7/site-packages/airflow/example_dags/example_branch_day_of_week_operator.py for tasks to queue
[2024-12-03T15:27:40.114+0000] {logging_mixin.py:120} INFO - [2024-12-03T15:27:40.114+0000] {dagbag.py:537} INFO - Filling up the DagBag from /home/airflow/.local/lib/python3.7/site-packages/airflow/example_dags/example_branch_day_of_week_operator.py
[2024-12-03T15:27:40.133+0000] {processor.py:766} INFO - DAG(s) dict_keys(['example_weekday_branch_operator']) retrieved from /home/airflow/.local/lib/python3.7/site-packages/airflow/example_dags/example_branch_day_of_week_operator.py
[2024-12-03T15:27:40.185+0000] {logging_mixin.py:120} INFO - [2024-12-03T15:27:40.185+0000] {dag.py:2585} INFO - Sync 1 DAGs
[2024-12-03T15:27:40.227+0000] {logging_mixin.py:120} INFO - [2024-12-03T15:27:40.227+0000] {dag.py:3340} INFO - Setting next_dagrun for example_weekday_branch_operator to 2024-12-02T00:00:00+00:00, run_after=2024-12-03T00:00:00+00:00
[2024-12-03T15:27:40.268+0000] {processor.py:176} INFO - Processing /home/airflow/.local/lib/python3.7/site-packages/airflow/example_dags/example_branch_day_of_week_operator.py took 0.160 seconds
[2024-12-03T15:28:10.582+0000] {processor.py:154} INFO - Started process (PID=1231) to work on /home/airflow/.local/lib/python3.7/site-packages/airflow/example_dags/example_branch_day_of_week_operator.py
[2024-12-03T15:28:10.584+0000] {processor.py:756} INFO - Processing file /home/airflow/.local/lib/python3.7/site-packages/airflow/example_dags/example_branch_day_of_week_operator.py for tasks to queue
[2024-12-03T15:28:10.587+0000] {logging_mixin.py:120} INFO - [2024-12-03T15:28:10.586+0000] {dagbag.py:537} INFO - Filling up the DagBag from /home/airflow/.local/lib/python3.7/site-packages/airflow/example_dags/example_branch_day_of_week_operator.py
[2024-12-03T15:28:10.615+0000] {processor.py:766} INFO - DAG(s) dict_keys(['example_weekday_branch_operator']) retrieved from /home/airflow/.local/lib/python3.7/site-packages/airflow/example_dags/example_branch_day_of_week_operator.py
[2024-12-03T15:28:10.688+0000] {logging_mixin.py:120} INFO - [2024-12-03T15:28:10.688+0000] {dag.py:2585} INFO - Sync 1 DAGs
[2024-12-03T15:28:10.742+0000] {logging_mixin.py:120} INFO - [2024-12-03T15:28:10.742+0000] {dag.py:3340} INFO - Setting next_dagrun for example_weekday_branch_operator to 2024-12-02T00:00:00+00:00, run_after=2024-12-03T00:00:00+00:00
[2024-12-03T15:28:10.809+0000] {processor.py:176} INFO - Processing /home/airflow/.local/lib/python3.7/site-packages/airflow/example_dags/example_branch_day_of_week_operator.py took 0.234 seconds
[2024-12-03T15:28:41.278+0000] {processor.py:154} INFO - Started process (PID=1295) to work on /home/airflow/.local/lib/python3.7/site-packages/airflow/example_dags/example_branch_day_of_week_operator.py
[2024-12-03T15:28:41.280+0000] {processor.py:756} INFO - Processing file /home/airflow/.local/lib/python3.7/site-packages/airflow/example_dags/example_branch_day_of_week_operator.py for tasks to queue
[2024-12-03T15:28:41.282+0000] {logging_mixin.py:120} INFO - [2024-12-03T15:28:41.281+0000] {dagbag.py:537} INFO - Filling up the DagBag from /home/airflow/.local/lib/python3.7/site-packages/airflow/example_dags/example_branch_day_of_week_operator.py
[2024-12-03T15:28:41.316+0000] {processor.py:766} INFO - DAG(s) dict_keys(['example_weekday_branch_operator']) retrieved from /home/airflow/.local/lib/python3.7/site-packages/airflow/example_dags/example_branch_day_of_week_operator.py
[2024-12-03T15:28:41.394+0000] {logging_mixin.py:120} INFO - [2024-12-03T15:28:41.394+0000] {dag.py:2585} INFO - Sync 1 DAGs
[2024-12-03T15:28:41.437+0000] {logging_mixin.py:120} INFO - [2024-12-03T15:28:41.437+0000] {dag.py:3340} INFO - Setting next_dagrun for example_weekday_branch_operator to 2024-12-02T00:00:00+00:00, run_after=2024-12-03T00:00:00+00:00
[2024-12-03T15:28:41.493+0000] {processor.py:176} INFO - Processing /home/airflow/.local/lib/python3.7/site-packages/airflow/example_dags/example_branch_day_of_week_operator.py took 0.222 seconds
[2024-12-03T15:29:11.835+0000] {processor.py:154} INFO - Started process (PID=1350) to work on /home/airflow/.local/lib/python3.7/site-packages/airflow/example_dags/example_branch_day_of_week_operator.py
[2024-12-03T15:29:11.837+0000] {processor.py:756} INFO - Processing file /home/airflow/.local/lib/python3.7/site-packages/airflow/example_dags/example_branch_day_of_week_operator.py for tasks to queue
[2024-12-03T15:29:11.839+0000] {logging_mixin.py:120} INFO - [2024-12-03T15:29:11.839+0000] {dagbag.py:537} INFO - Filling up the DagBag from /home/airflow/.local/lib/python3.7/site-packages/airflow/example_dags/example_branch_day_of_week_operator.py
[2024-12-03T15:29:11.870+0000] {processor.py:766} INFO - DAG(s) dict_keys(['example_weekday_branch_operator']) retrieved from /home/airflow/.local/lib/python3.7/site-packages/airflow/example_dags/example_branch_day_of_week_operator.py
[2024-12-03T15:29:11.944+0000] {logging_mixin.py:120} INFO - [2024-12-03T15:29:11.943+0000] {dag.py:2585} INFO - Sync 1 DAGs
[2024-12-03T15:29:11.990+0000] {logging_mixin.py:120} INFO - [2024-12-03T15:29:11.990+0000] {dag.py:3340} INFO - Setting next_dagrun for example_weekday_branch_operator to 2024-12-02T00:00:00+00:00, run_after=2024-12-03T00:00:00+00:00
[2024-12-03T15:29:12.032+0000] {processor.py:176} INFO - Processing /home/airflow/.local/lib/python3.7/site-packages/airflow/example_dags/example_branch_day_of_week_operator.py took 0.203 seconds
[2024-12-03T15:29:42.404+0000] {processor.py:154} INFO - Started process (PID=1414) to work on /home/airflow/.local/lib/python3.7/site-packages/airflow/example_dags/example_branch_day_of_week_operator.py
[2024-12-03T15:29:42.405+0000] {processor.py:756} INFO - Processing file /home/airflow/.local/lib/python3.7/site-packages/airflow/example_dags/example_branch_day_of_week_operator.py for tasks to queue
[2024-12-03T15:29:42.407+0000] {logging_mixin.py:120} INFO - [2024-12-03T15:29:42.407+0000] {dagbag.py:537} INFO - Filling up the DagBag from /home/airflow/.local/lib/python3.7/site-packages/airflow/example_dags/example_branch_day_of_week_operator.py
[2024-12-03T15:29:42.434+0000] {processor.py:766} INFO - DAG(s) dict_keys(['example_weekday_branch_operator']) retrieved from /home/airflow/.local/lib/python3.7/site-packages/airflow/example_dags/example_branch_day_of_week_operator.py
[2024-12-03T15:29:42.507+0000] {logging_mixin.py:120} INFO - [2024-12-03T15:29:42.507+0000] {dag.py:2585} INFO - Sync 1 DAGs
[2024-12-03T15:29:42.570+0000] {logging_mixin.py:120} INFO - [2024-12-03T15:29:42.570+0000] {dag.py:3340} INFO - Setting next_dagrun for example_weekday_branch_operator to 2024-12-02T00:00:00+00:00, run_after=2024-12-03T00:00:00+00:00
[2024-12-03T15:29:42.614+0000] {processor.py:176} INFO - Processing /home/airflow/.local/lib/python3.7/site-packages/airflow/example_dags/example_branch_day_of_week_operator.py took 0.215 seconds
[2024-12-03T15:30:13.179+0000] {processor.py:154} INFO - Started process (PID=1469) to work on /home/airflow/.local/lib/python3.7/site-packages/airflow/example_dags/example_branch_day_of_week_operator.py
[2024-12-03T15:30:13.181+0000] {processor.py:756} INFO - Processing file /home/airflow/.local/lib/python3.7/site-packages/airflow/example_dags/example_branch_day_of_week_operator.py for tasks to queue
[2024-12-03T15:30:13.183+0000] {logging_mixin.py:120} INFO - [2024-12-03T15:30:13.183+0000] {dagbag.py:537} INFO - Filling up the DagBag from /home/airflow/.local/lib/python3.7/site-packages/airflow/example_dags/example_branch_day_of_week_operator.py
[2024-12-03T15:30:13.209+0000] {processor.py:766} INFO - DAG(s) dict_keys(['example_weekday_branch_operator']) retrieved from /home/airflow/.local/lib/python3.7/site-packages/airflow/example_dags/example_branch_day_of_week_operator.py
[2024-12-03T15:30:13.289+0000] {logging_mixin.py:120} INFO - [2024-12-03T15:30:13.288+0000] {dag.py:2585} INFO - Sync 1 DAGs
[2024-12-03T15:30:13.343+0000] {logging_mixin.py:120} INFO - [2024-12-03T15:30:13.343+0000] {dag.py:3340} INFO - Setting next_dagrun for example_weekday_branch_operator to 2024-12-02T00:00:00+00:00, run_after=2024-12-03T00:00:00+00:00
[2024-12-03T15:30:13.395+0000] {processor.py:176} INFO - Processing /home/airflow/.local/lib/python3.7/site-packages/airflow/example_dags/example_branch_day_of_week_operator.py took 0.223 seconds
[2024-12-03T15:30:43.960+0000] {processor.py:154} INFO - Started process (PID=1534) to work on /home/airflow/.local/lib/python3.7/site-packages/airflow/example_dags/example_branch_day_of_week_operator.py
[2024-12-03T15:30:43.962+0000] {processor.py:756} INFO - Processing file /home/airflow/.local/lib/python3.7/site-packages/airflow/example_dags/example_branch_day_of_week_operator.py for tasks to queue
[2024-12-03T15:30:43.965+0000] {logging_mixin.py:120} INFO - [2024-12-03T15:30:43.965+0000] {dagbag.py:537} INFO - Filling up the DagBag from /home/airflow/.local/lib/python3.7/site-packages/airflow/example_dags/example_branch_day_of_week_operator.py
[2024-12-03T15:30:43.993+0000] {processor.py:766} INFO - DAG(s) dict_keys(['example_weekday_branch_operator']) retrieved from /home/airflow/.local/lib/python3.7/site-packages/airflow/example_dags/example_branch_day_of_week_operator.py
[2024-12-03T15:30:44.065+0000] {logging_mixin.py:120} INFO - [2024-12-03T15:30:44.064+0000] {dag.py:2585} INFO - Sync 1 DAGs
[2024-12-03T15:30:44.112+0000] {logging_mixin.py:120} INFO - [2024-12-03T15:30:44.112+0000] {dag.py:3340} INFO - Setting next_dagrun for example_weekday_branch_operator to 2024-12-02T00:00:00+00:00, run_after=2024-12-03T00:00:00+00:00
[2024-12-03T15:30:44.156+0000] {processor.py:176} INFO - Processing /home/airflow/.local/lib/python3.7/site-packages/airflow/example_dags/example_branch_day_of_week_operator.py took 0.201 seconds
[2024-12-03T15:31:14.665+0000] {processor.py:154} INFO - Started process (PID=1589) to work on /home/airflow/.local/lib/python3.7/site-packages/airflow/example_dags/example_branch_day_of_week_operator.py
[2024-12-03T15:31:14.667+0000] {processor.py:756} INFO - Processing file /home/airflow/.local/lib/python3.7/site-packages/airflow/example_dags/example_branch_day_of_week_operator.py for tasks to queue
[2024-12-03T15:31:14.669+0000] {logging_mixin.py:120} INFO - [2024-12-03T15:31:14.669+0000] {dagbag.py:537} INFO - Filling up the DagBag from /home/airflow/.local/lib/python3.7/site-packages/airflow/example_dags/example_branch_day_of_week_operator.py
[2024-12-03T15:31:14.704+0000] {processor.py:766} INFO - DAG(s) dict_keys(['example_weekday_branch_operator']) retrieved from /home/airflow/.local/lib/python3.7/site-packages/airflow/example_dags/example_branch_day_of_week_operator.py
[2024-12-03T15:31:14.789+0000] {logging_mixin.py:120} INFO - [2024-12-03T15:31:14.789+0000] {dag.py:2585} INFO - Sync 1 DAGs
[2024-12-03T15:31:14.856+0000] {logging_mixin.py:120} INFO - [2024-12-03T15:31:14.855+0000] {dag.py:3340} INFO - Setting next_dagrun for example_weekday_branch_operator to 2024-12-02T00:00:00+00:00, run_after=2024-12-03T00:00:00+00:00
[2024-12-03T15:31:14.909+0000] {processor.py:176} INFO - Processing /home/airflow/.local/lib/python3.7/site-packages/airflow/example_dags/example_branch_day_of_week_operator.py took 0.249 seconds
[2024-12-03T15:31:45.586+0000] {processor.py:154} INFO - Started process (PID=1653) to work on /home/airflow/.local/lib/python3.7/site-packages/airflow/example_dags/example_branch_day_of_week_operator.py
[2024-12-03T15:31:45.588+0000] {processor.py:756} INFO - Processing file /home/airflow/.local/lib/python3.7/site-packages/airflow/example_dags/example_branch_day_of_week_operator.py for tasks to queue
[2024-12-03T15:31:45.591+0000] {logging_mixin.py:120} INFO - [2024-12-03T15:31:45.590+0000] {dagbag.py:537} INFO - Filling up the DagBag from /home/airflow/.local/lib/python3.7/site-packages/airflow/example_dags/example_branch_day_of_week_operator.py
[2024-12-03T15:31:45.627+0000] {processor.py:766} INFO - DAG(s) dict_keys(['example_weekday_branch_operator']) retrieved from /home/airflow/.local/lib/python3.7/site-packages/airflow/example_dags/example_branch_day_of_week_operator.py
[2024-12-03T15:31:45.702+0000] {logging_mixin.py:120} INFO - [2024-12-03T15:31:45.701+0000] {dag.py:2585} INFO - Sync 1 DAGs
[2024-12-03T15:31:45.768+0000] {logging_mixin.py:120} INFO - [2024-12-03T15:31:45.768+0000] {dag.py:3340} INFO - Setting next_dagrun for example_weekday_branch_operator to 2024-12-02T00:00:00+00:00, run_after=2024-12-03T00:00:00+00:00
[2024-12-03T15:31:45.826+0000] {processor.py:176} INFO - Processing /home/airflow/.local/lib/python3.7/site-packages/airflow/example_dags/example_branch_day_of_week_operator.py took 0.249 seconds
[2024-12-03T15:32:16.262+0000] {processor.py:154} INFO - Started process (PID=1708) to work on /home/airflow/.local/lib/python3.7/site-packages/airflow/example_dags/example_branch_day_of_week_operator.py
[2024-12-03T15:32:16.263+0000] {processor.py:756} INFO - Processing file /home/airflow/.local/lib/python3.7/site-packages/airflow/example_dags/example_branch_day_of_week_operator.py for tasks to queue
[2024-12-03T15:32:16.265+0000] {logging_mixin.py:120} INFO - [2024-12-03T15:32:16.264+0000] {dagbag.py:537} INFO - Filling up the DagBag from /home/airflow/.local/lib/python3.7/site-packages/airflow/example_dags/example_branch_day_of_week_operator.py
[2024-12-03T15:32:16.303+0000] {processor.py:766} INFO - DAG(s) dict_keys(['example_weekday_branch_operator']) retrieved from /home/airflow/.local/lib/python3.7/site-packages/airflow/example_dags/example_branch_day_of_week_operator.py
[2024-12-03T15:32:16.386+0000] {logging_mixin.py:120} INFO - [2024-12-03T15:32:16.386+0000] {dag.py:2585} INFO - Sync 1 DAGs
[2024-12-03T15:32:16.450+0000] {logging_mixin.py:120} INFO - [2024-12-03T15:32:16.449+0000] {dag.py:3340} INFO - Setting next_dagrun for example_weekday_branch_operator to 2024-12-02T00:00:00+00:00, run_after=2024-12-03T00:00:00+00:00
[2024-12-03T15:32:16.509+0000] {processor.py:176} INFO - Processing /home/airflow/.local/lib/python3.7/site-packages/airflow/example_dags/example_branch_day_of_week_operator.py took 0.253 seconds
[2024-12-03T15:32:46.978+0000] {processor.py:154} INFO - Started process (PID=1772) to work on /home/airflow/.local/lib/python3.7/site-packages/airflow/example_dags/example_branch_day_of_week_operator.py
[2024-12-03T15:32:46.980+0000] {processor.py:756} INFO - Processing file /home/airflow/.local/lib/python3.7/site-packages/airflow/example_dags/example_branch_day_of_week_operator.py for tasks to queue
[2024-12-03T15:32:46.982+0000] {logging_mixin.py:120} INFO - [2024-12-03T15:32:46.981+0000] {dagbag.py:537} INFO - Filling up the DagBag from /home/airflow/.local/lib/python3.7/site-packages/airflow/example_dags/example_branch_day_of_week_operator.py
[2024-12-03T15:32:47.025+0000] {processor.py:766} INFO - DAG(s) dict_keys(['example_weekday_branch_operator']) retrieved from /home/airflow/.local/lib/python3.7/site-packages/airflow/example_dags/example_branch_day_of_week_operator.py
[2024-12-03T15:32:47.111+0000] {logging_mixin.py:120} INFO - [2024-12-03T15:32:47.111+0000] {dag.py:2585} INFO - Sync 1 DAGs
[2024-12-03T15:32:47.165+0000] {logging_mixin.py:120} INFO - [2024-12-03T15:32:47.165+0000] {dag.py:3340} INFO - Setting next_dagrun for example_weekday_branch_operator to 2024-12-02T00:00:00+00:00, run_after=2024-12-03T00:00:00+00:00
[2024-12-03T15:32:47.212+0000] {processor.py:176} INFO - Processing /home/airflow/.local/lib/python3.7/site-packages/airflow/example_dags/example_branch_day_of_week_operator.py took 0.239 seconds
[2024-12-03T15:33:17.785+0000] {processor.py:154} INFO - Started process (PID=1827) to work on /home/airflow/.local/lib/python3.7/site-packages/airflow/example_dags/example_branch_day_of_week_operator.py
[2024-12-03T15:33:17.786+0000] {processor.py:756} INFO - Processing file /home/airflow/.local/lib/python3.7/site-packages/airflow/example_dags/example_branch_day_of_week_operator.py for tasks to queue
[2024-12-03T15:33:17.788+0000] {logging_mixin.py:120} INFO - [2024-12-03T15:33:17.788+0000] {dagbag.py:537} INFO - Filling up the DagBag from /home/airflow/.local/lib/python3.7/site-packages/airflow/example_dags/example_branch_day_of_week_operator.py
[2024-12-03T15:33:17.813+0000] {processor.py:766} INFO - DAG(s) dict_keys(['example_weekday_branch_operator']) retrieved from /home/airflow/.local/lib/python3.7/site-packages/airflow/example_dags/example_branch_day_of_week_operator.py
[2024-12-03T15:33:17.888+0000] {logging_mixin.py:120} INFO - [2024-12-03T15:33:17.888+0000] {dag.py:2585} INFO - Sync 1 DAGs
[2024-12-03T15:33:17.941+0000] {logging_mixin.py:120} INFO - [2024-12-03T15:33:17.941+0000] {dag.py:3340} INFO - Setting next_dagrun for example_weekday_branch_operator to 2024-12-02T00:00:00+00:00, run_after=2024-12-03T00:00:00+00:00
[2024-12-03T15:33:17.986+0000] {processor.py:176} INFO - Processing /home/airflow/.local/lib/python3.7/site-packages/airflow/example_dags/example_branch_day_of_week_operator.py took 0.206 seconds
[2024-12-03T15:33:48.147+0000] {processor.py:154} INFO - Started process (PID=1891) to work on /home/airflow/.local/lib/python3.7/site-packages/airflow/example_dags/example_branch_day_of_week_operator.py
[2024-12-03T15:33:48.149+0000] {processor.py:756} INFO - Processing file /home/airflow/.local/lib/python3.7/site-packages/airflow/example_dags/example_branch_day_of_week_operator.py for tasks to queue
[2024-12-03T15:33:48.150+0000] {logging_mixin.py:120} INFO - [2024-12-03T15:33:48.150+0000] {dagbag.py:537} INFO - Filling up the DagBag from /home/airflow/.local/lib/python3.7/site-packages/airflow/example_dags/example_branch_day_of_week_operator.py
[2024-12-03T15:33:48.182+0000] {processor.py:766} INFO - DAG(s) dict_keys(['example_weekday_branch_operator']) retrieved from /home/airflow/.local/lib/python3.7/site-packages/airflow/example_dags/example_branch_day_of_week_operator.py
[2024-12-03T15:33:48.261+0000] {logging_mixin.py:120} INFO - [2024-12-03T15:33:48.260+0000] {dag.py:2585} INFO - Sync 1 DAGs
[2024-12-03T15:33:48.310+0000] {logging_mixin.py:120} INFO - [2024-12-03T15:33:48.310+0000] {dag.py:3340} INFO - Setting next_dagrun for example_weekday_branch_operator to 2024-12-02T00:00:00+00:00, run_after=2024-12-03T00:00:00+00:00
[2024-12-03T15:33:48.367+0000] {processor.py:176} INFO - Processing /home/airflow/.local/lib/python3.7/site-packages/airflow/example_dags/example_branch_day_of_week_operator.py took 0.225 seconds
[2024-12-03T15:34:18.752+0000] {processor.py:154} INFO - Started process (PID=1946) to work on /home/airflow/.local/lib/python3.7/site-packages/airflow/example_dags/example_branch_day_of_week_operator.py
[2024-12-03T15:34:18.754+0000] {processor.py:756} INFO - Processing file /home/airflow/.local/lib/python3.7/site-packages/airflow/example_dags/example_branch_day_of_week_operator.py for tasks to queue
[2024-12-03T15:34:18.756+0000] {logging_mixin.py:120} INFO - [2024-12-03T15:34:18.756+0000] {dagbag.py:537} INFO - Filling up the DagBag from /home/airflow/.local/lib/python3.7/site-packages/airflow/example_dags/example_branch_day_of_week_operator.py
[2024-12-03T15:34:18.785+0000] {processor.py:766} INFO - DAG(s) dict_keys(['example_weekday_branch_operator']) retrieved from /home/airflow/.local/lib/python3.7/site-packages/airflow/example_dags/example_branch_day_of_week_operator.py
[2024-12-03T15:34:18.869+0000] {logging_mixin.py:120} INFO - [2024-12-03T15:34:18.868+0000] {dag.py:2585} INFO - Sync 1 DAGs
[2024-12-03T15:34:18.921+0000] {logging_mixin.py:120} INFO - [2024-12-03T15:34:18.921+0000] {dag.py:3340} INFO - Setting next_dagrun for example_weekday_branch_operator to 2024-12-02T00:00:00+00:00, run_after=2024-12-03T00:00:00+00:00
[2024-12-03T15:34:18.964+0000] {processor.py:176} INFO - Processing /home/airflow/.local/lib/python3.7/site-packages/airflow/example_dags/example_branch_day_of_week_operator.py took 0.217 seconds
[2024-12-03T15:34:49.732+0000] {processor.py:154} INFO - Started process (PID=2010) to work on /home/airflow/.local/lib/python3.7/site-packages/airflow/example_dags/example_branch_day_of_week_operator.py
[2024-12-03T15:34:49.735+0000] {processor.py:756} INFO - Processing file /home/airflow/.local/lib/python3.7/site-packages/airflow/example_dags/example_branch_day_of_week_operator.py for tasks to queue
[2024-12-03T15:34:49.737+0000] {logging_mixin.py:120} INFO - [2024-12-03T15:34:49.737+0000] {dagbag.py:537} INFO - Filling up the DagBag from /home/airflow/.local/lib/python3.7/site-packages/airflow/example_dags/example_branch_day_of_week_operator.py
[2024-12-03T15:34:49.768+0000] {processor.py:766} INFO - DAG(s) dict_keys(['example_weekday_branch_operator']) retrieved from /home/airflow/.local/lib/python3.7/site-packages/airflow/example_dags/example_branch_day_of_week_operator.py
[2024-12-03T15:34:49.858+0000] {logging_mixin.py:120} INFO - [2024-12-03T15:34:49.858+0000] {dag.py:2585} INFO - Sync 1 DAGs
[2024-12-03T15:34:49.922+0000] {logging_mixin.py:120} INFO - [2024-12-03T15:34:49.921+0000] {dag.py:3340} INFO - Setting next_dagrun for example_weekday_branch_operator to 2024-12-02T00:00:00+00:00, run_after=2024-12-03T00:00:00+00:00
[2024-12-03T15:34:49.968+0000] {processor.py:176} INFO - Processing /home/airflow/.local/lib/python3.7/site-packages/airflow/example_dags/example_branch_day_of_week_operator.py took 0.241 seconds
[2024-12-03T15:35:20.775+0000] {processor.py:154} INFO - Started process (PID=2064) to work on /home/airflow/.local/lib/python3.7/site-packages/airflow/example_dags/example_branch_day_of_week_operator.py
[2024-12-03T15:35:20.777+0000] {processor.py:756} INFO - Processing file /home/airflow/.local/lib/python3.7/site-packages/airflow/example_dags/example_branch_day_of_week_operator.py for tasks to queue
[2024-12-03T15:35:20.780+0000] {logging_mixin.py:120} INFO - [2024-12-03T15:35:20.779+0000] {dagbag.py:537} INFO - Filling up the DagBag from /home/airflow/.local/lib/python3.7/site-packages/airflow/example_dags/example_branch_day_of_week_operator.py
[2024-12-03T15:35:20.806+0000] {processor.py:766} INFO - DAG(s) dict_keys(['example_weekday_branch_operator']) retrieved from /home/airflow/.local/lib/python3.7/site-packages/airflow/example_dags/example_branch_day_of_week_operator.py
[2024-12-03T15:35:20.876+0000] {logging_mixin.py:120} INFO - [2024-12-03T15:35:20.876+0000] {dag.py:2585} INFO - Sync 1 DAGs
[2024-12-03T15:35:20.928+0000] {logging_mixin.py:120} INFO - [2024-12-03T15:35:20.928+0000] {dag.py:3340} INFO - Setting next_dagrun for example_weekday_branch_operator to 2024-12-02T00:00:00+00:00, run_after=2024-12-03T00:00:00+00:00
[2024-12-03T15:35:20.985+0000] {processor.py:176} INFO - Processing /home/airflow/.local/lib/python3.7/site-packages/airflow/example_dags/example_branch_day_of_week_operator.py took 0.214 seconds
[2024-12-03T15:35:51.356+0000] {processor.py:154} INFO - Started process (PID=2119) to work on /home/airflow/.local/lib/python3.7/site-packages/airflow/example_dags/example_branch_day_of_week_operator.py
[2024-12-03T15:35:51.358+0000] {processor.py:756} INFO - Processing file /home/airflow/.local/lib/python3.7/site-packages/airflow/example_dags/example_branch_day_of_week_operator.py for tasks to queue
[2024-12-03T15:35:51.360+0000] {logging_mixin.py:120} INFO - [2024-12-03T15:35:51.359+0000] {dagbag.py:537} INFO - Filling up the DagBag from /home/airflow/.local/lib/python3.7/site-packages/airflow/example_dags/example_branch_day_of_week_operator.py
[2024-12-03T15:35:51.390+0000] {processor.py:766} INFO - DAG(s) dict_keys(['example_weekday_branch_operator']) retrieved from /home/airflow/.local/lib/python3.7/site-packages/airflow/example_dags/example_branch_day_of_week_operator.py
[2024-12-03T15:35:51.471+0000] {logging_mixin.py:120} INFO - [2024-12-03T15:35:51.471+0000] {dag.py:2585} INFO - Sync 1 DAGs
[2024-12-03T15:35:51.538+0000] {logging_mixin.py:120} INFO - [2024-12-03T15:35:51.537+0000] {dag.py:3340} INFO - Setting next_dagrun for example_weekday_branch_operator to 2024-12-02T00:00:00+00:00, run_after=2024-12-03T00:00:00+00:00
[2024-12-03T15:35:51.595+0000] {processor.py:176} INFO - Processing /home/airflow/.local/lib/python3.7/site-packages/airflow/example_dags/example_branch_day_of_week_operator.py took 0.245 seconds
[2024-12-03T15:36:21.822+0000] {processor.py:154} INFO - Started process (PID=2183) to work on /home/airflow/.local/lib/python3.7/site-packages/airflow/example_dags/example_branch_day_of_week_operator.py
[2024-12-03T15:36:21.824+0000] {processor.py:756} INFO - Processing file /home/airflow/.local/lib/python3.7/site-packages/airflow/example_dags/example_branch_day_of_week_operator.py for tasks to queue
[2024-12-03T15:36:21.828+0000] {logging_mixin.py:120} INFO - [2024-12-03T15:36:21.827+0000] {dagbag.py:537} INFO - Filling up the DagBag from /home/airflow/.local/lib/python3.7/site-packages/airflow/example_dags/example_branch_day_of_week_operator.py
[2024-12-03T15:36:21.864+0000] {processor.py:766} INFO - DAG(s) dict_keys(['example_weekday_branch_operator']) retrieved from /home/airflow/.local/lib/python3.7/site-packages/airflow/example_dags/example_branch_day_of_week_operator.py
[2024-12-03T15:36:21.959+0000] {logging_mixin.py:120} INFO - [2024-12-03T15:36:21.958+0000] {dag.py:2585} INFO - Sync 1 DAGs
[2024-12-03T15:36:22.020+0000] {logging_mixin.py:120} INFO - [2024-12-03T15:36:22.020+0000] {dag.py:3340} INFO - Setting next_dagrun for example_weekday_branch_operator to 2024-12-02T00:00:00+00:00, run_after=2024-12-03T00:00:00+00:00
[2024-12-03T15:36:22.064+0000] {processor.py:176} INFO - Processing /home/airflow/.local/lib/python3.7/site-packages/airflow/example_dags/example_branch_day_of_week_operator.py took 0.247 seconds
[2024-12-03T15:36:52.159+0000] {processor.py:154} INFO - Started process (PID=2240) to work on /home/airflow/.local/lib/python3.7/site-packages/airflow/example_dags/example_branch_day_of_week_operator.py
[2024-12-03T15:36:52.161+0000] {processor.py:756} INFO - Processing file /home/airflow/.local/lib/python3.7/site-packages/airflow/example_dags/example_branch_day_of_week_operator.py for tasks to queue
[2024-12-03T15:36:52.163+0000] {logging_mixin.py:120} INFO - [2024-12-03T15:36:52.162+0000] {dagbag.py:537} INFO - Filling up the DagBag from /home/airflow/.local/lib/python3.7/site-packages/airflow/example_dags/example_branch_day_of_week_operator.py
[2024-12-03T15:36:52.194+0000] {processor.py:766} INFO - DAG(s) dict_keys(['example_weekday_branch_operator']) retrieved from /home/airflow/.local/lib/python3.7/site-packages/airflow/example_dags/example_branch_day_of_week_operator.py
[2024-12-03T15:36:52.261+0000] {logging_mixin.py:120} INFO - [2024-12-03T15:36:52.261+0000] {dag.py:2585} INFO - Sync 1 DAGs
[2024-12-03T15:36:52.315+0000] {logging_mixin.py:120} INFO - [2024-12-03T15:36:52.315+0000] {dag.py:3340} INFO - Setting next_dagrun for example_weekday_branch_operator to 2024-12-02T00:00:00+00:00, run_after=2024-12-03T00:00:00+00:00
[2024-12-03T15:36:52.359+0000] {processor.py:176} INFO - Processing /home/airflow/.local/lib/python3.7/site-packages/airflow/example_dags/example_branch_day_of_week_operator.py took 0.205 seconds
[2024-12-03T15:37:22.740+0000] {processor.py:154} INFO - Started process (PID=2304) to work on /home/airflow/.local/lib/python3.7/site-packages/airflow/example_dags/example_branch_day_of_week_operator.py
[2024-12-03T15:37:22.741+0000] {processor.py:756} INFO - Processing file /home/airflow/.local/lib/python3.7/site-packages/airflow/example_dags/example_branch_day_of_week_operator.py for tasks to queue
[2024-12-03T15:37:22.743+0000] {logging_mixin.py:120} INFO - [2024-12-03T15:37:22.743+0000] {dagbag.py:537} INFO - Filling up the DagBag from /home/airflow/.local/lib/python3.7/site-packages/airflow/example_dags/example_branch_day_of_week_operator.py
[2024-12-03T15:37:22.771+0000] {processor.py:766} INFO - DAG(s) dict_keys(['example_weekday_branch_operator']) retrieved from /home/airflow/.local/lib/python3.7/site-packages/airflow/example_dags/example_branch_day_of_week_operator.py
[2024-12-03T15:37:22.872+0000] {logging_mixin.py:120} INFO - [2024-12-03T15:37:22.871+0000] {dag.py:2585} INFO - Sync 1 DAGs
[2024-12-03T15:37:22.948+0000] {logging_mixin.py:120} INFO - [2024-12-03T15:37:22.947+0000] {dag.py:3340} INFO - Setting next_dagrun for example_weekday_branch_operator to 2024-12-02T00:00:00+00:00, run_after=2024-12-03T00:00:00+00:00
[2024-12-03T15:37:23.139+0000] {processor.py:176} INFO - Processing /home/airflow/.local/lib/python3.7/site-packages/airflow/example_dags/example_branch_day_of_week_operator.py took 0.405 seconds
[2024-12-03T15:37:53.806+0000] {processor.py:154} INFO - Started process (PID=2359) to work on /home/airflow/.local/lib/python3.7/site-packages/airflow/example_dags/example_branch_day_of_week_operator.py
[2024-12-03T15:37:53.808+0000] {processor.py:756} INFO - Processing file /home/airflow/.local/lib/python3.7/site-packages/airflow/example_dags/example_branch_day_of_week_operator.py for tasks to queue
[2024-12-03T15:37:53.810+0000] {logging_mixin.py:120} INFO - [2024-12-03T15:37:53.809+0000] {dagbag.py:537} INFO - Filling up the DagBag from /home/airflow/.local/lib/python3.7/site-packages/airflow/example_dags/example_branch_day_of_week_operator.py
[2024-12-03T15:37:53.837+0000] {processor.py:766} INFO - DAG(s) dict_keys(['example_weekday_branch_operator']) retrieved from /home/airflow/.local/lib/python3.7/site-packages/airflow/example_dags/example_branch_day_of_week_operator.py
[2024-12-03T15:37:53.923+0000] {logging_mixin.py:120} INFO - [2024-12-03T15:37:53.923+0000] {dag.py:2585} INFO - Sync 1 DAGs
[2024-12-03T15:37:53.976+0000] {logging_mixin.py:120} INFO - [2024-12-03T15:37:53.976+0000] {dag.py:3340} INFO - Setting next_dagrun for example_weekday_branch_operator to 2024-12-02T00:00:00+00:00, run_after=2024-12-03T00:00:00+00:00
[2024-12-03T15:37:54.019+0000] {processor.py:176} INFO - Processing /home/airflow/.local/lib/python3.7/site-packages/airflow/example_dags/example_branch_day_of_week_operator.py took 0.218 seconds
[2024-12-03T15:38:24.819+0000] {processor.py:154} INFO - Started process (PID=2423) to work on /home/airflow/.local/lib/python3.7/site-packages/airflow/example_dags/example_branch_day_of_week_operator.py
[2024-12-03T15:38:24.821+0000] {processor.py:756} INFO - Processing file /home/airflow/.local/lib/python3.7/site-packages/airflow/example_dags/example_branch_day_of_week_operator.py for tasks to queue
[2024-12-03T15:38:24.822+0000] {logging_mixin.py:120} INFO - [2024-12-03T15:38:24.822+0000] {dagbag.py:537} INFO - Filling up the DagBag from /home/airflow/.local/lib/python3.7/site-packages/airflow/example_dags/example_branch_day_of_week_operator.py
[2024-12-03T15:38:24.854+0000] {processor.py:766} INFO - DAG(s) dict_keys(['example_weekday_branch_operator']) retrieved from /home/airflow/.local/lib/python3.7/site-packages/airflow/example_dags/example_branch_day_of_week_operator.py
[2024-12-03T15:38:24.943+0000] {logging_mixin.py:120} INFO - [2024-12-03T15:38:24.943+0000] {dag.py:2585} INFO - Sync 1 DAGs
[2024-12-03T15:38:25.001+0000] {logging_mixin.py:120} INFO - [2024-12-03T15:38:25.000+0000] {dag.py:3340} INFO - Setting next_dagrun for example_weekday_branch_operator to 2024-12-02T00:00:00+00:00, run_after=2024-12-03T00:00:00+00:00
[2024-12-03T15:38:25.059+0000] {processor.py:176} INFO - Processing /home/airflow/.local/lib/python3.7/site-packages/airflow/example_dags/example_branch_day_of_week_operator.py took 0.246 seconds
[2024-12-03T15:38:55.656+0000] {processor.py:154} INFO - Started process (PID=2478) to work on /home/airflow/.local/lib/python3.7/site-packages/airflow/example_dags/example_branch_day_of_week_operator.py
[2024-12-03T15:38:55.658+0000] {processor.py:756} INFO - Processing file /home/airflow/.local/lib/python3.7/site-packages/airflow/example_dags/example_branch_day_of_week_operator.py for tasks to queue
[2024-12-03T15:38:55.659+0000] {logging_mixin.py:120} INFO - [2024-12-03T15:38:55.659+0000] {dagbag.py:537} INFO - Filling up the DagBag from /home/airflow/.local/lib/python3.7/site-packages/airflow/example_dags/example_branch_day_of_week_operator.py
[2024-12-03T15:38:55.693+0000] {processor.py:766} INFO - DAG(s) dict_keys(['example_weekday_branch_operator']) retrieved from /home/airflow/.local/lib/python3.7/site-packages/airflow/example_dags/example_branch_day_of_week_operator.py
[2024-12-03T15:38:55.779+0000] {logging_mixin.py:120} INFO - [2024-12-03T15:38:55.778+0000] {dag.py:2585} INFO - Sync 1 DAGs
[2024-12-03T15:38:55.842+0000] {logging_mixin.py:120} INFO - [2024-12-03T15:38:55.842+0000] {dag.py:3340} INFO - Setting next_dagrun for example_weekday_branch_operator to 2024-12-02T00:00:00+00:00, run_after=2024-12-03T00:00:00+00:00
[2024-12-03T15:38:55.891+0000] {processor.py:176} INFO - Processing /home/airflow/.local/lib/python3.7/site-packages/airflow/example_dags/example_branch_day_of_week_operator.py took 0.244 seconds
[2024-12-03T15:39:26.064+0000] {processor.py:154} INFO - Started process (PID=2542) to work on /home/airflow/.local/lib/python3.7/site-packages/airflow/example_dags/example_branch_day_of_week_operator.py
[2024-12-03T15:39:26.066+0000] {processor.py:756} INFO - Processing file /home/airflow/.local/lib/python3.7/site-packages/airflow/example_dags/example_branch_day_of_week_operator.py for tasks to queue
[2024-12-03T15:39:26.068+0000] {logging_mixin.py:120} INFO - [2024-12-03T15:39:26.067+0000] {dagbag.py:537} INFO - Filling up the DagBag from /home/airflow/.local/lib/python3.7/site-packages/airflow/example_dags/example_branch_day_of_week_operator.py
[2024-12-03T15:39:26.101+0000] {processor.py:766} INFO - DAG(s) dict_keys(['example_weekday_branch_operator']) retrieved from /home/airflow/.local/lib/python3.7/site-packages/airflow/example_dags/example_branch_day_of_week_operator.py
[2024-12-03T15:39:26.183+0000] {logging_mixin.py:120} INFO - [2024-12-03T15:39:26.183+0000] {dag.py:2585} INFO - Sync 1 DAGs
[2024-12-03T15:39:26.238+0000] {logging_mixin.py:120} INFO - [2024-12-03T15:39:26.237+0000] {dag.py:3340} INFO - Setting next_dagrun for example_weekday_branch_operator to 2024-12-02T00:00:00+00:00, run_after=2024-12-03T00:00:00+00:00
[2024-12-03T15:39:26.297+0000] {processor.py:176} INFO - Processing /home/airflow/.local/lib/python3.7/site-packages/airflow/example_dags/example_branch_day_of_week_operator.py took 0.237 seconds
[2024-12-03T15:39:56.748+0000] {processor.py:154} INFO - Started process (PID=2597) to work on /home/airflow/.local/lib/python3.7/site-packages/airflow/example_dags/example_branch_day_of_week_operator.py
[2024-12-03T15:39:56.749+0000] {processor.py:756} INFO - Processing file /home/airflow/.local/lib/python3.7/site-packages/airflow/example_dags/example_branch_day_of_week_operator.py for tasks to queue
[2024-12-03T15:39:56.751+0000] {logging_mixin.py:120} INFO - [2024-12-03T15:39:56.751+0000] {dagbag.py:537} INFO - Filling up the DagBag from /home/airflow/.local/lib/python3.7/site-packages/airflow/example_dags/example_branch_day_of_week_operator.py
[2024-12-03T15:39:56.770+0000] {processor.py:766} INFO - DAG(s) dict_keys(['example_weekday_branch_operator']) retrieved from /home/airflow/.local/lib/python3.7/site-packages/airflow/example_dags/example_branch_day_of_week_operator.py
[2024-12-03T15:39:56.833+0000] {logging_mixin.py:120} INFO - [2024-12-03T15:39:56.833+0000] {dag.py:2585} INFO - Sync 1 DAGs
[2024-12-03T15:39:56.876+0000] {logging_mixin.py:120} INFO - [2024-12-03T15:39:56.876+0000] {dag.py:3340} INFO - Setting next_dagrun for example_weekday_branch_operator to 2024-12-02T00:00:00+00:00, run_after=2024-12-03T00:00:00+00:00
[2024-12-03T15:39:56.930+0000] {processor.py:176} INFO - Processing /home/airflow/.local/lib/python3.7/site-packages/airflow/example_dags/example_branch_day_of_week_operator.py took 0.186 seconds
[2024-12-03T15:40:27.584+0000] {processor.py:154} INFO - Started process (PID=2659) to work on /home/airflow/.local/lib/python3.7/site-packages/airflow/example_dags/example_branch_day_of_week_operator.py
[2024-12-03T15:40:27.587+0000] {processor.py:756} INFO - Processing file /home/airflow/.local/lib/python3.7/site-packages/airflow/example_dags/example_branch_day_of_week_operator.py for tasks to queue
[2024-12-03T15:40:27.589+0000] {logging_mixin.py:120} INFO - [2024-12-03T15:40:27.589+0000] {dagbag.py:537} INFO - Filling up the DagBag from /home/airflow/.local/lib/python3.7/site-packages/airflow/example_dags/example_branch_day_of_week_operator.py
[2024-12-03T15:40:27.630+0000] {processor.py:766} INFO - DAG(s) dict_keys(['example_weekday_branch_operator']) retrieved from /home/airflow/.local/lib/python3.7/site-packages/airflow/example_dags/example_branch_day_of_week_operator.py
[2024-12-03T15:40:27.723+0000] {logging_mixin.py:120} INFO - [2024-12-03T15:40:27.722+0000] {dag.py:2585} INFO - Sync 1 DAGs
[2024-12-03T15:40:27.773+0000] {logging_mixin.py:120} INFO - [2024-12-03T15:40:27.772+0000] {dag.py:3340} INFO - Setting next_dagrun for example_weekday_branch_operator to 2024-12-02T00:00:00+00:00, run_after=2024-12-03T00:00:00+00:00
[2024-12-03T15:40:27.824+0000] {processor.py:176} INFO - Processing /home/airflow/.local/lib/python3.7/site-packages/airflow/example_dags/example_branch_day_of_week_operator.py took 0.247 seconds
[2024-12-03T15:40:58.123+0000] {processor.py:154} INFO - Started process (PID=2716) to work on /home/airflow/.local/lib/python3.7/site-packages/airflow/example_dags/example_branch_day_of_week_operator.py
[2024-12-03T15:40:58.125+0000] {processor.py:756} INFO - Processing file /home/airflow/.local/lib/python3.7/site-packages/airflow/example_dags/example_branch_day_of_week_operator.py for tasks to queue
[2024-12-03T15:40:58.127+0000] {logging_mixin.py:120} INFO - [2024-12-03T15:40:58.127+0000] {dagbag.py:537} INFO - Filling up the DagBag from /home/airflow/.local/lib/python3.7/site-packages/airflow/example_dags/example_branch_day_of_week_operator.py
[2024-12-03T15:40:58.161+0000] {processor.py:766} INFO - DAG(s) dict_keys(['example_weekday_branch_operator']) retrieved from /home/airflow/.local/lib/python3.7/site-packages/airflow/example_dags/example_branch_day_of_week_operator.py
[2024-12-03T15:40:58.241+0000] {logging_mixin.py:120} INFO - [2024-12-03T15:40:58.240+0000] {dag.py:2585} INFO - Sync 1 DAGs
[2024-12-03T15:40:58.287+0000] {logging_mixin.py:120} INFO - [2024-12-03T15:40:58.287+0000] {dag.py:3340} INFO - Setting next_dagrun for example_weekday_branch_operator to 2024-12-02T00:00:00+00:00, run_after=2024-12-03T00:00:00+00:00
[2024-12-03T15:40:58.342+0000] {processor.py:176} INFO - Processing /home/airflow/.local/lib/python3.7/site-packages/airflow/example_dags/example_branch_day_of_week_operator.py took 0.225 seconds
[2024-12-03T15:41:29.099+0000] {processor.py:154} INFO - Started process (PID=2771) to work on /home/airflow/.local/lib/python3.7/site-packages/airflow/example_dags/example_branch_day_of_week_operator.py
[2024-12-03T15:41:29.101+0000] {processor.py:756} INFO - Processing file /home/airflow/.local/lib/python3.7/site-packages/airflow/example_dags/example_branch_day_of_week_operator.py for tasks to queue
[2024-12-03T15:41:29.104+0000] {logging_mixin.py:120} INFO - [2024-12-03T15:41:29.104+0000] {dagbag.py:537} INFO - Filling up the DagBag from /home/airflow/.local/lib/python3.7/site-packages/airflow/example_dags/example_branch_day_of_week_operator.py
[2024-12-03T15:41:29.137+0000] {processor.py:766} INFO - DAG(s) dict_keys(['example_weekday_branch_operator']) retrieved from /home/airflow/.local/lib/python3.7/site-packages/airflow/example_dags/example_branch_day_of_week_operator.py
[2024-12-03T15:41:29.228+0000] {logging_mixin.py:120} INFO - [2024-12-03T15:41:29.228+0000] {dag.py:2585} INFO - Sync 1 DAGs
[2024-12-03T15:41:29.275+0000] {logging_mixin.py:120} INFO - [2024-12-03T15:41:29.274+0000] {dag.py:3340} INFO - Setting next_dagrun for example_weekday_branch_operator to 2024-12-02T00:00:00+00:00, run_after=2024-12-03T00:00:00+00:00
[2024-12-03T15:41:29.339+0000] {processor.py:176} INFO - Processing /home/airflow/.local/lib/python3.7/site-packages/airflow/example_dags/example_branch_day_of_week_operator.py took 0.245 seconds
[2024-12-03T15:41:59.842+0000] {processor.py:154} INFO - Started process (PID=2835) to work on /home/airflow/.local/lib/python3.7/site-packages/airflow/example_dags/example_branch_day_of_week_operator.py
[2024-12-03T15:41:59.844+0000] {processor.py:756} INFO - Processing file /home/airflow/.local/lib/python3.7/site-packages/airflow/example_dags/example_branch_day_of_week_operator.py for tasks to queue
[2024-12-03T15:41:59.845+0000] {logging_mixin.py:120} INFO - [2024-12-03T15:41:59.845+0000] {dagbag.py:537} INFO - Filling up the DagBag from /home/airflow/.local/lib/python3.7/site-packages/airflow/example_dags/example_branch_day_of_week_operator.py
[2024-12-03T15:41:59.864+0000] {processor.py:766} INFO - DAG(s) dict_keys(['example_weekday_branch_operator']) retrieved from /home/airflow/.local/lib/python3.7/site-packages/airflow/example_dags/example_branch_day_of_week_operator.py
[2024-12-03T15:41:59.942+0000] {logging_mixin.py:120} INFO - [2024-12-03T15:41:59.942+0000] {dag.py:2585} INFO - Sync 1 DAGs
[2024-12-03T15:41:59.979+0000] {logging_mixin.py:120} INFO - [2024-12-03T15:41:59.979+0000] {dag.py:3340} INFO - Setting next_dagrun for example_weekday_branch_operator to 2024-12-02T00:00:00+00:00, run_after=2024-12-03T00:00:00+00:00
[2024-12-03T15:42:00.023+0000] {processor.py:176} INFO - Processing /home/airflow/.local/lib/python3.7/site-packages/airflow/example_dags/example_branch_day_of_week_operator.py took 0.185 seconds
[2024-12-03T15:42:30.801+0000] {processor.py:154} INFO - Started process (PID=2890) to work on /home/airflow/.local/lib/python3.7/site-packages/airflow/example_dags/example_branch_day_of_week_operator.py
[2024-12-03T15:42:30.803+0000] {processor.py:756} INFO - Processing file /home/airflow/.local/lib/python3.7/site-packages/airflow/example_dags/example_branch_day_of_week_operator.py for tasks to queue
[2024-12-03T15:42:30.804+0000] {logging_mixin.py:120} INFO - [2024-12-03T15:42:30.804+0000] {dagbag.py:537} INFO - Filling up the DagBag from /home/airflow/.local/lib/python3.7/site-packages/airflow/example_dags/example_branch_day_of_week_operator.py
[2024-12-03T15:42:30.837+0000] {processor.py:766} INFO - DAG(s) dict_keys(['example_weekday_branch_operator']) retrieved from /home/airflow/.local/lib/python3.7/site-packages/airflow/example_dags/example_branch_day_of_week_operator.py
[2024-12-03T15:42:30.922+0000] {logging_mixin.py:120} INFO - [2024-12-03T15:42:30.921+0000] {dag.py:2585} INFO - Sync 1 DAGs
[2024-12-03T15:42:30.983+0000] {logging_mixin.py:120} INFO - [2024-12-03T15:42:30.983+0000] {dag.py:3340} INFO - Setting next_dagrun for example_weekday_branch_operator to 2024-12-02T00:00:00+00:00, run_after=2024-12-03T00:00:00+00:00
[2024-12-03T15:42:31.027+0000] {processor.py:176} INFO - Processing /home/airflow/.local/lib/python3.7/site-packages/airflow/example_dags/example_branch_day_of_week_operator.py took 0.230 seconds
[2024-12-03T15:43:01.109+0000] {processor.py:154} INFO - Started process (PID=2954) to work on /home/airflow/.local/lib/python3.7/site-packages/airflow/example_dags/example_branch_day_of_week_operator.py
[2024-12-03T15:43:01.111+0000] {processor.py:756} INFO - Processing file /home/airflow/.local/lib/python3.7/site-packages/airflow/example_dags/example_branch_day_of_week_operator.py for tasks to queue
[2024-12-03T15:43:01.112+0000] {logging_mixin.py:120} INFO - [2024-12-03T15:43:01.112+0000] {dagbag.py:537} INFO - Filling up the DagBag from /home/airflow/.local/lib/python3.7/site-packages/airflow/example_dags/example_branch_day_of_week_operator.py
[2024-12-03T15:43:01.135+0000] {processor.py:766} INFO - DAG(s) dict_keys(['example_weekday_branch_operator']) retrieved from /home/airflow/.local/lib/python3.7/site-packages/airflow/example_dags/example_branch_day_of_week_operator.py
[2024-12-03T15:43:01.198+0000] {logging_mixin.py:120} INFO - [2024-12-03T15:43:01.197+0000] {dag.py:2585} INFO - Sync 1 DAGs
[2024-12-03T15:43:01.244+0000] {logging_mixin.py:120} INFO - [2024-12-03T15:43:01.244+0000] {dag.py:3340} INFO - Setting next_dagrun for example_weekday_branch_operator to 2024-12-02T00:00:00+00:00, run_after=2024-12-03T00:00:00+00:00
[2024-12-03T15:43:01.280+0000] {processor.py:176} INFO - Processing /home/airflow/.local/lib/python3.7/site-packages/airflow/example_dags/example_branch_day_of_week_operator.py took 0.174 seconds
[2024-12-03T15:43:31.417+0000] {processor.py:154} INFO - Started process (PID=3010) to work on /home/airflow/.local/lib/python3.7/site-packages/airflow/example_dags/example_branch_day_of_week_operator.py
[2024-12-03T15:43:31.418+0000] {processor.py:756} INFO - Processing file /home/airflow/.local/lib/python3.7/site-packages/airflow/example_dags/example_branch_day_of_week_operator.py for tasks to queue
[2024-12-03T15:43:31.420+0000] {logging_mixin.py:120} INFO - [2024-12-03T15:43:31.420+0000] {dagbag.py:537} INFO - Filling up the DagBag from /home/airflow/.local/lib/python3.7/site-packages/airflow/example_dags/example_branch_day_of_week_operator.py
[2024-12-03T15:43:31.443+0000] {processor.py:766} INFO - DAG(s) dict_keys(['example_weekday_branch_operator']) retrieved from /home/airflow/.local/lib/python3.7/site-packages/airflow/example_dags/example_branch_day_of_week_operator.py
[2024-12-03T15:43:31.505+0000] {logging_mixin.py:120} INFO - [2024-12-03T15:43:31.505+0000] {dag.py:2585} INFO - Sync 1 DAGs
[2024-12-03T15:43:31.544+0000] {logging_mixin.py:120} INFO - [2024-12-03T15:43:31.544+0000] {dag.py:3340} INFO - Setting next_dagrun for example_weekday_branch_operator to 2024-12-02T00:00:00+00:00, run_after=2024-12-03T00:00:00+00:00
[2024-12-03T15:43:31.577+0000] {processor.py:176} INFO - Processing /home/airflow/.local/lib/python3.7/site-packages/airflow/example_dags/example_branch_day_of_week_operator.py took 0.164 seconds
[2024-12-03T15:44:02.270+0000] {processor.py:154} INFO - Started process (PID=3074) to work on /home/airflow/.local/lib/python3.7/site-packages/airflow/example_dags/example_branch_day_of_week_operator.py
[2024-12-03T15:44:02.272+0000] {processor.py:756} INFO - Processing file /home/airflow/.local/lib/python3.7/site-packages/airflow/example_dags/example_branch_day_of_week_operator.py for tasks to queue
[2024-12-03T15:44:02.273+0000] {logging_mixin.py:120} INFO - [2024-12-03T15:44:02.273+0000] {dagbag.py:537} INFO - Filling up the DagBag from /home/airflow/.local/lib/python3.7/site-packages/airflow/example_dags/example_branch_day_of_week_operator.py
[2024-12-03T15:44:02.295+0000] {processor.py:766} INFO - DAG(s) dict_keys(['example_weekday_branch_operator']) retrieved from /home/airflow/.local/lib/python3.7/site-packages/airflow/example_dags/example_branch_day_of_week_operator.py
[2024-12-03T15:44:02.354+0000] {logging_mixin.py:120} INFO - [2024-12-03T15:44:02.354+0000] {dag.py:2585} INFO - Sync 1 DAGs
[2024-12-03T15:44:02.395+0000] {logging_mixin.py:120} INFO - [2024-12-03T15:44:02.395+0000] {dag.py:3340} INFO - Setting next_dagrun for example_weekday_branch_operator to 2024-12-02T00:00:00+00:00, run_after=2024-12-03T00:00:00+00:00
[2024-12-03T15:44:02.430+0000] {processor.py:176} INFO - Processing /home/airflow/.local/lib/python3.7/site-packages/airflow/example_dags/example_branch_day_of_week_operator.py took 0.165 seconds
[2024-12-03T15:44:33.250+0000] {processor.py:154} INFO - Started process (PID=3129) to work on /home/airflow/.local/lib/python3.7/site-packages/airflow/example_dags/example_branch_day_of_week_operator.py
[2024-12-03T15:44:33.252+0000] {processor.py:756} INFO - Processing file /home/airflow/.local/lib/python3.7/site-packages/airflow/example_dags/example_branch_day_of_week_operator.py for tasks to queue
[2024-12-03T15:44:33.254+0000] {logging_mixin.py:120} INFO - [2024-12-03T15:44:33.254+0000] {dagbag.py:537} INFO - Filling up the DagBag from /home/airflow/.local/lib/python3.7/site-packages/airflow/example_dags/example_branch_day_of_week_operator.py
[2024-12-03T15:44:33.283+0000] {processor.py:766} INFO - DAG(s) dict_keys(['example_weekday_branch_operator']) retrieved from /home/airflow/.local/lib/python3.7/site-packages/airflow/example_dags/example_branch_day_of_week_operator.py
[2024-12-03T15:44:33.360+0000] {logging_mixin.py:120} INFO - [2024-12-03T15:44:33.360+0000] {dag.py:2585} INFO - Sync 1 DAGs
[2024-12-03T15:44:33.409+0000] {logging_mixin.py:120} INFO - [2024-12-03T15:44:33.409+0000] {dag.py:3340} INFO - Setting next_dagrun for example_weekday_branch_operator to 2024-12-02T00:00:00+00:00, run_after=2024-12-03T00:00:00+00:00
[2024-12-03T15:44:33.460+0000] {processor.py:176} INFO - Processing /home/airflow/.local/lib/python3.7/site-packages/airflow/example_dags/example_branch_day_of_week_operator.py took 0.216 seconds
[2024-12-03T15:45:04.290+0000] {processor.py:154} INFO - Started process (PID=3193) to work on /home/airflow/.local/lib/python3.7/site-packages/airflow/example_dags/example_branch_day_of_week_operator.py
[2024-12-03T15:45:04.291+0000] {processor.py:756} INFO - Processing file /home/airflow/.local/lib/python3.7/site-packages/airflow/example_dags/example_branch_day_of_week_operator.py for tasks to queue
[2024-12-03T15:45:04.293+0000] {logging_mixin.py:120} INFO - [2024-12-03T15:45:04.293+0000] {dagbag.py:537} INFO - Filling up the DagBag from /home/airflow/.local/lib/python3.7/site-packages/airflow/example_dags/example_branch_day_of_week_operator.py
[2024-12-03T15:45:04.319+0000] {processor.py:766} INFO - DAG(s) dict_keys(['example_weekday_branch_operator']) retrieved from /home/airflow/.local/lib/python3.7/site-packages/airflow/example_dags/example_branch_day_of_week_operator.py
[2024-12-03T15:45:04.395+0000] {logging_mixin.py:120} INFO - [2024-12-03T15:45:04.394+0000] {dag.py:2585} INFO - Sync 1 DAGs
[2024-12-03T15:45:04.452+0000] {logging_mixin.py:120} INFO - [2024-12-03T15:45:04.452+0000] {dag.py:3340} INFO - Setting next_dagrun for example_weekday_branch_operator to 2024-12-02T00:00:00+00:00, run_after=2024-12-03T00:00:00+00:00
[2024-12-03T15:45:04.500+0000] {processor.py:176} INFO - Processing /home/airflow/.local/lib/python3.7/site-packages/airflow/example_dags/example_branch_day_of_week_operator.py took 0.213 seconds
[2024-12-03T15:45:35.340+0000] {processor.py:154} INFO - Started process (PID=3248) to work on /home/airflow/.local/lib/python3.7/site-packages/airflow/example_dags/example_branch_day_of_week_operator.py
[2024-12-03T15:45:35.342+0000] {processor.py:756} INFO - Processing file /home/airflow/.local/lib/python3.7/site-packages/airflow/example_dags/example_branch_day_of_week_operator.py for tasks to queue
[2024-12-03T15:45:35.345+0000] {logging_mixin.py:120} INFO - [2024-12-03T15:45:35.344+0000] {dagbag.py:537} INFO - Filling up the DagBag from /home/airflow/.local/lib/python3.7/site-packages/airflow/example_dags/example_branch_day_of_week_operator.py
[2024-12-03T15:45:35.379+0000] {processor.py:766} INFO - DAG(s) dict_keys(['example_weekday_branch_operator']) retrieved from /home/airflow/.local/lib/python3.7/site-packages/airflow/example_dags/example_branch_day_of_week_operator.py
[2024-12-03T15:45:35.460+0000] {logging_mixin.py:120} INFO - [2024-12-03T15:45:35.460+0000] {dag.py:2585} INFO - Sync 1 DAGs
[2024-12-03T15:45:35.509+0000] {logging_mixin.py:120} INFO - [2024-12-03T15:45:35.509+0000] {dag.py:3340} INFO - Setting next_dagrun for example_weekday_branch_operator to 2024-12-02T00:00:00+00:00, run_after=2024-12-03T00:00:00+00:00
[2024-12-03T15:45:35.551+0000] {processor.py:176} INFO - Processing /home/airflow/.local/lib/python3.7/site-packages/airflow/example_dags/example_branch_day_of_week_operator.py took 0.215 seconds
[2024-12-03T15:46:05.766+0000] {processor.py:154} INFO - Started process (PID=3312) to work on /home/airflow/.local/lib/python3.7/site-packages/airflow/example_dags/example_branch_day_of_week_operator.py
[2024-12-03T15:46:05.768+0000] {processor.py:756} INFO - Processing file /home/airflow/.local/lib/python3.7/site-packages/airflow/example_dags/example_branch_day_of_week_operator.py for tasks to queue
[2024-12-03T15:46:05.770+0000] {logging_mixin.py:120} INFO - [2024-12-03T15:46:05.770+0000] {dagbag.py:537} INFO - Filling up the DagBag from /home/airflow/.local/lib/python3.7/site-packages/airflow/example_dags/example_branch_day_of_week_operator.py
[2024-12-03T15:46:05.809+0000] {processor.py:766} INFO - DAG(s) dict_keys(['example_weekday_branch_operator']) retrieved from /home/airflow/.local/lib/python3.7/site-packages/airflow/example_dags/example_branch_day_of_week_operator.py
[2024-12-03T15:46:05.916+0000] {logging_mixin.py:120} INFO - [2024-12-03T15:46:05.915+0000] {dag.py:2585} INFO - Sync 1 DAGs
[2024-12-03T15:46:05.978+0000] {logging_mixin.py:120} INFO - [2024-12-03T15:46:05.977+0000] {dag.py:3340} INFO - Setting next_dagrun for example_weekday_branch_operator to 2024-12-02T00:00:00+00:00, run_after=2024-12-03T00:00:00+00:00
[2024-12-03T15:46:06.039+0000] {processor.py:176} INFO - Processing /home/airflow/.local/lib/python3.7/site-packages/airflow/example_dags/example_branch_day_of_week_operator.py took 0.278 seconds
[2024-12-03T15:46:36.497+0000] {processor.py:154} INFO - Started process (PID=3368) to work on /home/airflow/.local/lib/python3.7/site-packages/airflow/example_dags/example_branch_day_of_week_operator.py
[2024-12-03T15:46:36.499+0000] {processor.py:756} INFO - Processing file /home/airflow/.local/lib/python3.7/site-packages/airflow/example_dags/example_branch_day_of_week_operator.py for tasks to queue
[2024-12-03T15:46:36.501+0000] {logging_mixin.py:120} INFO - [2024-12-03T15:46:36.500+0000] {dagbag.py:537} INFO - Filling up the DagBag from /home/airflow/.local/lib/python3.7/site-packages/airflow/example_dags/example_branch_day_of_week_operator.py
[2024-12-03T15:46:36.527+0000] {processor.py:766} INFO - DAG(s) dict_keys(['example_weekday_branch_operator']) retrieved from /home/airflow/.local/lib/python3.7/site-packages/airflow/example_dags/example_branch_day_of_week_operator.py
[2024-12-03T15:46:36.594+0000] {logging_mixin.py:120} INFO - [2024-12-03T15:46:36.594+0000] {dag.py:2585} INFO - Sync 1 DAGs
[2024-12-03T15:46:36.647+0000] {logging_mixin.py:120} INFO - [2024-12-03T15:46:36.646+0000] {dag.py:3340} INFO - Setting next_dagrun for example_weekday_branch_operator to 2024-12-02T00:00:00+00:00, run_after=2024-12-03T00:00:00+00:00
[2024-12-03T15:46:36.691+0000] {processor.py:176} INFO - Processing /home/airflow/.local/lib/python3.7/site-packages/airflow/example_dags/example_branch_day_of_week_operator.py took 0.199 seconds
[2024-12-03T15:47:07.411+0000] {processor.py:154} INFO - Started process (PID=3423) to work on /home/airflow/.local/lib/python3.7/site-packages/airflow/example_dags/example_branch_day_of_week_operator.py
[2024-12-03T15:47:07.414+0000] {processor.py:756} INFO - Processing file /home/airflow/.local/lib/python3.7/site-packages/airflow/example_dags/example_branch_day_of_week_operator.py for tasks to queue
[2024-12-03T15:47:07.416+0000] {logging_mixin.py:120} INFO - [2024-12-03T15:47:07.416+0000] {dagbag.py:537} INFO - Filling up the DagBag from /home/airflow/.local/lib/python3.7/site-packages/airflow/example_dags/example_branch_day_of_week_operator.py
[2024-12-03T15:47:07.442+0000] {processor.py:766} INFO - DAG(s) dict_keys(['example_weekday_branch_operator']) retrieved from /home/airflow/.local/lib/python3.7/site-packages/airflow/example_dags/example_branch_day_of_week_operator.py
[2024-12-03T15:47:07.522+0000] {logging_mixin.py:120} INFO - [2024-12-03T15:47:07.522+0000] {dag.py:2585} INFO - Sync 1 DAGs
[2024-12-03T15:47:07.578+0000] {logging_mixin.py:120} INFO - [2024-12-03T15:47:07.578+0000] {dag.py:3340} INFO - Setting next_dagrun for example_weekday_branch_operator to 2024-12-02T00:00:00+00:00, run_after=2024-12-03T00:00:00+00:00
[2024-12-03T15:47:07.631+0000] {processor.py:176} INFO - Processing /home/airflow/.local/lib/python3.7/site-packages/airflow/example_dags/example_branch_day_of_week_operator.py took 0.225 seconds
[2024-12-03T15:47:37.997+0000] {processor.py:154} INFO - Started process (PID=3487) to work on /home/airflow/.local/lib/python3.7/site-packages/airflow/example_dags/example_branch_day_of_week_operator.py
[2024-12-03T15:47:38.000+0000] {processor.py:756} INFO - Processing file /home/airflow/.local/lib/python3.7/site-packages/airflow/example_dags/example_branch_day_of_week_operator.py for tasks to queue
[2024-12-03T15:47:38.003+0000] {logging_mixin.py:120} INFO - [2024-12-03T15:47:38.002+0000] {dagbag.py:537} INFO - Filling up the DagBag from /home/airflow/.local/lib/python3.7/site-packages/airflow/example_dags/example_branch_day_of_week_operator.py
[2024-12-03T15:47:38.052+0000] {processor.py:766} INFO - DAG(s) dict_keys(['example_weekday_branch_operator']) retrieved from /home/airflow/.local/lib/python3.7/site-packages/airflow/example_dags/example_branch_day_of_week_operator.py
[2024-12-03T15:47:38.148+0000] {logging_mixin.py:120} INFO - [2024-12-03T15:47:38.147+0000] {dag.py:2585} INFO - Sync 1 DAGs
[2024-12-03T15:47:38.239+0000] {logging_mixin.py:120} INFO - [2024-12-03T15:47:38.238+0000] {dag.py:3340} INFO - Setting next_dagrun for example_weekday_branch_operator to 2024-12-02T00:00:00+00:00, run_after=2024-12-03T00:00:00+00:00
[2024-12-03T15:47:38.285+0000] {processor.py:176} INFO - Processing /home/airflow/.local/lib/python3.7/site-packages/airflow/example_dags/example_branch_day_of_week_operator.py took 0.293 seconds
[2024-12-03T15:48:08.409+0000] {processor.py:154} INFO - Started process (PID=3542) to work on /home/airflow/.local/lib/python3.7/site-packages/airflow/example_dags/example_branch_day_of_week_operator.py
[2024-12-03T15:48:08.410+0000] {processor.py:756} INFO - Processing file /home/airflow/.local/lib/python3.7/site-packages/airflow/example_dags/example_branch_day_of_week_operator.py for tasks to queue
[2024-12-03T15:48:08.413+0000] {logging_mixin.py:120} INFO - [2024-12-03T15:48:08.412+0000] {dagbag.py:537} INFO - Filling up the DagBag from /home/airflow/.local/lib/python3.7/site-packages/airflow/example_dags/example_branch_day_of_week_operator.py
[2024-12-03T15:48:08.443+0000] {processor.py:766} INFO - DAG(s) dict_keys(['example_weekday_branch_operator']) retrieved from /home/airflow/.local/lib/python3.7/site-packages/airflow/example_dags/example_branch_day_of_week_operator.py
[2024-12-03T15:48:08.536+0000] {logging_mixin.py:120} INFO - [2024-12-03T15:48:08.536+0000] {dag.py:2585} INFO - Sync 1 DAGs
[2024-12-03T15:48:08.602+0000] {logging_mixin.py:120} INFO - [2024-12-03T15:48:08.601+0000] {dag.py:3340} INFO - Setting next_dagrun for example_weekday_branch_operator to 2024-12-02T00:00:00+00:00, run_after=2024-12-03T00:00:00+00:00
[2024-12-03T15:48:08.672+0000] {processor.py:176} INFO - Processing /home/airflow/.local/lib/python3.7/site-packages/airflow/example_dags/example_branch_day_of_week_operator.py took 0.269 seconds
[2024-12-03T15:49:04.801+0000] {processor.py:154} INFO - Started process (PID=62) to work on /home/airflow/.local/lib/python3.7/site-packages/airflow/example_dags/example_branch_day_of_week_operator.py
[2024-12-03T15:49:04.803+0000] {processor.py:756} INFO - Processing file /home/airflow/.local/lib/python3.7/site-packages/airflow/example_dags/example_branch_day_of_week_operator.py for tasks to queue
[2024-12-03T15:49:04.806+0000] {logging_mixin.py:120} INFO - [2024-12-03T15:49:04.805+0000] {dagbag.py:537} INFO - Filling up the DagBag from /home/airflow/.local/lib/python3.7/site-packages/airflow/example_dags/example_branch_day_of_week_operator.py
[2024-12-03T15:49:04.896+0000] {processor.py:766} INFO - DAG(s) dict_keys(['example_weekday_branch_operator']) retrieved from /home/airflow/.local/lib/python3.7/site-packages/airflow/example_dags/example_branch_day_of_week_operator.py
[2024-12-03T15:49:05.035+0000] {logging_mixin.py:120} INFO - [2024-12-03T15:49:05.035+0000] {dag.py:2585} INFO - Sync 1 DAGs
[2024-12-03T15:49:05.157+0000] {logging_mixin.py:120} INFO - [2024-12-03T15:49:05.156+0000] {dag.py:3340} INFO - Setting next_dagrun for example_weekday_branch_operator to 2024-12-02T00:00:00+00:00, run_after=2024-12-03T00:00:00+00:00
[2024-12-03T15:49:05.234+0000] {processor.py:176} INFO - Processing /home/airflow/.local/lib/python3.7/site-packages/airflow/example_dags/example_branch_day_of_week_operator.py took 0.451 seconds
[2024-12-03T15:49:55.011+0000] {processor.py:154} INFO - Started process (PID=117) to work on /home/airflow/.local/lib/python3.7/site-packages/airflow/example_dags/example_branch_day_of_week_operator.py
[2024-12-03T15:49:55.030+0000] {processor.py:756} INFO - Processing file /home/airflow/.local/lib/python3.7/site-packages/airflow/example_dags/example_branch_day_of_week_operator.py for tasks to queue
[2024-12-03T15:49:55.034+0000] {logging_mixin.py:120} INFO - [2024-12-03T15:49:55.034+0000] {dagbag.py:537} INFO - Filling up the DagBag from /home/airflow/.local/lib/python3.7/site-packages/airflow/example_dags/example_branch_day_of_week_operator.py
[2024-12-03T15:49:55.342+0000] {processor.py:766} INFO - DAG(s) dict_keys(['example_weekday_branch_operator']) retrieved from /home/airflow/.local/lib/python3.7/site-packages/airflow/example_dags/example_branch_day_of_week_operator.py
[2024-12-03T15:49:55.783+0000] {logging_mixin.py:120} INFO - [2024-12-03T15:49:55.783+0000] {dag.py:2585} INFO - Sync 1 DAGs
[2024-12-03T15:49:56.096+0000] {logging_mixin.py:120} INFO - [2024-12-03T15:49:56.095+0000] {dag.py:3340} INFO - Setting next_dagrun for example_weekday_branch_operator to 2024-12-02T00:00:00+00:00, run_after=2024-12-03T00:00:00+00:00
[2024-12-03T15:49:56.226+0000] {processor.py:176} INFO - Processing /home/airflow/.local/lib/python3.7/site-packages/airflow/example_dags/example_branch_day_of_week_operator.py took 1.267 seconds
[2024-12-03T15:50:26.575+0000] {processor.py:154} INFO - Started process (PID=172) to work on /home/airflow/.local/lib/python3.7/site-packages/airflow/example_dags/example_branch_day_of_week_operator.py
[2024-12-03T15:50:26.578+0000] {processor.py:756} INFO - Processing file /home/airflow/.local/lib/python3.7/site-packages/airflow/example_dags/example_branch_day_of_week_operator.py for tasks to queue
[2024-12-03T15:50:26.582+0000] {logging_mixin.py:120} INFO - [2024-12-03T15:50:26.581+0000] {dagbag.py:537} INFO - Filling up the DagBag from /home/airflow/.local/lib/python3.7/site-packages/airflow/example_dags/example_branch_day_of_week_operator.py
[2024-12-03T15:50:26.625+0000] {processor.py:766} INFO - DAG(s) dict_keys(['example_weekday_branch_operator']) retrieved from /home/airflow/.local/lib/python3.7/site-packages/airflow/example_dags/example_branch_day_of_week_operator.py
[2024-12-03T15:50:26.730+0000] {logging_mixin.py:120} INFO - [2024-12-03T15:50:26.729+0000] {dag.py:2585} INFO - Sync 1 DAGs
[2024-12-03T15:50:26.802+0000] {logging_mixin.py:120} INFO - [2024-12-03T15:50:26.801+0000] {dag.py:3340} INFO - Setting next_dagrun for example_weekday_branch_operator to 2024-12-02T00:00:00+00:00, run_after=2024-12-03T00:00:00+00:00
[2024-12-03T15:50:26.854+0000] {processor.py:176} INFO - Processing /home/airflow/.local/lib/python3.7/site-packages/airflow/example_dags/example_branch_day_of_week_operator.py took 0.287 seconds
[2024-12-03T15:50:57.572+0000] {processor.py:154} INFO - Started process (PID=236) to work on /home/airflow/.local/lib/python3.7/site-packages/airflow/example_dags/example_branch_day_of_week_operator.py
[2024-12-03T15:50:57.573+0000] {processor.py:756} INFO - Processing file /home/airflow/.local/lib/python3.7/site-packages/airflow/example_dags/example_branch_day_of_week_operator.py for tasks to queue
[2024-12-03T15:50:57.575+0000] {logging_mixin.py:120} INFO - [2024-12-03T15:50:57.575+0000] {dagbag.py:537} INFO - Filling up the DagBag from /home/airflow/.local/lib/python3.7/site-packages/airflow/example_dags/example_branch_day_of_week_operator.py
[2024-12-03T15:50:57.605+0000] {processor.py:766} INFO - DAG(s) dict_keys(['example_weekday_branch_operator']) retrieved from /home/airflow/.local/lib/python3.7/site-packages/airflow/example_dags/example_branch_day_of_week_operator.py
[2024-12-03T15:50:57.668+0000] {logging_mixin.py:120} INFO - [2024-12-03T15:50:57.668+0000] {dag.py:2585} INFO - Sync 1 DAGs
[2024-12-03T15:50:57.710+0000] {logging_mixin.py:120} INFO - [2024-12-03T15:50:57.710+0000] {dag.py:3340} INFO - Setting next_dagrun for example_weekday_branch_operator to 2024-12-02T00:00:00+00:00, run_after=2024-12-03T00:00:00+00:00
[2024-12-03T15:50:57.753+0000] {processor.py:176} INFO - Processing /home/airflow/.local/lib/python3.7/site-packages/airflow/example_dags/example_branch_day_of_week_operator.py took 0.185 seconds
[2024-12-03T15:51:27.851+0000] {processor.py:154} INFO - Started process (PID=291) to work on /home/airflow/.local/lib/python3.7/site-packages/airflow/example_dags/example_branch_day_of_week_operator.py
[2024-12-03T15:51:27.853+0000] {processor.py:756} INFO - Processing file /home/airflow/.local/lib/python3.7/site-packages/airflow/example_dags/example_branch_day_of_week_operator.py for tasks to queue
[2024-12-03T15:51:27.855+0000] {logging_mixin.py:120} INFO - [2024-12-03T15:51:27.855+0000] {dagbag.py:537} INFO - Filling up the DagBag from /home/airflow/.local/lib/python3.7/site-packages/airflow/example_dags/example_branch_day_of_week_operator.py
[2024-12-03T15:51:27.894+0000] {processor.py:766} INFO - DAG(s) dict_keys(['example_weekday_branch_operator']) retrieved from /home/airflow/.local/lib/python3.7/site-packages/airflow/example_dags/example_branch_day_of_week_operator.py
[2024-12-03T15:51:27.975+0000] {logging_mixin.py:120} INFO - [2024-12-03T15:51:27.974+0000] {dag.py:2585} INFO - Sync 1 DAGs
[2024-12-03T15:51:28.034+0000] {logging_mixin.py:120} INFO - [2024-12-03T15:51:28.033+0000] {dag.py:3340} INFO - Setting next_dagrun for example_weekday_branch_operator to 2024-12-02T00:00:00+00:00, run_after=2024-12-03T00:00:00+00:00
[2024-12-03T15:51:28.085+0000] {processor.py:176} INFO - Processing /home/airflow/.local/lib/python3.7/site-packages/airflow/example_dags/example_branch_day_of_week_operator.py took 0.239 seconds
[2024-12-03T15:53:02.469+0000] {processor.py:154} INFO - Started process (PID=57) to work on /home/airflow/.local/lib/python3.7/site-packages/airflow/example_dags/example_branch_day_of_week_operator.py
[2024-12-03T15:53:02.472+0000] {processor.py:756} INFO - Processing file /home/airflow/.local/lib/python3.7/site-packages/airflow/example_dags/example_branch_day_of_week_operator.py for tasks to queue
[2024-12-03T15:53:02.474+0000] {logging_mixin.py:120} INFO - [2024-12-03T15:53:02.473+0000] {dagbag.py:537} INFO - Filling up the DagBag from /home/airflow/.local/lib/python3.7/site-packages/airflow/example_dags/example_branch_day_of_week_operator.py
[2024-12-03T15:53:02.516+0000] {processor.py:766} INFO - DAG(s) dict_keys(['example_weekday_branch_operator']) retrieved from /home/airflow/.local/lib/python3.7/site-packages/airflow/example_dags/example_branch_day_of_week_operator.py
[2024-12-03T15:53:02.642+0000] {logging_mixin.py:120} INFO - [2024-12-03T15:53:02.642+0000] {dag.py:2585} INFO - Sync 1 DAGs
[2024-12-03T15:53:02.711+0000] {logging_mixin.py:120} INFO - [2024-12-03T15:53:02.711+0000] {dag.py:3340} INFO - Setting next_dagrun for example_weekday_branch_operator to 2024-12-02T00:00:00+00:00, run_after=2024-12-03T00:00:00+00:00
[2024-12-03T15:53:02.767+0000] {processor.py:176} INFO - Processing /home/airflow/.local/lib/python3.7/site-packages/airflow/example_dags/example_branch_day_of_week_operator.py took 0.302 seconds
[2024-12-03T15:53:32.910+0000] {processor.py:154} INFO - Started process (PID=113) to work on /home/airflow/.local/lib/python3.7/site-packages/airflow/example_dags/example_branch_day_of_week_operator.py
[2024-12-03T15:53:32.913+0000] {processor.py:756} INFO - Processing file /home/airflow/.local/lib/python3.7/site-packages/airflow/example_dags/example_branch_day_of_week_operator.py for tasks to queue
[2024-12-03T15:53:32.915+0000] {logging_mixin.py:120} INFO - [2024-12-03T15:53:32.914+0000] {dagbag.py:537} INFO - Filling up the DagBag from /home/airflow/.local/lib/python3.7/site-packages/airflow/example_dags/example_branch_day_of_week_operator.py
[2024-12-03T15:53:32.948+0000] {processor.py:766} INFO - DAG(s) dict_keys(['example_weekday_branch_operator']) retrieved from /home/airflow/.local/lib/python3.7/site-packages/airflow/example_dags/example_branch_day_of_week_operator.py
[2024-12-03T15:53:33.024+0000] {logging_mixin.py:120} INFO - [2024-12-03T15:53:33.024+0000] {dag.py:2585} INFO - Sync 1 DAGs
[2024-12-03T15:53:33.078+0000] {logging_mixin.py:120} INFO - [2024-12-03T15:53:33.078+0000] {dag.py:3340} INFO - Setting next_dagrun for example_weekday_branch_operator to 2024-12-02T00:00:00+00:00, run_after=2024-12-03T00:00:00+00:00
[2024-12-03T15:53:33.139+0000] {processor.py:176} INFO - Processing /home/airflow/.local/lib/python3.7/site-packages/airflow/example_dags/example_branch_day_of_week_operator.py took 0.234 seconds
[2024-12-03T15:54:03.576+0000] {processor.py:154} INFO - Started process (PID=179) to work on /home/airflow/.local/lib/python3.7/site-packages/airflow/example_dags/example_branch_day_of_week_operator.py
[2024-12-03T15:54:03.579+0000] {processor.py:756} INFO - Processing file /home/airflow/.local/lib/python3.7/site-packages/airflow/example_dags/example_branch_day_of_week_operator.py for tasks to queue
[2024-12-03T15:54:03.583+0000] {logging_mixin.py:120} INFO - [2024-12-03T15:54:03.583+0000] {dagbag.py:537} INFO - Filling up the DagBag from /home/airflow/.local/lib/python3.7/site-packages/airflow/example_dags/example_branch_day_of_week_operator.py
[2024-12-03T15:54:03.643+0000] {processor.py:766} INFO - DAG(s) dict_keys(['example_weekday_branch_operator']) retrieved from /home/airflow/.local/lib/python3.7/site-packages/airflow/example_dags/example_branch_day_of_week_operator.py
[2024-12-03T15:54:03.792+0000] {logging_mixin.py:120} INFO - [2024-12-03T15:54:03.791+0000] {dag.py:2585} INFO - Sync 1 DAGs
[2024-12-03T15:54:03.919+0000] {logging_mixin.py:120} INFO - [2024-12-03T15:54:03.919+0000] {dag.py:3340} INFO - Setting next_dagrun for example_weekday_branch_operator to 2024-12-02T00:00:00+00:00, run_after=2024-12-03T00:00:00+00:00
[2024-12-03T15:54:03.979+0000] {processor.py:176} INFO - Processing /home/airflow/.local/lib/python3.7/site-packages/airflow/example_dags/example_branch_day_of_week_operator.py took 0.410 seconds
[2024-12-03T15:54:34.822+0000] {processor.py:154} INFO - Started process (PID=235) to work on /home/airflow/.local/lib/python3.7/site-packages/airflow/example_dags/example_branch_day_of_week_operator.py
[2024-12-03T15:54:34.824+0000] {processor.py:756} INFO - Processing file /home/airflow/.local/lib/python3.7/site-packages/airflow/example_dags/example_branch_day_of_week_operator.py for tasks to queue
[2024-12-03T15:54:34.827+0000] {logging_mixin.py:120} INFO - [2024-12-03T15:54:34.826+0000] {dagbag.py:537} INFO - Filling up the DagBag from /home/airflow/.local/lib/python3.7/site-packages/airflow/example_dags/example_branch_day_of_week_operator.py
[2024-12-03T15:54:34.863+0000] {processor.py:766} INFO - DAG(s) dict_keys(['example_weekday_branch_operator']) retrieved from /home/airflow/.local/lib/python3.7/site-packages/airflow/example_dags/example_branch_day_of_week_operator.py
[2024-12-03T15:54:34.954+0000] {logging_mixin.py:120} INFO - [2024-12-03T15:54:34.954+0000] {dag.py:2585} INFO - Sync 1 DAGs
[2024-12-03T15:54:35.010+0000] {logging_mixin.py:120} INFO - [2024-12-03T15:54:35.010+0000] {dag.py:3340} INFO - Setting next_dagrun for example_weekday_branch_operator to 2024-12-02T00:00:00+00:00, run_after=2024-12-03T00:00:00+00:00
[2024-12-03T15:54:35.061+0000] {processor.py:176} INFO - Processing /home/airflow/.local/lib/python3.7/site-packages/airflow/example_dags/example_branch_day_of_week_operator.py took 0.244 seconds
[2024-12-03T15:55:05.462+0000] {processor.py:154} INFO - Started process (PID=290) to work on /home/airflow/.local/lib/python3.7/site-packages/airflow/example_dags/example_branch_day_of_week_operator.py
[2024-12-03T15:55:05.465+0000] {processor.py:756} INFO - Processing file /home/airflow/.local/lib/python3.7/site-packages/airflow/example_dags/example_branch_day_of_week_operator.py for tasks to queue
[2024-12-03T15:55:05.467+0000] {logging_mixin.py:120} INFO - [2024-12-03T15:55:05.466+0000] {dagbag.py:537} INFO - Filling up the DagBag from /home/airflow/.local/lib/python3.7/site-packages/airflow/example_dags/example_branch_day_of_week_operator.py
[2024-12-03T15:55:05.492+0000] {processor.py:766} INFO - DAG(s) dict_keys(['example_weekday_branch_operator']) retrieved from /home/airflow/.local/lib/python3.7/site-packages/airflow/example_dags/example_branch_day_of_week_operator.py
[2024-12-03T15:55:05.571+0000] {logging_mixin.py:120} INFO - [2024-12-03T15:55:05.571+0000] {dag.py:2585} INFO - Sync 1 DAGs
[2024-12-03T15:55:05.632+0000] {logging_mixin.py:120} INFO - [2024-12-03T15:55:05.631+0000] {dag.py:3340} INFO - Setting next_dagrun for example_weekday_branch_operator to 2024-12-02T00:00:00+00:00, run_after=2024-12-03T00:00:00+00:00
[2024-12-03T15:55:05.694+0000] {processor.py:176} INFO - Processing /home/airflow/.local/lib/python3.7/site-packages/airflow/example_dags/example_branch_day_of_week_operator.py took 0.237 seconds
[2024-12-03T15:55:35.941+0000] {processor.py:154} INFO - Started process (PID=354) to work on /home/airflow/.local/lib/python3.7/site-packages/airflow/example_dags/example_branch_day_of_week_operator.py
[2024-12-03T15:55:35.943+0000] {processor.py:756} INFO - Processing file /home/airflow/.local/lib/python3.7/site-packages/airflow/example_dags/example_branch_day_of_week_operator.py for tasks to queue
[2024-12-03T15:55:35.946+0000] {logging_mixin.py:120} INFO - [2024-12-03T15:55:35.945+0000] {dagbag.py:537} INFO - Filling up the DagBag from /home/airflow/.local/lib/python3.7/site-packages/airflow/example_dags/example_branch_day_of_week_operator.py
[2024-12-03T15:55:35.977+0000] {processor.py:766} INFO - DAG(s) dict_keys(['example_weekday_branch_operator']) retrieved from /home/airflow/.local/lib/python3.7/site-packages/airflow/example_dags/example_branch_day_of_week_operator.py
[2024-12-03T15:55:36.068+0000] {logging_mixin.py:120} INFO - [2024-12-03T15:55:36.067+0000] {dag.py:2585} INFO - Sync 1 DAGs
[2024-12-03T15:55:36.152+0000] {logging_mixin.py:120} INFO - [2024-12-03T15:55:36.152+0000] {dag.py:3340} INFO - Setting next_dagrun for example_weekday_branch_operator to 2024-12-02T00:00:00+00:00, run_after=2024-12-03T00:00:00+00:00
[2024-12-03T15:55:36.256+0000] {processor.py:176} INFO - Processing /home/airflow/.local/lib/python3.7/site-packages/airflow/example_dags/example_branch_day_of_week_operator.py took 0.319 seconds
[2024-12-03T15:56:06.996+0000] {processor.py:154} INFO - Started process (PID=409) to work on /home/airflow/.local/lib/python3.7/site-packages/airflow/example_dags/example_branch_day_of_week_operator.py
[2024-12-03T15:56:06.997+0000] {processor.py:756} INFO - Processing file /home/airflow/.local/lib/python3.7/site-packages/airflow/example_dags/example_branch_day_of_week_operator.py for tasks to queue
[2024-12-03T15:56:06.999+0000] {logging_mixin.py:120} INFO - [2024-12-03T15:56:06.999+0000] {dagbag.py:537} INFO - Filling up the DagBag from /home/airflow/.local/lib/python3.7/site-packages/airflow/example_dags/example_branch_day_of_week_operator.py
[2024-12-03T15:56:07.020+0000] {processor.py:766} INFO - DAG(s) dict_keys(['example_weekday_branch_operator']) retrieved from /home/airflow/.local/lib/python3.7/site-packages/airflow/example_dags/example_branch_day_of_week_operator.py
[2024-12-03T15:56:07.084+0000] {logging_mixin.py:120} INFO - [2024-12-03T15:56:07.084+0000] {dag.py:2585} INFO - Sync 1 DAGs
[2024-12-03T15:56:07.125+0000] {logging_mixin.py:120} INFO - [2024-12-03T15:56:07.124+0000] {dag.py:3340} INFO - Setting next_dagrun for example_weekday_branch_operator to 2024-12-02T00:00:00+00:00, run_after=2024-12-03T00:00:00+00:00
[2024-12-03T15:56:07.169+0000] {processor.py:176} INFO - Processing /home/airflow/.local/lib/python3.7/site-packages/airflow/example_dags/example_branch_day_of_week_operator.py took 0.179 seconds
[2024-12-03T15:56:37.889+0000] {processor.py:154} INFO - Started process (PID=464) to work on /home/airflow/.local/lib/python3.7/site-packages/airflow/example_dags/example_branch_day_of_week_operator.py
[2024-12-03T15:56:37.891+0000] {processor.py:756} INFO - Processing file /home/airflow/.local/lib/python3.7/site-packages/airflow/example_dags/example_branch_day_of_week_operator.py for tasks to queue
[2024-12-03T15:56:37.892+0000] {logging_mixin.py:120} INFO - [2024-12-03T15:56:37.892+0000] {dagbag.py:537} INFO - Filling up the DagBag from /home/airflow/.local/lib/python3.7/site-packages/airflow/example_dags/example_branch_day_of_week_operator.py
[2024-12-03T15:56:37.920+0000] {processor.py:766} INFO - DAG(s) dict_keys(['example_weekday_branch_operator']) retrieved from /home/airflow/.local/lib/python3.7/site-packages/airflow/example_dags/example_branch_day_of_week_operator.py
[2024-12-03T15:56:38.001+0000] {logging_mixin.py:120} INFO - [2024-12-03T15:56:38.000+0000] {dag.py:2585} INFO - Sync 1 DAGs
[2024-12-03T15:56:38.049+0000] {logging_mixin.py:120} INFO - [2024-12-03T15:56:38.049+0000] {dag.py:3340} INFO - Setting next_dagrun for example_weekday_branch_operator to 2024-12-02T00:00:00+00:00, run_after=2024-12-03T00:00:00+00:00
[2024-12-03T15:56:38.089+0000] {processor.py:176} INFO - Processing /home/airflow/.local/lib/python3.7/site-packages/airflow/example_dags/example_branch_day_of_week_operator.py took 0.205 seconds
[2024-12-03T15:57:08.349+0000] {processor.py:154} INFO - Started process (PID=532) to work on /home/airflow/.local/lib/python3.7/site-packages/airflow/example_dags/example_branch_day_of_week_operator.py
[2024-12-03T15:57:08.352+0000] {processor.py:756} INFO - Processing file /home/airflow/.local/lib/python3.7/site-packages/airflow/example_dags/example_branch_day_of_week_operator.py for tasks to queue
[2024-12-03T15:57:08.363+0000] {logging_mixin.py:120} INFO - [2024-12-03T15:57:08.363+0000] {dagbag.py:537} INFO - Filling up the DagBag from /home/airflow/.local/lib/python3.7/site-packages/airflow/example_dags/example_branch_day_of_week_operator.py
[2024-12-03T15:57:08.429+0000] {processor.py:766} INFO - DAG(s) dict_keys(['example_weekday_branch_operator']) retrieved from /home/airflow/.local/lib/python3.7/site-packages/airflow/example_dags/example_branch_day_of_week_operator.py
[2024-12-03T15:57:08.556+0000] {logging_mixin.py:120} INFO - [2024-12-03T15:57:08.556+0000] {dag.py:2585} INFO - Sync 1 DAGs
[2024-12-03T15:57:08.654+0000] {logging_mixin.py:120} INFO - [2024-12-03T15:57:08.654+0000] {dag.py:3340} INFO - Setting next_dagrun for example_weekday_branch_operator to 2024-12-02T00:00:00+00:00, run_after=2024-12-03T00:00:00+00:00
[2024-12-03T15:57:08.722+0000] {processor.py:176} INFO - Processing /home/airflow/.local/lib/python3.7/site-packages/airflow/example_dags/example_branch_day_of_week_operator.py took 0.380 seconds
[2024-12-03T15:57:39.667+0000] {processor.py:154} INFO - Started process (PID=587) to work on /home/airflow/.local/lib/python3.7/site-packages/airflow/example_dags/example_branch_day_of_week_operator.py
[2024-12-03T15:57:39.669+0000] {processor.py:756} INFO - Processing file /home/airflow/.local/lib/python3.7/site-packages/airflow/example_dags/example_branch_day_of_week_operator.py for tasks to queue
[2024-12-03T15:57:39.671+0000] {logging_mixin.py:120} INFO - [2024-12-03T15:57:39.671+0000] {dagbag.py:537} INFO - Filling up the DagBag from /home/airflow/.local/lib/python3.7/site-packages/airflow/example_dags/example_branch_day_of_week_operator.py
[2024-12-03T15:57:39.707+0000] {processor.py:766} INFO - DAG(s) dict_keys(['example_weekday_branch_operator']) retrieved from /home/airflow/.local/lib/python3.7/site-packages/airflow/example_dags/example_branch_day_of_week_operator.py
[2024-12-03T15:57:39.785+0000] {logging_mixin.py:120} INFO - [2024-12-03T15:57:39.784+0000] {dag.py:2585} INFO - Sync 1 DAGs
[2024-12-03T15:57:39.835+0000] {logging_mixin.py:120} INFO - [2024-12-03T15:57:39.835+0000] {dag.py:3340} INFO - Setting next_dagrun for example_weekday_branch_operator to 2024-12-02T00:00:00+00:00, run_after=2024-12-03T00:00:00+00:00
[2024-12-03T15:57:39.886+0000] {processor.py:176} INFO - Processing /home/airflow/.local/lib/python3.7/site-packages/airflow/example_dags/example_branch_day_of_week_operator.py took 0.224 seconds
[2024-12-03T15:58:10.214+0000] {processor.py:154} INFO - Started process (PID=667) to work on /home/airflow/.local/lib/python3.7/site-packages/airflow/example_dags/example_branch_day_of_week_operator.py
[2024-12-03T15:58:10.215+0000] {processor.py:756} INFO - Processing file /home/airflow/.local/lib/python3.7/site-packages/airflow/example_dags/example_branch_day_of_week_operator.py for tasks to queue
[2024-12-03T15:58:10.218+0000] {logging_mixin.py:120} INFO - [2024-12-03T15:58:10.218+0000] {dagbag.py:537} INFO - Filling up the DagBag from /home/airflow/.local/lib/python3.7/site-packages/airflow/example_dags/example_branch_day_of_week_operator.py
[2024-12-03T15:58:10.246+0000] {processor.py:766} INFO - DAG(s) dict_keys(['example_weekday_branch_operator']) retrieved from /home/airflow/.local/lib/python3.7/site-packages/airflow/example_dags/example_branch_day_of_week_operator.py
[2024-12-03T15:58:10.324+0000] {logging_mixin.py:120} INFO - [2024-12-03T15:58:10.324+0000] {dag.py:2585} INFO - Sync 1 DAGs
[2024-12-03T15:58:10.368+0000] {logging_mixin.py:120} INFO - [2024-12-03T15:58:10.367+0000] {dag.py:3340} INFO - Setting next_dagrun for example_weekday_branch_operator to 2024-12-02T00:00:00+00:00, run_after=2024-12-03T00:00:00+00:00
[2024-12-03T15:58:10.412+0000] {processor.py:176} INFO - Processing /home/airflow/.local/lib/python3.7/site-packages/airflow/example_dags/example_branch_day_of_week_operator.py took 0.204 seconds
[2024-12-03T15:58:40.589+0000] {processor.py:154} INFO - Started process (PID=722) to work on /home/airflow/.local/lib/python3.7/site-packages/airflow/example_dags/example_branch_day_of_week_operator.py
[2024-12-03T15:58:40.591+0000] {processor.py:756} INFO - Processing file /home/airflow/.local/lib/python3.7/site-packages/airflow/example_dags/example_branch_day_of_week_operator.py for tasks to queue
[2024-12-03T15:58:40.593+0000] {logging_mixin.py:120} INFO - [2024-12-03T15:58:40.592+0000] {dagbag.py:537} INFO - Filling up the DagBag from /home/airflow/.local/lib/python3.7/site-packages/airflow/example_dags/example_branch_day_of_week_operator.py
[2024-12-03T15:58:40.635+0000] {processor.py:766} INFO - DAG(s) dict_keys(['example_weekday_branch_operator']) retrieved from /home/airflow/.local/lib/python3.7/site-packages/airflow/example_dags/example_branch_day_of_week_operator.py
[2024-12-03T15:58:40.705+0000] {logging_mixin.py:120} INFO - [2024-12-03T15:58:40.704+0000] {dag.py:2585} INFO - Sync 1 DAGs
[2024-12-03T15:58:40.745+0000] {logging_mixin.py:120} INFO - [2024-12-03T15:58:40.745+0000] {dag.py:3340} INFO - Setting next_dagrun for example_weekday_branch_operator to 2024-12-02T00:00:00+00:00, run_after=2024-12-03T00:00:00+00:00
[2024-12-03T15:58:40.786+0000] {processor.py:176} INFO - Processing /home/airflow/.local/lib/python3.7/site-packages/airflow/example_dags/example_branch_day_of_week_operator.py took 0.213 seconds
[2024-12-03T15:59:11.591+0000] {processor.py:154} INFO - Started process (PID=777) to work on /home/airflow/.local/lib/python3.7/site-packages/airflow/example_dags/example_branch_day_of_week_operator.py
[2024-12-03T15:59:11.593+0000] {processor.py:756} INFO - Processing file /home/airflow/.local/lib/python3.7/site-packages/airflow/example_dags/example_branch_day_of_week_operator.py for tasks to queue
[2024-12-03T15:59:11.594+0000] {logging_mixin.py:120} INFO - [2024-12-03T15:59:11.594+0000] {dagbag.py:537} INFO - Filling up the DagBag from /home/airflow/.local/lib/python3.7/site-packages/airflow/example_dags/example_branch_day_of_week_operator.py
[2024-12-03T15:59:11.624+0000] {processor.py:766} INFO - DAG(s) dict_keys(['example_weekday_branch_operator']) retrieved from /home/airflow/.local/lib/python3.7/site-packages/airflow/example_dags/example_branch_day_of_week_operator.py
[2024-12-03T15:59:11.704+0000] {logging_mixin.py:120} INFO - [2024-12-03T15:59:11.704+0000] {dag.py:2585} INFO - Sync 1 DAGs
[2024-12-03T15:59:11.753+0000] {logging_mixin.py:120} INFO - [2024-12-03T15:59:11.752+0000] {dag.py:3340} INFO - Setting next_dagrun for example_weekday_branch_operator to 2024-12-02T00:00:00+00:00, run_after=2024-12-03T00:00:00+00:00
[2024-12-03T15:59:11.826+0000] {processor.py:176} INFO - Processing /home/airflow/.local/lib/python3.7/site-packages/airflow/example_dags/example_branch_day_of_week_operator.py took 0.240 seconds
[2024-12-03T15:59:41.983+0000] {processor.py:154} INFO - Started process (PID=842) to work on /home/airflow/.local/lib/python3.7/site-packages/airflow/example_dags/example_branch_day_of_week_operator.py
[2024-12-03T15:59:41.985+0000] {processor.py:756} INFO - Processing file /home/airflow/.local/lib/python3.7/site-packages/airflow/example_dags/example_branch_day_of_week_operator.py for tasks to queue
[2024-12-03T15:59:41.988+0000] {logging_mixin.py:120} INFO - [2024-12-03T15:59:41.988+0000] {dagbag.py:537} INFO - Filling up the DagBag from /home/airflow/.local/lib/python3.7/site-packages/airflow/example_dags/example_branch_day_of_week_operator.py
[2024-12-03T15:59:42.020+0000] {processor.py:766} INFO - DAG(s) dict_keys(['example_weekday_branch_operator']) retrieved from /home/airflow/.local/lib/python3.7/site-packages/airflow/example_dags/example_branch_day_of_week_operator.py
[2024-12-03T15:59:42.090+0000] {logging_mixin.py:120} INFO - [2024-12-03T15:59:42.090+0000] {dag.py:2585} INFO - Sync 1 DAGs
[2024-12-03T15:59:42.137+0000] {logging_mixin.py:120} INFO - [2024-12-03T15:59:42.136+0000] {dag.py:3340} INFO - Setting next_dagrun for example_weekday_branch_operator to 2024-12-02T00:00:00+00:00, run_after=2024-12-03T00:00:00+00:00
[2024-12-03T15:59:42.181+0000] {processor.py:176} INFO - Processing /home/airflow/.local/lib/python3.7/site-packages/airflow/example_dags/example_branch_day_of_week_operator.py took 0.207 seconds
[2024-12-03T16:00:12.636+0000] {processor.py:154} INFO - Started process (PID=897) to work on /home/airflow/.local/lib/python3.7/site-packages/airflow/example_dags/example_branch_day_of_week_operator.py
[2024-12-03T16:00:12.639+0000] {processor.py:756} INFO - Processing file /home/airflow/.local/lib/python3.7/site-packages/airflow/example_dags/example_branch_day_of_week_operator.py for tasks to queue
[2024-12-03T16:00:12.641+0000] {logging_mixin.py:120} INFO - [2024-12-03T16:00:12.641+0000] {dagbag.py:537} INFO - Filling up the DagBag from /home/airflow/.local/lib/python3.7/site-packages/airflow/example_dags/example_branch_day_of_week_operator.py
[2024-12-03T16:00:12.671+0000] {processor.py:766} INFO - DAG(s) dict_keys(['example_weekday_branch_operator']) retrieved from /home/airflow/.local/lib/python3.7/site-packages/airflow/example_dags/example_branch_day_of_week_operator.py
[2024-12-03T16:00:12.729+0000] {logging_mixin.py:120} INFO - [2024-12-03T16:00:12.729+0000] {dag.py:2585} INFO - Sync 1 DAGs
[2024-12-03T16:00:12.770+0000] {logging_mixin.py:120} INFO - [2024-12-03T16:00:12.770+0000] {dag.py:3340} INFO - Setting next_dagrun for example_weekday_branch_operator to 2024-12-02T00:00:00+00:00, run_after=2024-12-03T00:00:00+00:00
[2024-12-03T16:00:12.819+0000] {processor.py:176} INFO - Processing /home/airflow/.local/lib/python3.7/site-packages/airflow/example_dags/example_branch_day_of_week_operator.py took 0.186 seconds
[2024-12-03T16:00:43.251+0000] {processor.py:154} INFO - Started process (PID=959) to work on /home/airflow/.local/lib/python3.7/site-packages/airflow/example_dags/example_branch_day_of_week_operator.py
[2024-12-03T16:00:43.252+0000] {processor.py:756} INFO - Processing file /home/airflow/.local/lib/python3.7/site-packages/airflow/example_dags/example_branch_day_of_week_operator.py for tasks to queue
[2024-12-03T16:00:43.256+0000] {logging_mixin.py:120} INFO - [2024-12-03T16:00:43.255+0000] {dagbag.py:537} INFO - Filling up the DagBag from /home/airflow/.local/lib/python3.7/site-packages/airflow/example_dags/example_branch_day_of_week_operator.py
[2024-12-03T16:00:43.285+0000] {processor.py:766} INFO - DAG(s) dict_keys(['example_weekday_branch_operator']) retrieved from /home/airflow/.local/lib/python3.7/site-packages/airflow/example_dags/example_branch_day_of_week_operator.py
[2024-12-03T16:00:43.361+0000] {logging_mixin.py:120} INFO - [2024-12-03T16:00:43.360+0000] {dag.py:2585} INFO - Sync 1 DAGs
[2024-12-03T16:00:43.421+0000] {logging_mixin.py:120} INFO - [2024-12-03T16:00:43.421+0000] {dag.py:3340} INFO - Setting next_dagrun for example_weekday_branch_operator to 2024-12-02T00:00:00+00:00, run_after=2024-12-03T00:00:00+00:00
[2024-12-03T16:00:43.476+0000] {processor.py:176} INFO - Processing /home/airflow/.local/lib/python3.7/site-packages/airflow/example_dags/example_branch_day_of_week_operator.py took 0.230 seconds
[2024-12-03T16:01:13.818+0000] {processor.py:154} INFO - Started process (PID=1016) to work on /home/airflow/.local/lib/python3.7/site-packages/airflow/example_dags/example_branch_day_of_week_operator.py
[2024-12-03T16:01:13.820+0000] {processor.py:756} INFO - Processing file /home/airflow/.local/lib/python3.7/site-packages/airflow/example_dags/example_branch_day_of_week_operator.py for tasks to queue
[2024-12-03T16:01:13.822+0000] {logging_mixin.py:120} INFO - [2024-12-03T16:01:13.822+0000] {dagbag.py:537} INFO - Filling up the DagBag from /home/airflow/.local/lib/python3.7/site-packages/airflow/example_dags/example_branch_day_of_week_operator.py
[2024-12-03T16:01:13.862+0000] {processor.py:766} INFO - DAG(s) dict_keys(['example_weekday_branch_operator']) retrieved from /home/airflow/.local/lib/python3.7/site-packages/airflow/example_dags/example_branch_day_of_week_operator.py
[2024-12-03T16:01:13.954+0000] {logging_mixin.py:120} INFO - [2024-12-03T16:01:13.954+0000] {dag.py:2585} INFO - Sync 1 DAGs
[2024-12-03T16:01:14.004+0000] {logging_mixin.py:120} INFO - [2024-12-03T16:01:14.003+0000] {dag.py:3340} INFO - Setting next_dagrun for example_weekday_branch_operator to 2024-12-02T00:00:00+00:00, run_after=2024-12-03T00:00:00+00:00
[2024-12-03T16:01:14.046+0000] {processor.py:176} INFO - Processing /home/airflow/.local/lib/python3.7/site-packages/airflow/example_dags/example_branch_day_of_week_operator.py took 0.233 seconds
[2024-12-03T16:01:44.705+0000] {processor.py:154} INFO - Started process (PID=1071) to work on /home/airflow/.local/lib/python3.7/site-packages/airflow/example_dags/example_branch_day_of_week_operator.py
[2024-12-03T16:01:44.706+0000] {processor.py:756} INFO - Processing file /home/airflow/.local/lib/python3.7/site-packages/airflow/example_dags/example_branch_day_of_week_operator.py for tasks to queue
[2024-12-03T16:01:44.708+0000] {logging_mixin.py:120} INFO - [2024-12-03T16:01:44.708+0000] {dagbag.py:537} INFO - Filling up the DagBag from /home/airflow/.local/lib/python3.7/site-packages/airflow/example_dags/example_branch_day_of_week_operator.py
[2024-12-03T16:01:44.743+0000] {processor.py:766} INFO - DAG(s) dict_keys(['example_weekday_branch_operator']) retrieved from /home/airflow/.local/lib/python3.7/site-packages/airflow/example_dags/example_branch_day_of_week_operator.py
[2024-12-03T16:01:44.839+0000] {logging_mixin.py:120} INFO - [2024-12-03T16:01:44.839+0000] {dag.py:2585} INFO - Sync 1 DAGs
[2024-12-03T16:01:44.895+0000] {logging_mixin.py:120} INFO - [2024-12-03T16:01:44.894+0000] {dag.py:3340} INFO - Setting next_dagrun for example_weekday_branch_operator to 2024-12-02T00:00:00+00:00, run_after=2024-12-03T00:00:00+00:00
[2024-12-03T16:01:44.943+0000] {processor.py:176} INFO - Processing /home/airflow/.local/lib/python3.7/site-packages/airflow/example_dags/example_branch_day_of_week_operator.py took 0.243 seconds
[2024-12-03T16:02:15.819+0000] {processor.py:154} INFO - Started process (PID=1136) to work on /home/airflow/.local/lib/python3.7/site-packages/airflow/example_dags/example_branch_day_of_week_operator.py
[2024-12-03T16:02:15.845+0000] {processor.py:756} INFO - Processing file /home/airflow/.local/lib/python3.7/site-packages/airflow/example_dags/example_branch_day_of_week_operator.py for tasks to queue
[2024-12-03T16:02:15.850+0000] {logging_mixin.py:120} INFO - [2024-12-03T16:02:15.850+0000] {dagbag.py:537} INFO - Filling up the DagBag from /home/airflow/.local/lib/python3.7/site-packages/airflow/example_dags/example_branch_day_of_week_operator.py
[2024-12-03T16:02:15.874+0000] {processor.py:766} INFO - DAG(s) dict_keys(['example_weekday_branch_operator']) retrieved from /home/airflow/.local/lib/python3.7/site-packages/airflow/example_dags/example_branch_day_of_week_operator.py
[2024-12-03T16:02:15.953+0000] {logging_mixin.py:120} INFO - [2024-12-03T16:02:15.952+0000] {dag.py:2585} INFO - Sync 1 DAGs
[2024-12-03T16:02:15.997+0000] {logging_mixin.py:120} INFO - [2024-12-03T16:02:15.996+0000] {dag.py:3340} INFO - Setting next_dagrun for example_weekday_branch_operator to 2024-12-02T00:00:00+00:00, run_after=2024-12-03T00:00:00+00:00
[2024-12-03T16:02:16.042+0000] {processor.py:176} INFO - Processing /home/airflow/.local/lib/python3.7/site-packages/airflow/example_dags/example_branch_day_of_week_operator.py took 0.227 seconds
[2024-12-03T16:02:46.817+0000] {processor.py:154} INFO - Started process (PID=1192) to work on /home/airflow/.local/lib/python3.7/site-packages/airflow/example_dags/example_branch_day_of_week_operator.py
[2024-12-03T16:02:46.819+0000] {processor.py:756} INFO - Processing file /home/airflow/.local/lib/python3.7/site-packages/airflow/example_dags/example_branch_day_of_week_operator.py for tasks to queue
[2024-12-03T16:02:46.822+0000] {logging_mixin.py:120} INFO - [2024-12-03T16:02:46.822+0000] {dagbag.py:537} INFO - Filling up the DagBag from /home/airflow/.local/lib/python3.7/site-packages/airflow/example_dags/example_branch_day_of_week_operator.py
[2024-12-03T16:02:46.849+0000] {processor.py:766} INFO - DAG(s) dict_keys(['example_weekday_branch_operator']) retrieved from /home/airflow/.local/lib/python3.7/site-packages/airflow/example_dags/example_branch_day_of_week_operator.py
[2024-12-03T16:02:46.954+0000] {logging_mixin.py:120} INFO - [2024-12-03T16:02:46.953+0000] {dag.py:2585} INFO - Sync 1 DAGs
[2024-12-03T16:02:47.028+0000] {logging_mixin.py:120} INFO - [2024-12-03T16:02:47.027+0000] {dag.py:3340} INFO - Setting next_dagrun for example_weekday_branch_operator to 2024-12-02T00:00:00+00:00, run_after=2024-12-03T00:00:00+00:00
[2024-12-03T16:02:47.073+0000] {processor.py:176} INFO - Processing /home/airflow/.local/lib/python3.7/site-packages/airflow/example_dags/example_branch_day_of_week_operator.py took 0.261 seconds
[2024-12-03T16:03:17.403+0000] {processor.py:154} INFO - Started process (PID=1256) to work on /home/airflow/.local/lib/python3.7/site-packages/airflow/example_dags/example_branch_day_of_week_operator.py
[2024-12-03T16:03:17.405+0000] {processor.py:756} INFO - Processing file /home/airflow/.local/lib/python3.7/site-packages/airflow/example_dags/example_branch_day_of_week_operator.py for tasks to queue
[2024-12-03T16:03:17.407+0000] {logging_mixin.py:120} INFO - [2024-12-03T16:03:17.407+0000] {dagbag.py:537} INFO - Filling up the DagBag from /home/airflow/.local/lib/python3.7/site-packages/airflow/example_dags/example_branch_day_of_week_operator.py
[2024-12-03T16:03:17.437+0000] {processor.py:766} INFO - DAG(s) dict_keys(['example_weekday_branch_operator']) retrieved from /home/airflow/.local/lib/python3.7/site-packages/airflow/example_dags/example_branch_day_of_week_operator.py
[2024-12-03T16:03:17.513+0000] {logging_mixin.py:120} INFO - [2024-12-03T16:03:17.513+0000] {dag.py:2585} INFO - Sync 1 DAGs
[2024-12-03T16:03:17.564+0000] {logging_mixin.py:120} INFO - [2024-12-03T16:03:17.564+0000] {dag.py:3340} INFO - Setting next_dagrun for example_weekday_branch_operator to 2024-12-02T00:00:00+00:00, run_after=2024-12-03T00:00:00+00:00
[2024-12-03T16:03:17.608+0000] {processor.py:176} INFO - Processing /home/airflow/.local/lib/python3.7/site-packages/airflow/example_dags/example_branch_day_of_week_operator.py took 0.209 seconds
[2024-12-03T16:03:48.522+0000] {processor.py:154} INFO - Started process (PID=1324) to work on /home/airflow/.local/lib/python3.7/site-packages/airflow/example_dags/example_branch_day_of_week_operator.py
[2024-12-03T16:03:48.524+0000] {processor.py:756} INFO - Processing file /home/airflow/.local/lib/python3.7/site-packages/airflow/example_dags/example_branch_day_of_week_operator.py for tasks to queue
[2024-12-03T16:03:48.525+0000] {logging_mixin.py:120} INFO - [2024-12-03T16:03:48.525+0000] {dagbag.py:537} INFO - Filling up the DagBag from /home/airflow/.local/lib/python3.7/site-packages/airflow/example_dags/example_branch_day_of_week_operator.py
[2024-12-03T16:03:48.556+0000] {processor.py:766} INFO - DAG(s) dict_keys(['example_weekday_branch_operator']) retrieved from /home/airflow/.local/lib/python3.7/site-packages/airflow/example_dags/example_branch_day_of_week_operator.py
[2024-12-03T16:03:48.631+0000] {logging_mixin.py:120} INFO - [2024-12-03T16:03:48.631+0000] {dag.py:2585} INFO - Sync 1 DAGs
[2024-12-03T16:03:48.680+0000] {logging_mixin.py:120} INFO - [2024-12-03T16:03:48.680+0000] {dag.py:3340} INFO - Setting next_dagrun for example_weekday_branch_operator to 2024-12-02T00:00:00+00:00, run_after=2024-12-03T00:00:00+00:00
[2024-12-03T16:03:48.738+0000] {processor.py:176} INFO - Processing /home/airflow/.local/lib/python3.7/site-packages/airflow/example_dags/example_branch_day_of_week_operator.py took 0.221 seconds
[2024-12-03T16:04:19.482+0000] {processor.py:154} INFO - Started process (PID=1387) to work on /home/airflow/.local/lib/python3.7/site-packages/airflow/example_dags/example_branch_day_of_week_operator.py
[2024-12-03T16:04:19.485+0000] {processor.py:756} INFO - Processing file /home/airflow/.local/lib/python3.7/site-packages/airflow/example_dags/example_branch_day_of_week_operator.py for tasks to queue
[2024-12-03T16:04:19.489+0000] {logging_mixin.py:120} INFO - [2024-12-03T16:04:19.488+0000] {dagbag.py:537} INFO - Filling up the DagBag from /home/airflow/.local/lib/python3.7/site-packages/airflow/example_dags/example_branch_day_of_week_operator.py
[2024-12-03T16:04:19.544+0000] {processor.py:766} INFO - DAG(s) dict_keys(['example_weekday_branch_operator']) retrieved from /home/airflow/.local/lib/python3.7/site-packages/airflow/example_dags/example_branch_day_of_week_operator.py
[2024-12-03T16:04:19.658+0000] {logging_mixin.py:120} INFO - [2024-12-03T16:04:19.658+0000] {dag.py:2585} INFO - Sync 1 DAGs
[2024-12-03T16:04:19.741+0000] {logging_mixin.py:120} INFO - [2024-12-03T16:04:19.740+0000] {dag.py:3340} INFO - Setting next_dagrun for example_weekday_branch_operator to 2024-12-02T00:00:00+00:00, run_after=2024-12-03T00:00:00+00:00
[2024-12-03T16:04:19.817+0000] {processor.py:176} INFO - Processing /home/airflow/.local/lib/python3.7/site-packages/airflow/example_dags/example_branch_day_of_week_operator.py took 0.342 seconds
[2024-12-03T16:04:49.952+0000] {processor.py:154} INFO - Started process (PID=1443) to work on /home/airflow/.local/lib/python3.7/site-packages/airflow/example_dags/example_branch_day_of_week_operator.py
[2024-12-03T16:04:49.954+0000] {processor.py:756} INFO - Processing file /home/airflow/.local/lib/python3.7/site-packages/airflow/example_dags/example_branch_day_of_week_operator.py for tasks to queue
[2024-12-03T16:04:49.957+0000] {logging_mixin.py:120} INFO - [2024-12-03T16:04:49.956+0000] {dagbag.py:537} INFO - Filling up the DagBag from /home/airflow/.local/lib/python3.7/site-packages/airflow/example_dags/example_branch_day_of_week_operator.py
[2024-12-03T16:04:49.998+0000] {processor.py:766} INFO - DAG(s) dict_keys(['example_weekday_branch_operator']) retrieved from /home/airflow/.local/lib/python3.7/site-packages/airflow/example_dags/example_branch_day_of_week_operator.py
[2024-12-03T16:04:50.103+0000] {logging_mixin.py:120} INFO - [2024-12-03T16:04:50.103+0000] {dag.py:2585} INFO - Sync 1 DAGs
[2024-12-03T16:04:50.189+0000] {logging_mixin.py:120} INFO - [2024-12-03T16:04:50.189+0000] {dag.py:3340} INFO - Setting next_dagrun for example_weekday_branch_operator to 2024-12-02T00:00:00+00:00, run_after=2024-12-03T00:00:00+00:00
[2024-12-03T16:04:50.251+0000] {processor.py:176} INFO - Processing /home/airflow/.local/lib/python3.7/site-packages/airflow/example_dags/example_branch_day_of_week_operator.py took 0.305 seconds
[2024-12-03T16:05:20.537+0000] {processor.py:154} INFO - Started process (PID=1499) to work on /home/airflow/.local/lib/python3.7/site-packages/airflow/example_dags/example_branch_day_of_week_operator.py
[2024-12-03T16:05:20.539+0000] {processor.py:756} INFO - Processing file /home/airflow/.local/lib/python3.7/site-packages/airflow/example_dags/example_branch_day_of_week_operator.py for tasks to queue
[2024-12-03T16:05:20.544+0000] {logging_mixin.py:120} INFO - [2024-12-03T16:05:20.543+0000] {dagbag.py:537} INFO - Filling up the DagBag from /home/airflow/.local/lib/python3.7/site-packages/airflow/example_dags/example_branch_day_of_week_operator.py
[2024-12-03T16:05:20.587+0000] {processor.py:766} INFO - DAG(s) dict_keys(['example_weekday_branch_operator']) retrieved from /home/airflow/.local/lib/python3.7/site-packages/airflow/example_dags/example_branch_day_of_week_operator.py
[2024-12-03T16:05:20.711+0000] {logging_mixin.py:120} INFO - [2024-12-03T16:05:20.710+0000] {dag.py:2585} INFO - Sync 1 DAGs
[2024-12-03T16:05:20.797+0000] {logging_mixin.py:120} INFO - [2024-12-03T16:05:20.796+0000] {dag.py:3340} INFO - Setting next_dagrun for example_weekday_branch_operator to 2024-12-02T00:00:00+00:00, run_after=2024-12-03T00:00:00+00:00
[2024-12-03T16:05:20.862+0000] {processor.py:176} INFO - Processing /home/airflow/.local/lib/python3.7/site-packages/airflow/example_dags/example_branch_day_of_week_operator.py took 0.337 seconds
[2024-12-03T16:05:51.488+0000] {processor.py:154} INFO - Started process (PID=1554) to work on /home/airflow/.local/lib/python3.7/site-packages/airflow/example_dags/example_branch_day_of_week_operator.py
[2024-12-03T16:05:51.491+0000] {processor.py:756} INFO - Processing file /home/airflow/.local/lib/python3.7/site-packages/airflow/example_dags/example_branch_day_of_week_operator.py for tasks to queue
[2024-12-03T16:05:51.493+0000] {logging_mixin.py:120} INFO - [2024-12-03T16:05:51.493+0000] {dagbag.py:537} INFO - Filling up the DagBag from /home/airflow/.local/lib/python3.7/site-packages/airflow/example_dags/example_branch_day_of_week_operator.py
[2024-12-03T16:05:51.557+0000] {processor.py:766} INFO - DAG(s) dict_keys(['example_weekday_branch_operator']) retrieved from /home/airflow/.local/lib/python3.7/site-packages/airflow/example_dags/example_branch_day_of_week_operator.py
[2024-12-03T16:05:51.678+0000] {logging_mixin.py:120} INFO - [2024-12-03T16:05:51.678+0000] {dag.py:2585} INFO - Sync 1 DAGs
[2024-12-03T16:05:51.767+0000] {logging_mixin.py:120} INFO - [2024-12-03T16:05:51.767+0000] {dag.py:3340} INFO - Setting next_dagrun for example_weekday_branch_operator to 2024-12-02T00:00:00+00:00, run_after=2024-12-03T00:00:00+00:00
[2024-12-03T16:05:51.825+0000] {processor.py:176} INFO - Processing /home/airflow/.local/lib/python3.7/site-packages/airflow/example_dags/example_branch_day_of_week_operator.py took 0.350 seconds
[2024-12-03T16:06:22.015+0000] {processor.py:154} INFO - Started process (PID=1610) to work on /home/airflow/.local/lib/python3.7/site-packages/airflow/example_dags/example_branch_day_of_week_operator.py
[2024-12-03T16:06:22.020+0000] {processor.py:756} INFO - Processing file /home/airflow/.local/lib/python3.7/site-packages/airflow/example_dags/example_branch_day_of_week_operator.py for tasks to queue
[2024-12-03T16:06:22.025+0000] {logging_mixin.py:120} INFO - [2024-12-03T16:06:22.024+0000] {dagbag.py:537} INFO - Filling up the DagBag from /home/airflow/.local/lib/python3.7/site-packages/airflow/example_dags/example_branch_day_of_week_operator.py
[2024-12-03T16:06:22.068+0000] {processor.py:766} INFO - DAG(s) dict_keys(['example_weekday_branch_operator']) retrieved from /home/airflow/.local/lib/python3.7/site-packages/airflow/example_dags/example_branch_day_of_week_operator.py
[2024-12-03T16:06:22.189+0000] {logging_mixin.py:120} INFO - [2024-12-03T16:06:22.189+0000] {dag.py:2585} INFO - Sync 1 DAGs
[2024-12-03T16:06:22.273+0000] {logging_mixin.py:120} INFO - [2024-12-03T16:06:22.273+0000] {dag.py:3340} INFO - Setting next_dagrun for example_weekday_branch_operator to 2024-12-02T00:00:00+00:00, run_after=2024-12-03T00:00:00+00:00
[2024-12-03T16:06:22.338+0000] {processor.py:176} INFO - Processing /home/airflow/.local/lib/python3.7/site-packages/airflow/example_dags/example_branch_day_of_week_operator.py took 0.329 seconds
[2024-12-03T16:06:53.513+0000] {processor.py:154} INFO - Started process (PID=1665) to work on /home/airflow/.local/lib/python3.7/site-packages/airflow/example_dags/example_branch_day_of_week_operator.py
[2024-12-03T16:06:53.518+0000] {processor.py:756} INFO - Processing file /home/airflow/.local/lib/python3.7/site-packages/airflow/example_dags/example_branch_day_of_week_operator.py for tasks to queue
[2024-12-03T16:06:53.524+0000] {logging_mixin.py:120} INFO - [2024-12-03T16:06:53.523+0000] {dagbag.py:537} INFO - Filling up the DagBag from /home/airflow/.local/lib/python3.7/site-packages/airflow/example_dags/example_branch_day_of_week_operator.py
[2024-12-03T16:06:53.603+0000] {processor.py:766} INFO - DAG(s) dict_keys(['example_weekday_branch_operator']) retrieved from /home/airflow/.local/lib/python3.7/site-packages/airflow/example_dags/example_branch_day_of_week_operator.py
[2024-12-03T16:06:53.842+0000] {logging_mixin.py:120} INFO - [2024-12-03T16:06:53.841+0000] {dag.py:2585} INFO - Sync 1 DAGs
[2024-12-03T16:06:53.971+0000] {logging_mixin.py:120} INFO - [2024-12-03T16:06:53.971+0000] {dag.py:3340} INFO - Setting next_dagrun for example_weekday_branch_operator to 2024-12-02T00:00:00+00:00, run_after=2024-12-03T00:00:00+00:00
[2024-12-03T16:06:54.068+0000] {processor.py:176} INFO - Processing /home/airflow/.local/lib/python3.7/site-packages/airflow/example_dags/example_branch_day_of_week_operator.py took 0.567 seconds
[2024-12-03T16:07:24.799+0000] {processor.py:154} INFO - Started process (PID=1720) to work on /home/airflow/.local/lib/python3.7/site-packages/airflow/example_dags/example_branch_day_of_week_operator.py
[2024-12-03T16:07:24.802+0000] {processor.py:756} INFO - Processing file /home/airflow/.local/lib/python3.7/site-packages/airflow/example_dags/example_branch_day_of_week_operator.py for tasks to queue
[2024-12-03T16:07:24.804+0000] {logging_mixin.py:120} INFO - [2024-12-03T16:07:24.804+0000] {dagbag.py:537} INFO - Filling up the DagBag from /home/airflow/.local/lib/python3.7/site-packages/airflow/example_dags/example_branch_day_of_week_operator.py
[2024-12-03T16:07:24.849+0000] {processor.py:766} INFO - DAG(s) dict_keys(['example_weekday_branch_operator']) retrieved from /home/airflow/.local/lib/python3.7/site-packages/airflow/example_dags/example_branch_day_of_week_operator.py
[2024-12-03T16:07:24.957+0000] {logging_mixin.py:120} INFO - [2024-12-03T16:07:24.956+0000] {dag.py:2585} INFO - Sync 1 DAGs
[2024-12-03T16:07:25.050+0000] {logging_mixin.py:120} INFO - [2024-12-03T16:07:25.050+0000] {dag.py:3340} INFO - Setting next_dagrun for example_weekday_branch_operator to 2024-12-02T00:00:00+00:00, run_after=2024-12-03T00:00:00+00:00
[2024-12-03T16:07:25.127+0000] {processor.py:176} INFO - Processing /home/airflow/.local/lib/python3.7/site-packages/airflow/example_dags/example_branch_day_of_week_operator.py took 0.333 seconds
[2024-12-03T16:07:55.678+0000] {processor.py:154} INFO - Started process (PID=1775) to work on /home/airflow/.local/lib/python3.7/site-packages/airflow/example_dags/example_branch_day_of_week_operator.py
[2024-12-03T16:07:55.680+0000] {processor.py:756} INFO - Processing file /home/airflow/.local/lib/python3.7/site-packages/airflow/example_dags/example_branch_day_of_week_operator.py for tasks to queue
[2024-12-03T16:07:55.683+0000] {logging_mixin.py:120} INFO - [2024-12-03T16:07:55.682+0000] {dagbag.py:537} INFO - Filling up the DagBag from /home/airflow/.local/lib/python3.7/site-packages/airflow/example_dags/example_branch_day_of_week_operator.py
[2024-12-03T16:07:55.726+0000] {processor.py:766} INFO - DAG(s) dict_keys(['example_weekday_branch_operator']) retrieved from /home/airflow/.local/lib/python3.7/site-packages/airflow/example_dags/example_branch_day_of_week_operator.py
[2024-12-03T16:07:55.836+0000] {logging_mixin.py:120} INFO - [2024-12-03T16:07:55.836+0000] {dag.py:2585} INFO - Sync 1 DAGs
[2024-12-03T16:07:55.906+0000] {logging_mixin.py:120} INFO - [2024-12-03T16:07:55.905+0000] {dag.py:3340} INFO - Setting next_dagrun for example_weekday_branch_operator to 2024-12-02T00:00:00+00:00, run_after=2024-12-03T00:00:00+00:00
[2024-12-03T16:07:55.967+0000] {processor.py:176} INFO - Processing /home/airflow/.local/lib/python3.7/site-packages/airflow/example_dags/example_branch_day_of_week_operator.py took 0.301 seconds
[2024-12-03T16:08:26.563+0000] {processor.py:154} INFO - Started process (PID=1845) to work on /home/airflow/.local/lib/python3.7/site-packages/airflow/example_dags/example_branch_day_of_week_operator.py
[2024-12-03T16:08:26.565+0000] {processor.py:756} INFO - Processing file /home/airflow/.local/lib/python3.7/site-packages/airflow/example_dags/example_branch_day_of_week_operator.py for tasks to queue
[2024-12-03T16:08:26.568+0000] {logging_mixin.py:120} INFO - [2024-12-03T16:08:26.567+0000] {dagbag.py:537} INFO - Filling up the DagBag from /home/airflow/.local/lib/python3.7/site-packages/airflow/example_dags/example_branch_day_of_week_operator.py
[2024-12-03T16:08:26.624+0000] {processor.py:766} INFO - DAG(s) dict_keys(['example_weekday_branch_operator']) retrieved from /home/airflow/.local/lib/python3.7/site-packages/airflow/example_dags/example_branch_day_of_week_operator.py
[2024-12-03T16:08:26.736+0000] {logging_mixin.py:120} INFO - [2024-12-03T16:08:26.735+0000] {dag.py:2585} INFO - Sync 1 DAGs
[2024-12-03T16:08:26.810+0000] {logging_mixin.py:120} INFO - [2024-12-03T16:08:26.810+0000] {dag.py:3340} INFO - Setting next_dagrun for example_weekday_branch_operator to 2024-12-02T00:00:00+00:00, run_after=2024-12-03T00:00:00+00:00
[2024-12-03T16:08:26.874+0000] {processor.py:176} INFO - Processing /home/airflow/.local/lib/python3.7/site-packages/airflow/example_dags/example_branch_day_of_week_operator.py took 0.320 seconds
[2024-12-03T16:08:57.495+0000] {processor.py:154} INFO - Started process (PID=1914) to work on /home/airflow/.local/lib/python3.7/site-packages/airflow/example_dags/example_branch_day_of_week_operator.py
[2024-12-03T16:08:57.497+0000] {processor.py:756} INFO - Processing file /home/airflow/.local/lib/python3.7/site-packages/airflow/example_dags/example_branch_day_of_week_operator.py for tasks to queue
[2024-12-03T16:08:57.501+0000] {logging_mixin.py:120} INFO - [2024-12-03T16:08:57.501+0000] {dagbag.py:537} INFO - Filling up the DagBag from /home/airflow/.local/lib/python3.7/site-packages/airflow/example_dags/example_branch_day_of_week_operator.py
[2024-12-03T16:08:57.554+0000] {processor.py:766} INFO - DAG(s) dict_keys(['example_weekday_branch_operator']) retrieved from /home/airflow/.local/lib/python3.7/site-packages/airflow/example_dags/example_branch_day_of_week_operator.py
[2024-12-03T16:08:57.670+0000] {logging_mixin.py:120} INFO - [2024-12-03T16:08:57.670+0000] {dag.py:2585} INFO - Sync 1 DAGs
[2024-12-03T16:08:57.760+0000] {logging_mixin.py:120} INFO - [2024-12-03T16:08:57.760+0000] {dag.py:3340} INFO - Setting next_dagrun for example_weekday_branch_operator to 2024-12-02T00:00:00+00:00, run_after=2024-12-03T00:00:00+00:00
[2024-12-03T16:08:57.828+0000] {processor.py:176} INFO - Processing /home/airflow/.local/lib/python3.7/site-packages/airflow/example_dags/example_branch_day_of_week_operator.py took 0.341 seconds
[2024-12-03T16:09:28.724+0000] {processor.py:154} INFO - Started process (PID=1969) to work on /home/airflow/.local/lib/python3.7/site-packages/airflow/example_dags/example_branch_day_of_week_operator.py
[2024-12-03T16:09:28.728+0000] {processor.py:756} INFO - Processing file /home/airflow/.local/lib/python3.7/site-packages/airflow/example_dags/example_branch_day_of_week_operator.py for tasks to queue
[2024-12-03T16:09:28.743+0000] {logging_mixin.py:120} INFO - [2024-12-03T16:09:28.742+0000] {dagbag.py:537} INFO - Filling up the DagBag from /home/airflow/.local/lib/python3.7/site-packages/airflow/example_dags/example_branch_day_of_week_operator.py
[2024-12-03T16:09:28.837+0000] {processor.py:766} INFO - DAG(s) dict_keys(['example_weekday_branch_operator']) retrieved from /home/airflow/.local/lib/python3.7/site-packages/airflow/example_dags/example_branch_day_of_week_operator.py
[2024-12-03T16:09:29.008+0000] {logging_mixin.py:120} INFO - [2024-12-03T16:09:29.007+0000] {dag.py:2585} INFO - Sync 1 DAGs
[2024-12-03T16:09:29.113+0000] {logging_mixin.py:120} INFO - [2024-12-03T16:09:29.112+0000] {dag.py:3340} INFO - Setting next_dagrun for example_weekday_branch_operator to 2024-12-02T00:00:00+00:00, run_after=2024-12-03T00:00:00+00:00
[2024-12-03T16:09:29.190+0000] {processor.py:176} INFO - Processing /home/airflow/.local/lib/python3.7/site-packages/airflow/example_dags/example_branch_day_of_week_operator.py took 0.484 seconds
[2024-12-03T16:09:59.367+0000] {processor.py:154} INFO - Started process (PID=2024) to work on /home/airflow/.local/lib/python3.7/site-packages/airflow/example_dags/example_branch_day_of_week_operator.py
[2024-12-03T16:09:59.369+0000] {processor.py:756} INFO - Processing file /home/airflow/.local/lib/python3.7/site-packages/airflow/example_dags/example_branch_day_of_week_operator.py for tasks to queue
[2024-12-03T16:09:59.371+0000] {logging_mixin.py:120} INFO - [2024-12-03T16:09:59.371+0000] {dagbag.py:537} INFO - Filling up the DagBag from /home/airflow/.local/lib/python3.7/site-packages/airflow/example_dags/example_branch_day_of_week_operator.py
[2024-12-03T16:09:59.415+0000] {processor.py:766} INFO - DAG(s) dict_keys(['example_weekday_branch_operator']) retrieved from /home/airflow/.local/lib/python3.7/site-packages/airflow/example_dags/example_branch_day_of_week_operator.py
[2024-12-03T16:09:59.520+0000] {logging_mixin.py:120} INFO - [2024-12-03T16:09:59.519+0000] {dag.py:2585} INFO - Sync 1 DAGs
[2024-12-03T16:09:59.610+0000] {logging_mixin.py:120} INFO - [2024-12-03T16:09:59.610+0000] {dag.py:3340} INFO - Setting next_dagrun for example_weekday_branch_operator to 2024-12-02T00:00:00+00:00, run_after=2024-12-03T00:00:00+00:00
[2024-12-03T16:09:59.696+0000] {processor.py:176} INFO - Processing /home/airflow/.local/lib/python3.7/site-packages/airflow/example_dags/example_branch_day_of_week_operator.py took 0.337 seconds
[2024-12-03T16:10:29.895+0000] {processor.py:154} INFO - Started process (PID=2079) to work on /home/airflow/.local/lib/python3.7/site-packages/airflow/example_dags/example_branch_day_of_week_operator.py
[2024-12-03T16:10:29.897+0000] {processor.py:756} INFO - Processing file /home/airflow/.local/lib/python3.7/site-packages/airflow/example_dags/example_branch_day_of_week_operator.py for tasks to queue
[2024-12-03T16:10:29.900+0000] {logging_mixin.py:120} INFO - [2024-12-03T16:10:29.899+0000] {dagbag.py:537} INFO - Filling up the DagBag from /home/airflow/.local/lib/python3.7/site-packages/airflow/example_dags/example_branch_day_of_week_operator.py
[2024-12-03T16:10:29.951+0000] {processor.py:766} INFO - DAG(s) dict_keys(['example_weekday_branch_operator']) retrieved from /home/airflow/.local/lib/python3.7/site-packages/airflow/example_dags/example_branch_day_of_week_operator.py
[2024-12-03T16:10:30.086+0000] {logging_mixin.py:120} INFO - [2024-12-03T16:10:30.085+0000] {dag.py:2585} INFO - Sync 1 DAGs
[2024-12-03T16:10:30.156+0000] {logging_mixin.py:120} INFO - [2024-12-03T16:10:30.156+0000] {dag.py:3340} INFO - Setting next_dagrun for example_weekday_branch_operator to 2024-12-02T00:00:00+00:00, run_after=2024-12-03T00:00:00+00:00
[2024-12-03T16:10:30.212+0000] {processor.py:176} INFO - Processing /home/airflow/.local/lib/python3.7/site-packages/airflow/example_dags/example_branch_day_of_week_operator.py took 0.322 seconds
[2024-12-03T16:11:00.483+0000] {processor.py:154} INFO - Started process (PID=2134) to work on /home/airflow/.local/lib/python3.7/site-packages/airflow/example_dags/example_branch_day_of_week_operator.py
[2024-12-03T16:11:00.486+0000] {processor.py:756} INFO - Processing file /home/airflow/.local/lib/python3.7/site-packages/airflow/example_dags/example_branch_day_of_week_operator.py for tasks to queue
[2024-12-03T16:11:00.488+0000] {logging_mixin.py:120} INFO - [2024-12-03T16:11:00.488+0000] {dagbag.py:537} INFO - Filling up the DagBag from /home/airflow/.local/lib/python3.7/site-packages/airflow/example_dags/example_branch_day_of_week_operator.py
[2024-12-03T16:11:00.546+0000] {processor.py:766} INFO - DAG(s) dict_keys(['example_weekday_branch_operator']) retrieved from /home/airflow/.local/lib/python3.7/site-packages/airflow/example_dags/example_branch_day_of_week_operator.py
[2024-12-03T16:11:00.673+0000] {logging_mixin.py:120} INFO - [2024-12-03T16:11:00.673+0000] {dag.py:2585} INFO - Sync 1 DAGs
[2024-12-03T16:11:00.756+0000] {logging_mixin.py:120} INFO - [2024-12-03T16:11:00.755+0000] {dag.py:3340} INFO - Setting next_dagrun for example_weekday_branch_operator to 2024-12-02T00:00:00+00:00, run_after=2024-12-03T00:00:00+00:00
[2024-12-03T16:11:00.831+0000] {processor.py:176} INFO - Processing /home/airflow/.local/lib/python3.7/site-packages/airflow/example_dags/example_branch_day_of_week_operator.py took 0.358 seconds
[2024-12-03T16:11:31.369+0000] {processor.py:154} INFO - Started process (PID=2189) to work on /home/airflow/.local/lib/python3.7/site-packages/airflow/example_dags/example_branch_day_of_week_operator.py
[2024-12-03T16:11:31.372+0000] {processor.py:756} INFO - Processing file /home/airflow/.local/lib/python3.7/site-packages/airflow/example_dags/example_branch_day_of_week_operator.py for tasks to queue
[2024-12-03T16:11:31.377+0000] {logging_mixin.py:120} INFO - [2024-12-03T16:11:31.376+0000] {dagbag.py:537} INFO - Filling up the DagBag from /home/airflow/.local/lib/python3.7/site-packages/airflow/example_dags/example_branch_day_of_week_operator.py
[2024-12-03T16:11:31.431+0000] {processor.py:766} INFO - DAG(s) dict_keys(['example_weekday_branch_operator']) retrieved from /home/airflow/.local/lib/python3.7/site-packages/airflow/example_dags/example_branch_day_of_week_operator.py
[2024-12-03T16:11:31.555+0000] {logging_mixin.py:120} INFO - [2024-12-03T16:11:31.555+0000] {dag.py:2585} INFO - Sync 1 DAGs
[2024-12-03T16:11:31.653+0000] {logging_mixin.py:120} INFO - [2024-12-03T16:11:31.653+0000] {dag.py:3340} INFO - Setting next_dagrun for example_weekday_branch_operator to 2024-12-02T00:00:00+00:00, run_after=2024-12-03T00:00:00+00:00
[2024-12-03T16:11:31.737+0000] {processor.py:176} INFO - Processing /home/airflow/.local/lib/python3.7/site-packages/airflow/example_dags/example_branch_day_of_week_operator.py took 0.381 seconds
[2024-12-03T16:12:01.838+0000] {processor.py:154} INFO - Started process (PID=2244) to work on /home/airflow/.local/lib/python3.7/site-packages/airflow/example_dags/example_branch_day_of_week_operator.py
[2024-12-03T16:12:01.841+0000] {processor.py:756} INFO - Processing file /home/airflow/.local/lib/python3.7/site-packages/airflow/example_dags/example_branch_day_of_week_operator.py for tasks to queue
[2024-12-03T16:12:01.844+0000] {logging_mixin.py:120} INFO - [2024-12-03T16:12:01.843+0000] {dagbag.py:537} INFO - Filling up the DagBag from /home/airflow/.local/lib/python3.7/site-packages/airflow/example_dags/example_branch_day_of_week_operator.py
[2024-12-03T16:12:01.894+0000] {processor.py:766} INFO - DAG(s) dict_keys(['example_weekday_branch_operator']) retrieved from /home/airflow/.local/lib/python3.7/site-packages/airflow/example_dags/example_branch_day_of_week_operator.py
[2024-12-03T16:12:02.007+0000] {logging_mixin.py:120} INFO - [2024-12-03T16:12:02.006+0000] {dag.py:2585} INFO - Sync 1 DAGs
[2024-12-03T16:12:02.097+0000] {logging_mixin.py:120} INFO - [2024-12-03T16:12:02.097+0000] {dag.py:3340} INFO - Setting next_dagrun for example_weekday_branch_operator to 2024-12-02T00:00:00+00:00, run_after=2024-12-03T00:00:00+00:00
[2024-12-03T16:12:02.178+0000] {processor.py:176} INFO - Processing /home/airflow/.local/lib/python3.7/site-packages/airflow/example_dags/example_branch_day_of_week_operator.py took 0.353 seconds
[2024-12-03T16:12:33.060+0000] {processor.py:154} INFO - Started process (PID=2306) to work on /home/airflow/.local/lib/python3.7/site-packages/airflow/example_dags/example_branch_day_of_week_operator.py
[2024-12-03T16:12:33.064+0000] {processor.py:756} INFO - Processing file /home/airflow/.local/lib/python3.7/site-packages/airflow/example_dags/example_branch_day_of_week_operator.py for tasks to queue
[2024-12-03T16:12:33.067+0000] {logging_mixin.py:120} INFO - [2024-12-03T16:12:33.066+0000] {dagbag.py:537} INFO - Filling up the DagBag from /home/airflow/.local/lib/python3.7/site-packages/airflow/example_dags/example_branch_day_of_week_operator.py
[2024-12-03T16:12:33.139+0000] {processor.py:766} INFO - DAG(s) dict_keys(['example_weekday_branch_operator']) retrieved from /home/airflow/.local/lib/python3.7/site-packages/airflow/example_dags/example_branch_day_of_week_operator.py
[2024-12-03T16:12:33.302+0000] {logging_mixin.py:120} INFO - [2024-12-03T16:12:33.302+0000] {dag.py:2585} INFO - Sync 1 DAGs
[2024-12-03T16:12:33.398+0000] {logging_mixin.py:120} INFO - [2024-12-03T16:12:33.398+0000] {dag.py:3340} INFO - Setting next_dagrun for example_weekday_branch_operator to 2024-12-02T00:00:00+00:00, run_after=2024-12-03T00:00:00+00:00
[2024-12-03T16:12:33.480+0000] {processor.py:176} INFO - Processing /home/airflow/.local/lib/python3.7/site-packages/airflow/example_dags/example_branch_day_of_week_operator.py took 0.432 seconds
[2024-12-03T16:13:04.296+0000] {processor.py:154} INFO - Started process (PID=2364) to work on /home/airflow/.local/lib/python3.7/site-packages/airflow/example_dags/example_branch_day_of_week_operator.py
[2024-12-03T16:13:04.300+0000] {processor.py:756} INFO - Processing file /home/airflow/.local/lib/python3.7/site-packages/airflow/example_dags/example_branch_day_of_week_operator.py for tasks to queue
[2024-12-03T16:13:04.303+0000] {logging_mixin.py:120} INFO - [2024-12-03T16:13:04.303+0000] {dagbag.py:537} INFO - Filling up the DagBag from /home/airflow/.local/lib/python3.7/site-packages/airflow/example_dags/example_branch_day_of_week_operator.py
[2024-12-03T16:13:04.371+0000] {processor.py:766} INFO - DAG(s) dict_keys(['example_weekday_branch_operator']) retrieved from /home/airflow/.local/lib/python3.7/site-packages/airflow/example_dags/example_branch_day_of_week_operator.py
[2024-12-03T16:13:04.577+0000] {logging_mixin.py:120} INFO - [2024-12-03T16:13:04.576+0000] {dag.py:2585} INFO - Sync 1 DAGs
[2024-12-03T16:13:04.716+0000] {logging_mixin.py:120} INFO - [2024-12-03T16:13:04.716+0000] {dag.py:3340} INFO - Setting next_dagrun for example_weekday_branch_operator to 2024-12-02T00:00:00+00:00, run_after=2024-12-03T00:00:00+00:00
[2024-12-03T16:13:04.826+0000] {processor.py:176} INFO - Processing /home/airflow/.local/lib/python3.7/site-packages/airflow/example_dags/example_branch_day_of_week_operator.py took 0.540 seconds
[2024-12-03T16:13:35.000+0000] {processor.py:154} INFO - Started process (PID=2419) to work on /home/airflow/.local/lib/python3.7/site-packages/airflow/example_dags/example_branch_day_of_week_operator.py
[2024-12-03T16:13:35.004+0000] {processor.py:756} INFO - Processing file /home/airflow/.local/lib/python3.7/site-packages/airflow/example_dags/example_branch_day_of_week_operator.py for tasks to queue
[2024-12-03T16:13:35.008+0000] {logging_mixin.py:120} INFO - [2024-12-03T16:13:35.007+0000] {dagbag.py:537} INFO - Filling up the DagBag from /home/airflow/.local/lib/python3.7/site-packages/airflow/example_dags/example_branch_day_of_week_operator.py
[2024-12-03T16:13:35.075+0000] {processor.py:766} INFO - DAG(s) dict_keys(['example_weekday_branch_operator']) retrieved from /home/airflow/.local/lib/python3.7/site-packages/airflow/example_dags/example_branch_day_of_week_operator.py
[2024-12-03T16:13:35.212+0000] {logging_mixin.py:120} INFO - [2024-12-03T16:13:35.212+0000] {dag.py:2585} INFO - Sync 1 DAGs
[2024-12-03T16:13:35.299+0000] {logging_mixin.py:120} INFO - [2024-12-03T16:13:35.299+0000] {dag.py:3340} INFO - Setting next_dagrun for example_weekday_branch_operator to 2024-12-02T00:00:00+00:00, run_after=2024-12-03T00:00:00+00:00
[2024-12-03T16:13:35.414+0000] {processor.py:176} INFO - Processing /home/airflow/.local/lib/python3.7/site-packages/airflow/example_dags/example_branch_day_of_week_operator.py took 0.423 seconds
[2024-12-03T16:14:06.021+0000] {processor.py:154} INFO - Started process (PID=2474) to work on /home/airflow/.local/lib/python3.7/site-packages/airflow/example_dags/example_branch_day_of_week_operator.py
[2024-12-03T16:14:06.024+0000] {processor.py:756} INFO - Processing file /home/airflow/.local/lib/python3.7/site-packages/airflow/example_dags/example_branch_day_of_week_operator.py for tasks to queue
[2024-12-03T16:14:06.030+0000] {logging_mixin.py:120} INFO - [2024-12-03T16:14:06.029+0000] {dagbag.py:537} INFO - Filling up the DagBag from /home/airflow/.local/lib/python3.7/site-packages/airflow/example_dags/example_branch_day_of_week_operator.py
[2024-12-03T16:14:06.118+0000] {processor.py:766} INFO - DAG(s) dict_keys(['example_weekday_branch_operator']) retrieved from /home/airflow/.local/lib/python3.7/site-packages/airflow/example_dags/example_branch_day_of_week_operator.py
[2024-12-03T16:14:06.286+0000] {logging_mixin.py:120} INFO - [2024-12-03T16:14:06.283+0000] {dag.py:2585} INFO - Sync 1 DAGs
[2024-12-03T16:14:06.429+0000] {logging_mixin.py:120} INFO - [2024-12-03T16:14:06.428+0000] {dag.py:3340} INFO - Setting next_dagrun for example_weekday_branch_operator to 2024-12-02T00:00:00+00:00, run_after=2024-12-03T00:00:00+00:00
[2024-12-03T16:14:06.511+0000] {processor.py:176} INFO - Processing /home/airflow/.local/lib/python3.7/site-packages/airflow/example_dags/example_branch_day_of_week_operator.py took 0.502 seconds
[2024-12-03T16:14:37.044+0000] {processor.py:154} INFO - Started process (PID=2541) to work on /home/airflow/.local/lib/python3.7/site-packages/airflow/example_dags/example_branch_day_of_week_operator.py
[2024-12-03T16:14:37.047+0000] {processor.py:756} INFO - Processing file /home/airflow/.local/lib/python3.7/site-packages/airflow/example_dags/example_branch_day_of_week_operator.py for tasks to queue
[2024-12-03T16:14:37.050+0000] {logging_mixin.py:120} INFO - [2024-12-03T16:14:37.049+0000] {dagbag.py:537} INFO - Filling up the DagBag from /home/airflow/.local/lib/python3.7/site-packages/airflow/example_dags/example_branch_day_of_week_operator.py
[2024-12-03T16:14:37.099+0000] {processor.py:766} INFO - DAG(s) dict_keys(['example_weekday_branch_operator']) retrieved from /home/airflow/.local/lib/python3.7/site-packages/airflow/example_dags/example_branch_day_of_week_operator.py
[2024-12-03T16:14:37.195+0000] {logging_mixin.py:120} INFO - [2024-12-03T16:14:37.195+0000] {dag.py:2585} INFO - Sync 1 DAGs
[2024-12-03T16:14:37.272+0000] {logging_mixin.py:120} INFO - [2024-12-03T16:14:37.272+0000] {dag.py:3340} INFO - Setting next_dagrun for example_weekday_branch_operator to 2024-12-02T00:00:00+00:00, run_after=2024-12-03T00:00:00+00:00
[2024-12-03T16:14:37.331+0000] {processor.py:176} INFO - Processing /home/airflow/.local/lib/python3.7/site-packages/airflow/example_dags/example_branch_day_of_week_operator.py took 0.298 seconds
[2024-12-03T16:15:08.245+0000] {processor.py:154} INFO - Started process (PID=2596) to work on /home/airflow/.local/lib/python3.7/site-packages/airflow/example_dags/example_branch_day_of_week_operator.py
[2024-12-03T16:15:08.247+0000] {processor.py:756} INFO - Processing file /home/airflow/.local/lib/python3.7/site-packages/airflow/example_dags/example_branch_day_of_week_operator.py for tasks to queue
[2024-12-03T16:15:08.250+0000] {logging_mixin.py:120} INFO - [2024-12-03T16:15:08.250+0000] {dagbag.py:537} INFO - Filling up the DagBag from /home/airflow/.local/lib/python3.7/site-packages/airflow/example_dags/example_branch_day_of_week_operator.py
[2024-12-03T16:15:08.294+0000] {processor.py:766} INFO - DAG(s) dict_keys(['example_weekday_branch_operator']) retrieved from /home/airflow/.local/lib/python3.7/site-packages/airflow/example_dags/example_branch_day_of_week_operator.py
[2024-12-03T16:15:08.401+0000] {logging_mixin.py:120} INFO - [2024-12-03T16:15:08.400+0000] {dag.py:2585} INFO - Sync 1 DAGs
[2024-12-03T16:15:08.468+0000] {logging_mixin.py:120} INFO - [2024-12-03T16:15:08.468+0000] {dag.py:3340} INFO - Setting next_dagrun for example_weekday_branch_operator to 2024-12-02T00:00:00+00:00, run_after=2024-12-03T00:00:00+00:00
[2024-12-03T16:15:08.529+0000] {processor.py:176} INFO - Processing /home/airflow/.local/lib/python3.7/site-packages/airflow/example_dags/example_branch_day_of_week_operator.py took 0.291 seconds
[2024-12-03T16:15:38.666+0000] {processor.py:154} INFO - Started process (PID=2651) to work on /home/airflow/.local/lib/python3.7/site-packages/airflow/example_dags/example_branch_day_of_week_operator.py
[2024-12-03T16:15:38.668+0000] {processor.py:756} INFO - Processing file /home/airflow/.local/lib/python3.7/site-packages/airflow/example_dags/example_branch_day_of_week_operator.py for tasks to queue
[2024-12-03T16:15:38.671+0000] {logging_mixin.py:120} INFO - [2024-12-03T16:15:38.670+0000] {dagbag.py:537} INFO - Filling up the DagBag from /home/airflow/.local/lib/python3.7/site-packages/airflow/example_dags/example_branch_day_of_week_operator.py
[2024-12-03T16:15:38.716+0000] {processor.py:766} INFO - DAG(s) dict_keys(['example_weekday_branch_operator']) retrieved from /home/airflow/.local/lib/python3.7/site-packages/airflow/example_dags/example_branch_day_of_week_operator.py
[2024-12-03T16:15:38.837+0000] {logging_mixin.py:120} INFO - [2024-12-03T16:15:38.836+0000] {dag.py:2585} INFO - Sync 1 DAGs
[2024-12-03T16:15:38.904+0000] {logging_mixin.py:120} INFO - [2024-12-03T16:15:38.904+0000] {dag.py:3340} INFO - Setting next_dagrun for example_weekday_branch_operator to 2024-12-02T00:00:00+00:00, run_after=2024-12-03T00:00:00+00:00
[2024-12-03T16:15:38.982+0000] {processor.py:176} INFO - Processing /home/airflow/.local/lib/python3.7/site-packages/airflow/example_dags/example_branch_day_of_week_operator.py took 0.323 seconds
[2024-12-03T16:16:09.780+0000] {processor.py:154} INFO - Started process (PID=2717) to work on /home/airflow/.local/lib/python3.7/site-packages/airflow/example_dags/example_branch_day_of_week_operator.py
[2024-12-03T16:16:09.784+0000] {processor.py:756} INFO - Processing file /home/airflow/.local/lib/python3.7/site-packages/airflow/example_dags/example_branch_day_of_week_operator.py for tasks to queue
[2024-12-03T16:16:09.788+0000] {logging_mixin.py:120} INFO - [2024-12-03T16:16:09.787+0000] {dagbag.py:537} INFO - Filling up the DagBag from /home/airflow/.local/lib/python3.7/site-packages/airflow/example_dags/example_branch_day_of_week_operator.py
[2024-12-03T16:16:09.839+0000] {processor.py:766} INFO - DAG(s) dict_keys(['example_weekday_branch_operator']) retrieved from /home/airflow/.local/lib/python3.7/site-packages/airflow/example_dags/example_branch_day_of_week_operator.py
[2024-12-03T16:16:09.984+0000] {logging_mixin.py:120} INFO - [2024-12-03T16:16:09.983+0000] {dag.py:2585} INFO - Sync 1 DAGs
[2024-12-03T16:16:10.090+0000] {logging_mixin.py:120} INFO - [2024-12-03T16:16:10.089+0000] {dag.py:3340} INFO - Setting next_dagrun for example_weekday_branch_operator to 2024-12-02T00:00:00+00:00, run_after=2024-12-03T00:00:00+00:00
[2024-12-03T16:16:10.166+0000] {processor.py:176} INFO - Processing /home/airflow/.local/lib/python3.7/site-packages/airflow/example_dags/example_branch_day_of_week_operator.py took 0.398 seconds
[2024-12-03T16:16:40.430+0000] {processor.py:154} INFO - Started process (PID=2772) to work on /home/airflow/.local/lib/python3.7/site-packages/airflow/example_dags/example_branch_day_of_week_operator.py
[2024-12-03T16:16:40.434+0000] {processor.py:756} INFO - Processing file /home/airflow/.local/lib/python3.7/site-packages/airflow/example_dags/example_branch_day_of_week_operator.py for tasks to queue
[2024-12-03T16:16:40.437+0000] {logging_mixin.py:120} INFO - [2024-12-03T16:16:40.436+0000] {dagbag.py:537} INFO - Filling up the DagBag from /home/airflow/.local/lib/python3.7/site-packages/airflow/example_dags/example_branch_day_of_week_operator.py
[2024-12-03T16:16:40.489+0000] {processor.py:766} INFO - DAG(s) dict_keys(['example_weekday_branch_operator']) retrieved from /home/airflow/.local/lib/python3.7/site-packages/airflow/example_dags/example_branch_day_of_week_operator.py
[2024-12-03T16:16:40.623+0000] {logging_mixin.py:120} INFO - [2024-12-03T16:16:40.623+0000] {dag.py:2585} INFO - Sync 1 DAGs
[2024-12-03T16:16:40.711+0000] {logging_mixin.py:120} INFO - [2024-12-03T16:16:40.710+0000] {dag.py:3340} INFO - Setting next_dagrun for example_weekday_branch_operator to 2024-12-02T00:00:00+00:00, run_after=2024-12-03T00:00:00+00:00
[2024-12-03T16:16:40.775+0000] {processor.py:176} INFO - Processing /home/airflow/.local/lib/python3.7/site-packages/airflow/example_dags/example_branch_day_of_week_operator.py took 0.354 seconds
[2024-12-03T16:17:11.086+0000] {processor.py:154} INFO - Started process (PID=2828) to work on /home/airflow/.local/lib/python3.7/site-packages/airflow/example_dags/example_branch_day_of_week_operator.py
[2024-12-03T16:17:11.088+0000] {processor.py:756} INFO - Processing file /home/airflow/.local/lib/python3.7/site-packages/airflow/example_dags/example_branch_day_of_week_operator.py for tasks to queue
[2024-12-03T16:17:11.092+0000] {logging_mixin.py:120} INFO - [2024-12-03T16:17:11.091+0000] {dagbag.py:537} INFO - Filling up the DagBag from /home/airflow/.local/lib/python3.7/site-packages/airflow/example_dags/example_branch_day_of_week_operator.py
[2024-12-03T16:17:11.136+0000] {processor.py:766} INFO - DAG(s) dict_keys(['example_weekday_branch_operator']) retrieved from /home/airflow/.local/lib/python3.7/site-packages/airflow/example_dags/example_branch_day_of_week_operator.py
[2024-12-03T16:17:11.278+0000] {logging_mixin.py:120} INFO - [2024-12-03T16:17:11.277+0000] {dag.py:2585} INFO - Sync 1 DAGs
[2024-12-03T16:17:11.349+0000] {logging_mixin.py:120} INFO - [2024-12-03T16:17:11.349+0000] {dag.py:3340} INFO - Setting next_dagrun for example_weekday_branch_operator to 2024-12-02T00:00:00+00:00, run_after=2024-12-03T00:00:00+00:00
[2024-12-03T16:17:11.434+0000] {processor.py:176} INFO - Processing /home/airflow/.local/lib/python3.7/site-packages/airflow/example_dags/example_branch_day_of_week_operator.py took 0.356 seconds
[2024-12-03T16:17:42.550+0000] {processor.py:154} INFO - Started process (PID=2884) to work on /home/airflow/.local/lib/python3.7/site-packages/airflow/example_dags/example_branch_day_of_week_operator.py
[2024-12-03T16:17:42.554+0000] {processor.py:756} INFO - Processing file /home/airflow/.local/lib/python3.7/site-packages/airflow/example_dags/example_branch_day_of_week_operator.py for tasks to queue
[2024-12-03T16:17:42.558+0000] {logging_mixin.py:120} INFO - [2024-12-03T16:17:42.557+0000] {dagbag.py:537} INFO - Filling up the DagBag from /home/airflow/.local/lib/python3.7/site-packages/airflow/example_dags/example_branch_day_of_week_operator.py
[2024-12-03T16:17:42.615+0000] {processor.py:766} INFO - DAG(s) dict_keys(['example_weekday_branch_operator']) retrieved from /home/airflow/.local/lib/python3.7/site-packages/airflow/example_dags/example_branch_day_of_week_operator.py
[2024-12-03T16:17:42.729+0000] {logging_mixin.py:120} INFO - [2024-12-03T16:17:42.728+0000] {dag.py:2585} INFO - Sync 1 DAGs
[2024-12-03T16:17:42.815+0000] {logging_mixin.py:120} INFO - [2024-12-03T16:17:42.815+0000] {dag.py:3340} INFO - Setting next_dagrun for example_weekday_branch_operator to 2024-12-02T00:00:00+00:00, run_after=2024-12-03T00:00:00+00:00
[2024-12-03T16:17:42.891+0000] {processor.py:176} INFO - Processing /home/airflow/.local/lib/python3.7/site-packages/airflow/example_dags/example_branch_day_of_week_operator.py took 0.356 seconds
[2024-12-03T16:18:13.262+0000] {processor.py:154} INFO - Started process (PID=2939) to work on /home/airflow/.local/lib/python3.7/site-packages/airflow/example_dags/example_branch_day_of_week_operator.py
[2024-12-03T16:18:13.265+0000] {processor.py:756} INFO - Processing file /home/airflow/.local/lib/python3.7/site-packages/airflow/example_dags/example_branch_day_of_week_operator.py for tasks to queue
[2024-12-03T16:18:13.267+0000] {logging_mixin.py:120} INFO - [2024-12-03T16:18:13.267+0000] {dagbag.py:537} INFO - Filling up the DagBag from /home/airflow/.local/lib/python3.7/site-packages/airflow/example_dags/example_branch_day_of_week_operator.py
[2024-12-03T16:18:13.303+0000] {processor.py:766} INFO - DAG(s) dict_keys(['example_weekday_branch_operator']) retrieved from /home/airflow/.local/lib/python3.7/site-packages/airflow/example_dags/example_branch_day_of_week_operator.py
[2024-12-03T16:18:13.405+0000] {logging_mixin.py:120} INFO - [2024-12-03T16:18:13.405+0000] {dag.py:2585} INFO - Sync 1 DAGs
[2024-12-03T16:18:13.486+0000] {logging_mixin.py:120} INFO - [2024-12-03T16:18:13.486+0000] {dag.py:3340} INFO - Setting next_dagrun for example_weekday_branch_operator to 2024-12-02T00:00:00+00:00, run_after=2024-12-03T00:00:00+00:00
[2024-12-03T16:18:13.546+0000] {processor.py:176} INFO - Processing /home/airflow/.local/lib/python3.7/site-packages/airflow/example_dags/example_branch_day_of_week_operator.py took 0.292 seconds
[2024-12-03T16:18:43.822+0000] {processor.py:154} INFO - Started process (PID=3007) to work on /home/airflow/.local/lib/python3.7/site-packages/airflow/example_dags/example_branch_day_of_week_operator.py
[2024-12-03T16:18:43.824+0000] {processor.py:756} INFO - Processing file /home/airflow/.local/lib/python3.7/site-packages/airflow/example_dags/example_branch_day_of_week_operator.py for tasks to queue
[2024-12-03T16:18:43.826+0000] {logging_mixin.py:120} INFO - [2024-12-03T16:18:43.826+0000] {dagbag.py:537} INFO - Filling up the DagBag from /home/airflow/.local/lib/python3.7/site-packages/airflow/example_dags/example_branch_day_of_week_operator.py
[2024-12-03T16:18:43.887+0000] {processor.py:766} INFO - DAG(s) dict_keys(['example_weekday_branch_operator']) retrieved from /home/airflow/.local/lib/python3.7/site-packages/airflow/example_dags/example_branch_day_of_week_operator.py
[2024-12-03T16:18:44.049+0000] {logging_mixin.py:120} INFO - [2024-12-03T16:18:44.048+0000] {dag.py:2585} INFO - Sync 1 DAGs
[2024-12-03T16:18:44.145+0000] {logging_mixin.py:120} INFO - [2024-12-03T16:18:44.144+0000] {dag.py:3340} INFO - Setting next_dagrun for example_weekday_branch_operator to 2024-12-02T00:00:00+00:00, run_after=2024-12-03T00:00:00+00:00
[2024-12-03T16:18:44.218+0000] {processor.py:176} INFO - Processing /home/airflow/.local/lib/python3.7/site-packages/airflow/example_dags/example_branch_day_of_week_operator.py took 0.401 seconds
[2024-12-03T16:19:14.815+0000] {processor.py:154} INFO - Started process (PID=3066) to work on /home/airflow/.local/lib/python3.7/site-packages/airflow/example_dags/example_branch_day_of_week_operator.py
[2024-12-03T16:19:14.816+0000] {processor.py:756} INFO - Processing file /home/airflow/.local/lib/python3.7/site-packages/airflow/example_dags/example_branch_day_of_week_operator.py for tasks to queue
[2024-12-03T16:19:14.817+0000] {logging_mixin.py:120} INFO - [2024-12-03T16:19:14.817+0000] {dagbag.py:537} INFO - Filling up the DagBag from /home/airflow/.local/lib/python3.7/site-packages/airflow/example_dags/example_branch_day_of_week_operator.py
[2024-12-03T16:19:14.834+0000] {processor.py:766} INFO - DAG(s) dict_keys(['example_weekday_branch_operator']) retrieved from /home/airflow/.local/lib/python3.7/site-packages/airflow/example_dags/example_branch_day_of_week_operator.py
[2024-12-03T16:19:14.904+0000] {logging_mixin.py:120} INFO - [2024-12-03T16:19:14.903+0000] {dag.py:2585} INFO - Sync 1 DAGs
[2024-12-03T16:19:14.948+0000] {logging_mixin.py:120} INFO - [2024-12-03T16:19:14.948+0000] {dag.py:3340} INFO - Setting next_dagrun for example_weekday_branch_operator to 2024-12-02T00:00:00+00:00, run_after=2024-12-03T00:00:00+00:00
[2024-12-03T16:19:14.982+0000] {processor.py:176} INFO - Processing /home/airflow/.local/lib/python3.7/site-packages/airflow/example_dags/example_branch_day_of_week_operator.py took 0.171 seconds
[2024-12-03T16:19:47.481+0000] {processor.py:154} INFO - Started process (PID=3148) to work on /home/airflow/.local/lib/python3.7/site-packages/airflow/example_dags/example_branch_day_of_week_operator.py
[2024-12-03T16:19:47.491+0000] {processor.py:756} INFO - Processing file /home/airflow/.local/lib/python3.7/site-packages/airflow/example_dags/example_branch_day_of_week_operator.py for tasks to queue
[2024-12-03T16:19:47.497+0000] {logging_mixin.py:120} INFO - [2024-12-03T16:19:47.496+0000] {dagbag.py:537} INFO - Filling up the DagBag from /home/airflow/.local/lib/python3.7/site-packages/airflow/example_dags/example_branch_day_of_week_operator.py
[2024-12-03T16:19:47.927+0000] {processor.py:766} INFO - DAG(s) dict_keys(['example_weekday_branch_operator']) retrieved from /home/airflow/.local/lib/python3.7/site-packages/airflow/example_dags/example_branch_day_of_week_operator.py
[2024-12-03T16:19:48.214+0000] {logging_mixin.py:120} INFO - [2024-12-03T16:19:48.214+0000] {dag.py:2585} INFO - Sync 1 DAGs
[2024-12-03T16:19:48.352+0000] {logging_mixin.py:120} INFO - [2024-12-03T16:19:48.352+0000] {dag.py:3340} INFO - Setting next_dagrun for example_weekday_branch_operator to 2024-12-02T00:00:00+00:00, run_after=2024-12-03T00:00:00+00:00
[2024-12-03T16:19:48.435+0000] {processor.py:176} INFO - Processing /home/airflow/.local/lib/python3.7/site-packages/airflow/example_dags/example_branch_day_of_week_operator.py took 0.974 seconds
[2024-12-03T16:20:19.270+0000] {processor.py:154} INFO - Started process (PID=3203) to work on /home/airflow/.local/lib/python3.7/site-packages/airflow/example_dags/example_branch_day_of_week_operator.py
[2024-12-03T16:20:19.271+0000] {processor.py:756} INFO - Processing file /home/airflow/.local/lib/python3.7/site-packages/airflow/example_dags/example_branch_day_of_week_operator.py for tasks to queue
[2024-12-03T16:20:19.273+0000] {logging_mixin.py:120} INFO - [2024-12-03T16:20:19.272+0000] {dagbag.py:537} INFO - Filling up the DagBag from /home/airflow/.local/lib/python3.7/site-packages/airflow/example_dags/example_branch_day_of_week_operator.py
[2024-12-03T16:20:19.298+0000] {processor.py:766} INFO - DAG(s) dict_keys(['example_weekday_branch_operator']) retrieved from /home/airflow/.local/lib/python3.7/site-packages/airflow/example_dags/example_branch_day_of_week_operator.py
[2024-12-03T16:20:19.351+0000] {logging_mixin.py:120} INFO - [2024-12-03T16:20:19.351+0000] {dag.py:2585} INFO - Sync 1 DAGs
[2024-12-03T16:20:19.384+0000] {logging_mixin.py:120} INFO - [2024-12-03T16:20:19.384+0000] {dag.py:3340} INFO - Setting next_dagrun for example_weekday_branch_operator to 2024-12-02T00:00:00+00:00, run_after=2024-12-03T00:00:00+00:00
[2024-12-03T16:20:19.426+0000] {processor.py:176} INFO - Processing /home/airflow/.local/lib/python3.7/site-packages/airflow/example_dags/example_branch_day_of_week_operator.py took 0.161 seconds
[2024-12-03T16:20:49.865+0000] {processor.py:154} INFO - Started process (PID=3258) to work on /home/airflow/.local/lib/python3.7/site-packages/airflow/example_dags/example_branch_day_of_week_operator.py
[2024-12-03T16:20:49.868+0000] {processor.py:756} INFO - Processing file /home/airflow/.local/lib/python3.7/site-packages/airflow/example_dags/example_branch_day_of_week_operator.py for tasks to queue
[2024-12-03T16:20:49.870+0000] {logging_mixin.py:120} INFO - [2024-12-03T16:20:49.870+0000] {dagbag.py:537} INFO - Filling up the DagBag from /home/airflow/.local/lib/python3.7/site-packages/airflow/example_dags/example_branch_day_of_week_operator.py
[2024-12-03T16:20:49.903+0000] {processor.py:766} INFO - DAG(s) dict_keys(['example_weekday_branch_operator']) retrieved from /home/airflow/.local/lib/python3.7/site-packages/airflow/example_dags/example_branch_day_of_week_operator.py
[2024-12-03T16:20:49.968+0000] {logging_mixin.py:120} INFO - [2024-12-03T16:20:49.968+0000] {dag.py:2585} INFO - Sync 1 DAGs
[2024-12-03T16:20:50.021+0000] {logging_mixin.py:120} INFO - [2024-12-03T16:20:50.021+0000] {dag.py:3340} INFO - Setting next_dagrun for example_weekday_branch_operator to 2024-12-02T00:00:00+00:00, run_after=2024-12-03T00:00:00+00:00
[2024-12-03T16:20:50.066+0000] {processor.py:176} INFO - Processing /home/airflow/.local/lib/python3.7/site-packages/airflow/example_dags/example_branch_day_of_week_operator.py took 0.205 seconds
[2024-12-03T16:21:20.344+0000] {processor.py:154} INFO - Started process (PID=3322) to work on /home/airflow/.local/lib/python3.7/site-packages/airflow/example_dags/example_branch_day_of_week_operator.py
[2024-12-03T16:21:20.354+0000] {processor.py:756} INFO - Processing file /home/airflow/.local/lib/python3.7/site-packages/airflow/example_dags/example_branch_day_of_week_operator.py for tasks to queue
[2024-12-03T16:21:20.358+0000] {logging_mixin.py:120} INFO - [2024-12-03T16:21:20.357+0000] {dagbag.py:537} INFO - Filling up the DagBag from /home/airflow/.local/lib/python3.7/site-packages/airflow/example_dags/example_branch_day_of_week_operator.py
[2024-12-03T16:21:20.401+0000] {processor.py:766} INFO - DAG(s) dict_keys(['example_weekday_branch_operator']) retrieved from /home/airflow/.local/lib/python3.7/site-packages/airflow/example_dags/example_branch_day_of_week_operator.py
[2024-12-03T16:21:20.543+0000] {logging_mixin.py:120} INFO - [2024-12-03T16:21:20.543+0000] {dag.py:2585} INFO - Sync 1 DAGs
[2024-12-03T16:21:20.648+0000] {logging_mixin.py:120} INFO - [2024-12-03T16:21:20.647+0000] {dag.py:3340} INFO - Setting next_dagrun for example_weekday_branch_operator to 2024-12-02T00:00:00+00:00, run_after=2024-12-03T00:00:00+00:00
[2024-12-03T16:21:20.716+0000] {processor.py:176} INFO - Processing /home/airflow/.local/lib/python3.7/site-packages/airflow/example_dags/example_branch_day_of_week_operator.py took 0.378 seconds
[2024-12-03T16:21:51.160+0000] {processor.py:154} INFO - Started process (PID=3377) to work on /home/airflow/.local/lib/python3.7/site-packages/airflow/example_dags/example_branch_day_of_week_operator.py
[2024-12-03T16:21:51.161+0000] {processor.py:756} INFO - Processing file /home/airflow/.local/lib/python3.7/site-packages/airflow/example_dags/example_branch_day_of_week_operator.py for tasks to queue
[2024-12-03T16:21:51.163+0000] {logging_mixin.py:120} INFO - [2024-12-03T16:21:51.162+0000] {dagbag.py:537} INFO - Filling up the DagBag from /home/airflow/.local/lib/python3.7/site-packages/airflow/example_dags/example_branch_day_of_week_operator.py
[2024-12-03T16:21:51.180+0000] {processor.py:766} INFO - DAG(s) dict_keys(['example_weekday_branch_operator']) retrieved from /home/airflow/.local/lib/python3.7/site-packages/airflow/example_dags/example_branch_day_of_week_operator.py
[2024-12-03T16:21:51.229+0000] {logging_mixin.py:120} INFO - [2024-12-03T16:21:51.229+0000] {dag.py:2585} INFO - Sync 1 DAGs
[2024-12-03T16:21:51.264+0000] {logging_mixin.py:120} INFO - [2024-12-03T16:21:51.263+0000] {dag.py:3340} INFO - Setting next_dagrun for example_weekday_branch_operator to 2024-12-02T00:00:00+00:00, run_after=2024-12-03T00:00:00+00:00
[2024-12-03T16:21:51.295+0000] {processor.py:176} INFO - Processing /home/airflow/.local/lib/python3.7/site-packages/airflow/example_dags/example_branch_day_of_week_operator.py took 0.138 seconds
[2024-12-03T16:22:21.791+0000] {processor.py:154} INFO - Started process (PID=3441) to work on /home/airflow/.local/lib/python3.7/site-packages/airflow/example_dags/example_branch_day_of_week_operator.py
[2024-12-03T16:22:21.792+0000] {processor.py:756} INFO - Processing file /home/airflow/.local/lib/python3.7/site-packages/airflow/example_dags/example_branch_day_of_week_operator.py for tasks to queue
[2024-12-03T16:22:21.793+0000] {logging_mixin.py:120} INFO - [2024-12-03T16:22:21.793+0000] {dagbag.py:537} INFO - Filling up the DagBag from /home/airflow/.local/lib/python3.7/site-packages/airflow/example_dags/example_branch_day_of_week_operator.py
[2024-12-03T16:22:21.810+0000] {processor.py:766} INFO - DAG(s) dict_keys(['example_weekday_branch_operator']) retrieved from /home/airflow/.local/lib/python3.7/site-packages/airflow/example_dags/example_branch_day_of_week_operator.py
[2024-12-03T16:22:21.857+0000] {logging_mixin.py:120} INFO - [2024-12-03T16:22:21.856+0000] {dag.py:2585} INFO - Sync 1 DAGs
[2024-12-03T16:22:21.889+0000] {logging_mixin.py:120} INFO - [2024-12-03T16:22:21.889+0000] {dag.py:3340} INFO - Setting next_dagrun for example_weekday_branch_operator to 2024-12-02T00:00:00+00:00, run_after=2024-12-03T00:00:00+00:00
[2024-12-03T16:22:21.919+0000] {processor.py:176} INFO - Processing /home/airflow/.local/lib/python3.7/site-packages/airflow/example_dags/example_branch_day_of_week_operator.py took 0.131 seconds
[2024-12-03T16:22:52.222+0000] {processor.py:154} INFO - Started process (PID=3505) to work on /home/airflow/.local/lib/python3.7/site-packages/airflow/example_dags/example_branch_day_of_week_operator.py
[2024-12-03T16:22:52.223+0000] {processor.py:756} INFO - Processing file /home/airflow/.local/lib/python3.7/site-packages/airflow/example_dags/example_branch_day_of_week_operator.py for tasks to queue
[2024-12-03T16:22:52.225+0000] {logging_mixin.py:120} INFO - [2024-12-03T16:22:52.224+0000] {dagbag.py:537} INFO - Filling up the DagBag from /home/airflow/.local/lib/python3.7/site-packages/airflow/example_dags/example_branch_day_of_week_operator.py
[2024-12-03T16:22:52.245+0000] {processor.py:766} INFO - DAG(s) dict_keys(['example_weekday_branch_operator']) retrieved from /home/airflow/.local/lib/python3.7/site-packages/airflow/example_dags/example_branch_day_of_week_operator.py
[2024-12-03T16:22:52.299+0000] {logging_mixin.py:120} INFO - [2024-12-03T16:22:52.298+0000] {dag.py:2585} INFO - Sync 1 DAGs
[2024-12-03T16:22:52.331+0000] {logging_mixin.py:120} INFO - [2024-12-03T16:22:52.331+0000] {dag.py:3340} INFO - Setting next_dagrun for example_weekday_branch_operator to 2024-12-02T00:00:00+00:00, run_after=2024-12-03T00:00:00+00:00
[2024-12-03T16:22:52.364+0000] {processor.py:176} INFO - Processing /home/airflow/.local/lib/python3.7/site-packages/airflow/example_dags/example_branch_day_of_week_operator.py took 0.146 seconds
[2024-12-03T16:23:22.493+0000] {processor.py:154} INFO - Started process (PID=3560) to work on /home/airflow/.local/lib/python3.7/site-packages/airflow/example_dags/example_branch_day_of_week_operator.py
[2024-12-03T16:23:22.494+0000] {processor.py:756} INFO - Processing file /home/airflow/.local/lib/python3.7/site-packages/airflow/example_dags/example_branch_day_of_week_operator.py for tasks to queue
[2024-12-03T16:23:22.496+0000] {logging_mixin.py:120} INFO - [2024-12-03T16:23:22.495+0000] {dagbag.py:537} INFO - Filling up the DagBag from /home/airflow/.local/lib/python3.7/site-packages/airflow/example_dags/example_branch_day_of_week_operator.py
[2024-12-03T16:23:22.513+0000] {processor.py:766} INFO - DAG(s) dict_keys(['example_weekday_branch_operator']) retrieved from /home/airflow/.local/lib/python3.7/site-packages/airflow/example_dags/example_branch_day_of_week_operator.py
[2024-12-03T16:23:22.563+0000] {logging_mixin.py:120} INFO - [2024-12-03T16:23:22.563+0000] {dag.py:2585} INFO - Sync 1 DAGs
[2024-12-03T16:23:22.595+0000] {logging_mixin.py:120} INFO - [2024-12-03T16:23:22.595+0000] {dag.py:3340} INFO - Setting next_dagrun for example_weekday_branch_operator to 2024-12-02T00:00:00+00:00, run_after=2024-12-03T00:00:00+00:00
[2024-12-03T16:23:22.625+0000] {processor.py:176} INFO - Processing /home/airflow/.local/lib/python3.7/site-packages/airflow/example_dags/example_branch_day_of_week_operator.py took 0.135 seconds
[2024-12-03T16:23:53.494+0000] {processor.py:154} INFO - Started process (PID=3624) to work on /home/airflow/.local/lib/python3.7/site-packages/airflow/example_dags/example_branch_day_of_week_operator.py
[2024-12-03T16:23:53.495+0000] {processor.py:756} INFO - Processing file /home/airflow/.local/lib/python3.7/site-packages/airflow/example_dags/example_branch_day_of_week_operator.py for tasks to queue
[2024-12-03T16:23:53.497+0000] {logging_mixin.py:120} INFO - [2024-12-03T16:23:53.497+0000] {dagbag.py:537} INFO - Filling up the DagBag from /home/airflow/.local/lib/python3.7/site-packages/airflow/example_dags/example_branch_day_of_week_operator.py
[2024-12-03T16:23:53.516+0000] {processor.py:766} INFO - DAG(s) dict_keys(['example_weekday_branch_operator']) retrieved from /home/airflow/.local/lib/python3.7/site-packages/airflow/example_dags/example_branch_day_of_week_operator.py
[2024-12-03T16:23:53.572+0000] {logging_mixin.py:120} INFO - [2024-12-03T16:23:53.572+0000] {dag.py:2585} INFO - Sync 1 DAGs
[2024-12-03T16:23:53.603+0000] {logging_mixin.py:120} INFO - [2024-12-03T16:23:53.602+0000] {dag.py:3340} INFO - Setting next_dagrun for example_weekday_branch_operator to 2024-12-02T00:00:00+00:00, run_after=2024-12-03T00:00:00+00:00
[2024-12-03T16:23:53.632+0000] {processor.py:176} INFO - Processing /home/airflow/.local/lib/python3.7/site-packages/airflow/example_dags/example_branch_day_of_week_operator.py took 0.142 seconds
[2024-12-03T16:24:24.008+0000] {processor.py:154} INFO - Started process (PID=3679) to work on /home/airflow/.local/lib/python3.7/site-packages/airflow/example_dags/example_branch_day_of_week_operator.py
[2024-12-03T16:24:24.010+0000] {processor.py:756} INFO - Processing file /home/airflow/.local/lib/python3.7/site-packages/airflow/example_dags/example_branch_day_of_week_operator.py for tasks to queue
[2024-12-03T16:24:24.012+0000] {logging_mixin.py:120} INFO - [2024-12-03T16:24:24.012+0000] {dagbag.py:537} INFO - Filling up the DagBag from /home/airflow/.local/lib/python3.7/site-packages/airflow/example_dags/example_branch_day_of_week_operator.py
[2024-12-03T16:24:24.031+0000] {processor.py:766} INFO - DAG(s) dict_keys(['example_weekday_branch_operator']) retrieved from /home/airflow/.local/lib/python3.7/site-packages/airflow/example_dags/example_branch_day_of_week_operator.py
[2024-12-03T16:24:24.099+0000] {logging_mixin.py:120} INFO - [2024-12-03T16:24:24.099+0000] {dag.py:2585} INFO - Sync 1 DAGs
[2024-12-03T16:24:24.135+0000] {logging_mixin.py:120} INFO - [2024-12-03T16:24:24.135+0000] {dag.py:3340} INFO - Setting next_dagrun for example_weekday_branch_operator to 2024-12-02T00:00:00+00:00, run_after=2024-12-03T00:00:00+00:00
[2024-12-03T16:24:24.172+0000] {processor.py:176} INFO - Processing /home/airflow/.local/lib/python3.7/site-packages/airflow/example_dags/example_branch_day_of_week_operator.py took 0.169 seconds
[2024-12-03T16:24:55.089+0000] {processor.py:154} INFO - Started process (PID=3756) to work on /home/airflow/.local/lib/python3.7/site-packages/airflow/example_dags/example_branch_day_of_week_operator.py
[2024-12-03T16:24:55.091+0000] {processor.py:756} INFO - Processing file /home/airflow/.local/lib/python3.7/site-packages/airflow/example_dags/example_branch_day_of_week_operator.py for tasks to queue
[2024-12-03T16:24:55.094+0000] {logging_mixin.py:120} INFO - [2024-12-03T16:24:55.093+0000] {dagbag.py:537} INFO - Filling up the DagBag from /home/airflow/.local/lib/python3.7/site-packages/airflow/example_dags/example_branch_day_of_week_operator.py
[2024-12-03T16:24:55.133+0000] {processor.py:766} INFO - DAG(s) dict_keys(['example_weekday_branch_operator']) retrieved from /home/airflow/.local/lib/python3.7/site-packages/airflow/example_dags/example_branch_day_of_week_operator.py
[2024-12-03T16:24:55.226+0000] {logging_mixin.py:120} INFO - [2024-12-03T16:24:55.226+0000] {dag.py:2585} INFO - Sync 1 DAGs
[2024-12-03T16:24:55.279+0000] {logging_mixin.py:120} INFO - [2024-12-03T16:24:55.278+0000] {dag.py:3340} INFO - Setting next_dagrun for example_weekday_branch_operator to 2024-12-02T00:00:00+00:00, run_after=2024-12-03T00:00:00+00:00
[2024-12-03T16:24:55.333+0000] {processor.py:176} INFO - Processing /home/airflow/.local/lib/python3.7/site-packages/airflow/example_dags/example_branch_day_of_week_operator.py took 0.248 seconds
[2024-12-03T16:25:25.584+0000] {processor.py:154} INFO - Started process (PID=3823) to work on /home/airflow/.local/lib/python3.7/site-packages/airflow/example_dags/example_branch_day_of_week_operator.py
[2024-12-03T16:25:25.586+0000] {processor.py:756} INFO - Processing file /home/airflow/.local/lib/python3.7/site-packages/airflow/example_dags/example_branch_day_of_week_operator.py for tasks to queue
[2024-12-03T16:25:25.587+0000] {logging_mixin.py:120} INFO - [2024-12-03T16:25:25.587+0000] {dagbag.py:537} INFO - Filling up the DagBag from /home/airflow/.local/lib/python3.7/site-packages/airflow/example_dags/example_branch_day_of_week_operator.py
[2024-12-03T16:25:25.609+0000] {processor.py:766} INFO - DAG(s) dict_keys(['example_weekday_branch_operator']) retrieved from /home/airflow/.local/lib/python3.7/site-packages/airflow/example_dags/example_branch_day_of_week_operator.py
[2024-12-03T16:25:25.671+0000] {logging_mixin.py:120} INFO - [2024-12-03T16:25:25.670+0000] {dag.py:2585} INFO - Sync 1 DAGs
[2024-12-03T16:25:25.707+0000] {logging_mixin.py:120} INFO - [2024-12-03T16:25:25.707+0000] {dag.py:3340} INFO - Setting next_dagrun for example_weekday_branch_operator to 2024-12-02T00:00:00+00:00, run_after=2024-12-03T00:00:00+00:00
[2024-12-03T16:25:25.744+0000] {processor.py:176} INFO - Processing /home/airflow/.local/lib/python3.7/site-packages/airflow/example_dags/example_branch_day_of_week_operator.py took 0.162 seconds
[2024-12-03T16:25:56.024+0000] {processor.py:154} INFO - Started process (PID=3888) to work on /home/airflow/.local/lib/python3.7/site-packages/airflow/example_dags/example_branch_day_of_week_operator.py
[2024-12-03T16:25:56.025+0000] {processor.py:756} INFO - Processing file /home/airflow/.local/lib/python3.7/site-packages/airflow/example_dags/example_branch_day_of_week_operator.py for tasks to queue
[2024-12-03T16:25:56.027+0000] {logging_mixin.py:120} INFO - [2024-12-03T16:25:56.026+0000] {dagbag.py:537} INFO - Filling up the DagBag from /home/airflow/.local/lib/python3.7/site-packages/airflow/example_dags/example_branch_day_of_week_operator.py
[2024-12-03T16:25:56.053+0000] {processor.py:766} INFO - DAG(s) dict_keys(['example_weekday_branch_operator']) retrieved from /home/airflow/.local/lib/python3.7/site-packages/airflow/example_dags/example_branch_day_of_week_operator.py
[2024-12-03T16:25:56.115+0000] {logging_mixin.py:120} INFO - [2024-12-03T16:25:56.115+0000] {dag.py:2585} INFO - Sync 1 DAGs
[2024-12-03T16:25:56.160+0000] {logging_mixin.py:120} INFO - [2024-12-03T16:25:56.160+0000] {dag.py:3340} INFO - Setting next_dagrun for example_weekday_branch_operator to 2024-12-02T00:00:00+00:00, run_after=2024-12-03T00:00:00+00:00
[2024-12-03T16:25:56.201+0000] {processor.py:176} INFO - Processing /home/airflow/.local/lib/python3.7/site-packages/airflow/example_dags/example_branch_day_of_week_operator.py took 0.182 seconds
[2024-12-03T16:26:26.852+0000] {processor.py:154} INFO - Started process (PID=3943) to work on /home/airflow/.local/lib/python3.7/site-packages/airflow/example_dags/example_branch_day_of_week_operator.py
[2024-12-03T16:26:26.854+0000] {processor.py:756} INFO - Processing file /home/airflow/.local/lib/python3.7/site-packages/airflow/example_dags/example_branch_day_of_week_operator.py for tasks to queue
[2024-12-03T16:26:26.857+0000] {logging_mixin.py:120} INFO - [2024-12-03T16:26:26.856+0000] {dagbag.py:537} INFO - Filling up the DagBag from /home/airflow/.local/lib/python3.7/site-packages/airflow/example_dags/example_branch_day_of_week_operator.py
[2024-12-03T16:26:26.881+0000] {processor.py:766} INFO - DAG(s) dict_keys(['example_weekday_branch_operator']) retrieved from /home/airflow/.local/lib/python3.7/site-packages/airflow/example_dags/example_branch_day_of_week_operator.py
[2024-12-03T16:26:26.982+0000] {logging_mixin.py:120} INFO - [2024-12-03T16:26:26.982+0000] {dag.py:2585} INFO - Sync 1 DAGs
[2024-12-03T16:26:27.026+0000] {logging_mixin.py:120} INFO - [2024-12-03T16:26:27.025+0000] {dag.py:3340} INFO - Setting next_dagrun for example_weekday_branch_operator to 2024-12-02T00:00:00+00:00, run_after=2024-12-03T00:00:00+00:00
[2024-12-03T16:26:27.060+0000] {processor.py:176} INFO - Processing /home/airflow/.local/lib/python3.7/site-packages/airflow/example_dags/example_branch_day_of_week_operator.py took 0.211 seconds
[2024-12-03T16:26:57.231+0000] {processor.py:154} INFO - Started process (PID=4007) to work on /home/airflow/.local/lib/python3.7/site-packages/airflow/example_dags/example_branch_day_of_week_operator.py
[2024-12-03T16:26:57.234+0000] {processor.py:756} INFO - Processing file /home/airflow/.local/lib/python3.7/site-packages/airflow/example_dags/example_branch_day_of_week_operator.py for tasks to queue
[2024-12-03T16:26:57.235+0000] {logging_mixin.py:120} INFO - [2024-12-03T16:26:57.235+0000] {dagbag.py:537} INFO - Filling up the DagBag from /home/airflow/.local/lib/python3.7/site-packages/airflow/example_dags/example_branch_day_of_week_operator.py
[2024-12-03T16:26:57.261+0000] {processor.py:766} INFO - DAG(s) dict_keys(['example_weekday_branch_operator']) retrieved from /home/airflow/.local/lib/python3.7/site-packages/airflow/example_dags/example_branch_day_of_week_operator.py
[2024-12-03T16:26:57.327+0000] {logging_mixin.py:120} INFO - [2024-12-03T16:26:57.327+0000] {dag.py:2585} INFO - Sync 1 DAGs
[2024-12-03T16:26:57.369+0000] {logging_mixin.py:120} INFO - [2024-12-03T16:26:57.368+0000] {dag.py:3340} INFO - Setting next_dagrun for example_weekday_branch_operator to 2024-12-02T00:00:00+00:00, run_after=2024-12-03T00:00:00+00:00
[2024-12-03T16:26:57.407+0000] {processor.py:176} INFO - Processing /home/airflow/.local/lib/python3.7/site-packages/airflow/example_dags/example_branch_day_of_week_operator.py took 0.183 seconds
[2024-12-03T16:27:27.473+0000] {processor.py:154} INFO - Started process (PID=4062) to work on /home/airflow/.local/lib/python3.7/site-packages/airflow/example_dags/example_branch_day_of_week_operator.py
[2024-12-03T16:27:27.476+0000] {processor.py:756} INFO - Processing file /home/airflow/.local/lib/python3.7/site-packages/airflow/example_dags/example_branch_day_of_week_operator.py for tasks to queue
[2024-12-03T16:27:27.478+0000] {logging_mixin.py:120} INFO - [2024-12-03T16:27:27.477+0000] {dagbag.py:537} INFO - Filling up the DagBag from /home/airflow/.local/lib/python3.7/site-packages/airflow/example_dags/example_branch_day_of_week_operator.py
[2024-12-03T16:27:27.500+0000] {processor.py:766} INFO - DAG(s) dict_keys(['example_weekday_branch_operator']) retrieved from /home/airflow/.local/lib/python3.7/site-packages/airflow/example_dags/example_branch_day_of_week_operator.py
[2024-12-03T16:27:27.555+0000] {logging_mixin.py:120} INFO - [2024-12-03T16:27:27.555+0000] {dag.py:2585} INFO - Sync 1 DAGs
[2024-12-03T16:27:27.596+0000] {logging_mixin.py:120} INFO - [2024-12-03T16:27:27.596+0000] {dag.py:3340} INFO - Setting next_dagrun for example_weekday_branch_operator to 2024-12-02T00:00:00+00:00, run_after=2024-12-03T00:00:00+00:00
[2024-12-03T16:27:27.629+0000] {processor.py:176} INFO - Processing /home/airflow/.local/lib/python3.7/site-packages/airflow/example_dags/example_branch_day_of_week_operator.py took 0.159 seconds
[2024-12-03T16:27:58.507+0000] {processor.py:154} INFO - Started process (PID=4126) to work on /home/airflow/.local/lib/python3.7/site-packages/airflow/example_dags/example_branch_day_of_week_operator.py
[2024-12-03T16:27:58.508+0000] {processor.py:756} INFO - Processing file /home/airflow/.local/lib/python3.7/site-packages/airflow/example_dags/example_branch_day_of_week_operator.py for tasks to queue
[2024-12-03T16:27:58.509+0000] {logging_mixin.py:120} INFO - [2024-12-03T16:27:58.509+0000] {dagbag.py:537} INFO - Filling up the DagBag from /home/airflow/.local/lib/python3.7/site-packages/airflow/example_dags/example_branch_day_of_week_operator.py
[2024-12-03T16:27:58.526+0000] {processor.py:766} INFO - DAG(s) dict_keys(['example_weekday_branch_operator']) retrieved from /home/airflow/.local/lib/python3.7/site-packages/airflow/example_dags/example_branch_day_of_week_operator.py
[2024-12-03T16:27:58.577+0000] {logging_mixin.py:120} INFO - [2024-12-03T16:27:58.577+0000] {dag.py:2585} INFO - Sync 1 DAGs
[2024-12-03T16:27:58.613+0000] {logging_mixin.py:120} INFO - [2024-12-03T16:27:58.613+0000] {dag.py:3340} INFO - Setting next_dagrun for example_weekday_branch_operator to 2024-12-02T00:00:00+00:00, run_after=2024-12-03T00:00:00+00:00
[2024-12-03T16:27:58.647+0000] {processor.py:176} INFO - Processing /home/airflow/.local/lib/python3.7/site-packages/airflow/example_dags/example_branch_day_of_week_operator.py took 0.146 seconds
[2024-12-03T16:28:29.619+0000] {processor.py:154} INFO - Started process (PID=4190) to work on /home/airflow/.local/lib/python3.7/site-packages/airflow/example_dags/example_branch_day_of_week_operator.py
[2024-12-03T16:28:29.622+0000] {processor.py:756} INFO - Processing file /home/airflow/.local/lib/python3.7/site-packages/airflow/example_dags/example_branch_day_of_week_operator.py for tasks to queue
[2024-12-03T16:28:29.624+0000] {logging_mixin.py:120} INFO - [2024-12-03T16:28:29.624+0000] {dagbag.py:537} INFO - Filling up the DagBag from /home/airflow/.local/lib/python3.7/site-packages/airflow/example_dags/example_branch_day_of_week_operator.py
[2024-12-03T16:28:29.665+0000] {processor.py:766} INFO - DAG(s) dict_keys(['example_weekday_branch_operator']) retrieved from /home/airflow/.local/lib/python3.7/site-packages/airflow/example_dags/example_branch_day_of_week_operator.py
[2024-12-03T16:28:29.750+0000] {logging_mixin.py:120} INFO - [2024-12-03T16:28:29.749+0000] {dag.py:2585} INFO - Sync 1 DAGs
[2024-12-03T16:28:29.818+0000] {logging_mixin.py:120} INFO - [2024-12-03T16:28:29.817+0000] {dag.py:3340} INFO - Setting next_dagrun for example_weekday_branch_operator to 2024-12-02T00:00:00+00:00, run_after=2024-12-03T00:00:00+00:00
[2024-12-03T16:28:29.869+0000] {processor.py:176} INFO - Processing /home/airflow/.local/lib/python3.7/site-packages/airflow/example_dags/example_branch_day_of_week_operator.py took 0.258 seconds
[2024-12-03T16:29:00.812+0000] {processor.py:154} INFO - Started process (PID=4251) to work on /home/airflow/.local/lib/python3.7/site-packages/airflow/example_dags/example_branch_day_of_week_operator.py
[2024-12-03T16:29:00.814+0000] {processor.py:756} INFO - Processing file /home/airflow/.local/lib/python3.7/site-packages/airflow/example_dags/example_branch_day_of_week_operator.py for tasks to queue
[2024-12-03T16:29:00.817+0000] {logging_mixin.py:120} INFO - [2024-12-03T16:29:00.817+0000] {dagbag.py:537} INFO - Filling up the DagBag from /home/airflow/.local/lib/python3.7/site-packages/airflow/example_dags/example_branch_day_of_week_operator.py
[2024-12-03T16:29:00.884+0000] {processor.py:766} INFO - DAG(s) dict_keys(['example_weekday_branch_operator']) retrieved from /home/airflow/.local/lib/python3.7/site-packages/airflow/example_dags/example_branch_day_of_week_operator.py
[2024-12-03T16:29:01.058+0000] {logging_mixin.py:120} INFO - [2024-12-03T16:29:01.057+0000] {dag.py:2585} INFO - Sync 1 DAGs
[2024-12-03T16:29:01.139+0000] {logging_mixin.py:120} INFO - [2024-12-03T16:29:01.139+0000] {dag.py:3340} INFO - Setting next_dagrun for example_weekday_branch_operator to 2024-12-02T00:00:00+00:00, run_after=2024-12-03T00:00:00+00:00
[2024-12-03T16:29:01.215+0000] {processor.py:176} INFO - Processing /home/airflow/.local/lib/python3.7/site-packages/airflow/example_dags/example_branch_day_of_week_operator.py took 0.410 seconds
[2024-12-03T16:29:31.448+0000] {processor.py:154} INFO - Started process (PID=4320) to work on /home/airflow/.local/lib/python3.7/site-packages/airflow/example_dags/example_branch_day_of_week_operator.py
[2024-12-03T16:29:31.451+0000] {processor.py:756} INFO - Processing file /home/airflow/.local/lib/python3.7/site-packages/airflow/example_dags/example_branch_day_of_week_operator.py for tasks to queue
[2024-12-03T16:29:31.455+0000] {logging_mixin.py:120} INFO - [2024-12-03T16:29:31.454+0000] {dagbag.py:537} INFO - Filling up the DagBag from /home/airflow/.local/lib/python3.7/site-packages/airflow/example_dags/example_branch_day_of_week_operator.py
[2024-12-03T16:29:31.532+0000] {processor.py:766} INFO - DAG(s) dict_keys(['example_weekday_branch_operator']) retrieved from /home/airflow/.local/lib/python3.7/site-packages/airflow/example_dags/example_branch_day_of_week_operator.py
[2024-12-03T16:29:31.737+0000] {logging_mixin.py:120} INFO - [2024-12-03T16:29:31.736+0000] {dag.py:2585} INFO - Sync 1 DAGs
[2024-12-03T16:29:31.843+0000] {logging_mixin.py:120} INFO - [2024-12-03T16:29:31.841+0000] {dag.py:3340} INFO - Setting next_dagrun for example_weekday_branch_operator to 2024-12-02T00:00:00+00:00, run_after=2024-12-03T00:00:00+00:00
[2024-12-03T16:29:31.919+0000] {processor.py:176} INFO - Processing /home/airflow/.local/lib/python3.7/site-packages/airflow/example_dags/example_branch_day_of_week_operator.py took 0.478 seconds
[2024-12-03T16:30:02.122+0000] {processor.py:154} INFO - Started process (PID=4376) to work on /home/airflow/.local/lib/python3.7/site-packages/airflow/example_dags/example_branch_day_of_week_operator.py
[2024-12-03T16:30:02.123+0000] {processor.py:756} INFO - Processing file /home/airflow/.local/lib/python3.7/site-packages/airflow/example_dags/example_branch_day_of_week_operator.py for tasks to queue
[2024-12-03T16:30:02.124+0000] {logging_mixin.py:120} INFO - [2024-12-03T16:30:02.124+0000] {dagbag.py:537} INFO - Filling up the DagBag from /home/airflow/.local/lib/python3.7/site-packages/airflow/example_dags/example_branch_day_of_week_operator.py
[2024-12-03T16:30:02.155+0000] {processor.py:766} INFO - DAG(s) dict_keys(['example_weekday_branch_operator']) retrieved from /home/airflow/.local/lib/python3.7/site-packages/airflow/example_dags/example_branch_day_of_week_operator.py
[2024-12-03T16:30:02.216+0000] {logging_mixin.py:120} INFO - [2024-12-03T16:30:02.216+0000] {dag.py:2585} INFO - Sync 1 DAGs
[2024-12-03T16:30:02.254+0000] {logging_mixin.py:120} INFO - [2024-12-03T16:30:02.253+0000] {dag.py:3340} INFO - Setting next_dagrun for example_weekday_branch_operator to 2024-12-02T00:00:00+00:00, run_after=2024-12-03T00:00:00+00:00
[2024-12-03T16:30:02.294+0000] {processor.py:176} INFO - Processing /home/airflow/.local/lib/python3.7/site-packages/airflow/example_dags/example_branch_day_of_week_operator.py took 0.177 seconds
[2024-12-03T16:30:32.543+0000] {processor.py:154} INFO - Started process (PID=4443) to work on /home/airflow/.local/lib/python3.7/site-packages/airflow/example_dags/example_branch_day_of_week_operator.py
[2024-12-03T16:30:32.545+0000] {processor.py:756} INFO - Processing file /home/airflow/.local/lib/python3.7/site-packages/airflow/example_dags/example_branch_day_of_week_operator.py for tasks to queue
[2024-12-03T16:30:32.548+0000] {logging_mixin.py:120} INFO - [2024-12-03T16:30:32.547+0000] {dagbag.py:537} INFO - Filling up the DagBag from /home/airflow/.local/lib/python3.7/site-packages/airflow/example_dags/example_branch_day_of_week_operator.py
[2024-12-03T16:30:32.588+0000] {processor.py:766} INFO - DAG(s) dict_keys(['example_weekday_branch_operator']) retrieved from /home/airflow/.local/lib/python3.7/site-packages/airflow/example_dags/example_branch_day_of_week_operator.py
[2024-12-03T16:30:32.696+0000] {logging_mixin.py:120} INFO - [2024-12-03T16:30:32.696+0000] {dag.py:2585} INFO - Sync 1 DAGs
[2024-12-03T16:30:32.752+0000] {logging_mixin.py:120} INFO - [2024-12-03T16:30:32.752+0000] {dag.py:3340} INFO - Setting next_dagrun for example_weekday_branch_operator to 2024-12-02T00:00:00+00:00, run_after=2024-12-03T00:00:00+00:00
[2024-12-03T16:30:32.814+0000] {processor.py:176} INFO - Processing /home/airflow/.local/lib/python3.7/site-packages/airflow/example_dags/example_branch_day_of_week_operator.py took 0.277 seconds
[2024-12-03T16:31:03.310+0000] {processor.py:154} INFO - Started process (PID=4515) to work on /home/airflow/.local/lib/python3.7/site-packages/airflow/example_dags/example_branch_day_of_week_operator.py
[2024-12-03T16:31:03.312+0000] {processor.py:756} INFO - Processing file /home/airflow/.local/lib/python3.7/site-packages/airflow/example_dags/example_branch_day_of_week_operator.py for tasks to queue
[2024-12-03T16:31:03.314+0000] {logging_mixin.py:120} INFO - [2024-12-03T16:31:03.314+0000] {dagbag.py:537} INFO - Filling up the DagBag from /home/airflow/.local/lib/python3.7/site-packages/airflow/example_dags/example_branch_day_of_week_operator.py
[2024-12-03T16:31:03.342+0000] {processor.py:766} INFO - DAG(s) dict_keys(['example_weekday_branch_operator']) retrieved from /home/airflow/.local/lib/python3.7/site-packages/airflow/example_dags/example_branch_day_of_week_operator.py
[2024-12-03T16:31:03.432+0000] {logging_mixin.py:120} INFO - [2024-12-03T16:31:03.431+0000] {dag.py:2585} INFO - Sync 1 DAGs
[2024-12-03T16:31:03.477+0000] {logging_mixin.py:120} INFO - [2024-12-03T16:31:03.477+0000] {dag.py:3340} INFO - Setting next_dagrun for example_weekday_branch_operator to 2024-12-02T00:00:00+00:00, run_after=2024-12-03T00:00:00+00:00
[2024-12-03T16:31:03.521+0000] {processor.py:176} INFO - Processing /home/airflow/.local/lib/python3.7/site-packages/airflow/example_dags/example_branch_day_of_week_operator.py took 0.216 seconds
[2024-12-03T16:31:34.203+0000] {processor.py:154} INFO - Started process (PID=4570) to work on /home/airflow/.local/lib/python3.7/site-packages/airflow/example_dags/example_branch_day_of_week_operator.py
[2024-12-03T16:31:34.205+0000] {processor.py:756} INFO - Processing file /home/airflow/.local/lib/python3.7/site-packages/airflow/example_dags/example_branch_day_of_week_operator.py for tasks to queue
[2024-12-03T16:31:34.206+0000] {logging_mixin.py:120} INFO - [2024-12-03T16:31:34.206+0000] {dagbag.py:537} INFO - Filling up the DagBag from /home/airflow/.local/lib/python3.7/site-packages/airflow/example_dags/example_branch_day_of_week_operator.py
[2024-12-03T16:31:34.224+0000] {processor.py:766} INFO - DAG(s) dict_keys(['example_weekday_branch_operator']) retrieved from /home/airflow/.local/lib/python3.7/site-packages/airflow/example_dags/example_branch_day_of_week_operator.py
[2024-12-03T16:31:34.276+0000] {logging_mixin.py:120} INFO - [2024-12-03T16:31:34.276+0000] {dag.py:2585} INFO - Sync 1 DAGs
[2024-12-03T16:31:34.310+0000] {logging_mixin.py:120} INFO - [2024-12-03T16:31:34.310+0000] {dag.py:3340} INFO - Setting next_dagrun for example_weekday_branch_operator to 2024-12-02T00:00:00+00:00, run_after=2024-12-03T00:00:00+00:00
[2024-12-03T16:31:34.339+0000] {processor.py:176} INFO - Processing /home/airflow/.local/lib/python3.7/site-packages/airflow/example_dags/example_branch_day_of_week_operator.py took 0.139 seconds
[2024-12-03T16:32:05.034+0000] {processor.py:154} INFO - Started process (PID=4635) to work on /home/airflow/.local/lib/python3.7/site-packages/airflow/example_dags/example_branch_day_of_week_operator.py
[2024-12-03T16:32:05.035+0000] {processor.py:756} INFO - Processing file /home/airflow/.local/lib/python3.7/site-packages/airflow/example_dags/example_branch_day_of_week_operator.py for tasks to queue
[2024-12-03T16:32:05.037+0000] {logging_mixin.py:120} INFO - [2024-12-03T16:32:05.036+0000] {dagbag.py:537} INFO - Filling up the DagBag from /home/airflow/.local/lib/python3.7/site-packages/airflow/example_dags/example_branch_day_of_week_operator.py
[2024-12-03T16:32:05.053+0000] {processor.py:766} INFO - DAG(s) dict_keys(['example_weekday_branch_operator']) retrieved from /home/airflow/.local/lib/python3.7/site-packages/airflow/example_dags/example_branch_day_of_week_operator.py
[2024-12-03T16:32:05.103+0000] {logging_mixin.py:120} INFO - [2024-12-03T16:32:05.103+0000] {dag.py:2585} INFO - Sync 1 DAGs
[2024-12-03T16:32:05.138+0000] {logging_mixin.py:120} INFO - [2024-12-03T16:32:05.138+0000] {dag.py:3340} INFO - Setting next_dagrun for example_weekday_branch_operator to 2024-12-02T00:00:00+00:00, run_after=2024-12-03T00:00:00+00:00
[2024-12-03T16:32:05.169+0000] {processor.py:176} INFO - Processing /home/airflow/.local/lib/python3.7/site-packages/airflow/example_dags/example_branch_day_of_week_operator.py took 0.138 seconds
[2024-12-03T16:32:35.778+0000] {processor.py:154} INFO - Started process (PID=4690) to work on /home/airflow/.local/lib/python3.7/site-packages/airflow/example_dags/example_branch_day_of_week_operator.py
[2024-12-03T16:32:35.779+0000] {processor.py:756} INFO - Processing file /home/airflow/.local/lib/python3.7/site-packages/airflow/example_dags/example_branch_day_of_week_operator.py for tasks to queue
[2024-12-03T16:32:35.782+0000] {logging_mixin.py:120} INFO - [2024-12-03T16:32:35.781+0000] {dagbag.py:537} INFO - Filling up the DagBag from /home/airflow/.local/lib/python3.7/site-packages/airflow/example_dags/example_branch_day_of_week_operator.py
[2024-12-03T16:32:35.810+0000] {processor.py:766} INFO - DAG(s) dict_keys(['example_weekday_branch_operator']) retrieved from /home/airflow/.local/lib/python3.7/site-packages/airflow/example_dags/example_branch_day_of_week_operator.py
[2024-12-03T16:32:35.871+0000] {logging_mixin.py:120} INFO - [2024-12-03T16:32:35.871+0000] {dag.py:2585} INFO - Sync 1 DAGs
[2024-12-03T16:32:35.935+0000] {logging_mixin.py:120} INFO - [2024-12-03T16:32:35.935+0000] {dag.py:3340} INFO - Setting next_dagrun for example_weekday_branch_operator to 2024-12-02T00:00:00+00:00, run_after=2024-12-03T00:00:00+00:00
[2024-12-03T16:32:35.985+0000] {processor.py:176} INFO - Processing /home/airflow/.local/lib/python3.7/site-packages/airflow/example_dags/example_branch_day_of_week_operator.py took 0.212 seconds
[2024-12-03T16:33:06.796+0000] {processor.py:154} INFO - Started process (PID=4754) to work on /home/airflow/.local/lib/python3.7/site-packages/airflow/example_dags/example_branch_day_of_week_operator.py
[2024-12-03T16:33:06.798+0000] {processor.py:756} INFO - Processing file /home/airflow/.local/lib/python3.7/site-packages/airflow/example_dags/example_branch_day_of_week_operator.py for tasks to queue
[2024-12-03T16:33:06.799+0000] {logging_mixin.py:120} INFO - [2024-12-03T16:33:06.799+0000] {dagbag.py:537} INFO - Filling up the DagBag from /home/airflow/.local/lib/python3.7/site-packages/airflow/example_dags/example_branch_day_of_week_operator.py
[2024-12-03T16:33:06.819+0000] {processor.py:766} INFO - DAG(s) dict_keys(['example_weekday_branch_operator']) retrieved from /home/airflow/.local/lib/python3.7/site-packages/airflow/example_dags/example_branch_day_of_week_operator.py
[2024-12-03T16:33:06.866+0000] {logging_mixin.py:120} INFO - [2024-12-03T16:33:06.865+0000] {dag.py:2585} INFO - Sync 1 DAGs
[2024-12-03T16:33:06.896+0000] {logging_mixin.py:120} INFO - [2024-12-03T16:33:06.896+0000] {dag.py:3340} INFO - Setting next_dagrun for example_weekday_branch_operator to 2024-12-02T00:00:00+00:00, run_after=2024-12-03T00:00:00+00:00
[2024-12-03T16:33:06.930+0000] {processor.py:176} INFO - Processing /home/airflow/.local/lib/python3.7/site-packages/airflow/example_dags/example_branch_day_of_week_operator.py took 0.137 seconds
[2024-12-03T16:33:37.352+0000] {processor.py:154} INFO - Started process (PID=4818) to work on /home/airflow/.local/lib/python3.7/site-packages/airflow/example_dags/example_branch_day_of_week_operator.py
[2024-12-03T16:33:37.354+0000] {processor.py:756} INFO - Processing file /home/airflow/.local/lib/python3.7/site-packages/airflow/example_dags/example_branch_day_of_week_operator.py for tasks to queue
[2024-12-03T16:33:37.356+0000] {logging_mixin.py:120} INFO - [2024-12-03T16:33:37.356+0000] {dagbag.py:537} INFO - Filling up the DagBag from /home/airflow/.local/lib/python3.7/site-packages/airflow/example_dags/example_branch_day_of_week_operator.py
[2024-12-03T16:33:37.377+0000] {processor.py:766} INFO - DAG(s) dict_keys(['example_weekday_branch_operator']) retrieved from /home/airflow/.local/lib/python3.7/site-packages/airflow/example_dags/example_branch_day_of_week_operator.py
[2024-12-03T16:33:37.564+0000] {logging_mixin.py:120} INFO - [2024-12-03T16:33:37.563+0000] {dag.py:2585} INFO - Sync 1 DAGs
[2024-12-03T16:33:37.675+0000] {logging_mixin.py:120} INFO - [2024-12-03T16:33:37.674+0000] {dag.py:3340} INFO - Setting next_dagrun for example_weekday_branch_operator to 2024-12-02T00:00:00+00:00, run_after=2024-12-03T00:00:00+00:00
[2024-12-03T16:33:37.773+0000] {processor.py:176} INFO - Processing /home/airflow/.local/lib/python3.7/site-packages/airflow/example_dags/example_branch_day_of_week_operator.py took 0.427 seconds
[2024-12-03T16:34:08.688+0000] {processor.py:154} INFO - Started process (PID=4873) to work on /home/airflow/.local/lib/python3.7/site-packages/airflow/example_dags/example_branch_day_of_week_operator.py
[2024-12-03T16:34:08.690+0000] {processor.py:756} INFO - Processing file /home/airflow/.local/lib/python3.7/site-packages/airflow/example_dags/example_branch_day_of_week_operator.py for tasks to queue
[2024-12-03T16:34:08.692+0000] {logging_mixin.py:120} INFO - [2024-12-03T16:34:08.691+0000] {dagbag.py:537} INFO - Filling up the DagBag from /home/airflow/.local/lib/python3.7/site-packages/airflow/example_dags/example_branch_day_of_week_operator.py
[2024-12-03T16:34:08.709+0000] {processor.py:766} INFO - DAG(s) dict_keys(['example_weekday_branch_operator']) retrieved from /home/airflow/.local/lib/python3.7/site-packages/airflow/example_dags/example_branch_day_of_week_operator.py
[2024-12-03T16:34:08.759+0000] {logging_mixin.py:120} INFO - [2024-12-03T16:34:08.759+0000] {dag.py:2585} INFO - Sync 1 DAGs
[2024-12-03T16:34:08.794+0000] {logging_mixin.py:120} INFO - [2024-12-03T16:34:08.794+0000] {dag.py:3340} INFO - Setting next_dagrun for example_weekday_branch_operator to 2024-12-02T00:00:00+00:00, run_after=2024-12-03T00:00:00+00:00
[2024-12-03T16:34:08.826+0000] {processor.py:176} INFO - Processing /home/airflow/.local/lib/python3.7/site-packages/airflow/example_dags/example_branch_day_of_week_operator.py took 0.143 seconds
[2024-12-03T16:34:38.960+0000] {processor.py:154} INFO - Started process (PID=4937) to work on /home/airflow/.local/lib/python3.7/site-packages/airflow/example_dags/example_branch_day_of_week_operator.py
[2024-12-03T16:34:38.965+0000] {processor.py:756} INFO - Processing file /home/airflow/.local/lib/python3.7/site-packages/airflow/example_dags/example_branch_day_of_week_operator.py for tasks to queue
[2024-12-03T16:34:38.968+0000] {logging_mixin.py:120} INFO - [2024-12-03T16:34:38.967+0000] {dagbag.py:537} INFO - Filling up the DagBag from /home/airflow/.local/lib/python3.7/site-packages/airflow/example_dags/example_branch_day_of_week_operator.py
[2024-12-03T16:34:39.001+0000] {processor.py:766} INFO - DAG(s) dict_keys(['example_weekday_branch_operator']) retrieved from /home/airflow/.local/lib/python3.7/site-packages/airflow/example_dags/example_branch_day_of_week_operator.py
[2024-12-03T16:34:39.076+0000] {logging_mixin.py:120} INFO - [2024-12-03T16:34:39.076+0000] {dag.py:2585} INFO - Sync 1 DAGs
[2024-12-03T16:34:39.126+0000] {logging_mixin.py:120} INFO - [2024-12-03T16:34:39.125+0000] {dag.py:3340} INFO - Setting next_dagrun for example_weekday_branch_operator to 2024-12-02T00:00:00+00:00, run_after=2024-12-03T00:00:00+00:00
[2024-12-03T16:34:39.176+0000] {processor.py:176} INFO - Processing /home/airflow/.local/lib/python3.7/site-packages/airflow/example_dags/example_branch_day_of_week_operator.py took 0.220 seconds
[2024-12-03T16:35:09.518+0000] {processor.py:154} INFO - Started process (PID=4993) to work on /home/airflow/.local/lib/python3.7/site-packages/airflow/example_dags/example_branch_day_of_week_operator.py
[2024-12-03T16:35:09.520+0000] {processor.py:756} INFO - Processing file /home/airflow/.local/lib/python3.7/site-packages/airflow/example_dags/example_branch_day_of_week_operator.py for tasks to queue
[2024-12-03T16:35:09.521+0000] {logging_mixin.py:120} INFO - [2024-12-03T16:35:09.521+0000] {dagbag.py:537} INFO - Filling up the DagBag from /home/airflow/.local/lib/python3.7/site-packages/airflow/example_dags/example_branch_day_of_week_operator.py
[2024-12-03T16:35:09.543+0000] {processor.py:766} INFO - DAG(s) dict_keys(['example_weekday_branch_operator']) retrieved from /home/airflow/.local/lib/python3.7/site-packages/airflow/example_dags/example_branch_day_of_week_operator.py
[2024-12-03T16:35:09.628+0000] {logging_mixin.py:120} INFO - [2024-12-03T16:35:09.628+0000] {dag.py:2585} INFO - Sync 1 DAGs
[2024-12-03T16:35:09.689+0000] {logging_mixin.py:120} INFO - [2024-12-03T16:35:09.688+0000] {dag.py:3340} INFO - Setting next_dagrun for example_weekday_branch_operator to 2024-12-02T00:00:00+00:00, run_after=2024-12-03T00:00:00+00:00
[2024-12-03T16:35:09.751+0000] {processor.py:176} INFO - Processing /home/airflow/.local/lib/python3.7/site-packages/airflow/example_dags/example_branch_day_of_week_operator.py took 0.237 seconds
[2024-12-03T16:35:40.415+0000] {processor.py:154} INFO - Started process (PID=5061) to work on /home/airflow/.local/lib/python3.7/site-packages/airflow/example_dags/example_branch_day_of_week_operator.py
[2024-12-03T16:35:40.417+0000] {processor.py:756} INFO - Processing file /home/airflow/.local/lib/python3.7/site-packages/airflow/example_dags/example_branch_day_of_week_operator.py for tasks to queue
[2024-12-03T16:35:40.418+0000] {logging_mixin.py:120} INFO - [2024-12-03T16:35:40.418+0000] {dagbag.py:537} INFO - Filling up the DagBag from /home/airflow/.local/lib/python3.7/site-packages/airflow/example_dags/example_branch_day_of_week_operator.py
[2024-12-03T16:35:40.456+0000] {processor.py:766} INFO - DAG(s) dict_keys(['example_weekday_branch_operator']) retrieved from /home/airflow/.local/lib/python3.7/site-packages/airflow/example_dags/example_branch_day_of_week_operator.py
[2024-12-03T16:35:40.553+0000] {logging_mixin.py:120} INFO - [2024-12-03T16:35:40.553+0000] {dag.py:2585} INFO - Sync 1 DAGs
[2024-12-03T16:35:40.600+0000] {logging_mixin.py:120} INFO - [2024-12-03T16:35:40.600+0000] {dag.py:3340} INFO - Setting next_dagrun for example_weekday_branch_operator to 2024-12-02T00:00:00+00:00, run_after=2024-12-03T00:00:00+00:00
[2024-12-03T16:35:40.645+0000] {processor.py:176} INFO - Processing /home/airflow/.local/lib/python3.7/site-packages/airflow/example_dags/example_branch_day_of_week_operator.py took 0.235 seconds
[2024-12-03T16:36:11.416+0000] {processor.py:154} INFO - Started process (PID=5127) to work on /home/airflow/.local/lib/python3.7/site-packages/airflow/example_dags/example_branch_day_of_week_operator.py
[2024-12-03T16:36:11.418+0000] {processor.py:756} INFO - Processing file /home/airflow/.local/lib/python3.7/site-packages/airflow/example_dags/example_branch_day_of_week_operator.py for tasks to queue
[2024-12-03T16:36:11.420+0000] {logging_mixin.py:120} INFO - [2024-12-03T16:36:11.419+0000] {dagbag.py:537} INFO - Filling up the DagBag from /home/airflow/.local/lib/python3.7/site-packages/airflow/example_dags/example_branch_day_of_week_operator.py
[2024-12-03T16:36:11.463+0000] {processor.py:766} INFO - DAG(s) dict_keys(['example_weekday_branch_operator']) retrieved from /home/airflow/.local/lib/python3.7/site-packages/airflow/example_dags/example_branch_day_of_week_operator.py
[2024-12-03T16:36:11.571+0000] {logging_mixin.py:120} INFO - [2024-12-03T16:36:11.571+0000] {dag.py:2585} INFO - Sync 1 DAGs
[2024-12-03T16:36:11.629+0000] {logging_mixin.py:120} INFO - [2024-12-03T16:36:11.628+0000] {dag.py:3340} INFO - Setting next_dagrun for example_weekday_branch_operator to 2024-12-02T00:00:00+00:00, run_after=2024-12-03T00:00:00+00:00
[2024-12-03T16:36:11.679+0000] {processor.py:176} INFO - Processing /home/airflow/.local/lib/python3.7/site-packages/airflow/example_dags/example_branch_day_of_week_operator.py took 0.268 seconds
[2024-12-03T16:36:41.997+0000] {processor.py:154} INFO - Started process (PID=5182) to work on /home/airflow/.local/lib/python3.7/site-packages/airflow/example_dags/example_branch_day_of_week_operator.py
[2024-12-03T16:36:41.999+0000] {processor.py:756} INFO - Processing file /home/airflow/.local/lib/python3.7/site-packages/airflow/example_dags/example_branch_day_of_week_operator.py for tasks to queue
[2024-12-03T16:36:42.001+0000] {logging_mixin.py:120} INFO - [2024-12-03T16:36:42.001+0000] {dagbag.py:537} INFO - Filling up the DagBag from /home/airflow/.local/lib/python3.7/site-packages/airflow/example_dags/example_branch_day_of_week_operator.py
[2024-12-03T16:36:42.020+0000] {processor.py:766} INFO - DAG(s) dict_keys(['example_weekday_branch_operator']) retrieved from /home/airflow/.local/lib/python3.7/site-packages/airflow/example_dags/example_branch_day_of_week_operator.py
[2024-12-03T16:36:42.091+0000] {logging_mixin.py:120} INFO - [2024-12-03T16:36:42.091+0000] {dag.py:2585} INFO - Sync 1 DAGs
[2024-12-03T16:36:42.142+0000] {logging_mixin.py:120} INFO - [2024-12-03T16:36:42.142+0000] {dag.py:3340} INFO - Setting next_dagrun for example_weekday_branch_operator to 2024-12-02T00:00:00+00:00, run_after=2024-12-03T00:00:00+00:00
[2024-12-03T16:36:42.198+0000] {processor.py:176} INFO - Processing /home/airflow/.local/lib/python3.7/site-packages/airflow/example_dags/example_branch_day_of_week_operator.py took 0.205 seconds
[2024-12-03T16:37:13.368+0000] {processor.py:154} INFO - Started process (PID=5245) to work on /home/airflow/.local/lib/python3.7/site-packages/airflow/example_dags/example_branch_day_of_week_operator.py
[2024-12-03T16:37:13.371+0000] {processor.py:756} INFO - Processing file /home/airflow/.local/lib/python3.7/site-packages/airflow/example_dags/example_branch_day_of_week_operator.py for tasks to queue
[2024-12-03T16:37:13.374+0000] {logging_mixin.py:120} INFO - [2024-12-03T16:37:13.374+0000] {dagbag.py:537} INFO - Filling up the DagBag from /home/airflow/.local/lib/python3.7/site-packages/airflow/example_dags/example_branch_day_of_week_operator.py
[2024-12-03T16:37:13.419+0000] {processor.py:766} INFO - DAG(s) dict_keys(['example_weekday_branch_operator']) retrieved from /home/airflow/.local/lib/python3.7/site-packages/airflow/example_dags/example_branch_day_of_week_operator.py
[2024-12-03T16:37:13.515+0000] {logging_mixin.py:120} INFO - [2024-12-03T16:37:13.514+0000] {dag.py:2585} INFO - Sync 1 DAGs
[2024-12-03T16:37:13.601+0000] {logging_mixin.py:120} INFO - [2024-12-03T16:37:13.601+0000] {dag.py:3340} INFO - Setting next_dagrun for example_weekday_branch_operator to 2024-12-02T00:00:00+00:00, run_after=2024-12-03T00:00:00+00:00
[2024-12-03T16:37:13.663+0000] {processor.py:176} INFO - Processing /home/airflow/.local/lib/python3.7/site-packages/airflow/example_dags/example_branch_day_of_week_operator.py took 0.302 seconds
[2024-12-03T16:37:44.291+0000] {processor.py:154} INFO - Started process (PID=5300) to work on /home/airflow/.local/lib/python3.7/site-packages/airflow/example_dags/example_branch_day_of_week_operator.py
[2024-12-03T16:37:44.293+0000] {processor.py:756} INFO - Processing file /home/airflow/.local/lib/python3.7/site-packages/airflow/example_dags/example_branch_day_of_week_operator.py for tasks to queue
[2024-12-03T16:37:44.295+0000] {logging_mixin.py:120} INFO - [2024-12-03T16:37:44.295+0000] {dagbag.py:537} INFO - Filling up the DagBag from /home/airflow/.local/lib/python3.7/site-packages/airflow/example_dags/example_branch_day_of_week_operator.py
[2024-12-03T16:37:44.367+0000] {processor.py:766} INFO - DAG(s) dict_keys(['example_weekday_branch_operator']) retrieved from /home/airflow/.local/lib/python3.7/site-packages/airflow/example_dags/example_branch_day_of_week_operator.py
[2024-12-03T16:37:44.494+0000] {logging_mixin.py:120} INFO - [2024-12-03T16:37:44.494+0000] {dag.py:2585} INFO - Sync 1 DAGs
[2024-12-03T16:37:44.557+0000] {logging_mixin.py:120} INFO - [2024-12-03T16:37:44.557+0000] {dag.py:3340} INFO - Setting next_dagrun for example_weekday_branch_operator to 2024-12-02T00:00:00+00:00, run_after=2024-12-03T00:00:00+00:00
[2024-12-03T16:37:44.605+0000] {processor.py:176} INFO - Processing /home/airflow/.local/lib/python3.7/site-packages/airflow/example_dags/example_branch_day_of_week_operator.py took 0.318 seconds
[2024-12-03T16:38:15.668+0000] {processor.py:154} INFO - Started process (PID=5355) to work on /home/airflow/.local/lib/python3.7/site-packages/airflow/example_dags/example_branch_day_of_week_operator.py
[2024-12-03T16:38:15.671+0000] {processor.py:756} INFO - Processing file /home/airflow/.local/lib/python3.7/site-packages/airflow/example_dags/example_branch_day_of_week_operator.py for tasks to queue
[2024-12-03T16:38:15.673+0000] {logging_mixin.py:120} INFO - [2024-12-03T16:38:15.672+0000] {dagbag.py:537} INFO - Filling up the DagBag from /home/airflow/.local/lib/python3.7/site-packages/airflow/example_dags/example_branch_day_of_week_operator.py
[2024-12-03T16:38:15.721+0000] {processor.py:766} INFO - DAG(s) dict_keys(['example_weekday_branch_operator']) retrieved from /home/airflow/.local/lib/python3.7/site-packages/airflow/example_dags/example_branch_day_of_week_operator.py
[2024-12-03T16:38:15.821+0000] {logging_mixin.py:120} INFO - [2024-12-03T16:38:15.821+0000] {dag.py:2585} INFO - Sync 1 DAGs
[2024-12-03T16:38:15.890+0000] {logging_mixin.py:120} INFO - [2024-12-03T16:38:15.890+0000] {dag.py:3340} INFO - Setting next_dagrun for example_weekday_branch_operator to 2024-12-02T00:00:00+00:00, run_after=2024-12-03T00:00:00+00:00
[2024-12-03T16:38:15.949+0000] {processor.py:176} INFO - Processing /home/airflow/.local/lib/python3.7/site-packages/airflow/example_dags/example_branch_day_of_week_operator.py took 0.288 seconds
[2024-12-03T16:38:46.454+0000] {processor.py:154} INFO - Started process (PID=5418) to work on /home/airflow/.local/lib/python3.7/site-packages/airflow/example_dags/example_branch_day_of_week_operator.py
[2024-12-03T16:38:46.457+0000] {processor.py:756} INFO - Processing file /home/airflow/.local/lib/python3.7/site-packages/airflow/example_dags/example_branch_day_of_week_operator.py for tasks to queue
[2024-12-03T16:38:46.460+0000] {logging_mixin.py:120} INFO - [2024-12-03T16:38:46.459+0000] {dagbag.py:537} INFO - Filling up the DagBag from /home/airflow/.local/lib/python3.7/site-packages/airflow/example_dags/example_branch_day_of_week_operator.py
[2024-12-03T16:38:46.490+0000] {processor.py:766} INFO - DAG(s) dict_keys(['example_weekday_branch_operator']) retrieved from /home/airflow/.local/lib/python3.7/site-packages/airflow/example_dags/example_branch_day_of_week_operator.py
[2024-12-03T16:38:46.582+0000] {logging_mixin.py:120} INFO - [2024-12-03T16:38:46.582+0000] {dag.py:2585} INFO - Sync 1 DAGs
[2024-12-03T16:38:46.707+0000] {logging_mixin.py:120} INFO - [2024-12-03T16:38:46.707+0000] {dag.py:3340} INFO - Setting next_dagrun for example_weekday_branch_operator to 2024-12-02T00:00:00+00:00, run_after=2024-12-03T00:00:00+00:00
[2024-12-03T16:38:46.766+0000] {processor.py:176} INFO - Processing /home/airflow/.local/lib/python3.7/site-packages/airflow/example_dags/example_branch_day_of_week_operator.py took 0.317 seconds
[2024-12-03T16:39:16.971+0000] {processor.py:154} INFO - Started process (PID=5473) to work on /home/airflow/.local/lib/python3.7/site-packages/airflow/example_dags/example_branch_day_of_week_operator.py
[2024-12-03T16:39:16.973+0000] {processor.py:756} INFO - Processing file /home/airflow/.local/lib/python3.7/site-packages/airflow/example_dags/example_branch_day_of_week_operator.py for tasks to queue
[2024-12-03T16:39:16.976+0000] {logging_mixin.py:120} INFO - [2024-12-03T16:39:16.975+0000] {dagbag.py:537} INFO - Filling up the DagBag from /home/airflow/.local/lib/python3.7/site-packages/airflow/example_dags/example_branch_day_of_week_operator.py
[2024-12-03T16:39:17.013+0000] {processor.py:766} INFO - DAG(s) dict_keys(['example_weekday_branch_operator']) retrieved from /home/airflow/.local/lib/python3.7/site-packages/airflow/example_dags/example_branch_day_of_week_operator.py
[2024-12-03T16:39:17.086+0000] {logging_mixin.py:120} INFO - [2024-12-03T16:39:17.086+0000] {dag.py:2585} INFO - Sync 1 DAGs
[2024-12-03T16:39:17.131+0000] {logging_mixin.py:120} INFO - [2024-12-03T16:39:17.131+0000] {dag.py:3340} INFO - Setting next_dagrun for example_weekday_branch_operator to 2024-12-02T00:00:00+00:00, run_after=2024-12-03T00:00:00+00:00
[2024-12-03T16:39:17.171+0000] {processor.py:176} INFO - Processing /home/airflow/.local/lib/python3.7/site-packages/airflow/example_dags/example_branch_day_of_week_operator.py took 0.204 seconds
[2024-12-03T16:39:47.622+0000] {processor.py:154} INFO - Started process (PID=5539) to work on /home/airflow/.local/lib/python3.7/site-packages/airflow/example_dags/example_branch_day_of_week_operator.py
[2024-12-03T16:39:47.624+0000] {processor.py:756} INFO - Processing file /home/airflow/.local/lib/python3.7/site-packages/airflow/example_dags/example_branch_day_of_week_operator.py for tasks to queue
[2024-12-03T16:39:47.626+0000] {logging_mixin.py:120} INFO - [2024-12-03T16:39:47.626+0000] {dagbag.py:537} INFO - Filling up the DagBag from /home/airflow/.local/lib/python3.7/site-packages/airflow/example_dags/example_branch_day_of_week_operator.py
[2024-12-03T16:39:47.659+0000] {processor.py:766} INFO - DAG(s) dict_keys(['example_weekday_branch_operator']) retrieved from /home/airflow/.local/lib/python3.7/site-packages/airflow/example_dags/example_branch_day_of_week_operator.py
[2024-12-03T16:39:47.746+0000] {logging_mixin.py:120} INFO - [2024-12-03T16:39:47.746+0000] {dag.py:2585} INFO - Sync 1 DAGs
[2024-12-03T16:39:47.799+0000] {logging_mixin.py:120} INFO - [2024-12-03T16:39:47.799+0000] {dag.py:3340} INFO - Setting next_dagrun for example_weekday_branch_operator to 2024-12-02T00:00:00+00:00, run_after=2024-12-03T00:00:00+00:00
[2024-12-03T16:39:47.857+0000] {processor.py:176} INFO - Processing /home/airflow/.local/lib/python3.7/site-packages/airflow/example_dags/example_branch_day_of_week_operator.py took 0.239 seconds
[2024-12-03T16:40:18.033+0000] {processor.py:154} INFO - Started process (PID=5598) to work on /home/airflow/.local/lib/python3.7/site-packages/airflow/example_dags/example_branch_day_of_week_operator.py
[2024-12-03T16:40:18.035+0000] {processor.py:756} INFO - Processing file /home/airflow/.local/lib/python3.7/site-packages/airflow/example_dags/example_branch_day_of_week_operator.py for tasks to queue
[2024-12-03T16:40:18.036+0000] {logging_mixin.py:120} INFO - [2024-12-03T16:40:18.036+0000] {dagbag.py:537} INFO - Filling up the DagBag from /home/airflow/.local/lib/python3.7/site-packages/airflow/example_dags/example_branch_day_of_week_operator.py
[2024-12-03T16:40:18.055+0000] {processor.py:766} INFO - DAG(s) dict_keys(['example_weekday_branch_operator']) retrieved from /home/airflow/.local/lib/python3.7/site-packages/airflow/example_dags/example_branch_day_of_week_operator.py
[2024-12-03T16:40:18.117+0000] {logging_mixin.py:120} INFO - [2024-12-03T16:40:18.115+0000] {dag.py:2585} INFO - Sync 1 DAGs
[2024-12-03T16:40:18.157+0000] {logging_mixin.py:120} INFO - [2024-12-03T16:40:18.156+0000] {dag.py:3340} INFO - Setting next_dagrun for example_weekday_branch_operator to 2024-12-02T00:00:00+00:00, run_after=2024-12-03T00:00:00+00:00
[2024-12-03T16:40:18.194+0000] {processor.py:176} INFO - Processing /home/airflow/.local/lib/python3.7/site-packages/airflow/example_dags/example_branch_day_of_week_operator.py took 0.165 seconds
[2024-12-03T16:40:48.347+0000] {processor.py:154} INFO - Started process (PID=5669) to work on /home/airflow/.local/lib/python3.7/site-packages/airflow/example_dags/example_branch_day_of_week_operator.py
[2024-12-03T16:40:48.352+0000] {processor.py:756} INFO - Processing file /home/airflow/.local/lib/python3.7/site-packages/airflow/example_dags/example_branch_day_of_week_operator.py for tasks to queue
[2024-12-03T16:40:48.356+0000] {logging_mixin.py:120} INFO - [2024-12-03T16:40:48.355+0000] {dagbag.py:537} INFO - Filling up the DagBag from /home/airflow/.local/lib/python3.7/site-packages/airflow/example_dags/example_branch_day_of_week_operator.py
[2024-12-03T16:40:48.418+0000] {processor.py:766} INFO - DAG(s) dict_keys(['example_weekday_branch_operator']) retrieved from /home/airflow/.local/lib/python3.7/site-packages/airflow/example_dags/example_branch_day_of_week_operator.py
[2024-12-03T16:40:48.616+0000] {logging_mixin.py:120} INFO - [2024-12-03T16:40:48.615+0000] {dag.py:2585} INFO - Sync 1 DAGs
[2024-12-03T16:40:48.714+0000] {logging_mixin.py:120} INFO - [2024-12-03T16:40:48.714+0000] {dag.py:3340} INFO - Setting next_dagrun for example_weekday_branch_operator to 2024-12-02T00:00:00+00:00, run_after=2024-12-03T00:00:00+00:00
[2024-12-03T16:40:48.806+0000] {processor.py:176} INFO - Processing /home/airflow/.local/lib/python3.7/site-packages/airflow/example_dags/example_branch_day_of_week_operator.py took 0.471 seconds
[2024-12-03T16:41:19.080+0000] {processor.py:154} INFO - Started process (PID=5734) to work on /home/airflow/.local/lib/python3.7/site-packages/airflow/example_dags/example_branch_day_of_week_operator.py
[2024-12-03T16:41:19.081+0000] {processor.py:756} INFO - Processing file /home/airflow/.local/lib/python3.7/site-packages/airflow/example_dags/example_branch_day_of_week_operator.py for tasks to queue
[2024-12-03T16:41:19.085+0000] {logging_mixin.py:120} INFO - [2024-12-03T16:41:19.084+0000] {dagbag.py:537} INFO - Filling up the DagBag from /home/airflow/.local/lib/python3.7/site-packages/airflow/example_dags/example_branch_day_of_week_operator.py
[2024-12-03T16:41:19.123+0000] {processor.py:766} INFO - DAG(s) dict_keys(['example_weekday_branch_operator']) retrieved from /home/airflow/.local/lib/python3.7/site-packages/airflow/example_dags/example_branch_day_of_week_operator.py
[2024-12-03T16:41:19.199+0000] {logging_mixin.py:120} INFO - [2024-12-03T16:41:19.198+0000] {dag.py:2585} INFO - Sync 1 DAGs
[2024-12-03T16:41:19.243+0000] {logging_mixin.py:120} INFO - [2024-12-03T16:41:19.243+0000] {dag.py:3340} INFO - Setting next_dagrun for example_weekday_branch_operator to 2024-12-02T00:00:00+00:00, run_after=2024-12-03T00:00:00+00:00
[2024-12-03T16:41:19.281+0000] {processor.py:176} INFO - Processing /home/airflow/.local/lib/python3.7/site-packages/airflow/example_dags/example_branch_day_of_week_operator.py took 0.205 seconds
[2024-12-03T16:41:50.095+0000] {processor.py:154} INFO - Started process (PID=5788) to work on /home/airflow/.local/lib/python3.7/site-packages/airflow/example_dags/example_branch_day_of_week_operator.py
[2024-12-03T16:41:50.096+0000] {processor.py:756} INFO - Processing file /home/airflow/.local/lib/python3.7/site-packages/airflow/example_dags/example_branch_day_of_week_operator.py for tasks to queue
[2024-12-03T16:41:50.097+0000] {logging_mixin.py:120} INFO - [2024-12-03T16:41:50.097+0000] {dagbag.py:537} INFO - Filling up the DagBag from /home/airflow/.local/lib/python3.7/site-packages/airflow/example_dags/example_branch_day_of_week_operator.py
[2024-12-03T16:41:50.118+0000] {processor.py:766} INFO - DAG(s) dict_keys(['example_weekday_branch_operator']) retrieved from /home/airflow/.local/lib/python3.7/site-packages/airflow/example_dags/example_branch_day_of_week_operator.py
[2024-12-03T16:41:50.172+0000] {logging_mixin.py:120} INFO - [2024-12-03T16:41:50.172+0000] {dag.py:2585} INFO - Sync 1 DAGs
[2024-12-03T16:41:50.205+0000] {logging_mixin.py:120} INFO - [2024-12-03T16:41:50.205+0000] {dag.py:3340} INFO - Setting next_dagrun for example_weekday_branch_operator to 2024-12-02T00:00:00+00:00, run_after=2024-12-03T00:00:00+00:00
[2024-12-03T16:41:50.239+0000] {processor.py:176} INFO - Processing /home/airflow/.local/lib/python3.7/site-packages/airflow/example_dags/example_branch_day_of_week_operator.py took 0.147 seconds
[2024-12-03T16:42:20.512+0000] {processor.py:154} INFO - Started process (PID=5852) to work on /home/airflow/.local/lib/python3.7/site-packages/airflow/example_dags/example_branch_day_of_week_operator.py
[2024-12-03T16:42:20.513+0000] {processor.py:756} INFO - Processing file /home/airflow/.local/lib/python3.7/site-packages/airflow/example_dags/example_branch_day_of_week_operator.py for tasks to queue
[2024-12-03T16:42:20.515+0000] {logging_mixin.py:120} INFO - [2024-12-03T16:42:20.515+0000] {dagbag.py:537} INFO - Filling up the DagBag from /home/airflow/.local/lib/python3.7/site-packages/airflow/example_dags/example_branch_day_of_week_operator.py
[2024-12-03T16:42:20.546+0000] {processor.py:766} INFO - DAG(s) dict_keys(['example_weekday_branch_operator']) retrieved from /home/airflow/.local/lib/python3.7/site-packages/airflow/example_dags/example_branch_day_of_week_operator.py
[2024-12-03T16:42:20.612+0000] {logging_mixin.py:120} INFO - [2024-12-03T16:42:20.611+0000] {dag.py:2585} INFO - Sync 1 DAGs
[2024-12-03T16:42:20.654+0000] {logging_mixin.py:120} INFO - [2024-12-03T16:42:20.654+0000] {dag.py:3340} INFO - Setting next_dagrun for example_weekday_branch_operator to 2024-12-02T00:00:00+00:00, run_after=2024-12-03T00:00:00+00:00
[2024-12-03T16:42:20.699+0000] {processor.py:176} INFO - Processing /home/airflow/.local/lib/python3.7/site-packages/airflow/example_dags/example_branch_day_of_week_operator.py took 0.190 seconds
[2024-12-03T16:42:51.079+0000] {processor.py:154} INFO - Started process (PID=5916) to work on /home/airflow/.local/lib/python3.7/site-packages/airflow/example_dags/example_branch_day_of_week_operator.py
[2024-12-03T16:42:51.082+0000] {processor.py:756} INFO - Processing file /home/airflow/.local/lib/python3.7/site-packages/airflow/example_dags/example_branch_day_of_week_operator.py for tasks to queue
[2024-12-03T16:42:51.090+0000] {logging_mixin.py:120} INFO - [2024-12-03T16:42:51.089+0000] {dagbag.py:537} INFO - Filling up the DagBag from /home/airflow/.local/lib/python3.7/site-packages/airflow/example_dags/example_branch_day_of_week_operator.py
[2024-12-03T16:42:51.134+0000] {processor.py:766} INFO - DAG(s) dict_keys(['example_weekday_branch_operator']) retrieved from /home/airflow/.local/lib/python3.7/site-packages/airflow/example_dags/example_branch_day_of_week_operator.py
[2024-12-03T16:42:51.256+0000] {logging_mixin.py:120} INFO - [2024-12-03T16:42:51.255+0000] {dag.py:2585} INFO - Sync 1 DAGs
[2024-12-03T16:42:51.334+0000] {logging_mixin.py:120} INFO - [2024-12-03T16:42:51.333+0000] {dag.py:3340} INFO - Setting next_dagrun for example_weekday_branch_operator to 2024-12-02T00:00:00+00:00, run_after=2024-12-03T00:00:00+00:00
[2024-12-03T16:42:51.388+0000] {processor.py:176} INFO - Processing /home/airflow/.local/lib/python3.7/site-packages/airflow/example_dags/example_branch_day_of_week_operator.py took 0.315 seconds
[2024-12-03T16:43:22.185+0000] {processor.py:154} INFO - Started process (PID=5971) to work on /home/airflow/.local/lib/python3.7/site-packages/airflow/example_dags/example_branch_day_of_week_operator.py
[2024-12-03T16:43:22.187+0000] {processor.py:756} INFO - Processing file /home/airflow/.local/lib/python3.7/site-packages/airflow/example_dags/example_branch_day_of_week_operator.py for tasks to queue
[2024-12-03T16:43:22.189+0000] {logging_mixin.py:120} INFO - [2024-12-03T16:43:22.189+0000] {dagbag.py:537} INFO - Filling up the DagBag from /home/airflow/.local/lib/python3.7/site-packages/airflow/example_dags/example_branch_day_of_week_operator.py
[2024-12-03T16:43:22.223+0000] {processor.py:766} INFO - DAG(s) dict_keys(['example_weekday_branch_operator']) retrieved from /home/airflow/.local/lib/python3.7/site-packages/airflow/example_dags/example_branch_day_of_week_operator.py
[2024-12-03T16:43:22.330+0000] {logging_mixin.py:120} INFO - [2024-12-03T16:43:22.330+0000] {dag.py:2585} INFO - Sync 1 DAGs
[2024-12-03T16:43:22.390+0000] {logging_mixin.py:120} INFO - [2024-12-03T16:43:22.389+0000] {dag.py:3340} INFO - Setting next_dagrun for example_weekday_branch_operator to 2024-12-02T00:00:00+00:00, run_after=2024-12-03T00:00:00+00:00
[2024-12-03T16:43:22.440+0000] {processor.py:176} INFO - Processing /home/airflow/.local/lib/python3.7/site-packages/airflow/example_dags/example_branch_day_of_week_operator.py took 0.263 seconds
[2024-12-03T16:43:52.529+0000] {processor.py:154} INFO - Started process (PID=6026) to work on /home/airflow/.local/lib/python3.7/site-packages/airflow/example_dags/example_branch_day_of_week_operator.py
[2024-12-03T16:43:52.531+0000] {processor.py:756} INFO - Processing file /home/airflow/.local/lib/python3.7/site-packages/airflow/example_dags/example_branch_day_of_week_operator.py for tasks to queue
[2024-12-03T16:43:52.532+0000] {logging_mixin.py:120} INFO - [2024-12-03T16:43:52.532+0000] {dagbag.py:537} INFO - Filling up the DagBag from /home/airflow/.local/lib/python3.7/site-packages/airflow/example_dags/example_branch_day_of_week_operator.py
[2024-12-03T16:43:52.552+0000] {processor.py:766} INFO - DAG(s) dict_keys(['example_weekday_branch_operator']) retrieved from /home/airflow/.local/lib/python3.7/site-packages/airflow/example_dags/example_branch_day_of_week_operator.py
[2024-12-03T16:43:52.608+0000] {logging_mixin.py:120} INFO - [2024-12-03T16:43:52.608+0000] {dag.py:2585} INFO - Sync 1 DAGs
[2024-12-03T16:43:52.642+0000] {logging_mixin.py:120} INFO - [2024-12-03T16:43:52.642+0000] {dag.py:3340} INFO - Setting next_dagrun for example_weekday_branch_operator to 2024-12-02T00:00:00+00:00, run_after=2024-12-03T00:00:00+00:00
[2024-12-03T16:43:52.675+0000] {processor.py:176} INFO - Processing /home/airflow/.local/lib/python3.7/site-packages/airflow/example_dags/example_branch_day_of_week_operator.py took 0.149 seconds
[2024-12-03T16:44:22.783+0000] {processor.py:154} INFO - Started process (PID=6090) to work on /home/airflow/.local/lib/python3.7/site-packages/airflow/example_dags/example_branch_day_of_week_operator.py
[2024-12-03T16:44:22.784+0000] {processor.py:756} INFO - Processing file /home/airflow/.local/lib/python3.7/site-packages/airflow/example_dags/example_branch_day_of_week_operator.py for tasks to queue
[2024-12-03T16:44:22.786+0000] {logging_mixin.py:120} INFO - [2024-12-03T16:44:22.785+0000] {dagbag.py:537} INFO - Filling up the DagBag from /home/airflow/.local/lib/python3.7/site-packages/airflow/example_dags/example_branch_day_of_week_operator.py
[2024-12-03T16:44:22.819+0000] {processor.py:766} INFO - DAG(s) dict_keys(['example_weekday_branch_operator']) retrieved from /home/airflow/.local/lib/python3.7/site-packages/airflow/example_dags/example_branch_day_of_week_operator.py
[2024-12-03T16:44:22.920+0000] {logging_mixin.py:120} INFO - [2024-12-03T16:44:22.919+0000] {dag.py:2585} INFO - Sync 1 DAGs
[2024-12-03T16:44:22.984+0000] {logging_mixin.py:120} INFO - [2024-12-03T16:44:22.984+0000] {dag.py:3340} INFO - Setting next_dagrun for example_weekday_branch_operator to 2024-12-02T00:00:00+00:00, run_after=2024-12-03T00:00:00+00:00
[2024-12-03T16:44:23.035+0000] {processor.py:176} INFO - Processing /home/airflow/.local/lib/python3.7/site-packages/airflow/example_dags/example_branch_day_of_week_operator.py took 0.257 seconds
[2024-12-03T16:44:53.404+0000] {processor.py:154} INFO - Started process (PID=6149) to work on /home/airflow/.local/lib/python3.7/site-packages/airflow/example_dags/example_branch_day_of_week_operator.py
[2024-12-03T16:44:53.407+0000] {processor.py:756} INFO - Processing file /home/airflow/.local/lib/python3.7/site-packages/airflow/example_dags/example_branch_day_of_week_operator.py for tasks to queue
[2024-12-03T16:44:53.409+0000] {logging_mixin.py:120} INFO - [2024-12-03T16:44:53.409+0000] {dagbag.py:537} INFO - Filling up the DagBag from /home/airflow/.local/lib/python3.7/site-packages/airflow/example_dags/example_branch_day_of_week_operator.py
[2024-12-03T16:44:53.444+0000] {processor.py:766} INFO - DAG(s) dict_keys(['example_weekday_branch_operator']) retrieved from /home/airflow/.local/lib/python3.7/site-packages/airflow/example_dags/example_branch_day_of_week_operator.py
[2024-12-03T16:44:53.538+0000] {logging_mixin.py:120} INFO - [2024-12-03T16:44:53.538+0000] {dag.py:2585} INFO - Sync 1 DAGs
[2024-12-03T16:44:53.618+0000] {logging_mixin.py:120} INFO - [2024-12-03T16:44:53.617+0000] {dag.py:3340} INFO - Setting next_dagrun for example_weekday_branch_operator to 2024-12-02T00:00:00+00:00, run_after=2024-12-03T00:00:00+00:00
[2024-12-03T16:44:53.700+0000] {processor.py:176} INFO - Processing /home/airflow/.local/lib/python3.7/site-packages/airflow/example_dags/example_branch_day_of_week_operator.py took 0.301 seconds
[2024-12-03T16:45:24.346+0000] {processor.py:154} INFO - Started process (PID=6218) to work on /home/airflow/.local/lib/python3.7/site-packages/airflow/example_dags/example_branch_day_of_week_operator.py
[2024-12-03T16:45:24.348+0000] {processor.py:756} INFO - Processing file /home/airflow/.local/lib/python3.7/site-packages/airflow/example_dags/example_branch_day_of_week_operator.py for tasks to queue
[2024-12-03T16:45:24.349+0000] {logging_mixin.py:120} INFO - [2024-12-03T16:45:24.349+0000] {dagbag.py:537} INFO - Filling up the DagBag from /home/airflow/.local/lib/python3.7/site-packages/airflow/example_dags/example_branch_day_of_week_operator.py
[2024-12-03T16:45:24.373+0000] {processor.py:766} INFO - DAG(s) dict_keys(['example_weekday_branch_operator']) retrieved from /home/airflow/.local/lib/python3.7/site-packages/airflow/example_dags/example_branch_day_of_week_operator.py
[2024-12-03T16:45:24.431+0000] {logging_mixin.py:120} INFO - [2024-12-03T16:45:24.431+0000] {dag.py:2585} INFO - Sync 1 DAGs
[2024-12-03T16:45:24.469+0000] {logging_mixin.py:120} INFO - [2024-12-03T16:45:24.469+0000] {dag.py:3340} INFO - Setting next_dagrun for example_weekday_branch_operator to 2024-12-02T00:00:00+00:00, run_after=2024-12-03T00:00:00+00:00
[2024-12-03T16:45:24.501+0000] {processor.py:176} INFO - Processing /home/airflow/.local/lib/python3.7/site-packages/airflow/example_dags/example_branch_day_of_week_operator.py took 0.165 seconds
[2024-12-03T16:45:54.995+0000] {processor.py:154} INFO - Started process (PID=6282) to work on /home/airflow/.local/lib/python3.7/site-packages/airflow/example_dags/example_branch_day_of_week_operator.py
[2024-12-03T16:45:54.996+0000] {processor.py:756} INFO - Processing file /home/airflow/.local/lib/python3.7/site-packages/airflow/example_dags/example_branch_day_of_week_operator.py for tasks to queue
[2024-12-03T16:45:54.998+0000] {logging_mixin.py:120} INFO - [2024-12-03T16:45:54.998+0000] {dagbag.py:537} INFO - Filling up the DagBag from /home/airflow/.local/lib/python3.7/site-packages/airflow/example_dags/example_branch_day_of_week_operator.py
[2024-12-03T16:45:55.021+0000] {processor.py:766} INFO - DAG(s) dict_keys(['example_weekday_branch_operator']) retrieved from /home/airflow/.local/lib/python3.7/site-packages/airflow/example_dags/example_branch_day_of_week_operator.py
[2024-12-03T16:45:55.072+0000] {logging_mixin.py:120} INFO - [2024-12-03T16:45:55.072+0000] {dag.py:2585} INFO - Sync 1 DAGs
[2024-12-03T16:45:55.108+0000] {logging_mixin.py:120} INFO - [2024-12-03T16:45:55.108+0000] {dag.py:3340} INFO - Setting next_dagrun for example_weekday_branch_operator to 2024-12-02T00:00:00+00:00, run_after=2024-12-03T00:00:00+00:00
[2024-12-03T16:45:55.143+0000] {processor.py:176} INFO - Processing /home/airflow/.local/lib/python3.7/site-packages/airflow/example_dags/example_branch_day_of_week_operator.py took 0.151 seconds
[2024-12-03T16:46:25.645+0000] {processor.py:154} INFO - Started process (PID=6346) to work on /home/airflow/.local/lib/python3.7/site-packages/airflow/example_dags/example_branch_day_of_week_operator.py
[2024-12-03T16:46:25.648+0000] {processor.py:756} INFO - Processing file /home/airflow/.local/lib/python3.7/site-packages/airflow/example_dags/example_branch_day_of_week_operator.py for tasks to queue
[2024-12-03T16:46:25.651+0000] {logging_mixin.py:120} INFO - [2024-12-03T16:46:25.650+0000] {dagbag.py:537} INFO - Filling up the DagBag from /home/airflow/.local/lib/python3.7/site-packages/airflow/example_dags/example_branch_day_of_week_operator.py
[2024-12-03T16:46:25.692+0000] {processor.py:766} INFO - DAG(s) dict_keys(['example_weekday_branch_operator']) retrieved from /home/airflow/.local/lib/python3.7/site-packages/airflow/example_dags/example_branch_day_of_week_operator.py
[2024-12-03T16:46:25.766+0000] {logging_mixin.py:120} INFO - [2024-12-03T16:46:25.766+0000] {dag.py:2585} INFO - Sync 1 DAGs
[2024-12-03T16:46:25.818+0000] {logging_mixin.py:120} INFO - [2024-12-03T16:46:25.817+0000] {dag.py:3340} INFO - Setting next_dagrun for example_weekday_branch_operator to 2024-12-02T00:00:00+00:00, run_after=2024-12-03T00:00:00+00:00
[2024-12-03T16:46:25.869+0000] {processor.py:176} INFO - Processing /home/airflow/.local/lib/python3.7/site-packages/airflow/example_dags/example_branch_day_of_week_operator.py took 0.231 seconds
[2024-12-03T16:46:56.273+0000] {processor.py:154} INFO - Started process (PID=6418) to work on /home/airflow/.local/lib/python3.7/site-packages/airflow/example_dags/example_branch_day_of_week_operator.py
[2024-12-03T16:46:56.275+0000] {processor.py:756} INFO - Processing file /home/airflow/.local/lib/python3.7/site-packages/airflow/example_dags/example_branch_day_of_week_operator.py for tasks to queue
[2024-12-03T16:46:56.279+0000] {logging_mixin.py:120} INFO - [2024-12-03T16:46:56.279+0000] {dagbag.py:537} INFO - Filling up the DagBag from /home/airflow/.local/lib/python3.7/site-packages/airflow/example_dags/example_branch_day_of_week_operator.py
[2024-12-03T16:46:56.317+0000] {processor.py:766} INFO - DAG(s) dict_keys(['example_weekday_branch_operator']) retrieved from /home/airflow/.local/lib/python3.7/site-packages/airflow/example_dags/example_branch_day_of_week_operator.py
[2024-12-03T16:46:56.422+0000] {logging_mixin.py:120} INFO - [2024-12-03T16:46:56.421+0000] {dag.py:2585} INFO - Sync 1 DAGs
[2024-12-03T16:46:56.508+0000] {logging_mixin.py:120} INFO - [2024-12-03T16:46:56.508+0000] {dag.py:3340} INFO - Setting next_dagrun for example_weekday_branch_operator to 2024-12-02T00:00:00+00:00, run_after=2024-12-03T00:00:00+00:00
[2024-12-03T16:46:56.583+0000] {processor.py:176} INFO - Processing /home/airflow/.local/lib/python3.7/site-packages/airflow/example_dags/example_branch_day_of_week_operator.py took 0.317 seconds
[2024-12-03T16:47:27.360+0000] {processor.py:154} INFO - Started process (PID=6473) to work on /home/airflow/.local/lib/python3.7/site-packages/airflow/example_dags/example_branch_day_of_week_operator.py
[2024-12-03T16:47:27.361+0000] {processor.py:756} INFO - Processing file /home/airflow/.local/lib/python3.7/site-packages/airflow/example_dags/example_branch_day_of_week_operator.py for tasks to queue
[2024-12-03T16:47:27.363+0000] {logging_mixin.py:120} INFO - [2024-12-03T16:47:27.362+0000] {dagbag.py:537} INFO - Filling up the DagBag from /home/airflow/.local/lib/python3.7/site-packages/airflow/example_dags/example_branch_day_of_week_operator.py
[2024-12-03T16:47:27.387+0000] {processor.py:766} INFO - DAG(s) dict_keys(['example_weekday_branch_operator']) retrieved from /home/airflow/.local/lib/python3.7/site-packages/airflow/example_dags/example_branch_day_of_week_operator.py
[2024-12-03T16:47:27.444+0000] {logging_mixin.py:120} INFO - [2024-12-03T16:47:27.444+0000] {dag.py:2585} INFO - Sync 1 DAGs
[2024-12-03T16:47:27.490+0000] {logging_mixin.py:120} INFO - [2024-12-03T16:47:27.490+0000] {dag.py:3340} INFO - Setting next_dagrun for example_weekday_branch_operator to 2024-12-02T00:00:00+00:00, run_after=2024-12-03T00:00:00+00:00
[2024-12-03T16:47:27.531+0000] {processor.py:176} INFO - Processing /home/airflow/.local/lib/python3.7/site-packages/airflow/example_dags/example_branch_day_of_week_operator.py took 0.174 seconds
[2024-12-03T16:47:57.681+0000] {processor.py:154} INFO - Started process (PID=6538) to work on /home/airflow/.local/lib/python3.7/site-packages/airflow/example_dags/example_branch_day_of_week_operator.py
[2024-12-03T16:47:57.682+0000] {processor.py:756} INFO - Processing file /home/airflow/.local/lib/python3.7/site-packages/airflow/example_dags/example_branch_day_of_week_operator.py for tasks to queue
[2024-12-03T16:47:57.684+0000] {logging_mixin.py:120} INFO - [2024-12-03T16:47:57.684+0000] {dagbag.py:537} INFO - Filling up the DagBag from /home/airflow/.local/lib/python3.7/site-packages/airflow/example_dags/example_branch_day_of_week_operator.py
[2024-12-03T16:47:57.709+0000] {processor.py:766} INFO - DAG(s) dict_keys(['example_weekday_branch_operator']) retrieved from /home/airflow/.local/lib/python3.7/site-packages/airflow/example_dags/example_branch_day_of_week_operator.py
[2024-12-03T16:47:57.783+0000] {logging_mixin.py:120} INFO - [2024-12-03T16:47:57.783+0000] {dag.py:2585} INFO - Sync 1 DAGs
[2024-12-03T16:47:57.823+0000] {logging_mixin.py:120} INFO - [2024-12-03T16:47:57.823+0000] {dag.py:3340} INFO - Setting next_dagrun for example_weekday_branch_operator to 2024-12-02T00:00:00+00:00, run_after=2024-12-03T00:00:00+00:00
[2024-12-03T16:47:57.864+0000] {processor.py:176} INFO - Processing /home/airflow/.local/lib/python3.7/site-packages/airflow/example_dags/example_branch_day_of_week_operator.py took 0.187 seconds
[2024-12-03T16:48:28.037+0000] {processor.py:154} INFO - Started process (PID=6593) to work on /home/airflow/.local/lib/python3.7/site-packages/airflow/example_dags/example_branch_day_of_week_operator.py
[2024-12-03T16:48:28.038+0000] {processor.py:756} INFO - Processing file /home/airflow/.local/lib/python3.7/site-packages/airflow/example_dags/example_branch_day_of_week_operator.py for tasks to queue
[2024-12-03T16:48:28.040+0000] {logging_mixin.py:120} INFO - [2024-12-03T16:48:28.040+0000] {dagbag.py:537} INFO - Filling up the DagBag from /home/airflow/.local/lib/python3.7/site-packages/airflow/example_dags/example_branch_day_of_week_operator.py
[2024-12-03T16:48:28.064+0000] {processor.py:766} INFO - DAG(s) dict_keys(['example_weekday_branch_operator']) retrieved from /home/airflow/.local/lib/python3.7/site-packages/airflow/example_dags/example_branch_day_of_week_operator.py
[2024-12-03T16:48:28.119+0000] {logging_mixin.py:120} INFO - [2024-12-03T16:48:28.118+0000] {dag.py:2585} INFO - Sync 1 DAGs
[2024-12-03T16:48:28.157+0000] {logging_mixin.py:120} INFO - [2024-12-03T16:48:28.157+0000] {dag.py:3340} INFO - Setting next_dagrun for example_weekday_branch_operator to 2024-12-02T00:00:00+00:00, run_after=2024-12-03T00:00:00+00:00
[2024-12-03T16:48:28.191+0000] {processor.py:176} INFO - Processing /home/airflow/.local/lib/python3.7/site-packages/airflow/example_dags/example_branch_day_of_week_operator.py took 0.157 seconds
[2024-12-03T16:48:58.633+0000] {processor.py:154} INFO - Started process (PID=6658) to work on /home/airflow/.local/lib/python3.7/site-packages/airflow/example_dags/example_branch_day_of_week_operator.py
[2024-12-03T16:48:58.634+0000] {processor.py:756} INFO - Processing file /home/airflow/.local/lib/python3.7/site-packages/airflow/example_dags/example_branch_day_of_week_operator.py for tasks to queue
[2024-12-03T16:48:58.636+0000] {logging_mixin.py:120} INFO - [2024-12-03T16:48:58.635+0000] {dagbag.py:537} INFO - Filling up the DagBag from /home/airflow/.local/lib/python3.7/site-packages/airflow/example_dags/example_branch_day_of_week_operator.py
[2024-12-03T16:48:58.658+0000] {processor.py:766} INFO - DAG(s) dict_keys(['example_weekday_branch_operator']) retrieved from /home/airflow/.local/lib/python3.7/site-packages/airflow/example_dags/example_branch_day_of_week_operator.py
[2024-12-03T16:48:58.715+0000] {logging_mixin.py:120} INFO - [2024-12-03T16:48:58.715+0000] {dag.py:2585} INFO - Sync 1 DAGs
[2024-12-03T16:48:58.753+0000] {logging_mixin.py:120} INFO - [2024-12-03T16:48:58.753+0000] {dag.py:3340} INFO - Setting next_dagrun for example_weekday_branch_operator to 2024-12-02T00:00:00+00:00, run_after=2024-12-03T00:00:00+00:00
[2024-12-03T16:48:58.788+0000] {processor.py:176} INFO - Processing /home/airflow/.local/lib/python3.7/site-packages/airflow/example_dags/example_branch_day_of_week_operator.py took 0.158 seconds
[2024-12-03T16:49:29.367+0000] {processor.py:154} INFO - Started process (PID=6713) to work on /home/airflow/.local/lib/python3.7/site-packages/airflow/example_dags/example_branch_day_of_week_operator.py
[2024-12-03T16:49:29.369+0000] {processor.py:756} INFO - Processing file /home/airflow/.local/lib/python3.7/site-packages/airflow/example_dags/example_branch_day_of_week_operator.py for tasks to queue
[2024-12-03T16:49:29.370+0000] {logging_mixin.py:120} INFO - [2024-12-03T16:49:29.370+0000] {dagbag.py:537} INFO - Filling up the DagBag from /home/airflow/.local/lib/python3.7/site-packages/airflow/example_dags/example_branch_day_of_week_operator.py
[2024-12-03T16:49:29.391+0000] {processor.py:766} INFO - DAG(s) dict_keys(['example_weekday_branch_operator']) retrieved from /home/airflow/.local/lib/python3.7/site-packages/airflow/example_dags/example_branch_day_of_week_operator.py
[2024-12-03T16:49:29.456+0000] {logging_mixin.py:120} INFO - [2024-12-03T16:49:29.455+0000] {dag.py:2585} INFO - Sync 1 DAGs
[2024-12-03T16:49:29.495+0000] {logging_mixin.py:120} INFO - [2024-12-03T16:49:29.494+0000] {dag.py:3340} INFO - Setting next_dagrun for example_weekday_branch_operator to 2024-12-02T00:00:00+00:00, run_after=2024-12-03T00:00:00+00:00
[2024-12-03T16:49:29.534+0000] {processor.py:176} INFO - Processing /home/airflow/.local/lib/python3.7/site-packages/airflow/example_dags/example_branch_day_of_week_operator.py took 0.171 seconds
[2024-12-03T16:50:00.315+0000] {processor.py:154} INFO - Started process (PID=6778) to work on /home/airflow/.local/lib/python3.7/site-packages/airflow/example_dags/example_branch_day_of_week_operator.py
[2024-12-03T16:50:00.318+0000] {processor.py:756} INFO - Processing file /home/airflow/.local/lib/python3.7/site-packages/airflow/example_dags/example_branch_day_of_week_operator.py for tasks to queue
[2024-12-03T16:50:00.321+0000] {logging_mixin.py:120} INFO - [2024-12-03T16:50:00.321+0000] {dagbag.py:537} INFO - Filling up the DagBag from /home/airflow/.local/lib/python3.7/site-packages/airflow/example_dags/example_branch_day_of_week_operator.py
[2024-12-03T16:50:00.368+0000] {processor.py:766} INFO - DAG(s) dict_keys(['example_weekday_branch_operator']) retrieved from /home/airflow/.local/lib/python3.7/site-packages/airflow/example_dags/example_branch_day_of_week_operator.py
[2024-12-03T16:50:00.465+0000] {logging_mixin.py:120} INFO - [2024-12-03T16:50:00.465+0000] {dag.py:2585} INFO - Sync 1 DAGs
[2024-12-03T16:50:00.528+0000] {logging_mixin.py:120} INFO - [2024-12-03T16:50:00.528+0000] {dag.py:3340} INFO - Setting next_dagrun for example_weekday_branch_operator to 2024-12-02T00:00:00+00:00, run_after=2024-12-03T00:00:00+00:00
[2024-12-03T16:50:00.608+0000] {processor.py:176} INFO - Processing /home/airflow/.local/lib/python3.7/site-packages/airflow/example_dags/example_branch_day_of_week_operator.py took 0.300 seconds
[2024-12-03T16:50:30.795+0000] {processor.py:154} INFO - Started process (PID=6841) to work on /home/airflow/.local/lib/python3.7/site-packages/airflow/example_dags/example_branch_day_of_week_operator.py
[2024-12-03T16:50:30.798+0000] {processor.py:756} INFO - Processing file /home/airflow/.local/lib/python3.7/site-packages/airflow/example_dags/example_branch_day_of_week_operator.py for tasks to queue
[2024-12-03T16:50:30.799+0000] {logging_mixin.py:120} INFO - [2024-12-03T16:50:30.799+0000] {dagbag.py:537} INFO - Filling up the DagBag from /home/airflow/.local/lib/python3.7/site-packages/airflow/example_dags/example_branch_day_of_week_operator.py
[2024-12-03T16:50:30.816+0000] {processor.py:766} INFO - DAG(s) dict_keys(['example_weekday_branch_operator']) retrieved from /home/airflow/.local/lib/python3.7/site-packages/airflow/example_dags/example_branch_day_of_week_operator.py
[2024-12-03T16:50:30.875+0000] {logging_mixin.py:120} INFO - [2024-12-03T16:50:30.875+0000] {dag.py:2585} INFO - Sync 1 DAGs
[2024-12-03T16:50:30.927+0000] {logging_mixin.py:120} INFO - [2024-12-03T16:50:30.926+0000] {dag.py:3340} INFO - Setting next_dagrun for example_weekday_branch_operator to 2024-12-02T00:00:00+00:00, run_after=2024-12-03T00:00:00+00:00
[2024-12-03T16:50:30.959+0000] {processor.py:176} INFO - Processing /home/airflow/.local/lib/python3.7/site-packages/airflow/example_dags/example_branch_day_of_week_operator.py took 0.167 seconds
[2024-12-03T16:51:01.275+0000] {processor.py:154} INFO - Started process (PID=6906) to work on /home/airflow/.local/lib/python3.7/site-packages/airflow/example_dags/example_branch_day_of_week_operator.py
[2024-12-03T16:51:01.280+0000] {processor.py:756} INFO - Processing file /home/airflow/.local/lib/python3.7/site-packages/airflow/example_dags/example_branch_day_of_week_operator.py for tasks to queue
[2024-12-03T16:51:01.285+0000] {logging_mixin.py:120} INFO - [2024-12-03T16:51:01.285+0000] {dagbag.py:537} INFO - Filling up the DagBag from /home/airflow/.local/lib/python3.7/site-packages/airflow/example_dags/example_branch_day_of_week_operator.py
[2024-12-03T16:51:01.347+0000] {processor.py:766} INFO - DAG(s) dict_keys(['example_weekday_branch_operator']) retrieved from /home/airflow/.local/lib/python3.7/site-packages/airflow/example_dags/example_branch_day_of_week_operator.py
[2024-12-03T16:51:01.505+0000] {logging_mixin.py:120} INFO - [2024-12-03T16:51:01.504+0000] {dag.py:2585} INFO - Sync 1 DAGs
[2024-12-03T16:51:01.619+0000] {logging_mixin.py:120} INFO - [2024-12-03T16:51:01.619+0000] {dag.py:3340} INFO - Setting next_dagrun for example_weekday_branch_operator to 2024-12-02T00:00:00+00:00, run_after=2024-12-03T00:00:00+00:00
[2024-12-03T16:51:01.748+0000] {processor.py:176} INFO - Processing /home/airflow/.local/lib/python3.7/site-packages/airflow/example_dags/example_branch_day_of_week_operator.py took 0.478 seconds
[2024-12-03T16:51:32.065+0000] {processor.py:154} INFO - Started process (PID=6965) to work on /home/airflow/.local/lib/python3.7/site-packages/airflow/example_dags/example_branch_day_of_week_operator.py
[2024-12-03T16:51:32.067+0000] {processor.py:756} INFO - Processing file /home/airflow/.local/lib/python3.7/site-packages/airflow/example_dags/example_branch_day_of_week_operator.py for tasks to queue
[2024-12-03T16:51:32.069+0000] {logging_mixin.py:120} INFO - [2024-12-03T16:51:32.068+0000] {dagbag.py:537} INFO - Filling up the DagBag from /home/airflow/.local/lib/python3.7/site-packages/airflow/example_dags/example_branch_day_of_week_operator.py
[2024-12-03T16:51:32.106+0000] {processor.py:766} INFO - DAG(s) dict_keys(['example_weekday_branch_operator']) retrieved from /home/airflow/.local/lib/python3.7/site-packages/airflow/example_dags/example_branch_day_of_week_operator.py
[2024-12-03T16:51:32.179+0000] {logging_mixin.py:120} INFO - [2024-12-03T16:51:32.179+0000] {dag.py:2585} INFO - Sync 1 DAGs
[2024-12-03T16:51:32.224+0000] {logging_mixin.py:120} INFO - [2024-12-03T16:51:32.224+0000] {dag.py:3340} INFO - Setting next_dagrun for example_weekday_branch_operator to 2024-12-02T00:00:00+00:00, run_after=2024-12-03T00:00:00+00:00
[2024-12-03T16:51:32.272+0000] {processor.py:176} INFO - Processing /home/airflow/.local/lib/python3.7/site-packages/airflow/example_dags/example_branch_day_of_week_operator.py took 0.211 seconds
[2024-12-03T16:52:02.774+0000] {processor.py:154} INFO - Started process (PID=7028) to work on /home/airflow/.local/lib/python3.7/site-packages/airflow/example_dags/example_branch_day_of_week_operator.py
[2024-12-03T16:52:02.775+0000] {processor.py:756} INFO - Processing file /home/airflow/.local/lib/python3.7/site-packages/airflow/example_dags/example_branch_day_of_week_operator.py for tasks to queue
[2024-12-03T16:52:02.777+0000] {logging_mixin.py:120} INFO - [2024-12-03T16:52:02.776+0000] {dagbag.py:537} INFO - Filling up the DagBag from /home/airflow/.local/lib/python3.7/site-packages/airflow/example_dags/example_branch_day_of_week_operator.py
[2024-12-03T16:52:02.802+0000] {processor.py:766} INFO - DAG(s) dict_keys(['example_weekday_branch_operator']) retrieved from /home/airflow/.local/lib/python3.7/site-packages/airflow/example_dags/example_branch_day_of_week_operator.py
[2024-12-03T16:52:02.863+0000] {logging_mixin.py:120} INFO - [2024-12-03T16:52:02.862+0000] {dag.py:2585} INFO - Sync 1 DAGs
[2024-12-03T16:52:02.908+0000] {logging_mixin.py:120} INFO - [2024-12-03T16:52:02.908+0000] {dag.py:3340} INFO - Setting next_dagrun for example_weekday_branch_operator to 2024-12-02T00:00:00+00:00, run_after=2024-12-03T00:00:00+00:00
[2024-12-03T16:52:02.946+0000] {processor.py:176} INFO - Processing /home/airflow/.local/lib/python3.7/site-packages/airflow/example_dags/example_branch_day_of_week_operator.py took 0.175 seconds
[2024-12-03T16:52:33.206+0000] {processor.py:154} INFO - Started process (PID=7092) to work on /home/airflow/.local/lib/python3.7/site-packages/airflow/example_dags/example_branch_day_of_week_operator.py
[2024-12-03T16:52:33.208+0000] {processor.py:756} INFO - Processing file /home/airflow/.local/lib/python3.7/site-packages/airflow/example_dags/example_branch_day_of_week_operator.py for tasks to queue
[2024-12-03T16:52:33.210+0000] {logging_mixin.py:120} INFO - [2024-12-03T16:52:33.209+0000] {dagbag.py:537} INFO - Filling up the DagBag from /home/airflow/.local/lib/python3.7/site-packages/airflow/example_dags/example_branch_day_of_week_operator.py
[2024-12-03T16:52:33.244+0000] {processor.py:766} INFO - DAG(s) dict_keys(['example_weekday_branch_operator']) retrieved from /home/airflow/.local/lib/python3.7/site-packages/airflow/example_dags/example_branch_day_of_week_operator.py
[2024-12-03T16:52:33.325+0000] {logging_mixin.py:120} INFO - [2024-12-03T16:52:33.325+0000] {dag.py:2585} INFO - Sync 1 DAGs
[2024-12-03T16:52:33.383+0000] {logging_mixin.py:120} INFO - [2024-12-03T16:52:33.382+0000] {dag.py:3340} INFO - Setting next_dagrun for example_weekday_branch_operator to 2024-12-02T00:00:00+00:00, run_after=2024-12-03T00:00:00+00:00
[2024-12-03T16:52:33.435+0000] {processor.py:176} INFO - Processing /home/airflow/.local/lib/python3.7/site-packages/airflow/example_dags/example_branch_day_of_week_operator.py took 0.236 seconds
[2024-12-03T16:53:03.518+0000] {processor.py:154} INFO - Started process (PID=7147) to work on /home/airflow/.local/lib/python3.7/site-packages/airflow/example_dags/example_branch_day_of_week_operator.py
[2024-12-03T16:53:03.520+0000] {processor.py:756} INFO - Processing file /home/airflow/.local/lib/python3.7/site-packages/airflow/example_dags/example_branch_day_of_week_operator.py for tasks to queue
[2024-12-03T16:53:03.521+0000] {logging_mixin.py:120} INFO - [2024-12-03T16:53:03.521+0000] {dagbag.py:537} INFO - Filling up the DagBag from /home/airflow/.local/lib/python3.7/site-packages/airflow/example_dags/example_branch_day_of_week_operator.py
[2024-12-03T16:53:03.549+0000] {processor.py:766} INFO - DAG(s) dict_keys(['example_weekday_branch_operator']) retrieved from /home/airflow/.local/lib/python3.7/site-packages/airflow/example_dags/example_branch_day_of_week_operator.py
[2024-12-03T16:53:03.633+0000] {logging_mixin.py:120} INFO - [2024-12-03T16:53:03.633+0000] {dag.py:2585} INFO - Sync 1 DAGs
[2024-12-03T16:53:03.686+0000] {logging_mixin.py:120} INFO - [2024-12-03T16:53:03.686+0000] {dag.py:3340} INFO - Setting next_dagrun for example_weekday_branch_operator to 2024-12-02T00:00:00+00:00, run_after=2024-12-03T00:00:00+00:00
[2024-12-03T16:53:03.735+0000] {processor.py:176} INFO - Processing /home/airflow/.local/lib/python3.7/site-packages/airflow/example_dags/example_branch_day_of_week_operator.py took 0.219 seconds
[2024-12-03T16:53:33.930+0000] {processor.py:154} INFO - Started process (PID=7210) to work on /home/airflow/.local/lib/python3.7/site-packages/airflow/example_dags/example_branch_day_of_week_operator.py
[2024-12-03T16:53:33.932+0000] {processor.py:756} INFO - Processing file /home/airflow/.local/lib/python3.7/site-packages/airflow/example_dags/example_branch_day_of_week_operator.py for tasks to queue
[2024-12-03T16:53:33.934+0000] {logging_mixin.py:120} INFO - [2024-12-03T16:53:33.934+0000] {dagbag.py:537} INFO - Filling up the DagBag from /home/airflow/.local/lib/python3.7/site-packages/airflow/example_dags/example_branch_day_of_week_operator.py
[2024-12-03T16:53:33.959+0000] {processor.py:766} INFO - DAG(s) dict_keys(['example_weekday_branch_operator']) retrieved from /home/airflow/.local/lib/python3.7/site-packages/airflow/example_dags/example_branch_day_of_week_operator.py
[2024-12-03T16:53:34.029+0000] {logging_mixin.py:120} INFO - [2024-12-03T16:53:34.029+0000] {dag.py:2585} INFO - Sync 1 DAGs
[2024-12-03T16:53:34.074+0000] {logging_mixin.py:120} INFO - [2024-12-03T16:53:34.074+0000] {dag.py:3340} INFO - Setting next_dagrun for example_weekday_branch_operator to 2024-12-02T00:00:00+00:00, run_after=2024-12-03T00:00:00+00:00
[2024-12-03T16:53:34.130+0000] {processor.py:176} INFO - Processing /home/airflow/.local/lib/python3.7/site-packages/airflow/example_dags/example_branch_day_of_week_operator.py took 0.204 seconds
[2024-12-03T16:54:04.540+0000] {processor.py:154} INFO - Started process (PID=7267) to work on /home/airflow/.local/lib/python3.7/site-packages/airflow/example_dags/example_branch_day_of_week_operator.py
[2024-12-03T16:54:04.541+0000] {processor.py:756} INFO - Processing file /home/airflow/.local/lib/python3.7/site-packages/airflow/example_dags/example_branch_day_of_week_operator.py for tasks to queue
[2024-12-03T16:54:04.543+0000] {logging_mixin.py:120} INFO - [2024-12-03T16:54:04.543+0000] {dagbag.py:537} INFO - Filling up the DagBag from /home/airflow/.local/lib/python3.7/site-packages/airflow/example_dags/example_branch_day_of_week_operator.py
[2024-12-03T16:54:04.562+0000] {processor.py:766} INFO - DAG(s) dict_keys(['example_weekday_branch_operator']) retrieved from /home/airflow/.local/lib/python3.7/site-packages/airflow/example_dags/example_branch_day_of_week_operator.py
[2024-12-03T16:54:04.614+0000] {logging_mixin.py:120} INFO - [2024-12-03T16:54:04.614+0000] {dag.py:2585} INFO - Sync 1 DAGs
[2024-12-03T16:54:04.647+0000] {logging_mixin.py:120} INFO - [2024-12-03T16:54:04.646+0000] {dag.py:3340} INFO - Setting next_dagrun for example_weekday_branch_operator to 2024-12-02T00:00:00+00:00, run_after=2024-12-03T00:00:00+00:00
[2024-12-03T16:54:04.677+0000] {processor.py:176} INFO - Processing /home/airflow/.local/lib/python3.7/site-packages/airflow/example_dags/example_branch_day_of_week_operator.py took 0.140 seconds
[2024-12-03T16:54:34.873+0000] {processor.py:154} INFO - Started process (PID=7331) to work on /home/airflow/.local/lib/python3.7/site-packages/airflow/example_dags/example_branch_day_of_week_operator.py
[2024-12-03T16:54:34.876+0000] {processor.py:756} INFO - Processing file /home/airflow/.local/lib/python3.7/site-packages/airflow/example_dags/example_branch_day_of_week_operator.py for tasks to queue
[2024-12-03T16:54:34.878+0000] {logging_mixin.py:120} INFO - [2024-12-03T16:54:34.878+0000] {dagbag.py:537} INFO - Filling up the DagBag from /home/airflow/.local/lib/python3.7/site-packages/airflow/example_dags/example_branch_day_of_week_operator.py
[2024-12-03T16:54:34.915+0000] {processor.py:766} INFO - DAG(s) dict_keys(['example_weekday_branch_operator']) retrieved from /home/airflow/.local/lib/python3.7/site-packages/airflow/example_dags/example_branch_day_of_week_operator.py
[2024-12-03T16:54:35.008+0000] {logging_mixin.py:120} INFO - [2024-12-03T16:54:35.007+0000] {dag.py:2585} INFO - Sync 1 DAGs
[2024-12-03T16:54:35.068+0000] {logging_mixin.py:120} INFO - [2024-12-03T16:54:35.068+0000] {dag.py:3340} INFO - Setting next_dagrun for example_weekday_branch_operator to 2024-12-02T00:00:00+00:00, run_after=2024-12-03T00:00:00+00:00
[2024-12-03T16:54:35.125+0000] {processor.py:176} INFO - Processing /home/airflow/.local/lib/python3.7/site-packages/airflow/example_dags/example_branch_day_of_week_operator.py took 0.255 seconds
[2024-12-03T16:55:05.631+0000] {processor.py:154} INFO - Started process (PID=7387) to work on /home/airflow/.local/lib/python3.7/site-packages/airflow/example_dags/example_branch_day_of_week_operator.py
[2024-12-03T16:55:05.632+0000] {processor.py:756} INFO - Processing file /home/airflow/.local/lib/python3.7/site-packages/airflow/example_dags/example_branch_day_of_week_operator.py for tasks to queue
[2024-12-03T16:55:05.639+0000] {logging_mixin.py:120} INFO - [2024-12-03T16:55:05.639+0000] {dagbag.py:537} INFO - Filling up the DagBag from /home/airflow/.local/lib/python3.7/site-packages/airflow/example_dags/example_branch_day_of_week_operator.py
[2024-12-03T16:55:05.666+0000] {processor.py:766} INFO - DAG(s) dict_keys(['example_weekday_branch_operator']) retrieved from /home/airflow/.local/lib/python3.7/site-packages/airflow/example_dags/example_branch_day_of_week_operator.py
[2024-12-03T16:55:05.737+0000] {logging_mixin.py:120} INFO - [2024-12-03T16:55:05.737+0000] {dag.py:2585} INFO - Sync 1 DAGs
[2024-12-03T16:55:05.804+0000] {logging_mixin.py:120} INFO - [2024-12-03T16:55:05.804+0000] {dag.py:3340} INFO - Setting next_dagrun for example_weekday_branch_operator to 2024-12-02T00:00:00+00:00, run_after=2024-12-03T00:00:00+00:00
[2024-12-03T16:55:05.842+0000] {processor.py:176} INFO - Processing /home/airflow/.local/lib/python3.7/site-packages/airflow/example_dags/example_branch_day_of_week_operator.py took 0.215 seconds
[2024-12-03T16:55:36.557+0000] {processor.py:154} INFO - Started process (PID=7453) to work on /home/airflow/.local/lib/python3.7/site-packages/airflow/example_dags/example_branch_day_of_week_operator.py
[2024-12-03T16:55:36.558+0000] {processor.py:756} INFO - Processing file /home/airflow/.local/lib/python3.7/site-packages/airflow/example_dags/example_branch_day_of_week_operator.py for tasks to queue
[2024-12-03T16:55:36.559+0000] {logging_mixin.py:120} INFO - [2024-12-03T16:55:36.559+0000] {dagbag.py:537} INFO - Filling up the DagBag from /home/airflow/.local/lib/python3.7/site-packages/airflow/example_dags/example_branch_day_of_week_operator.py
[2024-12-03T16:55:36.576+0000] {processor.py:766} INFO - DAG(s) dict_keys(['example_weekday_branch_operator']) retrieved from /home/airflow/.local/lib/python3.7/site-packages/airflow/example_dags/example_branch_day_of_week_operator.py
[2024-12-03T16:55:36.633+0000] {logging_mixin.py:120} INFO - [2024-12-03T16:55:36.633+0000] {dag.py:2585} INFO - Sync 1 DAGs
[2024-12-03T16:55:36.674+0000] {logging_mixin.py:120} INFO - [2024-12-03T16:55:36.674+0000] {dag.py:3340} INFO - Setting next_dagrun for example_weekday_branch_operator to 2024-12-02T00:00:00+00:00, run_after=2024-12-03T00:00:00+00:00
[2024-12-03T16:55:36.710+0000] {processor.py:176} INFO - Processing /home/airflow/.local/lib/python3.7/site-packages/airflow/example_dags/example_branch_day_of_week_operator.py took 0.156 seconds
[2024-12-03T16:56:07.041+0000] {processor.py:154} INFO - Started process (PID=7517) to work on /home/airflow/.local/lib/python3.7/site-packages/airflow/example_dags/example_branch_day_of_week_operator.py
[2024-12-03T16:56:07.043+0000] {processor.py:756} INFO - Processing file /home/airflow/.local/lib/python3.7/site-packages/airflow/example_dags/example_branch_day_of_week_operator.py for tasks to queue
[2024-12-03T16:56:07.045+0000] {logging_mixin.py:120} INFO - [2024-12-03T16:56:07.044+0000] {dagbag.py:537} INFO - Filling up the DagBag from /home/airflow/.local/lib/python3.7/site-packages/airflow/example_dags/example_branch_day_of_week_operator.py
[2024-12-03T16:56:07.092+0000] {processor.py:766} INFO - DAG(s) dict_keys(['example_weekday_branch_operator']) retrieved from /home/airflow/.local/lib/python3.7/site-packages/airflow/example_dags/example_branch_day_of_week_operator.py
[2024-12-03T16:56:07.193+0000] {logging_mixin.py:120} INFO - [2024-12-03T16:56:07.192+0000] {dag.py:2585} INFO - Sync 1 DAGs
[2024-12-03T16:56:07.248+0000] {logging_mixin.py:120} INFO - [2024-12-03T16:56:07.248+0000] {dag.py:3340} INFO - Setting next_dagrun for example_weekday_branch_operator to 2024-12-02T00:00:00+00:00, run_after=2024-12-03T00:00:00+00:00
[2024-12-03T16:56:07.298+0000] {processor.py:176} INFO - Processing /home/airflow/.local/lib/python3.7/site-packages/airflow/example_dags/example_branch_day_of_week_operator.py took 0.262 seconds
